kind,scope,symbol,period,model,feature_group,shuffle,seed,horizon,task_id,day,ic,label_mean_bps,label_std_bps,prediction_mean_bps,prediction_std_bps,rows,undefined_reason
control,own_june,KGHM,2017-06,xgboost,F5,S0,7,20,dd16b2d3b694327076f566ed1586994caf018f74b5915f46792891bd37f4296d,2017-06-01,0.036892945225839927,0.07221483577231858,2.29348548956091,0.011074036792812504,0.013242071074543208,53075,
control,own_june,KGHM,2017-06,xgboost,F5,S0,7,20,dd16b2d3b694327076f566ed1586994caf018f74b5915f46792891bd37f4296d,2017-06-02,0.04227861625246566,-0.025684081380345773,2.832349903415471,0.011057502500969544,0.018792102119064055,49572,
control,own_june,KGHM,2017-06,xgboost,F5,S0,7,20,dd16b2d3b694327076f566ed1586994caf018f74b5915f46792891bd37f4296d,2017-06-05,0.018977582855395553,0.01746653362370025,2.8599271107421944,0.004429332692046836,0.02011515667173314,26585,
control,own_june,KGHM,2017-06,xgboost,F5,S0,7,20,dd16b2d3b694327076f566ed1586994caf018f74b5915f46792891bd37f4296d,2017-06-06,-0.0025517133426952716,0.03127881084963313,2.3530092934650173,0.011637212197992335,0.014399970279757429,43881,
control,own_june,KGHM,2017-06,xgboost,F5,S0,7,20,dd16b2d3b694327076f566ed1586994caf018f74b5915f46792891bd37f4296d,2017-06-07,0.021480325146636513,-0.087271856884553,2.6282164400120367,0.009850048521069316,0.01872425829312009,68050,
control,own_june,KGHM,2017-06,xgboost,F5,S0,7,20,dd16b2d3b694327076f566ed1586994caf018f74b5915f46792891bd37f4296d,2017-06-08,-0.008769209442575572,0.06319655650425338,3.074537869438802,0.01124915559436875,0.019720713207459915,63847,
control,own_june,KGHM,2017-06,xgboost,F5,S0,7,20,dd16b2d3b694327076f566ed1586994caf018f74b5915f46792891bd37f4296d,2017-06-09,-0.07684030278862376,0.04036290642851197,1.9757423295465182,0.008981013198278272,0.017303241214933894,60702,
control,own_june,KGHM,2017-06,xgboost,F5,S0,7,20,dd16b2d3b694327076f566ed1586994caf018f74b5915f46792891bd37f4296d,2017-06-12,0.018937375011350926,-0.05527832011297197,2.526530534965198,0.0035368334447641032,0.018862884065781283,60135,
control,own_june,KGHM,2017-06,xgboost,F5,S0,7,20,dd16b2d3b694327076f566ed1586994caf018f74b5915f46792891bd37f4296d,2017-06-13,-0.0029223557533759794,-0.015723815533022035,2.26840635668321,0.0067834200680483795,0.017774536044403728,45890,
control,own_june,KGHM,2017-06,xgboost,F5,S0,7,20,dd16b2d3b694327076f566ed1586994caf018f74b5915f46792891bd37f4296d,2017-06-14,0.023798480876545194,-0.10782694244398598,2.44500406372123,0.005863092613063644,0.01597481482786622,31816,
control,own_june,KGHM,2017-06,xgboost,F5,S0,7,20,dd16b2d3b694327076f566ed1586994caf018f74b5915f46792891bd37f4296d,2017-06-16,-0.013596594549744982,-0.032238945709710906,2.6831895242979416,0.00837144088971838,0.016711916433478583,42657,
control,own_june,KGHM,2017-06,xgboost,F5,S0,7,20,dd16b2d3b694327076f566ed1586994caf018f74b5915f46792891bd37f4296d,2017-06-19,-0.0036937911744947013,0.0455778066981811,3.0237268266265254,0.00551644079045462,0.026466502820030397,34135,
control,own_june,KGHM,2017-06,xgboost,F5,S0,7,20,dd16b2d3b694327076f566ed1586994caf018f74b5915f46792891bd37f4296d,2017-06-20,-0.01601023258936243,-0.11053405616129756,2.4257939799004298,0.0031770185386350625,0.014884288670794197,51239,
control,own_june,KGHM,2017-06,xgboost,F5,S0,7,20,dd16b2d3b694327076f566ed1586994caf018f74b5915f46792891bd37f4296d,2017-06-21,0.0012976610378252784,0.08582567474823131,2.8211897270652067,0.008193963268836396,0.018726948173068463,59674,
control,own_june,KGHM,2017-06,xgboost,F5,S0,7,20,dd16b2d3b694327076f566ed1586994caf018f74b5915f46792891bd37f4296d,2017-06-22,0.03453969569112815,0.018697862797764277,2.718488841614288,0.008700556039253135,0.02087131775741488,46773,
control,own_june,KGHM,2017-06,xgboost,F5,S0,7,20,dd16b2d3b694327076f566ed1586994caf018f74b5915f46792891bd37f4296d,2017-06-23,0.006312482052662892,-0.013035159289965759,3.072897955446486,0.0094604982440201,0.01677029249891851,51145,
control,own_june,KGHM,2017-06,xgboost,F5,S0,7,20,dd16b2d3b694327076f566ed1586994caf018f74b5915f46792891bd37f4296d,2017-06-26,-0.00866041286124188,0.03973103325209264,2.573178112604248,0.0034533265780213743,0.018757231290997278,27143,
control,own_june,KGHM,2017-06,xgboost,F5,S0,7,20,dd16b2d3b694327076f566ed1586994caf018f74b5915f46792891bd37f4296d,2017-06-27,0.02101276618712532,0.06321095988411886,2.786712750695554,0.0038298052408284092,0.01903585424942391,64869,
control,own_june,KGHM,2017-06,xgboost,F5,S0,7,20,dd16b2d3b694327076f566ed1586994caf018f74b5915f46792891bd37f4296d,2017-06-28,0.02960034403632474,0.0037172777637741222,2.4065567539833337,0.005784181641379944,0.01717680749645048,68423,
control,own_june,KGHM,2017-06,xgboost,F5,S0,7,20,dd16b2d3b694327076f566ed1586994caf018f74b5915f46792891bd37f4296d,2017-06-29,0.05889368640654972,-0.04806426521483826,2.7108354442240037,0.0027635667700625774,0.01543410966030927,32483,
control,own_june,KGHM,2017-06,xgboost,F5,S0,7,20,dd16b2d3b694327076f566ed1586994caf018f74b5915f46792891bd37f4296d,2017-06-30,0.047786030905164534,-0.11779218937782429,2.19333656996062,-0.0002517086203208593,0.015985715712543893,32471,
control,own_june,KGHM,2017-06,xgboost,F5,S0,17,20,c8255fb06865a5747762bc85097f5ddc444c46ab22334173d7c4be9a82b6615c,2017-06-01,0.006241074680400182,0.07221483577231858,2.29348548956091,0.013277457386342562,0.015667623799288433,53075,
control,own_june,KGHM,2017-06,xgboost,F5,S0,17,20,c8255fb06865a5747762bc85097f5ddc444c46ab22334173d7c4be9a82b6615c,2017-06-02,0.029586583645940374,-0.025684081380345773,2.832349903415471,0.011771995268968603,0.02140822485895494,49572,
control,own_june,KGHM,2017-06,xgboost,F5,S0,17,20,c8255fb06865a5747762bc85097f5ddc444c46ab22334173d7c4be9a82b6615c,2017-06-05,0.012931358847461024,0.01746653362370025,2.8599271107421944,0.005615483481271968,0.022814912428857043,26585,
control,own_june,KGHM,2017-06,xgboost,F5,S0,17,20,c8255fb06865a5747762bc85097f5ddc444c46ab22334173d7c4be9a82b6615c,2017-06-06,0.020964855080003574,0.03127881084963313,2.3530092934650173,0.013998590022622564,0.018078685232576556,43881,
control,own_june,KGHM,2017-06,xgboost,F5,S0,17,20,c8255fb06865a5747762bc85097f5ddc444c46ab22334173d7c4be9a82b6615c,2017-06-07,0.004454338086192165,-0.087271856884553,2.6282164400120367,0.008990790387172482,0.02181807235480915,68050,
control,own_june,KGHM,2017-06,xgboost,F5,S0,17,20,c8255fb06865a5747762bc85097f5ddc444c46ab22334173d7c4be9a82b6615c,2017-06-08,-0.0473020976154397,0.06319655650425338,3.074537869438802,0.011659222105727377,0.023288112061346126,63847,
control,own_june,KGHM,2017-06,xgboost,F5,S0,17,20,c8255fb06865a5747762bc85097f5ddc444c46ab22334173d7c4be9a82b6615c,2017-06-09,0.022528348243973807,0.04036290642851197,1.9757423295465182,0.006722533790961371,0.02082337554452472,60702,
control,own_june,KGHM,2017-06,xgboost,F5,S0,17,20,c8255fb06865a5747762bc85097f5ddc444c46ab22334173d7c4be9a82b6615c,2017-06-12,0.004138046938227157,-0.05527832011297197,2.526530534965198,0.002329459122901003,0.021146446521788306,60135,
control,own_june,KGHM,2017-06,xgboost,F5,S0,17,20,c8255fb06865a5747762bc85097f5ddc444c46ab22334173d7c4be9a82b6615c,2017-06-13,0.0001448627959002704,-0.015723815533022035,2.26840635668321,0.006205686463494041,0.019694971012355282,45890,
control,own_june,KGHM,2017-06,xgboost,F5,S0,17,20,c8255fb06865a5747762bc85097f5ddc444c46ab22334173d7c4be9a82b6615c,2017-06-14,0.05947180544777696,-0.10782694244398598,2.44500406372123,0.00692480118100198,0.018995780646656784,31816,
control,own_june,KGHM,2017-06,xgboost,F5,S0,17,20,c8255fb06865a5747762bc85097f5ddc444c46ab22334173d7c4be9a82b6615c,2017-06-16,-0.004889494047315305,-0.032238945709710906,2.6831895242979416,0.008263804383929738,0.02200763066776958,42657,
control,own_june,KGHM,2017-06,xgboost,F5,S0,17,20,c8255fb06865a5747762bc85097f5ddc444c46ab22334173d7c4be9a82b6615c,2017-06-19,0.022666918410990198,0.0455778066981811,3.0237268266265254,0.007032382877160099,0.03267990638139105,34135,
control,own_june,KGHM,2017-06,xgboost,F5,S0,17,20,c8255fb06865a5747762bc85097f5ddc444c46ab22334173d7c4be9a82b6615c,2017-06-20,-0.01508216280501881,-0.11053405616129756,2.4257939799004298,0.005623809697915351,0.019494335824433405,51239,
control,own_june,KGHM,2017-06,xgboost,F5,S0,17,20,c8255fb06865a5747762bc85097f5ddc444c46ab22334173d7c4be9a82b6615c,2017-06-21,0.012981480050540327,0.08582567474823131,2.8211897270652067,0.009841949095661568,0.022528755717232844,59674,
control,own_june,KGHM,2017-06,xgboost,F5,S0,17,20,c8255fb06865a5747762bc85097f5ddc444c46ab22334173d7c4be9a82b6615c,2017-06-22,-0.008010628424734127,0.018697862797764277,2.718488841614288,0.006953738764315454,0.024750191215320516,46773,
control,own_june,KGHM,2017-06,xgboost,F5,S0,17,20,c8255fb06865a5747762bc85097f5ddc444c46ab22334173d7c4be9a82b6615c,2017-06-23,-0.00032672574462088317,-0.013035159289965759,3.072897955446486,0.009189451382246814,0.019675573292880288,51145,
control,own_june,KGHM,2017-06,xgboost,F5,S0,17,20,c8255fb06865a5747762bc85097f5ddc444c46ab22334173d7c4be9a82b6615c,2017-06-26,0.03068930410952279,0.03973103325209264,2.573178112604248,0.00616563030235211,0.022735153049508787,27143,
control,own_june,KGHM,2017-06,xgboost,F5,S0,17,20,c8255fb06865a5747762bc85097f5ddc444c46ab22334173d7c4be9a82b6615c,2017-06-27,0.013792220335940833,0.06321095988411886,2.786712750695554,0.0034103838173154787,0.022106816746029056,64869,
control,own_june,KGHM,2017-06,xgboost,F5,S0,17,20,c8255fb06865a5747762bc85097f5ddc444c46ab22334173d7c4be9a82b6615c,2017-06-28,0.02244175815736108,0.0037172777637741222,2.4065567539833337,0.0048375406937871245,0.01805894780381517,68423,
control,own_june,KGHM,2017-06,xgboost,F5,S0,17,20,c8255fb06865a5747762bc85097f5ddc444c46ab22334173d7c4be9a82b6615c,2017-06-29,0.0273293868317184,-0.04806426521483826,2.7108354442240037,0.002941680468274358,0.016993038613501352,32483,
control,own_june,KGHM,2017-06,xgboost,F5,S0,17,20,c8255fb06865a5747762bc85097f5ddc444c46ab22334173d7c4be9a82b6615c,2017-06-30,-0.0009734516995173517,-0.11779218937782429,2.19333656996062,-0.00024179393627904355,0.017812924135242842,32471,
control,own_june,KGHM,2017-06,xgboost,F5,S0,29,20,16acc8742379aefc6d0fc5a3835a0e530404d76912a9212f5a2d2b2021395683,2017-06-01,0.038807384160005697,0.07221483577231858,2.29348548956091,0.015201335526203093,0.012902392303870436,53075,
control,own_june,KGHM,2017-06,xgboost,F5,S0,29,20,16acc8742379aefc6d0fc5a3835a0e530404d76912a9212f5a2d2b2021395683,2017-06-02,0.04410413801194762,-0.025684081380345773,2.832349903415471,0.015193910163373322,0.01801889905328613,49572,
control,own_june,KGHM,2017-06,xgboost,F5,S0,29,20,16acc8742379aefc6d0fc5a3835a0e530404d76912a9212f5a2d2b2021395683,2017-06-05,0.017901704061390387,0.01746653362370025,2.8599271107421944,0.010786834952048572,0.02094021708380859,26585,
control,own_june,KGHM,2017-06,xgboost,F5,S0,29,20,16acc8742379aefc6d0fc5a3835a0e530404d76912a9212f5a2d2b2021395683,2017-06-06,0.007152474773668155,0.03127881084963313,2.3530092934650173,0.015560537862724795,0.01456149337530233,43881,
control,own_june,KGHM,2017-06,xgboost,F5,S0,29,20,16acc8742379aefc6d0fc5a3835a0e530404d76912a9212f5a2d2b2021395683,2017-06-07,0.02848169178812575,-0.087271856884553,2.6282164400120367,0.0108822586435399,0.018106407763179108,68050,
control,own_june,KGHM,2017-06,xgboost,F5,S0,29,20,16acc8742379aefc6d0fc5a3835a0e530404d76912a9212f5a2d2b2021395683,2017-06-08,0.03980492841244343,0.06319655650425338,3.074537869438802,0.007879354841431273,0.019576151294996926,63847,
control,own_june,KGHM,2017-06,xgboost,F5,S0,29,20,16acc8742379aefc6d0fc5a3835a0e530404d76912a9212f5a2d2b2021395683,2017-06-09,-0.0009907090528793257,0.04036290642851197,1.9757423295465182,0.006626745305263707,0.018312658822863277,60702,
control,own_june,KGHM,2017-06,xgboost,F5,S0,29,20,16acc8742379aefc6d0fc5a3835a0e530404d76912a9212f5a2d2b2021395683,2017-06-12,0.026295510137738124,-0.05527832011297197,2.526530534965198,0.004404369708785368,0.018842777621869138,60135,
control,own_june,KGHM,2017-06,xgboost,F5,S0,29,20,16acc8742379aefc6d0fc5a3835a0e530404d76912a9212f5a2d2b2021395683,2017-06-13,0.01661534547772178,-0.015723815533022035,2.26840635668321,0.007307392730271372,0.021413484556773988,45890,
control,own_june,KGHM,2017-06,xgboost,F5,S0,29,20,16acc8742379aefc6d0fc5a3835a0e530404d76912a9212f5a2d2b2021395683,2017-06-14,0.01622047999174616,-0.10782694244398598,2.44500406372123,0.008105599447298845,0.016086338176441874,31816,
control,own_june,KGHM,2017-06,xgboost,F5,S0,29,20,16acc8742379aefc6d0fc5a3835a0e530404d76912a9212f5a2d2b2021395683,2017-06-16,-0.05048423479940003,-0.032238945709710906,2.6831895242979416,0.011865717924458194,0.01742596357281957,42657,
control,own_june,KGHM,2017-06,xgboost,F5,S0,29,20,16acc8742379aefc6d0fc5a3835a0e530404d76912a9212f5a2d2b2021395683,2017-06-19,-0.02485978013570968,0.0455778066981811,3.0237268266265254,0.008325131848169772,0.028561291118280287,34135,
control,own_june,KGHM,2017-06,xgboost,F5,S0,29,20,16acc8742379aefc6d0fc5a3835a0e530404d76912a9212f5a2d2b2021395683,2017-06-20,-0.032850787039553,-0.11053405616129756,2.4257939799004298,0.007354323123212734,0.015646310843067005,51239,
control,own_june,KGHM,2017-06,xgboost,F5,S0,29,20,16acc8742379aefc6d0fc5a3835a0e530404d76912a9212f5a2d2b2021395683,2017-06-21,-0.0013198035781970458,0.08582567474823131,2.8211897270652067,0.015074036431270154,0.0213611154788352,59674,
control,own_june,KGHM,2017-06,xgboost,F5,S0,29,20,16acc8742379aefc6d0fc5a3835a0e530404d76912a9212f5a2d2b2021395683,2017-06-22,0.02677285281000715,0.018697862797764277,2.718488841614288,0.01188476015371065,0.020999175246875227,46773,
control,own_june,KGHM,2017-06,xgboost,F5,S0,29,20,16acc8742379aefc6d0fc5a3835a0e530404d76912a9212f5a2d2b2021395683,2017-06-23,0.0018690786161347378,-0.013035159289965759,3.072897955446486,0.008979258316526966,0.018183231409386564,51145,
control,own_june,KGHM,2017-06,xgboost,F5,S0,29,20,16acc8742379aefc6d0fc5a3835a0e530404d76912a9212f5a2d2b2021395683,2017-06-26,-0.013231525105443877,0.03973103325209264,2.573178112604248,0.006158122503056221,0.021139948882926658,27143,
control,own_june,KGHM,2017-06,xgboost,F5,S0,29,20,16acc8742379aefc6d0fc5a3835a0e530404d76912a9212f5a2d2b2021395683,2017-06-27,0.03019881111914052,0.06321095988411886,2.786712750695554,0.0029281579174749457,0.021258234428964667,64869,
control,own_june,KGHM,2017-06,xgboost,F5,S0,29,20,16acc8742379aefc6d0fc5a3835a0e530404d76912a9212f5a2d2b2021395683,2017-06-28,0.028318406230785253,0.0037172777637741222,2.4065567539833337,0.007718067154534084,0.017311469790541628,68423,
control,own_june,KGHM,2017-06,xgboost,F5,S0,29,20,16acc8742379aefc6d0fc5a3835a0e530404d76912a9212f5a2d2b2021395683,2017-06-29,0.036255294605017,-0.04806426521483826,2.7108354442240037,0.0030092605438553155,0.01567781225913118,32483,
control,own_june,KGHM,2017-06,xgboost,F5,S0,29,20,16acc8742379aefc6d0fc5a3835a0e530404d76912a9212f5a2d2b2021395683,2017-06-30,0.04402108644775771,-0.11779218937782429,2.19333656996062,0.000760655156279935,0.015472062791172636,32471,
control,own_june,KGHM,2017-06,xgboost,F5,S0,43,20,e02393908811a4d12bd749104b30fca3c8ec39b5dd593c1364bc7e8ea0f7d5d2,2017-06-01,0.00940684538014,0.07221483577231858,2.29348548956091,0.015139417682006232,0.014264666561532722,53075,
control,own_june,KGHM,2017-06,xgboost,F5,S0,43,20,e02393908811a4d12bd749104b30fca3c8ec39b5dd593c1364bc7e8ea0f7d5d2,2017-06-02,-0.004045750029495039,-0.025684081380345773,2.832349903415471,0.014610107463252104,0.019827817920708694,49572,
control,own_june,KGHM,2017-06,xgboost,F5,S0,43,20,e02393908811a4d12bd749104b30fca3c8ec39b5dd593c1364bc7e8ea0f7d5d2,2017-06-05,-0.003445741866685787,0.01746653362370025,2.8599271107421944,0.009469599349905756,0.024556630358639312,26585,
control,own_june,KGHM,2017-06,xgboost,F5,S0,43,20,e02393908811a4d12bd749104b30fca3c8ec39b5dd593c1364bc7e8ea0f7d5d2,2017-06-06,-0.005440572190878846,0.03127881084963313,2.3530092934650173,0.015471434571098194,0.01582841700938237,43881,
control,own_june,KGHM,2017-06,xgboost,F5,S0,43,20,e02393908811a4d12bd749104b30fca3c8ec39b5dd593c1364bc7e8ea0f7d5d2,2017-06-07,0.013485573422607216,-0.087271856884553,2.6282164400120367,0.010437526354948736,0.020989422770488,68050,
control,own_june,KGHM,2017-06,xgboost,F5,S0,43,20,e02393908811a4d12bd749104b30fca3c8ec39b5dd593c1364bc7e8ea0f7d5d2,2017-06-08,0.03989187964229152,0.06319655650425338,3.074537869438802,0.009338318933666292,0.022209374121033194,63847,
control,own_june,KGHM,2017-06,xgboost,F5,S0,43,20,e02393908811a4d12bd749104b30fca3c8ec39b5dd593c1364bc7e8ea0f7d5d2,2017-06-09,-0.08302853418911588,0.04036290642851197,1.9757423295465182,0.0037793917872103347,0.021365427972120113,60702,
control,own_june,KGHM,2017-06,xgboost,F5,S0,43,20,e02393908811a4d12bd749104b30fca3c8ec39b5dd593c1364bc7e8ea0f7d5d2,2017-06-12,0.009629282356378145,-0.05527832011297197,2.526530534965198,0.0021139990792348714,0.02163321168675193,60135,
control,own_june,KGHM,2017-06,xgboost,F5,S0,43,20,e02393908811a4d12bd749104b30fca3c8ec39b5dd593c1364bc7e8ea0f7d5d2,2017-06-13,0.01415868718399677,-0.015723815533022035,2.26840635668321,0.006175645253976503,0.020374967735384598,45890,
control,own_june,KGHM,2017-06,xgboost,F5,S0,43,20,e02393908811a4d12bd749104b30fca3c8ec39b5dd593c1364bc7e8ea0f7d5d2,2017-06-14,0.055807300078158,-0.10782694244398598,2.44500406372123,0.007079409947624697,0.01792005898732456,31816,
control,own_june,KGHM,2017-06,xgboost,F5,S0,43,20,e02393908811a4d12bd749104b30fca3c8ec39b5dd593c1364bc7e8ea0f7d5d2,2017-06-16,-0.0020881614316274294,-0.032238945709710906,2.6831895242979416,0.00966562735218634,0.0217980537379785,42657,
control,own_june,KGHM,2017-06,xgboost,F5,S0,43,20,e02393908811a4d12bd749104b30fca3c8ec39b5dd593c1364bc7e8ea0f7d5d2,2017-06-19,0.016379752557293667,0.0455778066981811,3.0237268266265254,0.006040475322130751,0.02994897434180232,34135,
control,own_june,KGHM,2017-06,xgboost,F5,S0,43,20,e02393908811a4d12bd749104b30fca3c8ec39b5dd593c1364bc7e8ea0f7d5d2,2017-06-20,0.02100727876497652,-0.11053405616129756,2.4257939799004298,0.008821704735912168,0.019239254924978317,51239,
control,own_june,KGHM,2017-06,xgboost,F5,S0,43,20,e02393908811a4d12bd749104b30fca3c8ec39b5dd593c1364bc7e8ea0f7d5d2,2017-06-21,0.014590644744832713,0.08582567474823131,2.8211897270652067,0.011923773637008347,0.0208398664939353,59674,
control,own_june,KGHM,2017-06,xgboost,F5,S0,43,20,e02393908811a4d12bd749104b30fca3c8ec39b5dd593c1364bc7e8ea0f7d5d2,2017-06-22,0.02514786320079092,0.018697862797764277,2.718488841614288,0.007009721561697019,0.02720666664525894,46773,
control,own_june,KGHM,2017-06,xgboost,F5,S0,43,20,e02393908811a4d12bd749104b30fca3c8ec39b5dd593c1364bc7e8ea0f7d5d2,2017-06-23,0.029520073771031465,-0.013035159289965759,3.072897955446486,0.009047856458090574,0.019689269456002207,51145,
control,own_june,KGHM,2017-06,xgboost,F5,S0,43,20,e02393908811a4d12bd749104b30fca3c8ec39b5dd593c1364bc7e8ea0f7d5d2,2017-06-26,0.013971097227185342,0.03973103325209264,2.573178112604248,0.004627774653791118,0.017972318411529863,27143,
control,own_june,KGHM,2017-06,xgboost,F5,S0,43,20,e02393908811a4d12bd749104b30fca3c8ec39b5dd593c1364bc7e8ea0f7d5d2,2017-06-27,0.0512091888388419,0.06321095988411886,2.786712750695554,0.0034168644016865585,0.022387099235952317,64869,
control,own_june,KGHM,2017-06,xgboost,F5,S0,43,20,e02393908811a4d12bd749104b30fca3c8ec39b5dd593c1364bc7e8ea0f7d5d2,2017-06-28,0.02729649750834982,0.0037172777637741222,2.4065567539833337,0.005499817716149162,0.019234258041073815,68423,
control,own_june,KGHM,2017-06,xgboost,F5,S0,43,20,e02393908811a4d12bd749104b30fca3c8ec39b5dd593c1364bc7e8ea0f7d5d2,2017-06-29,0.056865545359119654,-0.04806426521483826,2.7108354442240037,0.002145497505202133,0.01906659159417861,32483,
control,own_june,KGHM,2017-06,xgboost,F5,S0,43,20,e02393908811a4d12bd749104b30fca3c8ec39b5dd593c1364bc7e8ea0f7d5d2,2017-06-30,0.026460448944876955,-0.11779218937782429,2.19333656996062,0.0018766271648082413,0.017696695863306505,32471,
control,own_june,KGHM,2017-06,xgboost,F5,S0,71,20,e68af8b6debcd6230b01e4a15f81578777fed9e51aa3751400667479144e3d31,2017-06-01,0.01854567639768886,0.07221483577231858,2.29348548956091,0.014365793397898856,0.013823127369083817,53075,
control,own_june,KGHM,2017-06,xgboost,F5,S0,71,20,e68af8b6debcd6230b01e4a15f81578777fed9e51aa3751400667479144e3d31,2017-06-02,0.03390515266710433,-0.025684081380345773,2.832349903415471,0.01523614462006939,0.01958126937725173,49572,
control,own_june,KGHM,2017-06,xgboost,F5,S0,71,20,e68af8b6debcd6230b01e4a15f81578777fed9e51aa3751400667479144e3d31,2017-06-05,0.007215160158634393,0.01746653362370025,2.8599271107421944,0.01009358365327531,0.022749870458146294,26585,
control,own_june,KGHM,2017-06,xgboost,F5,S0,71,20,e68af8b6debcd6230b01e4a15f81578777fed9e51aa3751400667479144e3d31,2017-06-06,-0.022740542080913553,0.03127881084963313,2.3530092934650173,0.014637783945065916,0.014936584376606808,43881,
control,own_june,KGHM,2017-06,xgboost,F5,S0,71,20,e68af8b6debcd6230b01e4a15f81578777fed9e51aa3751400667479144e3d31,2017-06-07,0.01378506712947134,-0.087271856884553,2.6282164400120367,0.011600331035526476,0.019409624826071833,68050,
control,own_june,KGHM,2017-06,xgboost,F5,S0,71,20,e68af8b6debcd6230b01e4a15f81578777fed9e51aa3751400667479144e3d31,2017-06-08,0.0288301235730934,0.06319655650425338,3.074537869438802,0.009367818729247216,0.021450027610642665,63847,
control,own_june,KGHM,2017-06,xgboost,F5,S0,71,20,e68af8b6debcd6230b01e4a15f81578777fed9e51aa3751400667479144e3d31,2017-06-09,-0.1050530151020711,0.04036290642851197,1.9757423295465182,0.0030215929685521712,0.01992567469855377,60702,
control,own_june,KGHM,2017-06,xgboost,F5,S0,71,20,e68af8b6debcd6230b01e4a15f81578777fed9e51aa3751400667479144e3d31,2017-06-12,-0.026022395645983666,-0.05527832011297197,2.526530534965198,0.0006188350655267036,0.02117976055858605,60135,
control,own_june,KGHM,2017-06,xgboost,F5,S0,71,20,e68af8b6debcd6230b01e4a15f81578777fed9e51aa3751400667479144e3d31,2017-06-13,-0.029652525953071034,-0.015723815533022035,2.26840635668321,0.009820044503401027,0.01660104052702276,45890,
control,own_june,KGHM,2017-06,xgboost,F5,S0,71,20,e68af8b6debcd6230b01e4a15f81578777fed9e51aa3751400667479144e3d31,2017-06-14,-0.0058282015538128435,-0.10782694244398598,2.44500406372123,0.007811570780167988,0.01586311858929165,31816,
control,own_june,KGHM,2017-06,xgboost,F5,S0,71,20,e68af8b6debcd6230b01e4a15f81578777fed9e51aa3751400667479144e3d31,2017-06-16,0.006524086711058368,-0.032238945709710906,2.6831895242979416,0.011476379879232765,0.018483311849556205,42657,
control,own_june,KGHM,2017-06,xgboost,F5,S0,71,20,e68af8b6debcd6230b01e4a15f81578777fed9e51aa3751400667479144e3d31,2017-06-19,-0.016961041620625148,0.0455778066981811,3.0237268266265254,0.008961128913103755,0.029861271123770874,34135,
control,own_june,KGHM,2017-06,xgboost,F5,S0,71,20,e68af8b6debcd6230b01e4a15f81578777fed9e51aa3751400667479144e3d31,2017-06-20,-0.027981474149024133,-0.11053405616129756,2.4257939799004298,0.008357646028497612,0.015975668314170674,51239,
control,own_june,KGHM,2017-06,xgboost,F5,S0,71,20,e68af8b6debcd6230b01e4a15f81578777fed9e51aa3751400667479144e3d31,2017-06-21,0.00024180372422377702,0.08582567474823131,2.8211897270652067,0.011963108361513637,0.02026170357052511,59674,
control,own_june,KGHM,2017-06,xgboost,F5,S0,71,20,e68af8b6debcd6230b01e4a15f81578777fed9e51aa3751400667479144e3d31,2017-06-22,0.031830279233602495,0.018697862797764277,2.718488841614288,0.01066517018855335,0.0223525699496972,46773,
control,own_june,KGHM,2017-06,xgboost,F5,S0,71,20,e68af8b6debcd6230b01e4a15f81578777fed9e51aa3751400667479144e3d31,2017-06-23,-0.022154802899472564,-0.013035159289965759,3.072897955446486,0.010952728427832759,0.01659151172546433,51145,
control,own_june,KGHM,2017-06,xgboost,F5,S0,71,20,e68af8b6debcd6230b01e4a15f81578777fed9e51aa3751400667479144e3d31,2017-06-26,-0.052450599653165245,0.03973103325209264,2.573178112604248,0.00633251759640287,0.01641470450725641,27143,
control,own_june,KGHM,2017-06,xgboost,F5,S0,71,20,e68af8b6debcd6230b01e4a15f81578777fed9e51aa3751400667479144e3d31,2017-06-27,-0.0030017202038882815,0.06321095988411886,2.786712750695554,0.001055327709570423,0.02196000124211672,64869,
control,own_june,KGHM,2017-06,xgboost,F5,S0,71,20,e68af8b6debcd6230b01e4a15f81578777fed9e51aa3751400667479144e3d31,2017-06-28,0.015534783855058978,0.0037172777637741222,2.4065567539833337,0.00794221282736452,0.017122334991689737,68423,
control,own_june,KGHM,2017-06,xgboost,F5,S0,71,20,e68af8b6debcd6230b01e4a15f81578777fed9e51aa3751400667479144e3d31,2017-06-29,0.025777131246518634,-0.04806426521483826,2.7108354442240037,0.0005515287871276227,0.01933074472783488,32483,
control,own_june,KGHM,2017-06,xgboost,F5,S0,71,20,e68af8b6debcd6230b01e4a15f81578777fed9e51aa3751400667479144e3d31,2017-06-30,0.0040475903722843555,-0.11779218937782429,2.19333656996062,-0.0023104229387282123,0.017526897804754544,32471,
control,own_june,KGHM,2017-06,xgboost,F5,S1,7,20,7fca4e6f0462261c02e6b5d953279e035654c0d5ee2943a1ccdbadd2536f6745,2017-06-01,0.07744548578474633,0.07221483577231858,2.29348548956091,0.003469201494822058,0.011064188028293296,53075,
control,own_june,KGHM,2017-06,xgboost,F5,S1,7,20,7fca4e6f0462261c02e6b5d953279e035654c0d5ee2943a1ccdbadd2536f6745,2017-06-02,0.0612722992511128,-0.025684081380345773,2.832349903415471,0.00221327022671761,0.015188093835103743,49572,
control,own_june,KGHM,2017-06,xgboost,F5,S1,7,20,7fca4e6f0462261c02e6b5d953279e035654c0d5ee2943a1ccdbadd2536f6745,2017-06-05,0.036840507131671654,0.01746653362370025,2.8599271107421944,0.0012422652067742696,0.015133303946828412,26585,
control,own_june,KGHM,2017-06,xgboost,F5,S1,7,20,7fca4e6f0462261c02e6b5d953279e035654c0d5ee2943a1ccdbadd2536f6745,2017-06-06,0.06920064238143786,0.03127881084963313,2.3530092934650173,0.0025622957707834913,0.012106502848688642,43881,
control,own_june,KGHM,2017-06,xgboost,F5,S1,7,20,7fca4e6f0462261c02e6b5d953279e035654c0d5ee2943a1ccdbadd2536f6745,2017-06-07,0.052066133488305924,-0.087271856884553,2.6282164400120367,0.0015010587517945348,0.014337795568942227,68050,
control,own_june,KGHM,2017-06,xgboost,F5,S1,7,20,7fca4e6f0462261c02e6b5d953279e035654c0d5ee2943a1ccdbadd2536f6745,2017-06-08,0.03204211679100229,0.06319655650425338,3.074537869438802,0.0026917080041449376,0.015930542700516963,63847,
control,own_june,KGHM,2017-06,xgboost,F5,S1,7,20,7fca4e6f0462261c02e6b5d953279e035654c0d5ee2943a1ccdbadd2536f6745,2017-06-09,0.02538782169311532,0.04036290642851197,1.9757423295465182,0.0018049383222767156,0.013016641435185546,60702,
control,own_june,KGHM,2017-06,xgboost,F5,S1,7,20,7fca4e6f0462261c02e6b5d953279e035654c0d5ee2943a1ccdbadd2536f6745,2017-06-12,0.049894450828542915,-0.05527832011297197,2.526530534965198,0.002142898020823705,0.014899903540937814,60135,
control,own_june,KGHM,2017-06,xgboost,F5,S1,7,20,7fca4e6f0462261c02e6b5d953279e035654c0d5ee2943a1ccdbadd2536f6745,2017-06-13,0.10377819035134715,-0.015723815533022035,2.26840635668321,0.004651576491029343,0.013871635799731212,45890,
control,own_june,KGHM,2017-06,xgboost,F5,S1,7,20,7fca4e6f0462261c02e6b5d953279e035654c0d5ee2943a1ccdbadd2536f6745,2017-06-14,0.03263111270912648,-0.10782694244398598,2.44500406372123,0.0029828437139395297,0.01272080288911617,31816,
control,own_june,KGHM,2017-06,xgboost,F5,S1,7,20,7fca4e6f0462261c02e6b5d953279e035654c0d5ee2943a1ccdbadd2536f6745,2017-06-16,0.0053919358356243514,-0.032238945709710906,2.6831895242979416,0.0014426283568077822,0.013450524396633148,42657,
control,own_june,KGHM,2017-06,xgboost,F5,S1,7,20,7fca4e6f0462261c02e6b5d953279e035654c0d5ee2943a1ccdbadd2536f6745,2017-06-19,0.03155752071398091,0.0455778066981811,3.0237268266265254,0.0036297182051181986,0.02127213146169714,34135,
control,own_june,KGHM,2017-06,xgboost,F5,S1,7,20,7fca4e6f0462261c02e6b5d953279e035654c0d5ee2943a1ccdbadd2536f6745,2017-06-20,0.0033803093101249793,-0.11053405616129756,2.4257939799004298,0.002651471643192701,0.012801212928087396,51239,
control,own_june,KGHM,2017-06,xgboost,F5,S1,7,20,7fca4e6f0462261c02e6b5d953279e035654c0d5ee2943a1ccdbadd2536f6745,2017-06-21,0.053662939721618286,0.08582567474823131,2.8211897270652067,0.0023805406393614097,0.014403061231071152,59674,
control,own_june,KGHM,2017-06,xgboost,F5,S1,7,20,7fca4e6f0462261c02e6b5d953279e035654c0d5ee2943a1ccdbadd2536f6745,2017-06-22,0.03937406844814659,0.018697862797764277,2.718488841614288,0.002296759895884683,0.015420693294358686,46773,
control,own_june,KGHM,2017-06,xgboost,F5,S1,7,20,7fca4e6f0462261c02e6b5d953279e035654c0d5ee2943a1ccdbadd2536f6745,2017-06-23,0.04881067932557499,-0.013035159289965759,3.072897955446486,0.004157281296909684,0.012873768797469062,51145,
control,own_june,KGHM,2017-06,xgboost,F5,S1,7,20,7fca4e6f0462261c02e6b5d953279e035654c0d5ee2943a1ccdbadd2536f6745,2017-06-26,0.0553375724645673,0.03973103325209264,2.573178112604248,0.005674461519228432,0.012531890446626568,27143,
control,own_june,KGHM,2017-06,xgboost,F5,S1,7,20,7fca4e6f0462261c02e6b5d953279e035654c0d5ee2943a1ccdbadd2536f6745,2017-06-27,0.07269920112401491,0.06321095988411886,2.786712750695554,0.0022375594153159393,0.015383145254613276,64869,
control,own_june,KGHM,2017-06,xgboost,F5,S1,7,20,7fca4e6f0462261c02e6b5d953279e035654c0d5ee2943a1ccdbadd2536f6745,2017-06-28,0.04216872365722716,0.0037172777637741222,2.4065567539833337,0.0037501936995454153,0.012854591305362999,68423,
control,own_june,KGHM,2017-06,xgboost,F5,S1,7,20,7fca4e6f0462261c02e6b5d953279e035654c0d5ee2943a1ccdbadd2536f6745,2017-06-29,0.03060098896206302,-0.04806426521483826,2.7108354442240037,0.001862558880047898,0.013742954353198797,32483,
control,own_june,KGHM,2017-06,xgboost,F5,S1,7,20,7fca4e6f0462261c02e6b5d953279e035654c0d5ee2943a1ccdbadd2536f6745,2017-06-30,0.02229613377374882,-0.11779218937782429,2.19333656996062,0.002106953142772715,0.01248578803466758,32471,
control,own_june,KGHM,2017-06,xgboost,F5,S1,17,20,a39d9c99498dd9b9d8837852bdf7c3c4c2d9b8251b70d871d2dc0531c153a237,2017-06-01,0.010063031672526554,0.07221483577231858,2.29348548956091,0.0010696773678617085,0.011000350613054924,53075,
control,own_june,KGHM,2017-06,xgboost,F5,S1,17,20,a39d9c99498dd9b9d8837852bdf7c3c4c2d9b8251b70d871d2dc0531c153a237,2017-06-02,0.06162728647417273,-0.025684081380345773,2.832349903415471,0.001358025595881873,0.015311434581522438,49572,
control,own_june,KGHM,2017-06,xgboost,F5,S1,17,20,a39d9c99498dd9b9d8837852bdf7c3c4c2d9b8251b70d871d2dc0531c153a237,2017-06-05,0.04777876667590874,0.01746653362370025,2.8599271107421944,0.0035033460860875417,0.015622545100952616,26585,
control,own_june,KGHM,2017-06,xgboost,F5,S1,17,20,a39d9c99498dd9b9d8837852bdf7c3c4c2d9b8251b70d871d2dc0531c153a237,2017-06-06,0.022912159588164237,0.03127881084963313,2.3530092934650173,0.0011123081805669958,0.012483871768994402,43881,
control,own_june,KGHM,2017-06,xgboost,F5,S1,17,20,a39d9c99498dd9b9d8837852bdf7c3c4c2d9b8251b70d871d2dc0531c153a237,2017-06-07,0.03988536730949412,-0.087271856884553,2.6282164400120367,0.0008594840013816909,0.014862990171630466,68050,
control,own_june,KGHM,2017-06,xgboost,F5,S1,17,20,a39d9c99498dd9b9d8837852bdf7c3c4c2d9b8251b70d871d2dc0531c153a237,2017-06-08,0.027607054085727663,0.06319655650425338,3.074537869438802,0.0002544284604692939,0.015920830695130075,63847,
control,own_june,KGHM,2017-06,xgboost,F5,S1,17,20,a39d9c99498dd9b9d8837852bdf7c3c4c2d9b8251b70d871d2dc0531c153a237,2017-06-09,0.026191594433457636,0.04036290642851197,1.9757423295465182,0.00442927693099439,0.015587959230736088,60702,
control,own_june,KGHM,2017-06,xgboost,F5,S1,17,20,a39d9c99498dd9b9d8837852bdf7c3c4c2d9b8251b70d871d2dc0531c153a237,2017-06-12,0.04253859463276523,-0.05527832011297197,2.526530534965198,0.0029486112286746897,0.014934898919524528,60135,
control,own_june,KGHM,2017-06,xgboost,F5,S1,17,20,a39d9c99498dd9b9d8837852bdf7c3c4c2d9b8251b70d871d2dc0531c153a237,2017-06-13,0.06779409313093862,-0.015723815533022035,2.26840635668321,0.0034626228718158516,0.01633832964490755,45890,
control,own_june,KGHM,2017-06,xgboost,F5,S1,17,20,a39d9c99498dd9b9d8837852bdf7c3c4c2d9b8251b70d871d2dc0531c153a237,2017-06-14,0.029668625616333228,-0.10782694244398598,2.44500406372123,0.0017566370544501416,0.012426164235871402,31816,
control,own_june,KGHM,2017-06,xgboost,F5,S1,17,20,a39d9c99498dd9b9d8837852bdf7c3c4c2d9b8251b70d871d2dc0531c153a237,2017-06-16,0.05352906864106906,-0.032238945709710906,2.6831895242979416,0.002853629540558352,0.013409393131367658,42657,
control,own_june,KGHM,2017-06,xgboost,F5,S1,17,20,a39d9c99498dd9b9d8837852bdf7c3c4c2d9b8251b70d871d2dc0531c153a237,2017-06-19,0.021944948461896537,0.0455778066981811,3.0237268266265254,0.0035427528398476516,0.021719181637138294,34135,
control,own_june,KGHM,2017-06,xgboost,F5,S1,17,20,a39d9c99498dd9b9d8837852bdf7c3c4c2d9b8251b70d871d2dc0531c153a237,2017-06-20,0.02308209742415473,-0.11053405616129756,2.4257939799004298,0.0018309181932263492,0.013335749598228768,51239,
control,own_june,KGHM,2017-06,xgboost,F5,S1,17,20,a39d9c99498dd9b9d8837852bdf7c3c4c2d9b8251b70d871d2dc0531c153a237,2017-06-21,0.038885496443438874,0.08582567474823131,2.8211897270652067,0.0020924463152813366,0.01727124953444369,59674,
control,own_june,KGHM,2017-06,xgboost,F5,S1,17,20,a39d9c99498dd9b9d8837852bdf7c3c4c2d9b8251b70d871d2dc0531c153a237,2017-06-22,0.0651489807898091,0.018697862797764277,2.718488841614288,0.004250071666914401,0.017829389287425876,46773,
control,own_june,KGHM,2017-06,xgboost,F5,S1,17,20,a39d9c99498dd9b9d8837852bdf7c3c4c2d9b8251b70d871d2dc0531c153a237,2017-06-23,-0.000670913583689855,-0.013035159289965759,3.072897955446486,0.003016580129053649,0.015187854200590186,51145,
control,own_june,KGHM,2017-06,xgboost,F5,S1,17,20,a39d9c99498dd9b9d8837852bdf7c3c4c2d9b8251b70d871d2dc0531c153a237,2017-06-26,0.053103992452651565,0.03973103325209264,2.573178112604248,0.0018019108874811154,0.012857662761294157,27143,
control,own_june,KGHM,2017-06,xgboost,F5,S1,17,20,a39d9c99498dd9b9d8837852bdf7c3c4c2d9b8251b70d871d2dc0531c153a237,2017-06-27,0.03503860901546423,0.06321095988411886,2.786712750695554,0.002996213701037366,0.01504012337701124,64869,
control,own_june,KGHM,2017-06,xgboost,F5,S1,17,20,a39d9c99498dd9b9d8837852bdf7c3c4c2d9b8251b70d871d2dc0531c153a237,2017-06-28,0.04000968361696977,0.0037172777637741222,2.4065567539833337,0.0025630880979883534,0.01326576007154988,68423,
control,own_june,KGHM,2017-06,xgboost,F5,S1,17,20,a39d9c99498dd9b9d8837852bdf7c3c4c2d9b8251b70d871d2dc0531c153a237,2017-06-29,0.036707192734488005,-0.04806426521483826,2.7108354442240037,0.001808603419350161,0.012325331963248237,32483,
control,own_june,KGHM,2017-06,xgboost,F5,S1,17,20,a39d9c99498dd9b9d8837852bdf7c3c4c2d9b8251b70d871d2dc0531c153a237,2017-06-30,0.025583055962052195,-0.11779218937782429,2.19333656996062,0.0028743913194750545,0.011997723081371182,32471,
control,own_june,KGHM,2017-06,xgboost,F5,S1,29,20,4953f786e6fbf58c453ac53ea434600075f9caa81f9357b1ea13194a571db347,2017-06-01,-0.01810509024606076,0.07221483577231858,2.29348548956091,0.0020598296141883625,0.012171118939059582,53075,
control,own_june,KGHM,2017-06,xgboost,F5,S1,29,20,4953f786e6fbf58c453ac53ea434600075f9caa81f9357b1ea13194a571db347,2017-06-02,-0.033694250872894654,-0.025684081380345773,2.832349903415471,0.003742015075659516,0.01614287609218867,49572,
control,own_june,KGHM,2017-06,xgboost,F5,S1,29,20,4953f786e6fbf58c453ac53ea434600075f9caa81f9357b1ea13194a571db347,2017-06-05,-0.04621456135217146,0.01746653362370025,2.8599271107421944,0.0032434391064022155,0.01928105924124405,26585,
control,own_june,KGHM,2017-06,xgboost,F5,S1,29,20,4953f786e6fbf58c453ac53ea434600075f9caa81f9357b1ea13194a571db347,2017-06-06,0.010638657959681889,0.03127881084963313,2.3530092934650173,0.0012328957884843326,0.016374423917915003,43881,
control,own_june,KGHM,2017-06,xgboost,F5,S1,29,20,4953f786e6fbf58c453ac53ea434600075f9caa81f9357b1ea13194a571db347,2017-06-07,-0.057295039010387204,-0.087271856884553,2.6282164400120367,0.004943093905255505,0.016957226419492908,68050,
control,own_june,KGHM,2017-06,xgboost,F5,S1,29,20,4953f786e6fbf58c453ac53ea434600075f9caa81f9357b1ea13194a571db347,2017-06-08,-0.016472936525855852,0.06319655650425338,3.074537869438802,0.0022966465836269843,0.01707518228418367,63847,
control,own_june,KGHM,2017-06,xgboost,F5,S1,29,20,4953f786e6fbf58c453ac53ea434600075f9caa81f9357b1ea13194a571db347,2017-06-09,-0.024456034457152314,0.04036290642851197,1.9757423295465182,0.001430725573822157,0.014359496409402414,60702,
control,own_june,KGHM,2017-06,xgboost,F5,S1,29,20,4953f786e6fbf58c453ac53ea434600075f9caa81f9357b1ea13194a571db347,2017-06-12,0.028253105426122683,-0.05527832011297197,2.526530534965198,0.003125635951097599,0.014334854568075737,60135,
control,own_june,KGHM,2017-06,xgboost,F5,S1,29,20,4953f786e6fbf58c453ac53ea434600075f9caa81f9357b1ea13194a571db347,2017-06-13,-0.016719207293336764,-0.015723815533022035,2.26840635668321,0.0015262349277470318,0.015536248083338741,45890,
control,own_june,KGHM,2017-06,xgboost,F5,S1,29,20,4953f786e6fbf58c453ac53ea434600075f9caa81f9357b1ea13194a571db347,2017-06-14,-0.04003879092956786,-0.10782694244398598,2.44500406372123,0.004155305628090472,0.013572616508951987,31816,
control,own_june,KGHM,2017-06,xgboost,F5,S1,29,20,4953f786e6fbf58c453ac53ea434600075f9caa81f9357b1ea13194a571db347,2017-06-16,0.01663756696781283,-0.032238945709710906,2.6831895242979416,0.003312532465498555,0.013765887385372762,42657,
control,own_june,KGHM,2017-06,xgboost,F5,S1,29,20,4953f786e6fbf58c453ac53ea434600075f9caa81f9357b1ea13194a571db347,2017-06-19,-0.06198725098351466,0.0455778066981811,3.0237268266265254,0.0047694825561746075,0.021353647047292253,34135,
control,own_june,KGHM,2017-06,xgboost,F5,S1,29,20,4953f786e6fbf58c453ac53ea434600075f9caa81f9357b1ea13194a571db347,2017-06-20,-0.036612654821025124,-0.11053405616129756,2.4257939799004298,0.0034288730585363128,0.012789620003936955,51239,
control,own_june,KGHM,2017-06,xgboost,F5,S1,29,20,4953f786e6fbf58c453ac53ea434600075f9caa81f9357b1ea13194a571db347,2017-06-21,-0.05485907752466615,0.08582567474823131,2.8211897270652067,0.0040760878120142405,0.017258607082917706,59674,
control,own_june,KGHM,2017-06,xgboost,F5,S1,29,20,4953f786e6fbf58c453ac53ea434600075f9caa81f9357b1ea13194a571db347,2017-06-22,-0.025961581310547644,0.018697862797764277,2.718488841614288,0.003426704872445465,0.016916435016909717,46773,
control,own_june,KGHM,2017-06,xgboost,F5,S1,29,20,4953f786e6fbf58c453ac53ea434600075f9caa81f9357b1ea13194a571db347,2017-06-23,-0.06582211167284151,-0.013035159289965759,3.072897955446486,0.0005501841819102285,0.014451703028776679,51145,
control,own_june,KGHM,2017-06,xgboost,F5,S1,29,20,4953f786e6fbf58c453ac53ea434600075f9caa81f9357b1ea13194a571db347,2017-06-26,-0.042429215449821076,0.03973103325209264,2.573178112604248,0.0010647635472900263,0.014955640108154483,27143,
control,own_june,KGHM,2017-06,xgboost,F5,S1,29,20,4953f786e6fbf58c453ac53ea434600075f9caa81f9357b1ea13194a571db347,2017-06-27,-0.025419970754505073,0.06321095988411886,2.786712750695554,0.003374864020426397,0.015642772586403578,64869,
control,own_june,KGHM,2017-06,xgboost,F5,S1,29,20,4953f786e6fbf58c453ac53ea434600075f9caa81f9357b1ea13194a571db347,2017-06-28,-0.03915830965133737,0.0037172777637741222,2.4065567539833337,0.0036867472281167974,0.01408843469844752,68423,
control,own_june,KGHM,2017-06,xgboost,F5,S1,29,20,4953f786e6fbf58c453ac53ea434600075f9caa81f9357b1ea13194a571db347,2017-06-29,-0.010187780760548226,-0.04806426521483826,2.7108354442240037,0.0026859556553732867,0.012688740162231125,32483,
control,own_june,KGHM,2017-06,xgboost,F5,S1,29,20,4953f786e6fbf58c453ac53ea434600075f9caa81f9357b1ea13194a571db347,2017-06-30,-0.014604931969605876,-0.11779218937782429,2.19333656996062,0.0037573985869847593,0.01247373794860476,32471,
control,own_june,KGHM,2017-06,xgboost,F5,S1,43,20,7fcf17a8119d7b71836435841e52f96e165756d234f6959ca90b2edf84dfa6b5,2017-06-01,0.012321843052232506,0.07221483577231858,2.29348548956091,0.0008513235216596204,0.0108260718133149,53075,
control,own_june,KGHM,2017-06,xgboost,F5,S1,43,20,7fcf17a8119d7b71836435841e52f96e165756d234f6959ca90b2edf84dfa6b5,2017-06-02,0.003550255306762238,-0.025684081380345773,2.832349903415471,0.0018374335801222567,0.013858690546425384,49572,
control,own_june,KGHM,2017-06,xgboost,F5,S1,43,20,7fcf17a8119d7b71836435841e52f96e165756d234f6959ca90b2edf84dfa6b5,2017-06-05,-0.011727536169860574,0.01746653362370025,2.8599271107421944,0.0031352479985451128,0.014934919513535807,26585,
control,own_june,KGHM,2017-06,xgboost,F5,S1,43,20,7fcf17a8119d7b71836435841e52f96e165756d234f6959ca90b2edf84dfa6b5,2017-06-06,0.028273917305159282,0.03127881084963313,2.3530092934650173,0.0016101325880133993,0.01173618748291961,43881,
control,own_june,KGHM,2017-06,xgboost,F5,S1,43,20,7fcf17a8119d7b71836435841e52f96e165756d234f6959ca90b2edf84dfa6b5,2017-06-07,0.021822510520485745,-0.087271856884553,2.6282164400120367,0.002465621259434369,0.014232407183728495,68050,
control,own_june,KGHM,2017-06,xgboost,F5,S1,43,20,7fcf17a8119d7b71836435841e52f96e165756d234f6959ca90b2edf84dfa6b5,2017-06-08,0.0382999917877748,0.06319655650425338,3.074537869438802,0.0016137010539025538,0.014709363535974932,63847,
control,own_june,KGHM,2017-06,xgboost,F5,S1,43,20,7fcf17a8119d7b71836435841e52f96e165756d234f6959ca90b2edf84dfa6b5,2017-06-09,0.0074081899814920586,0.04036290642851197,1.9757423295465182,7.446318097534529e-05,0.013953053064232042,60702,
control,own_june,KGHM,2017-06,xgboost,F5,S1,43,20,7fcf17a8119d7b71836435841e52f96e165756d234f6959ca90b2edf84dfa6b5,2017-06-12,-0.022646233188210192,-0.05527832011297197,2.526530534965198,0.003156649847630694,0.013251483447991725,60135,
control,own_june,KGHM,2017-06,xgboost,F5,S1,43,20,7fcf17a8119d7b71836435841e52f96e165756d234f6959ca90b2edf84dfa6b5,2017-06-13,0.003262738529764881,-0.015723815533022035,2.26840635668321,0.0029631803751126373,0.014688511860771615,45890,
control,own_june,KGHM,2017-06,xgboost,F5,S1,43,20,7fcf17a8119d7b71836435841e52f96e165756d234f6959ca90b2edf84dfa6b5,2017-06-14,0.04676585791507501,-0.10782694244398598,2.44500406372123,0.0028532295733333904,0.012668357309232263,31816,
control,own_june,KGHM,2017-06,xgboost,F5,S1,43,20,7fcf17a8119d7b71836435841e52f96e165756d234f6959ca90b2edf84dfa6b5,2017-06-16,0.030106076202566324,-0.032238945709710906,2.6831895242979416,0.0023016887530633162,0.013903053243635005,42657,
control,own_june,KGHM,2017-06,xgboost,F5,S1,43,20,7fcf17a8119d7b71836435841e52f96e165756d234f6959ca90b2edf84dfa6b5,2017-06-19,0.006468253348100539,0.0455778066981811,3.0237268266265254,0.001690224164601547,0.022489955123058437,34135,
control,own_june,KGHM,2017-06,xgboost,F5,S1,43,20,7fcf17a8119d7b71836435841e52f96e165756d234f6959ca90b2edf84dfa6b5,2017-06-20,0.02196129116056896,-0.11053405616129756,2.4257939799004298,0.0009643245313456212,0.012950015731787674,51239,
control,own_june,KGHM,2017-06,xgboost,F5,S1,43,20,7fcf17a8119d7b71836435841e52f96e165756d234f6959ca90b2edf84dfa6b5,2017-06-21,0.009903662534960521,0.08582567474823131,2.8211897270652067,0.0018896661679812976,0.015804316081951486,59674,
control,own_june,KGHM,2017-06,xgboost,F5,S1,43,20,7fcf17a8119d7b71836435841e52f96e165756d234f6959ca90b2edf84dfa6b5,2017-06-22,0.03387787334885879,0.018697862797764277,2.718488841614288,0.003057159503214887,0.015555731563176375,46773,
control,own_june,KGHM,2017-06,xgboost,F5,S1,43,20,7fcf17a8119d7b71836435841e52f96e165756d234f6959ca90b2edf84dfa6b5,2017-06-23,0.0354618016858603,-0.013035159289965759,3.072897955446486,0.0035806168558713174,0.013197813402851113,51145,
control,own_june,KGHM,2017-06,xgboost,F5,S1,43,20,7fcf17a8119d7b71836435841e52f96e165756d234f6959ca90b2edf84dfa6b5,2017-06-26,0.03523392403243244,0.03973103325209264,2.573178112604248,0.0024704259365060507,0.013716700519944678,27143,
control,own_june,KGHM,2017-06,xgboost,F5,S1,43,20,7fcf17a8119d7b71836435841e52f96e165756d234f6959ca90b2edf84dfa6b5,2017-06-27,-0.00790447778422296,0.06321095988411886,2.786712750695554,0.0027003833596948115,0.013930932529918559,64869,
control,own_june,KGHM,2017-06,xgboost,F5,S1,43,20,7fcf17a8119d7b71836435841e52f96e165756d234f6959ca90b2edf84dfa6b5,2017-06-28,-0.007600708865752235,0.0037172777637741222,2.4065567539833337,0.002311967018929342,0.012397862248323368,68423,
control,own_june,KGHM,2017-06,xgboost,F5,S1,43,20,7fcf17a8119d7b71836435841e52f96e165756d234f6959ca90b2edf84dfa6b5,2017-06-29,0.017636490422543703,-0.04806426521483826,2.7108354442240037,0.002735042890785078,0.012403419744865715,32483,
control,own_june,KGHM,2017-06,xgboost,F5,S1,43,20,7fcf17a8119d7b71836435841e52f96e165756d234f6959ca90b2edf84dfa6b5,2017-06-30,-0.011675621088247694,-0.11779218937782429,2.19333656996062,0.003059475228437027,0.011372945753570314,32471,
control,own_june,KGHM,2017-06,xgboost,F5,S1,71,20,37a7e5609f87d650d4acec847995d1fa66d834326dec9230014ac07060986559,2017-06-01,-0.06169817453737452,0.07221483577231858,2.29348548956091,-0.0016321622568708628,0.013276307372367511,53075,
control,own_june,KGHM,2017-06,xgboost,F5,S1,71,20,37a7e5609f87d650d4acec847995d1fa66d834326dec9230014ac07060986559,2017-06-02,-0.052923452576579266,-0.025684081380345773,2.832349903415471,-0.0005364091673079367,0.015315630591760606,49572,
control,own_june,KGHM,2017-06,xgboost,F5,S1,71,20,37a7e5609f87d650d4acec847995d1fa66d834326dec9230014ac07060986559,2017-06-05,-0.05734947476009658,0.01746653362370025,2.8599271107421944,-0.00099333298604274,0.0166453526505058,26585,
control,own_june,KGHM,2017-06,xgboost,F5,S1,71,20,37a7e5609f87d650d4acec847995d1fa66d834326dec9230014ac07060986559,2017-06-06,-0.058891332306859875,0.03127881084963313,2.3530092934650173,-0.0005500864058009296,0.013592887387114333,43881,
control,own_june,KGHM,2017-06,xgboost,F5,S1,71,20,37a7e5609f87d650d4acec847995d1fa66d834326dec9230014ac07060986559,2017-06-07,-0.061204822067713285,-0.087271856884553,2.6282164400120367,0.0006792810082183788,0.016174098523203513,68050,
control,own_june,KGHM,2017-06,xgboost,F5,S1,71,20,37a7e5609f87d650d4acec847995d1fa66d834326dec9230014ac07060986559,2017-06-08,-0.08036339705758201,0.06319655650425338,3.074537869438802,0.005082199999193489,0.019166506504835732,63847,
control,own_june,KGHM,2017-06,xgboost,F5,S1,71,20,37a7e5609f87d650d4acec847995d1fa66d834326dec9230014ac07060986559,2017-06-09,-0.03540246141243814,0.04036290642851197,1.9757423295465182,-0.0004987774921378106,0.015380577354587331,60702,
control,own_june,KGHM,2017-06,xgboost,F5,S1,71,20,37a7e5609f87d650d4acec847995d1fa66d834326dec9230014ac07060986559,2017-06-12,-0.055043508500723565,-0.05527832011297197,2.526530534965198,0.00281055662085625,0.016452390702861468,60135,
control,own_june,KGHM,2017-06,xgboost,F5,S1,71,20,37a7e5609f87d650d4acec847995d1fa66d834326dec9230014ac07060986559,2017-06-13,-0.057399747351983436,-0.015723815533022035,2.26840635668321,0.0009324730968147055,0.01634689028677096,45890,
control,own_june,KGHM,2017-06,xgboost,F5,S1,71,20,37a7e5609f87d650d4acec847995d1fa66d834326dec9230014ac07060986559,2017-06-14,-0.04344109954970061,-0.10782694244398598,2.44500406372123,-0.0002889256513600142,0.015238052750880079,31816,
control,own_june,KGHM,2017-06,xgboost,F5,S1,71,20,37a7e5609f87d650d4acec847995d1fa66d834326dec9230014ac07060986559,2017-06-16,-0.06683493926369559,-0.032238945709710906,2.6831895242979416,-0.0018611246979810614,0.015322748996605857,42657,
control,own_june,KGHM,2017-06,xgboost,F5,S1,71,20,37a7e5609f87d650d4acec847995d1fa66d834326dec9230014ac07060986559,2017-06-19,-0.07629211545856014,0.0455778066981811,3.0237268266265254,-0.00018340995244275858,0.019118323216003583,34135,
control,own_june,KGHM,2017-06,xgboost,F5,S1,71,20,37a7e5609f87d650d4acec847995d1fa66d834326dec9230014ac07060986559,2017-06-20,-0.022779025120765753,-0.11053405616129756,2.4257939799004298,0.0008966963393703304,0.01478112291000379,51239,
control,own_june,KGHM,2017-06,xgboost,F5,S1,71,20,37a7e5609f87d650d4acec847995d1fa66d834326dec9230014ac07060986559,2017-06-21,-0.042327999155110756,0.08582567474823131,2.8211897270652067,-0.0016876279451703384,0.016285900431492768,59674,
control,own_june,KGHM,2017-06,xgboost,F5,S1,71,20,37a7e5609f87d650d4acec847995d1fa66d834326dec9230014ac07060986559,2017-06-22,-0.08108891643707955,0.018697862797764277,2.718488841614288,-0.001523599970171827,0.01716955473855719,46773,
control,own_june,KGHM,2017-06,xgboost,F5,S1,71,20,37a7e5609f87d650d4acec847995d1fa66d834326dec9230014ac07060986559,2017-06-23,-0.05230815590989448,-0.013035159289965759,3.072897955446486,-0.0016571207020258038,0.015663584455675693,51145,
control,own_june,KGHM,2017-06,xgboost,F5,S1,71,20,37a7e5609f87d650d4acec847995d1fa66d834326dec9230014ac07060986559,2017-06-26,-0.08112659621740162,0.03973103325209264,2.573178112604248,-0.000247080752003853,0.014985490534003843,27143,
control,own_june,KGHM,2017-06,xgboost,F5,S1,71,20,37a7e5609f87d650d4acec847995d1fa66d834326dec9230014ac07060986559,2017-06-27,-0.06487189235260687,0.06321095988411886,2.786712750695554,0.003338185569610945,0.01586467144295565,64869,
control,own_june,KGHM,2017-06,xgboost,F5,S1,71,20,37a7e5609f87d650d4acec847995d1fa66d834326dec9230014ac07060986559,2017-06-28,-0.040661781910486035,0.0037172777637741222,2.4065567539833337,0.002499669365571416,0.014427605112086144,68423,
control,own_june,KGHM,2017-06,xgboost,F5,S1,71,20,37a7e5609f87d650d4acec847995d1fa66d834326dec9230014ac07060986559,2017-06-29,-0.023322618274178194,-0.04806426521483826,2.7108354442240037,0.002958874918034017,0.014234530826799194,32483,
control,own_june,KGHM,2017-06,xgboost,F5,S1,71,20,37a7e5609f87d650d4acec847995d1fa66d834326dec9230014ac07060986559,2017-06-30,-0.032385171097925304,-0.11779218937782429,2.19333656996062,0.0064928663907383504,0.013696157048842262,32471,
control,own_june,PEKAO,2017-06,xgboost,F5,S0,7,20,2774b91a38a0ca45675b3c955384ac5841d8e927466cf1fdc237148343144d6e,2017-06-01,-0.017199739860482992,-0.05461425477125064,2.653263469343923,0.0025663589889170493,0.04242278457135732,21111,
control,own_june,PEKAO,2017-06,xgboost,F5,S0,7,20,2774b91a38a0ca45675b3c955384ac5841d8e927466cf1fdc237148343144d6e,2017-06-02,0.026786235231412502,-0.11311554422120125,3.1899241642821923,0.0009321517987823469,0.029951274203868762,23814,
control,own_june,PEKAO,2017-06,xgboost,F5,S0,7,20,2774b91a38a0ca45675b3c955384ac5841d8e927466cf1fdc237148343144d6e,2017-06-05,-0.023234431371003055,-0.047347740366560545,2.795383140300547,-0.001017543879041424,0.028274716622584642,43770,
control,own_june,PEKAO,2017-06,xgboost,F5,S0,7,20,2774b91a38a0ca45675b3c955384ac5841d8e927466cf1fdc237148343144d6e,2017-06-06,-0.05535049311650026,-0.012104617666658879,2.169860774327718,-0.0012937558455398451,0.0365893329916396,45480,
control,own_june,PEKAO,2017-06,xgboost,F5,S0,7,20,2774b91a38a0ca45675b3c955384ac5841d8e927466cf1fdc237148343144d6e,2017-06-07,0.02320560481707797,0.016550555856424218,2.6384914952138625,-0.0021086422474486193,0.03155335211001478,58647,
control,own_june,PEKAO,2017-06,xgboost,F5,S0,7,20,2774b91a38a0ca45675b3c955384ac5841d8e927466cf1fdc237148343144d6e,2017-06-08,-0.035236295482938995,0.0008103383707210801,2.2796732340048593,-0.00563186536225137,0.027156146840125007,21750,
control,own_june,PEKAO,2017-06,xgboost,F5,S0,7,20,2774b91a38a0ca45675b3c955384ac5841d8e927466cf1fdc237148343144d6e,2017-06-09,-0.046510126374615025,-0.07546208075154724,2.594355443939396,-0.002868026522515677,0.03206877183295211,25874,
control,own_june,PEKAO,2017-06,xgboost,F5,S0,7,20,2774b91a38a0ca45675b3c955384ac5841d8e927466cf1fdc237148343144d6e,2017-06-12,0.07224911888159127,-0.03023306474608259,3.0408193476116963,0.006230039776373561,0.02563165532928447,41331,
control,own_june,PEKAO,2017-06,xgboost,F5,S0,7,20,2774b91a38a0ca45675b3c955384ac5841d8e927466cf1fdc237148343144d6e,2017-06-13,0.025508551405592536,0.012170202771729956,2.5939330804235743,0.00706132118318176,0.024438124851298548,40896,
control,own_june,PEKAO,2017-06,xgboost,F5,S0,7,20,2774b91a38a0ca45675b3c955384ac5841d8e927466cf1fdc237148343144d6e,2017-06-14,0.005293859672493391,0.005051973653838481,2.5703644854970977,0.006495690847240575,0.02279503144948696,63402,
control,own_june,PEKAO,2017-06,xgboost,F5,S0,7,20,2774b91a38a0ca45675b3c955384ac5841d8e927466cf1fdc237148343144d6e,2017-06-16,0.017136971314070683,-0.05313206939630618,2.2872428205714876,0.005619242929237238,0.026032873200205444,37955,
control,own_june,PEKAO,2017-06,xgboost,F5,S0,7,20,2774b91a38a0ca45675b3c955384ac5841d8e927466cf1fdc237148343144d6e,2017-06-19,0.039006424867110534,-0.0300360673143298,2.5188414314922176,0.004973232312447334,0.022703070007667178,32554,
control,own_june,PEKAO,2017-06,xgboost,F5,S0,7,20,2774b91a38a0ca45675b3c955384ac5841d8e927466cf1fdc237148343144d6e,2017-06-20,-0.024773168221700784,-0.06783467516517876,2.2706196500779705,0.0010795468349946377,0.019546719077483937,23184,
control,own_june,PEKAO,2017-06,xgboost,F5,S0,7,20,2774b91a38a0ca45675b3c955384ac5841d8e927466cf1fdc237148343144d6e,2017-06-21,0.030312770127311633,-0.0644011039181828,2.1092581565474253,0.0007780920488728336,0.01859611871260644,20493,
control,own_june,PEKAO,2017-06,xgboost,F5,S0,7,20,2774b91a38a0ca45675b3c955384ac5841d8e927466cf1fdc237148343144d6e,2017-06-22,0.015255905480889507,0.015146431629295071,3.0813466551212683,0.0048598494713973485,0.02944014876570033,39145,
control,own_june,PEKAO,2017-06,xgboost,F5,S0,7,20,2774b91a38a0ca45675b3c955384ac5841d8e927466cf1fdc237148343144d6e,2017-06-23,0.018956045132249858,-0.025583130021634762,2.887479492919328,0.004339501182692887,0.024564557814835162,15599,
control,own_june,PEKAO,2017-06,xgboost,F5,S0,7,20,2774b91a38a0ca45675b3c955384ac5841d8e927466cf1fdc237148343144d6e,2017-06-26,-0.006719624981019121,0.07546756341528907,2.80857532439232,0.004271818645321367,0.028598046894787964,28567,
control,own_june,PEKAO,2017-06,xgboost,F5,S0,7,20,2774b91a38a0ca45675b3c955384ac5841d8e927466cf1fdc237148343144d6e,2017-06-27,0.013316809358185829,0.014478685860887833,2.410447576438714,0.0038103876222845804,0.020479399912982133,18995,
control,own_june,PEKAO,2017-06,xgboost,F5,S0,7,20,2774b91a38a0ca45675b3c955384ac5841d8e927466cf1fdc237148343144d6e,2017-06-28,0.07200808893909615,-0.04357375170702206,2.3710118633594894,0.004540918392171277,0.021755164113257976,16329,
control,own_june,PEKAO,2017-06,xgboost,F5,S0,7,20,2774b91a38a0ca45675b3c955384ac5841d8e927466cf1fdc237148343144d6e,2017-06-29,0.040910673044218096,-0.13074983981005514,2.468569590843663,0.002396872323427806,0.019810278720860518,26984,
control,own_june,PEKAO,2017-06,xgboost,F5,S0,7,20,2774b91a38a0ca45675b3c955384ac5841d8e927466cf1fdc237148343144d6e,2017-06-30,0.03860798194409762,0.004699120132174423,2.0597032005247318,0.0016761498833609966,0.019103769314187148,11598,
control,own_june,PEKAO,2017-06,xgboost,F5,S0,17,20,64faef9f1319007e362a2ddba065410b572231e60accc03e1c4ed9d69a4c9ceb,2017-06-01,0.1064283579568269,-0.05461425477125064,2.653263469343923,0.0046399054741514695,0.0402141900900706,21111,
control,own_june,PEKAO,2017-06,xgboost,F5,S0,17,20,64faef9f1319007e362a2ddba065410b572231e60accc03e1c4ed9d69a4c9ceb,2017-06-02,-0.008777291271049651,-0.11311554422120125,3.1899241642821923,0.0028779126584635157,0.028348184623596888,23814,
control,own_june,PEKAO,2017-06,xgboost,F5,S0,17,20,64faef9f1319007e362a2ddba065410b572231e60accc03e1c4ed9d69a4c9ceb,2017-06-05,-0.054441406859422815,-0.047347740366560545,2.795383140300547,-0.00953163397207457,0.032088874663244386,43770,
control,own_june,PEKAO,2017-06,xgboost,F5,S0,17,20,64faef9f1319007e362a2ddba065410b572231e60accc03e1c4ed9d69a4c9ceb,2017-06-06,-0.03154724285811523,-0.012104617666658879,2.169860774327718,-0.01522908368657393,0.04208150375792058,45480,
control,own_june,PEKAO,2017-06,xgboost,F5,S0,17,20,64faef9f1319007e362a2ddba065410b572231e60accc03e1c4ed9d69a4c9ceb,2017-06-07,-0.010346092478242737,0.016550555856424218,2.6384914952138625,-0.003994107450498426,0.032326835242697353,58647,
control,own_june,PEKAO,2017-06,xgboost,F5,S0,17,20,64faef9f1319007e362a2ddba065410b572231e60accc03e1c4ed9d69a4c9ceb,2017-06-08,0.0032340254348816886,0.0008103383707210801,2.2796732340048593,-0.013015925840078586,0.029714574113132965,21750,
control,own_june,PEKAO,2017-06,xgboost,F5,S0,17,20,64faef9f1319007e362a2ddba065410b572231e60accc03e1c4ed9d69a4c9ceb,2017-06-09,0.03152615219570571,-0.07546208075154724,2.594355443939396,-0.016242229260562627,0.03843099776220826,25874,
control,own_june,PEKAO,2017-06,xgboost,F5,S0,17,20,64faef9f1319007e362a2ddba065410b572231e60accc03e1c4ed9d69a4c9ceb,2017-06-12,0.006960742359520471,-0.03023306474608259,3.0408193476116963,0.008368818917773458,0.029432745235851245,41331,
control,own_june,PEKAO,2017-06,xgboost,F5,S0,17,20,64faef9f1319007e362a2ddba065410b572231e60accc03e1c4ed9d69a4c9ceb,2017-06-13,-1.8190932098084426e-05,0.012170202771729956,2.5939330804235743,0.006598994089633233,0.02676133389880962,40896,
control,own_june,PEKAO,2017-06,xgboost,F5,S0,17,20,64faef9f1319007e362a2ddba065410b572231e60accc03e1c4ed9d69a4c9ceb,2017-06-14,-0.03659905386079557,0.005051973653838481,2.5703644854970977,0.005333546667527902,0.024017544512888865,63402,
control,own_june,PEKAO,2017-06,xgboost,F5,S0,17,20,64faef9f1319007e362a2ddba065410b572231e60accc03e1c4ed9d69a4c9ceb,2017-06-16,0.009732171988571776,-0.05313206939630618,2.2872428205714876,0.005643805855688357,0.0277789920672533,37955,
control,own_june,PEKAO,2017-06,xgboost,F5,S0,17,20,64faef9f1319007e362a2ddba065410b572231e60accc03e1c4ed9d69a4c9ceb,2017-06-19,-0.08002095034159445,-0.0300360673143298,2.5188414314922176,0.006607153608591928,0.02405952575832948,32554,
control,own_june,PEKAO,2017-06,xgboost,F5,S0,17,20,64faef9f1319007e362a2ddba065410b572231e60accc03e1c4ed9d69a4c9ceb,2017-06-20,0.01681884273858755,-0.06783467516517876,2.2706196500779705,0.002531464999444668,0.021788638562087004,23184,
control,own_june,PEKAO,2017-06,xgboost,F5,S0,17,20,64faef9f1319007e362a2ddba065410b572231e60accc03e1c4ed9d69a4c9ceb,2017-06-21,-0.034561187861182105,-0.0644011039181828,2.1092581565474253,0.007553678694302621,0.019221485538482685,20493,
control,own_june,PEKAO,2017-06,xgboost,F5,S0,17,20,64faef9f1319007e362a2ddba065410b572231e60accc03e1c4ed9d69a4c9ceb,2017-06-22,0.04594044728667253,0.015146431629295071,3.0813466551212683,0.00846852561834139,0.029305645817917933,39145,
control,own_june,PEKAO,2017-06,xgboost,F5,S0,17,20,64faef9f1319007e362a2ddba065410b572231e60accc03e1c4ed9d69a4c9ceb,2017-06-23,-0.022081161687357766,-0.025583130021634762,2.887479492919328,0.0073536776260530925,0.025913533663020343,15599,
control,own_june,PEKAO,2017-06,xgboost,F5,S0,17,20,64faef9f1319007e362a2ddba065410b572231e60accc03e1c4ed9d69a4c9ceb,2017-06-26,0.0539330622189271,0.07546756341528907,2.80857532439232,0.009743536811543793,0.030501395536437322,28567,
control,own_june,PEKAO,2017-06,xgboost,F5,S0,17,20,64faef9f1319007e362a2ddba065410b572231e60accc03e1c4ed9d69a4c9ceb,2017-06-27,0.009873723913337525,0.014478685860887833,2.410447576438714,0.005853219314694805,0.02107313705995623,18995,
control,own_june,PEKAO,2017-06,xgboost,F5,S0,17,20,64faef9f1319007e362a2ddba065410b572231e60accc03e1c4ed9d69a4c9ceb,2017-06-28,-0.07942328802825485,-0.04357375170702206,2.3710118633594894,0.008097998726785287,0.023725412890329905,16329,
control,own_june,PEKAO,2017-06,xgboost,F5,S0,17,20,64faef9f1319007e362a2ddba065410b572231e60accc03e1c4ed9d69a4c9ceb,2017-06-29,-0.029678613092262114,-0.13074983981005514,2.468569590843663,0.0037675879338822885,0.022008177868928145,26984,
control,own_june,PEKAO,2017-06,xgboost,F5,S0,17,20,64faef9f1319007e362a2ddba065410b572231e60accc03e1c4ed9d69a4c9ceb,2017-06-30,-0.05105184675727235,0.004699120132174423,2.0597032005247318,0.0044541481739519715,0.021514220281404817,11598,
control,own_june,PEKAO,2017-06,xgboost,F5,S0,29,20,b3e9342abf0c13ae32dc65e7a74133d3692e47c8dc4f7409d55209e227245ef2,2017-06-01,0.0902612370415485,-0.05461425477125064,2.653263469343923,-0.0005734254167493771,0.034003335806935056,21111,
control,own_june,PEKAO,2017-06,xgboost,F5,S0,29,20,b3e9342abf0c13ae32dc65e7a74133d3692e47c8dc4f7409d55209e227245ef2,2017-06-02,0.048557415982238894,-0.11311554422120125,3.1899241642821923,0.001893294847238644,0.0279568129106844,23814,
control,own_june,PEKAO,2017-06,xgboost,F5,S0,29,20,b3e9342abf0c13ae32dc65e7a74133d3692e47c8dc4f7409d55209e227245ef2,2017-06-05,0.04656721791973841,-0.047347740366560545,2.795383140300547,-0.006235163146103308,0.027542486023029635,43770,
control,own_june,PEKAO,2017-06,xgboost,F5,S0,29,20,b3e9342abf0c13ae32dc65e7a74133d3692e47c8dc4f7409d55209e227245ef2,2017-06-06,0.04123947245658349,-0.012104617666658879,2.169860774327718,-0.00830599787752447,0.03656596013886832,45480,
control,own_june,PEKAO,2017-06,xgboost,F5,S0,29,20,b3e9342abf0c13ae32dc65e7a74133d3692e47c8dc4f7409d55209e227245ef2,2017-06-07,0.06436337514867617,0.016550555856424218,2.6384914952138625,-0.0028297743813533653,0.029138720122428248,58647,
control,own_june,PEKAO,2017-06,xgboost,F5,S0,29,20,b3e9342abf0c13ae32dc65e7a74133d3692e47c8dc4f7409d55209e227245ef2,2017-06-08,0.10098698020244902,0.0008103383707210801,2.2796732340048593,-0.007079033978625961,0.03248197925563941,21750,
control,own_june,PEKAO,2017-06,xgboost,F5,S0,29,20,b3e9342abf0c13ae32dc65e7a74133d3692e47c8dc4f7409d55209e227245ef2,2017-06-09,0.11179921089557758,-0.07546208075154724,2.594355443939396,-0.011828908834926688,0.040760400594101104,25874,
control,own_june,PEKAO,2017-06,xgboost,F5,S0,29,20,b3e9342abf0c13ae32dc65e7a74133d3692e47c8dc4f7409d55209e227245ef2,2017-06-12,0.04821771346314147,-0.03023306474608259,3.0408193476116963,0.00946240555405792,0.026459611516407678,41331,
control,own_june,PEKAO,2017-06,xgboost,F5,S0,29,20,b3e9342abf0c13ae32dc65e7a74133d3692e47c8dc4f7409d55209e227245ef2,2017-06-13,0.04925387874254397,0.012170202771729956,2.5939330804235743,0.008459853360829345,0.0245783609407331,40896,
control,own_june,PEKAO,2017-06,xgboost,F5,S0,29,20,b3e9342abf0c13ae32dc65e7a74133d3692e47c8dc4f7409d55209e227245ef2,2017-06-14,0.04750223608977156,0.005051973653838481,2.5703644854970977,0.008928111097887919,0.023611444486041334,63402,
control,own_june,PEKAO,2017-06,xgboost,F5,S0,29,20,b3e9342abf0c13ae32dc65e7a74133d3692e47c8dc4f7409d55209e227245ef2,2017-06-16,0.04544630452648833,-0.05313206939630618,2.2872428205714876,0.0077325898754660605,0.03035310024432141,37955,
control,own_june,PEKAO,2017-06,xgboost,F5,S0,29,20,b3e9342abf0c13ae32dc65e7a74133d3692e47c8dc4f7409d55209e227245ef2,2017-06-19,-0.0017889690200209804,-0.0300360673143298,2.5188414314922176,0.006689523545458536,0.023730737392781417,32554,
control,own_june,PEKAO,2017-06,xgboost,F5,S0,29,20,b3e9342abf0c13ae32dc65e7a74133d3692e47c8dc4f7409d55209e227245ef2,2017-06-20,0.09182803870894765,-0.06783467516517876,2.2706196500779705,0.006889323741032484,0.02156022545271552,23184,
control,own_june,PEKAO,2017-06,xgboost,F5,S0,29,20,b3e9342abf0c13ae32dc65e7a74133d3692e47c8dc4f7409d55209e227245ef2,2017-06-21,0.07160859911068274,-0.0644011039181828,2.1092581565474253,0.006191749804385233,0.019374621126612937,20493,
control,own_june,PEKAO,2017-06,xgboost,F5,S0,29,20,b3e9342abf0c13ae32dc65e7a74133d3692e47c8dc4f7409d55209e227245ef2,2017-06-22,0.0033282444495978674,0.015146431629295071,3.0813466551212683,0.0120053130795715,0.029871344012232938,39145,
control,own_june,PEKAO,2017-06,xgboost,F5,S0,29,20,b3e9342abf0c13ae32dc65e7a74133d3692e47c8dc4f7409d55209e227245ef2,2017-06-23,0.06708251118484412,-0.025583130021634762,2.887479492919328,0.009154844352326148,0.024964961862260375,15599,
control,own_june,PEKAO,2017-06,xgboost,F5,S0,29,20,b3e9342abf0c13ae32dc65e7a74133d3692e47c8dc4f7409d55209e227245ef2,2017-06-26,0.02976121950220139,0.07546756341528907,2.80857532439232,0.02188697338500387,0.030888037277920284,28567,
control,own_june,PEKAO,2017-06,xgboost,F5,S0,29,20,b3e9342abf0c13ae32dc65e7a74133d3692e47c8dc4f7409d55209e227245ef2,2017-06-27,0.0743277528311409,0.014478685860887833,2.410447576438714,0.01042961860646791,0.02156169328999276,18995,
control,own_june,PEKAO,2017-06,xgboost,F5,S0,29,20,b3e9342abf0c13ae32dc65e7a74133d3692e47c8dc4f7409d55209e227245ef2,2017-06-28,0.10077800723982377,-0.04357375170702206,2.3710118633594894,0.01668197854873863,0.023204406265181762,16329,
control,own_june,PEKAO,2017-06,xgboost,F5,S0,29,20,b3e9342abf0c13ae32dc65e7a74133d3692e47c8dc4f7409d55209e227245ef2,2017-06-29,0.08964759720038536,-0.13074983981005514,2.468569590843663,0.012447845326834451,0.021819349515140758,26984,
control,own_june,PEKAO,2017-06,xgboost,F5,S0,29,20,b3e9342abf0c13ae32dc65e7a74133d3692e47c8dc4f7409d55209e227245ef2,2017-06-30,0.05413405134011152,0.004699120132174423,2.0597032005247318,0.011287813767376285,0.02201427048666127,11598,
control,own_june,PEKAO,2017-06,xgboost,F5,S0,43,20,32cf49bb8178605f8febf47207d8577ae4f911414a11287216c731dacb49bba8,2017-06-01,0.0564894269293436,-0.05461425477125064,2.653263469343923,0.0004459762245150713,0.03633941774123749,21111,
control,own_june,PEKAO,2017-06,xgboost,F5,S0,43,20,32cf49bb8178605f8febf47207d8577ae4f911414a11287216c731dacb49bba8,2017-06-02,0.009347749811378127,-0.11311554422120125,3.1899241642821923,-0.00029388803671645,0.028369235066793997,23814,
control,own_june,PEKAO,2017-06,xgboost,F5,S0,43,20,32cf49bb8178605f8febf47207d8577ae4f911414a11287216c731dacb49bba8,2017-06-05,-0.01925325811574473,-0.047347740366560545,2.795383140300547,-0.003269518661118707,0.02760484914814663,43770,
control,own_june,PEKAO,2017-06,xgboost,F5,S0,43,20,32cf49bb8178605f8febf47207d8577ae4f911414a11287216c731dacb49bba8,2017-06-06,0.03478856497421942,-0.012104617666658879,2.169860774327718,-0.007407824201174547,0.03293158085519655,45480,
control,own_june,PEKAO,2017-06,xgboost,F5,S0,43,20,32cf49bb8178605f8febf47207d8577ae4f911414a11287216c731dacb49bba8,2017-06-07,0.0022612223466470325,0.016550555856424218,2.6384914952138625,0.00037881021157390725,0.026057737268312623,58647,
control,own_june,PEKAO,2017-06,xgboost,F5,S0,43,20,32cf49bb8178605f8febf47207d8577ae4f911414a11287216c731dacb49bba8,2017-06-08,0.0041188533188830645,0.0008103383707210801,2.2796732340048593,-0.011343224761611514,0.02677239677207413,21750,
control,own_june,PEKAO,2017-06,xgboost,F5,S0,43,20,32cf49bb8178605f8febf47207d8577ae4f911414a11287216c731dacb49bba8,2017-06-09,0.03586567009903295,-0.07546208075154724,2.594355443939396,-0.010067884944816446,0.03310425432726564,25874,
control,own_june,PEKAO,2017-06,xgboost,F5,S0,43,20,32cf49bb8178605f8febf47207d8577ae4f911414a11287216c731dacb49bba8,2017-06-12,-0.015908885897044357,-0.03023306474608259,3.0408193476116963,0.009468196237597502,0.02584117904621675,41331,
control,own_june,PEKAO,2017-06,xgboost,F5,S0,43,20,32cf49bb8178605f8febf47207d8577ae4f911414a11287216c731dacb49bba8,2017-06-13,0.022603647869803657,0.012170202771729956,2.5939330804235743,0.00792628891521672,0.02449813428476614,40896,
control,own_june,PEKAO,2017-06,xgboost,F5,S0,43,20,32cf49bb8178605f8febf47207d8577ae4f911414a11287216c731dacb49bba8,2017-06-14,-0.0255031646447812,0.005051973653838481,2.5703644854970977,0.007321971835243359,0.02398938942985522,63402,
control,own_june,PEKAO,2017-06,xgboost,F5,S0,43,20,32cf49bb8178605f8febf47207d8577ae4f911414a11287216c731dacb49bba8,2017-06-16,0.001133745739072249,-0.05313206939630618,2.2872428205714876,0.006616513889930488,0.02783787896748643,37955,
control,own_june,PEKAO,2017-06,xgboost,F5,S0,43,20,32cf49bb8178605f8febf47207d8577ae4f911414a11287216c731dacb49bba8,2017-06-19,-0.0404488458118227,-0.0300360673143298,2.5188414314922176,0.010501996502715943,0.02368327992778118,32554,
control,own_june,PEKAO,2017-06,xgboost,F5,S0,43,20,32cf49bb8178605f8febf47207d8577ae4f911414a11287216c731dacb49bba8,2017-06-20,-0.056829376727434266,-0.06783467516517876,2.2706196500779705,0.005662199418948098,0.024116246366040497,23184,
control,own_june,PEKAO,2017-06,xgboost,F5,S0,43,20,32cf49bb8178605f8febf47207d8577ae4f911414a11287216c731dacb49bba8,2017-06-21,-0.018133871902636187,-0.0644011039181828,2.1092581565474253,0.009532896556762389,0.02272265062431889,20493,
control,own_june,PEKAO,2017-06,xgboost,F5,S0,43,20,32cf49bb8178605f8febf47207d8577ae4f911414a11287216c731dacb49bba8,2017-06-22,-0.09590166708370067,0.015146431629295071,3.0813466551212683,0.006297307286364178,0.03191484161872686,39145,
control,own_june,PEKAO,2017-06,xgboost,F5,S0,43,20,32cf49bb8178605f8febf47207d8577ae4f911414a11287216c731dacb49bba8,2017-06-23,-0.00930623744450783,-0.025583130021634762,2.887479492919328,0.0076928904014652395,0.03164078969659598,15599,
control,own_june,PEKAO,2017-06,xgboost,F5,S0,43,20,32cf49bb8178605f8febf47207d8577ae4f911414a11287216c731dacb49bba8,2017-06-26,0.005949867925935711,0.07546756341528907,2.80857532439232,0.022543507944384013,0.027069705108178264,28567,
control,own_june,PEKAO,2017-06,xgboost,F5,S0,43,20,32cf49bb8178605f8febf47207d8577ae4f911414a11287216c731dacb49bba8,2017-06-27,-0.03131966859587649,0.014478685860887833,2.410447576438714,0.013045452512034848,0.02046755320303435,18995,
control,own_june,PEKAO,2017-06,xgboost,F5,S0,43,20,32cf49bb8178605f8febf47207d8577ae4f911414a11287216c731dacb49bba8,2017-06-28,-0.012010152739105101,-0.04357375170702206,2.3710118633594894,0.017109224577283505,0.023268211989349922,16329,
control,own_june,PEKAO,2017-06,xgboost,F5,S0,43,20,32cf49bb8178605f8febf47207d8577ae4f911414a11287216c731dacb49bba8,2017-06-29,0.061161473533317044,-0.13074983981005514,2.468569590843663,0.0090061091643396,0.022619985414174405,26984,
control,own_june,PEKAO,2017-06,xgboost,F5,S0,43,20,32cf49bb8178605f8febf47207d8577ae4f911414a11287216c731dacb49bba8,2017-06-30,-0.018849669732516894,0.004699120132174423,2.0597032005247318,0.01074197489542944,0.022117170327676128,11598,
control,own_june,PEKAO,2017-06,xgboost,F5,S0,71,20,7de4d1ad1c83ec82444050633ab78829cb12f9ca228dadf9d30f8c01b51a158b,2017-06-01,0.06897595751534687,-0.05461425477125064,2.653263469343923,-0.00040596339045715637,0.03126194277982056,21111,
control,own_june,PEKAO,2017-06,xgboost,F5,S0,71,20,7de4d1ad1c83ec82444050633ab78829cb12f9ca228dadf9d30f8c01b51a158b,2017-06-02,0.017013693601527154,-0.11311554422120125,3.1899241642821923,0.0019100468578557009,0.02865336191939254,23814,
control,own_june,PEKAO,2017-06,xgboost,F5,S0,71,20,7de4d1ad1c83ec82444050633ab78829cb12f9ca228dadf9d30f8c01b51a158b,2017-06-05,-0.012723393928160293,-0.047347740366560545,2.795383140300547,-0.0037645728646817783,0.02996188305063249,43770,
control,own_june,PEKAO,2017-06,xgboost,F5,S0,71,20,7de4d1ad1c83ec82444050633ab78829cb12f9ca228dadf9d30f8c01b51a158b,2017-06-06,0.06037237266725126,-0.012104617666658879,2.169860774327718,-0.009090070721710539,0.035026899242556225,45480,
control,own_june,PEKAO,2017-06,xgboost,F5,S0,71,20,7de4d1ad1c83ec82444050633ab78829cb12f9ca228dadf9d30f8c01b51a158b,2017-06-07,0.0378640209332771,0.016550555856424218,2.6384914952138625,-0.0023113491590666894,0.03260658491952221,58647,
control,own_june,PEKAO,2017-06,xgboost,F5,S0,71,20,7de4d1ad1c83ec82444050633ab78829cb12f9ca228dadf9d30f8c01b51a158b,2017-06-08,0.03652804251148731,0.0008103383707210801,2.2796732340048593,-0.006396733346598587,0.030541921570790508,21750,
control,own_june,PEKAO,2017-06,xgboost,F5,S0,71,20,7de4d1ad1c83ec82444050633ab78829cb12f9ca228dadf9d30f8c01b51a158b,2017-06-09,0.055139033542690404,-0.07546208075154724,2.594355443939396,-0.01093685535057202,0.03268969172383118,25874,
control,own_june,PEKAO,2017-06,xgboost,F5,S0,71,20,7de4d1ad1c83ec82444050633ab78829cb12f9ca228dadf9d30f8c01b51a158b,2017-06-12,0.012454343408048527,-0.03023306474608259,3.0408193476116963,0.009102290740169671,0.029191498832375946,41331,
control,own_june,PEKAO,2017-06,xgboost,F5,S0,71,20,7de4d1ad1c83ec82444050633ab78829cb12f9ca228dadf9d30f8c01b51a158b,2017-06-13,0.048368897405425805,0.012170202771729956,2.5939330804235743,0.009012758790698731,0.02441682234116541,40896,
control,own_june,PEKAO,2017-06,xgboost,F5,S0,71,20,7de4d1ad1c83ec82444050633ab78829cb12f9ca228dadf9d30f8c01b51a158b,2017-06-14,9.524853974345293e-05,0.005051973653838481,2.5703644854970977,0.009678520085049613,0.025749895932492047,63402,
control,own_june,PEKAO,2017-06,xgboost,F5,S0,71,20,7de4d1ad1c83ec82444050633ab78829cb12f9ca228dadf9d30f8c01b51a158b,2017-06-16,0.03908257714793992,-0.05313206939630618,2.2872428205714876,0.005929040083652596,0.027399539052931833,37955,
control,own_june,PEKAO,2017-06,xgboost,F5,S0,71,20,7de4d1ad1c83ec82444050633ab78829cb12f9ca228dadf9d30f8c01b51a158b,2017-06-19,0.03453184976496943,-0.0300360673143298,2.5188414314922176,0.006593587709396941,0.023557519519108984,32554,
control,own_june,PEKAO,2017-06,xgboost,F5,S0,71,20,7de4d1ad1c83ec82444050633ab78829cb12f9ca228dadf9d30f8c01b51a158b,2017-06-20,-0.0007235717465561758,-0.06783467516517876,2.2706196500779705,0.005871858348186354,0.020826096920741086,23184,
control,own_june,PEKAO,2017-06,xgboost,F5,S0,71,20,7de4d1ad1c83ec82444050633ab78829cb12f9ca228dadf9d30f8c01b51a158b,2017-06-21,0.11438067893697602,-0.0644011039181828,2.1092581565474253,0.0065353398365430105,0.01983091639678078,20493,
control,own_june,PEKAO,2017-06,xgboost,F5,S0,71,20,7de4d1ad1c83ec82444050633ab78829cb12f9ca228dadf9d30f8c01b51a158b,2017-06-22,-0.0017293741234582773,0.015146431629295071,3.0813466551212683,0.00781109310265001,0.02994093317891078,39145,
control,own_june,PEKAO,2017-06,xgboost,F5,S0,71,20,7de4d1ad1c83ec82444050633ab78829cb12f9ca228dadf9d30f8c01b51a158b,2017-06-23,0.07650009116940773,-0.025583130021634762,2.887479492919328,0.007571306837702599,0.02496132863315292,15599,
control,own_june,PEKAO,2017-06,xgboost,F5,S0,71,20,7de4d1ad1c83ec82444050633ab78829cb12f9ca228dadf9d30f8c01b51a158b,2017-06-26,0.05032030869114666,0.07546756341528907,2.80857532439232,0.01322055662106722,0.031278108280975096,28567,
control,own_june,PEKAO,2017-06,xgboost,F5,S0,71,20,7de4d1ad1c83ec82444050633ab78829cb12f9ca228dadf9d30f8c01b51a158b,2017-06-27,0.033703346188928056,0.014478685860887833,2.410447576438714,0.013061773581722044,0.021871373141766633,18995,
control,own_june,PEKAO,2017-06,xgboost,F5,S0,71,20,7de4d1ad1c83ec82444050633ab78829cb12f9ca228dadf9d30f8c01b51a158b,2017-06-28,0.03128259772218238,-0.04357375170702206,2.3710118633594894,0.014792136701079534,0.023237813244039427,16329,
control,own_june,PEKAO,2017-06,xgboost,F5,S0,71,20,7de4d1ad1c83ec82444050633ab78829cb12f9ca228dadf9d30f8c01b51a158b,2017-06-29,0.04849352414858946,-0.13074983981005514,2.468569590843663,0.008978926576397874,0.021823572795677114,26984,
control,own_june,PEKAO,2017-06,xgboost,F5,S0,71,20,7de4d1ad1c83ec82444050633ab78829cb12f9ca228dadf9d30f8c01b51a158b,2017-06-30,0.05240487657810685,0.004699120132174423,2.0597032005247318,0.007361519423236029,0.0204568085715588,11598,
control,own_june,PEKAO,2017-06,xgboost,F5,S1,7,20,aac20c2faa2ed55dbeaa67a46326a46f70439e6857832b4df54ce30050a50756,2017-06-01,0.06202716107941615,-0.05461425477125064,2.653263469343923,0.004208225736877237,0.037686271053215474,21111,
control,own_june,PEKAO,2017-06,xgboost,F5,S1,7,20,aac20c2faa2ed55dbeaa67a46326a46f70439e6857832b4df54ce30050a50756,2017-06-02,0.02202945168827709,-0.11311554422120125,3.1899241642821923,0.00437365666615058,0.028410310697837844,23814,
control,own_june,PEKAO,2017-06,xgboost,F5,S1,7,20,aac20c2faa2ed55dbeaa67a46326a46f70439e6857832b4df54ce30050a50756,2017-06-05,0.012210813801967337,-0.047347740366560545,2.795383140300547,0.0035221968545657784,0.027018181903828566,43770,
control,own_june,PEKAO,2017-06,xgboost,F5,S1,7,20,aac20c2faa2ed55dbeaa67a46326a46f70439e6857832b4df54ce30050a50756,2017-06-06,-0.015607763869480486,-0.012104617666658879,2.169860774327718,0.006396877787126312,0.030692118399220366,45480,
control,own_june,PEKAO,2017-06,xgboost,F5,S1,7,20,aac20c2faa2ed55dbeaa67a46326a46f70439e6857832b4df54ce30050a50756,2017-06-07,-0.029019315005929545,0.016550555856424218,2.6384914952138625,0.003920202849870705,0.030638809243408543,58647,
control,own_june,PEKAO,2017-06,xgboost,F5,S1,7,20,aac20c2faa2ed55dbeaa67a46326a46f70439e6857832b4df54ce30050a50756,2017-06-08,0.0014223109250687872,0.0008103383707210801,2.2796732340048593,0.0031039716990600374,0.02851982617483676,21750,
control,own_june,PEKAO,2017-06,xgboost,F5,S1,7,20,aac20c2faa2ed55dbeaa67a46326a46f70439e6857832b4df54ce30050a50756,2017-06-09,0.018902007138142853,-0.07546208075154724,2.594355443939396,0.0010717428332313323,0.030906492006253797,25874,
control,own_june,PEKAO,2017-06,xgboost,F5,S1,7,20,aac20c2faa2ed55dbeaa67a46326a46f70439e6857832b4df54ce30050a50756,2017-06-12,0.021472306404662106,-0.03023306474608259,3.0408193476116963,0.004193386544898739,0.027648464638357708,41331,
control,own_june,PEKAO,2017-06,xgboost,F5,S1,7,20,aac20c2faa2ed55dbeaa67a46326a46f70439e6857832b4df54ce30050a50756,2017-06-13,0.011959825015036073,0.012170202771729956,2.5939330804235743,0.005336715399436986,0.025665187680790576,40896,
control,own_june,PEKAO,2017-06,xgboost,F5,S1,7,20,aac20c2faa2ed55dbeaa67a46326a46f70439e6857832b4df54ce30050a50756,2017-06-14,-0.003202766302476107,0.005051973653838481,2.5703644854970977,0.00790976188585445,0.02463903847206663,63402,
control,own_june,PEKAO,2017-06,xgboost,F5,S1,7,20,aac20c2faa2ed55dbeaa67a46326a46f70439e6857832b4df54ce30050a50756,2017-06-16,0.005663076072755587,-0.05313206939630618,2.2872428205714876,0.003303565103963102,0.028243873607916574,37955,
control,own_june,PEKAO,2017-06,xgboost,F5,S1,7,20,aac20c2faa2ed55dbeaa67a46326a46f70439e6857832b4df54ce30050a50756,2017-06-19,-0.008444964066427474,-0.0300360673143298,2.5188414314922176,0.003100926030506234,0.023685110877221017,32554,
control,own_june,PEKAO,2017-06,xgboost,F5,S1,7,20,aac20c2faa2ed55dbeaa67a46326a46f70439e6857832b4df54ce30050a50756,2017-06-20,0.02952684561234214,-0.06783467516517876,2.2706196500779705,0.003434019094809721,0.021791101364484675,23184,
control,own_june,PEKAO,2017-06,xgboost,F5,S1,7,20,aac20c2faa2ed55dbeaa67a46326a46f70439e6857832b4df54ce30050a50756,2017-06-21,0.04158592720852734,-0.0644011039181828,2.1092581565474253,0.0029104842789329723,0.021223138614270373,20493,
control,own_june,PEKAO,2017-06,xgboost,F5,S1,7,20,aac20c2faa2ed55dbeaa67a46326a46f70439e6857832b4df54ce30050a50756,2017-06-22,0.018092931180063374,0.015146431629295071,3.0813466551212683,4.1713565326289726e-05,0.030655923217787238,39145,
control,own_june,PEKAO,2017-06,xgboost,F5,S1,7,20,aac20c2faa2ed55dbeaa67a46326a46f70439e6857832b4df54ce30050a50756,2017-06-23,0.039665249029406054,-0.025583130021634762,2.887479492919328,0.0015906258668009956,0.027476976424771364,15599,
control,own_june,PEKAO,2017-06,xgboost,F5,S1,7,20,aac20c2faa2ed55dbeaa67a46326a46f70439e6857832b4df54ce30050a50756,2017-06-26,0.01853834488362776,0.07546756341528907,2.80857532439232,0.00619156692685247,0.03287396252835982,28567,
control,own_june,PEKAO,2017-06,xgboost,F5,S1,7,20,aac20c2faa2ed55dbeaa67a46326a46f70439e6857832b4df54ce30050a50756,2017-06-27,0.04699485166608426,0.014478685860887833,2.410447576438714,0.006364096131466994,0.022391781655564182,18995,
control,own_june,PEKAO,2017-06,xgboost,F5,S1,7,20,aac20c2faa2ed55dbeaa67a46326a46f70439e6857832b4df54ce30050a50756,2017-06-28,0.021380946251341522,-0.04357375170702206,2.3710118633594894,0.007802122235934666,0.02318885789530157,16329,
control,own_june,PEKAO,2017-06,xgboost,F5,S1,7,20,aac20c2faa2ed55dbeaa67a46326a46f70439e6857832b4df54ce30050a50756,2017-06-29,0.02834409936145996,-0.13074983981005514,2.468569590843663,0.00493480631940259,0.02194166410290326,26984,
control,own_june,PEKAO,2017-06,xgboost,F5,S1,7,20,aac20c2faa2ed55dbeaa67a46326a46f70439e6857832b4df54ce30050a50756,2017-06-30,0.006988368780318263,0.004699120132174423,2.0597032005247318,0.004264303648367057,0.021852961599701414,11598,
control,own_june,PEKAO,2017-06,xgboost,F5,S1,17,20,c792ab83ea7aa870842c4a80b6757af21af881ea10f38a632c446568662b3507,2017-06-01,-0.001127865812190672,-0.05461425477125064,2.653263469343923,0.013162928997036022,0.03926128882853151,21111,
control,own_june,PEKAO,2017-06,xgboost,F5,S1,17,20,c792ab83ea7aa870842c4a80b6757af21af881ea10f38a632c446568662b3507,2017-06-02,-0.0042931559139227065,-0.11311554422120125,3.1899241642821923,0.0047202693234947345,0.025609329431154012,23814,
control,own_june,PEKAO,2017-06,xgboost,F5,S1,17,20,c792ab83ea7aa870842c4a80b6757af21af881ea10f38a632c446568662b3507,2017-06-05,-0.020280230138275745,-0.047347740366560545,2.795383140300547,0.0002740811815473443,0.027220736485075153,43770,
control,own_june,PEKAO,2017-06,xgboost,F5,S1,17,20,c792ab83ea7aa870842c4a80b6757af21af881ea10f38a632c446568662b3507,2017-06-06,-0.009377881351170635,-0.012104617666658879,2.169860774327718,-0.0004550721001040957,0.036492538013772224,45480,
control,own_june,PEKAO,2017-06,xgboost,F5,S1,17,20,c792ab83ea7aa870842c4a80b6757af21af881ea10f38a632c446568662b3507,2017-06-07,-0.022533537757837965,0.016550555856424218,2.6384914952138625,0.004978889001237606,0.02778505238022057,58647,
control,own_june,PEKAO,2017-06,xgboost,F5,S1,17,20,c792ab83ea7aa870842c4a80b6757af21af881ea10f38a632c446568662b3507,2017-06-08,-0.04063493959489118,0.0008103383707210801,2.2796732340048593,-0.003146288531072352,0.03306888263041545,21750,
control,own_june,PEKAO,2017-06,xgboost,F5,S1,17,20,c792ab83ea7aa870842c4a80b6757af21af881ea10f38a632c446568662b3507,2017-06-09,-0.009277259666078725,-0.07546208075154724,2.594355443939396,-0.005036974455248439,0.03664757600555475,25874,
control,own_june,PEKAO,2017-06,xgboost,F5,S1,17,20,c792ab83ea7aa870842c4a80b6757af21af881ea10f38a632c446568662b3507,2017-06-12,-0.000807763816616675,-0.03023306474608259,3.0408193476116963,0.009219735933939412,0.027023363779673695,41331,
control,own_june,PEKAO,2017-06,xgboost,F5,S1,17,20,c792ab83ea7aa870842c4a80b6757af21af881ea10f38a632c446568662b3507,2017-06-13,-0.060800459580776595,0.012170202771729956,2.5939330804235743,0.009960083677118254,0.027793495180848088,40896,
control,own_june,PEKAO,2017-06,xgboost,F5,S1,17,20,c792ab83ea7aa870842c4a80b6757af21af881ea10f38a632c446568662b3507,2017-06-14,-0.014102628199812036,0.005051973653838481,2.5703644854970977,0.0036681046475889917,0.02538083613633512,63402,
control,own_june,PEKAO,2017-06,xgboost,F5,S1,17,20,c792ab83ea7aa870842c4a80b6757af21af881ea10f38a632c446568662b3507,2017-06-16,-0.04310366492504977,-0.05313206939630618,2.2872428205714876,0.0063366162504003625,0.028022326020329145,37955,
control,own_june,PEKAO,2017-06,xgboost,F5,S1,17,20,c792ab83ea7aa870842c4a80b6757af21af881ea10f38a632c446568662b3507,2017-06-19,-0.05226132570190028,-0.0300360673143298,2.5188414314922176,0.007737690589172469,0.02560245250392099,32554,
control,own_june,PEKAO,2017-06,xgboost,F5,S1,17,20,c792ab83ea7aa870842c4a80b6757af21af881ea10f38a632c446568662b3507,2017-06-20,-0.029368751707278283,-0.06783467516517876,2.2706196500779705,0.004053959936784337,0.024103697274720764,23184,
control,own_june,PEKAO,2017-06,xgboost,F5,S1,17,20,c792ab83ea7aa870842c4a80b6757af21af881ea10f38a632c446568662b3507,2017-06-21,-0.04981440088218813,-0.0644011039181828,2.1092581565474253,0.009264406215331153,0.02198901324315842,20493,
control,own_june,PEKAO,2017-06,xgboost,F5,S1,17,20,c792ab83ea7aa870842c4a80b6757af21af881ea10f38a632c446568662b3507,2017-06-22,-0.0878931170881065,0.015146431629295071,3.0813466551212683,0.007580725576671245,0.02813618770890098,39145,
control,own_june,PEKAO,2017-06,xgboost,F5,S1,17,20,c792ab83ea7aa870842c4a80b6757af21af881ea10f38a632c446568662b3507,2017-06-23,-0.03112489050179775,-0.025583130021634762,2.887479492919328,0.007615787078728488,0.02679720337422945,15599,
control,own_june,PEKAO,2017-06,xgboost,F5,S1,17,20,c792ab83ea7aa870842c4a80b6757af21af881ea10f38a632c446568662b3507,2017-06-26,0.017128278130752125,0.07546756341528907,2.80857532439232,0.00756367842392008,0.029859957445018043,28567,
control,own_june,PEKAO,2017-06,xgboost,F5,S1,17,20,c792ab83ea7aa870842c4a80b6757af21af881ea10f38a632c446568662b3507,2017-06-27,-0.06625571728995638,0.014478685860887833,2.410447576438714,0.006067067040640407,0.020658271160053112,18995,
control,own_june,PEKAO,2017-06,xgboost,F5,S1,17,20,c792ab83ea7aa870842c4a80b6757af21af881ea10f38a632c446568662b3507,2017-06-28,-0.004339482349769761,-0.04357375170702206,2.3710118633594894,0.006094614670901826,0.025640743130037048,16329,
control,own_june,PEKAO,2017-06,xgboost,F5,S1,17,20,c792ab83ea7aa870842c4a80b6757af21af881ea10f38a632c446568662b3507,2017-06-29,-0.11722953675664362,-0.13074983981005514,2.468569590843663,0.006125828861775942,0.023356634667552077,26984,
control,own_june,PEKAO,2017-06,xgboost,F5,S1,17,20,c792ab83ea7aa870842c4a80b6757af21af881ea10f38a632c446568662b3507,2017-06-30,-0.05286942259668919,0.004699120132174423,2.0597032005247318,0.006198977160691999,0.02340322437246371,11598,
control,own_june,PEKAO,2017-06,xgboost,F5,S1,29,20,e9f3e7273baf2a917c125cb5cef8a2d308e53964bace90c98c1721928234f0a1,2017-06-01,-0.008004744223967625,-0.05461425477125064,2.653263469343923,0.004975120939029732,0.03232373473102412,21111,
control,own_june,PEKAO,2017-06,xgboost,F5,S1,29,20,e9f3e7273baf2a917c125cb5cef8a2d308e53964bace90c98c1721928234f0a1,2017-06-02,0.0601676201752371,-0.11311554422120125,3.1899241642821923,0.004746481047573583,0.027315224650077765,23814,
control,own_june,PEKAO,2017-06,xgboost,F5,S1,29,20,e9f3e7273baf2a917c125cb5cef8a2d308e53964bace90c98c1721928234f0a1,2017-06-05,0.05689124606415604,-0.047347740366560545,2.795383140300547,0.0021638118816734975,0.02652277860969127,43770,
control,own_june,PEKAO,2017-06,xgboost,F5,S1,29,20,e9f3e7273baf2a917c125cb5cef8a2d308e53964bace90c98c1721928234f0a1,2017-06-06,0.04441651464996294,-0.012104617666658879,2.169860774327718,0.0020312822462629247,0.03285668763297731,45480,
control,own_june,PEKAO,2017-06,xgboost,F5,S1,29,20,e9f3e7273baf2a917c125cb5cef8a2d308e53964bace90c98c1721928234f0a1,2017-06-07,-0.004707386816635254,0.016550555856424218,2.6384914952138625,8.431856861277643e-05,0.027423715068281194,58647,
control,own_june,PEKAO,2017-06,xgboost,F5,S1,29,20,e9f3e7273baf2a917c125cb5cef8a2d308e53964bace90c98c1721928234f0a1,2017-06-08,0.0015389507314952909,0.0008103383707210801,2.2796732340048593,0.003048181590624154,0.027656741691655183,21750,
control,own_june,PEKAO,2017-06,xgboost,F5,S1,29,20,e9f3e7273baf2a917c125cb5cef8a2d308e53964bace90c98c1721928234f0a1,2017-06-09,0.013462189292571316,-0.07546208075154724,2.594355443939396,0.0047115283068538735,0.02917390859458535,25874,
control,own_june,PEKAO,2017-06,xgboost,F5,S1,29,20,e9f3e7273baf2a917c125cb5cef8a2d308e53964bace90c98c1721928234f0a1,2017-06-12,0.048786024151854235,-0.03023306474608259,3.0408193476116963,0.003991440603879451,0.025778921726839977,41331,
control,own_june,PEKAO,2017-06,xgboost,F5,S1,29,20,e9f3e7273baf2a917c125cb5cef8a2d308e53964bace90c98c1721928234f0a1,2017-06-13,0.051079319584896025,0.012170202771729956,2.5939330804235743,0.004909512074357939,0.02610500780914191,40896,
control,own_june,PEKAO,2017-06,xgboost,F5,S1,29,20,e9f3e7273baf2a917c125cb5cef8a2d308e53964bace90c98c1721928234f0a1,2017-06-14,0.052034083797057755,0.005051973653838481,2.5703644854970977,0.007162886063987023,0.022955136066840322,63402,
control,own_june,PEKAO,2017-06,xgboost,F5,S1,29,20,e9f3e7273baf2a917c125cb5cef8a2d308e53964bace90c98c1721928234f0a1,2017-06-16,0.06384896388521505,-0.05313206939630618,2.2872428205714876,0.004358777319158544,0.024717965750834524,37955,
control,own_june,PEKAO,2017-06,xgboost,F5,S1,29,20,e9f3e7273baf2a917c125cb5cef8a2d308e53964bace90c98c1721928234f0a1,2017-06-19,0.10980733301397984,-0.0300360673143298,2.5188414314922176,0.0032446768552502835,0.02185356813710913,32554,
control,own_june,PEKAO,2017-06,xgboost,F5,S1,29,20,e9f3e7273baf2a917c125cb5cef8a2d308e53964bace90c98c1721928234f0a1,2017-06-20,0.0354794420458361,-0.06783467516517876,2.2706196500779705,0.006713286824963872,0.020912704218639316,23184,
control,own_june,PEKAO,2017-06,xgboost,F5,S1,29,20,e9f3e7273baf2a917c125cb5cef8a2d308e53964bace90c98c1721928234f0a1,2017-06-21,0.07222515266358219,-0.0644011039181828,2.1092581565474253,0.010705899943994403,0.01948306018730485,20493,
control,own_june,PEKAO,2017-06,xgboost,F5,S1,29,20,e9f3e7273baf2a917c125cb5cef8a2d308e53964bace90c98c1721928234f0a1,2017-06-22,-0.033180865684056135,0.015146431629295071,3.0813466551212683,0.0037495981121162397,0.028741228173236582,39145,
control,own_june,PEKAO,2017-06,xgboost,F5,S1,29,20,e9f3e7273baf2a917c125cb5cef8a2d308e53964bace90c98c1721928234f0a1,2017-06-23,0.0043823666722624345,-0.025583130021634762,2.887479492919328,0.005513325277234707,0.02693455343210491,15599,
control,own_june,PEKAO,2017-06,xgboost,F5,S1,29,20,e9f3e7273baf2a917c125cb5cef8a2d308e53964bace90c98c1721928234f0a1,2017-06-26,0.04620284818006795,0.07546756341528907,2.80857532439232,0.011131743697314464,0.028811077154632055,28567,
control,own_june,PEKAO,2017-06,xgboost,F5,S1,29,20,e9f3e7273baf2a917c125cb5cef8a2d308e53964bace90c98c1721928234f0a1,2017-06-27,0.06112082958219737,0.014478685860887833,2.410447576438714,0.007640923075593673,0.02278687302523629,18995,
control,own_june,PEKAO,2017-06,xgboost,F5,S1,29,20,e9f3e7273baf2a917c125cb5cef8a2d308e53964bace90c98c1721928234f0a1,2017-06-28,0.06185192751584363,-0.04357375170702206,2.3710118633594894,0.010384362165224847,0.023110142820765057,16329,
control,own_june,PEKAO,2017-06,xgboost,F5,S1,29,20,e9f3e7273baf2a917c125cb5cef8a2d308e53964bace90c98c1721928234f0a1,2017-06-29,0.07336477415479246,-0.13074983981005514,2.468569590843663,0.008179301847393475,0.02065262992752459,26984,
control,own_june,PEKAO,2017-06,xgboost,F5,S1,29,20,e9f3e7273baf2a917c125cb5cef8a2d308e53964bace90c98c1721928234f0a1,2017-06-30,0.08993647764355601,0.004699120132174423,2.0597032005247318,0.012472809564112168,0.020723876252993795,11598,
control,own_june,PEKAO,2017-06,xgboost,F5,S1,43,20,a95b91707d9ebbe6d55347daeef86906437319e467e625faef8105af85707ce3,2017-06-01,0.015897248227795528,-0.05461425477125064,2.653263469343923,0.002950021493184718,0.0355196743198918,21111,
control,own_june,PEKAO,2017-06,xgboost,F5,S1,43,20,a95b91707d9ebbe6d55347daeef86906437319e467e625faef8105af85707ce3,2017-06-02,-0.008489283387282288,-0.11311554422120125,3.1899241642821923,0.0015356604402630325,0.027926670973182268,23814,
control,own_june,PEKAO,2017-06,xgboost,F5,S1,43,20,a95b91707d9ebbe6d55347daeef86906437319e467e625faef8105af85707ce3,2017-06-05,0.021693835077208855,-0.047347740366560545,2.795383140300547,0.004518723291136845,0.028685897146871767,43770,
control,own_june,PEKAO,2017-06,xgboost,F5,S1,43,20,a95b91707d9ebbe6d55347daeef86906437319e467e625faef8105af85707ce3,2017-06-06,-0.025750867801854246,-0.012104617666658879,2.169860774327718,0.0007749333547310709,0.03211844788390966,45480,
control,own_june,PEKAO,2017-06,xgboost,F5,S1,43,20,a95b91707d9ebbe6d55347daeef86906437319e467e625faef8105af85707ce3,2017-06-07,-0.03730641383405419,0.016550555856424218,2.6384914952138625,0.003320266594734414,0.029898373442928176,58647,
control,own_june,PEKAO,2017-06,xgboost,F5,S1,43,20,a95b91707d9ebbe6d55347daeef86906437319e467e625faef8105af85707ce3,2017-06-08,-0.00353445531597836,0.0008103383707210801,2.2796732340048593,0.0029935728828583297,0.028120416131277515,21750,
control,own_june,PEKAO,2017-06,xgboost,F5,S1,43,20,a95b91707d9ebbe6d55347daeef86906437319e467e625faef8105af85707ce3,2017-06-09,0.0158347497734959,-0.07546208075154724,2.594355443939396,0.00034043681989588426,0.031012373996727106,25874,
control,own_june,PEKAO,2017-06,xgboost,F5,S1,43,20,a95b91707d9ebbe6d55347daeef86906437319e467e625faef8105af85707ce3,2017-06-12,-0.02144066902216621,-0.03023306474608259,3.0408193476116963,0.003790651105869501,0.026410777392501996,41331,
control,own_june,PEKAO,2017-06,xgboost,F5,S1,43,20,a95b91707d9ebbe6d55347daeef86906437319e467e625faef8105af85707ce3,2017-06-13,-0.026613344259947228,0.012170202771729956,2.5939330804235743,0.0031898023520460323,0.02606236670155998,40896,
control,own_june,PEKAO,2017-06,xgboost,F5,S1,43,20,a95b91707d9ebbe6d55347daeef86906437319e467e625faef8105af85707ce3,2017-06-14,0.002216901174669327,0.005051973653838481,2.5703644854970977,0.006748938879120315,0.02473431252358308,63402,
control,own_june,PEKAO,2017-06,xgboost,F5,S1,43,20,a95b91707d9ebbe6d55347daeef86906437319e467e625faef8105af85707ce3,2017-06-16,-0.01274604096625839,-0.05313206939630618,2.2872428205714876,0.003376990575666039,0.02581427069034591,37955,
control,own_june,PEKAO,2017-06,xgboost,F5,S1,43,20,a95b91707d9ebbe6d55347daeef86906437319e467e625faef8105af85707ce3,2017-06-19,-0.07739574942379313,-0.0300360673143298,2.5188414314922176,0.0025638944515151666,0.02562923935002709,32554,
control,own_june,PEKAO,2017-06,xgboost,F5,S1,43,20,a95b91707d9ebbe6d55347daeef86906437319e467e625faef8105af85707ce3,2017-06-20,-0.019536186946081672,-0.06783467516517876,2.2706196500779705,0.0075652304654516755,0.022199141884010808,23184,
control,own_june,PEKAO,2017-06,xgboost,F5,S1,43,20,a95b91707d9ebbe6d55347daeef86906437319e467e625faef8105af85707ce3,2017-06-21,-0.054087220222932095,-0.0644011039181828,2.1092581565474253,0.001347701148510518,0.01954257914715449,20493,
control,own_june,PEKAO,2017-06,xgboost,F5,S1,43,20,a95b91707d9ebbe6d55347daeef86906437319e467e625faef8105af85707ce3,2017-06-22,-0.04778689770618171,0.015146431629295071,3.0813466551212683,0.006458211308308322,0.02541470553560392,39145,
control,own_june,PEKAO,2017-06,xgboost,F5,S1,43,20,a95b91707d9ebbe6d55347daeef86906437319e467e625faef8105af85707ce3,2017-06-23,-0.055572278083754936,-0.025583130021634762,2.887479492919328,0.011162022868538155,0.02500420020012492,15599,
control,own_june,PEKAO,2017-06,xgboost,F5,S1,43,20,a95b91707d9ebbe6d55347daeef86906437319e467e625faef8105af85707ce3,2017-06-26,-0.03980802225992681,0.07546756341528907,2.80857532439232,0.010383986384527097,0.0274982379273341,28567,
control,own_june,PEKAO,2017-06,xgboost,F5,S1,43,20,a95b91707d9ebbe6d55347daeef86906437319e467e625faef8105af85707ce3,2017-06-27,-0.044623700622404935,0.014478685860887833,2.410447576438714,0.013895682559541576,0.02165756218167278,18995,
control,own_june,PEKAO,2017-06,xgboost,F5,S1,43,20,a95b91707d9ebbe6d55347daeef86906437319e467e625faef8105af85707ce3,2017-06-28,-0.018573174401464297,-0.04357375170702206,2.3710118633594894,0.013337100330001954,0.02415841490567879,16329,
control,own_june,PEKAO,2017-06,xgboost,F5,S1,43,20,a95b91707d9ebbe6d55347daeef86906437319e467e625faef8105af85707ce3,2017-06-29,-0.016201393411648567,-0.13074983981005514,2.468569590843663,0.012103588530521679,0.022026088209889917,26984,
control,own_june,PEKAO,2017-06,xgboost,F5,S1,43,20,a95b91707d9ebbe6d55347daeef86906437319e467e625faef8105af85707ce3,2017-06-30,0.004686941604294489,0.004699120132174423,2.0597032005247318,0.015358840763431726,0.02080840945120813,11598,
control,own_june,PEKAO,2017-06,xgboost,F5,S1,71,20,d326e110a345c7860143493249e75498fcadda689e6eabf9576d11803a751b8b,2017-06-01,-0.004781538954808669,-0.05461425477125064,2.653263469343923,0.0167014424738722,0.03490592690026202,21111,
control,own_june,PEKAO,2017-06,xgboost,F5,S1,71,20,d326e110a345c7860143493249e75498fcadda689e6eabf9576d11803a751b8b,2017-06-02,-0.04830833004365593,-0.11311554422120125,3.1899241642821923,0.005955923360847441,0.02635817350856799,23814,
control,own_june,PEKAO,2017-06,xgboost,F5,S1,71,20,d326e110a345c7860143493249e75498fcadda689e6eabf9576d11803a751b8b,2017-06-05,-0.038167652497955284,-0.047347740366560545,2.795383140300547,0.002799913165821684,0.02586576600858549,43770,
control,own_june,PEKAO,2017-06,xgboost,F5,S1,71,20,d326e110a345c7860143493249e75498fcadda689e6eabf9576d11803a751b8b,2017-06-06,-0.05400190427351743,-0.012104617666658879,2.169860774327718,0.0007475569623906621,0.030646014514117238,45480,
control,own_june,PEKAO,2017-06,xgboost,F5,S1,71,20,d326e110a345c7860143493249e75498fcadda689e6eabf9576d11803a751b8b,2017-06-07,-0.0605104880838632,0.016550555856424218,2.6384914952138625,0.004887929393032002,0.03214213843104868,58647,
control,own_june,PEKAO,2017-06,xgboost,F5,S1,71,20,d326e110a345c7860143493249e75498fcadda689e6eabf9576d11803a751b8b,2017-06-08,-0.08777886118709925,0.0008103383707210801,2.2796732340048593,0.0012501777040654386,0.026467007458512107,21750,
control,own_june,PEKAO,2017-06,xgboost,F5,S1,71,20,d326e110a345c7860143493249e75498fcadda689e6eabf9576d11803a751b8b,2017-06-09,-0.04654650949176018,-0.07546208075154724,2.594355443939396,0.002326913817976883,0.02600205132531523,25874,
control,own_june,PEKAO,2017-06,xgboost,F5,S1,71,20,d326e110a345c7860143493249e75498fcadda689e6eabf9576d11803a751b8b,2017-06-12,-0.04766826845308319,-0.03023306474608259,3.0408193476116963,0.0039028391136211047,0.026344278787289253,41331,
control,own_june,PEKAO,2017-06,xgboost,F5,S1,71,20,d326e110a345c7860143493249e75498fcadda689e6eabf9576d11803a751b8b,2017-06-13,-0.07057604023351022,0.012170202771729956,2.5939330804235743,0.00119705348841077,0.026018161886107814,40896,
control,own_june,PEKAO,2017-06,xgboost,F5,S1,71,20,d326e110a345c7860143493249e75498fcadda689e6eabf9576d11803a751b8b,2017-06-14,-0.024068340096716285,0.005051973653838481,2.5703644854970977,0.0031464953882464797,0.024424537328282602,63402,
control,own_june,PEKAO,2017-06,xgboost,F5,S1,71,20,d326e110a345c7860143493249e75498fcadda689e6eabf9576d11803a751b8b,2017-06-16,-0.0692400759886226,-0.05313206939630618,2.2872428205714876,0.002127090011684202,0.026006074059905494,37955,
control,own_june,PEKAO,2017-06,xgboost,F5,S1,71,20,d326e110a345c7860143493249e75498fcadda689e6eabf9576d11803a751b8b,2017-06-19,-0.08032278733258437,-0.0300360673143298,2.5188414314922176,0.0027385636410395178,0.02417799847903848,32554,
control,own_june,PEKAO,2017-06,xgboost,F5,S1,71,20,d326e110a345c7860143493249e75498fcadda689e6eabf9576d11803a751b8b,2017-06-20,-0.09470008104658592,-0.06783467516517876,2.2706196500779705,0.008661912126065565,0.022669771879423976,23184,
control,own_june,PEKAO,2017-06,xgboost,F5,S1,71,20,d326e110a345c7860143493249e75498fcadda689e6eabf9576d11803a751b8b,2017-06-21,-0.046324386512495375,-0.0644011039181828,2.1092581565474253,0.004885877286119126,0.022539545268585752,20493,
control,own_june,PEKAO,2017-06,xgboost,F5,S1,71,20,d326e110a345c7860143493249e75498fcadda689e6eabf9576d11803a751b8b,2017-06-22,-0.04010878493077424,0.015146431629295071,3.0813466551212683,0.009058489181477943,0.029242399289883755,39145,
control,own_june,PEKAO,2017-06,xgboost,F5,S1,71,20,d326e110a345c7860143493249e75498fcadda689e6eabf9576d11803a751b8b,2017-06-23,-0.07816346399120168,-0.025583130021634762,2.887479492919328,0.009567054468357216,0.024938651925774966,15599,
control,own_june,PEKAO,2017-06,xgboost,F5,S1,71,20,d326e110a345c7860143493249e75498fcadda689e6eabf9576d11803a751b8b,2017-06-26,-0.05099217394364031,0.07546756341528907,2.80857532439232,0.0084658838084477,0.031050325951295255,28567,
control,own_june,PEKAO,2017-06,xgboost,F5,S1,71,20,d326e110a345c7860143493249e75498fcadda689e6eabf9576d11803a751b8b,2017-06-27,-0.08033833842603712,0.014478685860887833,2.410447576438714,0.0060509270011729534,0.022371067435600436,18995,
control,own_june,PEKAO,2017-06,xgboost,F5,S1,71,20,d326e110a345c7860143493249e75498fcadda689e6eabf9576d11803a751b8b,2017-06-28,-0.0732091635854808,-0.04357375170702206,2.3710118633594894,0.006367097270628064,0.024714692102835313,16329,
control,own_june,PEKAO,2017-06,xgboost,F5,S1,71,20,d326e110a345c7860143493249e75498fcadda689e6eabf9576d11803a751b8b,2017-06-29,-0.06073002514729507,-0.13074983981005514,2.468569590843663,0.006618733302208758,0.02178675188102538,26984,
control,own_june,PEKAO,2017-06,xgboost,F5,S1,71,20,d326e110a345c7860143493249e75498fcadda689e6eabf9576d11803a751b8b,2017-06-30,-0.08921302562310768,0.004699120132174423,2.0597032005247318,0.006951126168657221,0.021068910045187617,11598,
control,own_june,PKNORLEN,2017-06,xgboost,F5,S0,7,20,8221ba0068abbf791957fe47d54f30a49fe88e78925d8b50c16fa1918aa9d067,2017-06-01,0.050537081524815876,-0.04818218502668497,2.6046983753914166,0.0096941852056502,0.01982539631041706,42369,
control,own_june,PKNORLEN,2017-06,xgboost,F5,S0,7,20,8221ba0068abbf791957fe47d54f30a49fe88e78925d8b50c16fa1918aa9d067,2017-06-02,0.08523354601810347,-0.11188662379759025,2.4554024048287633,0.009721367995139287,0.01513046566201715,26703,
control,own_june,PKNORLEN,2017-06,xgboost,F5,S0,7,20,8221ba0068abbf791957fe47d54f30a49fe88e78925d8b50c16fa1918aa9d067,2017-06-05,0.05285566030303912,-0.09489759138470323,2.8623247482548337,0.010300386293791207,0.019140708395798883,33028,
control,own_june,PKNORLEN,2017-06,xgboost,F5,S0,7,20,8221ba0068abbf791957fe47d54f30a49fe88e78925d8b50c16fa1918aa9d067,2017-06-06,0.0658883961700565,0.08471870702400602,2.614283515530225,0.00920709252654747,0.017376407489756406,41866,
control,own_june,PKNORLEN,2017-06,xgboost,F5,S0,7,20,8221ba0068abbf791957fe47d54f30a49fe88e78925d8b50c16fa1918aa9d067,2017-06-07,0.1346688184809215,-0.03668231779045292,2.596121177632861,0.00426900702996456,0.014282887907483674,39617,
control,own_june,PKNORLEN,2017-06,xgboost,F5,S0,7,20,8221ba0068abbf791957fe47d54f30a49fe88e78925d8b50c16fa1918aa9d067,2017-06-08,0.1572657984501543,0.1049699560521267,2.2754981839206456,0.004486946690703065,0.013628708476843221,38788,
control,own_june,PKNORLEN,2017-06,xgboost,F5,S0,7,20,8221ba0068abbf791957fe47d54f30a49fe88e78925d8b50c16fa1918aa9d067,2017-06-09,0.17200936873073472,-0.020107517843811745,2.0906922607261254,0.0007236385334051231,0.01360909169585044,28484,
control,own_june,PKNORLEN,2017-06,xgboost,F5,S0,7,20,8221ba0068abbf791957fe47d54f30a49fe88e78925d8b50c16fa1918aa9d067,2017-06-12,0.13678372324051982,-0.04855873183452575,2.8656739690922595,0.0015104212296051503,0.017084025390846667,38412,
control,own_june,PKNORLEN,2017-06,xgboost,F5,S0,7,20,8221ba0068abbf791957fe47d54f30a49fe88e78925d8b50c16fa1918aa9d067,2017-06-13,0.13333549303180128,0.017689133060419943,2.6806503246595113,0.00343867794461716,0.018834949043323623,58763,
control,own_june,PKNORLEN,2017-06,xgboost,F5,S0,7,20,8221ba0068abbf791957fe47d54f30a49fe88e78925d8b50c16fa1918aa9d067,2017-06-14,0.19344650920183742,0.0484293921989836,2.45585389905757,0.004377829770608842,0.013678873959898337,28561,
control,own_june,PKNORLEN,2017-06,xgboost,F5,S0,7,20,8221ba0068abbf791957fe47d54f30a49fe88e78925d8b50c16fa1918aa9d067,2017-06-16,0.1086610280789558,0.034188536958961645,2.7948581561993957,0.0009487558439734921,0.01795931808341243,56888,
control,own_june,PKNORLEN,2017-06,xgboost,F5,S0,7,20,8221ba0068abbf791957fe47d54f30a49fe88e78925d8b50c16fa1918aa9d067,2017-06-19,0.08810141319062656,0.13492762545703588,3.1142895794471355,-0.0022661023336477426,0.01816991065772247,27091,
control,own_june,PKNORLEN,2017-06,xgboost,F5,S0,7,20,8221ba0068abbf791957fe47d54f30a49fe88e78925d8b50c16fa1918aa9d067,2017-06-20,0.08329320107299855,-0.009178641505414233,2.5581575469388613,-0.00837855861420033,0.014115358444653961,28630,
control,own_june,PKNORLEN,2017-06,xgboost,F5,S0,7,20,8221ba0068abbf791957fe47d54f30a49fe88e78925d8b50c16fa1918aa9d067,2017-06-21,0.09449665303286672,0.14858694842492334,3.2156675514757582,-0.006358638408594647,0.02066566981003451,36656,
control,own_june,PKNORLEN,2017-06,xgboost,F5,S0,7,20,8221ba0068abbf791957fe47d54f30a49fe88e78925d8b50c16fa1918aa9d067,2017-06-22,0.11033462098945232,-0.04574632884950888,2.6611511975016895,-0.006880317492378231,0.01705069192142976,45110,
control,own_june,PKNORLEN,2017-06,xgboost,F5,S0,7,20,8221ba0068abbf791957fe47d54f30a49fe88e78925d8b50c16fa1918aa9d067,2017-06-23,0.0543419705577981,0.02256723441841875,3.6968251086014154,-0.0027989712241424736,0.026999895995856,45471,
control,own_june,PKNORLEN,2017-06,xgboost,F5,S0,7,20,8221ba0068abbf791957fe47d54f30a49fe88e78925d8b50c16fa1918aa9d067,2017-06-26,0.04120615824720012,-0.02297801654132305,2.826460397394382,-0.005590588334860701,0.019673474735663825,85272,
control,own_june,PKNORLEN,2017-06,xgboost,F5,S0,7,20,8221ba0068abbf791957fe47d54f30a49fe88e78925d8b50c16fa1918aa9d067,2017-06-27,0.05893539950260153,-0.022947420867021874,2.81450954027457,0.00011989595510679781,0.0151166982236613,38992,
control,own_june,PKNORLEN,2017-06,xgboost,F5,S0,7,20,8221ba0068abbf791957fe47d54f30a49fe88e78925d8b50c16fa1918aa9d067,2017-06-28,0.11013588696896226,-0.07278827013853552,2.539510717473494,-0.0007160812046671848,0.015293034989310198,32746,
control,own_june,PKNORLEN,2017-06,xgboost,F5,S0,7,20,8221ba0068abbf791957fe47d54f30a49fe88e78925d8b50c16fa1918aa9d067,2017-06-29,0.14525667563082192,0.053797778198654396,2.496122634706842,0.0006043607122586144,0.015544334331926013,49386,
control,own_june,PKNORLEN,2017-06,xgboost,F5,S0,7,20,8221ba0068abbf791957fe47d54f30a49fe88e78925d8b50c16fa1918aa9d067,2017-06-30,0.10246515764762107,-0.011725000995400307,2.7319118036360828,-0.0012101288860926417,0.01580356948766774,40147,
control,own_june,PKNORLEN,2017-06,xgboost,F5,S0,17,20,2f8c5f1318ccf0d7823fd805676540491f0c9e7c352d11250690779033a898c4,2017-06-01,0.0457212618923039,-0.04818218502668497,2.6046983753914166,0.01225269768257412,0.020792988068821055,42369,
control,own_june,PKNORLEN,2017-06,xgboost,F5,S0,17,20,2f8c5f1318ccf0d7823fd805676540491f0c9e7c352d11250690779033a898c4,2017-06-02,0.12022294673709462,-0.11188662379759025,2.4554024048287633,0.007747082707971724,0.01697934954162097,26703,
control,own_june,PKNORLEN,2017-06,xgboost,F5,S0,17,20,2f8c5f1318ccf0d7823fd805676540491f0c9e7c352d11250690779033a898c4,2017-06-05,0.033747039034089994,-0.09489759138470323,2.8623247482548337,0.012453527518075502,0.021516269539752695,33028,
control,own_june,PKNORLEN,2017-06,xgboost,F5,S0,17,20,2f8c5f1318ccf0d7823fd805676540491f0c9e7c352d11250690779033a898c4,2017-06-06,0.11698112549004941,0.08471870702400602,2.614283515530225,0.004968187112319549,0.01946876548268139,41866,
control,own_june,PKNORLEN,2017-06,xgboost,F5,S0,17,20,2f8c5f1318ccf0d7823fd805676540491f0c9e7c352d11250690779033a898c4,2017-06-07,0.11105451099744484,-0.03668231779045292,2.596121177632861,0.006178242137825603,0.014448440047513484,39617,
control,own_june,PKNORLEN,2017-06,xgboost,F5,S0,17,20,2f8c5f1318ccf0d7823fd805676540491f0c9e7c352d11250690779033a898c4,2017-06-08,0.18634289809422788,0.1049699560521267,2.2754981839206456,0.006985444957970764,0.013294175422312659,38788,
control,own_june,PKNORLEN,2017-06,xgboost,F5,S0,17,20,2f8c5f1318ccf0d7823fd805676540491f0c9e7c352d11250690779033a898c4,2017-06-09,0.19314619048812234,-0.020107517843811745,2.0906922607261254,0.0049811791770100755,0.01388006805731855,28484,
control,own_june,PKNORLEN,2017-06,xgboost,F5,S0,17,20,2f8c5f1318ccf0d7823fd805676540491f0c9e7c352d11250690779033a898c4,2017-06-12,0.12921476521125824,-0.04855873183452575,2.8656739690922595,0.00439898528955715,0.01899918134411883,38412,
control,own_june,PKNORLEN,2017-06,xgboost,F5,S0,17,20,2f8c5f1318ccf0d7823fd805676540491f0c9e7c352d11250690779033a898c4,2017-06-13,0.05994721092462644,0.017689133060419943,2.6806503246595113,0.0006694287131398235,0.018752780172049927,58763,
control,own_june,PKNORLEN,2017-06,xgboost,F5,S0,17,20,2f8c5f1318ccf0d7823fd805676540491f0c9e7c352d11250690779033a898c4,2017-06-14,0.14122761171199558,0.0484293921989836,2.45585389905757,0.003495250040603509,0.015717691749546427,28561,
control,own_june,PKNORLEN,2017-06,xgboost,F5,S0,17,20,2f8c5f1318ccf0d7823fd805676540491f0c9e7c352d11250690779033a898c4,2017-06-16,0.10330060069728021,0.034188536958961645,2.7948581561993957,-0.0027343638255222904,0.018001104054338624,56888,
control,own_june,PKNORLEN,2017-06,xgboost,F5,S0,17,20,2f8c5f1318ccf0d7823fd805676540491f0c9e7c352d11250690779033a898c4,2017-06-19,0.12704019606137135,0.13492762545703588,3.1142895794471355,-0.0023679868387755073,0.017744126449092203,27091,
control,own_june,PKNORLEN,2017-06,xgboost,F5,S0,17,20,2f8c5f1318ccf0d7823fd805676540491f0c9e7c352d11250690779033a898c4,2017-06-20,0.06355391013108384,-0.009178641505414233,2.5581575469388613,-0.008189363878076701,0.013684480474358381,28630,
control,own_june,PKNORLEN,2017-06,xgboost,F5,S0,17,20,2f8c5f1318ccf0d7823fd805676540491f0c9e7c352d11250690779033a898c4,2017-06-21,0.08698637004812007,0.14858694842492334,3.2156675514757582,-0.007253090272819569,0.017820791598993233,36656,
control,own_june,PKNORLEN,2017-06,xgboost,F5,S0,17,20,2f8c5f1318ccf0d7823fd805676540491f0c9e7c352d11250690779033a898c4,2017-06-22,0.10817118803379845,-0.04574632884950888,2.6611511975016895,-0.0062841073669580114,0.01524594377473618,45110,
control,own_june,PKNORLEN,2017-06,xgboost,F5,S0,17,20,2f8c5f1318ccf0d7823fd805676540491f0c9e7c352d11250690779033a898c4,2017-06-23,0.03439619173408383,0.02256723441841875,3.6968251086014154,-0.0048608806183227955,0.02349654276110205,45471,
control,own_june,PKNORLEN,2017-06,xgboost,F5,S0,17,20,2f8c5f1318ccf0d7823fd805676540491f0c9e7c352d11250690779033a898c4,2017-06-26,0.03732912048548065,-0.02297801654132305,2.826460397394382,-0.008208015860086905,0.017554329042484364,85272,
control,own_june,PKNORLEN,2017-06,xgboost,F5,S0,17,20,2f8c5f1318ccf0d7823fd805676540491f0c9e7c352d11250690779033a898c4,2017-06-27,0.10047998316153348,-0.022947420867021874,2.81450954027457,-0.0013478657630694544,0.016211685714273425,38992,
control,own_june,PKNORLEN,2017-06,xgboost,F5,S0,17,20,2f8c5f1318ccf0d7823fd805676540491f0c9e7c352d11250690779033a898c4,2017-06-28,0.08913886995364835,-0.07278827013853552,2.539510717473494,-4.6232954738408524e-05,0.016759252109033774,32746,
control,own_june,PKNORLEN,2017-06,xgboost,F5,S0,17,20,2f8c5f1318ccf0d7823fd805676540491f0c9e7c352d11250690779033a898c4,2017-06-29,0.10481333003779726,0.053797778198654396,2.496122634706842,-0.00148936068470691,0.015255746591834882,49386,
control,own_june,PKNORLEN,2017-06,xgboost,F5,S0,17,20,2f8c5f1318ccf0d7823fd805676540491f0c9e7c352d11250690779033a898c4,2017-06-30,0.1662425724753781,-0.011725000995400307,2.7319118036360828,-0.001444489352749466,0.016734139481400054,40147,
control,own_june,PKNORLEN,2017-06,xgboost,F5,S0,29,20,e9b1031dddf19c7a527be26390d4b885ca544cfd804890455547e80ca571a4db,2017-06-01,0.028018685010895453,-0.04818218502668497,2.6046983753914166,0.009969206456774618,0.02171476564197159,42369,
control,own_june,PKNORLEN,2017-06,xgboost,F5,S0,29,20,e9b1031dddf19c7a527be26390d4b885ca544cfd804890455547e80ca571a4db,2017-06-02,0.08671261283880406,-0.11188662379759025,2.4554024048287633,0.006522345363431151,0.015031052492761586,26703,
control,own_june,PKNORLEN,2017-06,xgboost,F5,S0,29,20,e9b1031dddf19c7a527be26390d4b885ca544cfd804890455547e80ca571a4db,2017-06-05,0.059535897564041304,-0.09489759138470323,2.8623247482548337,0.011656522164706801,0.02061539368136184,33028,
control,own_june,PKNORLEN,2017-06,xgboost,F5,S0,29,20,e9b1031dddf19c7a527be26390d4b885ca544cfd804890455547e80ca571a4db,2017-06-06,0.07739270319106029,0.08471870702400602,2.614283515530225,0.005784857478544012,0.01670360620575044,41866,
control,own_june,PKNORLEN,2017-06,xgboost,F5,S0,29,20,e9b1031dddf19c7a527be26390d4b885ca544cfd804890455547e80ca571a4db,2017-06-07,0.1294015050728959,-0.03668231779045292,2.596121177632861,0.0026627589878826575,0.01437665686502097,39617,
control,own_june,PKNORLEN,2017-06,xgboost,F5,S0,29,20,e9b1031dddf19c7a527be26390d4b885ca544cfd804890455547e80ca571a4db,2017-06-08,0.13802489577034516,0.1049699560521267,2.2754981839206456,0.0033825588790101302,0.013794034637536551,38788,
control,own_june,PKNORLEN,2017-06,xgboost,F5,S0,29,20,e9b1031dddf19c7a527be26390d4b885ca544cfd804890455547e80ca571a4db,2017-06-09,0.114479849854612,-0.020107517843811745,2.0906922607261254,0.0012588400739798862,0.012731261896361073,28484,
control,own_june,PKNORLEN,2017-06,xgboost,F5,S0,29,20,e9b1031dddf19c7a527be26390d4b885ca544cfd804890455547e80ca571a4db,2017-06-12,0.11385455337230559,-0.04855873183452575,2.8656739690922595,0.0038395052296574528,0.01739776532555117,38412,
control,own_june,PKNORLEN,2017-06,xgboost,F5,S0,29,20,e9b1031dddf19c7a527be26390d4b885ca544cfd804890455547e80ca571a4db,2017-06-13,0.04988271056456355,0.017689133060419943,2.6806503246595113,-0.00010626078748008687,0.018380237171996903,58763,
control,own_june,PKNORLEN,2017-06,xgboost,F5,S0,29,20,e9b1031dddf19c7a527be26390d4b885ca544cfd804890455547e80ca571a4db,2017-06-14,0.16854763911392487,0.0484293921989836,2.45585389905757,0.004910188010104122,0.013099543534179754,28561,
control,own_june,PKNORLEN,2017-06,xgboost,F5,S0,29,20,e9b1031dddf19c7a527be26390d4b885ca544cfd804890455547e80ca571a4db,2017-06-16,0.07940020390380355,0.034188536958961645,2.7948581561993957,0.0021490187603721345,0.01716257056690124,56888,
control,own_june,PKNORLEN,2017-06,xgboost,F5,S0,29,20,e9b1031dddf19c7a527be26390d4b885ca544cfd804890455547e80ca571a4db,2017-06-19,0.13543063752789777,0.13492762545703588,3.1142895794471355,0.00047328645495855234,0.016736445633375913,27091,
control,own_june,PKNORLEN,2017-06,xgboost,F5,S0,29,20,e9b1031dddf19c7a527be26390d4b885ca544cfd804890455547e80ca571a4db,2017-06-20,0.14872623033192403,-0.009178641505414233,2.5581575469388613,-0.005465751729241676,0.016656663037122266,28630,
control,own_june,PKNORLEN,2017-06,xgboost,F5,S0,29,20,e9b1031dddf19c7a527be26390d4b885ca544cfd804890455547e80ca571a4db,2017-06-21,0.13788365611264636,0.14858694842492334,3.2156675514757582,-0.003658013922847812,0.019948280110583638,36656,
control,own_june,PKNORLEN,2017-06,xgboost,F5,S0,29,20,e9b1031dddf19c7a527be26390d4b885ca544cfd804890455547e80ca571a4db,2017-06-22,0.14961950951542796,-0.04574632884950888,2.6611511975016895,-0.004428803861154934,0.01690548233618286,45110,
control,own_june,PKNORLEN,2017-06,xgboost,F5,S0,29,20,e9b1031dddf19c7a527be26390d4b885ca544cfd804890455547e80ca571a4db,2017-06-23,0.08604566979526733,0.02256723441841875,3.6968251086014154,-0.0019682313792066452,0.02696524776640962,45471,
control,own_june,PKNORLEN,2017-06,xgboost,F5,S0,29,20,e9b1031dddf19c7a527be26390d4b885ca544cfd804890455547e80ca571a4db,2017-06-26,0.14682306686295543,-0.02297801654132305,2.826460397394382,-0.0015436397811302628,0.0205364160998154,85272,
control,own_june,PKNORLEN,2017-06,xgboost,F5,S0,29,20,e9b1031dddf19c7a527be26390d4b885ca544cfd804890455547e80ca571a4db,2017-06-27,0.11156147106401852,-0.022947420867021874,2.81450954027457,0.002713495760988386,0.013838636672613022,38992,
control,own_june,PKNORLEN,2017-06,xgboost,F5,S0,29,20,e9b1031dddf19c7a527be26390d4b885ca544cfd804890455547e80ca571a4db,2017-06-28,0.15546666887626012,-0.07278827013853552,2.539510717473494,0.0019151482505163039,0.013881704055229732,32746,
control,own_june,PKNORLEN,2017-06,xgboost,F5,S0,29,20,e9b1031dddf19c7a527be26390d4b885ca544cfd804890455547e80ca571a4db,2017-06-29,0.12374164863500228,0.053797778198654396,2.496122634706842,0.0014841123335591672,0.013948600510318244,49386,
control,own_june,PKNORLEN,2017-06,xgboost,F5,S0,29,20,e9b1031dddf19c7a527be26390d4b885ca544cfd804890455547e80ca571a4db,2017-06-30,0.11836723108674947,-0.011725000995400307,2.7319118036360828,0.0023328618730315874,0.01437730225031575,40147,
control,own_june,PKNORLEN,2017-06,xgboost,F5,S0,43,20,247191b37c3d25e120ba43098bcae8b13b848e98a5467ba48cea12cbc1abbb9d,2017-06-01,0.08844704062650775,-0.04818218502668497,2.6046983753914166,0.010807875311194471,0.021162015406868354,42369,
control,own_june,PKNORLEN,2017-06,xgboost,F5,S0,43,20,247191b37c3d25e120ba43098bcae8b13b848e98a5467ba48cea12cbc1abbb9d,2017-06-02,0.17315423862021315,-0.11188662379759025,2.4554024048287633,0.008076941697102906,0.016254260378692032,26703,
control,own_june,PKNORLEN,2017-06,xgboost,F5,S0,43,20,247191b37c3d25e120ba43098bcae8b13b848e98a5467ba48cea12cbc1abbb9d,2017-06-05,0.09527377970096154,-0.09489759138470323,2.8623247482548337,0.013769259363840282,0.020684584216345708,33028,
control,own_june,PKNORLEN,2017-06,xgboost,F5,S0,43,20,247191b37c3d25e120ba43098bcae8b13b848e98a5467ba48cea12cbc1abbb9d,2017-06-06,0.07806334937621168,0.08471870702400602,2.614283515530225,0.008035255083103526,0.015891586035870795,41866,
control,own_june,PKNORLEN,2017-06,xgboost,F5,S0,43,20,247191b37c3d25e120ba43098bcae8b13b848e98a5467ba48cea12cbc1abbb9d,2017-06-07,0.12239937350398332,-0.03668231779045292,2.596121177632861,0.0025002603962233985,0.015652276420324504,39617,
control,own_june,PKNORLEN,2017-06,xgboost,F5,S0,43,20,247191b37c3d25e120ba43098bcae8b13b848e98a5467ba48cea12cbc1abbb9d,2017-06-08,0.10541572580864146,0.1049699560521267,2.2754981839206456,0.0032328476552209743,0.01487794632750077,38788,
control,own_june,PKNORLEN,2017-06,xgboost,F5,S0,43,20,247191b37c3d25e120ba43098bcae8b13b848e98a5467ba48cea12cbc1abbb9d,2017-06-09,0.14838817265294862,-0.020107517843811745,2.0906922607261254,0.0018054307170323174,0.014838837793041225,28484,
control,own_june,PKNORLEN,2017-06,xgboost,F5,S0,43,20,247191b37c3d25e120ba43098bcae8b13b848e98a5467ba48cea12cbc1abbb9d,2017-06-12,0.11370288999229176,-0.04855873183452575,2.8656739690922595,0.002005871291814523,0.017425946019330625,38412,
control,own_june,PKNORLEN,2017-06,xgboost,F5,S0,43,20,247191b37c3d25e120ba43098bcae8b13b848e98a5467ba48cea12cbc1abbb9d,2017-06-13,0.09010611929851625,0.017689133060419943,2.6806503246595113,0.0017574652520735226,0.017448050286474864,58763,
control,own_june,PKNORLEN,2017-06,xgboost,F5,S0,43,20,247191b37c3d25e120ba43098bcae8b13b848e98a5467ba48cea12cbc1abbb9d,2017-06-14,0.09273479656864943,0.0484293921989836,2.45585389905757,0.0034007566043711412,0.015566781767118931,28561,
control,own_june,PKNORLEN,2017-06,xgboost,F5,S0,43,20,247191b37c3d25e120ba43098bcae8b13b848e98a5467ba48cea12cbc1abbb9d,2017-06-16,0.05306894938336456,0.034188536958961645,2.7948581561993957,0.0008499088596313657,0.017809805884914997,56888,
control,own_june,PKNORLEN,2017-06,xgboost,F5,S0,43,20,247191b37c3d25e120ba43098bcae8b13b848e98a5467ba48cea12cbc1abbb9d,2017-06-19,0.07118575874227458,0.13492762545703588,3.1142895794471355,-0.0031547432631446846,0.01780598307198377,27091,
control,own_june,PKNORLEN,2017-06,xgboost,F5,S0,43,20,247191b37c3d25e120ba43098bcae8b13b848e98a5467ba48cea12cbc1abbb9d,2017-06-20,0.07227167053603784,-0.009178641505414233,2.5581575469388613,-0.012189285815773136,0.014872801439452162,28630,
control,own_june,PKNORLEN,2017-06,xgboost,F5,S0,43,20,247191b37c3d25e120ba43098bcae8b13b848e98a5467ba48cea12cbc1abbb9d,2017-06-21,0.041283849534651654,0.14858694842492334,3.2156675514757582,-0.009564640190650538,0.021978449309276837,36656,
control,own_june,PKNORLEN,2017-06,xgboost,F5,S0,43,20,247191b37c3d25e120ba43098bcae8b13b848e98a5467ba48cea12cbc1abbb9d,2017-06-22,0.06627500281087595,-0.04574632884950888,2.6611511975016895,-0.008083010167238574,0.016004659034529255,45110,
control,own_june,PKNORLEN,2017-06,xgboost,F5,S0,43,20,247191b37c3d25e120ba43098bcae8b13b848e98a5467ba48cea12cbc1abbb9d,2017-06-23,0.029504917640315056,0.02256723441841875,3.6968251086014154,-0.007439275480640332,0.02491158054440761,45471,
control,own_june,PKNORLEN,2017-06,xgboost,F5,S0,43,20,247191b37c3d25e120ba43098bcae8b13b848e98a5467ba48cea12cbc1abbb9d,2017-06-26,-0.0460386907250916,-0.02297801654132305,2.826460397394382,-0.012276910410386673,0.021219263829876593,85272,
control,own_june,PKNORLEN,2017-06,xgboost,F5,S0,43,20,247191b37c3d25e120ba43098bcae8b13b848e98a5467ba48cea12cbc1abbb9d,2017-06-27,0.034634768356690784,-0.022947420867021874,2.81450954027457,0.001469021958347611,0.015577064543172897,38992,
control,own_june,PKNORLEN,2017-06,xgboost,F5,S0,43,20,247191b37c3d25e120ba43098bcae8b13b848e98a5467ba48cea12cbc1abbb9d,2017-06-28,0.12666179314599416,-0.07278827013853552,2.539510717473494,0.0016333624246081268,0.01589141035148713,32746,
control,own_june,PKNORLEN,2017-06,xgboost,F5,S0,43,20,247191b37c3d25e120ba43098bcae8b13b848e98a5467ba48cea12cbc1abbb9d,2017-06-29,0.12147816994941009,0.053797778198654396,2.496122634706842,0.0033927444625286894,0.015304864855712126,49386,
control,own_june,PKNORLEN,2017-06,xgboost,F5,S0,43,20,247191b37c3d25e120ba43098bcae8b13b848e98a5467ba48cea12cbc1abbb9d,2017-06-30,0.09874238663743864,-0.011725000995400307,2.7319118036360828,-1.262816870860442e-05,0.016418978455745158,40147,
control,own_june,PKNORLEN,2017-06,xgboost,F5,S0,71,20,68b1a6723fb4a50f675f29a90c75a3ba009a7b07b55ea7429efb7fbad637c329,2017-06-01,0.022645884735857658,-0.04818218502668497,2.6046983753914166,0.009632189400567098,0.02379131386573919,42369,
control,own_june,PKNORLEN,2017-06,xgboost,F5,S0,71,20,68b1a6723fb4a50f675f29a90c75a3ba009a7b07b55ea7429efb7fbad637c329,2017-06-02,0.1082214085208949,-0.11188662379759025,2.4554024048287633,0.008323502840818101,0.014981611873064309,26703,
control,own_june,PKNORLEN,2017-06,xgboost,F5,S0,71,20,68b1a6723fb4a50f675f29a90c75a3ba009a7b07b55ea7429efb7fbad637c329,2017-06-05,-0.008365687964536272,-0.09489759138470323,2.8623247482548337,0.011028264175979918,0.02283675724701314,33028,
control,own_june,PKNORLEN,2017-06,xgboost,F5,S0,71,20,68b1a6723fb4a50f675f29a90c75a3ba009a7b07b55ea7429efb7fbad637c329,2017-06-06,0.057638107807521904,0.08471870702400602,2.614283515530225,0.0071464516749857885,0.01448250558120483,41866,
control,own_june,PKNORLEN,2017-06,xgboost,F5,S0,71,20,68b1a6723fb4a50f675f29a90c75a3ba009a7b07b55ea7429efb7fbad637c329,2017-06-07,0.1229711163016836,-0.03668231779045292,2.596121177632861,0.00778322049372136,0.014109147520157201,39617,
control,own_june,PKNORLEN,2017-06,xgboost,F5,S0,71,20,68b1a6723fb4a50f675f29a90c75a3ba009a7b07b55ea7429efb7fbad637c329,2017-06-08,0.11565005908933397,0.1049699560521267,2.2754981839206456,0.006207226359390124,0.012730413286636212,38788,
control,own_june,PKNORLEN,2017-06,xgboost,F5,S0,71,20,68b1a6723fb4a50f675f29a90c75a3ba009a7b07b55ea7429efb7fbad637c329,2017-06-09,0.1479923759779018,-0.020107517843811745,2.0906922607261254,0.004653373461325502,0.012021656018338718,28484,
control,own_june,PKNORLEN,2017-06,xgboost,F5,S0,71,20,68b1a6723fb4a50f675f29a90c75a3ba009a7b07b55ea7429efb7fbad637c329,2017-06-12,0.091506677110386,-0.04855873183452575,2.8656739690922595,0.0062569192193947425,0.01688901794000554,38412,
control,own_june,PKNORLEN,2017-06,xgboost,F5,S0,71,20,68b1a6723fb4a50f675f29a90c75a3ba009a7b07b55ea7429efb7fbad637c329,2017-06-13,0.11448228049165138,0.017689133060419943,2.6806503246595113,0.00452427104374186,0.016967013706560594,58763,
control,own_june,PKNORLEN,2017-06,xgboost,F5,S0,71,20,68b1a6723fb4a50f675f29a90c75a3ba009a7b07b55ea7429efb7fbad637c329,2017-06-14,0.10560802613846848,0.0484293921989836,2.45585389905757,0.0025525234423427853,0.013596442299353943,28561,
control,own_june,PKNORLEN,2017-06,xgboost,F5,S0,71,20,68b1a6723fb4a50f675f29a90c75a3ba009a7b07b55ea7429efb7fbad637c329,2017-06-16,0.09897157452900766,0.034188536958961645,2.7948581561993957,-0.000832515688692752,0.016611185594231845,56888,
control,own_june,PKNORLEN,2017-06,xgboost,F5,S0,71,20,68b1a6723fb4a50f675f29a90c75a3ba009a7b07b55ea7429efb7fbad637c329,2017-06-19,0.05799556865443938,0.13492762545703588,3.1142895794471355,-0.0022003970460849416,0.01710935178607517,27091,
control,own_june,PKNORLEN,2017-06,xgboost,F5,S0,71,20,68b1a6723fb4a50f675f29a90c75a3ba009a7b07b55ea7429efb7fbad637c329,2017-06-20,0.0972142361552453,-0.009178641505414233,2.5581575469388613,-0.010707672552131292,0.015258975029023491,28630,
control,own_june,PKNORLEN,2017-06,xgboost,F5,S0,71,20,68b1a6723fb4a50f675f29a90c75a3ba009a7b07b55ea7429efb7fbad637c329,2017-06-21,0.05568871148029412,0.14858694842492334,3.2156675514757582,-0.004906278436867616,0.020631801388727392,36656,
control,own_june,PKNORLEN,2017-06,xgboost,F5,S0,71,20,68b1a6723fb4a50f675f29a90c75a3ba009a7b07b55ea7429efb7fbad637c329,2017-06-22,0.09244140867538703,-0.04574632884950888,2.6611511975016895,-0.008138354714178734,0.016243530032708856,45110,
control,own_june,PKNORLEN,2017-06,xgboost,F5,S0,71,20,68b1a6723fb4a50f675f29a90c75a3ba009a7b07b55ea7429efb7fbad637c329,2017-06-23,0.06360930486722957,0.02256723441841875,3.6968251086014154,-0.007381244705694836,0.026653965813101563,45471,
control,own_june,PKNORLEN,2017-06,xgboost,F5,S0,71,20,68b1a6723fb4a50f675f29a90c75a3ba009a7b07b55ea7429efb7fbad637c329,2017-06-26,0.03437009098118381,-0.02297801654132305,2.826460397394382,-0.008022112411047012,0.018895684992423372,85272,
control,own_june,PKNORLEN,2017-06,xgboost,F5,S0,71,20,68b1a6723fb4a50f675f29a90c75a3ba009a7b07b55ea7429efb7fbad637c329,2017-06-27,0.12794229013964312,-0.022947420867021874,2.81450954027457,-0.00018177789259147072,0.013818982232917472,38992,
control,own_june,PKNORLEN,2017-06,xgboost,F5,S0,71,20,68b1a6723fb4a50f675f29a90c75a3ba009a7b07b55ea7429efb7fbad637c329,2017-06-28,0.18165337813331559,-0.07278827013853552,2.539510717473494,0.0019867772690083016,0.013540545158745036,32746,
control,own_june,PKNORLEN,2017-06,xgboost,F5,S0,71,20,68b1a6723fb4a50f675f29a90c75a3ba009a7b07b55ea7429efb7fbad637c329,2017-06-29,0.1437045116108421,0.053797778198654396,2.496122634706842,-0.0010359117308699354,0.01255556706076367,49386,
control,own_june,PKNORLEN,2017-06,xgboost,F5,S0,71,20,68b1a6723fb4a50f675f29a90c75a3ba009a7b07b55ea7429efb7fbad637c329,2017-06-30,0.17731246733742306,-0.011725000995400307,2.7319118036360828,0.0002355121126063514,0.015317322485263187,40147,
control,own_june,PKNORLEN,2017-06,xgboost,F5,S1,7,20,a109e5179263899aeb9d3bbf98a331cd01e590368e8e99103f76cd2f1a678fa0,2017-06-01,0.03941356940536909,-0.04818218502668497,2.6046983753914166,0.002427563904633389,0.015199956982691233,42369,
control,own_june,PKNORLEN,2017-06,xgboost,F5,S1,7,20,a109e5179263899aeb9d3bbf98a331cd01e590368e8e99103f76cd2f1a678fa0,2017-06-02,0.07040113202712263,-0.11188662379759025,2.4554024048287633,0.00166285479593541,0.013516860872367328,26703,
control,own_june,PKNORLEN,2017-06,xgboost,F5,S1,7,20,a109e5179263899aeb9d3bbf98a331cd01e590368e8e99103f76cd2f1a678fa0,2017-06-05,-0.02994397085746345,-0.09489759138470323,2.8623247482548337,0.0058163071064641055,0.017755122219399122,33028,
control,own_june,PKNORLEN,2017-06,xgboost,F5,S1,7,20,a109e5179263899aeb9d3bbf98a331cd01e590368e8e99103f76cd2f1a678fa0,2017-06-06,0.000525119291368954,0.08471870702400602,2.614283515530225,0.0022341919959703548,0.012429472141073084,41866,
control,own_june,PKNORLEN,2017-06,xgboost,F5,S1,7,20,a109e5179263899aeb9d3bbf98a331cd01e590368e8e99103f76cd2f1a678fa0,2017-06-07,0.025629697967010916,-0.03668231779045292,2.596121177632861,0.002664082725523185,0.011503010971599706,39617,
control,own_june,PKNORLEN,2017-06,xgboost,F5,S1,7,20,a109e5179263899aeb9d3bbf98a331cd01e590368e8e99103f76cd2f1a678fa0,2017-06-08,0.03153609070514627,0.1049699560521267,2.2754981839206456,0.0032908576407120072,0.010758060086434486,38788,
control,own_june,PKNORLEN,2017-06,xgboost,F5,S1,7,20,a109e5179263899aeb9d3bbf98a331cd01e590368e8e99103f76cd2f1a678fa0,2017-06-09,0.02661470786277438,-0.020107517843811745,2.0906922607261254,0.0023406587612119817,0.01004729153710696,28484,
control,own_june,PKNORLEN,2017-06,xgboost,F5,S1,7,20,a109e5179263899aeb9d3bbf98a331cd01e590368e8e99103f76cd2f1a678fa0,2017-06-12,0.01057565796563304,-0.04855873183452575,2.8656739690922595,0.002903414069095366,0.013820181851488991,38412,
control,own_june,PKNORLEN,2017-06,xgboost,F5,S1,7,20,a109e5179263899aeb9d3bbf98a331cd01e590368e8e99103f76cd2f1a678fa0,2017-06-13,-0.04920384166623039,0.017689133060419943,2.6806503246595113,0.0015333539509414902,0.016326938589129182,58763,
control,own_june,PKNORLEN,2017-06,xgboost,F5,S1,7,20,a109e5179263899aeb9d3bbf98a331cd01e590368e8e99103f76cd2f1a678fa0,2017-06-14,0.06318114919365521,0.0484293921989836,2.45585389905757,0.0028779226146105705,0.011433067758388076,28561,
control,own_june,PKNORLEN,2017-06,xgboost,F5,S1,7,20,a109e5179263899aeb9d3bbf98a331cd01e590368e8e99103f76cd2f1a678fa0,2017-06-16,0.06463122843192011,0.034188536958961645,2.7948581561993957,0.0021436533435644544,0.014316715201040681,56888,
control,own_june,PKNORLEN,2017-06,xgboost,F5,S1,7,20,a109e5179263899aeb9d3bbf98a331cd01e590368e8e99103f76cd2f1a678fa0,2017-06-19,0.053734727996965985,0.13492762545703588,3.1142895794471355,0.0030452477810719776,0.014405883838482434,27091,
control,own_june,PKNORLEN,2017-06,xgboost,F5,S1,7,20,a109e5179263899aeb9d3bbf98a331cd01e590368e8e99103f76cd2f1a678fa0,2017-06-20,0.01986062182732058,-0.009178641505414233,2.5581575469388613,0.0030925071805706127,0.011098205983509085,28630,
control,own_june,PKNORLEN,2017-06,xgboost,F5,S1,7,20,a109e5179263899aeb9d3bbf98a331cd01e590368e8e99103f76cd2f1a678fa0,2017-06-21,0.0477279353362839,0.14858694842492334,3.2156675514757582,0.0029349903958573536,0.013565246343818223,36656,
control,own_june,PKNORLEN,2017-06,xgboost,F5,S1,7,20,a109e5179263899aeb9d3bbf98a331cd01e590368e8e99103f76cd2f1a678fa0,2017-06-22,0.03864150531944932,-0.04574632884950888,2.6611511975016895,0.0028109480129477242,0.012239133083303246,45110,
control,own_june,PKNORLEN,2017-06,xgboost,F5,S1,7,20,a109e5179263899aeb9d3bbf98a331cd01e590368e8e99103f76cd2f1a678fa0,2017-06-23,0.017498020050513284,0.02256723441841875,3.6968251086014154,0.004774776028475616,0.018106581148323923,45471,
control,own_june,PKNORLEN,2017-06,xgboost,F5,S1,7,20,a109e5179263899aeb9d3bbf98a331cd01e590368e8e99103f76cd2f1a678fa0,2017-06-26,0.10204549625745314,-0.02297801654132305,2.826460397394382,0.004661179294446812,0.013959085705436225,85272,
control,own_june,PKNORLEN,2017-06,xgboost,F5,S1,7,20,a109e5179263899aeb9d3bbf98a331cd01e590368e8e99103f76cd2f1a678fa0,2017-06-27,0.054598300387854716,-0.022947420867021874,2.81450954027457,0.0024306247840071267,0.012263786465887301,38992,
control,own_june,PKNORLEN,2017-06,xgboost,F5,S1,7,20,a109e5179263899aeb9d3bbf98a331cd01e590368e8e99103f76cd2f1a678fa0,2017-06-28,0.02672983969206373,-0.07278827013853552,2.539510717473494,0.0019268890569934297,0.011578479126998798,32746,
control,own_june,PKNORLEN,2017-06,xgboost,F5,S1,7,20,a109e5179263899aeb9d3bbf98a331cd01e590368e8e99103f76cd2f1a678fa0,2017-06-29,0.037816014845489763,0.053797778198654396,2.496122634706842,0.0027225533524565184,0.011596619288816104,49386,
control,own_june,PKNORLEN,2017-06,xgboost,F5,S1,7,20,a109e5179263899aeb9d3bbf98a331cd01e590368e8e99103f76cd2f1a678fa0,2017-06-30,0.0482626739384829,-0.011725000995400307,2.7319118036360828,0.0024125890685607514,0.012291296055228112,40147,
control,own_june,PKNORLEN,2017-06,xgboost,F5,S1,17,20,b94e4a734df2ccfe2a13e1970217dbaef8bfd32ce1b81aa4cde4d569fbbeaeea,2017-06-01,0.0547679676755076,-0.04818218502668497,2.6046983753914166,0.004665833161547806,0.018373997209939347,42369,
control,own_june,PKNORLEN,2017-06,xgboost,F5,S1,17,20,b94e4a734df2ccfe2a13e1970217dbaef8bfd32ce1b81aa4cde4d569fbbeaeea,2017-06-02,0.0694709156030825,-0.11188662379759025,2.4554024048287633,0.0033621779795263767,0.013140608851321426,26703,
control,own_june,PKNORLEN,2017-06,xgboost,F5,S1,17,20,b94e4a734df2ccfe2a13e1970217dbaef8bfd32ce1b81aa4cde4d569fbbeaeea,2017-06-05,0.060962413745877575,-0.09489759138470323,2.8623247482548337,0.0063524686837309685,0.015419925253950771,33028,
control,own_june,PKNORLEN,2017-06,xgboost,F5,S1,17,20,b94e4a734df2ccfe2a13e1970217dbaef8bfd32ce1b81aa4cde4d569fbbeaeea,2017-06-06,0.05875718120268437,0.08471870702400602,2.614283515530225,0.0018498712348771211,0.012475109343828695,41866,
control,own_june,PKNORLEN,2017-06,xgboost,F5,S1,17,20,b94e4a734df2ccfe2a13e1970217dbaef8bfd32ce1b81aa4cde4d569fbbeaeea,2017-06-07,0.040795956029084784,-0.03668231779045292,2.596121177632861,0.0038193821309336863,0.011815590840264225,39617,
control,own_june,PKNORLEN,2017-06,xgboost,F5,S1,17,20,b94e4a734df2ccfe2a13e1970217dbaef8bfd32ce1b81aa4cde4d569fbbeaeea,2017-06-08,0.07222382258905385,0.1049699560521267,2.2754981839206456,0.004349836303276941,0.010698342688729899,38788,
control,own_june,PKNORLEN,2017-06,xgboost,F5,S1,17,20,b94e4a734df2ccfe2a13e1970217dbaef8bfd32ce1b81aa4cde4d569fbbeaeea,2017-06-09,0.04863479844809269,-0.020107517843811745,2.0906922607261254,0.004130809201138376,0.01059589359657679,28484,
control,own_june,PKNORLEN,2017-06,xgboost,F5,S1,17,20,b94e4a734df2ccfe2a13e1970217dbaef8bfd32ce1b81aa4cde4d569fbbeaeea,2017-06-12,0.061688327372271624,-0.04855873183452575,2.8656739690922595,0.004312832123653359,0.013565112838525566,38412,
control,own_june,PKNORLEN,2017-06,xgboost,F5,S1,17,20,b94e4a734df2ccfe2a13e1970217dbaef8bfd32ce1b81aa4cde4d569fbbeaeea,2017-06-13,0.1026540728081016,0.017689133060419943,2.6806503246595113,0.005468594590879668,0.014930871986579374,58763,
control,own_june,PKNORLEN,2017-06,xgboost,F5,S1,17,20,b94e4a734df2ccfe2a13e1970217dbaef8bfd32ce1b81aa4cde4d569fbbeaeea,2017-06-14,0.07212311079369145,0.0484293921989836,2.45585389905757,0.003390451810169574,0.012141558133716465,28561,
control,own_june,PKNORLEN,2017-06,xgboost,F5,S1,17,20,b94e4a734df2ccfe2a13e1970217dbaef8bfd32ce1b81aa4cde4d569fbbeaeea,2017-06-16,0.055473720738636115,0.034188536958961645,2.7948581561993957,0.0031916820739400073,0.016175317886709985,56888,
control,own_june,PKNORLEN,2017-06,xgboost,F5,S1,17,20,b94e4a734df2ccfe2a13e1970217dbaef8bfd32ce1b81aa4cde4d569fbbeaeea,2017-06-19,0.03308834426626231,0.13492762545703588,3.1142895794471355,0.0033626518882741625,0.016150481125864518,27091,
control,own_june,PKNORLEN,2017-06,xgboost,F5,S1,17,20,b94e4a734df2ccfe2a13e1970217dbaef8bfd32ce1b81aa4cde4d569fbbeaeea,2017-06-20,0.0672577190543231,-0.009178641505414233,2.5581575469388613,0.004180629877023883,0.011571624089744237,28630,
control,own_june,PKNORLEN,2017-06,xgboost,F5,S1,17,20,b94e4a734df2ccfe2a13e1970217dbaef8bfd32ce1b81aa4cde4d569fbbeaeea,2017-06-21,-0.02212104661950549,0.14858694842492334,3.2156675514757582,0.002895940757873212,0.018841395952647232,36656,
control,own_june,PKNORLEN,2017-06,xgboost,F5,S1,17,20,b94e4a734df2ccfe2a13e1970217dbaef8bfd32ce1b81aa4cde4d569fbbeaeea,2017-06-22,0.0004461416836039989,-0.04574632884950888,2.6611511975016895,0.004283637505062762,0.014473315749209665,45110,
control,own_june,PKNORLEN,2017-06,xgboost,F5,S1,17,20,b94e4a734df2ccfe2a13e1970217dbaef8bfd32ce1b81aa4cde4d569fbbeaeea,2017-06-23,0.01626814325246726,0.02256723441841875,3.6968251086014154,0.0065784189377047,0.02256032943973603,45471,
control,own_june,PKNORLEN,2017-06,xgboost,F5,S1,17,20,b94e4a734df2ccfe2a13e1970217dbaef8bfd32ce1b81aa4cde4d569fbbeaeea,2017-06-26,0.08062889563951187,-0.02297801654132305,2.826460397394382,0.004950830533143227,0.015577993831938518,85272,
control,own_june,PKNORLEN,2017-06,xgboost,F5,S1,17,20,b94e4a734df2ccfe2a13e1970217dbaef8bfd32ce1b81aa4cde4d569fbbeaeea,2017-06-27,0.07011172636591755,-0.022947420867021874,2.81450954027457,0.0019526725286385187,0.012878395902433087,38992,
control,own_june,PKNORLEN,2017-06,xgboost,F5,S1,17,20,b94e4a734df2ccfe2a13e1970217dbaef8bfd32ce1b81aa4cde4d569fbbeaeea,2017-06-28,0.0381557226911815,-0.07278827013853552,2.539510717473494,0.00310567120193552,0.0121935607769745,32746,
control,own_june,PKNORLEN,2017-06,xgboost,F5,S1,17,20,b94e4a734df2ccfe2a13e1970217dbaef8bfd32ce1b81aa4cde4d569fbbeaeea,2017-06-29,0.07478613319785778,0.053797778198654396,2.496122634706842,0.0029289996362367953,0.011985407097339975,49386,
control,own_june,PKNORLEN,2017-06,xgboost,F5,S1,17,20,b94e4a734df2ccfe2a13e1970217dbaef8bfd32ce1b81aa4cde4d569fbbeaeea,2017-06-30,0.0416606767023953,-0.011725000995400307,2.7319118036360828,0.002154482498369562,0.01302002674312635,40147,
control,own_june,PKNORLEN,2017-06,xgboost,F5,S1,29,20,39006b96ba83023d44c36df4c0e2a95c6a1891be5d15c59a8e85628290a6da59,2017-06-01,0.0006084072242604848,-0.04818218502668497,2.6046983753914166,0.0017887177258955594,0.0167579935479248,42369,
control,own_june,PKNORLEN,2017-06,xgboost,F5,S1,29,20,39006b96ba83023d44c36df4c0e2a95c6a1891be5d15c59a8e85628290a6da59,2017-06-02,0.04479145111674276,-0.11188662379759025,2.4554024048287633,0.002968154550312279,0.012870944376897715,26703,
control,own_june,PKNORLEN,2017-06,xgboost,F5,S1,29,20,39006b96ba83023d44c36df4c0e2a95c6a1891be5d15c59a8e85628290a6da59,2017-06-05,0.014619879136963292,-0.09489759138470323,2.8623247482548337,0.002252256855023133,0.014489499250414537,33028,
control,own_june,PKNORLEN,2017-06,xgboost,F5,S1,29,20,39006b96ba83023d44c36df4c0e2a95c6a1891be5d15c59a8e85628290a6da59,2017-06-06,0.020280372142133286,0.08471870702400602,2.614283515530225,0.004205663704956294,0.012538055314829363,41866,
control,own_june,PKNORLEN,2017-06,xgboost,F5,S1,29,20,39006b96ba83023d44c36df4c0e2a95c6a1891be5d15c59a8e85628290a6da59,2017-06-07,0.0347561021042366,-0.03668231779045292,2.596121177632861,0.005562311377262585,0.012100937259456686,39617,
control,own_june,PKNORLEN,2017-06,xgboost,F5,S1,29,20,39006b96ba83023d44c36df4c0e2a95c6a1891be5d15c59a8e85628290a6da59,2017-06-08,0.004975241941491523,0.1049699560521267,2.2754981839206456,0.005766166995556309,0.011799769773654586,38788,
control,own_june,PKNORLEN,2017-06,xgboost,F5,S1,29,20,39006b96ba83023d44c36df4c0e2a95c6a1891be5d15c59a8e85628290a6da59,2017-06-09,0.04604593409519223,-0.020107517843811745,2.0906922607261254,0.005634854960679167,0.011898494591300348,28484,
control,own_june,PKNORLEN,2017-06,xgboost,F5,S1,29,20,39006b96ba83023d44c36df4c0e2a95c6a1891be5d15c59a8e85628290a6da59,2017-06-12,-0.013540111544717397,-0.04855873183452575,2.8656739690922595,0.005328770987132209,0.01339516296099475,38412,
control,own_june,PKNORLEN,2017-06,xgboost,F5,S1,29,20,39006b96ba83023d44c36df4c0e2a95c6a1891be5d15c59a8e85628290a6da59,2017-06-13,-0.028864596437588715,0.017689133060419943,2.6806503246595113,0.005149484954886764,0.012800991986331285,58763,
control,own_june,PKNORLEN,2017-06,xgboost,F5,S1,29,20,39006b96ba83023d44c36df4c0e2a95c6a1891be5d15c59a8e85628290a6da59,2017-06-14,0.06213599040493354,0.0484293921989836,2.45585389905757,0.006711766997231005,0.012465835724974604,28561,
control,own_june,PKNORLEN,2017-06,xgboost,F5,S1,29,20,39006b96ba83023d44c36df4c0e2a95c6a1891be5d15c59a8e85628290a6da59,2017-06-16,0.01309007951566145,0.034188536958961645,2.7948581561993957,0.007402408695524432,0.01436050013733546,56888,
control,own_june,PKNORLEN,2017-06,xgboost,F5,S1,29,20,39006b96ba83023d44c36df4c0e2a95c6a1891be5d15c59a8e85628290a6da59,2017-06-19,0.012682679439665487,0.13492762545703588,3.1142895794471355,0.00303865912255683,0.01646915155117206,27091,
control,own_june,PKNORLEN,2017-06,xgboost,F5,S1,29,20,39006b96ba83023d44c36df4c0e2a95c6a1891be5d15c59a8e85628290a6da59,2017-06-20,0.05958688223068633,-0.009178641505414233,2.5581575469388613,0.004274547474791917,0.014311705600471692,28630,
control,own_june,PKNORLEN,2017-06,xgboost,F5,S1,29,20,39006b96ba83023d44c36df4c0e2a95c6a1891be5d15c59a8e85628290a6da59,2017-06-21,0.017385197835361774,0.14858694842492334,3.2156675514757582,0.00674595009359772,0.015124539953815427,36656,
control,own_june,PKNORLEN,2017-06,xgboost,F5,S1,29,20,39006b96ba83023d44c36df4c0e2a95c6a1891be5d15c59a8e85628290a6da59,2017-06-22,0.017821043325493457,-0.04574632884950888,2.6611511975016895,0.0053562278407978895,0.014602997117124997,45110,
control,own_june,PKNORLEN,2017-06,xgboost,F5,S1,29,20,39006b96ba83023d44c36df4c0e2a95c6a1891be5d15c59a8e85628290a6da59,2017-06-23,0.022218936873572365,0.02256723441841875,3.6968251086014154,0.0077245452833847525,0.020279285550766496,45471,
control,own_june,PKNORLEN,2017-06,xgboost,F5,S1,29,20,39006b96ba83023d44c36df4c0e2a95c6a1891be5d15c59a8e85628290a6da59,2017-06-26,-0.1373742139407329,-0.02297801654132305,2.826460397394382,0.005223119068238648,0.016404542224511303,85272,
control,own_june,PKNORLEN,2017-06,xgboost,F5,S1,29,20,39006b96ba83023d44c36df4c0e2a95c6a1891be5d15c59a8e85628290a6da59,2017-06-27,0.036867280989271396,-0.022947420867021874,2.81450954027457,0.007156260035920289,0.012865327154454988,38992,
control,own_june,PKNORLEN,2017-06,xgboost,F5,S1,29,20,39006b96ba83023d44c36df4c0e2a95c6a1891be5d15c59a8e85628290a6da59,2017-06-28,-0.03009786851723632,-0.07278827013853552,2.539510717473494,0.008187926246058021,0.011699970417896563,32746,
control,own_june,PKNORLEN,2017-06,xgboost,F5,S1,29,20,39006b96ba83023d44c36df4c0e2a95c6a1891be5d15c59a8e85628290a6da59,2017-06-29,-0.005384979501139384,0.053797778198654396,2.496122634706842,0.006752751057005916,0.013707270267321919,49386,
control,own_june,PKNORLEN,2017-06,xgboost,F5,S1,29,20,39006b96ba83023d44c36df4c0e2a95c6a1891be5d15c59a8e85628290a6da59,2017-06-30,0.03706313062847644,-0.011725000995400307,2.7319118036360828,0.008102436171872021,0.013396723535559794,40147,
control,own_june,PKNORLEN,2017-06,xgboost,F5,S1,43,20,6f9a85ac82c0ebbcd1b1d6c5ff89170150cbcfde0bc0d753ebef1b0e6abe7c16,2017-06-01,0.0030004949443522837,-0.04818218502668497,2.6046983753914166,0.0050839007769990984,0.01529803459503331,42369,
control,own_june,PKNORLEN,2017-06,xgboost,F5,S1,43,20,6f9a85ac82c0ebbcd1b1d6c5ff89170150cbcfde0bc0d753ebef1b0e6abe7c16,2017-06-02,-0.08036064472942997,-0.11188662379759025,2.4554024048287633,0.0075836223647404305,0.012489751542503293,26703,
control,own_june,PKNORLEN,2017-06,xgboost,F5,S1,43,20,6f9a85ac82c0ebbcd1b1d6c5ff89170150cbcfde0bc0d753ebef1b0e6abe7c16,2017-06-05,0.009886369910084656,-0.09489759138470323,2.8623247482548337,0.005317744706740363,0.014056640132733954,33028,
control,own_june,PKNORLEN,2017-06,xgboost,F5,S1,43,20,6f9a85ac82c0ebbcd1b1d6c5ff89170150cbcfde0bc0d753ebef1b0e6abe7c16,2017-06-06,0.0024469986851005762,0.08471870702400602,2.614283515530225,0.004422434725296167,0.012937382031787197,41866,
control,own_june,PKNORLEN,2017-06,xgboost,F5,S1,43,20,6f9a85ac82c0ebbcd1b1d6c5ff89170150cbcfde0bc0d753ebef1b0e6abe7c16,2017-06-07,0.013186224900411955,-0.03668231779045292,2.596121177632861,0.0037180308589438997,0.012834949362390146,39617,
control,own_june,PKNORLEN,2017-06,xgboost,F5,S1,43,20,6f9a85ac82c0ebbcd1b1d6c5ff89170150cbcfde0bc0d753ebef1b0e6abe7c16,2017-06-08,0.008304974858086017,0.1049699560521267,2.2754981839206456,0.002998575881126112,0.011898350368406526,38788,
control,own_june,PKNORLEN,2017-06,xgboost,F5,S1,43,20,6f9a85ac82c0ebbcd1b1d6c5ff89170150cbcfde0bc0d753ebef1b0e6abe7c16,2017-06-09,0.00533060195503818,-0.020107517843811745,2.0906922607261254,0.0026846578012229977,0.011845072013153842,28484,
control,own_june,PKNORLEN,2017-06,xgboost,F5,S1,43,20,6f9a85ac82c0ebbcd1b1d6c5ff89170150cbcfde0bc0d753ebef1b0e6abe7c16,2017-06-12,0.028943122869813806,-0.04855873183452575,2.8656739690922595,0.0005147296036631924,0.013931156515926982,38412,
control,own_june,PKNORLEN,2017-06,xgboost,F5,S1,43,20,6f9a85ac82c0ebbcd1b1d6c5ff89170150cbcfde0bc0d753ebef1b0e6abe7c16,2017-06-13,-0.012329662571024292,0.017689133060419943,2.6806503246595113,0.0024885907099136064,0.016176740471356532,58763,
control,own_june,PKNORLEN,2017-06,xgboost,F5,S1,43,20,6f9a85ac82c0ebbcd1b1d6c5ff89170150cbcfde0bc0d753ebef1b0e6abe7c16,2017-06-14,0.04725720357214916,0.0484293921989836,2.45585389905757,0.005032223597863183,0.013580709081216832,28561,
control,own_june,PKNORLEN,2017-06,xgboost,F5,S1,43,20,6f9a85ac82c0ebbcd1b1d6c5ff89170150cbcfde0bc0d753ebef1b0e6abe7c16,2017-06-16,0.029808206383902358,0.034188536958961645,2.7948581561993957,0.004698791944771696,0.01583069360126091,56888,
control,own_june,PKNORLEN,2017-06,xgboost,F5,S1,43,20,6f9a85ac82c0ebbcd1b1d6c5ff89170150cbcfde0bc0d753ebef1b0e6abe7c16,2017-06-19,0.035227365385356715,0.13492762545703588,3.1142895794471355,0.004307811212166305,0.014743091245377317,27091,
control,own_june,PKNORLEN,2017-06,xgboost,F5,S1,43,20,6f9a85ac82c0ebbcd1b1d6c5ff89170150cbcfde0bc0d753ebef1b0e6abe7c16,2017-06-20,0.031245619922700304,-0.009178641505414233,2.5581575469388613,0.004232194096572473,0.011936999292360388,28630,
control,own_june,PKNORLEN,2017-06,xgboost,F5,S1,43,20,6f9a85ac82c0ebbcd1b1d6c5ff89170150cbcfde0bc0d753ebef1b0e6abe7c16,2017-06-21,0.025950228838654887,0.14858694842492334,3.2156675514757582,0.0037322131612211396,0.015741284151506527,36656,
control,own_june,PKNORLEN,2017-06,xgboost,F5,S1,43,20,6f9a85ac82c0ebbcd1b1d6c5ff89170150cbcfde0bc0d753ebef1b0e6abe7c16,2017-06-22,0.050873655426985215,-0.04574632884950888,2.6611511975016895,0.003454971187200391,0.012978199269331721,45110,
control,own_june,PKNORLEN,2017-06,xgboost,F5,S1,43,20,6f9a85ac82c0ebbcd1b1d6c5ff89170150cbcfde0bc0d753ebef1b0e6abe7c16,2017-06-23,0.03602894271711576,0.02256723441841875,3.6968251086014154,0.0029863911595832144,0.017758693210059802,45471,
control,own_june,PKNORLEN,2017-06,xgboost,F5,S1,43,20,6f9a85ac82c0ebbcd1b1d6c5ff89170150cbcfde0bc0d753ebef1b0e6abe7c16,2017-06-26,0.02986450538860994,-0.02297801654132305,2.826460397394382,0.004055194488517469,0.014536452024835373,85272,
control,own_june,PKNORLEN,2017-06,xgboost,F5,S1,43,20,6f9a85ac82c0ebbcd1b1d6c5ff89170150cbcfde0bc0d753ebef1b0e6abe7c16,2017-06-27,0.002640334422240414,-0.022947420867021874,2.81450954027457,0.004826706279307605,0.014020827777088784,38992,
control,own_june,PKNORLEN,2017-06,xgboost,F5,S1,43,20,6f9a85ac82c0ebbcd1b1d6c5ff89170150cbcfde0bc0d753ebef1b0e6abe7c16,2017-06-28,0.08098370430647275,-0.07278827013853552,2.539510717473494,0.0021077573936673947,0.013206136240358329,32746,
control,own_june,PKNORLEN,2017-06,xgboost,F5,S1,43,20,6f9a85ac82c0ebbcd1b1d6c5ff89170150cbcfde0bc0d753ebef1b0e6abe7c16,2017-06-29,0.05567515929357458,0.053797778198654396,2.496122634706842,0.006151798382446235,0.013673510400518772,49386,
control,own_june,PKNORLEN,2017-06,xgboost,F5,S1,43,20,6f9a85ac82c0ebbcd1b1d6c5ff89170150cbcfde0bc0d753ebef1b0e6abe7c16,2017-06-30,0.02783240291220227,-0.011725000995400307,2.7319118036360828,0.004236881494374023,0.013875179185127843,40147,
control,own_june,PKNORLEN,2017-06,xgboost,F5,S1,71,20,6720083f49334f7a6be5bd4e685f9557d7c1860961f8276105873d42d346b26a,2017-06-01,0.009258185488182575,-0.04818218502668497,2.6046983753914166,0.003246328884015005,0.015735650384561435,42369,
control,own_june,PKNORLEN,2017-06,xgboost,F5,S1,71,20,6720083f49334f7a6be5bd4e685f9557d7c1860961f8276105873d42d346b26a,2017-06-02,0.04278533858956475,-0.11188662379759025,2.4554024048287633,0.0023092312551454153,0.012771221794154058,26703,
control,own_june,PKNORLEN,2017-06,xgboost,F5,S1,71,20,6720083f49334f7a6be5bd4e685f9557d7c1860961f8276105873d42d346b26a,2017-06-05,0.01887272675217324,-0.09489759138470323,2.8623247482548337,0.0014469021062595744,0.014849260303340075,33028,
control,own_june,PKNORLEN,2017-06,xgboost,F5,S1,71,20,6720083f49334f7a6be5bd4e685f9557d7c1860961f8276105873d42d346b26a,2017-06-06,0.018258689667291696,0.08471870702400602,2.614283515530225,0.0034408117520693606,0.0142373694393795,41866,
control,own_june,PKNORLEN,2017-06,xgboost,F5,S1,71,20,6720083f49334f7a6be5bd4e685f9557d7c1860961f8276105873d42d346b26a,2017-06-07,0.04219293088890104,-0.03668231779045292,2.596121177632861,0.007395128280611395,0.013342779357050083,39617,
control,own_june,PKNORLEN,2017-06,xgboost,F5,S1,71,20,6720083f49334f7a6be5bd4e685f9557d7c1860961f8276105873d42d346b26a,2017-06-08,0.04552856357029925,0.1049699560521267,2.2754981839206456,0.006313505975885845,0.012998913616437902,38788,
control,own_june,PKNORLEN,2017-06,xgboost,F5,S1,71,20,6720083f49334f7a6be5bd4e685f9557d7c1860961f8276105873d42d346b26a,2017-06-09,0.046897035158363784,-0.020107517843811745,2.0906922607261254,0.0035690150971911805,0.011913105094960777,28484,
control,own_june,PKNORLEN,2017-06,xgboost,F5,S1,71,20,6720083f49334f7a6be5bd4e685f9557d7c1860961f8276105873d42d346b26a,2017-06-12,0.013622571037164074,-0.04855873183452575,2.8656739690922595,0.006104969362279924,0.01463520368684044,38412,
control,own_june,PKNORLEN,2017-06,xgboost,F5,S1,71,20,6720083f49334f7a6be5bd4e685f9557d7c1860961f8276105873d42d346b26a,2017-06-13,0.05769906457808558,0.017689133060419943,2.6806503246595113,0.008958194608863951,0.015941127115637367,58763,
control,own_june,PKNORLEN,2017-06,xgboost,F5,S1,71,20,6720083f49334f7a6be5bd4e685f9557d7c1860961f8276105873d42d346b26a,2017-06-14,0.04909023849722366,0.0484293921989836,2.45585389905757,0.0049777569566492996,0.01255905399151273,28561,
control,own_june,PKNORLEN,2017-06,xgboost,F5,S1,71,20,6720083f49334f7a6be5bd4e685f9557d7c1860961f8276105873d42d346b26a,2017-06-16,0.011762659197546875,0.034188536958961645,2.7948581561993957,0.006741917733932694,0.01484812583071583,56888,
control,own_june,PKNORLEN,2017-06,xgboost,F5,S1,71,20,6720083f49334f7a6be5bd4e685f9557d7c1860961f8276105873d42d346b26a,2017-06-19,0.015100843203252971,0.13492762545703588,3.1142895794471355,0.005710603968319011,0.014977412460158952,27091,
control,own_june,PKNORLEN,2017-06,xgboost,F5,S1,71,20,6720083f49334f7a6be5bd4e685f9557d7c1860961f8276105873d42d346b26a,2017-06-20,0.032747368788080815,-0.009178641505414233,2.5581575469388613,0.0016583895032428117,0.012520328985937242,28630,
control,own_june,PKNORLEN,2017-06,xgboost,F5,S1,71,20,6720083f49334f7a6be5bd4e685f9557d7c1860961f8276105873d42d346b26a,2017-06-21,0.01853322678582619,0.14858694842492334,3.2156675514757582,0.004648025285856882,0.01583239842801658,36656,
control,own_june,PKNORLEN,2017-06,xgboost,F5,S1,71,20,6720083f49334f7a6be5bd4e685f9557d7c1860961f8276105873d42d346b26a,2017-06-22,0.014708959141728366,-0.04574632884950888,2.6611511975016895,0.0038925625527469797,0.014346124390573917,45110,
control,own_june,PKNORLEN,2017-06,xgboost,F5,S1,71,20,6720083f49334f7a6be5bd4e685f9557d7c1860961f8276105873d42d346b26a,2017-06-23,0.04220777469269494,0.02256723441841875,3.6968251086014154,0.004102501146669047,0.020074390366551096,45471,
control,own_june,PKNORLEN,2017-06,xgboost,F5,S1,71,20,6720083f49334f7a6be5bd4e685f9557d7c1860961f8276105873d42d346b26a,2017-06-26,0.07997829152874303,-0.02297801654132305,2.826460397394382,0.006410207616163685,0.017053579482826594,85272,
control,own_june,PKNORLEN,2017-06,xgboost,F5,S1,71,20,6720083f49334f7a6be5bd4e685f9557d7c1860961f8276105873d42d346b26a,2017-06-27,0.027490460379228775,-0.022947420867021874,2.81450954027457,0.005348887147751784,0.013094983028306565,38992,
control,own_june,PKNORLEN,2017-06,xgboost,F5,S1,71,20,6720083f49334f7a6be5bd4e685f9557d7c1860961f8276105873d42d346b26a,2017-06-28,-0.013871135227109909,-0.07278827013853552,2.539510717473494,0.005195510090721208,0.011937067958272625,32746,
control,own_june,PKNORLEN,2017-06,xgboost,F5,S1,71,20,6720083f49334f7a6be5bd4e685f9557d7c1860961f8276105873d42d346b26a,2017-06-29,0.003406071859771454,0.053797778198654396,2.496122634706842,0.005347073046045011,0.013442644808957772,49386,
control,own_june,PKNORLEN,2017-06,xgboost,F5,S1,71,20,6720083f49334f7a6be5bd4e685f9557d7c1860961f8276105873d42d346b26a,2017-06-30,-0.026733015877746878,-0.011725000995400307,2.7319118036360828,0.006000049943587713,0.014543698564191328,40147,
control,own_june,PKOBP,2017-06,xgboost,F5,S0,7,20,edaef222f88f1452ed19c51c561f64b373112970802aba235891464c580c8d90,2017-06-01,0.053878734996258684,-0.03793380359417656,1.5490195780482146,-0.005950620253253419,0.014018193728843017,50774,
control,own_june,PKOBP,2017-06,xgboost,F5,S0,7,20,edaef222f88f1452ed19c51c561f64b373112970802aba235891464c580c8d90,2017-06-02,0.08447846611706428,-0.0033531217355494787,2.062991292566417,-0.004996033656697538,0.017196300190043347,49694,
control,own_june,PKOBP,2017-06,xgboost,F5,S0,7,20,edaef222f88f1452ed19c51c561f64b373112970802aba235891464c580c8d90,2017-06-05,0.028977871283792374,0.037729087391150606,2.2247047296010543,-0.0018930723394944458,0.019899248694511998,42497,
control,own_june,PKOBP,2017-06,xgboost,F5,S0,7,20,edaef222f88f1452ed19c51c561f64b373112970802aba235891464c580c8d90,2017-06-06,0.05311209224193316,0.02559652735077806,2.459226810317787,-0.0027356650475128404,0.024777494188472755,63639,
control,own_june,PKOBP,2017-06,xgboost,F5,S0,7,20,edaef222f88f1452ed19c51c561f64b373112970802aba235891464c580c8d90,2017-06-07,0.054970559679015776,-0.02939136726478048,2.5272508064086994,-0.002621193480618701,0.02180899820202867,48610,
control,own_june,PKOBP,2017-06,xgboost,F5,S0,7,20,edaef222f88f1452ed19c51c561f64b373112970802aba235891464c580c8d90,2017-06-08,0.045974299828902894,0.05910864783468554,2.272472087584434,-0.00227661321304898,0.019900054502576092,43634,
control,own_june,PKOBP,2017-06,xgboost,F5,S0,7,20,edaef222f88f1452ed19c51c561f64b373112970802aba235891464c580c8d90,2017-06-09,0.014817061863596387,-0.07761432503447417,2.178742549573127,0.0012067979181556946,0.02275772411228595,47220,
control,own_june,PKOBP,2017-06,xgboost,F5,S0,7,20,edaef222f88f1452ed19c51c561f64b373112970802aba235891464c580c8d90,2017-06-12,0.0358272897935222,-0.04209782701414293,2.1298209819174168,-0.004386680261521637,0.01751324337974919,75328,
control,own_june,PKOBP,2017-06,xgboost,F5,S0,7,20,edaef222f88f1452ed19c51c561f64b373112970802aba235891464c580c8d90,2017-06-13,0.06045579156434998,0.04208094186334268,2.21666688410007,0.0018138650735252599,0.021348009784666864,62387,
control,own_june,PKOBP,2017-06,xgboost,F5,S0,7,20,edaef222f88f1452ed19c51c561f64b373112970802aba235891464c580c8d90,2017-06-14,0.07149004697466982,-0.046265735389865545,2.270551060079342,-0.0018840529615887559,0.01978008708713361,58941,
control,own_june,PKOBP,2017-06,xgboost,F5,S0,7,20,edaef222f88f1452ed19c51c561f64b373112970802aba235891464c580c8d90,2017-06-16,0.04678703118438827,0.031574082219943955,2.5617631828222396,0.0031377610350911823,0.022290893156406043,55744,
control,own_june,PKOBP,2017-06,xgboost,F5,S0,7,20,edaef222f88f1452ed19c51c561f64b373112970802aba235891464c580c8d90,2017-06-19,0.08121284890978263,0.014576832810280162,2.903727034518324,-0.005767996196317126,0.025289413012845745,34767,
control,own_june,PKOBP,2017-06,xgboost,F5,S0,7,20,edaef222f88f1452ed19c51c561f64b373112970802aba235891464c580c8d90,2017-06-20,0.0547430860675594,-0.07682827494650352,2.0522863391968214,0.004094762192194533,0.019371127957865462,51504,
control,own_june,PKOBP,2017-06,xgboost,F5,S0,7,20,edaef222f88f1452ed19c51c561f64b373112970802aba235891464c580c8d90,2017-06-21,0.014636131937433931,-0.010758537872136665,2.663100699602058,0.0031215307162463534,0.024965164034690464,60429,
control,own_june,PKOBP,2017-06,xgboost,F5,S0,7,20,edaef222f88f1452ed19c51c561f64b373112970802aba235891464c580c8d90,2017-06-22,0.05763693183368314,0.04229996770724534,2.4314133326366316,0.005069316501148174,0.020999603081256566,26905,
control,own_june,PKOBP,2017-06,xgboost,F5,S0,7,20,edaef222f88f1452ed19c51c561f64b373112970802aba235891464c580c8d90,2017-06-23,0.033599799871291476,-0.0033174522248443404,2.66962460302591,0.0029250462715600485,0.02781709473739264,47556,
control,own_june,PKOBP,2017-06,xgboost,F5,S0,7,20,edaef222f88f1452ed19c51c561f64b373112970802aba235891464c580c8d90,2017-06-26,0.050144190296501696,0.05297741958616015,2.1843246728685584,0.004554125535516209,0.01699229815952405,50958,
control,own_june,PKOBP,2017-06,xgboost,F5,S0,7,20,edaef222f88f1452ed19c51c561f64b373112970802aba235891464c580c8d90,2017-06-27,0.015618742597710122,-0.04014556565841203,2.551841923090862,0.00639304000735377,0.020555784546196113,43146,
control,own_june,PKOBP,2017-06,xgboost,F5,S0,7,20,edaef222f88f1452ed19c51c561f64b373112970802aba235891464c580c8d90,2017-06-28,0.012595741065025395,-0.025060217297699548,2.289106059822612,0.007127649955551711,0.017896606940871918,57632,
control,own_june,PKOBP,2017-06,xgboost,F5,S0,7,20,edaef222f88f1452ed19c51c561f64b373112970802aba235891464c580c8d90,2017-06-29,0.05380003429774924,0.0038430386374690207,2.426852917535377,0.0063645489107221785,0.02627494726519926,45107,
control,own_june,PKOBP,2017-06,xgboost,F5,S0,7,20,edaef222f88f1452ed19c51c561f64b373112970802aba235891464c580c8d90,2017-06-30,0.04853136876033343,0.00779571133507352,2.1240257766535957,0.005500209174872692,0.018075072734136104,40092,
control,own_june,PKOBP,2017-06,xgboost,F5,S0,17,20,373986c8a1f4155a530875b6d2210d8f3795283198be439e0e41812e51688649,2017-06-01,-0.0074947116572570026,-0.03793380359417656,1.5490195780482146,-0.00564335971312433,0.014653757385370978,50774,
control,own_june,PKOBP,2017-06,xgboost,F5,S0,17,20,373986c8a1f4155a530875b6d2210d8f3795283198be439e0e41812e51688649,2017-06-02,0.021746435271572533,-0.0033531217355494787,2.062991292566417,-0.004763373350942725,0.016891962657295832,49694,
control,own_june,PKOBP,2017-06,xgboost,F5,S0,17,20,373986c8a1f4155a530875b6d2210d8f3795283198be439e0e41812e51688649,2017-06-05,0.006141814368574726,0.037729087391150606,2.2247047296010543,-0.0014488750978618637,0.018463757512229315,42497,
control,own_june,PKOBP,2017-06,xgboost,F5,S0,17,20,373986c8a1f4155a530875b6d2210d8f3795283198be439e0e41812e51688649,2017-06-06,0.06330788861606124,0.02559652735077806,2.459226810317787,-0.0062084724995440784,0.022670181011912347,63639,
control,own_june,PKOBP,2017-06,xgboost,F5,S0,17,20,373986c8a1f4155a530875b6d2210d8f3795283198be439e0e41812e51688649,2017-06-07,0.03764278568591322,-0.02939136726478048,2.5272508064086994,-0.0019978462952742653,0.02096690205987447,48610,
control,own_june,PKOBP,2017-06,xgboost,F5,S0,17,20,373986c8a1f4155a530875b6d2210d8f3795283198be439e0e41812e51688649,2017-06-08,0.022813240827207756,0.05910864783468554,2.272472087584434,-0.0005407559873620154,0.01977321698920721,43634,
control,own_june,PKOBP,2017-06,xgboost,F5,S0,17,20,373986c8a1f4155a530875b6d2210d8f3795283198be439e0e41812e51688649,2017-06-09,-0.021024829713762096,-0.07761432503447417,2.178742549573127,0.0024439915495314025,0.020557200349588644,47220,
control,own_june,PKOBP,2017-06,xgboost,F5,S0,17,20,373986c8a1f4155a530875b6d2210d8f3795283198be439e0e41812e51688649,2017-06-12,0.03264473368433747,-0.04209782701414293,2.1298209819174168,-0.005654416691070169,0.018560780011170223,75328,
control,own_june,PKOBP,2017-06,xgboost,F5,S0,17,20,373986c8a1f4155a530875b6d2210d8f3795283198be439e0e41812e51688649,2017-06-13,-0.019334249772997195,0.04208094186334268,2.21666688410007,0.0025609027258437058,0.01996375297495575,62387,
control,own_june,PKOBP,2017-06,xgboost,F5,S0,17,20,373986c8a1f4155a530875b6d2210d8f3795283198be439e0e41812e51688649,2017-06-14,0.03355016682570731,-0.046265735389865545,2.270551060079342,-0.0026706112767512285,0.018436998812270112,58941,
control,own_june,PKOBP,2017-06,xgboost,F5,S0,17,20,373986c8a1f4155a530875b6d2210d8f3795283198be439e0e41812e51688649,2017-06-16,0.011269140627916131,0.031574082219943955,2.5617631828222396,0.0016242832913104968,0.020549337614359967,55744,
control,own_june,PKOBP,2017-06,xgboost,F5,S0,17,20,373986c8a1f4155a530875b6d2210d8f3795283198be439e0e41812e51688649,2017-06-19,-0.020335714905504697,0.014576832810280162,2.903727034518324,-0.008777422199588984,0.02523201814375794,34767,
control,own_june,PKOBP,2017-06,xgboost,F5,S0,17,20,373986c8a1f4155a530875b6d2210d8f3795283198be439e0e41812e51688649,2017-06-20,0.01369852664883684,-0.07682827494650352,2.0522863391968214,0.0049216502122272875,0.01914152203154266,51504,
control,own_june,PKOBP,2017-06,xgboost,F5,S0,17,20,373986c8a1f4155a530875b6d2210d8f3795283198be439e0e41812e51688649,2017-06-21,-0.02298997027603682,-0.010758537872136665,2.663100699602058,0.005848850111501381,0.023002382141353472,60429,
control,own_june,PKOBP,2017-06,xgboost,F5,S0,17,20,373986c8a1f4155a530875b6d2210d8f3795283198be439e0e41812e51688649,2017-06-22,0.019937943094255624,0.04229996770724534,2.4314133326366316,0.008660815716934866,0.020077103732692173,26905,
control,own_june,PKOBP,2017-06,xgboost,F5,S0,17,20,373986c8a1f4155a530875b6d2210d8f3795283198be439e0e41812e51688649,2017-06-23,0.0018021843071288222,-0.0033174522248443404,2.66962460302591,0.006878637988403302,0.02330755154007035,47556,
control,own_june,PKOBP,2017-06,xgboost,F5,S0,17,20,373986c8a1f4155a530875b6d2210d8f3795283198be439e0e41812e51688649,2017-06-26,-0.008942208740930756,0.05297741958616015,2.1843246728685584,0.006163736745204538,0.015343189613251216,50958,
control,own_june,PKOBP,2017-06,xgboost,F5,S0,17,20,373986c8a1f4155a530875b6d2210d8f3795283198be439e0e41812e51688649,2017-06-27,0.005989311627628903,-0.04014556565841203,2.551841923090862,0.005327746067517105,0.020458552900492324,43146,
control,own_june,PKOBP,2017-06,xgboost,F5,S0,17,20,373986c8a1f4155a530875b6d2210d8f3795283198be439e0e41812e51688649,2017-06-28,0.014331052722060127,-0.025060217297699548,2.289106059822612,0.008122224123809585,0.016258014021591716,57632,
control,own_june,PKOBP,2017-06,xgboost,F5,S0,17,20,373986c8a1f4155a530875b6d2210d8f3795283198be439e0e41812e51688649,2017-06-29,-0.021334334876079948,0.0038430386374690207,2.426852917535377,0.008754569631294992,0.01922967247684541,45107,
control,own_june,PKOBP,2017-06,xgboost,F5,S0,17,20,373986c8a1f4155a530875b6d2210d8f3795283198be439e0e41812e51688649,2017-06-30,0.0031606946667952487,0.00779571133507352,2.1240257766535957,0.006783507513035436,0.016508846576332743,40092,
control,own_june,PKOBP,2017-06,xgboost,F5,S0,29,20,4440f5f0f2169ee0a4352a1c30ad8c0e1286adbd645bda1904820f30cf2bbf03,2017-06-01,0.053440675965606664,-0.03793380359417656,1.5490195780482146,-0.007601216919821424,0.015075062621912251,50774,
control,own_june,PKOBP,2017-06,xgboost,F5,S0,29,20,4440f5f0f2169ee0a4352a1c30ad8c0e1286adbd645bda1904820f30cf2bbf03,2017-06-02,0.004173317765018342,-0.0033531217355494787,2.062991292566417,-0.005807377925975615,0.017926613967809917,49694,
control,own_june,PKOBP,2017-06,xgboost,F5,S0,29,20,4440f5f0f2169ee0a4352a1c30ad8c0e1286adbd645bda1904820f30cf2bbf03,2017-06-05,0.032669553130569844,0.037729087391150606,2.2247047296010543,-0.004430482848299869,0.01947813564120299,42497,
control,own_june,PKOBP,2017-06,xgboost,F5,S0,29,20,4440f5f0f2169ee0a4352a1c30ad8c0e1286adbd645bda1904820f30cf2bbf03,2017-06-06,0.03485041955331205,0.02559652735077806,2.459226810317787,-0.004622897835264634,0.023888057980888156,63639,
control,own_june,PKOBP,2017-06,xgboost,F5,S0,29,20,4440f5f0f2169ee0a4352a1c30ad8c0e1286adbd645bda1904820f30cf2bbf03,2017-06-07,0.03223304387777883,-0.02939136726478048,2.5272508064086994,-0.0036644264205951513,0.021893145007551726,48610,
control,own_june,PKOBP,2017-06,xgboost,F5,S0,29,20,4440f5f0f2169ee0a4352a1c30ad8c0e1286adbd645bda1904820f30cf2bbf03,2017-06-08,0.023516083641233924,0.05910864783468554,2.272472087584434,-0.003632388011670084,0.02149409504940739,43634,
control,own_june,PKOBP,2017-06,xgboost,F5,S0,29,20,4440f5f0f2169ee0a4352a1c30ad8c0e1286adbd645bda1904820f30cf2bbf03,2017-06-09,0.018147182356097066,-0.07761432503447417,2.178742549573127,0.0069693408412545245,0.02196858347544861,47220,
control,own_june,PKOBP,2017-06,xgboost,F5,S0,29,20,4440f5f0f2169ee0a4352a1c30ad8c0e1286adbd645bda1904820f30cf2bbf03,2017-06-12,0.016538016343305696,-0.04209782701414293,2.1298209819174168,-0.0064360663712241745,0.017837129985612543,75328,
control,own_june,PKOBP,2017-06,xgboost,F5,S0,29,20,4440f5f0f2169ee0a4352a1c30ad8c0e1286adbd645bda1904820f30cf2bbf03,2017-06-13,0.005043419479713344,0.04208094186334268,2.21666688410007,0.00042248255902334054,0.022278529865987277,62387,
control,own_june,PKOBP,2017-06,xgboost,F5,S0,29,20,4440f5f0f2169ee0a4352a1c30ad8c0e1286adbd645bda1904820f30cf2bbf03,2017-06-14,0.028290541945303716,-0.046265735389865545,2.270551060079342,-0.005171980081548516,0.020112397416394947,58941,
control,own_june,PKOBP,2017-06,xgboost,F5,S0,29,20,4440f5f0f2169ee0a4352a1c30ad8c0e1286adbd645bda1904820f30cf2bbf03,2017-06-16,0.002586722108892093,0.031574082219943955,2.5617631828222396,0.0032122262573727337,0.023349955461332735,55744,
control,own_june,PKOBP,2017-06,xgboost,F5,S0,29,20,4440f5f0f2169ee0a4352a1c30ad8c0e1286adbd645bda1904820f30cf2bbf03,2017-06-19,0.03200417319651294,0.014576832810280162,2.903727034518324,-0.008214438064457276,0.028702950876283714,34767,
control,own_june,PKOBP,2017-06,xgboost,F5,S0,29,20,4440f5f0f2169ee0a4352a1c30ad8c0e1286adbd645bda1904820f30cf2bbf03,2017-06-20,0.02525476547150497,-0.07682827494650352,2.0522863391968214,0.004970620072484701,0.020779208712155627,51504,
control,own_june,PKOBP,2017-06,xgboost,F5,S0,29,20,4440f5f0f2169ee0a4352a1c30ad8c0e1286adbd645bda1904820f30cf2bbf03,2017-06-21,-0.030342851141836366,-0.010758537872136665,2.663100699602058,0.00250971745141504,0.02747592834125032,60429,
control,own_june,PKOBP,2017-06,xgboost,F5,S0,29,20,4440f5f0f2169ee0a4352a1c30ad8c0e1286adbd645bda1904820f30cf2bbf03,2017-06-22,-0.022631581308901756,0.04229996770724534,2.4314133326366316,0.004395615334520966,0.02242887555037146,26905,
control,own_june,PKOBP,2017-06,xgboost,F5,S0,29,20,4440f5f0f2169ee0a4352a1c30ad8c0e1286adbd645bda1904820f30cf2bbf03,2017-06-23,0.01423847106043924,-0.0033174522248443404,2.66962460302591,0.0034238209974518773,0.025178545583611028,47556,
control,own_june,PKOBP,2017-06,xgboost,F5,S0,29,20,4440f5f0f2169ee0a4352a1c30ad8c0e1286adbd645bda1904820f30cf2bbf03,2017-06-26,0.048961223854670465,0.05297741958616015,2.1843246728685584,0.004334786750260974,0.01672039164202895,50958,
control,own_june,PKOBP,2017-06,xgboost,F5,S0,29,20,4440f5f0f2169ee0a4352a1c30ad8c0e1286adbd645bda1904820f30cf2bbf03,2017-06-27,0.01066795004848743,-0.04014556565841203,2.551841923090862,0.007546223768941659,0.026624183942714676,43146,
control,own_june,PKOBP,2017-06,xgboost,F5,S0,29,20,4440f5f0f2169ee0a4352a1c30ad8c0e1286adbd645bda1904820f30cf2bbf03,2017-06-28,0.017680373305462994,-0.025060217297699548,2.289106059822612,0.007617283879962951,0.017958358437669544,57632,
control,own_june,PKOBP,2017-06,xgboost,F5,S0,29,20,4440f5f0f2169ee0a4352a1c30ad8c0e1286adbd645bda1904820f30cf2bbf03,2017-06-29,-0.03589431275745781,0.0038430386374690207,2.426852917535377,0.005544779343778258,0.021008159044755347,45107,
control,own_june,PKOBP,2017-06,xgboost,F5,S0,29,20,4440f5f0f2169ee0a4352a1c30ad8c0e1286adbd645bda1904820f30cf2bbf03,2017-06-30,0.03863480395049977,0.00779571133507352,2.1240257766535957,0.00669552512080436,0.018333635709100286,40092,
control,own_june,PKOBP,2017-06,xgboost,F5,S0,43,20,9388e49a29b85457a300b89894f6930561a67af0c9c121798441ed225611a3da,2017-06-01,0.005567837264550782,-0.03793380359417656,1.5490195780482146,-0.0021642970899015423,0.015872888115702595,50774,
control,own_june,PKOBP,2017-06,xgboost,F5,S0,43,20,9388e49a29b85457a300b89894f6930561a67af0c9c121798441ed225611a3da,2017-06-02,-0.009656087747453319,-0.0033531217355494787,2.062991292566417,-0.004164387875138142,0.01838062905215457,49694,
control,own_june,PKOBP,2017-06,xgboost,F5,S0,43,20,9388e49a29b85457a300b89894f6930561a67af0c9c121798441ed225611a3da,2017-06-05,-0.020101211725101806,0.037729087391150606,2.2247047296010543,-0.0008156932866308671,0.019641454655037912,42497,
control,own_june,PKOBP,2017-06,xgboost,F5,S0,43,20,9388e49a29b85457a300b89894f6930561a67af0c9c121798441ed225611a3da,2017-06-06,0.02706442392699843,0.02559652735077806,2.459226810317787,-0.002730774556062477,0.027850028581985934,63639,
control,own_june,PKOBP,2017-06,xgboost,F5,S0,43,20,9388e49a29b85457a300b89894f6930561a67af0c9c121798441ed225611a3da,2017-06-07,0.003444404516137947,-0.02939136726478048,2.5272508064086994,-0.0010878406597299064,0.021163908887927903,48610,
control,own_june,PKOBP,2017-06,xgboost,F5,S0,43,20,9388e49a29b85457a300b89894f6930561a67af0c9c121798441ed225611a3da,2017-06-08,0.0065776940842367055,0.05910864783468554,2.272472087584434,-0.000627192361151618,0.019008170058476857,43634,
control,own_june,PKOBP,2017-06,xgboost,F5,S0,43,20,9388e49a29b85457a300b89894f6930561a67af0c9c121798441ed225611a3da,2017-06-09,-0.01596513153070008,-0.07761432503447417,2.178742549573127,0.00369627661245182,0.02165446130674551,47220,
control,own_june,PKOBP,2017-06,xgboost,F5,S0,43,20,9388e49a29b85457a300b89894f6930561a67af0c9c121798441ed225611a3da,2017-06-12,0.002588615809269628,-0.04209782701414293,2.1298209819174168,-0.002378278727356456,0.01716908855120134,75328,
control,own_june,PKOBP,2017-06,xgboost,F5,S0,43,20,9388e49a29b85457a300b89894f6930561a67af0c9c121798441ed225611a3da,2017-06-13,-0.027727426825975315,0.04208094186334268,2.21666688410007,0.0024525668369465366,0.0194912917164443,62387,
control,own_june,PKOBP,2017-06,xgboost,F5,S0,43,20,9388e49a29b85457a300b89894f6930561a67af0c9c121798441ed225611a3da,2017-06-14,0.0012189765644098711,-0.046265735389865545,2.270551060079342,-0.00025795174941109717,0.018861514892922256,58941,
control,own_june,PKOBP,2017-06,xgboost,F5,S0,43,20,9388e49a29b85457a300b89894f6930561a67af0c9c121798441ed225611a3da,2017-06-16,-0.00011369666318871086,0.031574082219943955,2.5617631828222396,0.0021577845233578495,0.022070349047237217,55744,
control,own_june,PKOBP,2017-06,xgboost,F5,S0,43,20,9388e49a29b85457a300b89894f6930561a67af0c9c121798441ed225611a3da,2017-06-19,-0.010616620999517122,0.014576832810280162,2.903727034518324,-0.00112616917025397,0.026318888622021402,34767,
control,own_june,PKOBP,2017-06,xgboost,F5,S0,43,20,9388e49a29b85457a300b89894f6930561a67af0c9c121798441ed225611a3da,2017-06-20,0.02499289269976706,-0.07682827494650352,2.0522863391968214,0.004519409427031652,0.018374261911906085,51504,
control,own_june,PKOBP,2017-06,xgboost,F5,S0,43,20,9388e49a29b85457a300b89894f6930561a67af0c9c121798441ed225611a3da,2017-06-21,-0.014741012964697008,-0.010758537872136665,2.663100699602058,0.0047987901730185715,0.02482021496381362,60429,
control,own_june,PKOBP,2017-06,xgboost,F5,S0,43,20,9388e49a29b85457a300b89894f6930561a67af0c9c121798441ed225611a3da,2017-06-22,-0.021135079060038902,0.04229996770724534,2.4314133326366316,0.005090163041747687,0.020025811118642864,26905,
control,own_june,PKOBP,2017-06,xgboost,F5,S0,43,20,9388e49a29b85457a300b89894f6930561a67af0c9c121798441ed225611a3da,2017-06-23,0.012130646051113983,-0.0033174522248443404,2.66962460302591,0.007389223140116094,0.02299562567111347,47556,
control,own_june,PKOBP,2017-06,xgboost,F5,S0,43,20,9388e49a29b85457a300b89894f6930561a67af0c9c121798441ed225611a3da,2017-06-26,0.002217053375950864,0.05297741958616015,2.1843246728685584,0.0043787228417735925,0.016598775669290716,50958,
control,own_june,PKOBP,2017-06,xgboost,F5,S0,43,20,9388e49a29b85457a300b89894f6930561a67af0c9c121798441ed225611a3da,2017-06-27,-0.012190878615366496,-0.04014556565841203,2.551841923090862,0.0064080976281013415,0.022481434060500752,43146,
control,own_june,PKOBP,2017-06,xgboost,F5,S0,43,20,9388e49a29b85457a300b89894f6930561a67af0c9c121798441ed225611a3da,2017-06-28,0.051515642659528196,-0.025060217297699548,2.289106059822612,0.007338030910622663,0.01698609113128135,57632,
control,own_june,PKOBP,2017-06,xgboost,F5,S0,43,20,9388e49a29b85457a300b89894f6930561a67af0c9c121798441ed225611a3da,2017-06-29,-0.01984072071472524,0.0038430386374690207,2.426852917535377,0.00793153170181896,0.019804325293562283,45107,
control,own_june,PKOBP,2017-06,xgboost,F5,S0,43,20,9388e49a29b85457a300b89894f6930561a67af0c9c121798441ed225611a3da,2017-06-30,-0.006858565123933466,0.00779571133507352,2.1240257766535957,0.007003133922626838,0.017215559977912603,40092,
control,own_june,PKOBP,2017-06,xgboost,F5,S0,71,20,2bc5624cb02355a6c90881568220ed898a32ec2dd388b5ceb5ce5b797aac85b0,2017-06-01,0.05468351534906416,-0.03793380359417656,1.5490195780482146,-0.0029853623291546823,0.016021363563680103,50774,
control,own_june,PKOBP,2017-06,xgboost,F5,S0,71,20,2bc5624cb02355a6c90881568220ed898a32ec2dd388b5ceb5ce5b797aac85b0,2017-06-02,0.02498566787868406,-0.0033531217355494787,2.062991292566417,-0.0052415077770414835,0.017583618836136315,49694,
control,own_june,PKOBP,2017-06,xgboost,F5,S0,71,20,2bc5624cb02355a6c90881568220ed898a32ec2dd388b5ceb5ce5b797aac85b0,2017-06-05,0.02350271331237946,0.037729087391150606,2.2247047296010543,-0.0010255688566610298,0.02107541693922432,42497,
control,own_june,PKOBP,2017-06,xgboost,F5,S0,71,20,2bc5624cb02355a6c90881568220ed898a32ec2dd388b5ceb5ce5b797aac85b0,2017-06-06,0.04981233679317371,0.02559652735077806,2.459226810317787,-0.003597666404549653,0.025964757716627995,63639,
control,own_june,PKOBP,2017-06,xgboost,F5,S0,71,20,2bc5624cb02355a6c90881568220ed898a32ec2dd388b5ceb5ce5b797aac85b0,2017-06-07,0.029499167954575366,-0.02939136726478048,2.5272508064086994,-0.002729329300978821,0.024324924248563473,48610,
control,own_june,PKOBP,2017-06,xgboost,F5,S0,71,20,2bc5624cb02355a6c90881568220ed898a32ec2dd388b5ceb5ce5b797aac85b0,2017-06-08,0.07604927136286421,0.05910864783468554,2.272472087584434,-0.002163883733145253,0.02249305893204223,43634,
control,own_june,PKOBP,2017-06,xgboost,F5,S0,71,20,2bc5624cb02355a6c90881568220ed898a32ec2dd388b5ceb5ce5b797aac85b0,2017-06-09,-0.01440770368336298,-0.07761432503447417,2.178742549573127,0.003638515322313757,0.021583945674808733,47220,
control,own_june,PKOBP,2017-06,xgboost,F5,S0,71,20,2bc5624cb02355a6c90881568220ed898a32ec2dd388b5ceb5ce5b797aac85b0,2017-06-12,0.020169339637635966,-0.04209782701414293,2.1298209819174168,-0.005212275135676936,0.019726834981951387,75328,
control,own_june,PKOBP,2017-06,xgboost,F5,S0,71,20,2bc5624cb02355a6c90881568220ed898a32ec2dd388b5ceb5ce5b797aac85b0,2017-06-13,0.015141214393969621,0.04208094186334268,2.21666688410007,0.0025999456417142865,0.0203118569103746,62387,
control,own_june,PKOBP,2017-06,xgboost,F5,S0,71,20,2bc5624cb02355a6c90881568220ed898a32ec2dd388b5ceb5ce5b797aac85b0,2017-06-14,0.049124964357239516,-0.046265735389865545,2.270551060079342,-0.0022150128050822705,0.01977036910250488,58941,
control,own_june,PKOBP,2017-06,xgboost,F5,S0,71,20,2bc5624cb02355a6c90881568220ed898a32ec2dd388b5ceb5ce5b797aac85b0,2017-06-16,0.03104728452754311,0.031574082219943955,2.5617631828222396,0.0014077446229676554,0.02145888708837434,55744,
control,own_june,PKOBP,2017-06,xgboost,F5,S0,71,20,2bc5624cb02355a6c90881568220ed898a32ec2dd388b5ceb5ce5b797aac85b0,2017-06-19,0.00744468958874883,0.014576832810280162,2.903727034518324,-0.0042385990359687375,0.024457243997520105,34767,
control,own_june,PKOBP,2017-06,xgboost,F5,S0,71,20,2bc5624cb02355a6c90881568220ed898a32ec2dd388b5ceb5ce5b797aac85b0,2017-06-20,0.047405936916208855,-0.07682827494650352,2.0522863391968214,0.004647569229182629,0.019778481485624486,51504,
control,own_june,PKOBP,2017-06,xgboost,F5,S0,71,20,2bc5624cb02355a6c90881568220ed898a32ec2dd388b5ceb5ce5b797aac85b0,2017-06-21,-0.01034762536571592,-0.010758537872136665,2.663100699602058,0.00484968289561954,0.02250885041809572,60429,
control,own_june,PKOBP,2017-06,xgboost,F5,S0,71,20,2bc5624cb02355a6c90881568220ed898a32ec2dd388b5ceb5ce5b797aac85b0,2017-06-22,0.008282688325111687,0.04229996770724534,2.4314133326366316,0.004958622787986141,0.020025091604318354,26905,
control,own_june,PKOBP,2017-06,xgboost,F5,S0,71,20,2bc5624cb02355a6c90881568220ed898a32ec2dd388b5ceb5ce5b797aac85b0,2017-06-23,-0.004031901384161963,-0.0033174522248443404,2.66962460302591,0.004486817803117496,0.022691147789336084,47556,
control,own_june,PKOBP,2017-06,xgboost,F5,S0,71,20,2bc5624cb02355a6c90881568220ed898a32ec2dd388b5ceb5ce5b797aac85b0,2017-06-26,0.06275122822506259,0.05297741958616015,2.1843246728685584,0.00518333659331754,0.016463656102166425,50958,
control,own_june,PKOBP,2017-06,xgboost,F5,S0,71,20,2bc5624cb02355a6c90881568220ed898a32ec2dd388b5ceb5ce5b797aac85b0,2017-06-27,-0.01573504922459673,-0.04014556565841203,2.551841923090862,0.004454155267638346,0.02153110070914938,43146,
control,own_june,PKOBP,2017-06,xgboost,F5,S0,71,20,2bc5624cb02355a6c90881568220ed898a32ec2dd388b5ceb5ce5b797aac85b0,2017-06-28,-0.009137918950224816,-0.025060217297699548,2.289106059822612,0.0061238225217690335,0.0177867111779778,57632,
control,own_june,PKOBP,2017-06,xgboost,F5,S0,71,20,2bc5624cb02355a6c90881568220ed898a32ec2dd388b5ceb5ce5b797aac85b0,2017-06-29,-0.0012448839917170915,0.0038430386374690207,2.426852917535377,0.006188053019454194,0.020039610312038776,45107,
control,own_june,PKOBP,2017-06,xgboost,F5,S0,71,20,2bc5624cb02355a6c90881568220ed898a32ec2dd388b5ceb5ce5b797aac85b0,2017-06-30,0.029258394436574825,0.00779571133507352,2.1240257766535957,0.006954843380036314,0.017070687980498513,40092,
control,own_june,PKOBP,2017-06,xgboost,F5,S1,7,20,abb674b1f2fba43185db9fcc5744115e2311adefe0a057fdf76a741b57279f62,2017-06-01,-0.09227929904911003,-0.03793380359417656,1.5490195780482146,0.008814503851160825,0.013617843879325577,50774,
control,own_june,PKOBP,2017-06,xgboost,F5,S1,7,20,abb674b1f2fba43185db9fcc5744115e2311adefe0a057fdf76a741b57279f62,2017-06-02,-0.014190272204017258,-0.0033531217355494787,2.062991292566417,0.009131444488937216,0.01836144473439092,49694,
control,own_june,PKOBP,2017-06,xgboost,F5,S1,7,20,abb674b1f2fba43185db9fcc5744115e2311adefe0a057fdf76a741b57279f62,2017-06-05,-0.03438619470630487,0.037729087391150606,2.2247047296010543,0.005636176843232576,0.01877734844156272,42497,
control,own_june,PKOBP,2017-06,xgboost,F5,S1,7,20,abb674b1f2fba43185db9fcc5744115e2311adefe0a057fdf76a741b57279f62,2017-06-06,-0.018313600426509195,0.02559652735077806,2.459226810317787,0.009579649041329028,0.023851997075814094,63639,
control,own_june,PKOBP,2017-06,xgboost,F5,S1,7,20,abb674b1f2fba43185db9fcc5744115e2311adefe0a057fdf76a741b57279f62,2017-06-07,-0.011889348874134615,-0.02939136726478048,2.5272508064086994,0.005763454155329131,0.02242225743017003,48610,
control,own_june,PKOBP,2017-06,xgboost,F5,S1,7,20,abb674b1f2fba43185db9fcc5744115e2311adefe0a057fdf76a741b57279f62,2017-06-08,-0.0038049198739672834,0.05910864783468554,2.272472087584434,0.006463917056428131,0.021578413083560028,43634,
control,own_june,PKOBP,2017-06,xgboost,F5,S1,7,20,abb674b1f2fba43185db9fcc5744115e2311adefe0a057fdf76a741b57279f62,2017-06-09,-0.019074992828232325,-0.07761432503447417,2.178742549573127,0.007323803782837023,0.018157674793187133,47220,
control,own_june,PKOBP,2017-06,xgboost,F5,S1,7,20,abb674b1f2fba43185db9fcc5744115e2311adefe0a057fdf76a741b57279f62,2017-06-12,-0.039184920835788464,-0.04209782701414293,2.1298209819174168,0.0074980041368819675,0.01619021004140589,75328,
control,own_june,PKOBP,2017-06,xgboost,F5,S1,7,20,abb674b1f2fba43185db9fcc5744115e2311adefe0a057fdf76a741b57279f62,2017-06-13,-0.048316480558354774,0.04208094186334268,2.21666688410007,0.00730812885169561,0.017824769828239988,62387,
control,own_june,PKOBP,2017-06,xgboost,F5,S1,7,20,abb674b1f2fba43185db9fcc5744115e2311adefe0a057fdf76a741b57279f62,2017-06-14,-0.05562234004743056,-0.046265735389865545,2.270551060079342,0.008570898338558916,0.017568487173090418,58941,
control,own_june,PKOBP,2017-06,xgboost,F5,S1,7,20,abb674b1f2fba43185db9fcc5744115e2311adefe0a057fdf76a741b57279f62,2017-06-16,-0.021900725671343924,0.031574082219943955,2.5617631828222396,0.007499586691676659,0.01874331271272517,55744,
control,own_june,PKOBP,2017-06,xgboost,F5,S1,7,20,abb674b1f2fba43185db9fcc5744115e2311adefe0a057fdf76a741b57279f62,2017-06-19,-0.06042734350620991,0.014576832810280162,2.903727034518324,0.009011497523176327,0.022737383488127847,34767,
control,own_june,PKOBP,2017-06,xgboost,F5,S1,7,20,abb674b1f2fba43185db9fcc5744115e2311adefe0a057fdf76a741b57279f62,2017-06-20,-0.04148734225786282,-0.07682827494650352,2.0522863391968214,0.0066498851790659595,0.018217484788605687,51504,
control,own_june,PKOBP,2017-06,xgboost,F5,S1,7,20,abb674b1f2fba43185db9fcc5744115e2311adefe0a057fdf76a741b57279f62,2017-06-21,0.024101232434315802,-0.010758537872136665,2.663100699602058,0.005541039349589219,0.02287919924792501,60429,
control,own_june,PKOBP,2017-06,xgboost,F5,S1,7,20,abb674b1f2fba43185db9fcc5744115e2311adefe0a057fdf76a741b57279f62,2017-06-22,0.03112580829851998,0.04229996770724534,2.4314133326366316,0.0068722189999711825,0.017945707115524883,26905,
control,own_june,PKOBP,2017-06,xgboost,F5,S1,7,20,abb674b1f2fba43185db9fcc5744115e2311adefe0a057fdf76a741b57279f62,2017-06-23,-0.034941217752578954,-0.0033174522248443404,2.66962460302591,0.005150924461144426,0.022568551069022173,47556,
control,own_june,PKOBP,2017-06,xgboost,F5,S1,7,20,abb674b1f2fba43185db9fcc5744115e2311adefe0a057fdf76a741b57279f62,2017-06-26,-0.012963898987147697,0.05297741958616015,2.1843246728685584,0.0059557786181983164,0.01911995426664898,50958,
control,own_june,PKOBP,2017-06,xgboost,F5,S1,7,20,abb674b1f2fba43185db9fcc5744115e2311adefe0a057fdf76a741b57279f62,2017-06-27,-0.02924604468356528,-0.04014556565841203,2.551841923090862,0.005255912023133503,0.025642403223920734,43146,
control,own_june,PKOBP,2017-06,xgboost,F5,S1,7,20,abb674b1f2fba43185db9fcc5744115e2311adefe0a057fdf76a741b57279f62,2017-06-28,-0.003992582924655559,-0.025060217297699548,2.289106059822612,0.005811982618843179,0.015973748164822714,57632,
control,own_june,PKOBP,2017-06,xgboost,F5,S1,7,20,abb674b1f2fba43185db9fcc5744115e2311adefe0a057fdf76a741b57279f62,2017-06-29,-0.0017122345565552869,0.0038430386374690207,2.426852917535377,0.006105049091148065,0.01768345058618887,45107,
control,own_june,PKOBP,2017-06,xgboost,F5,S1,7,20,abb674b1f2fba43185db9fcc5744115e2311adefe0a057fdf76a741b57279f62,2017-06-30,-0.032954604462091676,0.00779571133507352,2.1240257766535957,0.006649848478096632,0.014453848401310067,40092,
control,own_june,PKOBP,2017-06,xgboost,F5,S1,17,20,e8956378f7f390e61dcd639141d2a4bf4df45a091714efb8250f3dffb9942dcb,2017-06-01,-0.05454082847134507,-0.03793380359417656,1.5490195780482146,0.00625694258698791,0.014013625204342003,50774,
control,own_june,PKOBP,2017-06,xgboost,F5,S1,17,20,e8956378f7f390e61dcd639141d2a4bf4df45a091714efb8250f3dffb9942dcb,2017-06-02,0.0060240489448402075,-0.0033531217355494787,2.062991292566417,0.006279435407037074,0.016117972379413304,49694,
control,own_june,PKOBP,2017-06,xgboost,F5,S1,17,20,e8956378f7f390e61dcd639141d2a4bf4df45a091714efb8250f3dffb9942dcb,2017-06-05,0.025420501885673363,0.037729087391150606,2.2247047296010543,0.004892345710884817,0.018544777160235157,42497,
control,own_june,PKOBP,2017-06,xgboost,F5,S1,17,20,e8956378f7f390e61dcd639141d2a4bf4df45a091714efb8250f3dffb9942dcb,2017-06-06,0.009045584274627722,0.02559652735077806,2.459226810317787,0.004136534913845813,0.0229534289085869,63639,
control,own_june,PKOBP,2017-06,xgboost,F5,S1,17,20,e8956378f7f390e61dcd639141d2a4bf4df45a091714efb8250f3dffb9942dcb,2017-06-07,-0.003120853290855141,-0.02939136726478048,2.5272508064086994,0.004829247979222318,0.020049286860937567,48610,
control,own_june,PKOBP,2017-06,xgboost,F5,S1,17,20,e8956378f7f390e61dcd639141d2a4bf4df45a091714efb8250f3dffb9942dcb,2017-06-08,-0.004700475661087902,0.05910864783468554,2.272472087584434,0.004841863784744436,0.019305268812688996,43634,
control,own_june,PKOBP,2017-06,xgboost,F5,S1,17,20,e8956378f7f390e61dcd639141d2a4bf4df45a091714efb8250f3dffb9942dcb,2017-06-09,-0.009610928305010185,-0.07761432503447417,2.178742549573127,0.006562719375411051,0.017553126858852255,47220,
control,own_june,PKOBP,2017-06,xgboost,F5,S1,17,20,e8956378f7f390e61dcd639141d2a4bf4df45a091714efb8250f3dffb9942dcb,2017-06-12,0.011766346056823685,-0.04209782701414293,2.1298209819174168,0.004435395253619198,0.016379671561642845,75328,
control,own_june,PKOBP,2017-06,xgboost,F5,S1,17,20,e8956378f7f390e61dcd639141d2a4bf4df45a091714efb8250f3dffb9942dcb,2017-06-13,-0.003540778924535869,0.04208094186334268,2.21666688410007,0.005182107654040775,0.017389656587598886,62387,
control,own_june,PKOBP,2017-06,xgboost,F5,S1,17,20,e8956378f7f390e61dcd639141d2a4bf4df45a091714efb8250f3dffb9942dcb,2017-06-14,0.011361994410135728,-0.046265735389865545,2.270551060079342,0.0046593400728288615,0.01677551853657428,58941,
control,own_june,PKOBP,2017-06,xgboost,F5,S1,17,20,e8956378f7f390e61dcd639141d2a4bf4df45a091714efb8250f3dffb9942dcb,2017-06-16,-0.01617675733964095,0.031574082219943955,2.5617631828222396,0.005248868572158791,0.01884225811670732,55744,
control,own_june,PKOBP,2017-06,xgboost,F5,S1,17,20,e8956378f7f390e61dcd639141d2a4bf4df45a091714efb8250f3dffb9942dcb,2017-06-19,0.012121456149264348,0.014576832810280162,2.903727034518324,0.0061409645923344355,0.021473675563444226,34767,
control,own_june,PKOBP,2017-06,xgboost,F5,S1,17,20,e8956378f7f390e61dcd639141d2a4bf4df45a091714efb8250f3dffb9942dcb,2017-06-20,-0.03537450591434102,-0.07682827494650352,2.0522863391968214,0.006248183236879454,0.017469163858635936,51504,
control,own_june,PKOBP,2017-06,xgboost,F5,S1,17,20,e8956378f7f390e61dcd639141d2a4bf4df45a091714efb8250f3dffb9942dcb,2017-06-21,-0.023889240389573786,-0.010758537872136665,2.663100699602058,0.008492869059651787,0.022109180646300606,60429,
control,own_june,PKOBP,2017-06,xgboost,F5,S1,17,20,e8956378f7f390e61dcd639141d2a4bf4df45a091714efb8250f3dffb9942dcb,2017-06-22,-0.0435233428693696,0.04229996770724534,2.4314133326366316,0.006020983605863846,0.018939690051673893,26905,
control,own_june,PKOBP,2017-06,xgboost,F5,S1,17,20,e8956378f7f390e61dcd639141d2a4bf4df45a091714efb8250f3dffb9942dcb,2017-06-23,-0.01235082002158996,-0.0033174522248443404,2.66962460302591,0.00626945609516035,0.02091873851608693,47556,
control,own_june,PKOBP,2017-06,xgboost,F5,S1,17,20,e8956378f7f390e61dcd639141d2a4bf4df45a091714efb8250f3dffb9942dcb,2017-06-26,-0.04431777393583242,0.05297741958616015,2.1843246728685584,0.007678492695359696,0.016715640258531936,50958,
control,own_june,PKOBP,2017-06,xgboost,F5,S1,17,20,e8956378f7f390e61dcd639141d2a4bf4df45a091714efb8250f3dffb9942dcb,2017-06-27,0.0018683984114571328,-0.04014556565841203,2.551841923090862,0.005767569669674694,0.02035659444890779,43146,
control,own_june,PKOBP,2017-06,xgboost,F5,S1,17,20,e8956378f7f390e61dcd639141d2a4bf4df45a091714efb8250f3dffb9942dcb,2017-06-28,-0.046794257752649115,-0.025060217297699548,2.289106059822612,0.008967787164232658,0.01732322380473693,57632,
control,own_june,PKOBP,2017-06,xgboost,F5,S1,17,20,e8956378f7f390e61dcd639141d2a4bf4df45a091714efb8250f3dffb9942dcb,2017-06-29,0.013593646278359302,0.0038430386374690207,2.426852917535377,0.005744257615867822,0.01805875270927193,45107,
control,own_june,PKOBP,2017-06,xgboost,F5,S1,17,20,e8956378f7f390e61dcd639141d2a4bf4df45a091714efb8250f3dffb9942dcb,2017-06-30,-0.000673434927671415,0.00779571133507352,2.1240257766535957,0.006037911444788223,0.016546069218269233,40092,
control,own_june,PKOBP,2017-06,xgboost,F5,S1,29,20,ed9d75e2d3a902f99f8afe11e1cf28ca9e0b4d38e430f2a2e715cec43c1718d0,2017-06-01,-0.06644330888156033,-0.03793380359417656,1.5490195780482146,0.005980052359684251,0.015626559018778314,50774,
control,own_june,PKOBP,2017-06,xgboost,F5,S1,29,20,ed9d75e2d3a902f99f8afe11e1cf28ca9e0b4d38e430f2a2e715cec43c1718d0,2017-06-02,-0.02316243056502775,-0.0033531217355494787,2.062991292566417,0.0047966559524107956,0.015774772369218974,49694,
control,own_june,PKOBP,2017-06,xgboost,F5,S1,29,20,ed9d75e2d3a902f99f8afe11e1cf28ca9e0b4d38e430f2a2e715cec43c1718d0,2017-06-05,-0.05045603200061691,0.037729087391150606,2.2247047296010543,0.0034159735043886833,0.019061881538191428,42497,
control,own_june,PKOBP,2017-06,xgboost,F5,S1,29,20,ed9d75e2d3a902f99f8afe11e1cf28ca9e0b4d38e430f2a2e715cec43c1718d0,2017-06-06,-0.0532928476368435,0.02559652735077806,2.459226810317787,0.004759374868477004,0.024180831475301978,63639,
control,own_june,PKOBP,2017-06,xgboost,F5,S1,29,20,ed9d75e2d3a902f99f8afe11e1cf28ca9e0b4d38e430f2a2e715cec43c1718d0,2017-06-07,-0.07353352577720397,-0.02939136726478048,2.5272508064086994,0.0039006570926672962,0.02044287397850068,48610,
control,own_june,PKOBP,2017-06,xgboost,F5,S1,29,20,ed9d75e2d3a902f99f8afe11e1cf28ca9e0b4d38e430f2a2e715cec43c1718d0,2017-06-08,-0.030578096254420636,0.05910864783468554,2.272472087584434,0.00476650320753213,0.01926099034280676,43634,
control,own_june,PKOBP,2017-06,xgboost,F5,S1,29,20,ed9d75e2d3a902f99f8afe11e1cf28ca9e0b4d38e430f2a2e715cec43c1718d0,2017-06-09,-0.015374192370624571,-0.07761432503447417,2.178742549573127,0.004282239866380851,0.01813120581821544,47220,
control,own_june,PKOBP,2017-06,xgboost,F5,S1,29,20,ed9d75e2d3a902f99f8afe11e1cf28ca9e0b4d38e430f2a2e715cec43c1718d0,2017-06-12,-0.04938637348675107,-0.04209782701414293,2.1298209819174168,0.004656418281448433,0.015547652628465186,75328,
control,own_june,PKOBP,2017-06,xgboost,F5,S1,29,20,ed9d75e2d3a902f99f8afe11e1cf28ca9e0b4d38e430f2a2e715cec43c1718d0,2017-06-13,0.003391537155320175,0.04208094186334268,2.21666688410007,0.00531245105178572,0.01786728674774932,62387,
control,own_june,PKOBP,2017-06,xgboost,F5,S1,29,20,ed9d75e2d3a902f99f8afe11e1cf28ca9e0b4d38e430f2a2e715cec43c1718d0,2017-06-14,-0.04398068330111863,-0.046265735389865545,2.270551060079342,0.005645107016642638,0.0171832614193936,58941,
control,own_june,PKOBP,2017-06,xgboost,F5,S1,29,20,ed9d75e2d3a902f99f8afe11e1cf28ca9e0b4d38e430f2a2e715cec43c1718d0,2017-06-16,-0.02109579447345291,0.031574082219943955,2.5617631828222396,0.0033798315752393273,0.019886077903270034,55744,
control,own_june,PKOBP,2017-06,xgboost,F5,S1,29,20,ed9d75e2d3a902f99f8afe11e1cf28ca9e0b4d38e430f2a2e715cec43c1718d0,2017-06-19,-0.03241226965909405,0.014576832810280162,2.903727034518324,0.006427485097702641,0.02515122586667179,34767,
control,own_june,PKOBP,2017-06,xgboost,F5,S1,29,20,ed9d75e2d3a902f99f8afe11e1cf28ca9e0b4d38e430f2a2e715cec43c1718d0,2017-06-20,-0.03383316609249926,-0.07682827494650352,2.0522863391968214,0.003795333355739526,0.017275790018725833,51504,
control,own_june,PKOBP,2017-06,xgboost,F5,S1,29,20,ed9d75e2d3a902f99f8afe11e1cf28ca9e0b4d38e430f2a2e715cec43c1718d0,2017-06-21,0.005512553315092092,-0.010758537872136665,2.663100699602058,0.008931597127999295,0.025907045491190748,60429,
control,own_june,PKOBP,2017-06,xgboost,F5,S1,29,20,ed9d75e2d3a902f99f8afe11e1cf28ca9e0b4d38e430f2a2e715cec43c1718d0,2017-06-22,-0.024819975087377915,0.04229996770724534,2.4314133326366316,0.0077783135048556315,0.0203361442145163,26905,
control,own_june,PKOBP,2017-06,xgboost,F5,S1,29,20,ed9d75e2d3a902f99f8afe11e1cf28ca9e0b4d38e430f2a2e715cec43c1718d0,2017-06-23,0.014554076337503134,-0.0033174522248443404,2.66962460302591,0.009251278117687034,0.02264805073905275,47556,
control,own_june,PKOBP,2017-06,xgboost,F5,S1,29,20,ed9d75e2d3a902f99f8afe11e1cf28ca9e0b4d38e430f2a2e715cec43c1718d0,2017-06-26,-0.010616058500853108,0.05297741958616015,2.1843246728685584,0.005334331844044373,0.017320785193657127,50958,
control,own_june,PKOBP,2017-06,xgboost,F5,S1,29,20,ed9d75e2d3a902f99f8afe11e1cf28ca9e0b4d38e430f2a2e715cec43c1718d0,2017-06-27,-0.061382017829370444,-0.04014556565841203,2.551841923090862,0.0046869180477755075,0.019825455172354896,43146,
control,own_june,PKOBP,2017-06,xgboost,F5,S1,29,20,ed9d75e2d3a902f99f8afe11e1cf28ca9e0b4d38e430f2a2e715cec43c1718d0,2017-06-28,0.012215938103849642,-0.025060217297699548,2.289106059822612,0.00683559686388403,0.016294701847411188,57632,
control,own_june,PKOBP,2017-06,xgboost,F5,S1,29,20,ed9d75e2d3a902f99f8afe11e1cf28ca9e0b4d38e430f2a2e715cec43c1718d0,2017-06-29,0.033426223004288526,0.0038430386374690207,2.426852917535377,0.006989762822971854,0.019558284724347712,45107,
control,own_june,PKOBP,2017-06,xgboost,F5,S1,29,20,ed9d75e2d3a902f99f8afe11e1cf28ca9e0b4d38e430f2a2e715cec43c1718d0,2017-06-30,0.01703335180424901,0.00779571133507352,2.1240257766535957,0.0063738691320448255,0.01635001499446135,40092,
control,own_june,PKOBP,2017-06,xgboost,F5,S1,43,20,2d837057266d36c5a78599a72ba8b2c667c0171c1b62602e4dda27b25775fb74,2017-06-01,-0.04523178572120615,-0.03793380359417656,1.5490195780482146,0.001896866523952292,0.01330605104371271,50774,
control,own_june,PKOBP,2017-06,xgboost,F5,S1,43,20,2d837057266d36c5a78599a72ba8b2c667c0171c1b62602e4dda27b25775fb74,2017-06-02,-0.04135020065936192,-0.0033531217355494787,2.062991292566417,0.001998448482672688,0.01594732375956418,49694,
control,own_june,PKOBP,2017-06,xgboost,F5,S1,43,20,2d837057266d36c5a78599a72ba8b2c667c0171c1b62602e4dda27b25775fb74,2017-06-05,-0.037494228436155366,0.037729087391150606,2.2247047296010543,0.0018473251391211678,0.017035967652015354,42497,
control,own_june,PKOBP,2017-06,xgboost,F5,S1,43,20,2d837057266d36c5a78599a72ba8b2c667c0171c1b62602e4dda27b25775fb74,2017-06-06,-0.07089408861655074,0.02559652735077806,2.459226810317787,0.004584692424001014,0.026261788371101318,63639,
control,own_june,PKOBP,2017-06,xgboost,F5,S1,43,20,2d837057266d36c5a78599a72ba8b2c667c0171c1b62602e4dda27b25775fb74,2017-06-07,-0.020033548406005474,-0.02939136726478048,2.5272508064086994,0.004695941735976934,0.019093687466258218,48610,
control,own_june,PKOBP,2017-06,xgboost,F5,S1,43,20,2d837057266d36c5a78599a72ba8b2c667c0171c1b62602e4dda27b25775fb74,2017-06-08,-0.020474636024129904,0.05910864783468554,2.272472087584434,0.004225463259028139,0.019477346993141256,43634,
control,own_june,PKOBP,2017-06,xgboost,F5,S1,43,20,2d837057266d36c5a78599a72ba8b2c667c0171c1b62602e4dda27b25775fb74,2017-06-09,-0.034373531214875776,-0.07761432503447417,2.178742549573127,0.00491850812161481,0.017587069216442267,47220,
control,own_june,PKOBP,2017-06,xgboost,F5,S1,43,20,2d837057266d36c5a78599a72ba8b2c667c0171c1b62602e4dda27b25775fb74,2017-06-12,0.005146130402862089,-0.04209782701414293,2.1298209819174168,0.0036416957345825284,0.014471680851379589,75328,
control,own_june,PKOBP,2017-06,xgboost,F5,S1,43,20,2d837057266d36c5a78599a72ba8b2c667c0171c1b62602e4dda27b25775fb74,2017-06-13,-0.036009866090724166,0.04208094186334268,2.21666688410007,0.003182124021105761,0.016892056245286814,62387,
control,own_june,PKOBP,2017-06,xgboost,F5,S1,43,20,2d837057266d36c5a78599a72ba8b2c667c0171c1b62602e4dda27b25775fb74,2017-06-14,-0.0317463880364984,-0.046265735389865545,2.270551060079342,0.0032356237074238994,0.01597017687768721,58941,
control,own_june,PKOBP,2017-06,xgboost,F5,S1,43,20,2d837057266d36c5a78599a72ba8b2c667c0171c1b62602e4dda27b25775fb74,2017-06-16,-0.006017199906733548,0.031574082219943955,2.5617631828222396,0.0035525628532363605,0.018809404500889203,55744,
control,own_june,PKOBP,2017-06,xgboost,F5,S1,43,20,2d837057266d36c5a78599a72ba8b2c667c0171c1b62602e4dda27b25775fb74,2017-06-19,0.001053945109964528,0.014576832810280162,2.903727034518324,0.0029276196882405165,0.02296451335990584,34767,
control,own_june,PKOBP,2017-06,xgboost,F5,S1,43,20,2d837057266d36c5a78599a72ba8b2c667c0171c1b62602e4dda27b25775fb74,2017-06-20,-0.040983608789524346,-0.07682827494650352,2.0522863391968214,0.0049579746863256426,0.015330916923749575,51504,
control,own_june,PKOBP,2017-06,xgboost,F5,S1,43,20,2d837057266d36c5a78599a72ba8b2c667c0171c1b62602e4dda27b25775fb74,2017-06-21,-0.02569502349170295,-0.010758537872136665,2.663100699602058,0.004495775950923387,0.024626286692077257,60429,
control,own_june,PKOBP,2017-06,xgboost,F5,S1,43,20,2d837057266d36c5a78599a72ba8b2c667c0171c1b62602e4dda27b25775fb74,2017-06-22,0.01336924691575919,0.04229996770724534,2.4314133326366316,0.003340571296128381,0.018248522876398773,26905,
control,own_june,PKOBP,2017-06,xgboost,F5,S1,43,20,2d837057266d36c5a78599a72ba8b2c667c0171c1b62602e4dda27b25775fb74,2017-06-23,-0.039237084826073805,-0.0033174522248443404,2.66962460302591,0.003386554959295848,0.020676596356115084,47556,
control,own_june,PKOBP,2017-06,xgboost,F5,S1,43,20,2d837057266d36c5a78599a72ba8b2c667c0171c1b62602e4dda27b25775fb74,2017-06-26,-0.005717745402107308,0.05297741958616015,2.1843246728685584,0.004270482843857756,0.015019476374777768,50958,
control,own_june,PKOBP,2017-06,xgboost,F5,S1,43,20,2d837057266d36c5a78599a72ba8b2c667c0171c1b62602e4dda27b25775fb74,2017-06-27,0.01115121657410749,-0.04014556565841203,2.551841923090862,0.003741076271646212,0.018648613677968943,43146,
control,own_june,PKOBP,2017-06,xgboost,F5,S1,43,20,2d837057266d36c5a78599a72ba8b2c667c0171c1b62602e4dda27b25775fb74,2017-06-28,-0.012937243099330717,-0.025060217297699548,2.289106059822612,0.004455050324527724,0.01794057334616683,57632,
control,own_june,PKOBP,2017-06,xgboost,F5,S1,43,20,2d837057266d36c5a78599a72ba8b2c667c0171c1b62602e4dda27b25775fb74,2017-06-29,-0.008742671531778757,0.0038430386374690207,2.426852917535377,0.004109543656599687,0.017781485318598547,45107,
control,own_june,PKOBP,2017-06,xgboost,F5,S1,43,20,2d837057266d36c5a78599a72ba8b2c667c0171c1b62602e4dda27b25775fb74,2017-06-30,-0.02807034019901616,0.00779571133507352,2.1240257766535957,0.0039956972359290865,0.015896729532998713,40092,
control,own_june,PKOBP,2017-06,xgboost,F5,S1,71,20,4fc64c52eeaec5180d32bbf87584f0485c7f84b59c706d281c3353313d94347c,2017-06-01,0.002716644736189558,-0.03793380359417656,1.5490195780482146,0.005641320321136118,0.015116112328764739,50774,
control,own_june,PKOBP,2017-06,xgboost,F5,S1,71,20,4fc64c52eeaec5180d32bbf87584f0485c7f84b59c706d281c3353313d94347c,2017-06-02,0.006136674252058673,-0.0033531217355494787,2.062991292566417,0.004623766978156685,0.01644120881455603,49694,
control,own_june,PKOBP,2017-06,xgboost,F5,S1,71,20,4fc64c52eeaec5180d32bbf87584f0485c7f84b59c706d281c3353313d94347c,2017-06-05,-0.01820786358303318,0.037729087391150606,2.2247047296010543,0.004571210646529024,0.0180128047087899,42497,
control,own_june,PKOBP,2017-06,xgboost,F5,S1,71,20,4fc64c52eeaec5180d32bbf87584f0485c7f84b59c706d281c3353313d94347c,2017-06-06,0.0375030186393659,0.02559652735077806,2.459226810317787,0.005414376178980908,0.02264074787465653,63639,
control,own_june,PKOBP,2017-06,xgboost,F5,S1,71,20,4fc64c52eeaec5180d32bbf87584f0485c7f84b59c706d281c3353313d94347c,2017-06-07,-0.012763673012973618,-0.02939136726478048,2.5272508064086994,0.003946139239271188,0.02272172316250653,48610,
control,own_june,PKOBP,2017-06,xgboost,F5,S1,71,20,4fc64c52eeaec5180d32bbf87584f0485c7f84b59c706d281c3353313d94347c,2017-06-08,0.009307442435645467,0.05910864783468554,2.272472087584434,0.005196776796823572,0.018265573836003544,43634,
control,own_june,PKOBP,2017-06,xgboost,F5,S1,71,20,4fc64c52eeaec5180d32bbf87584f0485c7f84b59c706d281c3353313d94347c,2017-06-09,0.021979373364328713,-0.07761432503447417,2.178742549573127,0.005798554000961849,0.020231549084754722,47220,
control,own_june,PKOBP,2017-06,xgboost,F5,S1,71,20,4fc64c52eeaec5180d32bbf87584f0485c7f84b59c706d281c3353313d94347c,2017-06-12,0.00277075430828626,-0.04209782701414293,2.1298209819174168,0.005479473778288598,0.015495783843220635,75328,
control,own_june,PKOBP,2017-06,xgboost,F5,S1,71,20,4fc64c52eeaec5180d32bbf87584f0485c7f84b59c706d281c3353313d94347c,2017-06-13,-0.028377186787712037,0.04208094186334268,2.21666688410007,0.005768128308412228,0.0172054724302889,62387,
control,own_june,PKOBP,2017-06,xgboost,F5,S1,71,20,4fc64c52eeaec5180d32bbf87584f0485c7f84b59c706d281c3353313d94347c,2017-06-14,-0.0122396100390405,-0.046265735389865545,2.270551060079342,0.0069276148046986535,0.016487349198125653,58941,
control,own_june,PKOBP,2017-06,xgboost,F5,S1,71,20,4fc64c52eeaec5180d32bbf87584f0485c7f84b59c706d281c3353313d94347c,2017-06-16,-0.01117429493139844,0.031574082219943955,2.5617631828222396,0.005310408928335738,0.018896267965056612,55744,
control,own_june,PKOBP,2017-06,xgboost,F5,S1,71,20,4fc64c52eeaec5180d32bbf87584f0485c7f84b59c706d281c3353313d94347c,2017-06-19,-0.016520512232744325,0.014576832810280162,2.903727034518324,0.006432448181908184,0.023228071037426395,34767,
control,own_june,PKOBP,2017-06,xgboost,F5,S1,71,20,4fc64c52eeaec5180d32bbf87584f0485c7f84b59c706d281c3353313d94347c,2017-06-20,0.020730089244742338,-0.07682827494650352,2.0522863391968214,0.005822454573388109,0.015642435577452686,51504,
control,own_june,PKOBP,2017-06,xgboost,F5,S1,71,20,4fc64c52eeaec5180d32bbf87584f0485c7f84b59c706d281c3353313d94347c,2017-06-21,-0.029875966541491293,-0.010758537872136665,2.663100699602058,0.0049678088286933654,0.022638107578465974,60429,
control,own_june,PKOBP,2017-06,xgboost,F5,S1,71,20,4fc64c52eeaec5180d32bbf87584f0485c7f84b59c706d281c3353313d94347c,2017-06-22,-0.0023926710478734043,0.04229996770724534,2.4314133326366316,0.005410871875377694,0.018716492177587255,26905,
control,own_june,PKOBP,2017-06,xgboost,F5,S1,71,20,4fc64c52eeaec5180d32bbf87584f0485c7f84b59c706d281c3353313d94347c,2017-06-23,-0.02473741498319054,-0.0033174522248443404,2.66962460302591,0.005491494065482092,0.023802302185004037,47556,
control,own_june,PKOBP,2017-06,xgboost,F5,S1,71,20,4fc64c52eeaec5180d32bbf87584f0485c7f84b59c706d281c3353313d94347c,2017-06-26,-0.011405917636832411,0.05297741958616015,2.1843246728685584,0.005910105798087543,0.015804928005418602,50958,
control,own_june,PKOBP,2017-06,xgboost,F5,S1,71,20,4fc64c52eeaec5180d32bbf87584f0485c7f84b59c706d281c3353313d94347c,2017-06-27,0.0007234351655140481,-0.04014556565841203,2.551841923090862,0.005721877510179769,0.017472890363856283,43146,
control,own_june,PKOBP,2017-06,xgboost,F5,S1,71,20,4fc64c52eeaec5180d32bbf87584f0485c7f84b59c706d281c3353313d94347c,2017-06-28,-0.027990432507391153,-0.025060217297699548,2.289106059822612,0.0058727205293988985,0.016437335162061945,57632,
control,own_june,PKOBP,2017-06,xgboost,F5,S1,71,20,4fc64c52eeaec5180d32bbf87584f0485c7f84b59c706d281c3353313d94347c,2017-06-29,0.003812611072327088,0.0038430386374690207,2.426852917535377,0.006019072117258792,0.01970898592816334,45107,
control,own_june,PKOBP,2017-06,xgboost,F5,S1,71,20,4fc64c52eeaec5180d32bbf87584f0485c7f84b59c706d281c3353313d94347c,2017-06-30,-0.004525119884586283,0.00779571133507352,2.1240257766535957,0.006130220173753062,0.015827173756491068,40092,
control,own_june,PZU,2017-06,xgboost,F5,S0,7,20,9e12cc1349c58b0ccc9702a7fc28b96c580eef563532045ec1542e1b7cbed31b,2017-06-01,0.042722236200018485,0.04136386637090247,2.305825408842314,-0.0024760522568906328,0.020955292592881543,37200,
control,own_june,PZU,2017-06,xgboost,F5,S0,7,20,9e12cc1349c58b0ccc9702a7fc28b96c580eef563532045ec1542e1b7cbed31b,2017-06-02,0.008553921905253297,0.0029458176609071626,1.8322732169766913,0.0003604531373961532,0.016843474941466083,28483,
control,own_june,PZU,2017-06,xgboost,F5,S0,7,20,9e12cc1349c58b0ccc9702a7fc28b96c580eef563532045ec1542e1b7cbed31b,2017-06-05,0.03307922304831444,-0.07116110741460968,2.6166699843027925,-0.000483684856035207,0.0206459337351274,40516,
control,own_june,PZU,2017-06,xgboost,F5,S0,7,20,9e12cc1349c58b0ccc9702a7fc28b96c580eef563532045ec1542e1b7cbed31b,2017-06-06,0.037630300338845596,-0.03430663298590677,2.4656976109754747,-0.002514253981525532,0.021136931330776328,53671,
control,own_june,PZU,2017-06,xgboost,F5,S0,7,20,9e12cc1349c58b0ccc9702a7fc28b96c580eef563532045ec1542e1b7cbed31b,2017-06-07,0.0032817374944538167,-0.03749049128386694,2.103791967573465,0.0005389023133082616,0.019302377797438215,35665,
control,own_june,PZU,2017-06,xgboost,F5,S0,7,20,9e12cc1349c58b0ccc9702a7fc28b96c580eef563532045ec1542e1b7cbed31b,2017-06-08,0.038741337869411675,0.06803382897417344,2.116258414804265,0.00010154881242187788,0.020697303927151578,45460,
control,own_june,PZU,2017-06,xgboost,F5,S0,7,20,9e12cc1349c58b0ccc9702a7fc28b96c580eef563532045ec1542e1b7cbed31b,2017-06-09,0.03512940240168226,-0.021356677720073623,2.4139864078741686,0.001216149471828459,0.0232116957746659,34663,
control,own_june,PZU,2017-06,xgboost,F5,S0,7,20,9e12cc1349c58b0ccc9702a7fc28b96c580eef563532045ec1542e1b7cbed31b,2017-06-12,0.016642410298063515,-0.020155842576751147,2.3810756338388406,0.002420211461715523,0.020167481807783445,41860,
control,own_june,PZU,2017-06,xgboost,F5,S0,7,20,9e12cc1349c58b0ccc9702a7fc28b96c580eef563532045ec1542e1b7cbed31b,2017-06-13,0.00818093523811705,0.009741529256401645,2.3186690076985514,0.002963907835287922,0.022842111346733456,53404,
control,own_june,PZU,2017-06,xgboost,F5,S0,7,20,9e12cc1349c58b0ccc9702a7fc28b96c580eef563532045ec1542e1b7cbed31b,2017-06-14,0.02336452798770858,-0.10127210686630238,2.3449675099530074,-0.0026116833743009883,0.02061550950364284,39330,
control,own_june,PZU,2017-06,xgboost,F5,S0,7,20,9e12cc1349c58b0ccc9702a7fc28b96c580eef563532045ec1542e1b7cbed31b,2017-06-16,0.004235544745887388,0.016608631929561638,1.56544354352813,-0.006154119614982709,0.020840724886432835,44640,
control,own_june,PZU,2017-06,xgboost,F5,S0,7,20,9e12cc1349c58b0ccc9702a7fc28b96c580eef563532045ec1542e1b7cbed31b,2017-06-19,0.00107144863903,-0.027573350256308,2.987387617695818,0.0009295906676106832,0.023260884317045923,58145,
control,own_june,PZU,2017-06,xgboost,F5,S0,7,20,9e12cc1349c58b0ccc9702a7fc28b96c580eef563532045ec1542e1b7cbed31b,2017-06-20,-0.011961285988895128,1.30118123569107e-05,2.4323449214296815,0.0023910212978297814,0.024725174591732662,31522,
control,own_june,PZU,2017-06,xgboost,F5,S0,7,20,9e12cc1349c58b0ccc9702a7fc28b96c580eef563532045ec1542e1b7cbed31b,2017-06-21,-0.012692603876141776,0.014043305351857206,2.674286595428602,-0.0027679557567234082,0.02440697262468429,80180,
control,own_june,PZU,2017-06,xgboost,F5,S0,7,20,9e12cc1349c58b0ccc9702a7fc28b96c580eef563532045ec1542e1b7cbed31b,2017-06-22,0.036134648641779184,-0.0026832176426108954,2.195627099270153,-0.00031345367083241424,0.021851250851736153,59805,
control,own_june,PZU,2017-06,xgboost,F5,S0,7,20,9e12cc1349c58b0ccc9702a7fc28b96c580eef563532045ec1542e1b7cbed31b,2017-06-23,0.04592296888422086,0.010344196458899646,2.7101101299318664,-4.999102491277771e-05,0.02263845113380607,51767,
control,own_june,PZU,2017-06,xgboost,F5,S0,7,20,9e12cc1349c58b0ccc9702a7fc28b96c580eef563532045ec1542e1b7cbed31b,2017-06-26,-0.0020918938114407788,0.030238537169657673,1.7097091030600966,0.0037186995845763923,0.02072455696293351,25688,
control,own_june,PZU,2017-06,xgboost,F5,S0,7,20,9e12cc1349c58b0ccc9702a7fc28b96c580eef563532045ec1542e1b7cbed31b,2017-06-27,0.03157162232600303,0.05511489859010638,2.1055281670008816,0.003796488514504633,0.020637314764149588,43181,
control,own_june,PZU,2017-06,xgboost,F5,S0,7,20,9e12cc1349c58b0ccc9702a7fc28b96c580eef563532045ec1542e1b7cbed31b,2017-06-28,0.007164205690134338,-0.01082573071752257,2.129376826114875,0.004019485189826618,0.019840057594476143,55324,
control,own_june,PZU,2017-06,xgboost,F5,S0,7,20,9e12cc1349c58b0ccc9702a7fc28b96c580eef563532045ec1542e1b7cbed31b,2017-06-29,0.0061786637731570514,-0.08688543819149921,2.024571319970085,0.003352567987510487,0.021108945140719464,49531,
control,own_june,PZU,2017-06,xgboost,F5,S0,7,20,9e12cc1349c58b0ccc9702a7fc28b96c580eef563532045ec1542e1b7cbed31b,2017-06-30,0.04251819603286445,-0.03420234397187181,2.0447878394225696,-0.0002931709497862794,0.023339175945420926,60218,
control,own_june,PZU,2017-06,xgboost,F5,S0,17,20,7b050d855b24becab8cb3c61ac9b12985514fb3463d0caa2d584b6147a6b1a5b,2017-06-01,0.032533234404652334,0.04136386637090247,2.305825408842314,-0.0045344770673014,0.017169536452065853,37200,
control,own_june,PZU,2017-06,xgboost,F5,S0,17,20,7b050d855b24becab8cb3c61ac9b12985514fb3463d0caa2d584b6147a6b1a5b,2017-06-02,0.019179456653758087,0.0029458176609071626,1.8322732169766913,-0.006714227247350652,0.01741790515811267,28483,
control,own_june,PZU,2017-06,xgboost,F5,S0,17,20,7b050d855b24becab8cb3c61ac9b12985514fb3463d0caa2d584b6147a6b1a5b,2017-06-05,0.012240693792463354,-0.07116110741460968,2.6166699843027925,-0.0037228877393500363,0.01920159549606942,40516,
control,own_june,PZU,2017-06,xgboost,F5,S0,17,20,7b050d855b24becab8cb3c61ac9b12985514fb3463d0caa2d584b6147a6b1a5b,2017-06-06,0.02184882357859882,-0.03430663298590677,2.4656976109754747,-0.004664109761982727,0.021326704091069654,53671,
control,own_june,PZU,2017-06,xgboost,F5,S0,17,20,7b050d855b24becab8cb3c61ac9b12985514fb3463d0caa2d584b6147a6b1a5b,2017-06-07,-0.002009393379567642,-0.03749049128386694,2.103791967573465,-0.0034821013529618768,0.01691686504175434,35665,
control,own_june,PZU,2017-06,xgboost,F5,S0,17,20,7b050d855b24becab8cb3c61ac9b12985514fb3463d0caa2d584b6147a6b1a5b,2017-06-08,0.020509551163899742,0.06803382897417344,2.116258414804265,-0.00164894279076878,0.02228127123734022,45460,
control,own_june,PZU,2017-06,xgboost,F5,S0,17,20,7b050d855b24becab8cb3c61ac9b12985514fb3463d0caa2d584b6147a6b1a5b,2017-06-09,0.00693239332029415,-0.021356677720073623,2.4139864078741686,0.0026319213305674868,0.023055985160901075,34663,
control,own_june,PZU,2017-06,xgboost,F5,S0,17,20,7b050d855b24becab8cb3c61ac9b12985514fb3463d0caa2d584b6147a6b1a5b,2017-06-12,0.0007768531101963014,-0.020155842576751147,2.3810756338388406,-0.00013328298580222281,0.020024247569287966,41860,
control,own_june,PZU,2017-06,xgboost,F5,S0,17,20,7b050d855b24becab8cb3c61ac9b12985514fb3463d0caa2d584b6147a6b1a5b,2017-06-13,0.03304432482664868,0.009741529256401645,2.3186690076985514,0.002338575581060062,0.025393382297747142,53404,
control,own_june,PZU,2017-06,xgboost,F5,S0,17,20,7b050d855b24becab8cb3c61ac9b12985514fb3463d0caa2d584b6147a6b1a5b,2017-06-14,0.019638375774446944,-0.10127210686630238,2.3449675099530074,-0.00561659728205781,0.01959587429916101,39330,
control,own_june,PZU,2017-06,xgboost,F5,S0,17,20,7b050d855b24becab8cb3c61ac9b12985514fb3463d0caa2d584b6147a6b1a5b,2017-06-16,-0.012172336939191973,0.016608631929561638,1.56544354352813,-0.006756519309526595,0.017012332217688025,44640,
control,own_june,PZU,2017-06,xgboost,F5,S0,17,20,7b050d855b24becab8cb3c61ac9b12985514fb3463d0caa2d584b6147a6b1a5b,2017-06-19,-0.01266949967536746,-0.027573350256308,2.987387617695818,-0.0018465337184562854,0.02332304623091703,58145,
control,own_june,PZU,2017-06,xgboost,F5,S0,17,20,7b050d855b24becab8cb3c61ac9b12985514fb3463d0caa2d584b6147a6b1a5b,2017-06-20,0.03279818369916488,1.30118123569107e-05,2.4323449214296815,-0.0030106100666233426,0.029051995071998207,31522,
control,own_june,PZU,2017-06,xgboost,F5,S0,17,20,7b050d855b24becab8cb3c61ac9b12985514fb3463d0caa2d584b6147a6b1a5b,2017-06-21,-0.01402551973819568,0.014043305351857206,2.674286595428602,-0.003049132429085041,0.023006600244538697,80180,
control,own_june,PZU,2017-06,xgboost,F5,S0,17,20,7b050d855b24becab8cb3c61ac9b12985514fb3463d0caa2d584b6147a6b1a5b,2017-06-22,0.020469603629797724,-0.0026832176426108954,2.195627099270153,-0.0018862716081137119,0.021239476607018793,59805,
control,own_june,PZU,2017-06,xgboost,F5,S0,17,20,7b050d855b24becab8cb3c61ac9b12985514fb3463d0caa2d584b6147a6b1a5b,2017-06-23,0.003117292253595463,0.010344196458899646,2.7101101299318664,-0.0016504400070499192,0.02385247968342548,51767,
control,own_june,PZU,2017-06,xgboost,F5,S0,17,20,7b050d855b24becab8cb3c61ac9b12985514fb3463d0caa2d584b6147a6b1a5b,2017-06-26,0.056733669747834566,0.030238537169657673,1.7097091030600966,9.831825995590678e-05,0.01983031984333825,25688,
control,own_june,PZU,2017-06,xgboost,F5,S0,17,20,7b050d855b24becab8cb3c61ac9b12985514fb3463d0caa2d584b6147a6b1a5b,2017-06-27,0.03353953771683025,0.05511489859010638,2.1055281670008816,0.002111854734945839,0.017044147981283623,43181,
control,own_june,PZU,2017-06,xgboost,F5,S0,17,20,7b050d855b24becab8cb3c61ac9b12985514fb3463d0caa2d584b6147a6b1a5b,2017-06-28,0.06779796121699594,-0.01082573071752257,2.129376826114875,0.0010685795113565297,0.015551998532974478,55324,
control,own_june,PZU,2017-06,xgboost,F5,S0,17,20,7b050d855b24becab8cb3c61ac9b12985514fb3463d0caa2d584b6147a6b1a5b,2017-06-29,0.03320551223583468,-0.08688543819149921,2.024571319970085,0.0012785682718894288,0.016561769545268893,49531,
control,own_june,PZU,2017-06,xgboost,F5,S0,17,20,7b050d855b24becab8cb3c61ac9b12985514fb3463d0caa2d584b6147a6b1a5b,2017-06-30,0.022457640259886138,-0.03420234397187181,2.0447878394225696,0.0007133806743342494,0.02175909810883943,60218,
control,own_june,PZU,2017-06,xgboost,F5,S0,29,20,0a33c1658dc5d07bf177ce120e96364b885aca2f2ad049c241c2ffa4aa7bc902,2017-06-01,0.029074629031096463,0.04136386637090247,2.305825408842314,-0.0024196804755978207,0.018546033508704846,37200,
control,own_june,PZU,2017-06,xgboost,F5,S0,29,20,0a33c1658dc5d07bf177ce120e96364b885aca2f2ad049c241c2ffa4aa7bc902,2017-06-02,-0.006481897067523955,0.0029458176609071626,1.8322732169766913,-0.0024997945011838336,0.01593412159266812,28483,
control,own_june,PZU,2017-06,xgboost,F5,S0,29,20,0a33c1658dc5d07bf177ce120e96364b885aca2f2ad049c241c2ffa4aa7bc902,2017-06-05,0.016192445716550964,-0.07116110741460968,2.6166699843027925,-0.0010368642503997372,0.02002350317945607,40516,
control,own_june,PZU,2017-06,xgboost,F5,S0,29,20,0a33c1658dc5d07bf177ce120e96364b885aca2f2ad049c241c2ffa4aa7bc902,2017-06-06,-0.006726747831255583,-0.03430663298590677,2.4656976109754747,-0.0013120044465784531,0.020668734435482793,53671,
control,own_june,PZU,2017-06,xgboost,F5,S0,29,20,0a33c1658dc5d07bf177ce120e96364b885aca2f2ad049c241c2ffa4aa7bc902,2017-06-07,0.0038675641460758155,-0.03749049128386694,2.103791967573465,-0.001794279395318925,0.017579570744114936,35665,
control,own_june,PZU,2017-06,xgboost,F5,S0,29,20,0a33c1658dc5d07bf177ce120e96364b885aca2f2ad049c241c2ffa4aa7bc902,2017-06-08,0.03873871377069024,0.06803382897417344,2.116258414804265,0.0028459939217094325,0.022306690517754985,45460,
control,own_june,PZU,2017-06,xgboost,F5,S0,29,20,0a33c1658dc5d07bf177ce120e96364b885aca2f2ad049c241c2ffa4aa7bc902,2017-06-09,0.03039031812039232,-0.021356677720073623,2.4139864078741686,0.0005407021345696802,0.026938428211381357,34663,
control,own_june,PZU,2017-06,xgboost,F5,S0,29,20,0a33c1658dc5d07bf177ce120e96364b885aca2f2ad049c241c2ffa4aa7bc902,2017-06-12,0.004622932800791151,-0.020155842576751147,2.3810756338388406,0.0017749169124506158,0.020818844407625027,41860,
control,own_june,PZU,2017-06,xgboost,F5,S0,29,20,0a33c1658dc5d07bf177ce120e96364b885aca2f2ad049c241c2ffa4aa7bc902,2017-06-13,0.041491057015654954,0.009741529256401645,2.3186690076985514,0.0005554203795922997,0.023581029328136372,53404,
control,own_june,PZU,2017-06,xgboost,F5,S0,29,20,0a33c1658dc5d07bf177ce120e96364b885aca2f2ad049c241c2ffa4aa7bc902,2017-06-14,0.02291335705782655,-0.10127210686630238,2.3449675099530074,-0.003048310731146925,0.01856100300558558,39330,
control,own_june,PZU,2017-06,xgboost,F5,S0,29,20,0a33c1658dc5d07bf177ce120e96364b885aca2f2ad049c241c2ffa4aa7bc902,2017-06-16,0.0387028018402902,0.016608631929561638,1.56544354352813,-0.005745399051800071,0.017780237671872014,44640,
control,own_june,PZU,2017-06,xgboost,F5,S0,29,20,0a33c1658dc5d07bf177ce120e96364b885aca2f2ad049c241c2ffa4aa7bc902,2017-06-19,-0.018210416436768666,-0.027573350256308,2.987387617695818,-0.0006509424515296136,0.02276135121216218,58145,
control,own_june,PZU,2017-06,xgboost,F5,S0,29,20,0a33c1658dc5d07bf177ce120e96364b885aca2f2ad049c241c2ffa4aa7bc902,2017-06-20,0.01861572955658514,1.30118123569107e-05,2.4323449214296815,0.0016864093924632906,0.028165682640169918,31522,
control,own_june,PZU,2017-06,xgboost,F5,S0,29,20,0a33c1658dc5d07bf177ce120e96364b885aca2f2ad049c241c2ffa4aa7bc902,2017-06-21,0.0324797765588681,0.014043305351857206,2.674286595428602,-0.0023348672771252004,0.024061198227325848,80180,
control,own_june,PZU,2017-06,xgboost,F5,S0,29,20,0a33c1658dc5d07bf177ce120e96364b885aca2f2ad049c241c2ffa4aa7bc902,2017-06-22,0.030388317049929087,-0.0026832176426108954,2.195627099270153,-0.0009993331117609848,0.02377098254041565,59805,
control,own_june,PZU,2017-06,xgboost,F5,S0,29,20,0a33c1658dc5d07bf177ce120e96364b885aca2f2ad049c241c2ffa4aa7bc902,2017-06-23,0.026292238802103792,0.010344196458899646,2.7101101299318664,-0.0003322386577357358,0.022856889419829697,51767,
control,own_june,PZU,2017-06,xgboost,F5,S0,29,20,0a33c1658dc5d07bf177ce120e96364b885aca2f2ad049c241c2ffa4aa7bc902,2017-06-26,0.05365407423942761,0.030238537169657673,1.7097091030600966,-0.002787198649111866,0.019196449390524388,25688,
control,own_june,PZU,2017-06,xgboost,F5,S0,29,20,0a33c1658dc5d07bf177ce120e96364b885aca2f2ad049c241c2ffa4aa7bc902,2017-06-27,0.05995400663223635,0.05511489859010638,2.1055281670008816,-0.00031410875678701625,0.019361831516619667,43181,
control,own_june,PZU,2017-06,xgboost,F5,S0,29,20,0a33c1658dc5d07bf177ce120e96364b885aca2f2ad049c241c2ffa4aa7bc902,2017-06-28,0.040726632249834756,-0.01082573071752257,2.129376826114875,-0.001371331034590742,0.018551274735315648,55324,
control,own_june,PZU,2017-06,xgboost,F5,S0,29,20,0a33c1658dc5d07bf177ce120e96364b885aca2f2ad049c241c2ffa4aa7bc902,2017-06-29,0.0440746893446205,-0.08688543819149921,2.024571319970085,0.0010022810311420978,0.019945481829585558,49531,
control,own_june,PZU,2017-06,xgboost,F5,S0,29,20,0a33c1658dc5d07bf177ce120e96364b885aca2f2ad049c241c2ffa4aa7bc902,2017-06-30,-0.03077762354839457,-0.03420234397187181,2.0447878394225696,0.0009539100560294236,0.022279054104082856,60218,
control,own_june,PZU,2017-06,xgboost,F5,S0,43,20,d5b6cdafae6d8904a810f1ff6acb746c5d2a2d802dbff475035b6e34430bde59,2017-06-01,0.019237535616064203,0.04136386637090247,2.305825408842314,-0.005406662747326497,0.017968499618725306,37200,
control,own_june,PZU,2017-06,xgboost,F5,S0,43,20,d5b6cdafae6d8904a810f1ff6acb746c5d2a2d802dbff475035b6e34430bde59,2017-06-02,-0.03468360150155686,0.0029458176609071626,1.8322732169766913,-0.0012083860593136923,0.01688253369435482,28483,
control,own_june,PZU,2017-06,xgboost,F5,S0,43,20,d5b6cdafae6d8904a810f1ff6acb746c5d2a2d802dbff475035b6e34430bde59,2017-06-05,0.017118853064715216,-0.07116110741460968,2.6166699843027925,-0.003624414714426092,0.018192587900034935,40516,
control,own_june,PZU,2017-06,xgboost,F5,S0,43,20,d5b6cdafae6d8904a810f1ff6acb746c5d2a2d802dbff475035b6e34430bde59,2017-06-06,0.017209162697901962,-0.03430663298590677,2.4656976109754747,-0.00379673461913257,0.019588628849896036,53671,
control,own_june,PZU,2017-06,xgboost,F5,S0,43,20,d5b6cdafae6d8904a810f1ff6acb746c5d2a2d802dbff475035b6e34430bde59,2017-06-07,0.03274020939826149,-0.03749049128386694,2.103791967573465,-0.0019790262497352304,0.019257108327332087,35665,
control,own_june,PZU,2017-06,xgboost,F5,S0,43,20,d5b6cdafae6d8904a810f1ff6acb746c5d2a2d802dbff475035b6e34430bde59,2017-06-08,-0.01484189825204513,0.06803382897417344,2.116258414804265,-0.0006871325764306229,0.01893759442542837,45460,
control,own_june,PZU,2017-06,xgboost,F5,S0,43,20,d5b6cdafae6d8904a810f1ff6acb746c5d2a2d802dbff475035b6e34430bde59,2017-06-09,0.032335458792874985,-0.021356677720073623,2.4139864078741686,0.0015174384422253567,0.022997138600782834,34663,
control,own_june,PZU,2017-06,xgboost,F5,S0,43,20,d5b6cdafae6d8904a810f1ff6acb746c5d2a2d802dbff475035b6e34430bde59,2017-06-12,-0.009828137274484767,-0.020155842576751147,2.3810756338388406,0.0019204715819170807,0.019912517879702572,41860,
control,own_june,PZU,2017-06,xgboost,F5,S0,43,20,d5b6cdafae6d8904a810f1ff6acb746c5d2a2d802dbff475035b6e34430bde59,2017-06-13,0.01405158485950798,0.009741529256401645,2.3186690076985514,0.003050183196370277,0.02330773376318724,53404,
control,own_june,PZU,2017-06,xgboost,F5,S0,43,20,d5b6cdafae6d8904a810f1ff6acb746c5d2a2d802dbff475035b6e34430bde59,2017-06-14,0.004069283328054602,-0.10127210686630238,2.3449675099530074,-0.0038495358580556698,0.01933043936180387,39330,
control,own_june,PZU,2017-06,xgboost,F5,S0,43,20,d5b6cdafae6d8904a810f1ff6acb746c5d2a2d802dbff475035b6e34430bde59,2017-06-16,-0.02721319173857675,0.016608631929561638,1.56544354352813,-0.007990011342372524,0.021793273710804365,44640,
control,own_june,PZU,2017-06,xgboost,F5,S0,43,20,d5b6cdafae6d8904a810f1ff6acb746c5d2a2d802dbff475035b6e34430bde59,2017-06-19,0.0026022987005692466,-0.027573350256308,2.987387617695818,-0.000401916132086784,0.02278892745095917,58145,
control,own_june,PZU,2017-06,xgboost,F5,S0,43,20,d5b6cdafae6d8904a810f1ff6acb746c5d2a2d802dbff475035b6e34430bde59,2017-06-20,-0.03388345997921242,1.30118123569107e-05,2.4323449214296815,-0.0013525226716135693,0.02409505974878327,31522,
control,own_june,PZU,2017-06,xgboost,F5,S0,43,20,d5b6cdafae6d8904a810f1ff6acb746c5d2a2d802dbff475035b6e34430bde59,2017-06-21,0.019880688272752328,0.014043305351857206,2.674286595428602,-0.002783595420544222,0.02165668240853993,80180,
control,own_june,PZU,2017-06,xgboost,F5,S0,43,20,d5b6cdafae6d8904a810f1ff6acb746c5d2a2d802dbff475035b6e34430bde59,2017-06-22,0.019151761856895037,-0.0026832176426108954,2.195627099270153,-0.0001967023209977891,0.022031259746392366,59805,
control,own_june,PZU,2017-06,xgboost,F5,S0,43,20,d5b6cdafae6d8904a810f1ff6acb746c5d2a2d802dbff475035b6e34430bde59,2017-06-23,0.042504273064194235,0.010344196458899646,2.7101101299318664,-0.0015085596178065173,0.021838336046269495,51767,
control,own_june,PZU,2017-06,xgboost,F5,S0,43,20,d5b6cdafae6d8904a810f1ff6acb746c5d2a2d802dbff475035b6e34430bde59,2017-06-26,0.06117003382616168,0.030238537169657673,1.7097091030600966,0.0017994136657355263,0.021002256576257386,25688,
control,own_june,PZU,2017-06,xgboost,F5,S0,43,20,d5b6cdafae6d8904a810f1ff6acb746c5d2a2d802dbff475035b6e34430bde59,2017-06-27,0.04402882645953412,0.05511489859010638,2.1055281670008816,0.0011885317766002217,0.018709723105525964,43181,
control,own_june,PZU,2017-06,xgboost,F5,S0,43,20,d5b6cdafae6d8904a810f1ff6acb746c5d2a2d802dbff475035b6e34430bde59,2017-06-28,0.017785111198991805,-0.01082573071752257,2.129376826114875,0.0007657216437674303,0.018503336966910935,55324,
control,own_june,PZU,2017-06,xgboost,F5,S0,43,20,d5b6cdafae6d8904a810f1ff6acb746c5d2a2d802dbff475035b6e34430bde59,2017-06-29,0.03378631489260438,-0.08688543819149921,2.024571319970085,0.0008202707509889791,0.018708328118455846,49531,
control,own_june,PZU,2017-06,xgboost,F5,S0,43,20,d5b6cdafae6d8904a810f1ff6acb746c5d2a2d802dbff475035b6e34430bde59,2017-06-30,0.007277250343689735,-0.03420234397187181,2.0447878394225696,0.003046383964094519,0.020630939600137975,60218,
control,own_june,PZU,2017-06,xgboost,F5,S0,71,20,e3a608f00105d4b29fdc72dca0c6f1aff1b598ea2d42032d09d54438c7be73a4,2017-06-01,0.038149590926144755,0.04136386637090247,2.305825408842314,-0.005038286279461356,0.017100828159203416,37200,
control,own_june,PZU,2017-06,xgboost,F5,S0,71,20,e3a608f00105d4b29fdc72dca0c6f1aff1b598ea2d42032d09d54438c7be73a4,2017-06-02,0.0349927607379435,0.0029458176609071626,1.8322732169766913,-0.003568369253413056,0.015182400744414154,28483,
control,own_june,PZU,2017-06,xgboost,F5,S0,71,20,e3a608f00105d4b29fdc72dca0c6f1aff1b598ea2d42032d09d54438c7be73a4,2017-06-05,0.03502572257749149,-0.07116110741460968,2.6166699843027925,-0.0023466529957550607,0.019727613869890893,40516,
control,own_june,PZU,2017-06,xgboost,F5,S0,71,20,e3a608f00105d4b29fdc72dca0c6f1aff1b598ea2d42032d09d54438c7be73a4,2017-06-06,0.030792568402679375,-0.03430663298590677,2.4656976109754747,-0.0032570641134042366,0.020002178985458745,53671,
control,own_june,PZU,2017-06,xgboost,F5,S0,71,20,e3a608f00105d4b29fdc72dca0c6f1aff1b598ea2d42032d09d54438c7be73a4,2017-06-07,0.02306298748200035,-0.03749049128386694,2.103791967573465,-0.0024142828037869357,0.0178198286970684,35665,
control,own_june,PZU,2017-06,xgboost,F5,S0,71,20,e3a608f00105d4b29fdc72dca0c6f1aff1b598ea2d42032d09d54438c7be73a4,2017-06-08,0.05273686944829482,0.06803382897417344,2.116258414804265,0.00015246662606980554,0.0208245036719746,45460,
control,own_june,PZU,2017-06,xgboost,F5,S0,71,20,e3a608f00105d4b29fdc72dca0c6f1aff1b598ea2d42032d09d54438c7be73a4,2017-06-09,0.007018910332644118,-0.021356677720073623,2.4139864078741686,0.0050451645017151915,0.026371878707169394,34663,
control,own_june,PZU,2017-06,xgboost,F5,S0,71,20,e3a608f00105d4b29fdc72dca0c6f1aff1b598ea2d42032d09d54438c7be73a4,2017-06-12,0.02645770531832831,-0.020155842576751147,2.3810756338388406,-0.0014771538002775137,0.02055344157647109,41860,
control,own_june,PZU,2017-06,xgboost,F5,S0,71,20,e3a608f00105d4b29fdc72dca0c6f1aff1b598ea2d42032d09d54438c7be73a4,2017-06-13,0.006679989617163751,0.009741529256401645,2.3186690076985514,0.0043470144180286115,0.023214225751827626,53404,
control,own_june,PZU,2017-06,xgboost,F5,S0,71,20,e3a608f00105d4b29fdc72dca0c6f1aff1b598ea2d42032d09d54438c7be73a4,2017-06-14,0.03458488274329528,-0.10127210686630238,2.3449675099530074,-0.002376115532797242,0.018888819012931733,39330,
control,own_june,PZU,2017-06,xgboost,F5,S0,71,20,e3a608f00105d4b29fdc72dca0c6f1aff1b598ea2d42032d09d54438c7be73a4,2017-06-16,0.04781947958721341,0.016608631929561638,1.56544354352813,-0.00591824339202223,0.017595035651328146,44640,
control,own_june,PZU,2017-06,xgboost,F5,S0,71,20,e3a608f00105d4b29fdc72dca0c6f1aff1b598ea2d42032d09d54438c7be73a4,2017-06-19,-0.02832644878865654,-0.027573350256308,2.987387617695818,-0.001391399432653948,0.022311190543529903,58145,
control,own_june,PZU,2017-06,xgboost,F5,S0,71,20,e3a608f00105d4b29fdc72dca0c6f1aff1b598ea2d42032d09d54438c7be73a4,2017-06-20,0.06119056152605497,1.30118123569107e-05,2.4323449214296815,-0.001499329910716975,0.026056957726033208,31522,
control,own_june,PZU,2017-06,xgboost,F5,S0,71,20,e3a608f00105d4b29fdc72dca0c6f1aff1b598ea2d42032d09d54438c7be73a4,2017-06-21,-0.0008699019522819613,0.014043305351857206,2.674286595428602,-0.0017501510671315188,0.02299864421358645,80180,
control,own_june,PZU,2017-06,xgboost,F5,S0,71,20,e3a608f00105d4b29fdc72dca0c6f1aff1b598ea2d42032d09d54438c7be73a4,2017-06-22,0.07135377734995862,-0.0026832176426108954,2.195627099270153,-0.00026351815738301235,0.021527303946699366,59805,
control,own_june,PZU,2017-06,xgboost,F5,S0,71,20,e3a608f00105d4b29fdc72dca0c6f1aff1b598ea2d42032d09d54438c7be73a4,2017-06-23,0.02787295098186508,0.010344196458899646,2.7101101299318664,-0.0004926716023015318,0.021671989525209354,51767,
control,own_june,PZU,2017-06,xgboost,F5,S0,71,20,e3a608f00105d4b29fdc72dca0c6f1aff1b598ea2d42032d09d54438c7be73a4,2017-06-26,-0.05302851765968216,0.030238537169657673,1.7097091030600966,0.004544916047373454,0.01997884701331509,25688,
control,own_june,PZU,2017-06,xgboost,F5,S0,71,20,e3a608f00105d4b29fdc72dca0c6f1aff1b598ea2d42032d09d54438c7be73a4,2017-06-27,0.013605626606995606,0.05511489859010638,2.1055281670008816,0.006174964332225805,0.018682695770439555,43181,
control,own_june,PZU,2017-06,xgboost,F5,S0,71,20,e3a608f00105d4b29fdc72dca0c6f1aff1b598ea2d42032d09d54438c7be73a4,2017-06-28,-0.04610637551328155,-0.01082573071752257,2.129376826114875,0.007219910644653,0.01836710369400104,55324,
control,own_june,PZU,2017-06,xgboost,F5,S0,71,20,e3a608f00105d4b29fdc72dca0c6f1aff1b598ea2d42032d09d54438c7be73a4,2017-06-29,-0.0015663620270271708,-0.08688543819149921,2.024571319970085,0.004191310018927915,0.019251153163670466,49531,
control,own_june,PZU,2017-06,xgboost,F5,S0,71,20,e3a608f00105d4b29fdc72dca0c6f1aff1b598ea2d42032d09d54438c7be73a4,2017-06-30,0.030011624601379322,-0.03420234397187181,2.0447878394225696,0.004271562599528199,0.023576165520122722,60218,
control,own_june,PZU,2017-06,xgboost,F5,S1,7,20,021912bc9613ba286d149479bbe69334a4754a2273860da2bbdd394029d430ec,2017-06-01,-0.0022091295676963554,0.04136386637090247,2.305825408842314,0.003331564889187419,0.016910706122309258,37200,
control,own_june,PZU,2017-06,xgboost,F5,S1,7,20,021912bc9613ba286d149479bbe69334a4754a2273860da2bbdd394029d430ec,2017-06-02,0.024122128382015474,0.0029458176609071626,1.8322732169766913,0.000463636298991543,0.01563061556771632,28483,
control,own_june,PZU,2017-06,xgboost,F5,S1,7,20,021912bc9613ba286d149479bbe69334a4754a2273860da2bbdd394029d430ec,2017-06-05,0.019276566843069283,-0.07116110741460968,2.6166699843027925,0.004165729279564834,0.019345330052020947,40516,
control,own_june,PZU,2017-06,xgboost,F5,S1,7,20,021912bc9613ba286d149479bbe69334a4754a2273860da2bbdd394029d430ec,2017-06-06,0.0075368610953029345,-0.03430663298590677,2.4656976109754747,0.004604451386654856,0.02005447888024128,53671,
control,own_june,PZU,2017-06,xgboost,F5,S1,7,20,021912bc9613ba286d149479bbe69334a4754a2273860da2bbdd394029d430ec,2017-06-07,0.029518704898971324,-0.03749049128386694,2.103791967573465,0.003803786579024015,0.017889768774149807,35665,
control,own_june,PZU,2017-06,xgboost,F5,S1,7,20,021912bc9613ba286d149479bbe69334a4754a2273860da2bbdd394029d430ec,2017-06-08,0.01243370934588314,0.06803382897417344,2.116258414804265,0.0029903165188517006,0.01966001860342466,45460,
control,own_june,PZU,2017-06,xgboost,F5,S1,7,20,021912bc9613ba286d149479bbe69334a4754a2273860da2bbdd394029d430ec,2017-06-09,-0.001103768374871741,-0.021356677720073623,2.4139864078741686,0.0032483552982034147,0.023028417644124288,34663,
control,own_june,PZU,2017-06,xgboost,F5,S1,7,20,021912bc9613ba286d149479bbe69334a4754a2273860da2bbdd394029d430ec,2017-06-12,0.003044991572046067,-0.020155842576751147,2.3810756338388406,0.0033786662333416657,0.019196596630220733,41860,
control,own_june,PZU,2017-06,xgboost,F5,S1,7,20,021912bc9613ba286d149479bbe69334a4754a2273860da2bbdd394029d430ec,2017-06-13,0.018820163996602208,0.009741529256401645,2.3186690076985514,0.003753399433521627,0.02195717030790423,53404,
control,own_june,PZU,2017-06,xgboost,F5,S1,7,20,021912bc9613ba286d149479bbe69334a4754a2273860da2bbdd394029d430ec,2017-06-14,0.022651539595736507,-0.10127210686630238,2.3449675099530074,0.0033669053896444195,0.018214651158775547,39330,
control,own_june,PZU,2017-06,xgboost,F5,S1,7,20,021912bc9613ba286d149479bbe69334a4754a2273860da2bbdd394029d430ec,2017-06-16,0.03304565464779844,0.016608631929561638,1.56544354352813,0.0045604827780501645,0.01677328483584024,44640,
control,own_june,PZU,2017-06,xgboost,F5,S1,7,20,021912bc9613ba286d149479bbe69334a4754a2273860da2bbdd394029d430ec,2017-06-19,0.007398642720676034,-0.027573350256308,2.987387617695818,0.004225197191003309,0.02098077259276957,58145,
control,own_june,PZU,2017-06,xgboost,F5,S1,7,20,021912bc9613ba286d149479bbe69334a4754a2273860da2bbdd394029d430ec,2017-06-20,0.019554795074749488,1.30118123569107e-05,2.4323449214296815,0.002744579085827937,0.027394531382024846,31522,
control,own_june,PZU,2017-06,xgboost,F5,S1,7,20,021912bc9613ba286d149479bbe69334a4754a2273860da2bbdd394029d430ec,2017-06-21,0.008516779695958258,0.014043305351857206,2.674286595428602,0.003931272524397903,0.02107144568803638,80180,
control,own_june,PZU,2017-06,xgboost,F5,S1,7,20,021912bc9613ba286d149479bbe69334a4754a2273860da2bbdd394029d430ec,2017-06-22,0.021607596813637407,-0.0026832176426108954,2.195627099270153,0.003982869389965422,0.019029853487763426,59805,
control,own_june,PZU,2017-06,xgboost,F5,S1,7,20,021912bc9613ba286d149479bbe69334a4754a2273860da2bbdd394029d430ec,2017-06-23,0.014592406008839109,0.010344196458899646,2.7101101299318664,0.004712172669000376,0.020335942772101632,51767,
control,own_june,PZU,2017-06,xgboost,F5,S1,7,20,021912bc9613ba286d149479bbe69334a4754a2273860da2bbdd394029d430ec,2017-06-26,0.05734928990023605,0.030238537169657673,1.7097091030600966,0.002339799176466771,0.018546307048996256,25688,
control,own_june,PZU,2017-06,xgboost,F5,S1,7,20,021912bc9613ba286d149479bbe69334a4754a2273860da2bbdd394029d430ec,2017-06-27,-0.006696997588027622,0.05511489859010638,2.1055281670008816,0.002094109739827934,0.017887326395505894,43181,
control,own_june,PZU,2017-06,xgboost,F5,S1,7,20,021912bc9613ba286d149479bbe69334a4754a2273860da2bbdd394029d430ec,2017-06-28,0.009630230146591255,-0.01082573071752257,2.129376826114875,0.003407934698046337,0.018960083020789664,55324,
control,own_june,PZU,2017-06,xgboost,F5,S1,7,20,021912bc9613ba286d149479bbe69334a4754a2273860da2bbdd394029d430ec,2017-06-29,0.05918517485913738,-0.08688543819149921,2.024571319970085,0.004163282361186624,0.01885225104328116,49531,
control,own_june,PZU,2017-06,xgboost,F5,S1,7,20,021912bc9613ba286d149479bbe69334a4754a2273860da2bbdd394029d430ec,2017-06-30,0.007934266267736426,-0.03420234397187181,2.0447878394225696,0.004440862111082821,0.02212584025496771,60218,
control,own_june,PZU,2017-06,xgboost,F5,S1,17,20,5255101a7b88d805ee0385df204bc1a14a3016a1f36606f582d3ba5d558ffd45,2017-06-01,-0.012424361187693746,0.04136386637090247,2.305825408842314,0.00447394966997797,0.01605747676686212,37200,
control,own_june,PZU,2017-06,xgboost,F5,S1,17,20,5255101a7b88d805ee0385df204bc1a14a3016a1f36606f582d3ba5d558ffd45,2017-06-02,-0.08174283220555999,0.0029458176609071626,1.8322732169766913,0.003872310249747649,0.014483281772983357,28483,
control,own_june,PZU,2017-06,xgboost,F5,S1,17,20,5255101a7b88d805ee0385df204bc1a14a3016a1f36606f582d3ba5d558ffd45,2017-06-05,-0.009981689399209456,-0.07116110741460968,2.6166699843027925,0.002523881603077726,0.01836672527445542,40516,
control,own_june,PZU,2017-06,xgboost,F5,S1,17,20,5255101a7b88d805ee0385df204bc1a14a3016a1f36606f582d3ba5d558ffd45,2017-06-06,-0.0018218541139575694,-0.03430663298590677,2.4656976109754747,0.0036263509677268487,0.019777665604678123,53671,
control,own_june,PZU,2017-06,xgboost,F5,S1,17,20,5255101a7b88d805ee0385df204bc1a14a3016a1f36606f582d3ba5d558ffd45,2017-06-07,-0.013907021033308653,-0.03749049128386694,2.103791967573465,0.0032644078355949994,0.0167464326112876,35665,
control,own_june,PZU,2017-06,xgboost,F5,S1,17,20,5255101a7b88d805ee0385df204bc1a14a3016a1f36606f582d3ba5d558ffd45,2017-06-08,0.01189240849217804,0.06803382897417344,2.116258414804265,0.003187190272323021,0.018484819166558593,45460,
control,own_june,PZU,2017-06,xgboost,F5,S1,17,20,5255101a7b88d805ee0385df204bc1a14a3016a1f36606f582d3ba5d558ffd45,2017-06-09,0.008193309073593965,-0.021356677720073623,2.4139864078741686,0.0028598439944991045,0.022824572642461644,34663,
control,own_june,PZU,2017-06,xgboost,F5,S1,17,20,5255101a7b88d805ee0385df204bc1a14a3016a1f36606f582d3ba5d558ffd45,2017-06-12,0.002208182818201084,-0.020155842576751147,2.3810756338388406,0.003186045939267853,0.018969653781171412,41860,
control,own_june,PZU,2017-06,xgboost,F5,S1,17,20,5255101a7b88d805ee0385df204bc1a14a3016a1f36606f582d3ba5d558ffd45,2017-06-13,-0.0038195449172832947,0.009741529256401645,2.3186690076985514,0.004055843096739934,0.02224274163408638,53404,
control,own_june,PZU,2017-06,xgboost,F5,S1,17,20,5255101a7b88d805ee0385df204bc1a14a3016a1f36606f582d3ba5d558ffd45,2017-06-14,0.00401362837406903,-0.10127210686630238,2.3449675099530074,0.003815183733959232,0.016824916075409976,39330,
control,own_june,PZU,2017-06,xgboost,F5,S1,17,20,5255101a7b88d805ee0385df204bc1a14a3016a1f36606f582d3ba5d558ffd45,2017-06-16,0.010108441042195486,0.016608631929561638,1.56544354352813,0.007196258114977664,0.016693268999817868,44640,
control,own_june,PZU,2017-06,xgboost,F5,S1,17,20,5255101a7b88d805ee0385df204bc1a14a3016a1f36606f582d3ba5d558ffd45,2017-06-19,-0.008951358662704032,-0.027573350256308,2.987387617695818,0.004209195916694767,0.02163271193548791,58145,
control,own_june,PZU,2017-06,xgboost,F5,S1,17,20,5255101a7b88d805ee0385df204bc1a14a3016a1f36606f582d3ba5d558ffd45,2017-06-20,0.000990967021134573,1.30118123569107e-05,2.4323449214296815,0.0042228357512699155,0.02473721622055811,31522,
control,own_june,PZU,2017-06,xgboost,F5,S1,17,20,5255101a7b88d805ee0385df204bc1a14a3016a1f36606f582d3ba5d558ffd45,2017-06-21,-0.030641516417630122,0.014043305351857206,2.674286595428602,0.0034767507015851513,0.021735693661481443,80180,
control,own_june,PZU,2017-06,xgboost,F5,S1,17,20,5255101a7b88d805ee0385df204bc1a14a3016a1f36606f582d3ba5d558ffd45,2017-06-22,0.02125313106096419,-0.0026832176426108954,2.195627099270153,0.005034662023903104,0.018777181397578675,59805,
control,own_june,PZU,2017-06,xgboost,F5,S1,17,20,5255101a7b88d805ee0385df204bc1a14a3016a1f36606f582d3ba5d558ffd45,2017-06-23,0.011263594855278607,0.010344196458899646,2.7101101299318664,0.003039364203030113,0.021994103425566097,51767,
control,own_june,PZU,2017-06,xgboost,F5,S1,17,20,5255101a7b88d805ee0385df204bc1a14a3016a1f36606f582d3ba5d558ffd45,2017-06-26,-0.005090447831710528,0.030238537169657673,1.7097091030600966,0.0035133219906319283,0.020187479466082386,25688,
control,own_june,PZU,2017-06,xgboost,F5,S1,17,20,5255101a7b88d805ee0385df204bc1a14a3016a1f36606f582d3ba5d558ffd45,2017-06-27,-0.018937824711932512,0.05511489859010638,2.1055281670008816,0.0034599386071048448,0.015830119712833015,43181,
control,own_june,PZU,2017-06,xgboost,F5,S1,17,20,5255101a7b88d805ee0385df204bc1a14a3016a1f36606f582d3ba5d558ffd45,2017-06-28,-0.011946496020989263,-0.01082573071752257,2.129376826114875,0.0034263838962606675,0.016012661600526435,55324,
control,own_june,PZU,2017-06,xgboost,F5,S1,17,20,5255101a7b88d805ee0385df204bc1a14a3016a1f36606f582d3ba5d558ffd45,2017-06-29,0.007473236615029494,-0.08688543819149921,2.024571319970085,0.0017568063524758277,0.016451796569662204,49531,
control,own_june,PZU,2017-06,xgboost,F5,S1,17,20,5255101a7b88d805ee0385df204bc1a14a3016a1f36606f582d3ba5d558ffd45,2017-06-30,0.009910311154212386,-0.03420234397187181,2.0447878394225696,0.0012637355287417726,0.023654826480807512,60218,
control,own_june,PZU,2017-06,xgboost,F5,S1,29,20,965262dec24ba1af93c8a5b89e3fe82a28693b013c025753f3b41d5d87edb6e8,2017-06-01,-0.022171431010306858,0.04136386637090247,2.305825408842314,0.003677857446475505,0.016194992060818966,37200,
control,own_june,PZU,2017-06,xgboost,F5,S1,29,20,965262dec24ba1af93c8a5b89e3fe82a28693b013c025753f3b41d5d87edb6e8,2017-06-02,-0.06651395014474908,0.0029458176609071626,1.8322732169766913,0.004621121568982436,0.01583448678177721,28483,
control,own_june,PZU,2017-06,xgboost,F5,S1,29,20,965262dec24ba1af93c8a5b89e3fe82a28693b013c025753f3b41d5d87edb6e8,2017-06-05,-0.007184300608391454,-0.07116110741460968,2.6166699843027925,0.003849295988356293,0.018930525817956456,40516,
control,own_june,PZU,2017-06,xgboost,F5,S1,29,20,965262dec24ba1af93c8a5b89e3fe82a28693b013c025753f3b41d5d87edb6e8,2017-06-06,0.007229138707923728,-0.03430663298590677,2.4656976109754747,0.0030189963528066085,0.02074545048497808,53671,
control,own_june,PZU,2017-06,xgboost,F5,S1,29,20,965262dec24ba1af93c8a5b89e3fe82a28693b013c025753f3b41d5d87edb6e8,2017-06-07,-0.017110561350323027,-0.03749049128386694,2.103791967573465,0.004721839834134814,0.01872754535306985,35665,
control,own_june,PZU,2017-06,xgboost,F5,S1,29,20,965262dec24ba1af93c8a5b89e3fe82a28693b013c025753f3b41d5d87edb6e8,2017-06-08,-0.009081860043474624,0.06803382897417344,2.116258414804265,0.003799628521138749,0.019947871780194776,45460,
control,own_june,PZU,2017-06,xgboost,F5,S1,29,20,965262dec24ba1af93c8a5b89e3fe82a28693b013c025753f3b41d5d87edb6e8,2017-06-09,-0.0061687545585638005,-0.021356677720073623,2.4139864078741686,0.001751249913630326,0.020601170905913915,34663,
control,own_june,PZU,2017-06,xgboost,F5,S1,29,20,965262dec24ba1af93c8a5b89e3fe82a28693b013c025753f3b41d5d87edb6e8,2017-06-12,-0.017046057739348204,-0.020155842576751147,2.3810756338388406,0.004136489180132046,0.01928477334009273,41860,
control,own_june,PZU,2017-06,xgboost,F5,S1,29,20,965262dec24ba1af93c8a5b89e3fe82a28693b013c025753f3b41d5d87edb6e8,2017-06-13,-0.002053786094477487,0.009741529256401645,2.3186690076985514,0.0014814466347509454,0.021078270002492017,53404,
control,own_june,PZU,2017-06,xgboost,F5,S1,29,20,965262dec24ba1af93c8a5b89e3fe82a28693b013c025753f3b41d5d87edb6e8,2017-06-14,-0.0011899537496994346,-0.10127210686630238,2.3449675099530074,0.004068344343895746,0.017127074291908684,39330,
control,own_june,PZU,2017-06,xgboost,F5,S1,29,20,965262dec24ba1af93c8a5b89e3fe82a28693b013c025753f3b41d5d87edb6e8,2017-06-16,-0.020457979633671682,0.016608631929561638,1.56544354352813,0.0030731742994339908,0.016515643197117503,44640,
control,own_june,PZU,2017-06,xgboost,F5,S1,29,20,965262dec24ba1af93c8a5b89e3fe82a28693b013c025753f3b41d5d87edb6e8,2017-06-19,-0.017306982759023825,-0.027573350256308,2.987387617695818,0.0033225288615831993,0.02128344143045821,58145,
control,own_june,PZU,2017-06,xgboost,F5,S1,29,20,965262dec24ba1af93c8a5b89e3fe82a28693b013c025753f3b41d5d87edb6e8,2017-06-20,-0.015430830495251697,1.30118123569107e-05,2.4323449214296815,0.0038127067336135383,0.023669064095673743,31522,
control,own_june,PZU,2017-06,xgboost,F5,S1,29,20,965262dec24ba1af93c8a5b89e3fe82a28693b013c025753f3b41d5d87edb6e8,2017-06-21,-0.018270272797107995,0.014043305351857206,2.674286595428602,0.005607009241907435,0.01968257434641092,80180,
control,own_june,PZU,2017-06,xgboost,F5,S1,29,20,965262dec24ba1af93c8a5b89e3fe82a28693b013c025753f3b41d5d87edb6e8,2017-06-22,-0.029435181451546395,-0.0026832176426108954,2.195627099270153,0.003529573867350397,0.018954484430227632,59805,
control,own_june,PZU,2017-06,xgboost,F5,S1,29,20,965262dec24ba1af93c8a5b89e3fe82a28693b013c025753f3b41d5d87edb6e8,2017-06-23,-0.033136334788778685,0.010344196458899646,2.7101101299318664,0.004619347300430267,0.019695246774455267,51767,
control,own_june,PZU,2017-06,xgboost,F5,S1,29,20,965262dec24ba1af93c8a5b89e3fe82a28693b013c025753f3b41d5d87edb6e8,2017-06-26,0.06097299957779144,0.030238537169657673,1.7097091030600966,0.0014422347992192012,0.01964619085915984,25688,
control,own_june,PZU,2017-06,xgboost,F5,S1,29,20,965262dec24ba1af93c8a5b89e3fe82a28693b013c025753f3b41d5d87edb6e8,2017-06-27,-0.0051354529391417,0.05511489859010638,2.1055281670008816,0.002897036240655331,0.01727838588336948,43181,
control,own_june,PZU,2017-06,xgboost,F5,S1,29,20,965262dec24ba1af93c8a5b89e3fe82a28693b013c025753f3b41d5d87edb6e8,2017-06-28,0.037962663431716885,-0.01082573071752257,2.129376826114875,0.0008574999357870404,0.016650678379800228,55324,
control,own_june,PZU,2017-06,xgboost,F5,S1,29,20,965262dec24ba1af93c8a5b89e3fe82a28693b013c025753f3b41d5d87edb6e8,2017-06-29,0.003644116824313703,-0.08688543819149921,2.024571319970085,0.0020214286558752747,0.01747984310109232,49531,
control,own_june,PZU,2017-06,xgboost,F5,S1,29,20,965262dec24ba1af93c8a5b89e3fe82a28693b013c025753f3b41d5d87edb6e8,2017-06-30,-0.014068209951489243,-0.03420234397187181,2.0447878394225696,0.003841250586115069,0.02108809613987658,60218,
control,own_june,PZU,2017-06,xgboost,F5,S1,43,20,47d85ce8763887f0c6fae55bee2ee154551eea888355c581bc2207a934c6e2b1,2017-06-01,0.027830179610923447,0.04136386637090247,2.305825408842314,0.001469992822335322,0.016955693331557147,37200,
control,own_june,PZU,2017-06,xgboost,F5,S1,43,20,47d85ce8763887f0c6fae55bee2ee154551eea888355c581bc2207a934c6e2b1,2017-06-02,0.02265364229850322,0.0029458176609071626,1.8322732169766913,-0.0014607085443956503,0.018476844774255777,28483,
control,own_june,PZU,2017-06,xgboost,F5,S1,43,20,47d85ce8763887f0c6fae55bee2ee154551eea888355c581bc2207a934c6e2b1,2017-06-05,0.019798569889141776,-0.07116110741460968,2.6166699843027925,0.00224123305464762,0.01895219859268977,40516,
control,own_june,PZU,2017-06,xgboost,F5,S1,43,20,47d85ce8763887f0c6fae55bee2ee154551eea888355c581bc2207a934c6e2b1,2017-06-06,-0.0015589667260413915,-0.03430663298590677,2.4656976109754747,0.0010240808102691971,0.021934636544931947,53671,
control,own_june,PZU,2017-06,xgboost,F5,S1,43,20,47d85ce8763887f0c6fae55bee2ee154551eea888355c581bc2207a934c6e2b1,2017-06-07,0.010936151032580572,-0.03749049128386694,2.103791967573465,0.001873621815032437,0.017882090280718417,35665,
control,own_june,PZU,2017-06,xgboost,F5,S1,43,20,47d85ce8763887f0c6fae55bee2ee154551eea888355c581bc2207a934c6e2b1,2017-06-08,0.007158611684390444,0.06803382897417344,2.116258414804265,0.002494108535847092,0.021011572468949663,45460,
control,own_june,PZU,2017-06,xgboost,F5,S1,43,20,47d85ce8763887f0c6fae55bee2ee154551eea888355c581bc2207a934c6e2b1,2017-06-09,0.010700511108314863,-0.021356677720073623,2.4139864078741686,0.0002357519979511066,0.024401246668420737,34663,
control,own_june,PZU,2017-06,xgboost,F5,S1,43,20,47d85ce8763887f0c6fae55bee2ee154551eea888355c581bc2207a934c6e2b1,2017-06-12,0.016312065564090338,-0.020155842576751147,2.3810756338388406,0.0024727070655378284,0.019812469053642114,41860,
control,own_june,PZU,2017-06,xgboost,F5,S1,43,20,47d85ce8763887f0c6fae55bee2ee154551eea888355c581bc2207a934c6e2b1,2017-06-13,-0.013800022815209803,0.009741529256401645,2.3186690076985514,0.002852849546708245,0.025730387209932783,53404,
control,own_june,PZU,2017-06,xgboost,F5,S1,43,20,47d85ce8763887f0c6fae55bee2ee154551eea888355c581bc2207a934c6e2b1,2017-06-14,-0.009733159074504505,-0.10127210686630238,2.3449675099530074,-0.0008723789922175079,0.02150934704473504,39330,
control,own_june,PZU,2017-06,xgboost,F5,S1,43,20,47d85ce8763887f0c6fae55bee2ee154551eea888355c581bc2207a934c6e2b1,2017-06-16,-0.05330104381888529,0.016608631929561638,1.56544354352813,-0.0017151121688917185,0.018527331901813084,44640,
control,own_june,PZU,2017-06,xgboost,F5,S1,43,20,47d85ce8763887f0c6fae55bee2ee154551eea888355c581bc2207a934c6e2b1,2017-06-19,-0.012469118630910747,-0.027573350256308,2.987387617695818,0.0014767540665427494,0.023868842857109492,58145,
control,own_june,PZU,2017-06,xgboost,F5,S1,43,20,47d85ce8763887f0c6fae55bee2ee154551eea888355c581bc2207a934c6e2b1,2017-06-20,-0.024623075460721202,1.30118123569107e-05,2.4323449214296815,0.001983757700373297,0.02867081111161919,31522,
control,own_june,PZU,2017-06,xgboost,F5,S1,43,20,47d85ce8763887f0c6fae55bee2ee154551eea888355c581bc2207a934c6e2b1,2017-06-21,-0.02320397929051846,0.014043305351857206,2.674286595428602,0.0011009340103090518,0.021861190088265942,80180,
control,own_june,PZU,2017-06,xgboost,F5,S1,43,20,47d85ce8763887f0c6fae55bee2ee154551eea888355c581bc2207a934c6e2b1,2017-06-22,0.018681836118990113,-0.0026832176426108954,2.195627099270153,0.0018199014888705567,0.01962283102818905,59805,
control,own_june,PZU,2017-06,xgboost,F5,S1,43,20,47d85ce8763887f0c6fae55bee2ee154551eea888355c581bc2207a934c6e2b1,2017-06-23,0.009600970352129588,0.010344196458899646,2.7101101299318664,0.003062848687182964,0.02207041832986964,51767,
control,own_june,PZU,2017-06,xgboost,F5,S1,43,20,47d85ce8763887f0c6fae55bee2ee154551eea888355c581bc2207a934c6e2b1,2017-06-26,-0.013008420134023202,0.030238537169657673,1.7097091030600966,0.0033267422772459824,0.022663036613857282,25688,
control,own_june,PZU,2017-06,xgboost,F5,S1,43,20,47d85ce8763887f0c6fae55bee2ee154551eea888355c581bc2207a934c6e2b1,2017-06-27,0.02650156271521926,0.05511489859010638,2.1055281670008816,0.0009130675811568574,0.018691625860142655,43181,
control,own_june,PZU,2017-06,xgboost,F5,S1,43,20,47d85ce8763887f0c6fae55bee2ee154551eea888355c581bc2207a934c6e2b1,2017-06-28,-0.01595242364497114,-0.01082573071752257,2.129376826114875,0.0013123023124446819,0.017958950559447327,55324,
control,own_june,PZU,2017-06,xgboost,F5,S1,43,20,47d85ce8763887f0c6fae55bee2ee154551eea888355c581bc2207a934c6e2b1,2017-06-29,-0.007382490707518912,-0.08688543819149921,2.024571319970085,0.0009680228844527454,0.018612374109659262,49531,
control,own_june,PZU,2017-06,xgboost,F5,S1,43,20,47d85ce8763887f0c6fae55bee2ee154551eea888355c581bc2207a934c6e2b1,2017-06-30,0.01774615157765313,-0.03420234397187181,2.0447878394225696,0.0012159056384443668,0.02192921399513409,60218,
control,own_june,PZU,2017-06,xgboost,F5,S1,71,20,40c8f6ec8dfc07d42f5856874a75ad90c57f326a2ad8444dec5e65dc7687125a,2017-06-01,-0.0003524694379802559,0.04136386637090247,2.305825408842314,0.001270275639341293,0.018577037387876406,37200,
control,own_june,PZU,2017-06,xgboost,F5,S1,71,20,40c8f6ec8dfc07d42f5856874a75ad90c57f326a2ad8444dec5e65dc7687125a,2017-06-02,0.07002207784442968,0.0029458176609071626,1.8322732169766913,0.003569620430323486,0.016137327984758722,28483,
control,own_june,PZU,2017-06,xgboost,F5,S1,71,20,40c8f6ec8dfc07d42f5856874a75ad90c57f326a2ad8444dec5e65dc7687125a,2017-06-05,0.02875150364012631,-0.07116110741460968,2.6166699843027925,0.002858090063429844,0.019521203502328117,40516,
control,own_june,PZU,2017-06,xgboost,F5,S1,71,20,40c8f6ec8dfc07d42f5856874a75ad90c57f326a2ad8444dec5e65dc7687125a,2017-06-06,0.007277695704409698,-0.03430663298590677,2.4656976109754747,0.002491626271586758,0.01879935538951236,53671,
control,own_june,PZU,2017-06,xgboost,F5,S1,71,20,40c8f6ec8dfc07d42f5856874a75ad90c57f326a2ad8444dec5e65dc7687125a,2017-06-07,0.04156064943516597,-0.03749049128386694,2.103791967573465,0.002748226669716749,0.018607398862955843,35665,
control,own_june,PZU,2017-06,xgboost,F5,S1,71,20,40c8f6ec8dfc07d42f5856874a75ad90c57f326a2ad8444dec5e65dc7687125a,2017-06-08,0.0012350296273984844,0.06803382897417344,2.116258414804265,0.005690287730755515,0.020126216218792604,45460,
control,own_june,PZU,2017-06,xgboost,F5,S1,71,20,40c8f6ec8dfc07d42f5856874a75ad90c57f326a2ad8444dec5e65dc7687125a,2017-06-09,0.006810167687678462,-0.021356677720073623,2.4139864078741686,0.010830927388403628,0.028504224672499096,34663,
control,own_june,PZU,2017-06,xgboost,F5,S1,71,20,40c8f6ec8dfc07d42f5856874a75ad90c57f326a2ad8444dec5e65dc7687125a,2017-06-12,0.01753008132877468,-0.020155842576751147,2.3810756338388406,0.005743519195345018,0.021189036454068305,41860,
control,own_june,PZU,2017-06,xgboost,F5,S1,71,20,40c8f6ec8dfc07d42f5856874a75ad90c57f326a2ad8444dec5e65dc7687125a,2017-06-13,0.03442975810076039,0.009741529256401645,2.3186690076985514,0.008946428154379996,0.024687691745072387,53404,
control,own_june,PZU,2017-06,xgboost,F5,S1,71,20,40c8f6ec8dfc07d42f5856874a75ad90c57f326a2ad8444dec5e65dc7687125a,2017-06-14,-0.0015976708570500874,-0.10127210686630238,2.3449675099530074,0.0027283003699082285,0.018666604621151755,39330,
control,own_june,PZU,2017-06,xgboost,F5,S1,71,20,40c8f6ec8dfc07d42f5856874a75ad90c57f326a2ad8444dec5e65dc7687125a,2017-06-16,0.027389412256117893,0.016608631929561638,1.56544354352813,0.0008524816518700156,0.016736493336743596,44640,
control,own_june,PZU,2017-06,xgboost,F5,S1,71,20,40c8f6ec8dfc07d42f5856874a75ad90c57f326a2ad8444dec5e65dc7687125a,2017-06-19,-0.015582858137557587,-0.027573350256308,2.987387617695818,0.004581072156143985,0.021966455401353543,58145,
control,own_june,PZU,2017-06,xgboost,F5,S1,71,20,40c8f6ec8dfc07d42f5856874a75ad90c57f326a2ad8444dec5e65dc7687125a,2017-06-20,0.02340052963538382,1.30118123569107e-05,2.4323449214296815,0.007618257028879197,0.02530561267579864,31522,
control,own_june,PZU,2017-06,xgboost,F5,S1,71,20,40c8f6ec8dfc07d42f5856874a75ad90c57f326a2ad8444dec5e65dc7687125a,2017-06-21,0.05112817617582994,0.014043305351857206,2.674286595428602,0.0032857094648157436,0.021963344396919226,80180,
control,own_june,PZU,2017-06,xgboost,F5,S1,71,20,40c8f6ec8dfc07d42f5856874a75ad90c57f326a2ad8444dec5e65dc7687125a,2017-06-22,0.017203179487388278,-0.0026832176426108954,2.195627099270153,0.003242064709584385,0.019758249521597757,59805,
control,own_june,PZU,2017-06,xgboost,F5,S1,71,20,40c8f6ec8dfc07d42f5856874a75ad90c57f326a2ad8444dec5e65dc7687125a,2017-06-23,-0.010873984585089222,0.010344196458899646,2.7101101299318664,0.004628003540221784,0.02165065730699744,51767,
control,own_june,PZU,2017-06,xgboost,F5,S1,71,20,40c8f6ec8dfc07d42f5856874a75ad90c57f326a2ad8444dec5e65dc7687125a,2017-06-26,0.0022753266113339607,0.030238537169657673,1.7097091030600966,0.009243679808899244,0.02370813355202719,25688,
control,own_june,PZU,2017-06,xgboost,F5,S1,71,20,40c8f6ec8dfc07d42f5856874a75ad90c57f326a2ad8444dec5e65dc7687125a,2017-06-27,-0.011367686597499128,0.05511489859010638,2.1055281670008816,0.008146054976648918,0.020999443353241505,43181,
control,own_june,PZU,2017-06,xgboost,F5,S1,71,20,40c8f6ec8dfc07d42f5856874a75ad90c57f326a2ad8444dec5e65dc7687125a,2017-06-28,-2.5637601538404424e-05,-0.01082573071752257,2.129376826114875,0.008390756349794788,0.02004172167318913,55324,
control,own_june,PZU,2017-06,xgboost,F5,S1,71,20,40c8f6ec8dfc07d42f5856874a75ad90c57f326a2ad8444dec5e65dc7687125a,2017-06-29,0.006997072318987368,-0.08688543819149921,2.024571319970085,0.006451715284847019,0.02128019012893956,49531,
control,own_june,PZU,2017-06,xgboost,F5,S1,71,20,40c8f6ec8dfc07d42f5856874a75ad90c57f326a2ad8444dec5e65dc7687125a,2017-06-30,0.004997120416172812,-0.03420234397187181,2.0447878394225696,0.007710503234540749,0.022784232493025254,60218,
control,transfer_june,KGHM,2017-06,xgboost,F5,S0,7,20,5d99398d36ac7f804d55d81d404d0f172db1562400cf01b88232e2cbec767c7c,2017-06-01,0.05268493779943147,0.07221483577231858,2.29348548956091,0.007205205468567956,0.010355856941136452,53075,
control,transfer_june,KGHM,2017-06,xgboost,F5,S0,7,20,5d99398d36ac7f804d55d81d404d0f172db1562400cf01b88232e2cbec767c7c,2017-06-02,0.07274129250950993,-0.025684081380345773,2.832349903415471,0.0037641216765697373,0.011050821647836516,49572,
control,transfer_june,KGHM,2017-06,xgboost,F5,S0,7,20,5d99398d36ac7f804d55d81d404d0f172db1562400cf01b88232e2cbec767c7c,2017-06-05,0.07323729670814437,0.01746653362370025,2.8599271107421944,0.0048267462075990445,0.011492675769464375,26585,
control,transfer_june,KGHM,2017-06,xgboost,F5,S0,7,20,5d99398d36ac7f804d55d81d404d0f172db1562400cf01b88232e2cbec767c7c,2017-06-06,0.07365698049177567,0.03127881084963313,2.3530092934650173,0.004070841227625514,0.009976034885207255,43881,
control,transfer_june,KGHM,2017-06,xgboost,F5,S0,7,20,5d99398d36ac7f804d55d81d404d0f172db1562400cf01b88232e2cbec767c7c,2017-06-07,0.04154698605823738,-0.087271856884553,2.6282164400120367,-0.0029309936252769567,0.012217658286254492,68050,
control,transfer_june,KGHM,2017-06,xgboost,F5,S0,7,20,5d99398d36ac7f804d55d81d404d0f172db1562400cf01b88232e2cbec767c7c,2017-06-08,0.10794336818682787,0.06319655650425338,3.074537869438802,0.0005875389777001516,0.009988526939948653,63847,
control,transfer_june,KGHM,2017-06,xgboost,F5,S0,7,20,5d99398d36ac7f804d55d81d404d0f172db1562400cf01b88232e2cbec767c7c,2017-06-09,0.04724292137574804,0.04036290642851197,1.9757423295465182,0.005675739612832186,0.011058606526245901,60702,
control,transfer_june,KGHM,2017-06,xgboost,F5,S0,7,20,5d99398d36ac7f804d55d81d404d0f172db1562400cf01b88232e2cbec767c7c,2017-06-12,0.1222175590497807,-0.05527832011297197,2.526530534965198,0.005472335443018361,0.010356393395163572,60135,
control,transfer_june,KGHM,2017-06,xgboost,F5,S0,7,20,5d99398d36ac7f804d55d81d404d0f172db1562400cf01b88232e2cbec767c7c,2017-06-13,0.10303086268849407,-0.015723815533022035,2.26840635668321,-0.0006048401028267336,0.009868241612270755,45890,
control,transfer_june,KGHM,2017-06,xgboost,F5,S0,7,20,5d99398d36ac7f804d55d81d404d0f172db1562400cf01b88232e2cbec767c7c,2017-06-14,0.0572171841620883,-0.10782694244398598,2.44500406372123,-0.0038364424631058694,0.0115199153722844,31816,
control,transfer_june,KGHM,2017-06,xgboost,F5,S0,7,20,5d99398d36ac7f804d55d81d404d0f172db1562400cf01b88232e2cbec767c7c,2017-06-16,0.039242305402591895,-0.032238945709710906,2.6831895242979416,0.0021000365735775878,0.010557676354549385,42657,
control,transfer_june,KGHM,2017-06,xgboost,F5,S0,7,20,5d99398d36ac7f804d55d81d404d0f172db1562400cf01b88232e2cbec767c7c,2017-06-19,0.06628170565229022,0.0455778066981811,3.0237268266265254,-0.00021564666670450394,0.013587628349306028,34135,
control,transfer_june,KGHM,2017-06,xgboost,F5,S0,7,20,5d99398d36ac7f804d55d81d404d0f172db1562400cf01b88232e2cbec767c7c,2017-06-20,0.07597795939172651,-0.11053405616129756,2.4257939799004298,0.005622982298277718,0.01098518586819059,51239,
control,transfer_june,KGHM,2017-06,xgboost,F5,S0,7,20,5d99398d36ac7f804d55d81d404d0f172db1562400cf01b88232e2cbec767c7c,2017-06-21,0.0845327954919386,0.08582567474823131,2.8211897270652067,0.004434310022968355,0.012384843243644956,59674,
control,transfer_june,KGHM,2017-06,xgboost,F5,S0,7,20,5d99398d36ac7f804d55d81d404d0f172db1562400cf01b88232e2cbec767c7c,2017-06-22,0.03322931118978245,0.018697862797764277,2.718488841614288,0.0003708715415670915,0.012748560287350807,46773,
control,transfer_june,KGHM,2017-06,xgboost,F5,S0,7,20,5d99398d36ac7f804d55d81d404d0f172db1562400cf01b88232e2cbec767c7c,2017-06-23,0.03164760531002783,-0.013035159289965759,3.072897955446486,-0.003394784863121565,0.01148998582213174,51145,
control,transfer_june,KGHM,2017-06,xgboost,F5,S0,7,20,5d99398d36ac7f804d55d81d404d0f172db1562400cf01b88232e2cbec767c7c,2017-06-26,0.10101218373650488,0.03973103325209264,2.573178112604248,-0.001934511878441613,0.009331352591325762,27143,
control,transfer_june,KGHM,2017-06,xgboost,F5,S0,7,20,5d99398d36ac7f804d55d81d404d0f172db1562400cf01b88232e2cbec767c7c,2017-06-27,0.115674162391987,0.06321095988411886,2.786712750695554,0.0023020016058643315,0.009812383052203843,64869,
control,transfer_june,KGHM,2017-06,xgboost,F5,S0,7,20,5d99398d36ac7f804d55d81d404d0f172db1562400cf01b88232e2cbec767c7c,2017-06-28,0.06476959733171268,0.0037172777637741222,2.4065567539833337,-0.0007307024178110312,0.009386796724016187,68423,
control,transfer_june,KGHM,2017-06,xgboost,F5,S0,7,20,5d99398d36ac7f804d55d81d404d0f172db1562400cf01b88232e2cbec767c7c,2017-06-29,0.0877522896385006,-0.04806426521483826,2.7108354442240037,0.004237776131377517,0.009363895480525453,32483,
control,transfer_june,KGHM,2017-06,xgboost,F5,S0,7,20,5d99398d36ac7f804d55d81d404d0f172db1562400cf01b88232e2cbec767c7c,2017-06-30,0.10072673054230794,-0.11779218937782429,2.19333656996062,0.0016580051062666773,0.00817080487107218,32471,
control,transfer_june,KGHM,2017-06,xgboost,F5,S0,17,20,31a089ade5d0e54aa242d977058a42c89ea18ad9f11620daa5e978fa62bbecd0,2017-06-01,0.06566093819563566,0.07221483577231858,2.29348548956091,0.005114775112862126,0.008921339200800042,53075,
control,transfer_june,KGHM,2017-06,xgboost,F5,S0,17,20,31a089ade5d0e54aa242d977058a42c89ea18ad9f11620daa5e978fa62bbecd0,2017-06-02,0.08572056385674766,-0.025684081380345773,2.832349903415471,0.0022771349644802367,0.010057410792826835,49572,
control,transfer_june,KGHM,2017-06,xgboost,F5,S0,17,20,31a089ade5d0e54aa242d977058a42c89ea18ad9f11620daa5e978fa62bbecd0,2017-06-05,0.0601209935555114,0.01746653362370025,2.8599271107421944,0.002350748223682611,0.010314962121737424,26585,
control,transfer_june,KGHM,2017-06,xgboost,F5,S0,17,20,31a089ade5d0e54aa242d977058a42c89ea18ad9f11620daa5e978fa62bbecd0,2017-06-06,0.10429272520662627,0.03127881084963313,2.3530092934650173,0.0024338962127361005,0.010020870908465363,43881,
control,transfer_june,KGHM,2017-06,xgboost,F5,S0,17,20,31a089ade5d0e54aa242d977058a42c89ea18ad9f11620daa5e978fa62bbecd0,2017-06-07,0.0698854835156528,-0.087271856884553,2.6282164400120367,-0.0006191648850436436,0.009435355057187258,68050,
control,transfer_june,KGHM,2017-06,xgboost,F5,S0,17,20,31a089ade5d0e54aa242d977058a42c89ea18ad9f11620daa5e978fa62bbecd0,2017-06-08,0.09448578503108944,0.06319655650425338,3.074537869438802,0.0007918812945176867,0.010803320463008506,63847,
control,transfer_june,KGHM,2017-06,xgboost,F5,S0,17,20,31a089ade5d0e54aa242d977058a42c89ea18ad9f11620daa5e978fa62bbecd0,2017-06-09,-0.016481030971834804,0.04036290642851197,1.9757423295465182,0.0025636458868154525,0.00962502978495914,60702,
control,transfer_june,KGHM,2017-06,xgboost,F5,S0,17,20,31a089ade5d0e54aa242d977058a42c89ea18ad9f11620daa5e978fa62bbecd0,2017-06-12,0.07487496866690238,-0.05527832011297197,2.526530534965198,0.005915187252151119,0.010109970242733581,60135,
control,transfer_june,KGHM,2017-06,xgboost,F5,S0,17,20,31a089ade5d0e54aa242d977058a42c89ea18ad9f11620daa5e978fa62bbecd0,2017-06-13,0.0687996689922839,-0.015723815533022035,2.26840635668321,-0.00020701047188833137,0.009996451963486488,45890,
control,transfer_june,KGHM,2017-06,xgboost,F5,S0,17,20,31a089ade5d0e54aa242d977058a42c89ea18ad9f11620daa5e978fa62bbecd0,2017-06-14,0.05467894411513399,-0.10782694244398598,2.44500406372123,-0.0020792830742411795,0.008885695518835352,31816,
control,transfer_june,KGHM,2017-06,xgboost,F5,S0,17,20,31a089ade5d0e54aa242d977058a42c89ea18ad9f11620daa5e978fa62bbecd0,2017-06-16,0.05405053961069207,-0.032238945709710906,2.6831895242979416,0.00016613892559745906,0.009649064996982058,42657,
control,transfer_june,KGHM,2017-06,xgboost,F5,S0,17,20,31a089ade5d0e54aa242d977058a42c89ea18ad9f11620daa5e978fa62bbecd0,2017-06-19,0.06327222537647521,0.0455778066981811,3.0237268266265254,0.0003807517646148777,0.012229593059794215,34135,
control,transfer_june,KGHM,2017-06,xgboost,F5,S0,17,20,31a089ade5d0e54aa242d977058a42c89ea18ad9f11620daa5e978fa62bbecd0,2017-06-20,0.09127782417779147,-0.11053405616129756,2.4257939799004298,0.0040403216350285995,0.00928768651940188,51239,
control,transfer_june,KGHM,2017-06,xgboost,F5,S0,17,20,31a089ade5d0e54aa242d977058a42c89ea18ad9f11620daa5e978fa62bbecd0,2017-06-21,0.0814983890290451,0.08582567474823131,2.8211897270652067,0.0030730534256420794,0.01048534047478324,59674,
control,transfer_june,KGHM,2017-06,xgboost,F5,S0,17,20,31a089ade5d0e54aa242d977058a42c89ea18ad9f11620daa5e978fa62bbecd0,2017-06-22,0.05023284716481704,0.018697862797764277,2.718488841614288,0.0006330454999275257,0.009371459345708523,46773,
control,transfer_june,KGHM,2017-06,xgboost,F5,S0,17,20,31a089ade5d0e54aa242d977058a42c89ea18ad9f11620daa5e978fa62bbecd0,2017-06-23,0.002876753443455687,-0.013035159289965759,3.072897955446486,-0.0017383069589807644,0.010652941091906485,51145,
control,transfer_june,KGHM,2017-06,xgboost,F5,S0,17,20,31a089ade5d0e54aa242d977058a42c89ea18ad9f11620daa5e978fa62bbecd0,2017-06-26,0.038707679919239374,0.03973103325209264,2.573178112604248,-0.0017759063581878108,0.009866264427192893,27143,
control,transfer_june,KGHM,2017-06,xgboost,F5,S0,17,20,31a089ade5d0e54aa242d977058a42c89ea18ad9f11620daa5e978fa62bbecd0,2017-06-27,0.08556660649975013,0.06321095988411886,2.786712750695554,0.0031151961291778518,0.010490406833525073,64869,
control,transfer_june,KGHM,2017-06,xgboost,F5,S0,17,20,31a089ade5d0e54aa242d977058a42c89ea18ad9f11620daa5e978fa62bbecd0,2017-06-28,0.05485173489458978,0.0037172777637741222,2.4065567539833337,0.0009324318940172491,0.009573643807799246,68423,
control,transfer_june,KGHM,2017-06,xgboost,F5,S0,17,20,31a089ade5d0e54aa242d977058a42c89ea18ad9f11620daa5e978fa62bbecd0,2017-06-29,0.05078517572076582,-0.04806426521483826,2.7108354442240037,0.0051273132927174584,0.009642503785949158,32483,
control,transfer_june,KGHM,2017-06,xgboost,F5,S0,17,20,31a089ade5d0e54aa242d977058a42c89ea18ad9f11620daa5e978fa62bbecd0,2017-06-30,0.07585217524377479,-0.11779218937782429,2.19333656996062,0.003483980023055045,0.009776714660417617,32471,
control,transfer_june,KGHM,2017-06,xgboost,F5,S0,29,20,9a9fca4b1451049e6a320e45622df9e068a4a54f3048e93d06fac3239ef88bb5,2017-06-01,0.15344578136110074,0.07221483577231858,2.29348548956091,0.004746115809079265,0.007926274604974087,53075,
control,transfer_june,KGHM,2017-06,xgboost,F5,S0,29,20,9a9fca4b1451049e6a320e45622df9e068a4a54f3048e93d06fac3239ef88bb5,2017-06-02,0.16547989356182516,-0.025684081380345773,2.832349903415471,0.002381154939966153,0.009194279808369775,49572,
control,transfer_june,KGHM,2017-06,xgboost,F5,S0,29,20,9a9fca4b1451049e6a320e45622df9e068a4a54f3048e93d06fac3239ef88bb5,2017-06-05,0.11012032101579636,0.01746653362370025,2.8599271107421944,0.0016918654480112833,0.010170872855601703,26585,
control,transfer_june,KGHM,2017-06,xgboost,F5,S0,29,20,9a9fca4b1451049e6a320e45622df9e068a4a54f3048e93d06fac3239ef88bb5,2017-06-06,0.15779193160124994,0.03127881084963313,2.3530092934650173,0.0031758977418461882,0.008261899148461652,43881,
control,transfer_june,KGHM,2017-06,xgboost,F5,S0,29,20,9a9fca4b1451049e6a320e45622df9e068a4a54f3048e93d06fac3239ef88bb5,2017-06-07,0.1004989356473729,-0.087271856884553,2.6282164400120367,-0.001996515241008824,0.00965369431380297,68050,
control,transfer_june,KGHM,2017-06,xgboost,F5,S0,29,20,9a9fca4b1451049e6a320e45622df9e068a4a54f3048e93d06fac3239ef88bb5,2017-06-08,0.12265581893156209,0.06319655650425338,3.074537869438802,0.002750531924113904,0.010335532066512467,63847,
control,transfer_june,KGHM,2017-06,xgboost,F5,S0,29,20,9a9fca4b1451049e6a320e45622df9e068a4a54f3048e93d06fac3239ef88bb5,2017-06-09,0.0019586922891143958,0.04036290642851197,1.9757423295465182,0.0038839309558252786,0.01106361045378856,60702,
control,transfer_june,KGHM,2017-06,xgboost,F5,S0,29,20,9a9fca4b1451049e6a320e45622df9e068a4a54f3048e93d06fac3239ef88bb5,2017-06-12,0.1113715745484634,-0.05527832011297197,2.526530534965198,0.005706331514219635,0.010534855556459543,60135,
control,transfer_june,KGHM,2017-06,xgboost,F5,S0,29,20,9a9fca4b1451049e6a320e45622df9e068a4a54f3048e93d06fac3239ef88bb5,2017-06-13,0.12586732781602367,-0.015723815533022035,2.26840635668321,0.0015066915443008792,0.01135196326293935,45890,
control,transfer_june,KGHM,2017-06,xgboost,F5,S0,29,20,9a9fca4b1451049e6a320e45622df9e068a4a54f3048e93d06fac3239ef88bb5,2017-06-14,0.1699356390081529,-0.10782694244398598,2.44500406372123,-0.0019740177602788774,0.008962753624192184,31816,
control,transfer_june,KGHM,2017-06,xgboost,F5,S0,29,20,9a9fca4b1451049e6a320e45622df9e068a4a54f3048e93d06fac3239ef88bb5,2017-06-16,0.12498664730028687,-0.032238945709710906,2.6831895242979416,0.001335188097963015,0.009433293649262686,42657,
control,transfer_june,KGHM,2017-06,xgboost,F5,S0,29,20,9a9fca4b1451049e6a320e45622df9e068a4a54f3048e93d06fac3239ef88bb5,2017-06-19,0.08163928762739205,0.0455778066981811,3.0237268266265254,-0.0007658028385123249,0.015413152840597789,34135,
control,transfer_june,KGHM,2017-06,xgboost,F5,S0,29,20,9a9fca4b1451049e6a320e45622df9e068a4a54f3048e93d06fac3239ef88bb5,2017-06-20,0.1472213865557939,-0.11053405616129756,2.4257939799004298,0.001417916775458331,0.008888581750220767,51239,
control,transfer_june,KGHM,2017-06,xgboost,F5,S0,29,20,9a9fca4b1451049e6a320e45622df9e068a4a54f3048e93d06fac3239ef88bb5,2017-06-21,0.12639501573411532,0.08582567474823131,2.8211897270652067,0.001930575837577768,0.010786200853202916,59674,
control,transfer_june,KGHM,2017-06,xgboost,F5,S0,29,20,9a9fca4b1451049e6a320e45622df9e068a4a54f3048e93d06fac3239ef88bb5,2017-06-22,0.14079088891000233,0.018697862797764277,2.718488841614288,-0.0009454699948088299,0.011592436695884108,46773,
control,transfer_june,KGHM,2017-06,xgboost,F5,S0,29,20,9a9fca4b1451049e6a320e45622df9e068a4a54f3048e93d06fac3239ef88bb5,2017-06-23,0.11475257134511661,-0.013035159289965759,3.072897955446486,-0.00014715141213240163,0.010285482115548309,51145,
control,transfer_june,KGHM,2017-06,xgboost,F5,S0,29,20,9a9fca4b1451049e6a320e45622df9e068a4a54f3048e93d06fac3239ef88bb5,2017-06-26,0.11466691275738837,0.03973103325209264,2.573178112604248,-3.6612744552744465e-05,0.01052141098706811,27143,
control,transfer_june,KGHM,2017-06,xgboost,F5,S0,29,20,9a9fca4b1451049e6a320e45622df9e068a4a54f3048e93d06fac3239ef88bb5,2017-06-27,0.1606904526741385,0.06321095988411886,2.786712750695554,0.003229256040502814,0.011011344747384633,64869,
control,transfer_june,KGHM,2017-06,xgboost,F5,S0,29,20,9a9fca4b1451049e6a320e45622df9e068a4a54f3048e93d06fac3239ef88bb5,2017-06-28,0.13885325715742344,0.0037172777637741222,2.4065567539833337,0.000895696345619476,0.010249294184989518,68423,
control,transfer_june,KGHM,2017-06,xgboost,F5,S0,29,20,9a9fca4b1451049e6a320e45622df9e068a4a54f3048e93d06fac3239ef88bb5,2017-06-29,0.1370248841847495,-0.04806426521483826,2.7108354442240037,0.004545987835156517,0.00933872673854645,32483,
control,transfer_june,KGHM,2017-06,xgboost,F5,S0,29,20,9a9fca4b1451049e6a320e45622df9e068a4a54f3048e93d06fac3239ef88bb5,2017-06-30,0.1991547239272379,-0.11779218937782429,2.19333656996062,0.002362626526807748,0.009269604198328422,32471,
control,transfer_june,KGHM,2017-06,xgboost,F5,S0,43,20,f281797c9fec5add59686edd6e21c34fcff5e4c22b54024f7ac918a6b615c8c4,2017-06-01,0.10167070681371838,0.07221483577231858,2.29348548956091,0.006193609969077164,0.007566411737601445,53075,
control,transfer_june,KGHM,2017-06,xgboost,F5,S0,43,20,f281797c9fec5add59686edd6e21c34fcff5e4c22b54024f7ac918a6b615c8c4,2017-06-02,0.166894521933198,-0.025684081380345773,2.832349903415471,0.005170220118006423,0.00921261445230871,49572,
control,transfer_june,KGHM,2017-06,xgboost,F5,S0,43,20,f281797c9fec5add59686edd6e21c34fcff5e4c22b54024f7ac918a6b615c8c4,2017-06-05,0.11119332862790918,0.01746653362370025,2.8599271107421944,0.006556579354696448,0.009743569936687199,26585,
control,transfer_june,KGHM,2017-06,xgboost,F5,S0,43,20,f281797c9fec5add59686edd6e21c34fcff5e4c22b54024f7ac918a6b615c8c4,2017-06-06,0.1184914338289952,0.03127881084963313,2.3530092934650173,0.005182304896062559,0.007839196490945504,43881,
control,transfer_june,KGHM,2017-06,xgboost,F5,S0,43,20,f281797c9fec5add59686edd6e21c34fcff5e4c22b54024f7ac918a6b615c8c4,2017-06-07,0.08525911165284476,-0.087271856884553,2.6282164400120367,0.0007607225455585963,0.009887249064243032,68050,
control,transfer_june,KGHM,2017-06,xgboost,F5,S0,43,20,f281797c9fec5add59686edd6e21c34fcff5e4c22b54024f7ac918a6b615c8c4,2017-06-08,0.12762587621562513,0.06319655650425338,3.074537869438802,0.0018182719803396727,0.010538456378616931,63847,
control,transfer_june,KGHM,2017-06,xgboost,F5,S0,43,20,f281797c9fec5add59686edd6e21c34fcff5e4c22b54024f7ac918a6b615c8c4,2017-06-09,0.08521154058835043,0.04036290642851197,1.9757423295465182,0.004429410260788174,0.009166088653421143,60702,
control,transfer_june,KGHM,2017-06,xgboost,F5,S0,43,20,f281797c9fec5add59686edd6e21c34fcff5e4c22b54024f7ac918a6b615c8c4,2017-06-12,0.10376132669805005,-0.05527832011297197,2.526530534965198,0.005249793384046229,0.00906416203149214,60135,
control,transfer_june,KGHM,2017-06,xgboost,F5,S0,43,20,f281797c9fec5add59686edd6e21c34fcff5e4c22b54024f7ac918a6b615c8c4,2017-06-13,0.09963197490234553,-0.015723815533022035,2.26840635668321,0.0006824362637088723,0.009862891154870117,45890,
control,transfer_june,KGHM,2017-06,xgboost,F5,S0,43,20,f281797c9fec5add59686edd6e21c34fcff5e4c22b54024f7ac918a6b615c8c4,2017-06-14,0.09562715158894376,-0.10782694244398598,2.44500406372123,-0.00010933056185986806,0.010144001750272984,31816,
control,transfer_june,KGHM,2017-06,xgboost,F5,S0,43,20,f281797c9fec5add59686edd6e21c34fcff5e4c22b54024f7ac918a6b615c8c4,2017-06-16,0.09631075626781647,-0.032238945709710906,2.6831895242979416,0.005357845561246749,0.009157292320518578,42657,
control,transfer_june,KGHM,2017-06,xgboost,F5,S0,43,20,f281797c9fec5add59686edd6e21c34fcff5e4c22b54024f7ac918a6b615c8c4,2017-06-19,0.09650249927639741,0.0455778066981811,3.0237268266265254,0.0013246414618793359,0.01320900730251647,34135,
control,transfer_june,KGHM,2017-06,xgboost,F5,S0,43,20,f281797c9fec5add59686edd6e21c34fcff5e4c22b54024f7ac918a6b615c8c4,2017-06-20,0.13291810800763032,-0.11053405616129756,2.4257939799004298,0.00617504802856264,0.009524579747901812,51239,
control,transfer_june,KGHM,2017-06,xgboost,F5,S0,43,20,f281797c9fec5add59686edd6e21c34fcff5e4c22b54024f7ac918a6b615c8c4,2017-06-21,0.10878815806953823,0.08582567474823131,2.8211897270652067,0.0051620671114966,0.010002442119593962,59674,
control,transfer_june,KGHM,2017-06,xgboost,F5,S0,43,20,f281797c9fec5add59686edd6e21c34fcff5e4c22b54024f7ac918a6b615c8c4,2017-06-22,0.07507962105965307,0.018697862797764277,2.718488841614288,0.004033510495632962,0.011175348994011075,46773,
control,transfer_june,KGHM,2017-06,xgboost,F5,S0,43,20,f281797c9fec5add59686edd6e21c34fcff5e4c22b54024f7ac918a6b615c8c4,2017-06-23,0.037293553717075635,-0.013035159289965759,3.072897955446486,-0.0003173816749189289,0.01025505449659711,51145,
control,transfer_june,KGHM,2017-06,xgboost,F5,S0,43,20,f281797c9fec5add59686edd6e21c34fcff5e4c22b54024f7ac918a6b615c8c4,2017-06-26,0.07167151272711518,0.03973103325209264,2.573178112604248,-0.0014523098758857838,0.01044581826855027,27143,
control,transfer_june,KGHM,2017-06,xgboost,F5,S0,43,20,f281797c9fec5add59686edd6e21c34fcff5e4c22b54024f7ac918a6b615c8c4,2017-06-27,0.1353732251336114,0.06321095988411886,2.786712750695554,0.0031395980022174827,0.010053476669916427,64869,
control,transfer_june,KGHM,2017-06,xgboost,F5,S0,43,20,f281797c9fec5add59686edd6e21c34fcff5e4c22b54024f7ac918a6b615c8c4,2017-06-28,0.0902775691534621,0.0037172777637741222,2.4065567539833337,0.0014635152734150266,0.00928839106642153,68423,
control,transfer_june,KGHM,2017-06,xgboost,F5,S0,43,20,f281797c9fec5add59686edd6e21c34fcff5e4c22b54024f7ac918a6b615c8c4,2017-06-29,0.09878590441083523,-0.04806426521483826,2.7108354442240037,0.0038574574026324308,0.00827215088984996,32483,
control,transfer_june,KGHM,2017-06,xgboost,F5,S0,43,20,f281797c9fec5add59686edd6e21c34fcff5e4c22b54024f7ac918a6b615c8c4,2017-06-30,0.11793991151299402,-0.11779218937782429,2.19333656996062,0.002984391346098632,0.008382615450322723,32471,
control,transfer_june,KGHM,2017-06,xgboost,F5,S0,71,20,417fccda85b4e2e2c07d93ff8491daf9547a2435e5e8d9640a6697b1d38ee5e1,2017-06-01,0.08135176361820508,0.07221483577231858,2.29348548956091,0.0065765509748672586,0.008264146058856763,53075,
control,transfer_june,KGHM,2017-06,xgboost,F5,S0,71,20,417fccda85b4e2e2c07d93ff8491daf9547a2435e5e8d9640a6697b1d38ee5e1,2017-06-02,0.08087175735273276,-0.025684081380345773,2.832349903415471,0.0039017995776135374,0.009838496762165888,49572,
control,transfer_june,KGHM,2017-06,xgboost,F5,S0,71,20,417fccda85b4e2e2c07d93ff8491daf9547a2435e5e8d9640a6697b1d38ee5e1,2017-06-05,0.08719296970647263,0.01746653362370025,2.8599271107421944,0.003517263316787052,0.0103157618425038,26585,
control,transfer_june,KGHM,2017-06,xgboost,F5,S0,71,20,417fccda85b4e2e2c07d93ff8491daf9547a2435e5e8d9640a6697b1d38ee5e1,2017-06-06,0.06701427721977951,0.03127881084963313,2.3530092934650173,0.003224090575686359,0.008401900745589953,43881,
control,transfer_june,KGHM,2017-06,xgboost,F5,S0,71,20,417fccda85b4e2e2c07d93ff8491daf9547a2435e5e8d9640a6697b1d38ee5e1,2017-06-07,0.0692811357026637,-0.087271856884553,2.6282164400120367,-0.001378717488769379,0.009816945957826105,68050,
control,transfer_june,KGHM,2017-06,xgboost,F5,S0,71,20,417fccda85b4e2e2c07d93ff8491daf9547a2435e5e8d9640a6697b1d38ee5e1,2017-06-08,0.0643434165772823,0.06319655650425338,3.074537869438802,0.0005754039574108811,0.010157889592645977,63847,
control,transfer_june,KGHM,2017-06,xgboost,F5,S0,71,20,417fccda85b4e2e2c07d93ff8491daf9547a2435e5e8d9640a6697b1d38ee5e1,2017-06-09,0.022178011945150743,0.04036290642851197,1.9757423295465182,0.0027376080657879314,0.010525048486329075,60702,
control,transfer_june,KGHM,2017-06,xgboost,F5,S0,71,20,417fccda85b4e2e2c07d93ff8491daf9547a2435e5e8d9640a6697b1d38ee5e1,2017-06-12,0.11078035990370363,-0.05527832011297197,2.526530534965198,0.004139123835486385,0.01102639358431944,60135,
control,transfer_june,KGHM,2017-06,xgboost,F5,S0,71,20,417fccda85b4e2e2c07d93ff8491daf9547a2435e5e8d9640a6697b1d38ee5e1,2017-06-13,0.11180428081545034,-0.015723815533022035,2.26840635668321,0.0013694207846536327,0.01068301678837609,45890,
control,transfer_june,KGHM,2017-06,xgboost,F5,S0,71,20,417fccda85b4e2e2c07d93ff8491daf9547a2435e5e8d9640a6697b1d38ee5e1,2017-06-14,0.11811285114821692,-0.10782694244398598,2.44500406372123,-0.0005262400812260068,0.008828652267877641,31816,
control,transfer_june,KGHM,2017-06,xgboost,F5,S0,71,20,417fccda85b4e2e2c07d93ff8491daf9547a2435e5e8d9640a6697b1d38ee5e1,2017-06-16,0.08816273115789172,-0.032238945709710906,2.6831895242979416,0.0020918940687875004,0.00918818311587163,42657,
control,transfer_june,KGHM,2017-06,xgboost,F5,S0,71,20,417fccda85b4e2e2c07d93ff8491daf9547a2435e5e8d9640a6697b1d38ee5e1,2017-06-19,0.08771845379765776,0.0455778066981811,3.0237268266265254,0.0013332251134959203,0.012711066531757987,34135,
control,transfer_june,KGHM,2017-06,xgboost,F5,S0,71,20,417fccda85b4e2e2c07d93ff8491daf9547a2435e5e8d9640a6697b1d38ee5e1,2017-06-20,0.08750960719520509,-0.11053405616129756,2.4257939799004298,0.004975075254869456,0.00920602995244555,51239,
control,transfer_june,KGHM,2017-06,xgboost,F5,S0,71,20,417fccda85b4e2e2c07d93ff8491daf9547a2435e5e8d9640a6697b1d38ee5e1,2017-06-21,0.06592179092184969,0.08582567474823131,2.8211897270652067,0.0037468446315216467,0.010227506506456483,59674,
control,transfer_june,KGHM,2017-06,xgboost,F5,S0,71,20,417fccda85b4e2e2c07d93ff8491daf9547a2435e5e8d9640a6697b1d38ee5e1,2017-06-22,0.10424432663010932,0.018697862797764277,2.718488841614288,0.001493818358782469,0.010860330463279085,46773,
control,transfer_june,KGHM,2017-06,xgboost,F5,S0,71,20,417fccda85b4e2e2c07d93ff8491daf9547a2435e5e8d9640a6697b1d38ee5e1,2017-06-23,0.03296165244326751,-0.013035159289965759,3.072897955446486,-0.00039364322969905383,0.010134950301509111,51145,
control,transfer_june,KGHM,2017-06,xgboost,F5,S0,71,20,417fccda85b4e2e2c07d93ff8491daf9547a2435e5e8d9640a6697b1d38ee5e1,2017-06-26,0.10251203955891448,0.03973103325209264,2.573178112604248,0.00021344822792096368,0.0095460882723823,27143,
control,transfer_june,KGHM,2017-06,xgboost,F5,S0,71,20,417fccda85b4e2e2c07d93ff8491daf9547a2435e5e8d9640a6697b1d38ee5e1,2017-06-27,0.0950038513109078,0.06321095988411886,2.786712750695554,0.0018860314737840123,0.010161442474932959,64869,
control,transfer_june,KGHM,2017-06,xgboost,F5,S0,71,20,417fccda85b4e2e2c07d93ff8491daf9547a2435e5e8d9640a6697b1d38ee5e1,2017-06-28,0.10413295574674368,0.0037172777637741222,2.4065567539833337,0.0019182294386918836,0.009175101067247456,68423,
control,transfer_june,KGHM,2017-06,xgboost,F5,S0,71,20,417fccda85b4e2e2c07d93ff8491daf9547a2435e5e8d9640a6697b1d38ee5e1,2017-06-29,0.0702277481384414,-0.04806426521483826,2.7108354442240037,0.003244096561663397,0.00958676745519432,32483,
control,transfer_june,KGHM,2017-06,xgboost,F5,S0,71,20,417fccda85b4e2e2c07d93ff8491daf9547a2435e5e8d9640a6697b1d38ee5e1,2017-06-30,0.11024477104936668,-0.11779218937782429,2.19333656996062,0.0019447546329770097,0.008762025009335499,32471,
control,transfer_june,KGHM,2017-06,xgboost,F5,S1,7,20,a3dbf50680158f86b6f7ca156a6ebc0f6ab157c28faa3c5dd635b19ca5ed4d3a,2017-06-01,0.011736568706418813,0.07221483577231858,2.29348548956091,0.004284817780685198,0.007216763622064621,53075,
control,transfer_june,KGHM,2017-06,xgboost,F5,S1,7,20,a3dbf50680158f86b6f7ca156a6ebc0f6ab157c28faa3c5dd635b19ca5ed4d3a,2017-06-02,0.027519175014350056,-0.025684081380345773,2.832349903415471,0.004932610333000569,0.00830243978293642,49572,
control,transfer_june,KGHM,2017-06,xgboost,F5,S1,7,20,a3dbf50680158f86b6f7ca156a6ebc0f6ab157c28faa3c5dd635b19ca5ed4d3a,2017-06-05,-0.026543113505051903,0.01746653362370025,2.8599271107421944,0.006169036113392041,0.008464791144314943,26585,
control,transfer_june,KGHM,2017-06,xgboost,F5,S1,7,20,a3dbf50680158f86b6f7ca156a6ebc0f6ab157c28faa3c5dd635b19ca5ed4d3a,2017-06-06,0.028137548325373293,0.03127881084963313,2.3530092934650173,0.005795742361414223,0.0071732991441843304,43881,
control,transfer_june,KGHM,2017-06,xgboost,F5,S1,7,20,a3dbf50680158f86b6f7ca156a6ebc0f6ab157c28faa3c5dd635b19ca5ed4d3a,2017-06-07,0.06104924207402126,-0.087271856884553,2.6282164400120367,0.00476092592185578,0.00828631355335941,68050,
control,transfer_june,KGHM,2017-06,xgboost,F5,S1,7,20,a3dbf50680158f86b6f7ca156a6ebc0f6ab157c28faa3c5dd635b19ca5ed4d3a,2017-06-08,0.04904635062254063,0.06319655650425338,3.074537869438802,0.005304692459610278,0.008544314131617435,63847,
control,transfer_june,KGHM,2017-06,xgboost,F5,S1,7,20,a3dbf50680158f86b6f7ca156a6ebc0f6ab157c28faa3c5dd635b19ca5ed4d3a,2017-06-09,0.06015507598054304,0.04036290642851197,1.9757423295465182,0.0047660772485820175,0.007828662927297827,60702,
control,transfer_june,KGHM,2017-06,xgboost,F5,S1,7,20,a3dbf50680158f86b6f7ca156a6ebc0f6ab157c28faa3c5dd635b19ca5ed4d3a,2017-06-12,0.04783544818284675,-0.05527832011297197,2.526530534965198,0.00566689353972863,0.007883093015369946,60135,
control,transfer_june,KGHM,2017-06,xgboost,F5,S1,7,20,a3dbf50680158f86b6f7ca156a6ebc0f6ab157c28faa3c5dd635b19ca5ed4d3a,2017-06-13,0.06921653678938938,-0.015723815533022035,2.26840635668321,0.0056644579249530164,0.008353698028785892,45890,
control,transfer_june,KGHM,2017-06,xgboost,F5,S1,7,20,a3dbf50680158f86b6f7ca156a6ebc0f6ab157c28faa3c5dd635b19ca5ed4d3a,2017-06-14,0.057552364924734506,-0.10782694244398598,2.44500406372123,0.005399650595566143,0.007192341129793618,31816,
control,transfer_june,KGHM,2017-06,xgboost,F5,S1,7,20,a3dbf50680158f86b6f7ca156a6ebc0f6ab157c28faa3c5dd635b19ca5ed4d3a,2017-06-16,0.040278190191451325,-0.032238945709710906,2.6831895242979416,0.006108391267101939,0.007346783520655408,42657,
control,transfer_june,KGHM,2017-06,xgboost,F5,S1,7,20,a3dbf50680158f86b6f7ca156a6ebc0f6ab157c28faa3c5dd635b19ca5ed4d3a,2017-06-19,0.055063397726719275,0.0455778066981811,3.0237268266265254,0.004829580597127937,0.010528485373772397,34135,
control,transfer_june,KGHM,2017-06,xgboost,F5,S1,7,20,a3dbf50680158f86b6f7ca156a6ebc0f6ab157c28faa3c5dd635b19ca5ed4d3a,2017-06-20,0.02093639874073847,-0.11053405616129756,2.4257939799004298,0.004410293465408413,0.007131424491227321,51239,
control,transfer_june,KGHM,2017-06,xgboost,F5,S1,7,20,a3dbf50680158f86b6f7ca156a6ebc0f6ab157c28faa3c5dd635b19ca5ed4d3a,2017-06-21,0.020234257625067194,0.08582567474823131,2.8211897270652067,0.00458217745313363,0.009103779023466142,59674,
control,transfer_june,KGHM,2017-06,xgboost,F5,S1,7,20,a3dbf50680158f86b6f7ca156a6ebc0f6ab157c28faa3c5dd635b19ca5ed4d3a,2017-06-22,0.024993756584246074,0.018697862797764277,2.718488841614288,0.005864652091395687,0.00804674725683035,46773,
control,transfer_june,KGHM,2017-06,xgboost,F5,S1,7,20,a3dbf50680158f86b6f7ca156a6ebc0f6ab157c28faa3c5dd635b19ca5ed4d3a,2017-06-23,0.06489389317315776,-0.013035159289965759,3.072897955446486,0.005382364047917934,0.008090682116434766,51145,
control,transfer_june,KGHM,2017-06,xgboost,F5,S1,7,20,a3dbf50680158f86b6f7ca156a6ebc0f6ab157c28faa3c5dd635b19ca5ed4d3a,2017-06-26,0.0639806776143773,0.03973103325209264,2.573178112604248,0.005858709036053126,0.007293229147999583,27143,
control,transfer_june,KGHM,2017-06,xgboost,F5,S1,7,20,a3dbf50680158f86b6f7ca156a6ebc0f6ab157c28faa3c5dd635b19ca5ed4d3a,2017-06-27,0.050470659670845644,0.06321095988411886,2.786712750695554,0.005269874695533546,0.007590793187385762,64869,
control,transfer_june,KGHM,2017-06,xgboost,F5,S1,7,20,a3dbf50680158f86b6f7ca156a6ebc0f6ab157c28faa3c5dd635b19ca5ed4d3a,2017-06-28,0.03142647547336711,0.0037172777637741222,2.4065567539833337,0.005444491562517618,0.00702170385290449,68423,
control,transfer_june,KGHM,2017-06,xgboost,F5,S1,7,20,a3dbf50680158f86b6f7ca156a6ebc0f6ab157c28faa3c5dd635b19ca5ed4d3a,2017-06-29,0.037476253048582785,-0.04806426521483826,2.7108354442240037,0.005301074058592324,0.0069323090672279075,32483,
control,transfer_june,KGHM,2017-06,xgboost,F5,S1,7,20,a3dbf50680158f86b6f7ca156a6ebc0f6ab157c28faa3c5dd635b19ca5ed4d3a,2017-06-30,0.04539157311267664,-0.11779218937782429,2.19333656996062,0.00558646265852295,0.006855255603507416,32471,
control,transfer_june,KGHM,2017-06,xgboost,F5,S1,17,20,abc44d5346b0d553a0304945ba3d1847f3750af4e021046c9119b298c2689e82,2017-06-01,0.0034795102612935505,0.07221483577231858,2.29348548956091,0.003380218942772932,0.0075742212522997305,53075,
control,transfer_june,KGHM,2017-06,xgboost,F5,S1,17,20,abc44d5346b0d553a0304945ba3d1847f3750af4e021046c9119b298c2689e82,2017-06-02,-0.01050114060904022,-0.025684081380345773,2.832349903415471,0.003439330035812487,0.00821919487416707,49572,
control,transfer_june,KGHM,2017-06,xgboost,F5,S1,17,20,abc44d5346b0d553a0304945ba3d1847f3750af4e021046c9119b298c2689e82,2017-06-05,-0.01056286216571828,0.01746653362370025,2.8599271107421944,0.002776725690210025,0.008632071163327678,26585,
control,transfer_june,KGHM,2017-06,xgboost,F5,S1,17,20,abc44d5346b0d553a0304945ba3d1847f3750af4e021046c9119b298c2689e82,2017-06-06,0.00267077386091962,0.03127881084963313,2.3530092934650173,0.003862556836301184,0.0067719986927022155,43881,
control,transfer_june,KGHM,2017-06,xgboost,F5,S1,17,20,abc44d5346b0d553a0304945ba3d1847f3750af4e021046c9119b298c2689e82,2017-06-07,0.027786988729310073,-0.087271856884553,2.6282164400120367,0.004155126972524976,0.00858947028476835,68050,
control,transfer_june,KGHM,2017-06,xgboost,F5,S1,17,20,abc44d5346b0d553a0304945ba3d1847f3750af4e021046c9119b298c2689e82,2017-06-08,0.0201810336195218,0.06319655650425338,3.074537869438802,0.004324909422950621,0.009402798299692964,63847,
control,transfer_june,KGHM,2017-06,xgboost,F5,S1,17,20,abc44d5346b0d553a0304945ba3d1847f3750af4e021046c9119b298c2689e82,2017-06-09,0.02772162400950301,0.04036290642851197,1.9757423295465182,0.005665920056423825,0.008908388100792967,60702,
control,transfer_june,KGHM,2017-06,xgboost,F5,S1,17,20,abc44d5346b0d553a0304945ba3d1847f3750af4e021046c9119b298c2689e82,2017-06-12,-0.0020873114547423893,-0.05527832011297197,2.526530534965198,0.00502593373945456,0.009280074185008416,60135,
control,transfer_june,KGHM,2017-06,xgboost,F5,S1,17,20,abc44d5346b0d553a0304945ba3d1847f3750af4e021046c9119b298c2689e82,2017-06-13,-0.0025618325463842902,-0.015723815533022035,2.26840635668321,0.00469532242932394,0.008569801278873555,45890,
control,transfer_june,KGHM,2017-06,xgboost,F5,S1,17,20,abc44d5346b0d553a0304945ba3d1847f3750af4e021046c9119b298c2689e82,2017-06-14,-0.022260077843125226,-0.10782694244398598,2.44500406372123,0.0036603996288255562,0.00723330493765238,31816,
control,transfer_june,KGHM,2017-06,xgboost,F5,S1,17,20,abc44d5346b0d553a0304945ba3d1847f3750af4e021046c9119b298c2689e82,2017-06-16,0.01737692778104962,-0.032238945709710906,2.6831895242979416,0.003432842398402809,0.00795325721728468,42657,
control,transfer_june,KGHM,2017-06,xgboost,F5,S1,17,20,abc44d5346b0d553a0304945ba3d1847f3750af4e021046c9119b298c2689e82,2017-06-19,-0.01992886061573968,0.0455778066981811,3.0237268266265254,0.004210085390977069,0.011406937247050376,34135,
control,transfer_june,KGHM,2017-06,xgboost,F5,S1,17,20,abc44d5346b0d553a0304945ba3d1847f3750af4e021046c9119b298c2689e82,2017-06-20,0.004080148142331519,-0.11053405616129756,2.4257939799004298,0.0029141034525355,0.007545901078853856,51239,
control,transfer_june,KGHM,2017-06,xgboost,F5,S1,17,20,abc44d5346b0d553a0304945ba3d1847f3750af4e021046c9119b298c2689e82,2017-06-21,-0.00695495277692967,0.08582567474823131,2.8211897270652067,0.0036036649697429052,0.009007558332082558,59674,
control,transfer_june,KGHM,2017-06,xgboost,F5,S1,17,20,abc44d5346b0d553a0304945ba3d1847f3750af4e021046c9119b298c2689e82,2017-06-22,0.04037899120063777,0.018697862797764277,2.718488841614288,0.0031785021637730517,0.009190883978361498,46773,
control,transfer_june,KGHM,2017-06,xgboost,F5,S1,17,20,abc44d5346b0d553a0304945ba3d1847f3750af4e021046c9119b298c2689e82,2017-06-23,-0.0061070280982921405,-0.013035159289965759,3.072897955446486,0.004196730468279958,0.008191668618046056,51145,
control,transfer_june,KGHM,2017-06,xgboost,F5,S1,17,20,abc44d5346b0d553a0304945ba3d1847f3750af4e021046c9119b298c2689e82,2017-06-26,0.025580456519675294,0.03973103325209264,2.573178112604248,0.004376563192803778,0.007547586134148034,27143,
control,transfer_june,KGHM,2017-06,xgboost,F5,S1,17,20,abc44d5346b0d553a0304945ba3d1847f3750af4e021046c9119b298c2689e82,2017-06-27,0.014175264170443727,0.06321095988411886,2.786712750695554,0.004700304078741386,0.00835168529042271,64869,
control,transfer_june,KGHM,2017-06,xgboost,F5,S1,17,20,abc44d5346b0d553a0304945ba3d1847f3750af4e021046c9119b298c2689e82,2017-06-28,-0.026889050782684935,0.0037172777637741222,2.4065567539833337,0.004929868142927647,0.007616708416107021,68423,
control,transfer_june,KGHM,2017-06,xgboost,F5,S1,17,20,abc44d5346b0d553a0304945ba3d1847f3750af4e021046c9119b298c2689e82,2017-06-29,0.0038937873678853104,-0.04806426521483826,2.7108354442240037,0.005516843929043544,0.007664443733930928,32483,
control,transfer_june,KGHM,2017-06,xgboost,F5,S1,17,20,abc44d5346b0d553a0304945ba3d1847f3750af4e021046c9119b298c2689e82,2017-06-30,0.017067114369838463,-0.11779218937782429,2.19333656996062,0.004923469482992395,0.007187798988044255,32471,
control,transfer_june,KGHM,2017-06,xgboost,F5,S1,29,20,164abdd7d115cff2bcec0c90ae4e71f8a05a9a307a55dbb5833c07c986ac14a9,2017-06-01,0.043219547097333534,0.07221483577231858,2.29348548956091,0.004453790028409763,0.0074204443977310425,53075,
control,transfer_june,KGHM,2017-06,xgboost,F5,S1,29,20,164abdd7d115cff2bcec0c90ae4e71f8a05a9a307a55dbb5833c07c986ac14a9,2017-06-02,0.06537816694908226,-0.025684081380345773,2.832349903415471,0.004008104971433484,0.008107622252569443,49572,
control,transfer_june,KGHM,2017-06,xgboost,F5,S1,29,20,164abdd7d115cff2bcec0c90ae4e71f8a05a9a307a55dbb5833c07c986ac14a9,2017-06-05,0.05387293418165637,0.01746653362370025,2.8599271107421944,0.004602299766005128,0.00841955169964381,26585,
control,transfer_june,KGHM,2017-06,xgboost,F5,S1,29,20,164abdd7d115cff2bcec0c90ae4e71f8a05a9a307a55dbb5833c07c986ac14a9,2017-06-06,0.0629065599651872,0.03127881084963313,2.3530092934650173,0.004326213552060239,0.007755672035714588,43881,
control,transfer_june,KGHM,2017-06,xgboost,F5,S1,29,20,164abdd7d115cff2bcec0c90ae4e71f8a05a9a307a55dbb5833c07c986ac14a9,2017-06-07,0.0242587294581182,-0.087271856884553,2.6282164400120367,0.0028746654820429336,0.008255920821985644,68050,
control,transfer_june,KGHM,2017-06,xgboost,F5,S1,29,20,164abdd7d115cff2bcec0c90ae4e71f8a05a9a307a55dbb5833c07c986ac14a9,2017-06-08,-0.010292035234556941,0.06319655650425338,3.074537869438802,0.00398735824309728,0.010023156118187371,63847,
control,transfer_june,KGHM,2017-06,xgboost,F5,S1,29,20,164abdd7d115cff2bcec0c90ae4e71f8a05a9a307a55dbb5833c07c986ac14a9,2017-06-09,0.06269990996279323,0.04036290642851197,1.9757423295465182,0.0048528988586894525,0.008413508198573536,60702,
control,transfer_june,KGHM,2017-06,xgboost,F5,S1,29,20,164abdd7d115cff2bcec0c90ae4e71f8a05a9a307a55dbb5833c07c986ac14a9,2017-06-12,0.029646487251299265,-0.05527832011297197,2.526530534965198,0.0050403933737102075,0.008718807038991638,60135,
control,transfer_june,KGHM,2017-06,xgboost,F5,S1,29,20,164abdd7d115cff2bcec0c90ae4e71f8a05a9a307a55dbb5833c07c986ac14a9,2017-06-13,0.001379745445441561,-0.015723815533022035,2.26840635668321,0.0028613926527125077,0.009636617405124238,45890,
control,transfer_june,KGHM,2017-06,xgboost,F5,S1,29,20,164abdd7d115cff2bcec0c90ae4e71f8a05a9a307a55dbb5833c07c986ac14a9,2017-06-14,0.02688046142442429,-0.10782694244398598,2.44500406372123,0.003248730278377807,0.0077481798629720254,31816,
control,transfer_june,KGHM,2017-06,xgboost,F5,S1,29,20,164abdd7d115cff2bcec0c90ae4e71f8a05a9a307a55dbb5833c07c986ac14a9,2017-06-16,0.0500222231863729,-0.032238945709710906,2.6831895242979416,0.004209949992836435,0.008247066402420898,42657,
control,transfer_june,KGHM,2017-06,xgboost,F5,S1,29,20,164abdd7d115cff2bcec0c90ae4e71f8a05a9a307a55dbb5833c07c986ac14a9,2017-06-19,0.006770109979957973,0.0455778066981811,3.0237268266265254,0.002294973298548229,0.011329893368571079,34135,
control,transfer_june,KGHM,2017-06,xgboost,F5,S1,29,20,164abdd7d115cff2bcec0c90ae4e71f8a05a9a307a55dbb5833c07c986ac14a9,2017-06-20,0.03426961599042295,-0.11053405616129756,2.4257939799004298,0.004913413937139479,0.008239387020238654,51239,
control,transfer_june,KGHM,2017-06,xgboost,F5,S1,29,20,164abdd7d115cff2bcec0c90ae4e71f8a05a9a307a55dbb5833c07c986ac14a9,2017-06-21,0.03582841691474693,0.08582567474823131,2.8211897270652067,0.003928383971061089,0.008960834735893892,59674,
control,transfer_june,KGHM,2017-06,xgboost,F5,S1,29,20,164abdd7d115cff2bcec0c90ae4e71f8a05a9a307a55dbb5833c07c986ac14a9,2017-06-22,0.008782594121359972,0.018697862797764277,2.718488841614288,0.0036652372174066604,0.009166042590280038,46773,
control,transfer_june,KGHM,2017-06,xgboost,F5,S1,29,20,164abdd7d115cff2bcec0c90ae4e71f8a05a9a307a55dbb5833c07c986ac14a9,2017-06-23,0.08622165886040316,-0.013035159289965759,3.072897955446486,0.003954475632532652,0.00897192620449182,51145,
control,transfer_june,KGHM,2017-06,xgboost,F5,S1,29,20,164abdd7d115cff2bcec0c90ae4e71f8a05a9a307a55dbb5833c07c986ac14a9,2017-06-26,0.028218416080482856,0.03973103325209264,2.573178112604248,0.0029583966356287973,0.008879439702269579,27143,
control,transfer_june,KGHM,2017-06,xgboost,F5,S1,29,20,164abdd7d115cff2bcec0c90ae4e71f8a05a9a307a55dbb5833c07c986ac14a9,2017-06-27,0.034053089494765175,0.06321095988411886,2.786712750695554,0.0051204964024301036,0.00905102923871685,64869,
control,transfer_june,KGHM,2017-06,xgboost,F5,S1,29,20,164abdd7d115cff2bcec0c90ae4e71f8a05a9a307a55dbb5833c07c986ac14a9,2017-06-28,0.018542816432525908,0.0037172777637741222,2.4065567539833337,0.001854994654294595,0.008899505602386231,68423,
control,transfer_june,KGHM,2017-06,xgboost,F5,S1,29,20,164abdd7d115cff2bcec0c90ae4e71f8a05a9a307a55dbb5833c07c986ac14a9,2017-06-29,0.06008187711213592,-0.04806426521483826,2.7108354442240037,0.0046060618242340125,0.00746743400325646,32483,
control,transfer_june,KGHM,2017-06,xgboost,F5,S1,29,20,164abdd7d115cff2bcec0c90ae4e71f8a05a9a307a55dbb5833c07c986ac14a9,2017-06-30,0.07919569145055554,-0.11779218937782429,2.19333656996062,0.004311106140055856,0.007792180510764504,32471,
control,transfer_june,KGHM,2017-06,xgboost,F5,S1,43,20,2012ddfa7d3531b5c631bad5ac9051006d75eddeb214d24c5573040dc6d84646,2017-06-01,-0.029894917110853007,0.07221483577231858,2.29348548956091,0.005177477205109011,0.006617650915282683,53075,
control,transfer_june,KGHM,2017-06,xgboost,F5,S1,43,20,2012ddfa7d3531b5c631bad5ac9051006d75eddeb214d24c5573040dc6d84646,2017-06-02,-0.04576551429161922,-0.025684081380345773,2.832349903415471,0.004190039337159314,0.007842297786855018,49572,
control,transfer_june,KGHM,2017-06,xgboost,F5,S1,43,20,2012ddfa7d3531b5c631bad5ac9051006d75eddeb214d24c5573040dc6d84646,2017-06-05,-0.007008395694807256,0.01746653362370025,2.8599271107421944,0.004094517817675229,0.008114991943064375,26585,
control,transfer_june,KGHM,2017-06,xgboost,F5,S1,43,20,2012ddfa7d3531b5c631bad5ac9051006d75eddeb214d24c5573040dc6d84646,2017-06-06,-0.015896263345763738,0.03127881084963313,2.3530092934650173,0.004518786406622078,0.006944726727312315,43881,
control,transfer_june,KGHM,2017-06,xgboost,F5,S1,43,20,2012ddfa7d3531b5c631bad5ac9051006d75eddeb214d24c5573040dc6d84646,2017-06-07,-0.053516015327077504,-0.087271856884553,2.6282164400120367,0.005047484275506512,0.007584869415771083,68050,
control,transfer_june,KGHM,2017-06,xgboost,F5,S1,43,20,2012ddfa7d3531b5c631bad5ac9051006d75eddeb214d24c5573040dc6d84646,2017-06-08,-0.022824769269126216,0.06319655650425338,3.074537869438802,0.004684441157078846,0.008515940896981683,63847,
control,transfer_june,KGHM,2017-06,xgboost,F5,S1,43,20,2012ddfa7d3531b5c631bad5ac9051006d75eddeb214d24c5573040dc6d84646,2017-06-09,-0.0016819448265480736,0.04036290642851197,1.9757423295465182,0.003844661839285151,0.008004486415214297,60702,
control,transfer_june,KGHM,2017-06,xgboost,F5,S1,43,20,2012ddfa7d3531b5c631bad5ac9051006d75eddeb214d24c5573040dc6d84646,2017-06-12,-0.037315681420882894,-0.05527832011297197,2.526530534965198,0.004141510589736053,0.008885269568901502,60135,
control,transfer_june,KGHM,2017-06,xgboost,F5,S1,43,20,2012ddfa7d3531b5c631bad5ac9051006d75eddeb214d24c5573040dc6d84646,2017-06-13,-0.03855918297266128,-0.015723815533022035,2.26840635668321,0.005232525295386158,0.00855065580849251,45890,
control,transfer_june,KGHM,2017-06,xgboost,F5,S1,43,20,2012ddfa7d3531b5c631bad5ac9051006d75eddeb214d24c5573040dc6d84646,2017-06-14,-0.04251925117766616,-0.10782694244398598,2.44500406372123,0.005381747944423529,0.007000657804976203,31816,
control,transfer_june,KGHM,2017-06,xgboost,F5,S1,43,20,2012ddfa7d3531b5c631bad5ac9051006d75eddeb214d24c5573040dc6d84646,2017-06-16,-0.04576483098407316,-0.032238945709710906,2.6831895242979416,0.00449699994001003,0.007347299000690644,42657,
control,transfer_june,KGHM,2017-06,xgboost,F5,S1,43,20,2012ddfa7d3531b5c631bad5ac9051006d75eddeb214d24c5573040dc6d84646,2017-06-19,-0.037705917970542784,0.0455778066981811,3.0237268266265254,0.0038938400347205402,0.010437048018488417,34135,
control,transfer_june,KGHM,2017-06,xgboost,F5,S1,43,20,2012ddfa7d3531b5c631bad5ac9051006d75eddeb214d24c5573040dc6d84646,2017-06-20,-0.00878051738327655,-0.11053405616129756,2.4257939799004298,0.005743485275627194,0.006935450468803231,51239,
control,transfer_june,KGHM,2017-06,xgboost,F5,S1,43,20,2012ddfa7d3531b5c631bad5ac9051006d75eddeb214d24c5573040dc6d84646,2017-06-21,-0.03738068494055415,0.08582567474823131,2.8211897270652067,0.0045615373565102,0.008121736261055936,59674,
control,transfer_june,KGHM,2017-06,xgboost,F5,S1,43,20,2012ddfa7d3531b5c631bad5ac9051006d75eddeb214d24c5573040dc6d84646,2017-06-22,-0.037272344933081396,0.018697862797764277,2.718488841614288,0.005079845392702521,0.008351116653949133,46773,
control,transfer_june,KGHM,2017-06,xgboost,F5,S1,43,20,2012ddfa7d3531b5c631bad5ac9051006d75eddeb214d24c5573040dc6d84646,2017-06-23,-0.048121288802310536,-0.013035159289965759,3.072897955446486,0.005299329468219276,0.007974337373781606,51145,
control,transfer_june,KGHM,2017-06,xgboost,F5,S1,43,20,2012ddfa7d3531b5c631bad5ac9051006d75eddeb214d24c5573040dc6d84646,2017-06-26,-0.055937053602188695,0.03973103325209264,2.573178112604248,0.00520892174131246,0.0071428435482578006,27143,
control,transfer_june,KGHM,2017-06,xgboost,F5,S1,43,20,2012ddfa7d3531b5c631bad5ac9051006d75eddeb214d24c5573040dc6d84646,2017-06-27,-0.04957481170573116,0.06321095988411886,2.786712750695554,0.0047581333035591426,0.008119508135512474,64869,
control,transfer_june,KGHM,2017-06,xgboost,F5,S1,43,20,2012ddfa7d3531b5c631bad5ac9051006d75eddeb214d24c5573040dc6d84646,2017-06-28,-0.05595066330392268,0.0037172777637741222,2.4065567539833337,0.005122466731233887,0.007537905883105655,68423,
control,transfer_june,KGHM,2017-06,xgboost,F5,S1,43,20,2012ddfa7d3531b5c631bad5ac9051006d75eddeb214d24c5573040dc6d84646,2017-06-29,-0.06719622048162428,-0.04806426521483826,2.7108354442240037,0.004701567776094623,0.007050440690712153,32483,
control,transfer_june,KGHM,2017-06,xgboost,F5,S1,43,20,2012ddfa7d3531b5c631bad5ac9051006d75eddeb214d24c5573040dc6d84646,2017-06-30,-0.05593125505481193,-0.11779218937782429,2.19333656996062,0.005080478098523982,0.006742562557897676,32471,
control,transfer_june,KGHM,2017-06,xgboost,F5,S1,71,20,aa72314af2448f7430cc2578e706733c3a31d2016858f06649bcba89be62cd29,2017-06-01,-0.07432541640067715,0.07221483577231858,2.29348548956091,0.006036157800451455,0.006744753737469015,53075,
control,transfer_june,KGHM,2017-06,xgboost,F5,S1,71,20,aa72314af2448f7430cc2578e706733c3a31d2016858f06649bcba89be62cd29,2017-06-02,-0.048637384788266895,-0.025684081380345773,2.832349903415471,0.004829447338756459,0.008577439349910516,49572,
control,transfer_june,KGHM,2017-06,xgboost,F5,S1,71,20,aa72314af2448f7430cc2578e706733c3a31d2016858f06649bcba89be62cd29,2017-06-05,0.005753297239633259,0.01746653362370025,2.8599271107421944,0.0037164645193231206,0.008610888451020596,26585,
control,transfer_june,KGHM,2017-06,xgboost,F5,S1,71,20,aa72314af2448f7430cc2578e706733c3a31d2016858f06649bcba89be62cd29,2017-06-06,-0.09640726826009605,0.03127881084963313,2.3530092934650173,0.006407884909865595,0.007426283912140501,43881,
control,transfer_june,KGHM,2017-06,xgboost,F5,S1,71,20,aa72314af2448f7430cc2578e706733c3a31d2016858f06649bcba89be62cd29,2017-06-07,-0.044561340659850776,-0.087271856884553,2.6282164400120367,0.0063248611022913275,0.008999039367665218,68050,
control,transfer_june,KGHM,2017-06,xgboost,F5,S1,71,20,aa72314af2448f7430cc2578e706733c3a31d2016858f06649bcba89be62cd29,2017-06-08,-0.07412489368603327,0.06319655650425338,3.074537869438802,0.006060272983570751,0.009413856461140322,63847,
control,transfer_june,KGHM,2017-06,xgboost,F5,S1,71,20,aa72314af2448f7430cc2578e706733c3a31d2016858f06649bcba89be62cd29,2017-06-09,-0.07790801000040026,0.04036290642851197,1.9757423295465182,0.005826567314661349,0.008088540534500383,60702,
control,transfer_june,KGHM,2017-06,xgboost,F5,S1,71,20,aa72314af2448f7430cc2578e706733c3a31d2016858f06649bcba89be62cd29,2017-06-12,-0.04365154120992405,-0.05527832011297197,2.526530534965198,0.004964888744312383,0.008524957247339308,60135,
control,transfer_june,KGHM,2017-06,xgboost,F5,S1,71,20,aa72314af2448f7430cc2578e706733c3a31d2016858f06649bcba89be62cd29,2017-06-13,-0.03555961605922264,-0.015723815533022035,2.26840635668321,0.007714729073683097,0.008720885837873761,45890,
control,transfer_june,KGHM,2017-06,xgboost,F5,S1,71,20,aa72314af2448f7430cc2578e706733c3a31d2016858f06649bcba89be62cd29,2017-06-14,-0.052775505498065055,-0.10782694244398598,2.44500406372123,0.007553202491327673,0.008214693479497066,31816,
control,transfer_june,KGHM,2017-06,xgboost,F5,S1,71,20,aa72314af2448f7430cc2578e706733c3a31d2016858f06649bcba89be62cd29,2017-06-16,-0.09249283013978124,-0.032238945709710906,2.6831895242979416,0.006000530613931221,0.008319994571581984,42657,
control,transfer_june,KGHM,2017-06,xgboost,F5,S1,71,20,aa72314af2448f7430cc2578e706733c3a31d2016858f06649bcba89be62cd29,2017-06-19,-0.005389870651847652,0.0455778066981811,3.0237268266265254,0.0057611560069695195,0.01159454207578463,34135,
control,transfer_june,KGHM,2017-06,xgboost,F5,S1,71,20,aa72314af2448f7430cc2578e706733c3a31d2016858f06649bcba89be62cd29,2017-06-20,-0.07984666332542444,-0.11053405616129756,2.4257939799004298,0.005341176113504582,0.007058941618792191,51239,
control,transfer_june,KGHM,2017-06,xgboost,F5,S1,71,20,aa72314af2448f7430cc2578e706733c3a31d2016858f06649bcba89be62cd29,2017-06-21,-0.047450672405241465,0.08582567474823131,2.8211897270652067,0.005456762407236758,0.009237885114960431,59674,
control,transfer_june,KGHM,2017-06,xgboost,F5,S1,71,20,aa72314af2448f7430cc2578e706733c3a31d2016858f06649bcba89be62cd29,2017-06-22,-0.029672248181968057,0.018697862797764277,2.718488841614288,0.006502938000336363,0.008898493416911582,46773,
control,transfer_june,KGHM,2017-06,xgboost,F5,S1,71,20,aa72314af2448f7430cc2578e706733c3a31d2016858f06649bcba89be62cd29,2017-06-23,-0.0693612746038685,-0.013035159289965759,3.072897955446486,0.008188019814445908,0.008455306101048781,51145,
control,transfer_june,KGHM,2017-06,xgboost,F5,S1,71,20,aa72314af2448f7430cc2578e706733c3a31d2016858f06649bcba89be62cd29,2017-06-26,-0.04513147080690247,0.03973103325209264,2.573178112604248,0.007881026477972067,0.008578783006486394,27143,
control,transfer_june,KGHM,2017-06,xgboost,F5,S1,71,20,aa72314af2448f7430cc2578e706733c3a31d2016858f06649bcba89be62cd29,2017-06-27,-0.054755784038116526,0.06321095988411886,2.786712750695554,0.005358975573326111,0.008817131363019825,64869,
control,transfer_june,KGHM,2017-06,xgboost,F5,S1,71,20,aa72314af2448f7430cc2578e706733c3a31d2016858f06649bcba89be62cd29,2017-06-28,-0.02811511993868471,0.0037172777637741222,2.4065567539833337,0.00711851015321064,0.0076802980914161875,68423,
control,transfer_june,KGHM,2017-06,xgboost,F5,S1,71,20,aa72314af2448f7430cc2578e706733c3a31d2016858f06649bcba89be62cd29,2017-06-29,-0.012526942134448368,-0.04806426521483826,2.7108354442240037,0.005424375738968653,0.007926712225253742,32483,
control,transfer_june,KGHM,2017-06,xgboost,F5,S1,71,20,aa72314af2448f7430cc2578e706733c3a31d2016858f06649bcba89be62cd29,2017-06-30,-0.01414527064227578,-0.11779218937782429,2.19333656996062,0.005574719348638079,0.007577130724464871,32471,
control,transfer_june,PEKAO,2017-06,xgboost,F5,S0,7,20,df78dcb125b7663a2b5c8e4e1956c99f0b8cc28957108e3c4cab67ad608fc49b,2017-06-01,0.08505407887041919,-0.05461425477125064,2.653263469343923,0.0012584546355855397,0.014384665728924925,21111,
control,transfer_june,PEKAO,2017-06,xgboost,F5,S0,7,20,df78dcb125b7663a2b5c8e4e1956c99f0b8cc28957108e3c4cab67ad608fc49b,2017-06-02,0.0809032051960491,-0.11311554422120125,3.1899241642821923,0.0021641625784548078,0.010457508464434138,23814,
control,transfer_june,PEKAO,2017-06,xgboost,F5,S0,7,20,df78dcb125b7663a2b5c8e4e1956c99f0b8cc28957108e3c4cab67ad608fc49b,2017-06-05,0.0563086679453424,-0.047347740366560545,2.795383140300547,0.0006874966102511607,0.010011306619060257,43770,
control,transfer_june,PEKAO,2017-06,xgboost,F5,S0,7,20,df78dcb125b7663a2b5c8e4e1956c99f0b8cc28957108e3c4cab67ad608fc49b,2017-06-06,0.1563687002864285,-0.012104617666658879,2.169860774327718,-0.0018805439308635472,0.0113948258386042,45480,
control,transfer_june,PEKAO,2017-06,xgboost,F5,S0,7,20,df78dcb125b7663a2b5c8e4e1956c99f0b8cc28957108e3c4cab67ad608fc49b,2017-06-07,0.09244139657816887,0.016550555856424218,2.6384914952138625,0.005403842005215151,0.009533883531048707,58647,
control,transfer_june,PEKAO,2017-06,xgboost,F5,S0,7,20,df78dcb125b7663a2b5c8e4e1956c99f0b8cc28957108e3c4cab67ad608fc49b,2017-06-08,0.09758173984234866,0.0008103383707210801,2.2796732340048593,-0.00019359881070110646,0.0090831978755186,21750,
control,transfer_june,PEKAO,2017-06,xgboost,F5,S0,7,20,df78dcb125b7663a2b5c8e4e1956c99f0b8cc28957108e3c4cab67ad608fc49b,2017-06-09,0.09707333682013745,-0.07546208075154724,2.594355443939396,-0.0016708410476181993,0.010431068310394882,25874,
control,transfer_june,PEKAO,2017-06,xgboost,F5,S0,7,20,df78dcb125b7663a2b5c8e4e1956c99f0b8cc28957108e3c4cab67ad608fc49b,2017-06-12,0.10979486610399262,-0.03023306474608259,3.0408193476116963,0.002522845621821752,0.010314732274450763,41331,
control,transfer_june,PEKAO,2017-06,xgboost,F5,S0,7,20,df78dcb125b7663a2b5c8e4e1956c99f0b8cc28957108e3c4cab67ad608fc49b,2017-06-13,0.10362451665792514,0.012170202771729956,2.5939330804235743,0.0035037300894457733,0.01023265505875521,40896,
control,transfer_june,PEKAO,2017-06,xgboost,F5,S0,7,20,df78dcb125b7663a2b5c8e4e1956c99f0b8cc28957108e3c4cab67ad608fc49b,2017-06-14,0.12642702139676434,0.005051973653838481,2.5703644854970977,0.0029296820524966623,0.009300051302841564,63402,
control,transfer_june,PEKAO,2017-06,xgboost,F5,S0,7,20,df78dcb125b7663a2b5c8e4e1956c99f0b8cc28957108e3c4cab67ad608fc49b,2017-06-16,0.11033759753939555,-0.05313206939630618,2.2872428205714876,0.0006117754472850744,0.010189959845956251,37955,
control,transfer_june,PEKAO,2017-06,xgboost,F5,S0,7,20,df78dcb125b7663a2b5c8e4e1956c99f0b8cc28957108e3c4cab67ad608fc49b,2017-06-19,0.12404033589107208,-0.0300360673143298,2.5188414314922176,0.0017151369809814967,0.009896351248338589,32554,
control,transfer_june,PEKAO,2017-06,xgboost,F5,S0,7,20,df78dcb125b7663a2b5c8e4e1956c99f0b8cc28957108e3c4cab67ad608fc49b,2017-06-20,0.05983198181683144,-0.06783467516517876,2.2706196500779705,0.001519965864385345,0.008571351136566348,23184,
control,transfer_june,PEKAO,2017-06,xgboost,F5,S0,7,20,df78dcb125b7663a2b5c8e4e1956c99f0b8cc28957108e3c4cab67ad608fc49b,2017-06-21,0.10254498144882535,-0.0644011039181828,2.1092581565474253,-0.007779874046641848,0.006852902597619206,20493,
control,transfer_june,PEKAO,2017-06,xgboost,F5,S0,7,20,df78dcb125b7663a2b5c8e4e1956c99f0b8cc28957108e3c4cab67ad608fc49b,2017-06-22,-0.027006764492253303,0.015146431629295071,3.0813466551212683,0.0009997113002743726,0.010278728217836442,39145,
control,transfer_june,PEKAO,2017-06,xgboost,F5,S0,7,20,df78dcb125b7663a2b5c8e4e1956c99f0b8cc28957108e3c4cab67ad608fc49b,2017-06-23,0.04397115996827295,-0.025583130021634762,2.887479492919328,0.0017262544749882946,0.010289879584162945,15599,
control,transfer_june,PEKAO,2017-06,xgboost,F5,S0,7,20,df78dcb125b7663a2b5c8e4e1956c99f0b8cc28957108e3c4cab67ad608fc49b,2017-06-26,0.12763137156801946,0.07546756341528907,2.80857532439232,0.013289001389036693,0.0086645251103976,28567,
control,transfer_june,PEKAO,2017-06,xgboost,F5,S0,7,20,df78dcb125b7663a2b5c8e4e1956c99f0b8cc28957108e3c4cab67ad608fc49b,2017-06-27,0.10950037761782232,0.014478685860887833,2.410447576438714,0.006851901816131626,0.008060782161851597,18995,
control,transfer_june,PEKAO,2017-06,xgboost,F5,S0,7,20,df78dcb125b7663a2b5c8e4e1956c99f0b8cc28957108e3c4cab67ad608fc49b,2017-06-28,0.14030749468921563,-0.04357375170702206,2.3710118633594894,0.011026072605566135,0.007710133686047895,16329,
control,transfer_june,PEKAO,2017-06,xgboost,F5,S0,7,20,df78dcb125b7663a2b5c8e4e1956c99f0b8cc28957108e3c4cab67ad608fc49b,2017-06-29,0.15572030856874108,-0.13074983981005514,2.468569590843663,0.0070291800396017155,0.008101636535223384,26984,
control,transfer_june,PEKAO,2017-06,xgboost,F5,S0,7,20,df78dcb125b7663a2b5c8e4e1956c99f0b8cc28957108e3c4cab67ad608fc49b,2017-06-30,0.07382833880839179,0.004699120132174423,2.0597032005247318,0.005913428417875127,0.007191688551871161,11598,
control,transfer_june,PEKAO,2017-06,xgboost,F5,S0,17,20,387f946215a499096ce593598dda3342bf8be19039fe75e474d37ab4fa9862f1,2017-06-01,-0.027897359998633475,-0.05461425477125064,2.653263469343923,0.0006496282221822568,0.01046970764692829,21111,
control,transfer_june,PEKAO,2017-06,xgboost,F5,S0,17,20,387f946215a499096ce593598dda3342bf8be19039fe75e474d37ab4fa9862f1,2017-06-02,0.03178411189218115,-0.11311554422120125,3.1899241642821923,0.0028957478422777148,0.009876717146718478,23814,
control,transfer_june,PEKAO,2017-06,xgboost,F5,S0,17,20,387f946215a499096ce593598dda3342bf8be19039fe75e474d37ab4fa9862f1,2017-06-05,0.03697529630335127,-0.047347740366560545,2.795383140300547,0.0021399021390448897,0.009320103524071378,43770,
control,transfer_june,PEKAO,2017-06,xgboost,F5,S0,17,20,387f946215a499096ce593598dda3342bf8be19039fe75e474d37ab4fa9862f1,2017-06-06,0.08777496419995023,-0.012104617666658879,2.169860774327718,0.0009412401261657113,0.010165866235738051,45480,
control,transfer_june,PEKAO,2017-06,xgboost,F5,S0,17,20,387f946215a499096ce593598dda3342bf8be19039fe75e474d37ab4fa9862f1,2017-06-07,0.050164909465830236,0.016550555856424218,2.6384914952138625,0.007690001603467537,0.011090715662504323,58647,
control,transfer_june,PEKAO,2017-06,xgboost,F5,S0,17,20,387f946215a499096ce593598dda3342bf8be19039fe75e474d37ab4fa9862f1,2017-06-08,0.05682190981448784,0.0008103383707210801,2.2796732340048593,0.0017679406812457347,0.009233905948950415,21750,
control,transfer_june,PEKAO,2017-06,xgboost,F5,S0,17,20,387f946215a499096ce593598dda3342bf8be19039fe75e474d37ab4fa9862f1,2017-06-09,0.0729279848716197,-0.07546208075154724,2.594355443939396,-0.00018324052753073658,0.010786116919535169,25874,
control,transfer_june,PEKAO,2017-06,xgboost,F5,S0,17,20,387f946215a499096ce593598dda3342bf8be19039fe75e474d37ab4fa9862f1,2017-06-12,0.04450939914632529,-0.03023306474608259,3.0408193476116963,0.002910555786125351,0.009220327694016501,41331,
control,transfer_june,PEKAO,2017-06,xgboost,F5,S0,17,20,387f946215a499096ce593598dda3342bf8be19039fe75e474d37ab4fa9862f1,2017-06-13,0.08187486480300148,0.012170202771729956,2.5939330804235743,0.0035009192913047042,0.009250427860809415,40896,
control,transfer_june,PEKAO,2017-06,xgboost,F5,S0,17,20,387f946215a499096ce593598dda3342bf8be19039fe75e474d37ab4fa9862f1,2017-06-14,0.05272612823982882,0.005051973653838481,2.5703644854970977,0.0031923910763061165,0.008891115775543803,63402,
control,transfer_june,PEKAO,2017-06,xgboost,F5,S0,17,20,387f946215a499096ce593598dda3342bf8be19039fe75e474d37ab4fa9862f1,2017-06-16,0.1277472278719316,-0.05313206939630618,2.2872428205714876,0.0025290171714174962,0.009553933981362365,37955,
control,transfer_june,PEKAO,2017-06,xgboost,F5,S0,17,20,387f946215a499096ce593598dda3342bf8be19039fe75e474d37ab4fa9862f1,2017-06-19,0.08271089554778638,-0.0300360673143298,2.5188414314922176,0.002248924334896326,0.008921338280665303,32554,
control,transfer_june,PEKAO,2017-06,xgboost,F5,S0,17,20,387f946215a499096ce593598dda3342bf8be19039fe75e474d37ab4fa9862f1,2017-06-20,0.07673969444244845,-0.06783467516517876,2.2706196500779705,-0.0011119545296937956,0.008918358856701626,23184,
control,transfer_june,PEKAO,2017-06,xgboost,F5,S0,17,20,387f946215a499096ce593598dda3342bf8be19039fe75e474d37ab4fa9862f1,2017-06-21,0.11229644713469569,-0.0644011039181828,2.1092581565474253,-0.007811589637091469,0.008161628642031465,20493,
control,transfer_june,PEKAO,2017-06,xgboost,F5,S0,17,20,387f946215a499096ce593598dda3342bf8be19039fe75e474d37ab4fa9862f1,2017-06-22,-0.041321326313502556,0.015146431629295071,3.0813466551212683,-0.0011052937660476214,0.011090273135221153,39145,
control,transfer_june,PEKAO,2017-06,xgboost,F5,S0,17,20,387f946215a499096ce593598dda3342bf8be19039fe75e474d37ab4fa9862f1,2017-06-23,0.03858410593352518,-0.025583130021634762,2.887479492919328,0.001126402408587672,0.01103543515504175,15599,
control,transfer_june,PEKAO,2017-06,xgboost,F5,S0,17,20,387f946215a499096ce593598dda3342bf8be19039fe75e474d37ab4fa9862f1,2017-06-26,0.025987548943017084,0.07546756341528907,2.80857532439232,0.012723687949402308,0.00807095664338986,28567,
control,transfer_june,PEKAO,2017-06,xgboost,F5,S0,17,20,387f946215a499096ce593598dda3342bf8be19039fe75e474d37ab4fa9862f1,2017-06-27,0.10876232833219376,0.014478685860887833,2.410447576438714,0.004731854728699342,0.007689839249435202,18995,
control,transfer_june,PEKAO,2017-06,xgboost,F5,S0,17,20,387f946215a499096ce593598dda3342bf8be19039fe75e474d37ab4fa9862f1,2017-06-28,0.11097343381213617,-0.04357375170702206,2.3710118633594894,0.0085558808760925,0.007441607937566316,16329,
control,transfer_june,PEKAO,2017-06,xgboost,F5,S0,17,20,387f946215a499096ce593598dda3342bf8be19039fe75e474d37ab4fa9862f1,2017-06-29,0.15623052689092934,-0.13074983981005514,2.468569590843663,0.0066469633673204385,0.007632367426778585,26984,
control,transfer_june,PEKAO,2017-06,xgboost,F5,S0,17,20,387f946215a499096ce593598dda3342bf8be19039fe75e474d37ab4fa9862f1,2017-06-30,0.03989059814301693,0.004699120132174423,2.0597032005247318,0.006844601702879119,0.00725463444421113,11598,
control,transfer_june,PEKAO,2017-06,xgboost,F5,S0,29,20,f4f570c81fcfe21c8629d51f90cb6331f98ec711469b06ffc543de18151a26f5,2017-06-01,0.060862905314944274,-0.05461425477125064,2.653263469343923,0.00223727520998354,0.009664726623463833,21111,
control,transfer_june,PEKAO,2017-06,xgboost,F5,S0,29,20,f4f570c81fcfe21c8629d51f90cb6331f98ec711469b06ffc543de18151a26f5,2017-06-02,0.032046678355157586,-0.11311554422120125,3.1899241642821923,0.002373162108520253,0.010285681530835124,23814,
control,transfer_june,PEKAO,2017-06,xgboost,F5,S0,29,20,f4f570c81fcfe21c8629d51f90cb6331f98ec711469b06ffc543de18151a26f5,2017-06-05,0.013262939780161761,-0.047347740366560545,2.795383140300547,0.0020089136627708067,0.0106060922845211,43770,
control,transfer_june,PEKAO,2017-06,xgboost,F5,S0,29,20,f4f570c81fcfe21c8629d51f90cb6331f98ec711469b06ffc543de18151a26f5,2017-06-06,0.07005753007547215,-0.012104617666658879,2.169860774327718,0.0008126618791016912,0.01075929730618702,45480,
control,transfer_june,PEKAO,2017-06,xgboost,F5,S0,29,20,f4f570c81fcfe21c8629d51f90cb6331f98ec711469b06ffc543de18151a26f5,2017-06-07,0.06503249876460443,0.016550555856424218,2.6384914952138625,0.006107849534914606,0.010287813110465588,58647,
control,transfer_june,PEKAO,2017-06,xgboost,F5,S0,29,20,f4f570c81fcfe21c8629d51f90cb6331f98ec711469b06ffc543de18151a26f5,2017-06-08,0.09432934151383936,0.0008103383707210801,2.2796732340048593,0.0017795143718242474,0.009909518038025733,21750,
control,transfer_june,PEKAO,2017-06,xgboost,F5,S0,29,20,f4f570c81fcfe21c8629d51f90cb6331f98ec711469b06ffc543de18151a26f5,2017-06-09,0.06469776601041054,-0.07546208075154724,2.594355443939396,0.0002199348897242047,0.011037180566679638,25874,
control,transfer_june,PEKAO,2017-06,xgboost,F5,S0,29,20,f4f570c81fcfe21c8629d51f90cb6331f98ec711469b06ffc543de18151a26f5,2017-06-12,0.06111028310129979,-0.03023306474608259,3.0408193476116963,0.003176869270694722,0.00999208419220906,41331,
control,transfer_june,PEKAO,2017-06,xgboost,F5,S0,29,20,f4f570c81fcfe21c8629d51f90cb6331f98ec711469b06ffc543de18151a26f5,2017-06-13,0.06515245453143143,0.012170202771729956,2.5939330804235743,0.0028251897076959904,0.008975959137062232,40896,
control,transfer_june,PEKAO,2017-06,xgboost,F5,S0,29,20,f4f570c81fcfe21c8629d51f90cb6331f98ec711469b06ffc543de18151a26f5,2017-06-14,0.11369967790447989,0.005051973653838481,2.5703644854970977,0.0025866679244294206,0.008120686188227066,63402,
control,transfer_june,PEKAO,2017-06,xgboost,F5,S0,29,20,f4f570c81fcfe21c8629d51f90cb6331f98ec711469b06ffc543de18151a26f5,2017-06-16,0.09018964207270046,-0.05313206939630618,2.2872428205714876,0.0015335362899445853,0.008596586216520319,37955,
control,transfer_june,PEKAO,2017-06,xgboost,F5,S0,29,20,f4f570c81fcfe21c8629d51f90cb6331f98ec711469b06ffc543de18151a26f5,2017-06-19,0.0638607974189831,-0.0300360673143298,2.5188414314922176,0.002060608394423562,0.008292833113880727,32554,
control,transfer_june,PEKAO,2017-06,xgboost,F5,S0,29,20,f4f570c81fcfe21c8629d51f90cb6331f98ec711469b06ffc543de18151a26f5,2017-06-20,0.07534237234598692,-0.06783467516517876,2.2706196500779705,0.0004512680981642765,0.007073634657338939,23184,
control,transfer_june,PEKAO,2017-06,xgboost,F5,S0,29,20,f4f570c81fcfe21c8629d51f90cb6331f98ec711469b06ffc543de18151a26f5,2017-06-21,0.0693096762713884,-0.0644011039181828,2.1092581565474253,-0.00483441835853357,0.006931463963929261,20493,
control,transfer_june,PEKAO,2017-06,xgboost,F5,S0,29,20,f4f570c81fcfe21c8629d51f90cb6331f98ec711469b06ffc543de18151a26f5,2017-06-22,-0.02191366040249051,0.015146431629295071,3.0813466551212683,0.0012570121021614645,0.010202996197935271,39145,
control,transfer_june,PEKAO,2017-06,xgboost,F5,S0,29,20,f4f570c81fcfe21c8629d51f90cb6331f98ec711469b06ffc543de18151a26f5,2017-06-23,-0.008933986063161602,-0.025583130021634762,2.887479492919328,0.0019906868407550174,0.009071162368091074,15599,
control,transfer_june,PEKAO,2017-06,xgboost,F5,S0,29,20,f4f570c81fcfe21c8629d51f90cb6331f98ec711469b06ffc543de18151a26f5,2017-06-26,0.0880208031742684,0.07546756341528907,2.80857532439232,0.011062662685571328,0.007755850987436308,28567,
control,transfer_june,PEKAO,2017-06,xgboost,F5,S0,29,20,f4f570c81fcfe21c8629d51f90cb6331f98ec711469b06ffc543de18151a26f5,2017-06-27,0.04930046428532933,0.014478685860887833,2.410447576438714,0.0051611758823226815,0.00645298976319771,18995,
control,transfer_june,PEKAO,2017-06,xgboost,F5,S0,29,20,f4f570c81fcfe21c8629d51f90cb6331f98ec711469b06ffc543de18151a26f5,2017-06-28,0.0959588581523363,-0.04357375170702206,2.3710118633594894,0.007495140532649686,0.007045763613734625,16329,
control,transfer_june,PEKAO,2017-06,xgboost,F5,S0,29,20,f4f570c81fcfe21c8629d51f90cb6331f98ec711469b06ffc543de18151a26f5,2017-06-29,0.11821178637225266,-0.13074983981005514,2.468569590843663,0.005366138678717516,0.006335919216729847,26984,
control,transfer_june,PEKAO,2017-06,xgboost,F5,S0,29,20,f4f570c81fcfe21c8629d51f90cb6331f98ec711469b06ffc543de18151a26f5,2017-06-30,0.025534444549117397,0.004699120132174423,2.0597032005247318,0.0038639612130613255,0.00614342488803862,11598,
control,transfer_june,PEKAO,2017-06,xgboost,F5,S0,43,20,0b6e7456d61dc1dd001beedb73bdcdf130c922657599f812f047f4306d770908,2017-06-01,0.07679057164586274,-0.05461425477125064,2.653263469343923,-0.00038715079460954966,0.009959086414899551,21111,
control,transfer_june,PEKAO,2017-06,xgboost,F5,S0,43,20,0b6e7456d61dc1dd001beedb73bdcdf130c922657599f812f047f4306d770908,2017-06-02,0.03314065997607639,-0.11311554422120125,3.1899241642821923,0.0015921201866755687,0.011405686109308463,23814,
control,transfer_june,PEKAO,2017-06,xgboost,F5,S0,43,20,0b6e7456d61dc1dd001beedb73bdcdf130c922657599f812f047f4306d770908,2017-06-05,0.0010391527456214676,-0.047347740366560545,2.795383140300547,0.0019537481213695337,0.009737131586143165,43770,
control,transfer_june,PEKAO,2017-06,xgboost,F5,S0,43,20,0b6e7456d61dc1dd001beedb73bdcdf130c922657599f812f047f4306d770908,2017-06-06,0.12734460036180675,-0.012104617666658879,2.169860774327718,0.00047071012884862523,0.009766513542919785,45480,
control,transfer_june,PEKAO,2017-06,xgboost,F5,S0,43,20,0b6e7456d61dc1dd001beedb73bdcdf130c922657599f812f047f4306d770908,2017-06-07,0.10279409907059249,0.016550555856424218,2.6384914952138625,0.005949061402532151,0.009965118726911741,58647,
control,transfer_june,PEKAO,2017-06,xgboost,F5,S0,43,20,0b6e7456d61dc1dd001beedb73bdcdf130c922657599f812f047f4306d770908,2017-06-08,0.07235289723411127,0.0008103383707210801,2.2796732340048593,0.0025244439330444424,0.008957219935881392,21750,
control,transfer_june,PEKAO,2017-06,xgboost,F5,S0,43,20,0b6e7456d61dc1dd001beedb73bdcdf130c922657599f812f047f4306d770908,2017-06-09,0.08794338209159583,-0.07546208075154724,2.594355443939396,-0.0005044759629533855,0.011374077633237488,25874,
control,transfer_june,PEKAO,2017-06,xgboost,F5,S0,43,20,0b6e7456d61dc1dd001beedb73bdcdf130c922657599f812f047f4306d770908,2017-06-12,0.0690524700205435,-0.03023306474608259,3.0408193476116963,0.003846145043531214,0.009397784365154073,41331,
control,transfer_june,PEKAO,2017-06,xgboost,F5,S0,43,20,0b6e7456d61dc1dd001beedb73bdcdf130c922657599f812f047f4306d770908,2017-06-13,0.05321737906034463,0.012170202771729956,2.5939330804235743,0.0037276977328504347,0.00909573397153946,40896,
control,transfer_june,PEKAO,2017-06,xgboost,F5,S0,43,20,0b6e7456d61dc1dd001beedb73bdcdf130c922657599f812f047f4306d770908,2017-06-14,0.03492458605302173,0.005051973653838481,2.5703644854970977,0.002763906954409572,0.008624487736253707,63402,
control,transfer_june,PEKAO,2017-06,xgboost,F5,S0,43,20,0b6e7456d61dc1dd001beedb73bdcdf130c922657599f812f047f4306d770908,2017-06-16,0.08897407128098293,-0.05313206939630618,2.2872428205714876,0.0029143558865607653,0.008932618631954704,37955,
control,transfer_june,PEKAO,2017-06,xgboost,F5,S0,43,20,0b6e7456d61dc1dd001beedb73bdcdf130c922657599f812f047f4306d770908,2017-06-19,0.12157516309072228,-0.0300360673143298,2.5188414314922176,0.0027058908872890763,0.008903778637906888,32554,
control,transfer_june,PEKAO,2017-06,xgboost,F5,S0,43,20,0b6e7456d61dc1dd001beedb73bdcdf130c922657599f812f047f4306d770908,2017-06-20,0.01732537904438275,-0.06783467516517876,2.2706196500779705,0.0013054033104726226,0.0076558545344242255,23184,
control,transfer_june,PEKAO,2017-06,xgboost,F5,S0,43,20,0b6e7456d61dc1dd001beedb73bdcdf130c922657599f812f047f4306d770908,2017-06-21,0.07952746425047835,-0.0644011039181828,2.1092581565474253,-0.0017778125344305026,0.006482726989957809,20493,
control,transfer_june,PEKAO,2017-06,xgboost,F5,S0,43,20,0b6e7456d61dc1dd001beedb73bdcdf130c922657599f812f047f4306d770908,2017-06-22,-0.038433343894162676,0.015146431629295071,3.0813466551212683,0.0013647776197400366,0.011077261609915425,39145,
control,transfer_june,PEKAO,2017-06,xgboost,F5,S0,43,20,0b6e7456d61dc1dd001beedb73bdcdf130c922657599f812f047f4306d770908,2017-06-23,0.044299677830864075,-0.025583130021634762,2.887479492919328,0.0027197368804639317,0.008644525062835333,15599,
control,transfer_june,PEKAO,2017-06,xgboost,F5,S0,43,20,0b6e7456d61dc1dd001beedb73bdcdf130c922657599f812f047f4306d770908,2017-06-26,0.10328924959181734,0.07546756341528907,2.80857532439232,0.011293846258567792,0.007428345950644568,28567,
control,transfer_june,PEKAO,2017-06,xgboost,F5,S0,43,20,0b6e7456d61dc1dd001beedb73bdcdf130c922657599f812f047f4306d770908,2017-06-27,0.049773480998321504,0.014478685860887833,2.410447576438714,0.005608305047901367,0.006893356659975123,18995,
control,transfer_june,PEKAO,2017-06,xgboost,F5,S0,43,20,0b6e7456d61dc1dd001beedb73bdcdf130c922657599f812f047f4306d770908,2017-06-28,0.11841197044762862,-0.04357375170702206,2.3710118633594894,0.008496127306811693,0.006779174441645236,16329,
control,transfer_june,PEKAO,2017-06,xgboost,F5,S0,43,20,0b6e7456d61dc1dd001beedb73bdcdf130c922657599f812f047f4306d770908,2017-06-29,0.09870644387076861,-0.13074983981005514,2.468569590843663,0.005970649395424559,0.006957915035746463,26984,
control,transfer_june,PEKAO,2017-06,xgboost,F5,S0,43,20,0b6e7456d61dc1dd001beedb73bdcdf130c922657599f812f047f4306d770908,2017-06-30,0.009871550179112095,0.004699120132174423,2.0597032005247318,0.005063972121797108,0.006417060625454607,11598,
control,transfer_june,PEKAO,2017-06,xgboost,F5,S0,71,20,5b530c47f735b45cf9c348539d1c7e104f5eda5817d2c8de9e00c7556e0eeb25,2017-06-01,0.05467446146285232,-0.05461425477125064,2.653263469343923,-0.0008581175702586039,0.01340867646563171,21111,
control,transfer_june,PEKAO,2017-06,xgboost,F5,S0,71,20,5b530c47f735b45cf9c348539d1c7e104f5eda5817d2c8de9e00c7556e0eeb25,2017-06-02,-0.005954813753191334,-0.11311554422120125,3.1899241642821923,0.0021645328298819932,0.01066758646914342,23814,
control,transfer_june,PEKAO,2017-06,xgboost,F5,S0,71,20,5b530c47f735b45cf9c348539d1c7e104f5eda5817d2c8de9e00c7556e0eeb25,2017-06-05,0.01546831450413486,-0.047347740366560545,2.795383140300547,0.001417276830919281,0.009504840602174353,43770,
control,transfer_june,PEKAO,2017-06,xgboost,F5,S0,71,20,5b530c47f735b45cf9c348539d1c7e104f5eda5817d2c8de9e00c7556e0eeb25,2017-06-06,0.020208210317469492,-0.012104617666658879,2.169860774327718,0.0018019946025526388,0.009509782806494955,45480,
control,transfer_june,PEKAO,2017-06,xgboost,F5,S0,71,20,5b530c47f735b45cf9c348539d1c7e104f5eda5817d2c8de9e00c7556e0eeb25,2017-06-07,0.027844391021967674,0.016550555856424218,2.6384914952138625,0.006515934243402999,0.010494064498968303,58647,
control,transfer_june,PEKAO,2017-06,xgboost,F5,S0,71,20,5b530c47f735b45cf9c348539d1c7e104f5eda5817d2c8de9e00c7556e0eeb25,2017-06-08,0.025140019861392297,0.0008103383707210801,2.2796732340048593,0.000633441368235682,0.008411224711564734,21750,
control,transfer_june,PEKAO,2017-06,xgboost,F5,S0,71,20,5b530c47f735b45cf9c348539d1c7e104f5eda5817d2c8de9e00c7556e0eeb25,2017-06-09,0.09613514886650452,-0.07546208075154724,2.594355443939396,-0.0005374881683223861,0.010287872731256201,25874,
control,transfer_june,PEKAO,2017-06,xgboost,F5,S0,71,20,5b530c47f735b45cf9c348539d1c7e104f5eda5817d2c8de9e00c7556e0eeb25,2017-06-12,0.009135403434701865,-0.03023306474608259,3.0408193476116963,0.0026346677352563734,0.009869689089315866,41331,
control,transfer_june,PEKAO,2017-06,xgboost,F5,S0,71,20,5b530c47f735b45cf9c348539d1c7e104f5eda5817d2c8de9e00c7556e0eeb25,2017-06-13,0.009395347708419143,0.012170202771729956,2.5939330804235743,0.003024972509439054,0.009280807333042464,40896,
control,transfer_june,PEKAO,2017-06,xgboost,F5,S0,71,20,5b530c47f735b45cf9c348539d1c7e104f5eda5817d2c8de9e00c7556e0eeb25,2017-06-14,-0.019132200476719815,0.005051973653838481,2.5703644854970977,0.002382887598706585,0.008462719915516262,63402,
control,transfer_june,PEKAO,2017-06,xgboost,F5,S0,71,20,5b530c47f735b45cf9c348539d1c7e104f5eda5817d2c8de9e00c7556e0eeb25,2017-06-16,0.04453499873981099,-0.05313206939630618,2.2872428205714876,0.002493159424811955,0.008870133107895561,37955,
control,transfer_june,PEKAO,2017-06,xgboost,F5,S0,71,20,5b530c47f735b45cf9c348539d1c7e104f5eda5817d2c8de9e00c7556e0eeb25,2017-06-19,-0.04304503265610867,-0.0300360673143298,2.5188414314922176,0.0016556228775378397,0.008473255328924983,32554,
control,transfer_june,PEKAO,2017-06,xgboost,F5,S0,71,20,5b530c47f735b45cf9c348539d1c7e104f5eda5817d2c8de9e00c7556e0eeb25,2017-06-20,0.037646631005944675,-0.06783467516517876,2.2706196500779705,0.0009332149558854235,0.007574005833164063,23184,
control,transfer_june,PEKAO,2017-06,xgboost,F5,S0,71,20,5b530c47f735b45cf9c348539d1c7e104f5eda5817d2c8de9e00c7556e0eeb25,2017-06-21,0.027085475596955764,-0.0644011039181828,2.1092581565474253,-0.004216461165838636,0.007693528812866658,20493,
control,transfer_june,PEKAO,2017-06,xgboost,F5,S0,71,20,5b530c47f735b45cf9c348539d1c7e104f5eda5817d2c8de9e00c7556e0eeb25,2017-06-22,-0.08305995773417063,0.015146431629295071,3.0813466551212683,0.0025318460843932306,0.010789098393575468,39145,
control,transfer_june,PEKAO,2017-06,xgboost,F5,S0,71,20,5b530c47f735b45cf9c348539d1c7e104f5eda5817d2c8de9e00c7556e0eeb25,2017-06-23,0.0038790123931347446,-0.025583130021634762,2.887479492919328,0.002480077853039336,0.008323629202704528,15599,
control,transfer_june,PEKAO,2017-06,xgboost,F5,S0,71,20,5b530c47f735b45cf9c348539d1c7e104f5eda5817d2c8de9e00c7556e0eeb25,2017-06-26,0.028091459344483666,0.07546756341528907,2.80857532439232,0.010283729971322627,0.007747277842549147,28567,
control,transfer_june,PEKAO,2017-06,xgboost,F5,S0,71,20,5b530c47f735b45cf9c348539d1c7e104f5eda5817d2c8de9e00c7556e0eeb25,2017-06-27,0.003392058786810683,0.014478685860887833,2.410447576438714,0.006282182579573757,0.00704631589604294,18995,
control,transfer_june,PEKAO,2017-06,xgboost,F5,S0,71,20,5b530c47f735b45cf9c348539d1c7e104f5eda5817d2c8de9e00c7556e0eeb25,2017-06-28,-0.007702314097748032,-0.04357375170702206,2.3710118633594894,0.009486761662753281,0.0062827948751939915,16329,
control,transfer_june,PEKAO,2017-06,xgboost,F5,S0,71,20,5b530c47f735b45cf9c348539d1c7e104f5eda5817d2c8de9e00c7556e0eeb25,2017-06-29,0.035226777243163664,-0.13074983981005514,2.468569590843663,0.006848332662420585,0.006943602241018355,26984,
control,transfer_june,PEKAO,2017-06,xgboost,F5,S0,71,20,5b530c47f735b45cf9c348539d1c7e104f5eda5817d2c8de9e00c7556e0eeb25,2017-06-30,-0.010358071325902694,0.004699120132174423,2.0597032005247318,0.007104099707770787,0.005977023374570498,11598,
control,transfer_june,PEKAO,2017-06,xgboost,F5,S1,7,20,8c3424f9b1ad4dac3c2f6427c31b13e4db7fc1e43914ec92c14edd0b6c9fe8c3,2017-06-01,0.049326061648193455,-0.05461425477125064,2.653263469343923,0.002621166874021048,0.00908558268992695,21111,
control,transfer_june,PEKAO,2017-06,xgboost,F5,S1,7,20,8c3424f9b1ad4dac3c2f6427c31b13e4db7fc1e43914ec92c14edd0b6c9fe8c3,2017-06-02,0.018044089671112262,-0.11311554422120125,3.1899241642821923,0.003274237654482638,0.007601947828695028,23814,
control,transfer_june,PEKAO,2017-06,xgboost,F5,S1,7,20,8c3424f9b1ad4dac3c2f6427c31b13e4db7fc1e43914ec92c14edd0b6c9fe8c3,2017-06-05,0.01416461459524402,-0.047347740366560545,2.795383140300547,0.0034737572951160623,0.007011021384563573,43770,
control,transfer_june,PEKAO,2017-06,xgboost,F5,S1,7,20,8c3424f9b1ad4dac3c2f6427c31b13e4db7fc1e43914ec92c14edd0b6c9fe8c3,2017-06-06,0.021443263307149393,-0.012104617666658879,2.169860774327718,0.003989591455852315,0.008462386980508024,45480,
control,transfer_june,PEKAO,2017-06,xgboost,F5,S1,7,20,8c3424f9b1ad4dac3c2f6427c31b13e4db7fc1e43914ec92c14edd0b6c9fe8c3,2017-06-07,0.03803388546933475,0.016550555856424218,2.6384914952138625,0.004536833003205928,0.006718629234048166,58647,
control,transfer_june,PEKAO,2017-06,xgboost,F5,S1,7,20,8c3424f9b1ad4dac3c2f6427c31b13e4db7fc1e43914ec92c14edd0b6c9fe8c3,2017-06-08,0.041632578084670205,0.0008103383707210801,2.2796732340048593,0.0038478686783312895,0.006333405157239397,21750,
control,transfer_june,PEKAO,2017-06,xgboost,F5,S1,7,20,8c3424f9b1ad4dac3c2f6427c31b13e4db7fc1e43914ec92c14edd0b6c9fe8c3,2017-06-09,0.060069416818578476,-0.07546208075154724,2.594355443939396,0.003366848988416185,0.007732422106944014,25874,
control,transfer_june,PEKAO,2017-06,xgboost,F5,S1,7,20,8c3424f9b1ad4dac3c2f6427c31b13e4db7fc1e43914ec92c14edd0b6c9fe8c3,2017-06-12,-0.0006075602482704072,-0.03023306474608259,3.0408193476116963,0.00423135384054573,0.007202093995952131,41331,
control,transfer_june,PEKAO,2017-06,xgboost,F5,S1,7,20,8c3424f9b1ad4dac3c2f6427c31b13e4db7fc1e43914ec92c14edd0b6c9fe8c3,2017-06-13,0.013088764787846062,0.012170202771729956,2.5939330804235743,0.0039877804597616175,0.007082571856264903,40896,
control,transfer_june,PEKAO,2017-06,xgboost,F5,S1,7,20,8c3424f9b1ad4dac3c2f6427c31b13e4db7fc1e43914ec92c14edd0b6c9fe8c3,2017-06-14,-0.00442638611543696,0.005051973653838481,2.5703644854970977,0.0038808663938050443,0.006486795431775531,63402,
control,transfer_june,PEKAO,2017-06,xgboost,F5,S1,7,20,8c3424f9b1ad4dac3c2f6427c31b13e4db7fc1e43914ec92c14edd0b6c9fe8c3,2017-06-16,0.0055515141044400204,-0.05313206939630618,2.2872428205714876,0.004278460142996833,0.007755014654638772,37955,
control,transfer_june,PEKAO,2017-06,xgboost,F5,S1,7,20,8c3424f9b1ad4dac3c2f6427c31b13e4db7fc1e43914ec92c14edd0b6c9fe8c3,2017-06-19,-0.03195410062568371,-0.0300360673143298,2.5188414314922176,0.004922459530116291,0.006536232931615741,32554,
control,transfer_june,PEKAO,2017-06,xgboost,F5,S1,7,20,8c3424f9b1ad4dac3c2f6427c31b13e4db7fc1e43914ec92c14edd0b6c9fe8c3,2017-06-20,0.03724195618251294,-0.06783467516517876,2.2706196500779705,0.003981594525668799,0.005978963159155973,23184,
control,transfer_june,PEKAO,2017-06,xgboost,F5,S1,7,20,8c3424f9b1ad4dac3c2f6427c31b13e4db7fc1e43914ec92c14edd0b6c9fe8c3,2017-06-21,0.12258476343807838,-0.0644011039181828,2.1092581565474253,0.0027535874074464846,0.005903336733576263,20493,
control,transfer_june,PEKAO,2017-06,xgboost,F5,S1,7,20,8c3424f9b1ad4dac3c2f6427c31b13e4db7fc1e43914ec92c14edd0b6c9fe8c3,2017-06-22,0.04031997030012829,0.015146431629295071,3.0813466551212683,0.004130238538679568,0.008532581874785226,39145,
control,transfer_june,PEKAO,2017-06,xgboost,F5,S1,7,20,8c3424f9b1ad4dac3c2f6427c31b13e4db7fc1e43914ec92c14edd0b6c9fe8c3,2017-06-23,0.01988410852787905,-0.025583130021634762,2.887479492919328,0.004819929470786414,0.007336841362320925,15599,
control,transfer_june,PEKAO,2017-06,xgboost,F5,S1,7,20,8c3424f9b1ad4dac3c2f6427c31b13e4db7fc1e43914ec92c14edd0b6c9fe8c3,2017-06-26,0.014587222785317086,0.07546756341528907,2.80857532439232,0.003791971319413199,0.007065036744357739,28567,
control,transfer_june,PEKAO,2017-06,xgboost,F5,S1,7,20,8c3424f9b1ad4dac3c2f6427c31b13e4db7fc1e43914ec92c14edd0b6c9fe8c3,2017-06-27,0.017024614999091327,0.014478685860887833,2.410447576438714,0.004485435708982183,0.006225191574691792,18995,
control,transfer_june,PEKAO,2017-06,xgboost,F5,S1,7,20,8c3424f9b1ad4dac3c2f6427c31b13e4db7fc1e43914ec92c14edd0b6c9fe8c3,2017-06-28,0.009594638047132665,-0.04357375170702206,2.3710118633594894,0.004621605213409394,0.006919650441734757,16329,
control,transfer_june,PEKAO,2017-06,xgboost,F5,S1,7,20,8c3424f9b1ad4dac3c2f6427c31b13e4db7fc1e43914ec92c14edd0b6c9fe8c3,2017-06-29,-0.02417261179759949,-0.13074983981005514,2.468569590843663,0.004342083871145292,0.00587801115925831,26984,
control,transfer_june,PEKAO,2017-06,xgboost,F5,S1,7,20,8c3424f9b1ad4dac3c2f6427c31b13e4db7fc1e43914ec92c14edd0b6c9fe8c3,2017-06-30,0.05356995940615971,0.004699120132174423,2.0597032005247318,0.004971473150376528,0.005889740901664444,11598,
control,transfer_june,PEKAO,2017-06,xgboost,F5,S1,17,20,c3bb39ac741074e05e42c414305d3246bcd272184c5df737feca236128c69f20,2017-06-01,-0.0732728910141184,-0.05461425477125064,2.653263469343923,0.007591578056271723,0.01061132063719333,21111,
control,transfer_june,PEKAO,2017-06,xgboost,F5,S1,17,20,c3bb39ac741074e05e42c414305d3246bcd272184c5df737feca236128c69f20,2017-06-02,0.03405405362832209,-0.11311554422120125,3.1899241642821923,0.005057414156620823,0.008219595655088851,23814,
control,transfer_june,PEKAO,2017-06,xgboost,F5,S1,17,20,c3bb39ac741074e05e42c414305d3246bcd272184c5df737feca236128c69f20,2017-06-05,0.006589466846462541,-0.047347740366560545,2.795383140300547,0.004509887424723609,0.0072537017140721855,43770,
control,transfer_june,PEKAO,2017-06,xgboost,F5,S1,17,20,c3bb39ac741074e05e42c414305d3246bcd272184c5df737feca236128c69f20,2017-06-06,-0.12879599048291746,-0.012104617666658879,2.169860774327718,0.0052149345297423716,0.00892505212028464,45480,
control,transfer_june,PEKAO,2017-06,xgboost,F5,S1,17,20,c3bb39ac741074e05e42c414305d3246bcd272184c5df737feca236128c69f20,2017-06-07,0.012211956096785216,0.016550555856424218,2.6384914952138625,0.003913650937726785,0.007633055155165999,58647,
control,transfer_june,PEKAO,2017-06,xgboost,F5,S1,17,20,c3bb39ac741074e05e42c414305d3246bcd272184c5df737feca236128c69f20,2017-06-08,-0.06046583525793484,0.0008103383707210801,2.2796732340048593,0.004450177447313721,0.007213362891389894,21750,
control,transfer_june,PEKAO,2017-06,xgboost,F5,S1,17,20,c3bb39ac741074e05e42c414305d3246bcd272184c5df737feca236128c69f20,2017-06-09,-0.0648066837890076,-0.07546208075154724,2.594355443939396,0.005901736574063691,0.008444274211612998,25874,
control,transfer_june,PEKAO,2017-06,xgboost,F5,S1,17,20,c3bb39ac741074e05e42c414305d3246bcd272184c5df737feca236128c69f20,2017-06-12,-0.040779787112163936,-0.03023306474608259,3.0408193476116963,0.004901806256994747,0.007772139814666828,41331,
control,transfer_june,PEKAO,2017-06,xgboost,F5,S1,17,20,c3bb39ac741074e05e42c414305d3246bcd272184c5df737feca236128c69f20,2017-06-13,-0.021594803487138693,0.012170202771729956,2.5939330804235743,0.004836637118716228,0.007070800925041961,40896,
control,transfer_june,PEKAO,2017-06,xgboost,F5,S1,17,20,c3bb39ac741074e05e42c414305d3246bcd272184c5df737feca236128c69f20,2017-06-14,-0.039301023858995476,0.005051973653838481,2.5703644854970977,0.00462391184896916,0.006406718152733437,63402,
control,transfer_june,PEKAO,2017-06,xgboost,F5,S1,17,20,c3bb39ac741074e05e42c414305d3246bcd272184c5df737feca236128c69f20,2017-06-16,-0.09188255561356848,-0.05313206939630618,2.2872428205714876,0.00487579186343907,0.007276112499568737,37955,
control,transfer_june,PEKAO,2017-06,xgboost,F5,S1,17,20,c3bb39ac741074e05e42c414305d3246bcd272184c5df737feca236128c69f20,2017-06-19,-0.1191100558695032,-0.0300360673143298,2.5188414314922176,0.004885995589688348,0.006597323751240781,32554,
control,transfer_june,PEKAO,2017-06,xgboost,F5,S1,17,20,c3bb39ac741074e05e42c414305d3246bcd272184c5df737feca236128c69f20,2017-06-20,-0.04493434792065859,-0.06783467516517876,2.2706196500779705,0.004416293613675319,0.005463454566257216,23184,
control,transfer_june,PEKAO,2017-06,xgboost,F5,S1,17,20,c3bb39ac741074e05e42c414305d3246bcd272184c5df737feca236128c69f20,2017-06-21,-0.027098203566976935,-0.0644011039181828,2.1092581565474253,0.003054770768243282,0.005135693240888364,20493,
control,transfer_june,PEKAO,2017-06,xgboost,F5,S1,17,20,c3bb39ac741074e05e42c414305d3246bcd272184c5df737feca236128c69f20,2017-06-22,-0.027951446611118192,0.015146431629295071,3.0813466551212683,0.004636852842477135,0.0083182043416892,39145,
control,transfer_june,PEKAO,2017-06,xgboost,F5,S1,17,20,c3bb39ac741074e05e42c414305d3246bcd272184c5df737feca236128c69f20,2017-06-23,-0.050849031655924505,-0.025583130021634762,2.887479492919328,0.0044512531770074075,0.006844377418236916,15599,
control,transfer_june,PEKAO,2017-06,xgboost,F5,S1,17,20,c3bb39ac741074e05e42c414305d3246bcd272184c5df737feca236128c69f20,2017-06-26,0.06273383013290115,0.07546756341528907,2.80857532439232,0.004109079686627947,0.0077113694975641705,28567,
control,transfer_june,PEKAO,2017-06,xgboost,F5,S1,17,20,c3bb39ac741074e05e42c414305d3246bcd272184c5df737feca236128c69f20,2017-06-27,-0.05902475122754761,0.014478685860887833,2.410447576438714,0.00435537218059104,0.0057432353504720726,18995,
control,transfer_june,PEKAO,2017-06,xgboost,F5,S1,17,20,c3bb39ac741074e05e42c414305d3246bcd272184c5df737feca236128c69f20,2017-06-28,-0.059200069590763155,-0.04357375170702206,2.3710118633594894,0.005122319957869028,0.006748510901687231,16329,
control,transfer_june,PEKAO,2017-06,xgboost,F5,S1,17,20,c3bb39ac741074e05e42c414305d3246bcd272184c5df737feca236128c69f20,2017-06-29,-0.002760117003522497,-0.13074983981005514,2.468569590843663,0.003451811809328421,0.006005152468740709,26984,
control,transfer_june,PEKAO,2017-06,xgboost,F5,S1,17,20,c3bb39ac741074e05e42c414305d3246bcd272184c5df737feca236128c69f20,2017-06-30,-0.06831472484311403,0.004699120132174423,2.0597032005247318,0.0029617632133139425,0.005422657593739315,11598,
control,transfer_june,PEKAO,2017-06,xgboost,F5,S1,29,20,41f436b39bc5b8883dc2f9b954625a2826f7a8ad0cbc77b5b5ad97e40740f7c8,2017-06-01,0.006462061937602969,-0.05461425477125064,2.653263469343923,0.0045027816765427515,0.008888432857120494,21111,
control,transfer_june,PEKAO,2017-06,xgboost,F5,S1,29,20,41f436b39bc5b8883dc2f9b954625a2826f7a8ad0cbc77b5b5ad97e40740f7c8,2017-06-02,-0.03389808067006925,-0.11311554422120125,3.1899241642821923,0.003891013109689059,0.007771201073869337,23814,
control,transfer_june,PEKAO,2017-06,xgboost,F5,S1,29,20,41f436b39bc5b8883dc2f9b954625a2826f7a8ad0cbc77b5b5ad97e40740f7c8,2017-06-05,0.007872338211270558,-0.047347740366560545,2.795383140300547,0.0040850118515367885,0.0074581601358370475,43770,
control,transfer_june,PEKAO,2017-06,xgboost,F5,S1,29,20,41f436b39bc5b8883dc2f9b954625a2826f7a8ad0cbc77b5b5ad97e40740f7c8,2017-06-06,-0.021406029766646375,-0.012104617666658879,2.169860774327718,0.005189385861359052,0.008614936753466619,45480,
control,transfer_june,PEKAO,2017-06,xgboost,F5,S1,29,20,41f436b39bc5b8883dc2f9b954625a2826f7a8ad0cbc77b5b5ad97e40740f7c8,2017-06-07,-0.01660654141166243,0.016550555856424218,2.6384914952138625,0.0037864773107308715,0.0076797162719215405,58647,
control,transfer_june,PEKAO,2017-06,xgboost,F5,S1,29,20,41f436b39bc5b8883dc2f9b954625a2826f7a8ad0cbc77b5b5ad97e40740f7c8,2017-06-08,-0.051243159768444554,0.0008103383707210801,2.2796732340048593,0.005172519285756367,0.006570930007047385,21750,
control,transfer_june,PEKAO,2017-06,xgboost,F5,S1,29,20,41f436b39bc5b8883dc2f9b954625a2826f7a8ad0cbc77b5b5ad97e40740f7c8,2017-06-09,-0.051484576558713066,-0.07546208075154724,2.594355443939396,0.005351144510538798,0.007899751173953242,25874,
control,transfer_june,PEKAO,2017-06,xgboost,F5,S1,29,20,41f436b39bc5b8883dc2f9b954625a2826f7a8ad0cbc77b5b5ad97e40740f7c8,2017-06-12,-0.03652486680704766,-0.03023306474608259,3.0408193476116963,0.0039874683950581824,0.007428997917582004,41331,
control,transfer_june,PEKAO,2017-06,xgboost,F5,S1,29,20,41f436b39bc5b8883dc2f9b954625a2826f7a8ad0cbc77b5b5ad97e40740f7c8,2017-06-13,-0.04072512003305178,0.012170202771729956,2.5939330804235743,0.004245180648087771,0.0069509335508694025,40896,
control,transfer_june,PEKAO,2017-06,xgboost,F5,S1,29,20,41f436b39bc5b8883dc2f9b954625a2826f7a8ad0cbc77b5b5ad97e40740f7c8,2017-06-14,-0.06636595450726665,0.005051973653838481,2.5703644854970977,0.00399908782627519,0.007175273087911118,63402,
control,transfer_june,PEKAO,2017-06,xgboost,F5,S1,29,20,41f436b39bc5b8883dc2f9b954625a2826f7a8ad0cbc77b5b5ad97e40740f7c8,2017-06-16,-0.023935498941049474,-0.05313206939630618,2.2872428205714876,0.0052295364354832926,0.0072184909828550605,37955,
control,transfer_june,PEKAO,2017-06,xgboost,F5,S1,29,20,41f436b39bc5b8883dc2f9b954625a2826f7a8ad0cbc77b5b5ad97e40740f7c8,2017-06-19,-0.04102787127086056,-0.0300360673143298,2.5188414314922176,0.0047241261744316275,0.006651920979207592,32554,
control,transfer_june,PEKAO,2017-06,xgboost,F5,S1,29,20,41f436b39bc5b8883dc2f9b954625a2826f7a8ad0cbc77b5b5ad97e40740f7c8,2017-06-20,-0.03178796289897638,-0.06783467516517876,2.2706196500779705,0.004017250659739634,0.005828923922800208,23184,
control,transfer_june,PEKAO,2017-06,xgboost,F5,S1,29,20,41f436b39bc5b8883dc2f9b954625a2826f7a8ad0cbc77b5b5ad97e40740f7c8,2017-06-21,-0.07128989604884689,-0.0644011039181828,2.1092581565474253,0.0025181794276280403,0.004928690954294021,20493,
control,transfer_june,PEKAO,2017-06,xgboost,F5,S1,29,20,41f436b39bc5b8883dc2f9b954625a2826f7a8ad0cbc77b5b5ad97e40740f7c8,2017-06-22,-0.055168637751118035,0.015146431629295071,3.0813466551212683,0.004048127496887704,0.009038206188130078,39145,
control,transfer_june,PEKAO,2017-06,xgboost,F5,S1,29,20,41f436b39bc5b8883dc2f9b954625a2826f7a8ad0cbc77b5b5ad97e40740f7c8,2017-06-23,-0.08478041915121212,-0.025583130021634762,2.887479492919328,0.004052763852675959,0.007206392310632332,15599,
control,transfer_june,PEKAO,2017-06,xgboost,F5,S1,29,20,41f436b39bc5b8883dc2f9b954625a2826f7a8ad0cbc77b5b5ad97e40740f7c8,2017-06-26,-0.08745979648086893,0.07546756341528907,2.80857532439232,0.003870876643100355,0.008230799240538156,28567,
control,transfer_june,PEKAO,2017-06,xgboost,F5,S1,29,20,41f436b39bc5b8883dc2f9b954625a2826f7a8ad0cbc77b5b5ad97e40740f7c8,2017-06-27,-0.0721441154478719,0.014478685860887833,2.410447576438714,0.004635481405858599,0.006219403351032734,18995,
control,transfer_june,PEKAO,2017-06,xgboost,F5,S1,29,20,41f436b39bc5b8883dc2f9b954625a2826f7a8ad0cbc77b5b5ad97e40740f7c8,2017-06-28,-0.07203137183517316,-0.04357375170702206,2.3710118633594894,0.004917394015468647,0.008542029247185882,16329,
control,transfer_june,PEKAO,2017-06,xgboost,F5,S1,29,20,41f436b39bc5b8883dc2f9b954625a2826f7a8ad0cbc77b5b5ad97e40740f7c8,2017-06-29,-0.12377889727566725,-0.13074983981005514,2.468569590843663,0.0039854990939839985,0.006279572061685478,26984,
control,transfer_june,PEKAO,2017-06,xgboost,F5,S1,29,20,41f436b39bc5b8883dc2f9b954625a2826f7a8ad0cbc77b5b5ad97e40740f7c8,2017-06-30,-0.07998151289326424,0.004699120132174423,2.0597032005247318,0.005041643857959466,0.007764605778574412,11598,
control,transfer_june,PEKAO,2017-06,xgboost,F5,S1,43,20,f49feeb345f26105e10f788c00de9e40cd22c709d6f6db88761b9b6733ef5a11,2017-06-01,-0.002566621878392376,-0.05461425477125064,2.653263469343923,0.003647312214824372,0.009510749485746352,21111,
control,transfer_june,PEKAO,2017-06,xgboost,F5,S1,43,20,f49feeb345f26105e10f788c00de9e40cd22c709d6f6db88761b9b6733ef5a11,2017-06-02,-0.0010519176479060009,-0.11311554422120125,3.1899241642821923,0.004672232996839775,0.00835947383728733,23814,
control,transfer_june,PEKAO,2017-06,xgboost,F5,S1,43,20,f49feeb345f26105e10f788c00de9e40cd22c709d6f6db88761b9b6733ef5a11,2017-06-05,-0.01704279188347796,-0.047347740366560545,2.795383140300547,0.0053238575020687975,0.007768912785734083,43770,
control,transfer_june,PEKAO,2017-06,xgboost,F5,S1,43,20,f49feeb345f26105e10f788c00de9e40cd22c709d6f6db88761b9b6733ef5a11,2017-06-06,0.019861998264919137,-0.012104617666658879,2.169860774327718,0.004209334588911272,0.009027370767292028,45480,
control,transfer_june,PEKAO,2017-06,xgboost,F5,S1,43,20,f49feeb345f26105e10f788c00de9e40cd22c709d6f6db88761b9b6733ef5a11,2017-06-07,-0.0017307670481635474,0.016550555856424218,2.6384914952138625,0.004717644545899568,0.007416349565992877,58647,
control,transfer_june,PEKAO,2017-06,xgboost,F5,S1,43,20,f49feeb345f26105e10f788c00de9e40cd22c709d6f6db88761b9b6733ef5a11,2017-06-08,-0.05766775787356454,0.0008103383707210801,2.2796732340048593,0.004412817132273881,0.008267580627286202,21750,
control,transfer_june,PEKAO,2017-06,xgboost,F5,S1,43,20,f49feeb345f26105e10f788c00de9e40cd22c709d6f6db88761b9b6733ef5a11,2017-06-09,-0.013074525565520067,-0.07546208075154724,2.594355443939396,0.004718434455212201,0.009071440792359053,25874,
control,transfer_june,PEKAO,2017-06,xgboost,F5,S1,43,20,f49feeb345f26105e10f788c00de9e40cd22c709d6f6db88761b9b6733ef5a11,2017-06-12,0.004722812238339516,-0.03023306474608259,3.0408193476116963,0.005329875869734426,0.008225664552269285,41331,
control,transfer_june,PEKAO,2017-06,xgboost,F5,S1,43,20,f49feeb345f26105e10f788c00de9e40cd22c709d6f6db88761b9b6733ef5a11,2017-06-13,-0.0009646760842216563,0.012170202771729956,2.5939330804235743,0.004713966610394602,0.007563710547987312,40896,
control,transfer_june,PEKAO,2017-06,xgboost,F5,S1,43,20,f49feeb345f26105e10f788c00de9e40cd22c709d6f6db88761b9b6733ef5a11,2017-06-14,-0.0205545177211114,0.005051973653838481,2.5703644854970977,0.004603644348277609,0.007154039444701928,63402,
control,transfer_june,PEKAO,2017-06,xgboost,F5,S1,43,20,f49feeb345f26105e10f788c00de9e40cd22c709d6f6db88761b9b6733ef5a11,2017-06-16,-0.01772528964792726,-0.05313206939630618,2.2872428205714876,0.004715650471466202,0.007907741031138853,37955,
control,transfer_june,PEKAO,2017-06,xgboost,F5,S1,43,20,f49feeb345f26105e10f788c00de9e40cd22c709d6f6db88761b9b6733ef5a11,2017-06-19,0.01388172756311905,-0.0300360673143298,2.5188414314922176,0.0047440801236852655,0.00708609748825207,32554,
control,transfer_june,PEKAO,2017-06,xgboost,F5,S1,43,20,f49feeb345f26105e10f788c00de9e40cd22c709d6f6db88761b9b6733ef5a11,2017-06-20,-0.054102461485900276,-0.06783467516517876,2.2706196500779705,0.005484943939126248,0.006616908671173308,23184,
control,transfer_june,PEKAO,2017-06,xgboost,F5,S1,43,20,f49feeb345f26105e10f788c00de9e40cd22c709d6f6db88761b9b6733ef5a11,2017-06-21,0.021874598909608002,-0.0644011039181828,2.1092581565474253,0.004385288653821,0.006081966407189295,20493,
control,transfer_june,PEKAO,2017-06,xgboost,F5,S1,43,20,f49feeb345f26105e10f788c00de9e40cd22c709d6f6db88761b9b6733ef5a11,2017-06-22,0.005123857202162668,0.015146431629295071,3.0813466551212683,0.003942923232194986,0.00881556521882425,39145,
control,transfer_june,PEKAO,2017-06,xgboost,F5,S1,43,20,f49feeb345f26105e10f788c00de9e40cd22c709d6f6db88761b9b6733ef5a11,2017-06-23,-0.008096524617880602,-0.025583130021634762,2.887479492919328,0.0048833389041886945,0.007670686499693903,15599,
control,transfer_june,PEKAO,2017-06,xgboost,F5,S1,43,20,f49feeb345f26105e10f788c00de9e40cd22c709d6f6db88761b9b6733ef5a11,2017-06-26,0.04948636012128012,0.07546756341528907,2.80857532439232,0.003693970876499446,0.00872496225736505,28567,
control,transfer_june,PEKAO,2017-06,xgboost,F5,S1,43,20,f49feeb345f26105e10f788c00de9e40cd22c709d6f6db88761b9b6733ef5a11,2017-06-27,0.00600129598769089,0.014478685860887833,2.410447576438714,0.004398125749354469,0.006332068253065775,18995,
control,transfer_june,PEKAO,2017-06,xgboost,F5,S1,43,20,f49feeb345f26105e10f788c00de9e40cd22c709d6f6db88761b9b6733ef5a11,2017-06-28,0.07370748159406564,-0.04357375170702206,2.3710118633594894,0.0036769404183522023,0.0077740225339806785,16329,
control,transfer_june,PEKAO,2017-06,xgboost,F5,S1,43,20,f49feeb345f26105e10f788c00de9e40cd22c709d6f6db88761b9b6733ef5a11,2017-06-29,0.015841080624167364,-0.13074983981005514,2.468569590843663,0.004256711269850259,0.00737124188340167,26984,
control,transfer_june,PEKAO,2017-06,xgboost,F5,S1,43,20,f49feeb345f26105e10f788c00de9e40cd22c709d6f6db88761b9b6733ef5a11,2017-06-30,0.08752717773799461,0.004699120132174423,2.0597032005247318,0.004770145965736872,0.006748051952074368,11598,
control,transfer_june,PEKAO,2017-06,xgboost,F5,S1,71,20,f27705658fdb42064ad3ec3f5decc43e3282693915739b35c6ae42e6b058397b,2017-06-01,-0.0695263578189964,-0.05461425477125064,2.653263469343923,0.0059313702668226526,0.0097903805253855,21111,
control,transfer_june,PEKAO,2017-06,xgboost,F5,S1,71,20,f27705658fdb42064ad3ec3f5decc43e3282693915739b35c6ae42e6b058397b,2017-06-02,-0.029058664861386606,-0.11311554422120125,3.1899241642821923,0.003979386919419914,0.007431854125895291,23814,
control,transfer_june,PEKAO,2017-06,xgboost,F5,S1,71,20,f27705658fdb42064ad3ec3f5decc43e3282693915739b35c6ae42e6b058397b,2017-06-05,0.0011746499897872305,-0.047347740366560545,2.795383140300547,0.00485012262516185,0.007805777514141197,43770,
control,transfer_june,PEKAO,2017-06,xgboost,F5,S1,71,20,f27705658fdb42064ad3ec3f5decc43e3282693915739b35c6ae42e6b058397b,2017-06-06,-0.043463133111377825,-0.012104617666658879,2.169860774327718,0.005261380919350537,0.009171257924056493,45480,
control,transfer_june,PEKAO,2017-06,xgboost,F5,S1,71,20,f27705658fdb42064ad3ec3f5decc43e3282693915739b35c6ae42e6b058397b,2017-06-07,0.05068007557300232,0.016550555856424218,2.6384914952138625,0.004077547252356399,0.007556381965269006,58647,
control,transfer_june,PEKAO,2017-06,xgboost,F5,S1,71,20,f27705658fdb42064ad3ec3f5decc43e3282693915739b35c6ae42e6b058397b,2017-06-08,-0.0004930721445779981,0.0008103383707210801,2.2796732340048593,0.004710198097819484,0.007196450312254257,21750,
control,transfer_june,PEKAO,2017-06,xgboost,F5,S1,71,20,f27705658fdb42064ad3ec3f5decc43e3282693915739b35c6ae42e6b058397b,2017-06-09,-0.020782164498037266,-0.07546208075154724,2.594355443939396,0.004447601989569321,0.008016204026308486,25874,
control,transfer_june,PEKAO,2017-06,xgboost,F5,S1,71,20,f27705658fdb42064ad3ec3f5decc43e3282693915739b35c6ae42e6b058397b,2017-06-12,-0.029461106019696648,-0.03023306474608259,3.0408193476116963,0.003518744509318163,0.008062490220128721,41331,
control,transfer_june,PEKAO,2017-06,xgboost,F5,S1,71,20,f27705658fdb42064ad3ec3f5decc43e3282693915739b35c6ae42e6b058397b,2017-06-13,-0.018073863606690485,0.012170202771729956,2.5939330804235743,0.003859974747994018,0.007526242477076091,40896,
control,transfer_june,PEKAO,2017-06,xgboost,F5,S1,71,20,f27705658fdb42064ad3ec3f5decc43e3282693915739b35c6ae42e6b058397b,2017-06-14,-0.02101527271940221,0.005051973653838481,2.5703644854970977,0.003673548216844474,0.00721481814892292,63402,
control,transfer_june,PEKAO,2017-06,xgboost,F5,S1,71,20,f27705658fdb42064ad3ec3f5decc43e3282693915739b35c6ae42e6b058397b,2017-06-16,-0.022246640014951653,-0.05313206939630618,2.2872428205714876,0.004071388049507564,0.009546695192530657,37955,
control,transfer_june,PEKAO,2017-06,xgboost,F5,S1,71,20,f27705658fdb42064ad3ec3f5decc43e3282693915739b35c6ae42e6b058397b,2017-06-19,0.006398885968086583,-0.0300360673143298,2.5188414314922176,0.0044977512240675106,0.007615879814353892,32554,
control,transfer_june,PEKAO,2017-06,xgboost,F5,S1,71,20,f27705658fdb42064ad3ec3f5decc43e3282693915739b35c6ae42e6b058397b,2017-06-20,-0.040642584680231075,-0.06783467516517876,2.2706196500779705,0.003725843397005695,0.0074955435593895585,23184,
control,transfer_june,PEKAO,2017-06,xgboost,F5,S1,71,20,f27705658fdb42064ad3ec3f5decc43e3282693915739b35c6ae42e6b058397b,2017-06-21,0.02702880868100223,-0.0644011039181828,2.1092581565474253,0.004665866312031654,0.0062845865862753035,20493,
control,transfer_june,PEKAO,2017-06,xgboost,F5,S1,71,20,f27705658fdb42064ad3ec3f5decc43e3282693915739b35c6ae42e6b058397b,2017-06-22,-0.02554593024619144,0.015146431629295071,3.0813466551212683,0.0032899355917499528,0.009178007206029742,39145,
control,transfer_june,PEKAO,2017-06,xgboost,F5,S1,71,20,f27705658fdb42064ad3ec3f5decc43e3282693915739b35c6ae42e6b058397b,2017-06-23,-0.028606643497122906,-0.025583130021634762,2.887479492919328,0.004207232657662845,0.007957641619015287,15599,
control,transfer_june,PEKAO,2017-06,xgboost,F5,S1,71,20,f27705658fdb42064ad3ec3f5decc43e3282693915739b35c6ae42e6b058397b,2017-06-26,0.09278915818247457,0.07546756341528907,2.80857532439232,0.005820920492262292,0.008084423070517528,28567,
control,transfer_june,PEKAO,2017-06,xgboost,F5,S1,71,20,f27705658fdb42064ad3ec3f5decc43e3282693915739b35c6ae42e6b058397b,2017-06-27,-0.023469884625557814,0.014478685860887833,2.410447576438714,0.004145071425561718,0.006134503619703508,18995,
control,transfer_june,PEKAO,2017-06,xgboost,F5,S1,71,20,f27705658fdb42064ad3ec3f5decc43e3282693915739b35c6ae42e6b058397b,2017-06-28,0.021861002911149424,-0.04357375170702206,2.3710118633594894,0.004088342316178115,0.006841393497153324,16329,
control,transfer_june,PEKAO,2017-06,xgboost,F5,S1,71,20,f27705658fdb42064ad3ec3f5decc43e3282693915739b35c6ae42e6b058397b,2017-06-29,0.00549811533048045,-0.13074983981005514,2.468569590843663,0.0037982195533953276,0.006095939989645788,26984,
control,transfer_june,PEKAO,2017-06,xgboost,F5,S1,71,20,f27705658fdb42064ad3ec3f5decc43e3282693915739b35c6ae42e6b058397b,2017-06-30,-0.00571657455318279,0.004699120132174423,2.0597032005247318,0.004522162928333649,0.006533664681018108,11598,
control,transfer_june,PKNORLEN,2017-06,xgboost,F5,S0,7,20,0f6a1f20fbbbf7f594ced9edf53d45343f493df056a0c5002781f20476d3f9d1,2017-06-01,0.022409208340722634,-0.04818218502668497,2.6046983753914166,0.004534878742012047,0.013799325058127141,42369,
control,transfer_june,PKNORLEN,2017-06,xgboost,F5,S0,7,20,0f6a1f20fbbbf7f594ced9edf53d45343f493df056a0c5002781f20476d3f9d1,2017-06-02,0.042992540722309645,-0.11188662379759025,2.4554024048287633,0.005714403756884092,0.011776255022719772,26703,
control,transfer_june,PKNORLEN,2017-06,xgboost,F5,S0,7,20,0f6a1f20fbbbf7f594ced9edf53d45343f493df056a0c5002781f20476d3f9d1,2017-06-05,0.04001620510075069,-0.09489759138470323,2.8623247482548337,0.005006851040798177,0.012544274586866867,33028,
control,transfer_june,PKNORLEN,2017-06,xgboost,F5,S0,7,20,0f6a1f20fbbbf7f594ced9edf53d45343f493df056a0c5002781f20476d3f9d1,2017-06-06,0.020011598394045232,0.08471870702400602,2.614283515530225,0.006815211294961981,0.010112344641742951,41866,
control,transfer_june,PKNORLEN,2017-06,xgboost,F5,S0,7,20,0f6a1f20fbbbf7f594ced9edf53d45343f493df056a0c5002781f20476d3f9d1,2017-06-07,0.051825516760696765,-0.03668231779045292,2.596121177632861,-0.002636800612415068,0.010479861726490906,39617,
control,transfer_june,PKNORLEN,2017-06,xgboost,F5,S0,7,20,0f6a1f20fbbbf7f594ced9edf53d45343f493df056a0c5002781f20476d3f9d1,2017-06-08,0.0660389757095403,0.1049699560521267,2.2754981839206456,-0.00033212341614547,0.009492901632295526,38788,
control,transfer_june,PKNORLEN,2017-06,xgboost,F5,S0,7,20,0f6a1f20fbbbf7f594ced9edf53d45343f493df056a0c5002781f20476d3f9d1,2017-06-09,0.07153501501651235,-0.020107517843811745,2.0906922607261254,-0.0012604485404232495,0.00890040372464071,28484,
control,transfer_june,PKNORLEN,2017-06,xgboost,F5,S0,7,20,0f6a1f20fbbbf7f594ced9edf53d45343f493df056a0c5002781f20476d3f9d1,2017-06-12,0.03653757468043438,-0.04855873183452575,2.8656739690922595,0.0008824970076939744,0.010516016890415916,38412,
control,transfer_june,PKNORLEN,2017-06,xgboost,F5,S0,7,20,0f6a1f20fbbbf7f594ced9edf53d45343f493df056a0c5002781f20476d3f9d1,2017-06-13,0.020255857796232412,0.017689133060419943,2.6806503246595113,-0.0007737977470242619,0.011720041278104385,58763,
control,transfer_june,PKNORLEN,2017-06,xgboost,F5,S0,7,20,0f6a1f20fbbbf7f594ced9edf53d45343f493df056a0c5002781f20476d3f9d1,2017-06-14,0.09550621642514909,0.0484293921989836,2.45585389905757,0.001587002357617485,0.010078803064093608,28561,
control,transfer_june,PKNORLEN,2017-06,xgboost,F5,S0,7,20,0f6a1f20fbbbf7f594ced9edf53d45343f493df056a0c5002781f20476d3f9d1,2017-06-16,0.06583452604413698,0.034188536958961645,2.7948581561993957,0.000888555489460097,0.010084373774003844,56888,
control,transfer_june,PKNORLEN,2017-06,xgboost,F5,S0,7,20,0f6a1f20fbbbf7f594ced9edf53d45343f493df056a0c5002781f20476d3f9d1,2017-06-19,0.09018804878983815,0.13492762545703588,3.1142895794471355,0.0010750500678520115,0.010678297767195078,27091,
control,transfer_june,PKNORLEN,2017-06,xgboost,F5,S0,7,20,0f6a1f20fbbbf7f594ced9edf53d45343f493df056a0c5002781f20476d3f9d1,2017-06-20,0.05916274513246872,-0.009178641505414233,2.5581575469388613,-0.008379675129858223,0.010145213118176366,28630,
control,transfer_june,PKNORLEN,2017-06,xgboost,F5,S0,7,20,0f6a1f20fbbbf7f594ced9edf53d45343f493df056a0c5002781f20476d3f9d1,2017-06-21,0.12209528706942853,0.14858694842492334,3.2156675514757582,-0.0033626987924733264,0.010508894831176206,36656,
control,transfer_june,PKNORLEN,2017-06,xgboost,F5,S0,7,20,0f6a1f20fbbbf7f594ced9edf53d45343f493df056a0c5002781f20476d3f9d1,2017-06-22,0.10832147978891145,-0.04574632884950888,2.6611511975016895,-0.0066998088707845155,0.010712276014877928,45110,
control,transfer_june,PKNORLEN,2017-06,xgboost,F5,S0,7,20,0f6a1f20fbbbf7f594ced9edf53d45343f493df056a0c5002781f20476d3f9d1,2017-06-23,0.06701979783930571,0.02256723441841875,3.6968251086014154,-0.006471025958683154,0.015442854383996401,45471,
control,transfer_june,PKNORLEN,2017-06,xgboost,F5,S0,7,20,0f6a1f20fbbbf7f594ced9edf53d45343f493df056a0c5002781f20476d3f9d1,2017-06-26,0.033655232737975806,-0.02297801654132305,2.826460397394382,-0.00797006828093061,0.01150296550159344,85272,
control,transfer_june,PKNORLEN,2017-06,xgboost,F5,S0,7,20,0f6a1f20fbbbf7f594ced9edf53d45343f493df056a0c5002781f20476d3f9d1,2017-06-27,0.09183088456842002,-0.022947420867021874,2.81450954027457,0.0018168594577828569,0.00967841414367845,38992,
control,transfer_june,PKNORLEN,2017-06,xgboost,F5,S0,7,20,0f6a1f20fbbbf7f594ced9edf53d45343f493df056a0c5002781f20476d3f9d1,2017-06-28,0.08057296588782789,-0.07278827013853552,2.539510717473494,0.0021948569936836287,0.00879919415028446,32746,
control,transfer_june,PKNORLEN,2017-06,xgboost,F5,S0,7,20,0f6a1f20fbbbf7f594ced9edf53d45343f493df056a0c5002781f20476d3f9d1,2017-06-29,0.13329117832924808,0.053797778198654396,2.496122634706842,0.0018163050649221402,0.009031217348793173,49386,
control,transfer_june,PKNORLEN,2017-06,xgboost,F5,S0,7,20,0f6a1f20fbbbf7f594ced9edf53d45343f493df056a0c5002781f20476d3f9d1,2017-06-30,0.14865730745477193,-0.011725000995400307,2.7319118036360828,0.001499224091466708,0.009267392300008517,40147,
control,transfer_june,PKNORLEN,2017-06,xgboost,F5,S0,17,20,3282920d96dc4000caf3d490c9cce5ec0b95b397200981fb621cc5cc4f55be7a,2017-06-01,0.02888889438489077,-0.04818218502668497,2.6046983753914166,0.0078104112870446005,0.014093133519762062,42369,
control,transfer_june,PKNORLEN,2017-06,xgboost,F5,S0,17,20,3282920d96dc4000caf3d490c9cce5ec0b95b397200981fb621cc5cc4f55be7a,2017-06-02,0.08650040429838259,-0.11188662379759025,2.4554024048287633,0.011755131761424627,0.01275916413991269,26703,
control,transfer_june,PKNORLEN,2017-06,xgboost,F5,S0,17,20,3282920d96dc4000caf3d490c9cce5ec0b95b397200981fb621cc5cc4f55be7a,2017-06-05,0.07600632274482201,-0.09489759138470323,2.8623247482548337,0.007524846446572883,0.013480545551044977,33028,
control,transfer_june,PKNORLEN,2017-06,xgboost,F5,S0,17,20,3282920d96dc4000caf3d490c9cce5ec0b95b397200981fb621cc5cc4f55be7a,2017-06-06,0.02136735075826987,0.08471870702400602,2.614283515530225,0.011170951461145445,0.01302453118836234,41866,
control,transfer_june,PKNORLEN,2017-06,xgboost,F5,S0,17,20,3282920d96dc4000caf3d490c9cce5ec0b95b397200981fb621cc5cc4f55be7a,2017-06-07,0.07048966068687078,-0.03668231779045292,2.596121177632861,-0.0028846407452973923,0.008891373034349927,39617,
control,transfer_june,PKNORLEN,2017-06,xgboost,F5,S0,17,20,3282920d96dc4000caf3d490c9cce5ec0b95b397200981fb621cc5cc4f55be7a,2017-06-08,0.09665268781120454,0.1049699560521267,2.2754981839206456,3.539923447474985e-05,0.008588732513085257,38788,
control,transfer_june,PKNORLEN,2017-06,xgboost,F5,S0,17,20,3282920d96dc4000caf3d490c9cce5ec0b95b397200981fb621cc5cc4f55be7a,2017-06-09,0.06743983517446968,-0.020107517843811745,2.0906922607261254,0.0003160446949978395,0.0073991539123563505,28484,
control,transfer_june,PKNORLEN,2017-06,xgboost,F5,S0,17,20,3282920d96dc4000caf3d490c9cce5ec0b95b397200981fb621cc5cc4f55be7a,2017-06-12,0.08189195067987988,-0.04855873183452575,2.8656739690922595,0.0017851612737197105,0.010259770195152555,38412,
control,transfer_june,PKNORLEN,2017-06,xgboost,F5,S0,17,20,3282920d96dc4000caf3d490c9cce5ec0b95b397200981fb621cc5cc4f55be7a,2017-06-13,0.1127290437677089,0.017689133060419943,2.6806503246595113,-0.001098740715284986,0.012385094110323102,58763,
control,transfer_june,PKNORLEN,2017-06,xgboost,F5,S0,17,20,3282920d96dc4000caf3d490c9cce5ec0b95b397200981fb621cc5cc4f55be7a,2017-06-14,0.09816583517858794,0.0484293921989836,2.45585389905757,0.004071620111545921,0.009648383470971874,28561,
control,transfer_june,PKNORLEN,2017-06,xgboost,F5,S0,17,20,3282920d96dc4000caf3d490c9cce5ec0b95b397200981fb621cc5cc4f55be7a,2017-06-16,0.06362080018183214,0.034188536958961645,2.7948581561993957,0.0032310624117172287,0.010489825563950263,56888,
control,transfer_june,PKNORLEN,2017-06,xgboost,F5,S0,17,20,3282920d96dc4000caf3d490c9cce5ec0b95b397200981fb621cc5cc4f55be7a,2017-06-19,0.10792260705077615,0.13492762545703588,3.1142895794471355,0.001570405957600604,0.012165962153990878,27091,
control,transfer_june,PKNORLEN,2017-06,xgboost,F5,S0,17,20,3282920d96dc4000caf3d490c9cce5ec0b95b397200981fb621cc5cc4f55be7a,2017-06-20,0.0929252958144179,-0.009178641505414233,2.5581575469388613,-0.006016530579725658,0.009210891353207048,28630,
control,transfer_june,PKNORLEN,2017-06,xgboost,F5,S0,17,20,3282920d96dc4000caf3d490c9cce5ec0b95b397200981fb621cc5cc4f55be7a,2017-06-21,0.13421689416805527,0.14858694842492334,3.2156675514757582,-0.0014009870490606423,0.011689663374274468,36656,
control,transfer_june,PKNORLEN,2017-06,xgboost,F5,S0,17,20,3282920d96dc4000caf3d490c9cce5ec0b95b397200981fb621cc5cc4f55be7a,2017-06-22,0.07623533924830461,-0.04574632884950888,2.6611511975016895,-0.005250867092381148,0.009814037238437406,45110,
control,transfer_june,PKNORLEN,2017-06,xgboost,F5,S0,17,20,3282920d96dc4000caf3d490c9cce5ec0b95b397200981fb621cc5cc4f55be7a,2017-06-23,0.041875515687301586,0.02256723441841875,3.6968251086014154,-0.006639000848483971,0.014679216012486954,45471,
control,transfer_june,PKNORLEN,2017-06,xgboost,F5,S0,17,20,3282920d96dc4000caf3d490c9cce5ec0b95b397200981fb621cc5cc4f55be7a,2017-06-26,0.041481756733824135,-0.02297801654132305,2.826460397394382,-0.005687476323699684,0.012524279889727393,85272,
control,transfer_june,PKNORLEN,2017-06,xgboost,F5,S0,17,20,3282920d96dc4000caf3d490c9cce5ec0b95b397200981fb621cc5cc4f55be7a,2017-06-27,0.10040049374229734,-0.022947420867021874,2.81450954027457,0.004111483478695586,0.009140061719276737,38992,
control,transfer_june,PKNORLEN,2017-06,xgboost,F5,S0,17,20,3282920d96dc4000caf3d490c9cce5ec0b95b397200981fb621cc5cc4f55be7a,2017-06-28,0.12230071188619104,-0.07278827013853552,2.539510717473494,0.004255939801863779,0.007962571737722348,32746,
control,transfer_june,PKNORLEN,2017-06,xgboost,F5,S0,17,20,3282920d96dc4000caf3d490c9cce5ec0b95b397200981fb621cc5cc4f55be7a,2017-06-29,0.12088502297398272,0.053797778198654396,2.496122634706842,0.003773922471232866,0.009233240820885842,49386,
control,transfer_june,PKNORLEN,2017-06,xgboost,F5,S0,17,20,3282920d96dc4000caf3d490c9cce5ec0b95b397200981fb621cc5cc4f55be7a,2017-06-30,0.1439993602825441,-0.011725000995400307,2.7319118036360828,0.00406282329424751,0.00872592757086374,40147,
control,transfer_june,PKNORLEN,2017-06,xgboost,F5,S0,29,20,f721e1400302893848d7fb10136b3d34d8f184a64f6322212a9c90a39b2b2579,2017-06-01,0.013745921225413531,-0.04818218502668497,2.6046983753914166,0.009397288726244384,0.01382132932400159,42369,
control,transfer_june,PKNORLEN,2017-06,xgboost,F5,S0,29,20,f721e1400302893848d7fb10136b3d34d8f184a64f6322212a9c90a39b2b2579,2017-06-02,0.020084604570950754,-0.11188662379759025,2.4554024048287633,0.010597926707562967,0.011267734968616078,26703,
control,transfer_june,PKNORLEN,2017-06,xgboost,F5,S0,29,20,f721e1400302893848d7fb10136b3d34d8f184a64f6322212a9c90a39b2b2579,2017-06-05,0.031375912529026495,-0.09489759138470323,2.8623247482548337,0.008330079582818445,0.01271972639897207,33028,
control,transfer_june,PKNORLEN,2017-06,xgboost,F5,S0,29,20,f721e1400302893848d7fb10136b3d34d8f184a64f6322212a9c90a39b2b2579,2017-06-06,0.00861574907944452,0.08471870702400602,2.614283515530225,0.011408991955387273,0.011020518135333139,41866,
control,transfer_june,PKNORLEN,2017-06,xgboost,F5,S0,29,20,f721e1400302893848d7fb10136b3d34d8f184a64f6322212a9c90a39b2b2579,2017-06-07,0.041636737389689656,-0.03668231779045292,2.596121177632861,-0.003875575819679648,0.011626208690497472,39617,
control,transfer_june,PKNORLEN,2017-06,xgboost,F5,S0,29,20,f721e1400302893848d7fb10136b3d34d8f184a64f6322212a9c90a39b2b2579,2017-06-08,0.0643796398395359,0.1049699560521267,2.2754981839206456,-0.0016831691060873605,0.010764767426450638,38788,
control,transfer_june,PKNORLEN,2017-06,xgboost,F5,S0,29,20,f721e1400302893848d7fb10136b3d34d8f184a64f6322212a9c90a39b2b2579,2017-06-09,0.08504649377751032,-0.020107517843811745,2.0906922607261254,-0.003232089586549026,0.01089817505871693,28484,
control,transfer_june,PKNORLEN,2017-06,xgboost,F5,S0,29,20,f721e1400302893848d7fb10136b3d34d8f184a64f6322212a9c90a39b2b2579,2017-06-12,0.009218755949545899,-0.04855873183452575,2.8656739690922595,3.304753102214548e-05,0.01129905535304197,38412,
control,transfer_june,PKNORLEN,2017-06,xgboost,F5,S0,29,20,f721e1400302893848d7fb10136b3d34d8f184a64f6322212a9c90a39b2b2579,2017-06-13,0.024259463744559326,0.017689133060419943,2.6806503246595113,-0.002583608453904705,0.011241943769673505,58763,
control,transfer_june,PKNORLEN,2017-06,xgboost,F5,S0,29,20,f721e1400302893848d7fb10136b3d34d8f184a64f6322212a9c90a39b2b2579,2017-06-14,0.09310548733727286,0.0484293921989836,2.45585389905757,0.0008053522567568938,0.010467184711326042,28561,
control,transfer_june,PKNORLEN,2017-06,xgboost,F5,S0,29,20,f721e1400302893848d7fb10136b3d34d8f184a64f6322212a9c90a39b2b2579,2017-06-16,0.046337033218931525,0.034188536958961645,2.7948581561993957,2.3235410213426714e-05,0.01044057747914344,56888,
control,transfer_june,PKNORLEN,2017-06,xgboost,F5,S0,29,20,f721e1400302893848d7fb10136b3d34d8f184a64f6322212a9c90a39b2b2579,2017-06-19,0.07284330214755862,0.13492762545703588,3.1142895794471355,0.0007073709435686994,0.010675673942782713,27091,
control,transfer_june,PKNORLEN,2017-06,xgboost,F5,S0,29,20,f721e1400302893848d7fb10136b3d34d8f184a64f6322212a9c90a39b2b2579,2017-06-20,0.08544863015721124,-0.009178641505414233,2.5581575469388613,-0.004905035977259635,0.009199813494481767,28630,
control,transfer_june,PKNORLEN,2017-06,xgboost,F5,S0,29,20,f721e1400302893848d7fb10136b3d34d8f184a64f6322212a9c90a39b2b2579,2017-06-21,0.048677223766680724,0.14858694842492334,3.2156675514757582,-0.003076134013999727,0.010866215690090825,36656,
control,transfer_june,PKNORLEN,2017-06,xgboost,F5,S0,29,20,f721e1400302893848d7fb10136b3d34d8f184a64f6322212a9c90a39b2b2579,2017-06-22,0.06378693597656061,-0.04574632884950888,2.6611511975016895,-0.004602165009217996,0.010180737135569665,45110,
control,transfer_june,PKNORLEN,2017-06,xgboost,F5,S0,29,20,f721e1400302893848d7fb10136b3d34d8f184a64f6322212a9c90a39b2b2579,2017-06-23,0.05520100113911943,0.02256723441841875,3.6968251086014154,-0.004529503652209576,0.014380736029439095,45471,
control,transfer_june,PKNORLEN,2017-06,xgboost,F5,S0,29,20,f721e1400302893848d7fb10136b3d34d8f184a64f6322212a9c90a39b2b2579,2017-06-26,0.01557970889394206,-0.02297801654132305,2.826460397394382,-0.006516662127980682,0.011337369191469153,85272,
control,transfer_june,PKNORLEN,2017-06,xgboost,F5,S0,29,20,f721e1400302893848d7fb10136b3d34d8f184a64f6322212a9c90a39b2b2579,2017-06-27,0.11053582142850847,-0.022947420867021874,2.81450954027457,0.001014709871045532,0.01048618127059269,38992,
control,transfer_june,PKNORLEN,2017-06,xgboost,F5,S0,29,20,f721e1400302893848d7fb10136b3d34d8f184a64f6322212a9c90a39b2b2579,2017-06-28,0.1293446043441309,-0.07278827013853552,2.539510717473494,0.0017203168089603435,0.008449930722971856,32746,
control,transfer_june,PKNORLEN,2017-06,xgboost,F5,S0,29,20,f721e1400302893848d7fb10136b3d34d8f184a64f6322212a9c90a39b2b2579,2017-06-29,0.11980851496809526,0.053797778198654396,2.496122634706842,0.0007728084669035558,0.009678734088948754,49386,
control,transfer_june,PKNORLEN,2017-06,xgboost,F5,S0,29,20,f721e1400302893848d7fb10136b3d34d8f184a64f6322212a9c90a39b2b2579,2017-06-30,0.17730423525387476,-0.011725000995400307,2.7319118036360828,0.0012342012696074211,0.010325561669897667,40147,
control,transfer_june,PKNORLEN,2017-06,xgboost,F5,S0,43,20,853e16e0a26d68df4a5004b38869fd8cb062a967068c16a43f79de2a9d7f9794,2017-06-01,0.018939114034980976,-0.04818218502668497,2.6046983753914166,0.007246304490368989,0.012055126529640175,42369,
control,transfer_june,PKNORLEN,2017-06,xgboost,F5,S0,43,20,853e16e0a26d68df4a5004b38869fd8cb062a967068c16a43f79de2a9d7f9794,2017-06-02,0.07893303976284835,-0.11188662379759025,2.4554024048287633,0.008877502977273627,0.01010955140900185,26703,
control,transfer_june,PKNORLEN,2017-06,xgboost,F5,S0,43,20,853e16e0a26d68df4a5004b38869fd8cb062a967068c16a43f79de2a9d7f9794,2017-06-05,0.08134568128834462,-0.09489759138470323,2.8623247482548337,0.0073894355653778285,0.010715383271476309,33028,
control,transfer_june,PKNORLEN,2017-06,xgboost,F5,S0,43,20,853e16e0a26d68df4a5004b38869fd8cb062a967068c16a43f79de2a9d7f9794,2017-06-06,0.0396899187814644,0.08471870702400602,2.614283515530225,0.01008267039160839,0.00996669679039573,41866,
control,transfer_june,PKNORLEN,2017-06,xgboost,F5,S0,43,20,853e16e0a26d68df4a5004b38869fd8cb062a967068c16a43f79de2a9d7f9794,2017-06-07,0.06840203350576195,-0.03668231779045292,2.596121177632861,-0.0012294563714618039,0.007453009843998959,39617,
control,transfer_june,PKNORLEN,2017-06,xgboost,F5,S0,43,20,853e16e0a26d68df4a5004b38869fd8cb062a967068c16a43f79de2a9d7f9794,2017-06-08,0.09909662939929437,0.1049699560521267,2.2754981839206456,0.00011520709401032869,0.007250895530979466,38788,
control,transfer_june,PKNORLEN,2017-06,xgboost,F5,S0,43,20,853e16e0a26d68df4a5004b38869fd8cb062a967068c16a43f79de2a9d7f9794,2017-06-09,0.09248111424010502,-0.020107517843811745,2.0906922607261254,-8.204753611751058e-05,0.007200099751499373,28484,
control,transfer_june,PKNORLEN,2017-06,xgboost,F5,S0,43,20,853e16e0a26d68df4a5004b38869fd8cb062a967068c16a43f79de2a9d7f9794,2017-06-12,0.05171590455939988,-0.04855873183452575,2.8656739690922595,0.0006459096861500062,0.008462998221735994,38412,
control,transfer_june,PKNORLEN,2017-06,xgboost,F5,S0,43,20,853e16e0a26d68df4a5004b38869fd8cb062a967068c16a43f79de2a9d7f9794,2017-06-13,-0.023634920501479056,0.017689133060419943,2.6806503246595113,-0.0010228752435547778,0.010595631583366011,58763,
control,transfer_june,PKNORLEN,2017-06,xgboost,F5,S0,43,20,853e16e0a26d68df4a5004b38869fd8cb062a967068c16a43f79de2a9d7f9794,2017-06-14,0.10387721492978794,0.0484293921989836,2.45585389905757,0.003066755258226,0.009054131198236141,28561,
control,transfer_june,PKNORLEN,2017-06,xgboost,F5,S0,43,20,853e16e0a26d68df4a5004b38869fd8cb062a967068c16a43f79de2a9d7f9794,2017-06-16,0.04406443989532447,0.034188536958961645,2.7948581561993957,0.0018834237313684052,0.009055945773899326,56888,
control,transfer_june,PKNORLEN,2017-06,xgboost,F5,S0,43,20,853e16e0a26d68df4a5004b38869fd8cb062a967068c16a43f79de2a9d7f9794,2017-06-19,0.03934827049379254,0.13492762545703588,3.1142895794471355,0.0009666939287013523,0.00937348188104212,27091,
control,transfer_june,PKNORLEN,2017-06,xgboost,F5,S0,43,20,853e16e0a26d68df4a5004b38869fd8cb062a967068c16a43f79de2a9d7f9794,2017-06-20,-0.017508847339135002,-0.009178641505414233,2.5581575469388613,-0.004607575857531054,0.010355442419990857,28630,
control,transfer_june,PKNORLEN,2017-06,xgboost,F5,S0,43,20,853e16e0a26d68df4a5004b38869fd8cb062a967068c16a43f79de2a9d7f9794,2017-06-21,0.025335846935213475,0.14858694842492334,3.2156675514757582,-0.0023354989251293426,0.011258756533404845,36656,
control,transfer_june,PKNORLEN,2017-06,xgboost,F5,S0,43,20,853e16e0a26d68df4a5004b38869fd8cb062a967068c16a43f79de2a9d7f9794,2017-06-22,0.01219240051612565,-0.04574632884950888,2.6611511975016895,-0.005788287274545458,0.010456727125511694,45110,
control,transfer_june,PKNORLEN,2017-06,xgboost,F5,S0,43,20,853e16e0a26d68df4a5004b38869fd8cb062a967068c16a43f79de2a9d7f9794,2017-06-23,-0.025276962047737675,0.02256723441841875,3.6968251086014154,-0.005727313153148491,0.014737215158276277,45471,
control,transfer_june,PKNORLEN,2017-06,xgboost,F5,S0,43,20,853e16e0a26d68df4a5004b38869fd8cb062a967068c16a43f79de2a9d7f9794,2017-06-26,0.08836494608248233,-0.02297801654132305,2.826460397394382,-0.007134371047904463,0.011611584199076264,85272,
control,transfer_june,PKNORLEN,2017-06,xgboost,F5,S0,43,20,853e16e0a26d68df4a5004b38869fd8cb062a967068c16a43f79de2a9d7f9794,2017-06-27,0.04814802531030761,-0.022947420867021874,2.81450954027457,0.002708508494604057,0.00827755729236526,38992,
control,transfer_june,PKNORLEN,2017-06,xgboost,F5,S0,43,20,853e16e0a26d68df4a5004b38869fd8cb062a967068c16a43f79de2a9d7f9794,2017-06-28,0.09305916996908047,-0.07278827013853552,2.539510717473494,0.0032612644391634828,0.007426734965628815,32746,
control,transfer_june,PKNORLEN,2017-06,xgboost,F5,S0,43,20,853e16e0a26d68df4a5004b38869fd8cb062a967068c16a43f79de2a9d7f9794,2017-06-29,0.11052097901922184,0.053797778198654396,2.496122634706842,0.0034285751613866568,0.007836530252129912,49386,
control,transfer_june,PKNORLEN,2017-06,xgboost,F5,S0,43,20,853e16e0a26d68df4a5004b38869fd8cb062a967068c16a43f79de2a9d7f9794,2017-06-30,0.12456524207713471,-0.011725000995400307,2.7319118036360828,0.0019781591087073736,0.008222567402691656,40147,
control,transfer_june,PKNORLEN,2017-06,xgboost,F5,S0,71,20,b8fb933d8ed0b35ecf0b2a5608f7a2296447ed63e4dd58255d684d5d8748bf91,2017-06-01,0.04054191647531946,-0.04818218502668497,2.6046983753914166,0.007262817734390212,0.012189205296387602,42369,
control,transfer_june,PKNORLEN,2017-06,xgboost,F5,S0,71,20,b8fb933d8ed0b35ecf0b2a5608f7a2296447ed63e4dd58255d684d5d8748bf91,2017-06-02,-0.007544531511661938,-0.11188662379759025,2.4554024048287633,0.009425157769259332,0.010205893621288514,26703,
control,transfer_june,PKNORLEN,2017-06,xgboost,F5,S0,71,20,b8fb933d8ed0b35ecf0b2a5608f7a2296447ed63e4dd58255d684d5d8748bf91,2017-06-05,0.04968144608745266,-0.09489759138470323,2.8623247482548337,0.0074372902594239875,0.011719583689965993,33028,
control,transfer_june,PKNORLEN,2017-06,xgboost,F5,S0,71,20,b8fb933d8ed0b35ecf0b2a5608f7a2296447ed63e4dd58255d684d5d8748bf91,2017-06-06,0.023226204874023812,0.08471870702400602,2.614283515530225,0.008787341620338849,0.00977829068397853,41866,
control,transfer_june,PKNORLEN,2017-06,xgboost,F5,S0,71,20,b8fb933d8ed0b35ecf0b2a5608f7a2296447ed63e4dd58255d684d5d8748bf91,2017-06-07,-0.0020657413853382906,-0.03668231779045292,2.596121177632861,-0.0029264346903519743,0.008053693092008964,39617,
control,transfer_june,PKNORLEN,2017-06,xgboost,F5,S0,71,20,b8fb933d8ed0b35ecf0b2a5608f7a2296447ed63e4dd58255d684d5d8748bf91,2017-06-08,0.0218871281769865,0.1049699560521267,2.2754981839206456,-0.0022300958975369598,0.007562296138655759,38788,
control,transfer_june,PKNORLEN,2017-06,xgboost,F5,S0,71,20,b8fb933d8ed0b35ecf0b2a5608f7a2296447ed63e4dd58255d684d5d8748bf91,2017-06-09,0.0077377702501987234,-0.020107517843811745,2.0906922607261254,-0.0025684059580925733,0.007204022043742048,28484,
control,transfer_june,PKNORLEN,2017-06,xgboost,F5,S0,71,20,b8fb933d8ed0b35ecf0b2a5608f7a2296447ed63e4dd58255d684d5d8748bf91,2017-06-12,-0.010749572654162376,-0.04855873183452575,2.8656739690922595,-0.0010159499843485672,0.008920246269782465,38412,
control,transfer_june,PKNORLEN,2017-06,xgboost,F5,S0,71,20,b8fb933d8ed0b35ecf0b2a5608f7a2296447ed63e4dd58255d684d5d8748bf91,2017-06-13,0.036221057731803424,0.017689133060419943,2.6806503246595113,-0.0015940922182280282,0.009696029846053417,58763,
control,transfer_june,PKNORLEN,2017-06,xgboost,F5,S0,71,20,b8fb933d8ed0b35ecf0b2a5608f7a2296447ed63e4dd58255d684d5d8748bf91,2017-06-14,0.037305695096533746,0.0484293921989836,2.45585389905757,0.0006718388056382341,0.009387388713135986,28561,
control,transfer_june,PKNORLEN,2017-06,xgboost,F5,S0,71,20,b8fb933d8ed0b35ecf0b2a5608f7a2296447ed63e4dd58255d684d5d8748bf91,2017-06-16,-0.009607540327003462,0.034188536958961645,2.7948581561993957,-0.00035741840205300035,0.009631055389568322,56888,
control,transfer_june,PKNORLEN,2017-06,xgboost,F5,S0,71,20,b8fb933d8ed0b35ecf0b2a5608f7a2296447ed63e4dd58255d684d5d8748bf91,2017-06-19,0.037392150789901664,0.13492762545703588,3.1142895794471355,-0.00017429884266662303,0.00971933160540605,27091,
control,transfer_june,PKNORLEN,2017-06,xgboost,F5,S0,71,20,b8fb933d8ed0b35ecf0b2a5608f7a2296447ed63e4dd58255d684d5d8748bf91,2017-06-20,0.027323002533286487,-0.009178641505414233,2.5581575469388613,-0.005932235885089458,0.00942400610532015,28630,
control,transfer_june,PKNORLEN,2017-06,xgboost,F5,S0,71,20,b8fb933d8ed0b35ecf0b2a5608f7a2296447ed63e4dd58255d684d5d8748bf91,2017-06-21,0.026984263620772147,0.14858694842492334,3.2156675514757582,-0.002456565432631911,0.009920334848924831,36656,
control,transfer_june,PKNORLEN,2017-06,xgboost,F5,S0,71,20,b8fb933d8ed0b35ecf0b2a5608f7a2296447ed63e4dd58255d684d5d8748bf91,2017-06-22,0.0057358955623657195,-0.04574632884950888,2.6611511975016895,-0.0057180330660309775,0.00917408095859072,45110,
control,transfer_june,PKNORLEN,2017-06,xgboost,F5,S0,71,20,b8fb933d8ed0b35ecf0b2a5608f7a2296447ed63e4dd58255d684d5d8748bf91,2017-06-23,0.032552832613044466,0.02256723441841875,3.6968251086014154,-0.004256017412398411,0.013918399596493812,45471,
control,transfer_june,PKNORLEN,2017-06,xgboost,F5,S0,71,20,b8fb933d8ed0b35ecf0b2a5608f7a2296447ed63e4dd58255d684d5d8748bf91,2017-06-26,0.02638340178870613,-0.02297801654132305,2.826460397394382,-0.006061501824989999,0.01020839069317104,85272,
control,transfer_june,PKNORLEN,2017-06,xgboost,F5,S0,71,20,b8fb933d8ed0b35ecf0b2a5608f7a2296447ed63e4dd58255d684d5d8748bf91,2017-06-27,0.03059426689809265,-0.022947420867021874,2.81450954027457,0.0007148709143009411,0.00887492320081075,38992,
control,transfer_june,PKNORLEN,2017-06,xgboost,F5,S0,71,20,b8fb933d8ed0b35ecf0b2a5608f7a2296447ed63e4dd58255d684d5d8748bf91,2017-06-28,0.026103462317379245,-0.07278827013853552,2.539510717473494,0.0010731890450850546,0.008792258649658366,32746,
control,transfer_june,PKNORLEN,2017-06,xgboost,F5,S0,71,20,b8fb933d8ed0b35ecf0b2a5608f7a2296447ed63e4dd58255d684d5d8748bf91,2017-06-29,0.04514814380449187,0.053797778198654396,2.496122634706842,0.00046443541889190816,0.008755318425430232,49386,
control,transfer_june,PKNORLEN,2017-06,xgboost,F5,S0,71,20,b8fb933d8ed0b35ecf0b2a5608f7a2296447ed63e4dd58255d684d5d8748bf91,2017-06-30,0.07314952327345531,-0.011725000995400307,2.7319118036360828,0.0004995131341302376,0.008805622562355876,40147,
control,transfer_june,PKNORLEN,2017-06,xgboost,F5,S1,7,20,b7e0685fdb917ee8b89bddf986792282d85e3c21233468f348cf931a2a1d85b5,2017-06-01,0.01993212738510296,-0.04818218502668497,2.6046983753914166,0.0036460134288808575,0.010365281904881759,42369,
control,transfer_june,PKNORLEN,2017-06,xgboost,F5,S1,7,20,b7e0685fdb917ee8b89bddf986792282d85e3c21233468f348cf931a2a1d85b5,2017-06-02,0.08195989812630806,-0.11188662379759025,2.4554024048287633,0.002481459128869089,0.00783056905974928,26703,
control,transfer_june,PKNORLEN,2017-06,xgboost,F5,S1,7,20,b7e0685fdb917ee8b89bddf986792282d85e3c21233468f348cf931a2a1d85b5,2017-06-05,0.0563818290266732,-0.09489759138470323,2.8623247482548337,0.0033229195927101697,0.008296412795242857,33028,
control,transfer_june,PKNORLEN,2017-06,xgboost,F5,S1,7,20,b7e0685fdb917ee8b89bddf986792282d85e3c21233468f348cf931a2a1d85b5,2017-06-06,-0.007362510460646661,0.08471870702400602,2.614283515530225,0.0028984109277784523,0.008379853591943041,41866,
control,transfer_june,PKNORLEN,2017-06,xgboost,F5,S1,7,20,b7e0685fdb917ee8b89bddf986792282d85e3c21233468f348cf931a2a1d85b5,2017-06-07,0.03850470205380652,-0.03668231779045292,2.596121177632861,0.0030543916739499337,0.008235010833500723,39617,
control,transfer_june,PKNORLEN,2017-06,xgboost,F5,S1,7,20,b7e0685fdb917ee8b89bddf986792282d85e3c21233468f348cf931a2a1d85b5,2017-06-08,0.03715661894931904,0.1049699560521267,2.2754981839206456,0.0035866490246247757,0.00838377622047645,38788,
control,transfer_june,PKNORLEN,2017-06,xgboost,F5,S1,7,20,b7e0685fdb917ee8b89bddf986792282d85e3c21233468f348cf931a2a1d85b5,2017-06-09,0.06110519410059335,-0.020107517843811745,2.0906922607261254,0.0023486504642402195,0.006818672987899597,28484,
control,transfer_june,PKNORLEN,2017-06,xgboost,F5,S1,7,20,b7e0685fdb917ee8b89bddf986792282d85e3c21233468f348cf931a2a1d85b5,2017-06-12,0.03845078324310994,-0.04855873183452575,2.8656739690922595,0.003229914266808083,0.009570762845134709,38412,
control,transfer_june,PKNORLEN,2017-06,xgboost,F5,S1,7,20,b7e0685fdb917ee8b89bddf986792282d85e3c21233468f348cf931a2a1d85b5,2017-06-13,0.01795631148247874,0.017689133060419943,2.6806503246595113,0.004584606103913511,0.00920055126750309,58763,
control,transfer_june,PKNORLEN,2017-06,xgboost,F5,S1,7,20,b7e0685fdb917ee8b89bddf986792282d85e3c21233468f348cf931a2a1d85b5,2017-06-14,0.05557542352861223,0.0484293921989836,2.45585389905757,0.002467755876857962,0.008344466861722162,28561,
control,transfer_june,PKNORLEN,2017-06,xgboost,F5,S1,7,20,b7e0685fdb917ee8b89bddf986792282d85e3c21233468f348cf931a2a1d85b5,2017-06-16,0.030039704356149215,0.034188536958961645,2.7948581561993957,0.0014456332062280771,0.01016796884161877,56888,
control,transfer_june,PKNORLEN,2017-06,xgboost,F5,S1,7,20,b7e0685fdb917ee8b89bddf986792282d85e3c21233468f348cf931a2a1d85b5,2017-06-19,0.047405562063935675,0.13492762545703588,3.1142895794471355,0.004207805504009025,0.009669009772546209,27091,
control,transfer_june,PKNORLEN,2017-06,xgboost,F5,S1,7,20,b7e0685fdb917ee8b89bddf986792282d85e3c21233468f348cf931a2a1d85b5,2017-06-20,0.02219889262389578,-0.009178641505414233,2.5581575469388613,0.0034573519765147293,0.008118725125422107,28630,
control,transfer_june,PKNORLEN,2017-06,xgboost,F5,S1,7,20,b7e0685fdb917ee8b89bddf986792282d85e3c21233468f348cf931a2a1d85b5,2017-06-21,0.010092493810549195,0.14858694842492334,3.2156675514757582,0.004211659702817265,0.008809351411093342,36656,
control,transfer_june,PKNORLEN,2017-06,xgboost,F5,S1,7,20,b7e0685fdb917ee8b89bddf986792282d85e3c21233468f348cf931a2a1d85b5,2017-06-22,0.027624252876054738,-0.04574632884950888,2.6611511975016895,0.0036301474944041966,0.008242866730583847,45110,
control,transfer_june,PKNORLEN,2017-06,xgboost,F5,S1,7,20,b7e0685fdb917ee8b89bddf986792282d85e3c21233468f348cf931a2a1d85b5,2017-06-23,0.02812445830900021,0.02256723441841875,3.6968251086014154,0.002820650808965318,0.011790920753074929,45471,
control,transfer_june,PKNORLEN,2017-06,xgboost,F5,S1,7,20,b7e0685fdb917ee8b89bddf986792282d85e3c21233468f348cf931a2a1d85b5,2017-06-26,0.037479596639240366,-0.02297801654132305,2.826460397394382,0.0050537069151387485,0.011525159303049605,85272,
control,transfer_june,PKNORLEN,2017-06,xgboost,F5,S1,7,20,b7e0685fdb917ee8b89bddf986792282d85e3c21233468f348cf931a2a1d85b5,2017-06-27,0.05295431000532909,-0.022947420867021874,2.81450954027457,0.0008533573674317411,0.009001321419995116,38992,
control,transfer_june,PKNORLEN,2017-06,xgboost,F5,S1,7,20,b7e0685fdb917ee8b89bddf986792282d85e3c21233468f348cf931a2a1d85b5,2017-06-28,0.028364435500501488,-0.07278827013853552,2.539510717473494,0.0023080274347486193,0.007811656330487874,32746,
control,transfer_june,PKNORLEN,2017-06,xgboost,F5,S1,7,20,b7e0685fdb917ee8b89bddf986792282d85e3c21233468f348cf931a2a1d85b5,2017-06-29,0.008994619402185627,0.053797778198654396,2.496122634706842,0.0004083630719402373,0.008790950459373652,49386,
control,transfer_june,PKNORLEN,2017-06,xgboost,F5,S1,7,20,b7e0685fdb917ee8b89bddf986792282d85e3c21233468f348cf931a2a1d85b5,2017-06-30,0.018847084038413522,-0.011725000995400307,2.7319118036360828,0.0018675555602180184,0.0092405284552438,40147,
control,transfer_june,PKNORLEN,2017-06,xgboost,F5,S1,17,20,cd509e338aceb3a792620f0e5426b2a76ed4c5789d84bc7a7dcb50e05a9a1166,2017-06-01,0.017986050723872354,-0.04818218502668497,2.6046983753914166,0.004297516500423155,0.009214891571990827,42369,
control,transfer_june,PKNORLEN,2017-06,xgboost,F5,S1,17,20,cd509e338aceb3a792620f0e5426b2a76ed4c5789d84bc7a7dcb50e05a9a1166,2017-06-02,-0.02367549441927826,-0.11188662379759025,2.4554024048287633,0.0039730032824271564,0.00789649197910966,26703,
control,transfer_june,PKNORLEN,2017-06,xgboost,F5,S1,17,20,cd509e338aceb3a792620f0e5426b2a76ed4c5789d84bc7a7dcb50e05a9a1166,2017-06-05,0.011511351307336862,-0.09489759138470323,2.8623247482548337,0.005758428429578804,0.009433805816162903,33028,
control,transfer_june,PKNORLEN,2017-06,xgboost,F5,S1,17,20,cd509e338aceb3a792620f0e5426b2a76ed4c5789d84bc7a7dcb50e05a9a1166,2017-06-06,0.07344842732722576,0.08471870702400602,2.614283515530225,0.0033773909781193304,0.007876113827330555,41866,
control,transfer_june,PKNORLEN,2017-06,xgboost,F5,S1,17,20,cd509e338aceb3a792620f0e5426b2a76ed4c5789d84bc7a7dcb50e05a9a1166,2017-06-07,0.006499425451165619,-0.03668231779045292,2.596121177632861,0.006405503409936887,0.007916537263579774,39617,
control,transfer_june,PKNORLEN,2017-06,xgboost,F5,S1,17,20,cd509e338aceb3a792620f0e5426b2a76ed4c5789d84bc7a7dcb50e05a9a1166,2017-06-08,0.03090562045587466,0.1049699560521267,2.2754981839206456,0.00651357065972409,0.00773060821481969,38788,
control,transfer_june,PKNORLEN,2017-06,xgboost,F5,S1,17,20,cd509e338aceb3a792620f0e5426b2a76ed4c5789d84bc7a7dcb50e05a9a1166,2017-06-09,0.055467483658422426,-0.020107517843811745,2.0906922607261254,0.0065565811475104445,0.006588866783057652,28484,
control,transfer_june,PKNORLEN,2017-06,xgboost,F5,S1,17,20,cd509e338aceb3a792620f0e5426b2a76ed4c5789d84bc7a7dcb50e05a9a1166,2017-06-12,0.01590385094253103,-0.04855873183452575,2.8656739690922595,0.005913936948876457,0.009248225962425584,38412,
control,transfer_june,PKNORLEN,2017-06,xgboost,F5,S1,17,20,cd509e338aceb3a792620f0e5426b2a76ed4c5789d84bc7a7dcb50e05a9a1166,2017-06-13,0.010292376464586675,0.017689133060419943,2.6806503246595113,0.005017971354020913,0.009878997380150285,58763,
control,transfer_june,PKNORLEN,2017-06,xgboost,F5,S1,17,20,cd509e338aceb3a792620f0e5426b2a76ed4c5789d84bc7a7dcb50e05a9a1166,2017-06-14,0.04791084459111083,0.0484293921989836,2.45585389905757,0.005313631365645569,0.008111412025319497,28561,
control,transfer_june,PKNORLEN,2017-06,xgboost,F5,S1,17,20,cd509e338aceb3a792620f0e5426b2a76ed4c5789d84bc7a7dcb50e05a9a1166,2017-06-16,0.05353532835955738,0.034188536958961645,2.7948581561993957,0.004462940776876824,0.009206885551825526,56888,
control,transfer_june,PKNORLEN,2017-06,xgboost,F5,S1,17,20,cd509e338aceb3a792620f0e5426b2a76ed4c5789d84bc7a7dcb50e05a9a1166,2017-06-19,0.030758860529266765,0.13492762545703588,3.1142895794471355,0.003451722414632911,0.009561428243233527,27091,
control,transfer_june,PKNORLEN,2017-06,xgboost,F5,S1,17,20,cd509e338aceb3a792620f0e5426b2a76ed4c5789d84bc7a7dcb50e05a9a1166,2017-06-20,0.055363786868412264,-0.009178641505414233,2.5581575469388613,0.00259001091075622,0.006726529175084234,28630,
control,transfer_june,PKNORLEN,2017-06,xgboost,F5,S1,17,20,cd509e338aceb3a792620f0e5426b2a76ed4c5789d84bc7a7dcb50e05a9a1166,2017-06-21,0.01632119521336267,0.14858694842492334,3.2156675514757582,0.0035158219536340993,0.009580210730195427,36656,
control,transfer_june,PKNORLEN,2017-06,xgboost,F5,S1,17,20,cd509e338aceb3a792620f0e5426b2a76ed4c5789d84bc7a7dcb50e05a9a1166,2017-06-22,0.06712348795005267,-0.04574632884950888,2.6611511975016895,0.0035952162272504334,0.007819665512062915,45110,
control,transfer_june,PKNORLEN,2017-06,xgboost,F5,S1,17,20,cd509e338aceb3a792620f0e5426b2a76ed4c5789d84bc7a7dcb50e05a9a1166,2017-06-23,0.030290340848529267,0.02256723441841875,3.6968251086014154,0.0037096633630757836,0.01212810785154656,45471,
control,transfer_june,PKNORLEN,2017-06,xgboost,F5,S1,17,20,cd509e338aceb3a792620f0e5426b2a76ed4c5789d84bc7a7dcb50e05a9a1166,2017-06-26,0.05919849554513775,-0.02297801654132305,2.826460397394382,0.004362848749222336,0.009493030105895682,85272,
control,transfer_june,PKNORLEN,2017-06,xgboost,F5,S1,17,20,cd509e338aceb3a792620f0e5426b2a76ed4c5789d84bc7a7dcb50e05a9a1166,2017-06-27,0.018468405759827188,-0.022947420867021874,2.81450954027457,0.00432914617720947,0.007699508078998443,38992,
control,transfer_june,PKNORLEN,2017-06,xgboost,F5,S1,17,20,cd509e338aceb3a792620f0e5426b2a76ed4c5789d84bc7a7dcb50e05a9a1166,2017-06-28,0.027130244612288305,-0.07278827013853552,2.539510717473494,0.00519486784424542,0.007136889808876406,32746,
control,transfer_june,PKNORLEN,2017-06,xgboost,F5,S1,17,20,cd509e338aceb3a792620f0e5426b2a76ed4c5789d84bc7a7dcb50e05a9a1166,2017-06-29,0.005187200512856915,0.053797778198654396,2.496122634706842,0.0044250672375158746,0.00748782309487267,49386,
control,transfer_june,PKNORLEN,2017-06,xgboost,F5,S1,17,20,cd509e338aceb3a792620f0e5426b2a76ed4c5789d84bc7a7dcb50e05a9a1166,2017-06-30,0.031976350942517454,-0.011725000995400307,2.7319118036360828,0.004794053808103797,0.007662579349252657,40147,
control,transfer_june,PKNORLEN,2017-06,xgboost,F5,S1,29,20,f643b23a7e0d01f0c3935294ba2788b9befc75d021e14d87eac554f3fe89bbc6,2017-06-01,-0.017079550657746183,-0.04818218502668497,2.6046983753914166,0.004848427496862668,0.009856186781380467,42369,
control,transfer_june,PKNORLEN,2017-06,xgboost,F5,S1,29,20,f643b23a7e0d01f0c3935294ba2788b9befc75d021e14d87eac554f3fe89bbc6,2017-06-02,-0.08203356560436666,-0.11188662379759025,2.4554024048287633,0.004945662092359652,0.007865073934970733,26703,
control,transfer_june,PKNORLEN,2017-06,xgboost,F5,S1,29,20,f643b23a7e0d01f0c3935294ba2788b9befc75d021e14d87eac554f3fe89bbc6,2017-06-05,-0.03210490644776188,-0.09489759138470323,2.8623247482548337,0.004959193238355981,0.008820599602406689,33028,
control,transfer_june,PKNORLEN,2017-06,xgboost,F5,S1,29,20,f643b23a7e0d01f0c3935294ba2788b9befc75d021e14d87eac554f3fe89bbc6,2017-06-06,-0.001309295954794958,0.08471870702400602,2.614283515530225,0.003264449881652899,0.008338499134493088,41866,
control,transfer_june,PKNORLEN,2017-06,xgboost,F5,S1,29,20,f643b23a7e0d01f0c3935294ba2788b9befc75d021e14d87eac554f3fe89bbc6,2017-06-07,-0.053547878315292036,-0.03668231779045292,2.596121177632861,0.0032791197131815195,0.009235943747278905,39617,
control,transfer_june,PKNORLEN,2017-06,xgboost,F5,S1,29,20,f643b23a7e0d01f0c3935294ba2788b9befc75d021e14d87eac554f3fe89bbc6,2017-06-08,0.011114066640666165,0.1049699560521267,2.2754981839206456,0.004269212929912163,0.008343570037132198,38788,
control,transfer_june,PKNORLEN,2017-06,xgboost,F5,S1,29,20,f643b23a7e0d01f0c3935294ba2788b9befc75d021e14d87eac554f3fe89bbc6,2017-06-09,-0.0695559472629368,-0.020107517843811745,2.0906922607261254,0.004393616450701096,0.007548209855656541,28484,
control,transfer_june,PKNORLEN,2017-06,xgboost,F5,S1,29,20,f643b23a7e0d01f0c3935294ba2788b9befc75d021e14d87eac554f3fe89bbc6,2017-06-12,-0.030591781368479426,-0.04855873183452575,2.8656739690922595,0.003952397353062731,0.009038315793283819,38412,
control,transfer_june,PKNORLEN,2017-06,xgboost,F5,S1,29,20,f643b23a7e0d01f0c3935294ba2788b9befc75d021e14d87eac554f3fe89bbc6,2017-06-13,-0.0035046486559528883,0.017689133060419943,2.6806503246595113,0.0028441259107966866,0.010600208594980549,58763,
control,transfer_june,PKNORLEN,2017-06,xgboost,F5,S1,29,20,f643b23a7e0d01f0c3935294ba2788b9befc75d021e14d87eac554f3fe89bbc6,2017-06-14,-0.03317419959534533,0.0484293921989836,2.45585389905757,0.0037750195732997533,0.00891593705541669,28561,
control,transfer_june,PKNORLEN,2017-06,xgboost,F5,S1,29,20,f643b23a7e0d01f0c3935294ba2788b9befc75d021e14d87eac554f3fe89bbc6,2017-06-16,-0.01832022881805892,0.034188536958961645,2.7948581561993957,0.0035437930532025977,0.009206399933332178,56888,
control,transfer_june,PKNORLEN,2017-06,xgboost,F5,S1,29,20,f643b23a7e0d01f0c3935294ba2788b9befc75d021e14d87eac554f3fe89bbc6,2017-06-19,0.012541124372853344,0.13492762545703588,3.1142895794471355,0.003959976250646041,0.009468048258651952,27091,
control,transfer_june,PKNORLEN,2017-06,xgboost,F5,S1,29,20,f643b23a7e0d01f0c3935294ba2788b9befc75d021e14d87eac554f3fe89bbc6,2017-06-20,-0.036867440295143085,-0.009178641505414233,2.5581575469388613,0.0017620653304890438,0.007071178039947477,28630,
control,transfer_june,PKNORLEN,2017-06,xgboost,F5,S1,29,20,f643b23a7e0d01f0c3935294ba2788b9befc75d021e14d87eac554f3fe89bbc6,2017-06-21,-0.021847543565342586,0.14858694842492334,3.2156675514757582,0.004048023945164386,0.00938337411629106,36656,
control,transfer_june,PKNORLEN,2017-06,xgboost,F5,S1,29,20,f643b23a7e0d01f0c3935294ba2788b9befc75d021e14d87eac554f3fe89bbc6,2017-06-22,-0.06078472428411625,-0.04574632884950888,2.6611511975016895,0.0027215511860624055,0.007864361964152225,45110,
control,transfer_june,PKNORLEN,2017-06,xgboost,F5,S1,29,20,f643b23a7e0d01f0c3935294ba2788b9befc75d021e14d87eac554f3fe89bbc6,2017-06-23,-0.051350325176111045,0.02256723441841875,3.6968251086014154,0.0018557504524383695,0.010578927305067277,45471,
control,transfer_june,PKNORLEN,2017-06,xgboost,F5,S1,29,20,f643b23a7e0d01f0c3935294ba2788b9befc75d021e14d87eac554f3fe89bbc6,2017-06-26,-0.03084393740337452,-0.02297801654132305,2.826460397394382,0.0023498633913336705,0.009812562534021348,85272,
control,transfer_june,PKNORLEN,2017-06,xgboost,F5,S1,29,20,f643b23a7e0d01f0c3935294ba2788b9befc75d021e14d87eac554f3fe89bbc6,2017-06-27,-0.010807770428628362,-0.022947420867021874,2.81450954027457,0.0035541626868879302,0.008399881372279481,38992,
control,transfer_june,PKNORLEN,2017-06,xgboost,F5,S1,29,20,f643b23a7e0d01f0c3935294ba2788b9befc75d021e14d87eac554f3fe89bbc6,2017-06-28,-0.07506406011884721,-0.07278827013853552,2.539510717473494,0.0041077476376458295,0.008337103187470031,32746,
control,transfer_june,PKNORLEN,2017-06,xgboost,F5,S1,29,20,f643b23a7e0d01f0c3935294ba2788b9befc75d021e14d87eac554f3fe89bbc6,2017-06-29,-0.03699421570702509,0.053797778198654396,2.496122634706842,0.0028863494562635207,0.008816903679858391,49386,
control,transfer_june,PKNORLEN,2017-06,xgboost,F5,S1,29,20,f643b23a7e0d01f0c3935294ba2788b9befc75d021e14d87eac554f3fe89bbc6,2017-06-30,-0.01750004893772756,-0.011725000995400307,2.7319118036360828,0.0038235317795977312,0.008822313001045178,40147,
control,transfer_june,PKNORLEN,2017-06,xgboost,F5,S1,43,20,a968b0c4ac8d4941980912b9c615252cb69849cab3440d82868f924ff800dd71,2017-06-01,-0.0061425001029369874,-0.04818218502668497,2.6046983753914166,0.005542428911432767,0.010120177798430444,42369,
control,transfer_june,PKNORLEN,2017-06,xgboost,F5,S1,43,20,a968b0c4ac8d4941980912b9c615252cb69849cab3440d82868f924ff800dd71,2017-06-02,0.027047736502679734,-0.11188662379759025,2.4554024048287633,0.0036699347866882065,0.007453983474218561,26703,
control,transfer_june,PKNORLEN,2017-06,xgboost,F5,S1,43,20,a968b0c4ac8d4941980912b9c615252cb69849cab3440d82868f924ff800dd71,2017-06-05,-0.004655469073847194,-0.09489759138470323,2.8623247482548337,0.004901053261454434,0.008494436780778656,33028,
control,transfer_june,PKNORLEN,2017-06,xgboost,F5,S1,43,20,a968b0c4ac8d4941980912b9c615252cb69849cab3440d82868f924ff800dd71,2017-06-06,0.025830686031931987,0.08471870702400602,2.614283515530225,0.004226491887544431,0.007785542154436043,41866,
control,transfer_june,PKNORLEN,2017-06,xgboost,F5,S1,43,20,a968b0c4ac8d4941980912b9c615252cb69849cab3440d82868f924ff800dd71,2017-06-07,0.0036323199174436395,-0.03668231779045292,2.596121177632861,0.006393764966449161,0.007290488013012078,39617,
control,transfer_june,PKNORLEN,2017-06,xgboost,F5,S1,43,20,a968b0c4ac8d4941980912b9c615252cb69849cab3440d82868f924ff800dd71,2017-06-08,0.021094729221759055,0.1049699560521267,2.2754981839206456,0.006062826997782448,0.007740572885119726,38788,
control,transfer_june,PKNORLEN,2017-06,xgboost,F5,S1,43,20,a968b0c4ac8d4941980912b9c615252cb69849cab3440d82868f924ff800dd71,2017-06-09,-0.012508225790135077,-0.020107517843811745,2.0906922607261254,0.005472452142338647,0.006279620124405792,28484,
control,transfer_june,PKNORLEN,2017-06,xgboost,F5,S1,43,20,a968b0c4ac8d4941980912b9c615252cb69849cab3440d82868f924ff800dd71,2017-06-12,-0.00973865714067473,-0.04855873183452575,2.8656739690922595,0.005016034158264518,0.008873104657820078,38412,
control,transfer_june,PKNORLEN,2017-06,xgboost,F5,S1,43,20,a968b0c4ac8d4941980912b9c615252cb69849cab3440d82868f924ff800dd71,2017-06-13,-0.014658600819372414,0.017689133060419943,2.6806503246595113,0.006565012220157808,0.009408059381694272,58763,
control,transfer_june,PKNORLEN,2017-06,xgboost,F5,S1,43,20,a968b0c4ac8d4941980912b9c615252cb69849cab3440d82868f924ff800dd71,2017-06-14,0.01957778447297681,0.0484293921989836,2.45585389905757,0.003274202318334806,0.008020181063376264,28561,
control,transfer_june,PKNORLEN,2017-06,xgboost,F5,S1,43,20,a968b0c4ac8d4941980912b9c615252cb69849cab3440d82868f924ff800dd71,2017-06-16,0.036580232977125295,0.034188536958961645,2.7948581561993957,0.003641522552328824,0.009014876307064528,56888,
control,transfer_june,PKNORLEN,2017-06,xgboost,F5,S1,43,20,a968b0c4ac8d4941980912b9c615252cb69849cab3440d82868f924ff800dd71,2017-06-19,0.005774966009390637,0.13492762545703588,3.1142895794471355,0.004220063952416064,0.008102912359783476,27091,
control,transfer_june,PKNORLEN,2017-06,xgboost,F5,S1,43,20,a968b0c4ac8d4941980912b9c615252cb69849cab3440d82868f924ff800dd71,2017-06-20,-0.029904785114206106,-0.009178641505414233,2.5581575469388613,0.004687238818000699,0.00685535595852949,28630,
control,transfer_june,PKNORLEN,2017-06,xgboost,F5,S1,43,20,a968b0c4ac8d4941980912b9c615252cb69849cab3440d82868f924ff800dd71,2017-06-21,-0.005528207183636614,0.14858694842492334,3.2156675514757582,0.004523697204950673,0.008217007352677061,36656,
control,transfer_june,PKNORLEN,2017-06,xgboost,F5,S1,43,20,a968b0c4ac8d4941980912b9c615252cb69849cab3440d82868f924ff800dd71,2017-06-22,-0.00451027809125896,-0.04574632884950888,2.6611511975016895,0.004723615474879,0.007464223640004549,45110,
control,transfer_june,PKNORLEN,2017-06,xgboost,F5,S1,43,20,a968b0c4ac8d4941980912b9c615252cb69849cab3440d82868f924ff800dd71,2017-06-23,-0.0029041755372273383,0.02256723441841875,3.6968251086014154,0.0029324525909430786,0.010972266727335603,45471,
control,transfer_june,PKNORLEN,2017-06,xgboost,F5,S1,43,20,a968b0c4ac8d4941980912b9c615252cb69849cab3440d82868f924ff800dd71,2017-06-26,0.008514549861737991,-0.02297801654132305,2.826460397394382,0.005407133633266382,0.009652312111627172,85272,
control,transfer_june,PKNORLEN,2017-06,xgboost,F5,S1,43,20,a968b0c4ac8d4941980912b9c615252cb69849cab3440d82868f924ff800dd71,2017-06-27,0.052599016804829465,-0.022947420867021874,2.81450954027457,0.003344791661830929,0.008034624566760625,38992,
control,transfer_june,PKNORLEN,2017-06,xgboost,F5,S1,43,20,a968b0c4ac8d4941980912b9c615252cb69849cab3440d82868f924ff800dd71,2017-06-28,-0.05776118548508227,-0.07278827013853552,2.539510717473494,0.0037179087445500286,0.007713823234757558,32746,
control,transfer_june,PKNORLEN,2017-06,xgboost,F5,S1,43,20,a968b0c4ac8d4941980912b9c615252cb69849cab3440d82868f924ff800dd71,2017-06-29,-0.028995155564812303,0.053797778198654396,2.496122634706842,0.0030557281112919025,0.0075031182012860196,49386,
control,transfer_june,PKNORLEN,2017-06,xgboost,F5,S1,43,20,a968b0c4ac8d4941980912b9c615252cb69849cab3440d82868f924ff800dd71,2017-06-30,-0.006812209469624775,-0.011725000995400307,2.7319118036360828,0.003003190559296243,0.008236483264563955,40147,
control,transfer_june,PKNORLEN,2017-06,xgboost,F5,S1,71,20,22e0dfd4612f2d46835e2b80bc085bfead68d1c8bb6da73a23d6b0c3254fafbc,2017-06-01,-0.04980276962763828,-0.04818218502668497,2.6046983753914166,0.004918265764239783,0.010484677370431463,42369,
control,transfer_june,PKNORLEN,2017-06,xgboost,F5,S1,71,20,22e0dfd4612f2d46835e2b80bc085bfead68d1c8bb6da73a23d6b0c3254fafbc,2017-06-02,-0.08502715642880206,-0.11188662379759025,2.4554024048287633,0.004810250726433705,0.008147593430760767,26703,
control,transfer_june,PKNORLEN,2017-06,xgboost,F5,S1,71,20,22e0dfd4612f2d46835e2b80bc085bfead68d1c8bb6da73a23d6b0c3254fafbc,2017-06-05,-0.04704376205677216,-0.09489759138470323,2.8623247482548337,0.00445208701882896,0.008829983860329354,33028,
control,transfer_june,PKNORLEN,2017-06,xgboost,F5,S1,71,20,22e0dfd4612f2d46835e2b80bc085bfead68d1c8bb6da73a23d6b0c3254fafbc,2017-06-06,-0.11515617750019702,0.08471870702400602,2.614283515530225,0.004497596479374669,0.008047193695634664,41866,
control,transfer_june,PKNORLEN,2017-06,xgboost,F5,S1,71,20,22e0dfd4612f2d46835e2b80bc085bfead68d1c8bb6da73a23d6b0c3254fafbc,2017-06-07,-0.08238751985540674,-0.03668231779045292,2.596121177632861,0.0045698076936839215,0.007413742898848714,39617,
control,transfer_june,PKNORLEN,2017-06,xgboost,F5,S1,71,20,22e0dfd4612f2d46835e2b80bc085bfead68d1c8bb6da73a23d6b0c3254fafbc,2017-06-08,-0.07376318596562674,0.1049699560521267,2.2754981839206456,0.003832101451650189,0.0072053395017544685,38788,
control,transfer_june,PKNORLEN,2017-06,xgboost,F5,S1,71,20,22e0dfd4612f2d46835e2b80bc085bfead68d1c8bb6da73a23d6b0c3254fafbc,2017-06-09,0.01508605956202954,-0.020107517843811745,2.0906922607261254,0.004241342380749612,0.006995790678759709,28484,
control,transfer_june,PKNORLEN,2017-06,xgboost,F5,S1,71,20,22e0dfd4612f2d46835e2b80bc085bfead68d1c8bb6da73a23d6b0c3254fafbc,2017-06-12,-0.08516600155501211,-0.04855873183452575,2.8656739690922595,0.003621900593721313,0.008425656247068869,38412,
control,transfer_june,PKNORLEN,2017-06,xgboost,F5,S1,71,20,22e0dfd4612f2d46835e2b80bc085bfead68d1c8bb6da73a23d6b0c3254fafbc,2017-06-13,-0.060924301712751074,0.017689133060419943,2.6806503246595113,0.004666245263416957,0.008148968994209626,58763,
control,transfer_june,PKNORLEN,2017-06,xgboost,F5,S1,71,20,22e0dfd4612f2d46835e2b80bc085bfead68d1c8bb6da73a23d6b0c3254fafbc,2017-06-14,-0.023040943314018233,0.0484293921989836,2.45585389905757,0.003372004308151617,0.007588635556613244,28561,
control,transfer_june,PKNORLEN,2017-06,xgboost,F5,S1,71,20,22e0dfd4612f2d46835e2b80bc085bfead68d1c8bb6da73a23d6b0c3254fafbc,2017-06-16,-0.019926193357626222,0.034188536958961645,2.7948581561993957,0.003600219639521984,0.008770324193718102,56888,
control,transfer_june,PKNORLEN,2017-06,xgboost,F5,S1,71,20,22e0dfd4612f2d46835e2b80bc085bfead68d1c8bb6da73a23d6b0c3254fafbc,2017-06-19,-0.0073765931120657125,0.13492762545703588,3.1142895794471355,0.004037267564209808,0.00850662820286062,27091,
control,transfer_june,PKNORLEN,2017-06,xgboost,F5,S1,71,20,22e0dfd4612f2d46835e2b80bc085bfead68d1c8bb6da73a23d6b0c3254fafbc,2017-06-20,0.024117056063175442,-0.009178641505414233,2.5581575469388613,0.004075434978833729,0.007205061379684188,28630,
control,transfer_june,PKNORLEN,2017-06,xgboost,F5,S1,71,20,22e0dfd4612f2d46835e2b80bc085bfead68d1c8bb6da73a23d6b0c3254fafbc,2017-06-21,-0.005255500282046079,0.14858694842492334,3.2156675514757582,0.004434119875251196,0.008248604984422238,36656,
control,transfer_june,PKNORLEN,2017-06,xgboost,F5,S1,71,20,22e0dfd4612f2d46835e2b80bc085bfead68d1c8bb6da73a23d6b0c3254fafbc,2017-06-22,-0.024804140718410993,-0.04574632884950888,2.6611511975016895,0.004072138744672111,0.007361595121504994,45110,
control,transfer_june,PKNORLEN,2017-06,xgboost,F5,S1,71,20,22e0dfd4612f2d46835e2b80bc085bfead68d1c8bb6da73a23d6b0c3254fafbc,2017-06-23,-0.039149914333411896,0.02256723441841875,3.6968251086014154,0.0035691311973733916,0.010465186474749054,45471,
control,transfer_june,PKNORLEN,2017-06,xgboost,F5,S1,71,20,22e0dfd4612f2d46835e2b80bc085bfead68d1c8bb6da73a23d6b0c3254fafbc,2017-06-26,-0.04016903259671721,-0.02297801654132305,2.826460397394382,0.003853822576153986,0.00937665433168995,85272,
control,transfer_june,PKNORLEN,2017-06,xgboost,F5,S1,71,20,22e0dfd4612f2d46835e2b80bc085bfead68d1c8bb6da73a23d6b0c3254fafbc,2017-06-27,0.021703351328169362,-0.022947420867021874,2.81450954027457,0.004069180638744994,0.007645940389229422,38992,
control,transfer_june,PKNORLEN,2017-06,xgboost,F5,S1,71,20,22e0dfd4612f2d46835e2b80bc085bfead68d1c8bb6da73a23d6b0c3254fafbc,2017-06-28,-0.015695141129315276,-0.07278827013853552,2.539510717473494,0.004551598195275028,0.006672595200179807,32746,
control,transfer_june,PKNORLEN,2017-06,xgboost,F5,S1,71,20,22e0dfd4612f2d46835e2b80bc085bfead68d1c8bb6da73a23d6b0c3254fafbc,2017-06-29,-0.05375755942295059,0.053797778198654396,2.496122634706842,0.003397144934637192,0.007193375407072367,49386,
control,transfer_june,PKNORLEN,2017-06,xgboost,F5,S1,71,20,22e0dfd4612f2d46835e2b80bc085bfead68d1c8bb6da73a23d6b0c3254fafbc,2017-06-30,-0.03841454367862197,-0.011725000995400307,2.7319118036360828,0.0038991520148832916,0.008725529293870691,40147,
control,transfer_june,PKOBP,2017-06,xgboost,F5,S0,7,20,57b6b70a341644f1cf42abca64c232cbde4278602c7466eee124770ff27a57e1,2017-06-01,0.047395307940604786,-0.03793380359417656,1.5490195780482146,-0.0014144442931659563,0.01065922291357794,50774,
control,transfer_june,PKOBP,2017-06,xgboost,F5,S0,7,20,57b6b70a341644f1cf42abca64c232cbde4278602c7466eee124770ff27a57e1,2017-06-02,0.06361652385255943,-0.0033531217355494787,2.062991292566417,0.0013034260783884965,0.011057342630731992,49694,
control,transfer_june,PKOBP,2017-06,xgboost,F5,S0,7,20,57b6b70a341644f1cf42abca64c232cbde4278602c7466eee124770ff27a57e1,2017-06-05,0.06411731382332266,0.037729087391150606,2.2247047296010543,0.0015779935884183529,0.011989509984065377,42497,
control,transfer_june,PKOBP,2017-06,xgboost,F5,S0,7,20,57b6b70a341644f1cf42abca64c232cbde4278602c7466eee124770ff27a57e1,2017-06-06,0.03781844095181387,0.02559652735077806,2.459226810317787,0.0034869409908433965,0.017178430241197952,63639,
control,transfer_june,PKOBP,2017-06,xgboost,F5,S0,7,20,57b6b70a341644f1cf42abca64c232cbde4278602c7466eee124770ff27a57e1,2017-06-07,0.0672189410185804,-0.02939136726478048,2.5272508064086994,0.0039901221596281055,0.011789606217665593,48610,
control,transfer_june,PKOBP,2017-06,xgboost,F5,S0,7,20,57b6b70a341644f1cf42abca64c232cbde4278602c7466eee124770ff27a57e1,2017-06-08,0.04632511205370897,0.05910864783468554,2.272472087584434,0.004338241754870222,0.011437162780173676,43634,
control,transfer_june,PKOBP,2017-06,xgboost,F5,S0,7,20,57b6b70a341644f1cf42abca64c232cbde4278602c7466eee124770ff27a57e1,2017-06-09,0.09096568726842799,-0.07761432503447417,2.178742549573127,0.003328565240460726,0.01016462740781707,47220,
control,transfer_june,PKOBP,2017-06,xgboost,F5,S0,7,20,57b6b70a341644f1cf42abca64c232cbde4278602c7466eee124770ff27a57e1,2017-06-12,0.0632922981322442,-0.04209782701414293,2.1298209819174168,-0.0018973418439661254,0.012302745576410985,75328,
control,transfer_june,PKOBP,2017-06,xgboost,F5,S0,7,20,57b6b70a341644f1cf42abca64c232cbde4278602c7466eee124770ff27a57e1,2017-06-13,0.08314195163945962,0.04208094186334268,2.21666688410007,-0.00010807842306624884,0.011878281200592814,62387,
control,transfer_june,PKOBP,2017-06,xgboost,F5,S0,7,20,57b6b70a341644f1cf42abca64c232cbde4278602c7466eee124770ff27a57e1,2017-06-14,0.06475100428371527,-0.046265735389865545,2.270551060079342,-0.00046247625187869175,0.012445313209373334,58941,
control,transfer_june,PKOBP,2017-06,xgboost,F5,S0,7,20,57b6b70a341644f1cf42abca64c232cbde4278602c7466eee124770ff27a57e1,2017-06-16,0.05593444341985772,0.031574082219943955,2.5617631828222396,-0.0006091535507132159,0.013150229451646936,55744,
control,transfer_june,PKOBP,2017-06,xgboost,F5,S0,7,20,57b6b70a341644f1cf42abca64c232cbde4278602c7466eee124770ff27a57e1,2017-06-19,0.07342467803255526,0.014576832810280162,2.903727034518324,0.0022135888716361537,0.015259507696574352,34767,
control,transfer_june,PKOBP,2017-06,xgboost,F5,S0,7,20,57b6b70a341644f1cf42abca64c232cbde4278602c7466eee124770ff27a57e1,2017-06-20,0.046428387857505866,-0.07682827494650352,2.0522863391968214,-0.003054183527293955,0.01239651665843308,51504,
control,transfer_june,PKOBP,2017-06,xgboost,F5,S0,7,20,57b6b70a341644f1cf42abca64c232cbde4278602c7466eee124770ff27a57e1,2017-06-21,0.04531707561199404,-0.010758537872136665,2.663100699602058,0.003909931491469178,0.014575566189128385,60429,
control,transfer_june,PKOBP,2017-06,xgboost,F5,S0,7,20,57b6b70a341644f1cf42abca64c232cbde4278602c7466eee124770ff27a57e1,2017-06-22,0.06964968628745824,0.04229996770724534,2.4314133326366316,0.005523876366212437,0.01115934874484017,26905,
control,transfer_june,PKOBP,2017-06,xgboost,F5,S0,7,20,57b6b70a341644f1cf42abca64c232cbde4278602c7466eee124770ff27a57e1,2017-06-23,0.06902085471034455,-0.0033174522248443404,2.66962460302591,0.0054636971723237265,0.013624422725981815,47556,
control,transfer_june,PKOBP,2017-06,xgboost,F5,S0,7,20,57b6b70a341644f1cf42abca64c232cbde4278602c7466eee124770ff27a57e1,2017-06-26,0.09554555440939004,0.05297741958616015,2.1843246728685584,0.0018397005205588208,0.010316135207582813,50958,
control,transfer_june,PKOBP,2017-06,xgboost,F5,S0,7,20,57b6b70a341644f1cf42abca64c232cbde4278602c7466eee124770ff27a57e1,2017-06-27,0.03566408808225071,-0.04014556565841203,2.551841923090862,0.00016193772537162094,0.01290017503021665,43146,
control,transfer_june,PKOBP,2017-06,xgboost,F5,S0,7,20,57b6b70a341644f1cf42abca64c232cbde4278602c7466eee124770ff27a57e1,2017-06-28,0.07524812278831243,-0.025060217297699548,2.289106059822612,0.005717841036568097,0.010599659877597197,57632,
control,transfer_june,PKOBP,2017-06,xgboost,F5,S0,7,20,57b6b70a341644f1cf42abca64c232cbde4278602c7466eee124770ff27a57e1,2017-06-29,0.08687086167703477,0.0038430386374690207,2.426852917535377,0.0019798661387068436,0.016573655160982442,45107,
control,transfer_june,PKOBP,2017-06,xgboost,F5,S0,7,20,57b6b70a341644f1cf42abca64c232cbde4278602c7466eee124770ff27a57e1,2017-06-30,0.08340538924224036,0.00779571133507352,2.1240257766535957,0.0008869748554037496,0.011163111575552907,40092,
control,transfer_june,PKOBP,2017-06,xgboost,F5,S0,17,20,b234a515d77e80c6f8d4de8b8439a4cd475be1d7f1a943b67ea068373178bce4,2017-06-01,0.006075700233864913,-0.03793380359417656,1.5490195780482146,-0.002380955412733207,0.0094715974785203,50774,
control,transfer_june,PKOBP,2017-06,xgboost,F5,S0,17,20,b234a515d77e80c6f8d4de8b8439a4cd475be1d7f1a943b67ea068373178bce4,2017-06-02,0.060132096469687576,-0.0033531217355494787,2.062991292566417,-0.0021169619433064647,0.01066827048746359,49694,
control,transfer_june,PKOBP,2017-06,xgboost,F5,S0,17,20,b234a515d77e80c6f8d4de8b8439a4cd475be1d7f1a943b67ea068373178bce4,2017-06-05,0.05169907474930613,0.037729087391150606,2.2247047296010543,0.0005591726076224253,0.011306604518562628,42497,
control,transfer_june,PKOBP,2017-06,xgboost,F5,S0,17,20,b234a515d77e80c6f8d4de8b8439a4cd475be1d7f1a943b67ea068373178bce4,2017-06-06,0.013931120880229807,0.02559652735077806,2.459226810317787,-0.0007968396637839574,0.017804939559303477,63639,
control,transfer_june,PKOBP,2017-06,xgboost,F5,S0,17,20,b234a515d77e80c6f8d4de8b8439a4cd475be1d7f1a943b67ea068373178bce4,2017-06-07,0.0307738882778165,-0.02939136726478048,2.5272508064086994,0.00024855660938343036,0.01254449665266752,48610,
control,transfer_june,PKOBP,2017-06,xgboost,F5,S0,17,20,b234a515d77e80c6f8d4de8b8439a4cd475be1d7f1a943b67ea068373178bce4,2017-06-08,0.014772406484008849,0.05910864783468554,2.272472087584434,0.00023081046481837365,0.011823575219274343,43634,
control,transfer_june,PKOBP,2017-06,xgboost,F5,S0,17,20,b234a515d77e80c6f8d4de8b8439a4cd475be1d7f1a943b67ea068373178bce4,2017-06-09,0.022970359794139982,-0.07761432503447417,2.178742549573127,0.0031099925466002726,0.01118250956936728,47220,
control,transfer_june,PKOBP,2017-06,xgboost,F5,S0,17,20,b234a515d77e80c6f8d4de8b8439a4cd475be1d7f1a943b67ea068373178bce4,2017-06-12,0.045767289260686905,-0.04209782701414293,2.1298209819174168,-0.0030151554250305544,0.011359134401540964,75328,
control,transfer_june,PKOBP,2017-06,xgboost,F5,S0,17,20,b234a515d77e80c6f8d4de8b8439a4cd475be1d7f1a943b67ea068373178bce4,2017-06-13,0.05620464810457647,0.04208094186334268,2.21666688410007,-5.539536326159582e-05,0.012142681761991667,62387,
control,transfer_june,PKOBP,2017-06,xgboost,F5,S0,17,20,b234a515d77e80c6f8d4de8b8439a4cd475be1d7f1a943b67ea068373178bce4,2017-06-14,0.06764536399118472,-0.046265735389865545,2.270551060079342,-0.0013932320961979104,0.011017544068817962,58941,
control,transfer_june,PKOBP,2017-06,xgboost,F5,S0,17,20,b234a515d77e80c6f8d4de8b8439a4cd475be1d7f1a943b67ea068373178bce4,2017-06-16,0.03662029484105705,0.031574082219943955,2.5617631828222396,-0.0011638599097031105,0.014490352940320403,55744,
control,transfer_june,PKOBP,2017-06,xgboost,F5,S0,17,20,b234a515d77e80c6f8d4de8b8439a4cd475be1d7f1a943b67ea068373178bce4,2017-06-19,0.054908813133065434,0.014576832810280162,2.903727034518324,-9.946705814377367e-05,0.01564632255927037,34767,
control,transfer_june,PKOBP,2017-06,xgboost,F5,S0,17,20,b234a515d77e80c6f8d4de8b8439a4cd475be1d7f1a943b67ea068373178bce4,2017-06-20,0.046436108666023025,-0.07682827494650352,2.0522863391968214,-0.0031617363727530455,0.011464863102981908,51504,
control,transfer_june,PKOBP,2017-06,xgboost,F5,S0,17,20,b234a515d77e80c6f8d4de8b8439a4cd475be1d7f1a943b67ea068373178bce4,2017-06-21,0.033405366193177306,-0.010758537872136665,2.663100699602058,0.0023544543028673768,0.018347667967063008,60429,
control,transfer_june,PKOBP,2017-06,xgboost,F5,S0,17,20,b234a515d77e80c6f8d4de8b8439a4cd475be1d7f1a943b67ea068373178bce4,2017-06-22,0.03474557867417734,0.04229996770724534,2.4314133326366316,0.005802888739453426,0.013562470853217304,26905,
control,transfer_june,PKOBP,2017-06,xgboost,F5,S0,17,20,b234a515d77e80c6f8d4de8b8439a4cd475be1d7f1a943b67ea068373178bce4,2017-06-23,0.04854389083497857,-0.0033174522248443404,2.66962460302591,0.003657562036567278,0.015794920312168472,47556,
control,transfer_june,PKOBP,2017-06,xgboost,F5,S0,17,20,b234a515d77e80c6f8d4de8b8439a4cd475be1d7f1a943b67ea068373178bce4,2017-06-26,0.0805178660683361,0.05297741958616015,2.1843246728685584,0.0016605727304221994,0.01095413853189627,50958,
control,transfer_june,PKOBP,2017-06,xgboost,F5,S0,17,20,b234a515d77e80c6f8d4de8b8439a4cd475be1d7f1a943b67ea068373178bce4,2017-06-27,0.0322137076479295,-0.04014556565841203,2.551841923090862,0.0003767307283798768,0.013074928291067064,43146,
control,transfer_june,PKOBP,2017-06,xgboost,F5,S0,17,20,b234a515d77e80c6f8d4de8b8439a4cd475be1d7f1a943b67ea068373178bce4,2017-06-28,0.07038358728928855,-0.025060217297699548,2.289106059822612,0.0053180817685087485,0.01154510613441807,57632,
control,transfer_june,PKOBP,2017-06,xgboost,F5,S0,17,20,b234a515d77e80c6f8d4de8b8439a4cd475be1d7f1a943b67ea068373178bce4,2017-06-29,0.06680469727891468,0.0038430386374690207,2.426852917535377,0.0030058079815457727,0.012664739219903914,45107,
control,transfer_june,PKOBP,2017-06,xgboost,F5,S0,17,20,b234a515d77e80c6f8d4de8b8439a4cd475be1d7f1a943b67ea068373178bce4,2017-06-30,0.05248009105185695,0.00779571133507352,2.1240257766535957,0.0025585764612348905,0.011006353881560075,40092,
control,transfer_june,PKOBP,2017-06,xgboost,F5,S0,29,20,f350579d37a985e57199c015d1f00c87615ef7732118670ccf7bfd4b705aa0e9,2017-06-01,0.024877166438311466,-0.03793380359417656,1.5490195780482146,-0.0019554194995706105,0.009752825526979031,50774,
control,transfer_june,PKOBP,2017-06,xgboost,F5,S0,29,20,f350579d37a985e57199c015d1f00c87615ef7732118670ccf7bfd4b705aa0e9,2017-06-02,0.0724768615645357,-0.0033531217355494787,2.062991292566417,-0.0006231000157870464,0.010639386930572297,49694,
control,transfer_june,PKOBP,2017-06,xgboost,F5,S0,29,20,f350579d37a985e57199c015d1f00c87615ef7732118670ccf7bfd4b705aa0e9,2017-06-05,0.07474426572349026,0.037729087391150606,2.2247047296010543,0.0012432376688093498,0.010588995187646845,42497,
control,transfer_june,PKOBP,2017-06,xgboost,F5,S0,29,20,f350579d37a985e57199c015d1f00c87615ef7732118670ccf7bfd4b705aa0e9,2017-06-06,0.030982052088182777,0.02559652735077806,2.459226810317787,0.0006743384070618816,0.016744790853957497,63639,
control,transfer_june,PKOBP,2017-06,xgboost,F5,S0,29,20,f350579d37a985e57199c015d1f00c87615ef7732118670ccf7bfd4b705aa0e9,2017-06-07,0.011617882870380281,-0.02939136726478048,2.5272508064086994,0.0017255012811641704,0.012244190976664637,48610,
control,transfer_june,PKOBP,2017-06,xgboost,F5,S0,29,20,f350579d37a985e57199c015d1f00c87615ef7732118670ccf7bfd4b705aa0e9,2017-06-08,0.016369425566551386,0.05910864783468554,2.272472087584434,0.002251736274936732,0.011205538497773795,43634,
control,transfer_june,PKOBP,2017-06,xgboost,F5,S0,29,20,f350579d37a985e57199c015d1f00c87615ef7732118670ccf7bfd4b705aa0e9,2017-06-09,0.035607516057611636,-0.07761432503447417,2.178742549573127,0.004121082587108846,0.01099603364874237,47220,
control,transfer_june,PKOBP,2017-06,xgboost,F5,S0,29,20,f350579d37a985e57199c015d1f00c87615ef7732118670ccf7bfd4b705aa0e9,2017-06-12,0.04968260643579548,-0.04209782701414293,2.1298209819174168,-0.002427861690614956,0.010954078427793392,75328,
control,transfer_june,PKOBP,2017-06,xgboost,F5,S0,29,20,f350579d37a985e57199c015d1f00c87615ef7732118670ccf7bfd4b705aa0e9,2017-06-13,0.06995072260340406,0.04208094186334268,2.21666688410007,0.0002038052559913831,0.012126149310799523,62387,
control,transfer_june,PKOBP,2017-06,xgboost,F5,S0,29,20,f350579d37a985e57199c015d1f00c87615ef7732118670ccf7bfd4b705aa0e9,2017-06-14,0.06471899134215937,-0.046265735389865545,2.270551060079342,-0.0007786438641772956,0.011367594276753122,58941,
control,transfer_june,PKOBP,2017-06,xgboost,F5,S0,29,20,f350579d37a985e57199c015d1f00c87615ef7732118670ccf7bfd4b705aa0e9,2017-06-16,0.040762587221623674,0.031574082219943955,2.5617631828222396,-0.0014297593432036804,0.013469235230753518,55744,
control,transfer_june,PKOBP,2017-06,xgboost,F5,S0,29,20,f350579d37a985e57199c015d1f00c87615ef7732118670ccf7bfd4b705aa0e9,2017-06-19,0.021961587022759105,0.014576832810280162,2.903727034518324,0.001011169715304859,0.01637014695182746,34767,
control,transfer_june,PKOBP,2017-06,xgboost,F5,S0,29,20,f350579d37a985e57199c015d1f00c87615ef7732118670ccf7bfd4b705aa0e9,2017-06-20,0.03657952100052235,-0.07682827494650352,2.0522863391968214,-0.0021665764725817887,0.011106444941179365,51504,
control,transfer_june,PKOBP,2017-06,xgboost,F5,S0,29,20,f350579d37a985e57199c015d1f00c87615ef7732118670ccf7bfd4b705aa0e9,2017-06-21,0.07327029437754366,-0.010758537872136665,2.663100699602058,0.004000951958584947,0.014330699795173475,60429,
control,transfer_june,PKOBP,2017-06,xgboost,F5,S0,29,20,f350579d37a985e57199c015d1f00c87615ef7732118670ccf7bfd4b705aa0e9,2017-06-22,0.12046379928209858,0.04229996770724534,2.4314133326366316,0.004918230775401205,0.013523126851462852,26905,
control,transfer_june,PKOBP,2017-06,xgboost,F5,S0,29,20,f350579d37a985e57199c015d1f00c87615ef7732118670ccf7bfd4b705aa0e9,2017-06-23,0.04813445022206204,-0.0033174522248443404,2.66962460302591,0.003194329273364172,0.014718707799121655,47556,
control,transfer_june,PKOBP,2017-06,xgboost,F5,S0,29,20,f350579d37a985e57199c015d1f00c87615ef7732118670ccf7bfd4b705aa0e9,2017-06-26,0.08539582497024467,0.05297741958616015,2.1843246728685584,0.001993360511009311,0.011189207322519292,50958,
control,transfer_june,PKOBP,2017-06,xgboost,F5,S0,29,20,f350579d37a985e57199c015d1f00c87615ef7732118670ccf7bfd4b705aa0e9,2017-06-27,0.008004667604442895,-0.04014556565841203,2.551841923090862,-0.0005401908243619828,0.013346584244038987,43146,
control,transfer_june,PKOBP,2017-06,xgboost,F5,S0,29,20,f350579d37a985e57199c015d1f00c87615ef7732118670ccf7bfd4b705aa0e9,2017-06-28,0.08515563660221749,-0.025060217297699548,2.289106059822612,0.004826388540552165,0.01187237034147454,57632,
control,transfer_june,PKOBP,2017-06,xgboost,F5,S0,29,20,f350579d37a985e57199c015d1f00c87615ef7732118670ccf7bfd4b705aa0e9,2017-06-29,0.06886785232673255,0.0038430386374690207,2.426852917535377,0.0016452740275527723,0.012540644641710192,45107,
control,transfer_june,PKOBP,2017-06,xgboost,F5,S0,29,20,f350579d37a985e57199c015d1f00c87615ef7732118670ccf7bfd4b705aa0e9,2017-06-30,0.03625072489508813,0.00779571133507352,2.1240257766535957,0.0005523862283951252,0.011200521847009167,40092,
control,transfer_june,PKOBP,2017-06,xgboost,F5,S0,43,20,f4b6104ca1443388d42dd251ca97057d4f5e4a46801dad022074d85941ee0943,2017-06-01,-0.04490915659993626,-0.03793380359417656,1.5490195780482146,-0.002016877357588864,0.009220360034028235,50774,
control,transfer_june,PKOBP,2017-06,xgboost,F5,S0,43,20,f4b6104ca1443388d42dd251ca97057d4f5e4a46801dad022074d85941ee0943,2017-06-02,0.08594665776026449,-0.0033531217355494787,2.062991292566417,-0.0015886505935166077,0.011025670933202775,49694,
control,transfer_june,PKOBP,2017-06,xgboost,F5,S0,43,20,f4b6104ca1443388d42dd251ca97057d4f5e4a46801dad022074d85941ee0943,2017-06-05,0.07082119762347895,0.037729087391150606,2.2247047296010543,0.00043137448088410136,0.011399427266725227,42497,
control,transfer_june,PKOBP,2017-06,xgboost,F5,S0,43,20,f4b6104ca1443388d42dd251ca97057d4f5e4a46801dad022074d85941ee0943,2017-06-06,0.030419757378234984,0.02559652735077806,2.459226810317787,-0.0009586370982299282,0.01758839128273736,63639,
control,transfer_june,PKOBP,2017-06,xgboost,F5,S0,43,20,f4b6104ca1443388d42dd251ca97057d4f5e4a46801dad022074d85941ee0943,2017-06-07,0.018542327058315447,-0.02939136726478048,2.5272508064086994,0.0014355575652611806,0.013429212403688566,48610,
control,transfer_june,PKOBP,2017-06,xgboost,F5,S0,43,20,f4b6104ca1443388d42dd251ca97057d4f5e4a46801dad022074d85941ee0943,2017-06-08,0.013541365866264142,0.05910864783468554,2.272472087584434,0.0009417977842486544,0.012215106657009752,43634,
control,transfer_june,PKOBP,2017-06,xgboost,F5,S0,43,20,f4b6104ca1443388d42dd251ca97057d4f5e4a46801dad022074d85941ee0943,2017-06-09,-0.020544864629882593,-0.07761432503447417,2.178742549573127,0.0036331261457626467,0.010471585887237372,47220,
control,transfer_june,PKOBP,2017-06,xgboost,F5,S0,43,20,f4b6104ca1443388d42dd251ca97057d4f5e4a46801dad022074d85941ee0943,2017-06-12,0.024937761290153362,-0.04209782701414293,2.1298209819174168,-0.0022176741115590404,0.011231463061913827,75328,
control,transfer_june,PKOBP,2017-06,xgboost,F5,S0,43,20,f4b6104ca1443388d42dd251ca97057d4f5e4a46801dad022074d85941ee0943,2017-06-13,0.0023232105104977027,0.04208094186334268,2.21666688410007,-0.0001776919310565649,0.012966650077219187,62387,
control,transfer_june,PKOBP,2017-06,xgboost,F5,S0,43,20,f4b6104ca1443388d42dd251ca97057d4f5e4a46801dad022074d85941ee0943,2017-06-14,0.02313887429563597,-0.046265735389865545,2.270551060079342,-0.0005411336298125348,0.011413205572320295,58941,
control,transfer_june,PKOBP,2017-06,xgboost,F5,S0,43,20,f4b6104ca1443388d42dd251ca97057d4f5e4a46801dad022074d85941ee0943,2017-06-16,0.020911214737238844,0.031574082219943955,2.5617631828222396,-0.00017921154614854788,0.013889745622744705,55744,
control,transfer_june,PKOBP,2017-06,xgboost,F5,S0,43,20,f4b6104ca1443388d42dd251ca97057d4f5e4a46801dad022074d85941ee0943,2017-06-19,-0.028221091128378416,0.014576832810280162,2.903727034518324,-0.0007767350434924579,0.017080614142113416,34767,
control,transfer_june,PKOBP,2017-06,xgboost,F5,S0,43,20,f4b6104ca1443388d42dd251ca97057d4f5e4a46801dad022074d85941ee0943,2017-06-20,-0.03560683391484086,-0.07682827494650352,2.0522863391968214,-3.3496487387178253e-06,0.012764863331035447,51504,
control,transfer_june,PKOBP,2017-06,xgboost,F5,S0,43,20,f4b6104ca1443388d42dd251ca97057d4f5e4a46801dad022074d85941ee0943,2017-06-21,0.00011041357240632719,-0.010758537872136665,2.663100699602058,0.006082275648492376,0.016457828385564328,60429,
control,transfer_june,PKOBP,2017-06,xgboost,F5,S0,43,20,f4b6104ca1443388d42dd251ca97057d4f5e4a46801dad022074d85941ee0943,2017-06-22,0.03745775730703155,0.04229996770724534,2.4314133326366316,0.005883256325780684,0.013941583120193845,26905,
control,transfer_june,PKOBP,2017-06,xgboost,F5,S0,43,20,f4b6104ca1443388d42dd251ca97057d4f5e4a46801dad022074d85941ee0943,2017-06-23,0.053365998393595356,-0.0033174522248443404,2.66962460302591,0.0060848567133438974,0.015293751844985933,47556,
control,transfer_june,PKOBP,2017-06,xgboost,F5,S0,43,20,f4b6104ca1443388d42dd251ca97057d4f5e4a46801dad022074d85941ee0943,2017-06-26,0.049647749323012726,0.05297741958616015,2.1843246728685584,0.0041512625856479505,0.012287308416479325,50958,
control,transfer_june,PKOBP,2017-06,xgboost,F5,S0,43,20,f4b6104ca1443388d42dd251ca97057d4f5e4a46801dad022074d85941ee0943,2017-06-27,-0.007896274230778913,-0.04014556565841203,2.551841923090862,0.00034773668748740735,0.013781447657042707,43146,
control,transfer_june,PKOBP,2017-06,xgboost,F5,S0,43,20,f4b6104ca1443388d42dd251ca97057d4f5e4a46801dad022074d85941ee0943,2017-06-28,0.03863881306012219,-0.025060217297699548,2.289106059822612,0.006829028746658995,0.011121206566776938,57632,
control,transfer_june,PKOBP,2017-06,xgboost,F5,S0,43,20,f4b6104ca1443388d42dd251ca97057d4f5e4a46801dad022074d85941ee0943,2017-06-29,0.024518408524355325,0.0038430386374690207,2.426852917535377,0.00367937707333226,0.016766629966683363,45107,
control,transfer_june,PKOBP,2017-06,xgboost,F5,S0,43,20,f4b6104ca1443388d42dd251ca97057d4f5e4a46801dad022074d85941ee0943,2017-06-30,0.04752027058159166,0.00779571133507352,2.1240257766535957,0.002403876681531354,0.013191647844192562,40092,
control,transfer_june,PKOBP,2017-06,xgboost,F5,S0,71,20,8f520076a9cb94f4a530ee00580828a1a8e0083b75a10181a1dbcc1d1d4d6c29,2017-06-01,0.01846017345576878,-0.03793380359417656,1.5490195780482146,-0.00140100591593651,0.009847659800664486,50774,
control,transfer_june,PKOBP,2017-06,xgboost,F5,S0,71,20,8f520076a9cb94f4a530ee00580828a1a8e0083b75a10181a1dbcc1d1d4d6c29,2017-06-02,0.08869461689526169,-0.0033531217355494787,2.062991292566417,-0.0004304606961848782,0.01068265063988053,49694,
control,transfer_june,PKOBP,2017-06,xgboost,F5,S0,71,20,8f520076a9cb94f4a530ee00580828a1a8e0083b75a10181a1dbcc1d1d4d6c29,2017-06-05,0.10658495976502042,0.037729087391150606,2.2247047296010543,0.0017246592993566572,0.01109854094112564,42497,
control,transfer_june,PKOBP,2017-06,xgboost,F5,S0,71,20,8f520076a9cb94f4a530ee00580828a1a8e0083b75a10181a1dbcc1d1d4d6c29,2017-06-06,0.011295816327464212,0.02559652735077806,2.459226810317787,0.002030815852297761,0.015825376310126153,63639,
control,transfer_june,PKOBP,2017-06,xgboost,F5,S0,71,20,8f520076a9cb94f4a530ee00580828a1a8e0083b75a10181a1dbcc1d1d4d6c29,2017-06-07,0.05355620516225374,-0.02939136726478048,2.5272508064086994,0.0026440406867208693,0.014935767363000684,48610,
control,transfer_june,PKOBP,2017-06,xgboost,F5,S0,71,20,8f520076a9cb94f4a530ee00580828a1a8e0083b75a10181a1dbcc1d1d4d6c29,2017-06-08,0.02374583049853032,0.05910864783468554,2.272472087584434,0.0024743137811087546,0.011755136238083806,43634,
control,transfer_june,PKOBP,2017-06,xgboost,F5,S0,71,20,8f520076a9cb94f4a530ee00580828a1a8e0083b75a10181a1dbcc1d1d4d6c29,2017-06-09,0.03269851681469482,-0.07761432503447417,2.178742549573127,0.003412335533705926,0.011508139473509451,47220,
control,transfer_june,PKOBP,2017-06,xgboost,F5,S0,71,20,8f520076a9cb94f4a530ee00580828a1a8e0083b75a10181a1dbcc1d1d4d6c29,2017-06-12,0.0358318403931162,-0.04209782701414293,2.1298209819174168,-0.0014780345696518322,0.011731530471773735,75328,
control,transfer_june,PKOBP,2017-06,xgboost,F5,S0,71,20,8f520076a9cb94f4a530ee00580828a1a8e0083b75a10181a1dbcc1d1d4d6c29,2017-06-13,0.07007895706427729,0.04208094186334268,2.21666688410007,0.002343474152260485,0.013717695290970276,62387,
control,transfer_june,PKOBP,2017-06,xgboost,F5,S0,71,20,8f520076a9cb94f4a530ee00580828a1a8e0083b75a10181a1dbcc1d1d4d6c29,2017-06-14,0.057858868475181895,-0.046265735389865545,2.270551060079342,0.00017793574447394345,0.012143702891807101,58941,
control,transfer_june,PKOBP,2017-06,xgboost,F5,S0,71,20,8f520076a9cb94f4a530ee00580828a1a8e0083b75a10181a1dbcc1d1d4d6c29,2017-06-16,0.06138774447983261,0.031574082219943955,2.5617631828222396,0.0011339199398617036,0.014611711604622941,55744,
control,transfer_june,PKOBP,2017-06,xgboost,F5,S0,71,20,8f520076a9cb94f4a530ee00580828a1a8e0083b75a10181a1dbcc1d1d4d6c29,2017-06-19,0.03552957360434475,0.014576832810280162,2.903727034518324,0.0010488040785446345,0.016969195627478614,34767,
control,transfer_june,PKOBP,2017-06,xgboost,F5,S0,71,20,8f520076a9cb94f4a530ee00580828a1a8e0083b75a10181a1dbcc1d1d4d6c29,2017-06-20,0.06575000651443962,-0.07682827494650352,2.0522863391968214,6.481039969310015e-05,0.0129921934738609,51504,
control,transfer_june,PKOBP,2017-06,xgboost,F5,S0,71,20,8f520076a9cb94f4a530ee00580828a1a8e0083b75a10181a1dbcc1d1d4d6c29,2017-06-21,0.04066043088101067,-0.010758537872136665,2.663100699602058,0.005084982255221934,0.015670741902812032,60429,
control,transfer_june,PKOBP,2017-06,xgboost,F5,S0,71,20,8f520076a9cb94f4a530ee00580828a1a8e0083b75a10181a1dbcc1d1d4d6c29,2017-06-22,0.05317414957929945,0.04229996770724534,2.4314133326366316,0.0070641140317436344,0.015137381731330257,26905,
control,transfer_june,PKOBP,2017-06,xgboost,F5,S0,71,20,8f520076a9cb94f4a530ee00580828a1a8e0083b75a10181a1dbcc1d1d4d6c29,2017-06-23,0.03826729773733654,-0.0033174522248443404,2.66962460302591,0.003138454524487018,0.01665451255230237,47556,
control,transfer_june,PKOBP,2017-06,xgboost,F5,S0,71,20,8f520076a9cb94f4a530ee00580828a1a8e0083b75a10181a1dbcc1d1d4d6c29,2017-06-26,0.06744803069933542,0.05297741958616015,2.1843246728685584,0.0039568381821859875,0.01156916256960246,50958,
control,transfer_june,PKOBP,2017-06,xgboost,F5,S0,71,20,8f520076a9cb94f4a530ee00580828a1a8e0083b75a10181a1dbcc1d1d4d6c29,2017-06-27,0.026609201227829855,-0.04014556565841203,2.551841923090862,0.00105933484496194,0.015122955910761978,43146,
control,transfer_june,PKOBP,2017-06,xgboost,F5,S0,71,20,8f520076a9cb94f4a530ee00580828a1a8e0083b75a10181a1dbcc1d1d4d6c29,2017-06-28,0.10177794951074248,-0.025060217297699548,2.289106059822612,0.005568183147541929,0.011091670094866671,57632,
control,transfer_june,PKOBP,2017-06,xgboost,F5,S0,71,20,8f520076a9cb94f4a530ee00580828a1a8e0083b75a10181a1dbcc1d1d4d6c29,2017-06-29,0.0770025677614598,0.0038430386374690207,2.426852917535377,0.005285445140661455,0.014520858261071813,45107,
control,transfer_june,PKOBP,2017-06,xgboost,F5,S0,71,20,8f520076a9cb94f4a530ee00580828a1a8e0083b75a10181a1dbcc1d1d4d6c29,2017-06-30,0.06363131037099119,0.00779571133507352,2.1240257766535957,0.004300908500872326,0.011761508303574296,40092,
control,transfer_june,PKOBP,2017-06,xgboost,F5,S1,7,20,219040c3c49d40d50b230ef2ca0030d0de12155954737668f01feb72ca5e086b,2017-06-01,-0.010710730439649695,-0.03793380359417656,1.5490195780482146,0.0018955128447512518,0.00710753046892726,50774,
control,transfer_june,PKOBP,2017-06,xgboost,F5,S1,7,20,219040c3c49d40d50b230ef2ca0030d0de12155954737668f01feb72ca5e086b,2017-06-02,-0.05126458510928014,-0.0033531217355494787,2.062991292566417,0.002933325151842008,0.00845068162875593,49694,
control,transfer_june,PKOBP,2017-06,xgboost,F5,S1,7,20,219040c3c49d40d50b230ef2ca0030d0de12155954737668f01feb72ca5e086b,2017-06-05,-0.047845392919720356,0.037729087391150606,2.2247047296010543,0.0031833914914992313,0.009748179020164904,42497,
control,transfer_june,PKOBP,2017-06,xgboost,F5,S1,7,20,219040c3c49d40d50b230ef2ca0030d0de12155954737668f01feb72ca5e086b,2017-06-06,-0.04842880170241718,0.02559652735077806,2.459226810317787,0.003683730992505173,0.01308805333699481,63639,
control,transfer_june,PKOBP,2017-06,xgboost,F5,S1,7,20,219040c3c49d40d50b230ef2ca0030d0de12155954737668f01feb72ca5e086b,2017-06-07,-0.011484316254863782,-0.02939136726478048,2.5272508064086994,0.0033900350805680843,0.010165948387726623,48610,
control,transfer_june,PKOBP,2017-06,xgboost,F5,S1,7,20,219040c3c49d40d50b230ef2ca0030d0de12155954737668f01feb72ca5e086b,2017-06-08,-0.05723240538075981,0.05910864783468554,2.272472087584434,0.00340628570427469,0.009811547083512218,43634,
control,transfer_june,PKOBP,2017-06,xgboost,F5,S1,7,20,219040c3c49d40d50b230ef2ca0030d0de12155954737668f01feb72ca5e086b,2017-06-09,-0.043597424557035594,-0.07761432503447417,2.178742549573127,0.0037628591670524542,0.00848238352501357,47220,
control,transfer_june,PKOBP,2017-06,xgboost,F5,S1,7,20,219040c3c49d40d50b230ef2ca0030d0de12155954737668f01feb72ca5e086b,2017-06-12,-0.04052177624839234,-0.04209782701414293,2.1298209819174168,0.0025326566666840494,0.008533562077096315,75328,
control,transfer_june,PKOBP,2017-06,xgboost,F5,S1,7,20,219040c3c49d40d50b230ef2ca0030d0de12155954737668f01feb72ca5e086b,2017-06-13,0.016927167625856374,0.04208094186334268,2.21666688410007,0.0035876044245855047,0.009784226452489178,62387,
control,transfer_june,PKOBP,2017-06,xgboost,F5,S1,7,20,219040c3c49d40d50b230ef2ca0030d0de12155954737668f01feb72ca5e086b,2017-06-14,0.023912838464337047,-0.046265735389865545,2.270551060079342,0.002569386906080164,0.008609245288422229,58941,
control,transfer_june,PKOBP,2017-06,xgboost,F5,S1,7,20,219040c3c49d40d50b230ef2ca0030d0de12155954737668f01feb72ca5e086b,2017-06-16,-0.00323709635772853,0.031574082219943955,2.5617631828222396,0.0034650879302021496,0.010631201370821191,55744,
control,transfer_june,PKOBP,2017-06,xgboost,F5,S1,7,20,219040c3c49d40d50b230ef2ca0030d0de12155954737668f01feb72ca5e086b,2017-06-19,-0.0013469942663153994,0.014576832810280162,2.903727034518324,0.003964561197858542,0.012063355456812117,34767,
control,transfer_june,PKOBP,2017-06,xgboost,F5,S1,7,20,219040c3c49d40d50b230ef2ca0030d0de12155954737668f01feb72ca5e086b,2017-06-20,0.004126950733893539,-0.07682827494650352,2.0522863391968214,0.0014993883843646746,0.009079909138149458,51504,
control,transfer_june,PKOBP,2017-06,xgboost,F5,S1,7,20,219040c3c49d40d50b230ef2ca0030d0de12155954737668f01feb72ca5e086b,2017-06-21,0.028035280460983546,-0.010758537872136665,2.663100699602058,0.00414021837012017,0.01478026038196272,60429,
control,transfer_june,PKOBP,2017-06,xgboost,F5,S1,7,20,219040c3c49d40d50b230ef2ca0030d0de12155954737668f01feb72ca5e086b,2017-06-22,-0.031099837860220646,0.04229996770724534,2.4314133326366316,0.0052096904504809185,0.011423186900745843,26905,
control,transfer_june,PKOBP,2017-06,xgboost,F5,S1,7,20,219040c3c49d40d50b230ef2ca0030d0de12155954737668f01feb72ca5e086b,2017-06-23,0.014969559152458903,-0.0033174522248443404,2.66962460302591,0.003525913419485229,0.012115753254107749,47556,
control,transfer_june,PKOBP,2017-06,xgboost,F5,S1,7,20,219040c3c49d40d50b230ef2ca0030d0de12155954737668f01feb72ca5e086b,2017-06-26,0.0021971888607283333,0.05297741958616015,2.1843246728685584,0.0034754115969488626,0.01003553467728365,50958,
control,transfer_june,PKOBP,2017-06,xgboost,F5,S1,7,20,219040c3c49d40d50b230ef2ca0030d0de12155954737668f01feb72ca5e086b,2017-06-27,0.03847599849341468,-0.04014556565841203,2.551841923090862,0.0034308183004411385,0.011657614474372718,43146,
control,transfer_june,PKOBP,2017-06,xgboost,F5,S1,7,20,219040c3c49d40d50b230ef2ca0030d0de12155954737668f01feb72ca5e086b,2017-06-28,-0.0007884189920027977,-0.025060217297699548,2.289106059822612,0.003856479900099837,0.009716921682697941,57632,
control,transfer_june,PKOBP,2017-06,xgboost,F5,S1,7,20,219040c3c49d40d50b230ef2ca0030d0de12155954737668f01feb72ca5e086b,2017-06-29,0.03199707101859762,0.0038430386374690207,2.426852917535377,0.003881356348151655,0.01190954388132817,45107,
control,transfer_june,PKOBP,2017-06,xgboost,F5,S1,7,20,219040c3c49d40d50b230ef2ca0030d0de12155954737668f01feb72ca5e086b,2017-06-30,-0.009568405033552456,0.00779571133507352,2.1240257766535957,0.0030359015351784937,0.00903806106293797,40092,
control,transfer_june,PKOBP,2017-06,xgboost,F5,S1,17,20,547cd494466a7bd893ee1399b2444bd62d6fdff76d08342f6e064c7772868e6a,2017-06-01,-0.0035884560384429067,-0.03793380359417656,1.5490195780482146,0.0037861022308842127,0.006600869695269066,50774,
control,transfer_june,PKOBP,2017-06,xgboost,F5,S1,17,20,547cd494466a7bd893ee1399b2444bd62d6fdff76d08342f6e064c7772868e6a,2017-06-02,0.02280372914729961,-0.0033531217355494787,2.062991292566417,0.0032271279955045956,0.008468340234452863,49694,
control,transfer_june,PKOBP,2017-06,xgboost,F5,S1,17,20,547cd494466a7bd893ee1399b2444bd62d6fdff76d08342f6e064c7772868e6a,2017-06-05,0.041547116452065234,0.037729087391150606,2.2247047296010543,0.003524109593802727,0.009335678061072194,42497,
control,transfer_june,PKOBP,2017-06,xgboost,F5,S1,17,20,547cd494466a7bd893ee1399b2444bd62d6fdff76d08342f6e064c7772868e6a,2017-06-06,0.018378117564215608,0.02559652735077806,2.459226810317787,0.0030119651121087564,0.012818270653903443,63639,
control,transfer_june,PKOBP,2017-06,xgboost,F5,S1,17,20,547cd494466a7bd893ee1399b2444bd62d6fdff76d08342f6e064c7772868e6a,2017-06-07,-0.016266935797475016,-0.02939136726478048,2.5272508064086994,0.003050475935771164,0.00971532341439068,48610,
control,transfer_june,PKOBP,2017-06,xgboost,F5,S1,17,20,547cd494466a7bd893ee1399b2444bd62d6fdff76d08342f6e064c7772868e6a,2017-06-08,0.007376954002314362,0.05910864783468554,2.272472087584434,0.002269860927116756,0.00976636359504938,43634,
control,transfer_june,PKOBP,2017-06,xgboost,F5,S1,17,20,547cd494466a7bd893ee1399b2444bd62d6fdff76d08342f6e064c7772868e6a,2017-06-09,-0.031076660143931983,-0.07761432503447417,2.178742549573127,0.0023691244784469234,0.008860922872933828,47220,
control,transfer_june,PKOBP,2017-06,xgboost,F5,S1,17,20,547cd494466a7bd893ee1399b2444bd62d6fdff76d08342f6e064c7772868e6a,2017-06-12,0.012203674417805602,-0.04209782701414293,2.1298209819174168,0.004218595968892706,0.008585155055410373,75328,
control,transfer_june,PKOBP,2017-06,xgboost,F5,S1,17,20,547cd494466a7bd893ee1399b2444bd62d6fdff76d08342f6e064c7772868e6a,2017-06-13,0.0057447043865517375,0.04208094186334268,2.21666688410007,0.004564496342933789,0.009904992597658667,62387,
control,transfer_june,PKOBP,2017-06,xgboost,F5,S1,17,20,547cd494466a7bd893ee1399b2444bd62d6fdff76d08342f6e064c7772868e6a,2017-06-14,-0.02235563117544021,-0.046265735389865545,2.270551060079342,0.0037008705525991238,0.008223253615851021,58941,
control,transfer_june,PKOBP,2017-06,xgboost,F5,S1,17,20,547cd494466a7bd893ee1399b2444bd62d6fdff76d08342f6e064c7772868e6a,2017-06-16,-0.018984144216998247,0.031574082219943955,2.5617631828222396,0.004203932840301426,0.01033118874985809,55744,
control,transfer_june,PKOBP,2017-06,xgboost,F5,S1,17,20,547cd494466a7bd893ee1399b2444bd62d6fdff76d08342f6e064c7772868e6a,2017-06-19,0.01129303063893012,0.014576832810280162,2.903727034518324,0.002977603971455492,0.012071613830615772,34767,
control,transfer_june,PKOBP,2017-06,xgboost,F5,S1,17,20,547cd494466a7bd893ee1399b2444bd62d6fdff76d08342f6e064c7772868e6a,2017-06-20,-0.015273767112271857,-0.07682827494650352,2.0522863391968214,0.003894804517448694,0.008903193343602935,51504,
control,transfer_june,PKOBP,2017-06,xgboost,F5,S1,17,20,547cd494466a7bd893ee1399b2444bd62d6fdff76d08342f6e064c7772868e6a,2017-06-21,0.0006376529910251747,-0.010758537872136665,2.663100699602058,0.004508007723806589,0.01376586786126974,60429,
control,transfer_june,PKOBP,2017-06,xgboost,F5,S1,17,20,547cd494466a7bd893ee1399b2444bd62d6fdff76d08342f6e064c7772868e6a,2017-06-22,0.024920455972458903,0.04229996770724534,2.4314133326366316,0.005362337394944612,0.01075843710961402,26905,
control,transfer_june,PKOBP,2017-06,xgboost,F5,S1,17,20,547cd494466a7bd893ee1399b2444bd62d6fdff76d08342f6e064c7772868e6a,2017-06-23,0.011729651443088128,-0.0033174522248443404,2.66962460302591,0.005255862675910634,0.012789771851141503,47556,
control,transfer_june,PKOBP,2017-06,xgboost,F5,S1,17,20,547cd494466a7bd893ee1399b2444bd62d6fdff76d08342f6e064c7772868e6a,2017-06-26,0.015319237312740958,0.05297741958616015,2.1843246728685584,0.004639502754056625,0.009143642600487034,50958,
control,transfer_june,PKOBP,2017-06,xgboost,F5,S1,17,20,547cd494466a7bd893ee1399b2444bd62d6fdff76d08342f6e064c7772868e6a,2017-06-27,-0.04135893347803376,-0.04014556565841203,2.551841923090862,0.004552685929461256,0.010866972546415773,43146,
control,transfer_june,PKOBP,2017-06,xgboost,F5,S1,17,20,547cd494466a7bd893ee1399b2444bd62d6fdff76d08342f6e064c7772868e6a,2017-06-28,-0.005581647770297593,-0.025060217297699548,2.289106059822612,0.004464766383709608,0.008879096798658326,57632,
control,transfer_june,PKOBP,2017-06,xgboost,F5,S1,17,20,547cd494466a7bd893ee1399b2444bd62d6fdff76d08342f6e064c7772868e6a,2017-06-29,0.013068563428555807,0.0038430386374690207,2.426852917535377,0.004601032393994201,0.010976774450433555,45107,
control,transfer_june,PKOBP,2017-06,xgboost,F5,S1,17,20,547cd494466a7bd893ee1399b2444bd62d6fdff76d08342f6e064c7772868e6a,2017-06-30,0.008520571579434809,0.00779571133507352,2.1240257766535957,0.004427940782188511,0.009155279037511878,40092,
control,transfer_june,PKOBP,2017-06,xgboost,F5,S1,29,20,305c0a61ce38d1972c76783030b99f0882bca01347e76d5b1a9059663d89a617,2017-06-01,-0.0031552879548014607,-0.03793380359417656,1.5490195780482146,0.003666714605641061,0.006753409861297341,50774,
control,transfer_june,PKOBP,2017-06,xgboost,F5,S1,29,20,305c0a61ce38d1972c76783030b99f0882bca01347e76d5b1a9059663d89a617,2017-06-02,-0.05874448716266099,-0.0033531217355494787,2.062991292566417,0.004383773974289205,0.007997123814968359,49694,
control,transfer_june,PKOBP,2017-06,xgboost,F5,S1,29,20,305c0a61ce38d1972c76783030b99f0882bca01347e76d5b1a9059663d89a617,2017-06-05,-0.062278430948589515,0.037729087391150606,2.2247047296010543,0.005127674282202715,0.009680304568455332,42497,
control,transfer_june,PKOBP,2017-06,xgboost,F5,S1,29,20,305c0a61ce38d1972c76783030b99f0882bca01347e76d5b1a9059663d89a617,2017-06-06,-0.012537464206106562,0.02559652735077806,2.459226810317787,0.004889061023218296,0.013842538793409182,63639,
control,transfer_june,PKOBP,2017-06,xgboost,F5,S1,29,20,305c0a61ce38d1972c76783030b99f0882bca01347e76d5b1a9059663d89a617,2017-06-07,-0.04427360943015822,-0.02939136726478048,2.5272508064086994,0.004520068862863905,0.011103171885587853,48610,
control,transfer_june,PKOBP,2017-06,xgboost,F5,S1,29,20,305c0a61ce38d1972c76783030b99f0882bca01347e76d5b1a9059663d89a617,2017-06-08,-0.05824795397498688,0.05910864783468554,2.272472087584434,0.0046147198050393076,0.010690312146257019,43634,
control,transfer_june,PKOBP,2017-06,xgboost,F5,S1,29,20,305c0a61ce38d1972c76783030b99f0882bca01347e76d5b1a9059663d89a617,2017-06-09,-0.03274591130171066,-0.07761432503447417,2.178742549573127,0.004421496927785624,0.009669331785037621,47220,
control,transfer_june,PKOBP,2017-06,xgboost,F5,S1,29,20,305c0a61ce38d1972c76783030b99f0882bca01347e76d5b1a9059663d89a617,2017-06-12,-0.02702918130505923,-0.04209782701414293,2.1298209819174168,0.004638339862667125,0.00872127461545284,75328,
control,transfer_june,PKOBP,2017-06,xgboost,F5,S1,29,20,305c0a61ce38d1972c76783030b99f0882bca01347e76d5b1a9059663d89a617,2017-06-13,-0.033994437992317716,0.04208094186334268,2.21666688410007,0.0045827940965421175,0.010317777875862766,62387,
control,transfer_june,PKOBP,2017-06,xgboost,F5,S1,29,20,305c0a61ce38d1972c76783030b99f0882bca01347e76d5b1a9059663d89a617,2017-06-14,-0.005472278352203589,-0.046265735389865545,2.270551060079342,0.004467359149512266,0.008629267069952616,58941,
control,transfer_june,PKOBP,2017-06,xgboost,F5,S1,29,20,305c0a61ce38d1972c76783030b99f0882bca01347e76d5b1a9059663d89a617,2017-06-16,-0.015674316680160248,0.031574082219943955,2.5617631828222396,0.004490541168823791,0.010512269843822487,55744,
control,transfer_june,PKOBP,2017-06,xgboost,F5,S1,29,20,305c0a61ce38d1972c76783030b99f0882bca01347e76d5b1a9059663d89a617,2017-06-19,-0.009674658182711886,0.014576832810280162,2.903727034518324,0.005361655684145336,0.012546269696932769,34767,
control,transfer_june,PKOBP,2017-06,xgboost,F5,S1,29,20,305c0a61ce38d1972c76783030b99f0882bca01347e76d5b1a9059663d89a617,2017-06-20,0.019292816936445543,-0.07682827494650352,2.0522863391968214,0.00463480793017228,0.009082954591046931,51504,
control,transfer_june,PKOBP,2017-06,xgboost,F5,S1,29,20,305c0a61ce38d1972c76783030b99f0882bca01347e76d5b1a9059663d89a617,2017-06-21,-0.04698708846243725,-0.010758537872136665,2.663100699602058,0.0044237703055077515,0.012655060790061614,60429,
control,transfer_june,PKOBP,2017-06,xgboost,F5,S1,29,20,305c0a61ce38d1972c76783030b99f0882bca01347e76d5b1a9059663d89a617,2017-06-22,-0.04855145182166234,0.04229996770724534,2.4314133326366316,0.004080369666697659,0.011487045634443877,26905,
control,transfer_june,PKOBP,2017-06,xgboost,F5,S1,29,20,305c0a61ce38d1972c76783030b99f0882bca01347e76d5b1a9059663d89a617,2017-06-23,-0.021641341033745782,-0.0033174522248443404,2.66962460302591,0.004077343769921988,0.012088841171428909,47556,
control,transfer_june,PKOBP,2017-06,xgboost,F5,S1,29,20,305c0a61ce38d1972c76783030b99f0882bca01347e76d5b1a9059663d89a617,2017-06-26,-0.05211595725577102,0.05297741958616015,2.1843246728685584,0.004153797418533341,0.008770844648495913,50958,
control,transfer_june,PKOBP,2017-06,xgboost,F5,S1,29,20,305c0a61ce38d1972c76783030b99f0882bca01347e76d5b1a9059663d89a617,2017-06-27,-0.010119838922249286,-0.04014556565841203,2.551841923090862,0.004650511193565878,0.010398476016429242,43146,
control,transfer_june,PKOBP,2017-06,xgboost,F5,S1,29,20,305c0a61ce38d1972c76783030b99f0882bca01347e76d5b1a9059663d89a617,2017-06-28,-0.024054692895010228,-0.025060217297699548,2.289106059822612,0.004237325328753875,0.00911197384106947,57632,
control,transfer_june,PKOBP,2017-06,xgboost,F5,S1,29,20,305c0a61ce38d1972c76783030b99f0882bca01347e76d5b1a9059663d89a617,2017-06-29,-0.04951547368812303,0.0038430386374690207,2.426852917535377,0.004877660663677542,0.010075908763035187,45107,
control,transfer_june,PKOBP,2017-06,xgboost,F5,S1,29,20,305c0a61ce38d1972c76783030b99f0882bca01347e76d5b1a9059663d89a617,2017-06-30,-0.024202948211184044,0.00779571133507352,2.1240257766535957,0.003972178629405916,0.009060957389727384,40092,
control,transfer_june,PKOBP,2017-06,xgboost,F5,S1,43,20,bd55d76b8fa39ab6064048c7ccb513e4b0e0a4b7d07f25fae4bac9eb9fc80de2,2017-06-01,-0.0052812459521057115,-0.03793380359417656,1.5490195780482146,0.0037381101922206103,0.007391670962440951,50774,
control,transfer_june,PKOBP,2017-06,xgboost,F5,S1,43,20,bd55d76b8fa39ab6064048c7ccb513e4b0e0a4b7d07f25fae4bac9eb9fc80de2,2017-06-02,0.026425608881013987,-0.0033531217355494787,2.062991292566417,0.0036109279207855653,0.008691285183381343,49694,
control,transfer_june,PKOBP,2017-06,xgboost,F5,S1,43,20,bd55d76b8fa39ab6064048c7ccb513e4b0e0a4b7d07f25fae4bac9eb9fc80de2,2017-06-05,0.03510345235446177,0.037729087391150606,2.2247047296010543,0.003626158686189868,0.009331763610859519,42497,
control,transfer_june,PKOBP,2017-06,xgboost,F5,S1,43,20,bd55d76b8fa39ab6064048c7ccb513e4b0e0a4b7d07f25fae4bac9eb9fc80de2,2017-06-06,-0.002379943749291418,0.02559652735077806,2.459226810317787,0.0022086382263798803,0.014548899279688008,63639,
control,transfer_june,PKOBP,2017-06,xgboost,F5,S1,43,20,bd55d76b8fa39ab6064048c7ccb513e4b0e0a4b7d07f25fae4bac9eb9fc80de2,2017-06-07,0.03758549819880368,-0.02939136726478048,2.5272508064086994,0.005494928893431442,0.014482494136253729,48610,
control,transfer_june,PKOBP,2017-06,xgboost,F5,S1,43,20,bd55d76b8fa39ab6064048c7ccb513e4b0e0a4b7d07f25fae4bac9eb9fc80de2,2017-06-08,-0.010895640689448585,0.05910864783468554,2.272472087584434,0.0038859691896401404,0.009758413559475158,43634,
control,transfer_june,PKOBP,2017-06,xgboost,F5,S1,43,20,bd55d76b8fa39ab6064048c7ccb513e4b0e0a4b7d07f25fae4bac9eb9fc80de2,2017-06-09,0.029183837228298516,-0.07761432503447417,2.178742549573127,0.0039143875346773285,0.008937674235668137,47220,
control,transfer_june,PKOBP,2017-06,xgboost,F5,S1,43,20,bd55d76b8fa39ab6064048c7ccb513e4b0e0a4b7d07f25fae4bac9eb9fc80de2,2017-06-12,0.025805721431362734,-0.04209782701414293,2.1298209819174168,0.003394484164298932,0.009056235317489563,75328,
control,transfer_june,PKOBP,2017-06,xgboost,F5,S1,43,20,bd55d76b8fa39ab6064048c7ccb513e4b0e0a4b7d07f25fae4bac9eb9fc80de2,2017-06-13,-0.025378740138042612,0.04208094186334268,2.21666688410007,0.0029644329590218167,0.009841646910300591,62387,
control,transfer_june,PKOBP,2017-06,xgboost,F5,S1,43,20,bd55d76b8fa39ab6064048c7ccb513e4b0e0a4b7d07f25fae4bac9eb9fc80de2,2017-06-14,0.008759860234108,-0.046265735389865545,2.270551060079342,0.003850417488762575,0.009983951909983834,58941,
control,transfer_june,PKOBP,2017-06,xgboost,F5,S1,43,20,bd55d76b8fa39ab6064048c7ccb513e4b0e0a4b7d07f25fae4bac9eb9fc80de2,2017-06-16,0.009189953133477462,0.031574082219943955,2.5617631828222396,0.002202974061835796,0.011251222068750467,55744,
control,transfer_june,PKOBP,2017-06,xgboost,F5,S1,43,20,bd55d76b8fa39ab6064048c7ccb513e4b0e0a4b7d07f25fae4bac9eb9fc80de2,2017-06-19,0.0035894328198317715,0.014576832810280162,2.903727034518324,0.001956048508313182,0.012312517221464831,34767,
control,transfer_june,PKOBP,2017-06,xgboost,F5,S1,43,20,bd55d76b8fa39ab6064048c7ccb513e4b0e0a4b7d07f25fae4bac9eb9fc80de2,2017-06-20,0.014183518034877298,-0.07682827494650352,2.0522863391968214,0.0037785175316880997,0.01021312205473879,51504,
control,transfer_june,PKOBP,2017-06,xgboost,F5,S1,43,20,bd55d76b8fa39ab6064048c7ccb513e4b0e0a4b7d07f25fae4bac9eb9fc80de2,2017-06-21,-0.0189366084246254,-0.010758537872136665,2.663100699602058,0.00198147841276886,0.013025506320179162,60429,
control,transfer_june,PKOBP,2017-06,xgboost,F5,S1,43,20,bd55d76b8fa39ab6064048c7ccb513e4b0e0a4b7d07f25fae4bac9eb9fc80de2,2017-06-22,-0.01782728665728467,0.04229996770724534,2.4314133326366316,0.0016472471153306124,0.011240367938068893,26905,
control,transfer_june,PKOBP,2017-06,xgboost,F5,S1,43,20,bd55d76b8fa39ab6064048c7ccb513e4b0e0a4b7d07f25fae4bac9eb9fc80de2,2017-06-23,-0.0037840765430680427,-0.0033174522248443404,2.66962460302591,0.0025288819773380783,0.012920607351074996,47556,
control,transfer_june,PKOBP,2017-06,xgboost,F5,S1,43,20,bd55d76b8fa39ab6064048c7ccb513e4b0e0a4b7d07f25fae4bac9eb9fc80de2,2017-06-26,0.021988230029424564,0.05297741958616015,2.1843246728685584,0.0030194129002650773,0.009316016164672331,50958,
control,transfer_june,PKOBP,2017-06,xgboost,F5,S1,43,20,bd55d76b8fa39ab6064048c7ccb513e4b0e0a4b7d07f25fae4bac9eb9fc80de2,2017-06-27,-0.00023374838657826114,-0.04014556565841203,2.551841923090862,0.002225129032678042,0.011002968124828146,43146,
control,transfer_june,PKOBP,2017-06,xgboost,F5,S1,43,20,bd55d76b8fa39ab6064048c7ccb513e4b0e0a4b7d07f25fae4bac9eb9fc80de2,2017-06-28,-0.0019965789639626607,-0.025060217297699548,2.289106059822612,0.003196765556692573,0.010082178834290075,57632,
control,transfer_june,PKOBP,2017-06,xgboost,F5,S1,43,20,bd55d76b8fa39ab6064048c7ccb513e4b0e0a4b7d07f25fae4bac9eb9fc80de2,2017-06-29,-0.013587517262036136,0.0038430386374690207,2.426852917535377,0.002455084371860612,0.011288900450948505,45107,
control,transfer_june,PKOBP,2017-06,xgboost,F5,S1,43,20,bd55d76b8fa39ab6064048c7ccb513e4b0e0a4b7d07f25fae4bac9eb9fc80de2,2017-06-30,0.02425282352766384,0.00779571133507352,2.1240257766535957,0.002802689267334338,0.00983690839894875,40092,
control,transfer_june,PKOBP,2017-06,xgboost,F5,S1,71,20,4e7a5ff9243a5cfbb7c5224e486d0bdcfb7162988732fa548fa77d646f8a7215,2017-06-01,0.03774293117293011,-0.03793380359417656,1.5490195780482146,0.0027992739705013764,0.006988629191232588,50774,
control,transfer_june,PKOBP,2017-06,xgboost,F5,S1,71,20,4e7a5ff9243a5cfbb7c5224e486d0bdcfb7162988732fa548fa77d646f8a7215,2017-06-02,-0.0362051120393908,-0.0033531217355494787,2.062991292566417,0.0025327536325145767,0.008287345520410046,49694,
control,transfer_june,PKOBP,2017-06,xgboost,F5,S1,71,20,4e7a5ff9243a5cfbb7c5224e486d0bdcfb7162988732fa548fa77d646f8a7215,2017-06-05,-0.07991291542867474,0.037729087391150606,2.2247047296010543,0.002166275953559665,0.00934010117683215,42497,
control,transfer_june,PKOBP,2017-06,xgboost,F5,S1,71,20,4e7a5ff9243a5cfbb7c5224e486d0bdcfb7162988732fa548fa77d646f8a7215,2017-06-06,-0.03931353878487791,0.02559652735077806,2.459226810317787,0.0030495828953645593,0.01379987367824965,63639,
control,transfer_june,PKOBP,2017-06,xgboost,F5,S1,71,20,4e7a5ff9243a5cfbb7c5224e486d0bdcfb7162988732fa548fa77d646f8a7215,2017-06-07,-0.01485706239038233,-0.02939136726478048,2.5272508064086994,0.002890930168933797,0.01059896506382428,48610,
control,transfer_june,PKOBP,2017-06,xgboost,F5,S1,71,20,4e7a5ff9243a5cfbb7c5224e486d0bdcfb7162988732fa548fa77d646f8a7215,2017-06-08,-0.017764450827248476,0.05910864783468554,2.272472087584434,0.003316384047583492,0.009212782559156633,43634,
control,transfer_june,PKOBP,2017-06,xgboost,F5,S1,71,20,4e7a5ff9243a5cfbb7c5224e486d0bdcfb7162988732fa548fa77d646f8a7215,2017-06-09,-0.013395350551382322,-0.07761432503447417,2.178742549573127,0.0034482160505281715,0.008214130908489688,47220,
control,transfer_june,PKOBP,2017-06,xgboost,F5,S1,71,20,4e7a5ff9243a5cfbb7c5224e486d0bdcfb7162988732fa548fa77d646f8a7215,2017-06-12,0.009701953908896582,-0.04209782701414293,2.1298209819174168,0.0018010480466067362,0.008255037239007692,75328,
control,transfer_june,PKOBP,2017-06,xgboost,F5,S1,71,20,4e7a5ff9243a5cfbb7c5224e486d0bdcfb7162988732fa548fa77d646f8a7215,2017-06-13,0.006493504576499795,0.04208094186334268,2.21666688410007,0.0024501358627484833,0.00928329670083151,62387,
control,transfer_june,PKOBP,2017-06,xgboost,F5,S1,71,20,4e7a5ff9243a5cfbb7c5224e486d0bdcfb7162988732fa548fa77d646f8a7215,2017-06-14,0.0024373301440103923,-0.046265735389865545,2.270551060079342,0.002082387020675029,0.008797686998492588,58941,
control,transfer_june,PKOBP,2017-06,xgboost,F5,S1,71,20,4e7a5ff9243a5cfbb7c5224e486d0bdcfb7162988732fa548fa77d646f8a7215,2017-06-16,0.015333979543248747,0.031574082219943955,2.5617631828222396,0.000979441308603663,0.010208903278988575,55744,
control,transfer_june,PKOBP,2017-06,xgboost,F5,S1,71,20,4e7a5ff9243a5cfbb7c5224e486d0bdcfb7162988732fa548fa77d646f8a7215,2017-06-19,0.030238501898141285,0.014576832810280162,2.903727034518324,0.0036851866017304823,0.012090559987309199,34767,
control,transfer_june,PKOBP,2017-06,xgboost,F5,S1,71,20,4e7a5ff9243a5cfbb7c5224e486d0bdcfb7162988732fa548fa77d646f8a7215,2017-06-20,0.04769178724072551,-0.07682827494650352,2.0522863391968214,0.0019744637527919838,0.009389558080993982,51504,
control,transfer_june,PKOBP,2017-06,xgboost,F5,S1,71,20,4e7a5ff9243a5cfbb7c5224e486d0bdcfb7162988732fa548fa77d646f8a7215,2017-06-21,0.01417617681719166,-0.010758537872136665,2.663100699602058,0.0024458475674642693,0.014572068804948895,60429,
control,transfer_june,PKOBP,2017-06,xgboost,F5,S1,71,20,4e7a5ff9243a5cfbb7c5224e486d0bdcfb7162988732fa548fa77d646f8a7215,2017-06-22,-0.029583420685028644,0.04229996770724534,2.4314133326366316,0.002490090746907637,0.010093827783485583,26905,
control,transfer_june,PKOBP,2017-06,xgboost,F5,S1,71,20,4e7a5ff9243a5cfbb7c5224e486d0bdcfb7162988732fa548fa77d646f8a7215,2017-06-23,0.00209382126509799,-0.0033174522248443404,2.66962460302591,0.0028738555603874537,0.011889002892621849,47556,
control,transfer_june,PKOBP,2017-06,xgboost,F5,S1,71,20,4e7a5ff9243a5cfbb7c5224e486d0bdcfb7162988732fa548fa77d646f8a7215,2017-06-26,0.007212645394528658,0.05297741958616015,2.1843246728685584,0.0026558313282454885,0.009219850901427797,50958,
control,transfer_june,PKOBP,2017-06,xgboost,F5,S1,71,20,4e7a5ff9243a5cfbb7c5224e486d0bdcfb7162988732fa548fa77d646f8a7215,2017-06-27,0.03711416576917728,-0.04014556565841203,2.551841923090862,0.000772912086711968,0.011180471687032748,43146,
control,transfer_june,PKOBP,2017-06,xgboost,F5,S1,71,20,4e7a5ff9243a5cfbb7c5224e486d0bdcfb7162988732fa548fa77d646f8a7215,2017-06-28,-0.0058565362526067,-0.025060217297699548,2.289106059822612,0.0018287535785425236,0.009114760059914438,57632,
control,transfer_june,PKOBP,2017-06,xgboost,F5,S1,71,20,4e7a5ff9243a5cfbb7c5224e486d0bdcfb7162988732fa548fa77d646f8a7215,2017-06-29,-0.04018407384575791,0.0038430386374690207,2.426852917535377,0.0015852225901949676,0.010049604564596502,45107,
control,transfer_june,PKOBP,2017-06,xgboost,F5,S1,71,20,4e7a5ff9243a5cfbb7c5224e486d0bdcfb7162988732fa548fa77d646f8a7215,2017-06-30,-0.033174816527855304,0.00779571133507352,2.1240257766535957,0.0016672906195371571,0.00923410808277815,40092,
control,transfer_june,PZU,2017-06,xgboost,F5,S0,7,20,23c04915ba8fb414ff91211998f42bdeca92c1c1f2561b1ac8a519cf2c5f949b,2017-06-01,0.08831937727575224,0.04136386637090247,2.305825408842314,0.00523451903722279,0.012747051857726673,37200,
control,transfer_june,PZU,2017-06,xgboost,F5,S0,7,20,23c04915ba8fb414ff91211998f42bdeca92c1c1f2561b1ac8a519cf2c5f949b,2017-06-02,0.07021843160618998,0.0029458176609071626,1.8322732169766913,0.008307732637560697,0.009421487485560646,28483,
control,transfer_june,PZU,2017-06,xgboost,F5,S0,7,20,23c04915ba8fb414ff91211998f42bdeca92c1c1f2561b1ac8a519cf2c5f949b,2017-06-05,0.055122731963790576,-0.07116110741460968,2.6166699843027925,0.005066163086870541,0.013648535348358729,40516,
control,transfer_june,PZU,2017-06,xgboost,F5,S0,7,20,23c04915ba8fb414ff91211998f42bdeca92c1c1f2561b1ac8a519cf2c5f949b,2017-06-06,0.048079379528849164,-0.03430663298590677,2.4656976109754747,0.005328149763449655,0.013233972095411807,53671,
control,transfer_june,PZU,2017-06,xgboost,F5,S0,7,20,23c04915ba8fb414ff91211998f42bdeca92c1c1f2561b1ac8a519cf2c5f949b,2017-06-07,0.053013880671070296,-0.03749049128386694,2.103791967573465,0.009014874792736263,0.01228968130602189,35665,
control,transfer_june,PZU,2017-06,xgboost,F5,S0,7,20,23c04915ba8fb414ff91211998f42bdeca92c1c1f2561b1ac8a519cf2c5f949b,2017-06-08,0.04398832569374981,0.06803382897417344,2.116258414804265,0.0057409224268964755,0.01273035335984203,45460,
control,transfer_june,PZU,2017-06,xgboost,F5,S0,7,20,23c04915ba8fb414ff91211998f42bdeca92c1c1f2561b1ac8a519cf2c5f949b,2017-06-09,0.05667924680248043,-0.021356677720073623,2.4139864078741686,0.008099735340030318,0.022393610170618587,34663,
control,transfer_june,PZU,2017-06,xgboost,F5,S0,7,20,23c04915ba8fb414ff91211998f42bdeca92c1c1f2561b1ac8a519cf2c5f949b,2017-06-12,0.08918460744693635,-0.020155842576751147,2.3810756338388406,0.0070354946515653275,0.015161889873781849,41860,
control,transfer_june,PZU,2017-06,xgboost,F5,S0,7,20,23c04915ba8fb414ff91211998f42bdeca92c1c1f2561b1ac8a519cf2c5f949b,2017-06-13,0.05031213614601232,0.009741529256401645,2.3186690076985514,0.009702331299668104,0.018642941620812765,53404,
control,transfer_june,PZU,2017-06,xgboost,F5,S0,7,20,23c04915ba8fb414ff91211998f42bdeca92c1c1f2561b1ac8a519cf2c5f949b,2017-06-14,0.04618825801879089,-0.10127210686630238,2.3449675099530074,0.0055511133471693765,0.01141111024475313,39330,
control,transfer_june,PZU,2017-06,xgboost,F5,S0,7,20,23c04915ba8fb414ff91211998f42bdeca92c1c1f2561b1ac8a519cf2c5f949b,2017-06-16,0.035075842286249374,0.016608631929561638,1.56544354352813,0.007244153313862834,0.010268871094704233,44640,
control,transfer_june,PZU,2017-06,xgboost,F5,S0,7,20,23c04915ba8fb414ff91211998f42bdeca92c1c1f2561b1ac8a519cf2c5f949b,2017-06-19,0.07543088536212982,-0.027573350256308,2.987387617695818,0.006690176792808953,0.01773694251295695,58145,
control,transfer_june,PZU,2017-06,xgboost,F5,S0,7,20,23c04915ba8fb414ff91211998f42bdeca92c1c1f2561b1ac8a519cf2c5f949b,2017-06-20,0.02132312412139826,1.30118123569107e-05,2.4323449214296815,0.007154923703315679,0.018272353182713374,31522,
control,transfer_june,PZU,2017-06,xgboost,F5,S0,7,20,23c04915ba8fb414ff91211998f42bdeca92c1c1f2561b1ac8a519cf2c5f949b,2017-06-21,0.02173506081039333,0.014043305351857206,2.674286595428602,0.005054789249556189,0.018035304941029957,80180,
control,transfer_june,PZU,2017-06,xgboost,F5,S0,7,20,23c04915ba8fb414ff91211998f42bdeca92c1c1f2561b1ac8a519cf2c5f949b,2017-06-22,0.062159090167131135,-0.0026832176426108954,2.195627099270153,0.007181192750183479,0.01462047631715021,59805,
control,transfer_june,PZU,2017-06,xgboost,F5,S0,7,20,23c04915ba8fb414ff91211998f42bdeca92c1c1f2561b1ac8a519cf2c5f949b,2017-06-23,0.04553553697424568,0.010344196458899646,2.7101101299318664,0.005947502993117329,0.015446997138767706,51767,
control,transfer_june,PZU,2017-06,xgboost,F5,S0,7,20,23c04915ba8fb414ff91211998f42bdeca92c1c1f2561b1ac8a519cf2c5f949b,2017-06-26,0.060076170555447755,0.030238537169657673,1.7097091030600966,0.009908956013801103,0.011826204539779214,25688,
control,transfer_june,PZU,2017-06,xgboost,F5,S0,7,20,23c04915ba8fb414ff91211998f42bdeca92c1c1f2561b1ac8a519cf2c5f949b,2017-06-27,0.04530864560697659,0.05511489859010638,2.1055281670008816,0.00496861954065623,0.00949742012533537,43181,
control,transfer_june,PZU,2017-06,xgboost,F5,S0,7,20,23c04915ba8fb414ff91211998f42bdeca92c1c1f2561b1ac8a519cf2c5f949b,2017-06-28,0.06126709065938798,-0.01082573071752257,2.129376826114875,0.005455503529027086,0.010500455714679212,55324,
control,transfer_june,PZU,2017-06,xgboost,F5,S0,7,20,23c04915ba8fb414ff91211998f42bdeca92c1c1f2561b1ac8a519cf2c5f949b,2017-06-29,0.023923625326499547,-0.08688543819149921,2.024571319970085,0.004703348880636796,0.010482051589535982,49531,
control,transfer_june,PZU,2017-06,xgboost,F5,S0,7,20,23c04915ba8fb414ff91211998f42bdeca92c1c1f2561b1ac8a519cf2c5f949b,2017-06-30,0.05773601335243276,-0.03420234397187181,2.0447878394225696,0.005436067251264497,0.011960233561528278,60218,
control,transfer_june,PZU,2017-06,xgboost,F5,S0,17,20,3a9a3efbc8d8029185f755a22b58ecded90f54893e078a7f56d66e1940a03cdd,2017-06-01,0.023801561880128566,0.04136386637090247,2.305825408842314,0.005827405905239635,0.012276339699075264,37200,
control,transfer_june,PZU,2017-06,xgboost,F5,S0,17,20,3a9a3efbc8d8029185f755a22b58ecded90f54893e078a7f56d66e1940a03cdd,2017-06-02,0.04095521365524497,0.0029458176609071626,1.8322732169766913,0.010870145010741546,0.009389399670980856,28483,
control,transfer_june,PZU,2017-06,xgboost,F5,S0,17,20,3a9a3efbc8d8029185f755a22b58ecded90f54893e078a7f56d66e1940a03cdd,2017-06-05,0.04033919696764345,-0.07116110741460968,2.6166699843027925,0.0057053014996399695,0.013823539552596192,40516,
control,transfer_june,PZU,2017-06,xgboost,F5,S0,17,20,3a9a3efbc8d8029185f755a22b58ecded90f54893e078a7f56d66e1940a03cdd,2017-06-06,0.035752794029995434,-0.03430663298590677,2.4656976109754747,0.005364281864337513,0.014730846516233308,53671,
control,transfer_june,PZU,2017-06,xgboost,F5,S0,17,20,3a9a3efbc8d8029185f755a22b58ecded90f54893e078a7f56d66e1940a03cdd,2017-06-07,0.027492035190143052,-0.03749049128386694,2.103791967573465,0.009693095468191753,0.012301823249259915,35665,
control,transfer_june,PZU,2017-06,xgboost,F5,S0,17,20,3a9a3efbc8d8029185f755a22b58ecded90f54893e078a7f56d66e1940a03cdd,2017-06-08,0.03653950056507275,0.06803382897417344,2.116258414804265,0.006437528426105421,0.014838825648367679,45460,
control,transfer_june,PZU,2017-06,xgboost,F5,S0,17,20,3a9a3efbc8d8029185f755a22b58ecded90f54893e078a7f56d66e1940a03cdd,2017-06-09,0.059278106935797825,-0.021356677720073623,2.4139864078741686,0.008131778992627757,0.015590356105808976,34663,
control,transfer_june,PZU,2017-06,xgboost,F5,S0,17,20,3a9a3efbc8d8029185f755a22b58ecded90f54893e078a7f56d66e1940a03cdd,2017-06-12,0.028570242338984912,-0.020155842576751147,2.3810756338388406,0.008943701949902991,0.014665571859170893,41860,
control,transfer_june,PZU,2017-06,xgboost,F5,S0,17,20,3a9a3efbc8d8029185f755a22b58ecded90f54893e078a7f56d66e1940a03cdd,2017-06-13,0.0288234267374757,0.009741529256401645,2.3186690076985514,0.010068846260520155,0.014961372619015114,53404,
control,transfer_june,PZU,2017-06,xgboost,F5,S0,17,20,3a9a3efbc8d8029185f755a22b58ecded90f54893e078a7f56d66e1940a03cdd,2017-06-14,0.016418303498379364,-0.10127210686630238,2.3449675099530074,0.007231035118175733,0.011581747973389428,39330,
control,transfer_june,PZU,2017-06,xgboost,F5,S0,17,20,3a9a3efbc8d8029185f755a22b58ecded90f54893e078a7f56d66e1940a03cdd,2017-06-16,0.05124116571880665,0.016608631929561638,1.56544354352813,0.009832297876193713,0.010395563171255664,44640,
control,transfer_june,PZU,2017-06,xgboost,F5,S0,17,20,3a9a3efbc8d8029185f755a22b58ecded90f54893e078a7f56d66e1940a03cdd,2017-06-19,0.04334682667812219,-0.027573350256308,2.987387617695818,0.008143377807987611,0.014249762244535568,58145,
control,transfer_june,PZU,2017-06,xgboost,F5,S0,17,20,3a9a3efbc8d8029185f755a22b58ecded90f54893e078a7f56d66e1940a03cdd,2017-06-20,0.04199265108590478,1.30118123569107e-05,2.4323449214296815,0.0058825873707051045,0.020772260253714717,31522,
control,transfer_june,PZU,2017-06,xgboost,F5,S0,17,20,3a9a3efbc8d8029185f755a22b58ecded90f54893e078a7f56d66e1940a03cdd,2017-06-21,0.03782951007768015,0.014043305351857206,2.674286595428602,0.005168982428538872,0.01605748145476584,80180,
control,transfer_june,PZU,2017-06,xgboost,F5,S0,17,20,3a9a3efbc8d8029185f755a22b58ecded90f54893e078a7f56d66e1940a03cdd,2017-06-22,0.0297978518916609,-0.0026832176426108954,2.195627099270153,0.006996998948146842,0.013744567921300662,59805,
control,transfer_june,PZU,2017-06,xgboost,F5,S0,17,20,3a9a3efbc8d8029185f755a22b58ecded90f54893e078a7f56d66e1940a03cdd,2017-06-23,0.032867204890141964,0.010344196458899646,2.7101101299318664,0.0066959834860229285,0.014985415708377027,51767,
control,transfer_june,PZU,2017-06,xgboost,F5,S0,17,20,3a9a3efbc8d8029185f755a22b58ecded90f54893e078a7f56d66e1940a03cdd,2017-06-26,0.06676826739006507,0.030238537169657673,1.7097091030600966,0.012583460585236024,0.011488992311881614,25688,
control,transfer_june,PZU,2017-06,xgboost,F5,S0,17,20,3a9a3efbc8d8029185f755a22b58ecded90f54893e078a7f56d66e1940a03cdd,2017-06-27,0.016951135722227135,0.05511489859010638,2.1055281670008816,0.005142942082769412,0.01083901256354754,43181,
control,transfer_june,PZU,2017-06,xgboost,F5,S0,17,20,3a9a3efbc8d8029185f755a22b58ecded90f54893e078a7f56d66e1940a03cdd,2017-06-28,-0.003329567887802172,-0.01082573071752257,2.129376826114875,0.0059237211171878894,0.011303973639181283,55324,
control,transfer_june,PZU,2017-06,xgboost,F5,S0,17,20,3a9a3efbc8d8029185f755a22b58ecded90f54893e078a7f56d66e1940a03cdd,2017-06-29,0.012513481608525256,-0.08688543819149921,2.024571319970085,0.005337270827064534,0.012073108979325724,49531,
control,transfer_june,PZU,2017-06,xgboost,F5,S0,17,20,3a9a3efbc8d8029185f755a22b58ecded90f54893e078a7f56d66e1940a03cdd,2017-06-30,0.0739417334918793,-0.03420234397187181,2.0447878394225696,0.005626598511041775,0.013910334807988645,60218,
control,transfer_june,PZU,2017-06,xgboost,F5,S0,29,20,e00b3ffde904746d4609f702304b9e2674626cbb6d4bada71b968b159ef186ac,2017-06-01,0.0070565927664601475,0.04136386637090247,2.305825408842314,0.0036721459599161742,0.01053623083904775,37200,
control,transfer_june,PZU,2017-06,xgboost,F5,S0,29,20,e00b3ffde904746d4609f702304b9e2674626cbb6d4bada71b968b159ef186ac,2017-06-02,-0.004400185590204078,0.0029458176609071626,1.8322732169766913,0.0065223006191705785,0.008484001790169768,28483,
control,transfer_june,PZU,2017-06,xgboost,F5,S0,29,20,e00b3ffde904746d4609f702304b9e2674626cbb6d4bada71b968b159ef186ac,2017-06-05,0.08492736076499559,-0.07116110741460968,2.6166699843027925,0.003228129955225021,0.0130479508441929,40516,
control,transfer_june,PZU,2017-06,xgboost,F5,S0,29,20,e00b3ffde904746d4609f702304b9e2674626cbb6d4bada71b968b159ef186ac,2017-06-06,0.016187391978428337,-0.03430663298590677,2.4656976109754747,0.0033852558795623208,0.01369311448133876,53671,
control,transfer_june,PZU,2017-06,xgboost,F5,S0,29,20,e00b3ffde904746d4609f702304b9e2674626cbb6d4bada71b968b159ef186ac,2017-06-07,0.04903915180721847,-0.03749049128386694,2.103791967573465,0.006361561249844969,0.011631455967886546,35665,
control,transfer_june,PZU,2017-06,xgboost,F5,S0,29,20,e00b3ffde904746d4609f702304b9e2674626cbb6d4bada71b968b159ef186ac,2017-06-08,0.0802433990891717,0.06803382897417344,2.116258414804265,0.0038438848023088974,0.013090967353261394,45460,
control,transfer_june,PZU,2017-06,xgboost,F5,S0,29,20,e00b3ffde904746d4609f702304b9e2674626cbb6d4bada71b968b159ef186ac,2017-06-09,0.09123790896854751,-0.021356677720073623,2.4139864078741686,0.005679112069858851,0.014893801443949698,34663,
control,transfer_june,PZU,2017-06,xgboost,F5,S0,29,20,e00b3ffde904746d4609f702304b9e2674626cbb6d4bada71b968b159ef186ac,2017-06-12,0.06995224680774638,-0.020155842576751147,2.3810756338388406,0.0054404969089815805,0.012042922200861754,41860,
control,transfer_june,PZU,2017-06,xgboost,F5,S0,29,20,e00b3ffde904746d4609f702304b9e2674626cbb6d4bada71b968b159ef186ac,2017-06-13,0.02810817922778246,0.009741529256401645,2.3186690076985514,0.007317141147962958,0.012419918347329235,53404,
control,transfer_june,PZU,2017-06,xgboost,F5,S0,29,20,e00b3ffde904746d4609f702304b9e2674626cbb6d4bada71b968b159ef186ac,2017-06-14,0.02464924965585566,-0.10127210686630238,2.3449675099530074,0.0038689667833654057,0.010250611612827414,39330,
control,transfer_june,PZU,2017-06,xgboost,F5,S0,29,20,e00b3ffde904746d4609f702304b9e2674626cbb6d4bada71b968b159ef186ac,2017-06-16,0.032953753142173935,0.016608631929561638,1.56544354352813,0.005777176411920077,0.008792640084807589,44640,
control,transfer_june,PZU,2017-06,xgboost,F5,S0,29,20,e00b3ffde904746d4609f702304b9e2674626cbb6d4bada71b968b159ef186ac,2017-06-19,0.06421038501722462,-0.027573350256308,2.987387617695818,0.005489492770571123,0.012954544537026446,58145,
control,transfer_june,PZU,2017-06,xgboost,F5,S0,29,20,e00b3ffde904746d4609f702304b9e2674626cbb6d4bada71b968b159ef186ac,2017-06-20,0.025388068112538624,1.30118123569107e-05,2.4323449214296815,0.002825462242888166,0.01834055359632171,31522,
control,transfer_june,PZU,2017-06,xgboost,F5,S0,29,20,e00b3ffde904746d4609f702304b9e2674626cbb6d4bada71b968b159ef186ac,2017-06-21,-0.007325661979672178,0.014043305351857206,2.674286595428602,0.0033459218170137947,0.015095352967380337,80180,
control,transfer_june,PZU,2017-06,xgboost,F5,S0,29,20,e00b3ffde904746d4609f702304b9e2674626cbb6d4bada71b968b159ef186ac,2017-06-22,0.06246597032289969,-0.0026832176426108954,2.195627099270153,0.006262114232804057,0.012955397329928165,59805,
control,transfer_june,PZU,2017-06,xgboost,F5,S0,29,20,e00b3ffde904746d4609f702304b9e2674626cbb6d4bada71b968b159ef186ac,2017-06-23,0.043641235427298,0.010344196458899646,2.7101101299318664,0.0052172370320803275,0.013956283547637765,51767,
control,transfer_june,PZU,2017-06,xgboost,F5,S0,29,20,e00b3ffde904746d4609f702304b9e2674626cbb6d4bada71b968b159ef186ac,2017-06-26,0.023986186335606518,0.030238537169657673,1.7097091030600966,0.007610450322233368,0.009217054638130256,25688,
control,transfer_june,PZU,2017-06,xgboost,F5,S0,29,20,e00b3ffde904746d4609f702304b9e2674626cbb6d4bada71b968b159ef186ac,2017-06-27,0.03117457651654932,0.05511489859010638,2.1055281670008816,0.003776942400461651,0.009506475308043898,43181,
control,transfer_june,PZU,2017-06,xgboost,F5,S0,29,20,e00b3ffde904746d4609f702304b9e2674626cbb6d4bada71b968b159ef186ac,2017-06-28,0.01740462633944477,-0.01082573071752257,2.129376826114875,0.005459005475764677,0.010161939387088367,55324,
control,transfer_june,PZU,2017-06,xgboost,F5,S0,29,20,e00b3ffde904746d4609f702304b9e2674626cbb6d4bada71b968b159ef186ac,2017-06-29,0.038847829059470644,-0.08688543819149921,2.024571319970085,0.0033758262990536744,0.010328670667516757,49531,
control,transfer_june,PZU,2017-06,xgboost,F5,S0,29,20,e00b3ffde904746d4609f702304b9e2674626cbb6d4bada71b968b159ef186ac,2017-06-30,0.05866365411717295,-0.03420234397187181,2.0447878394225696,0.0032719436938998428,0.01231892199534645,60218,
control,transfer_june,PZU,2017-06,xgboost,F5,S0,43,20,4b6e207b9dabaacc2d2c87c75fc7ebd969554a4328c4f074c132d4da528fbcfe,2017-06-01,0.039593357379975644,0.04136386637090247,2.305825408842314,0.005452638713408872,0.01173147006973992,37200,
control,transfer_june,PZU,2017-06,xgboost,F5,S0,43,20,4b6e207b9dabaacc2d2c87c75fc7ebd969554a4328c4f074c132d4da528fbcfe,2017-06-02,0.026046659454417084,0.0029458176609071626,1.8322732169766913,0.00997010014747164,0.009088360867742007,28483,
control,transfer_june,PZU,2017-06,xgboost,F5,S0,43,20,4b6e207b9dabaacc2d2c87c75fc7ebd969554a4328c4f074c132d4da528fbcfe,2017-06-05,0.06073823058159439,-0.07116110741460968,2.6166699843027925,0.005465234082299254,0.013818499951541099,40516,
control,transfer_june,PZU,2017-06,xgboost,F5,S0,43,20,4b6e207b9dabaacc2d2c87c75fc7ebd969554a4328c4f074c132d4da528fbcfe,2017-06-06,0.04214296747773996,-0.03430663298590677,2.4656976109754747,0.005551619602761737,0.014286175453854032,53671,
control,transfer_june,PZU,2017-06,xgboost,F5,S0,43,20,4b6e207b9dabaacc2d2c87c75fc7ebd969554a4328c4f074c132d4da528fbcfe,2017-06-07,0.029265465774708833,-0.03749049128386694,2.103791967573465,0.00985812233301624,0.012972429712188791,35665,
control,transfer_june,PZU,2017-06,xgboost,F5,S0,43,20,4b6e207b9dabaacc2d2c87c75fc7ebd969554a4328c4f074c132d4da528fbcfe,2017-06-08,0.05013922403180242,0.06803382897417344,2.116258414804265,0.006337704582654474,0.014310025537464011,45460,
control,transfer_june,PZU,2017-06,xgboost,F5,S0,43,20,4b6e207b9dabaacc2d2c87c75fc7ebd969554a4328c4f074c132d4da528fbcfe,2017-06-09,0.03744673876642399,-0.021356677720073623,2.4139864078741686,0.00759453585201731,0.01369102645292866,34663,
control,transfer_june,PZU,2017-06,xgboost,F5,S0,43,20,4b6e207b9dabaacc2d2c87c75fc7ebd969554a4328c4f074c132d4da528fbcfe,2017-06-12,0.0607767285254028,-0.020155842576751147,2.3810756338388406,0.008033837063431143,0.0139804905777525,41860,
control,transfer_june,PZU,2017-06,xgboost,F5,S0,43,20,4b6e207b9dabaacc2d2c87c75fc7ebd969554a4328c4f074c132d4da528fbcfe,2017-06-13,0.04082830076462013,0.009741529256401645,2.3186690076985514,0.008177075553095459,0.014594856427187728,53404,
control,transfer_june,PZU,2017-06,xgboost,F5,S0,43,20,4b6e207b9dabaacc2d2c87c75fc7ebd969554a4328c4f074c132d4da528fbcfe,2017-06-14,0.021172200150517646,-0.10127210686630238,2.3449675099530074,0.007433592585853649,0.011004274994030585,39330,
control,transfer_june,PZU,2017-06,xgboost,F5,S0,43,20,4b6e207b9dabaacc2d2c87c75fc7ebd969554a4328c4f074c132d4da528fbcfe,2017-06-16,0.016954388286335557,0.016608631929561638,1.56544354352813,0.007883338321594515,0.010611575324303043,44640,
control,transfer_june,PZU,2017-06,xgboost,F5,S0,43,20,4b6e207b9dabaacc2d2c87c75fc7ebd969554a4328c4f074c132d4da528fbcfe,2017-06-19,0.05925026897538883,-0.027573350256308,2.987387617695818,0.007675079362098054,0.015773110570811804,58145,
control,transfer_june,PZU,2017-06,xgboost,F5,S0,43,20,4b6e207b9dabaacc2d2c87c75fc7ebd969554a4328c4f074c132d4da528fbcfe,2017-06-20,0.046231600018421797,1.30118123569107e-05,2.4323449214296815,0.006883211116734947,0.01807446325680873,31522,
control,transfer_june,PZU,2017-06,xgboost,F5,S0,43,20,4b6e207b9dabaacc2d2c87c75fc7ebd969554a4328c4f074c132d4da528fbcfe,2017-06-21,0.008647165615626538,0.014043305351857206,2.674286595428602,0.004602116116484728,0.015053753217893128,80180,
control,transfer_june,PZU,2017-06,xgboost,F5,S0,43,20,4b6e207b9dabaacc2d2c87c75fc7ebd969554a4328c4f074c132d4da528fbcfe,2017-06-22,0.03371264816620082,-0.0026832176426108954,2.195627099270153,0.007356385182648936,0.014563521382676156,59805,
control,transfer_june,PZU,2017-06,xgboost,F5,S0,43,20,4b6e207b9dabaacc2d2c87c75fc7ebd969554a4328c4f074c132d4da528fbcfe,2017-06-23,0.024099791367951446,0.010344196458899646,2.7101101299318664,0.006341706194240066,0.014939227089149512,51767,
control,transfer_june,PZU,2017-06,xgboost,F5,S0,43,20,4b6e207b9dabaacc2d2c87c75fc7ebd969554a4328c4f074c132d4da528fbcfe,2017-06-26,0.027257386983866174,0.030238537169657673,1.7097091030600966,0.009386779292855613,0.012433472809859522,25688,
control,transfer_june,PZU,2017-06,xgboost,F5,S0,43,20,4b6e207b9dabaacc2d2c87c75fc7ebd969554a4328c4f074c132d4da528fbcfe,2017-06-27,0.011457651920415042,0.05511489859010638,2.1055281670008816,0.0049159167640614974,0.010135368620845932,43181,
control,transfer_june,PZU,2017-06,xgboost,F5,S0,43,20,4b6e207b9dabaacc2d2c87c75fc7ebd969554a4328c4f074c132d4da528fbcfe,2017-06-28,-0.00203218527760863,-0.01082573071752257,2.129376826114875,0.005597706742849807,0.010880631531986835,55324,
control,transfer_june,PZU,2017-06,xgboost,F5,S0,43,20,4b6e207b9dabaacc2d2c87c75fc7ebd969554a4328c4f074c132d4da528fbcfe,2017-06-29,0.015435965105060198,-0.08688543819149921,2.024571319970085,0.0050216296729549085,0.011137986557599927,49531,
control,transfer_june,PZU,2017-06,xgboost,F5,S0,43,20,4b6e207b9dabaacc2d2c87c75fc7ebd969554a4328c4f074c132d4da528fbcfe,2017-06-30,0.06575526052496211,-0.03420234397187181,2.0447878394225696,0.005833841577493536,0.013279608533761379,60218,
control,transfer_june,PZU,2017-06,xgboost,F5,S0,71,20,371b9d9166fcb46a4d860cf2cebcc7e73687e2327b72e3ecc9ff53065fc6c63d,2017-06-01,0.025678101903962473,0.04136386637090247,2.305825408842314,0.0057841355367551145,0.011281518344322063,37200,
control,transfer_june,PZU,2017-06,xgboost,F5,S0,71,20,371b9d9166fcb46a4d860cf2cebcc7e73687e2327b72e3ecc9ff53065fc6c63d,2017-06-02,0.018563931077085503,0.0029458176609071626,1.8322732169766913,0.010796226521938769,0.009846355254512506,28483,
control,transfer_june,PZU,2017-06,xgboost,F5,S0,71,20,371b9d9166fcb46a4d860cf2cebcc7e73687e2327b72e3ecc9ff53065fc6c63d,2017-06-05,0.06911396887668823,-0.07116110741460968,2.6166699843027925,0.006212867392771697,0.013861695342424105,40516,
control,transfer_june,PZU,2017-06,xgboost,F5,S0,71,20,371b9d9166fcb46a4d860cf2cebcc7e73687e2327b72e3ecc9ff53065fc6c63d,2017-06-06,0.04851497583407007,-0.03430663298590677,2.4656976109754747,0.0070998963615599466,0.013656651552766838,53671,
control,transfer_june,PZU,2017-06,xgboost,F5,S0,71,20,371b9d9166fcb46a4d860cf2cebcc7e73687e2327b72e3ecc9ff53065fc6c63d,2017-06-07,0.02713385143944395,-0.03749049128386694,2.103791967573465,0.01013491384982859,0.011938366443407428,35665,
control,transfer_june,PZU,2017-06,xgboost,F5,S0,71,20,371b9d9166fcb46a4d860cf2cebcc7e73687e2327b72e3ecc9ff53065fc6c63d,2017-06-08,0.07849642248269088,0.06803382897417344,2.116258414804265,0.0064127072754145585,0.013274511578503229,45460,
control,transfer_june,PZU,2017-06,xgboost,F5,S0,71,20,371b9d9166fcb46a4d860cf2cebcc7e73687e2327b72e3ecc9ff53065fc6c63d,2017-06-09,0.0402334999894509,-0.021356677720073623,2.4139864078741686,0.008805475032729859,0.01812829822274529,34663,
control,transfer_june,PZU,2017-06,xgboost,F5,S0,71,20,371b9d9166fcb46a4d860cf2cebcc7e73687e2327b72e3ecc9ff53065fc6c63d,2017-06-12,0.05476218235113542,-0.020155842576751147,2.3810756338388406,0.008025010735874687,0.014040197111324091,41860,
control,transfer_june,PZU,2017-06,xgboost,F5,S0,71,20,371b9d9166fcb46a4d860cf2cebcc7e73687e2327b72e3ecc9ff53065fc6c63d,2017-06-13,-0.0038113235889591763,0.009741529256401645,2.3186690076985514,0.00815436070735556,0.018551577491905856,53404,
control,transfer_june,PZU,2017-06,xgboost,F5,S0,71,20,371b9d9166fcb46a4d860cf2cebcc7e73687e2327b72e3ecc9ff53065fc6c63d,2017-06-14,0.03507749222539419,-0.10127210686630238,2.3449675099530074,0.007277228594369269,0.011689523543869483,39330,
control,transfer_june,PZU,2017-06,xgboost,F5,S0,71,20,371b9d9166fcb46a4d860cf2cebcc7e73687e2327b72e3ecc9ff53065fc6c63d,2017-06-16,0.021952286814602002,0.016608631929561638,1.56544354352813,0.010171122148221586,0.01086969990712812,44640,
control,transfer_june,PZU,2017-06,xgboost,F5,S0,71,20,371b9d9166fcb46a4d860cf2cebcc7e73687e2327b72e3ecc9ff53065fc6c63d,2017-06-19,0.04036374738637436,-0.027573350256308,2.987387617695818,0.007308806675901194,0.015940293724728424,58145,
control,transfer_june,PZU,2017-06,xgboost,F5,S0,71,20,371b9d9166fcb46a4d860cf2cebcc7e73687e2327b72e3ecc9ff53065fc6c63d,2017-06-20,0.011605352982068683,1.30118123569107e-05,2.4323449214296815,0.008618826689924537,0.019167356950581145,31522,
control,transfer_june,PZU,2017-06,xgboost,F5,S0,71,20,371b9d9166fcb46a4d860cf2cebcc7e73687e2327b72e3ecc9ff53065fc6c63d,2017-06-21,0.01089355749549727,0.014043305351857206,2.674286595428602,0.004791158333556189,0.019201683502842126,80180,
control,transfer_june,PZU,2017-06,xgboost,F5,S0,71,20,371b9d9166fcb46a4d860cf2cebcc7e73687e2327b72e3ecc9ff53065fc6c63d,2017-06-22,0.06220193146014514,-0.0026832176426108954,2.195627099270153,0.008067124739912035,0.015173177946918196,59805,
control,transfer_june,PZU,2017-06,xgboost,F5,S0,71,20,371b9d9166fcb46a4d860cf2cebcc7e73687e2327b72e3ecc9ff53065fc6c63d,2017-06-23,0.040068569188812714,0.010344196458899646,2.7101101299318664,0.007114987824479762,0.014690522128165908,51767,
control,transfer_june,PZU,2017-06,xgboost,F5,S0,71,20,371b9d9166fcb46a4d860cf2cebcc7e73687e2327b72e3ecc9ff53065fc6c63d,2017-06-26,-0.0210681390773913,0.030238537169657673,1.7097091030600966,0.009857977346318613,0.013001237483131242,25688,
control,transfer_june,PZU,2017-06,xgboost,F5,S0,71,20,371b9d9166fcb46a4d860cf2cebcc7e73687e2327b72e3ecc9ff53065fc6c63d,2017-06-27,0.007962779145791412,0.05511489859010638,2.1055281670008816,0.004715389871505419,0.010696807216276074,43181,
control,transfer_june,PZU,2017-06,xgboost,F5,S0,71,20,371b9d9166fcb46a4d860cf2cebcc7e73687e2327b72e3ecc9ff53065fc6c63d,2017-06-28,-0.0021662827713687643,-0.01082573071752257,2.129376826114875,0.006364073917970606,0.011015204228792617,55324,
control,transfer_june,PZU,2017-06,xgboost,F5,S0,71,20,371b9d9166fcb46a4d860cf2cebcc7e73687e2327b72e3ecc9ff53065fc6c63d,2017-06-29,0.04394162069110186,-0.08688543819149921,2.024571319970085,0.004861960477766515,0.011502931320091876,49531,
control,transfer_june,PZU,2017-06,xgboost,F5,S0,71,20,371b9d9166fcb46a4d860cf2cebcc7e73687e2327b72e3ecc9ff53065fc6c63d,2017-06-30,0.08527282515689219,-0.03420234397187181,2.0447878394225696,0.005301688598575645,0.01306078458512442,60218,
control,transfer_june,PZU,2017-06,xgboost,F5,S1,7,20,588c77ea7a2e037d3e9619ca207fcc223d6e333dc8589fa701425aaa3cc27aca,2017-06-01,-0.026495132103601212,0.04136386637090247,2.305825408842314,0.004131471085730159,0.008369761065713311,37200,
control,transfer_june,PZU,2017-06,xgboost,F5,S1,7,20,588c77ea7a2e037d3e9619ca207fcc223d6e333dc8589fa701425aaa3cc27aca,2017-06-02,0.045570543291159185,0.0029458176609071626,1.8322732169766913,0.003922214413141389,0.007465544011088843,28483,
control,transfer_june,PZU,2017-06,xgboost,F5,S1,7,20,588c77ea7a2e037d3e9619ca207fcc223d6e333dc8589fa701425aaa3cc27aca,2017-06-05,-0.01704787877763761,-0.07116110741460968,2.6166699843027925,0.004288612437764214,0.010538270084776136,40516,
control,transfer_june,PZU,2017-06,xgboost,F5,S1,7,20,588c77ea7a2e037d3e9619ca207fcc223d6e333dc8589fa701425aaa3cc27aca,2017-06-06,-0.03261231078352329,-0.03430663298590677,2.4656976109754747,0.004952228729966438,0.011394143219908356,53671,
control,transfer_june,PZU,2017-06,xgboost,F5,S1,7,20,588c77ea7a2e037d3e9619ca207fcc223d6e333dc8589fa701425aaa3cc27aca,2017-06-07,0.012591742478767218,-0.03749049128386694,2.103791967573465,0.004306208641047266,0.009322003280178901,35665,
control,transfer_june,PZU,2017-06,xgboost,F5,S1,7,20,588c77ea7a2e037d3e9619ca207fcc223d6e333dc8589fa701425aaa3cc27aca,2017-06-08,0.005269673034202263,0.06803382897417344,2.116258414804265,0.003957460252524079,0.01017735757500241,45460,
control,transfer_june,PZU,2017-06,xgboost,F5,S1,7,20,588c77ea7a2e037d3e9619ca207fcc223d6e333dc8589fa701425aaa3cc27aca,2017-06-09,-0.0053417503234700564,-0.021356677720073623,2.4139864078741686,0.003934725584940856,0.011582711787564383,34663,
control,transfer_june,PZU,2017-06,xgboost,F5,S1,7,20,588c77ea7a2e037d3e9619ca207fcc223d6e333dc8589fa701425aaa3cc27aca,2017-06-12,-0.006276450259871945,-0.020155842576751147,2.3810756338388406,0.0038712205825788687,0.010471168978005221,41860,
control,transfer_june,PZU,2017-06,xgboost,F5,S1,7,20,588c77ea7a2e037d3e9619ca207fcc223d6e333dc8589fa701425aaa3cc27aca,2017-06-13,0.016015454231233264,0.009741529256401645,2.3186690076985514,0.00435150172338883,0.011565801353884133,53404,
control,transfer_june,PZU,2017-06,xgboost,F5,S1,7,20,588c77ea7a2e037d3e9619ca207fcc223d6e333dc8589fa701425aaa3cc27aca,2017-06-14,-0.027908783386001425,-0.10127210686630238,2.3449675099530074,0.0038824628079307693,0.00927770565743127,39330,
control,transfer_june,PZU,2017-06,xgboost,F5,S1,7,20,588c77ea7a2e037d3e9619ca207fcc223d6e333dc8589fa701425aaa3cc27aca,2017-06-16,-0.042204963652537605,0.016608631929561638,1.56544354352813,0.00486468246616494,0.00856423563108669,44640,
control,transfer_june,PZU,2017-06,xgboost,F5,S1,7,20,588c77ea7a2e037d3e9619ca207fcc223d6e333dc8589fa701425aaa3cc27aca,2017-06-19,-0.0062532449931261575,-0.027573350256308,2.987387617695818,0.0044590741028554814,0.01223660843888094,58145,
control,transfer_june,PZU,2017-06,xgboost,F5,S1,7,20,588c77ea7a2e037d3e9619ca207fcc223d6e333dc8589fa701425aaa3cc27aca,2017-06-20,-0.02911076297413251,1.30118123569107e-05,2.4323449214296815,0.004901962497519304,0.014376325137123606,31522,
control,transfer_june,PZU,2017-06,xgboost,F5,S1,7,20,588c77ea7a2e037d3e9619ca207fcc223d6e333dc8589fa701425aaa3cc27aca,2017-06-21,-0.009337668864775212,0.014043305351857206,2.674286595428602,0.004993351394251123,0.01127972863382784,80180,
control,transfer_june,PZU,2017-06,xgboost,F5,S1,7,20,588c77ea7a2e037d3e9619ca207fcc223d6e333dc8589fa701425aaa3cc27aca,2017-06-22,0.0220084789137945,-0.0026832176426108954,2.195627099270153,0.00514857305525885,0.01064652355336525,59805,
control,transfer_june,PZU,2017-06,xgboost,F5,S1,7,20,588c77ea7a2e037d3e9619ca207fcc223d6e333dc8589fa701425aaa3cc27aca,2017-06-23,-0.027104374594268923,0.010344196458899646,2.7101101299318664,0.004350923462525037,0.011105373109260814,51767,
control,transfer_june,PZU,2017-06,xgboost,F5,S1,7,20,588c77ea7a2e037d3e9619ca207fcc223d6e333dc8589fa701425aaa3cc27aca,2017-06-26,0.030736047037006848,0.030238537169657673,1.7097091030600966,0.003455443644730971,0.008659541629047786,25688,
control,transfer_june,PZU,2017-06,xgboost,F5,S1,7,20,588c77ea7a2e037d3e9619ca207fcc223d6e333dc8589fa701425aaa3cc27aca,2017-06-27,-0.02047330011038119,0.05511489859010638,2.1055281670008816,0.003707555762721883,0.00747736014677556,43181,
control,transfer_june,PZU,2017-06,xgboost,F5,S1,7,20,588c77ea7a2e037d3e9619ca207fcc223d6e333dc8589fa701425aaa3cc27aca,2017-06-28,-0.05859182251753041,-0.01082573071752257,2.129376826114875,0.00424993952801608,0.008583877422650455,55324,
control,transfer_june,PZU,2017-06,xgboost,F5,S1,7,20,588c77ea7a2e037d3e9619ca207fcc223d6e333dc8589fa701425aaa3cc27aca,2017-06-29,0.01807354750590627,-0.08688543819149921,2.024571319970085,0.003600400841203052,0.008488303712389091,49531,
control,transfer_june,PZU,2017-06,xgboost,F5,S1,7,20,588c77ea7a2e037d3e9619ca207fcc223d6e333dc8589fa701425aaa3cc27aca,2017-06-30,-0.029596666117270656,-0.03420234397187181,2.0447878394225696,0.004840028629795357,0.01071604353820472,60218,
control,transfer_june,PZU,2017-06,xgboost,F5,S1,17,20,ac3ca5ed38aa7b6e3f8760d55bed14d0f01bd5135175600129887f8c4d8d6d30,2017-06-01,0.005847151468639685,0.04136386637090247,2.305825408842314,0.0034642570330924104,0.008724781451860668,37200,
control,transfer_june,PZU,2017-06,xgboost,F5,S1,17,20,ac3ca5ed38aa7b6e3f8760d55bed14d0f01bd5135175600129887f8c4d8d6d30,2017-06-02,-0.025375491084709018,0.0029458176609071626,1.8322732169766913,0.0028504742033500646,0.008024769131115135,28483,
control,transfer_june,PZU,2017-06,xgboost,F5,S1,17,20,ac3ca5ed38aa7b6e3f8760d55bed14d0f01bd5135175600129887f8c4d8d6d30,2017-06-05,0.03545154448801556,-0.07116110741460968,2.6166699843027925,0.0031613491439309365,0.010236631576242905,40516,
control,transfer_june,PZU,2017-06,xgboost,F5,S1,17,20,ac3ca5ed38aa7b6e3f8760d55bed14d0f01bd5135175600129887f8c4d8d6d30,2017-06-06,0.0129383514116249,-0.03430663298590677,2.4656976109754747,0.0026273637483395953,0.010856243807190063,53671,
control,transfer_june,PZU,2017-06,xgboost,F5,S1,17,20,ac3ca5ed38aa7b6e3f8760d55bed14d0f01bd5135175600129887f8c4d8d6d30,2017-06-07,0.022080107474672456,-0.03749049128386694,2.103791967573465,0.0026875340845892836,0.009430638959794234,35665,
control,transfer_june,PZU,2017-06,xgboost,F5,S1,17,20,ac3ca5ed38aa7b6e3f8760d55bed14d0f01bd5135175600129887f8c4d8d6d30,2017-06-08,0.016709987873538373,0.06803382897417344,2.116258414804265,0.00401467447039752,0.010072242390207412,45460,
control,transfer_june,PZU,2017-06,xgboost,F5,S1,17,20,ac3ca5ed38aa7b6e3f8760d55bed14d0f01bd5135175600129887f8c4d8d6d30,2017-06-09,0.010170792900452376,-0.021356677720073623,2.4139864078741686,0.0025693855723120836,0.011659093003691692,34663,
control,transfer_june,PZU,2017-06,xgboost,F5,S1,17,20,ac3ca5ed38aa7b6e3f8760d55bed14d0f01bd5135175600129887f8c4d8d6d30,2017-06-12,0.03407669189178032,-0.020155842576751147,2.3810756338388406,0.003567673714580731,0.009976413623240091,41860,
control,transfer_june,PZU,2017-06,xgboost,F5,S1,17,20,ac3ca5ed38aa7b6e3f8760d55bed14d0f01bd5135175600129887f8c4d8d6d30,2017-06-13,0.02712419091390968,0.009741529256401645,2.3186690076985514,0.00260062455442238,0.011884698447632657,53404,
control,transfer_june,PZU,2017-06,xgboost,F5,S1,17,20,ac3ca5ed38aa7b6e3f8760d55bed14d0f01bd5135175600129887f8c4d8d6d30,2017-06-14,0.012045523173552968,-0.10127210686630238,2.3449675099530074,0.002102793861617908,0.009607384190862,39330,
control,transfer_june,PZU,2017-06,xgboost,F5,S1,17,20,ac3ca5ed38aa7b6e3f8760d55bed14d0f01bd5135175600129887f8c4d8d6d30,2017-06-16,-0.02101768804078698,0.016608631929561638,1.56544354352813,0.0013629819118214594,0.009590571810009047,44640,
control,transfer_june,PZU,2017-06,xgboost,F5,S1,17,20,ac3ca5ed38aa7b6e3f8760d55bed14d0f01bd5135175600129887f8c4d8d6d30,2017-06-19,-0.010091732069969002,-0.027573350256308,2.987387617695818,0.0029301308908610537,0.012547871972259424,58145,
control,transfer_june,PZU,2017-06,xgboost,F5,S1,17,20,ac3ca5ed38aa7b6e3f8760d55bed14d0f01bd5135175600129887f8c4d8d6d30,2017-06-20,0.01921787672848669,1.30118123569107e-05,2.4323449214296815,0.002806073865907554,0.012660341861030452,31522,
control,transfer_june,PZU,2017-06,xgboost,F5,S1,17,20,ac3ca5ed38aa7b6e3f8760d55bed14d0f01bd5135175600129887f8c4d8d6d30,2017-06-21,0.023665320856529597,0.014043305351857206,2.674286595428602,0.0026006692523556285,0.011199993389575481,80180,
control,transfer_june,PZU,2017-06,xgboost,F5,S1,17,20,ac3ca5ed38aa7b6e3f8760d55bed14d0f01bd5135175600129887f8c4d8d6d30,2017-06-22,0.021015758390964395,-0.0026832176426108954,2.195627099270153,0.0039542276112475025,0.010435371796791408,59805,
control,transfer_june,PZU,2017-06,xgboost,F5,S1,17,20,ac3ca5ed38aa7b6e3f8760d55bed14d0f01bd5135175600129887f8c4d8d6d30,2017-06-23,0.027167992569537308,0.010344196458899646,2.7101101299318664,0.0032262698933726843,0.01143086128387749,51767,
control,transfer_june,PZU,2017-06,xgboost,F5,S1,17,20,ac3ca5ed38aa7b6e3f8760d55bed14d0f01bd5135175600129887f8c4d8d6d30,2017-06-26,-0.0030429900289490916,0.030238537169657673,1.7097091030600966,0.0018617528743801331,0.009360628148287626,25688,
control,transfer_june,PZU,2017-06,xgboost,F5,S1,17,20,ac3ca5ed38aa7b6e3f8760d55bed14d0f01bd5135175600129887f8c4d8d6d30,2017-06-27,0.008670359998700645,0.05511489859010638,2.1055281670008816,0.002940430928864801,0.008895666292395339,43181,
control,transfer_june,PZU,2017-06,xgboost,F5,S1,17,20,ac3ca5ed38aa7b6e3f8760d55bed14d0f01bd5135175600129887f8c4d8d6d30,2017-06-28,0.009706592466904305,-0.01082573071752257,2.129376826114875,0.0030817049709890073,0.008901358536486511,55324,
control,transfer_june,PZU,2017-06,xgboost,F5,S1,17,20,ac3ca5ed38aa7b6e3f8760d55bed14d0f01bd5135175600129887f8c4d8d6d30,2017-06-29,0.02300368216195714,-0.08688543819149921,2.024571319970085,0.0030547545428377346,0.009734863556789857,49531,
control,transfer_june,PZU,2017-06,xgboost,F5,S1,17,20,ac3ca5ed38aa7b6e3f8760d55bed14d0f01bd5135175600129887f8c4d8d6d30,2017-06-30,-0.029555150399496525,-0.03420234397187181,2.0447878394225696,0.003463298076822643,0.010670076539222927,60218,
control,transfer_june,PZU,2017-06,xgboost,F5,S1,29,20,aaa831ebc0c364d7d46534b2d8b89ea14e6d6a358bc0c031a58ed8fb77a54631,2017-06-01,0.023906661021092117,0.04136386637090247,2.305825408842314,0.005512696663831531,0.010342458459390197,37200,
control,transfer_june,PZU,2017-06,xgboost,F5,S1,29,20,aaa831ebc0c364d7d46534b2d8b89ea14e6d6a358bc0c031a58ed8fb77a54631,2017-06-02,0.006188538234197234,0.0029458176609071626,1.8322732169766913,0.006320117056632081,0.008125702674780544,28483,
control,transfer_june,PZU,2017-06,xgboost,F5,S1,29,20,aaa831ebc0c364d7d46534b2d8b89ea14e6d6a358bc0c031a58ed8fb77a54631,2017-06-05,-0.027799619354092774,-0.07116110741460968,2.6166699843027925,0.005850600148259237,0.011646689628787217,40516,
control,transfer_june,PZU,2017-06,xgboost,F5,S1,29,20,aaa831ebc0c364d7d46534b2d8b89ea14e6d6a358bc0c031a58ed8fb77a54631,2017-06-06,-0.04370259922177317,-0.03430663298590677,2.4656976109754747,0.0052306751496465865,0.01150008168231786,53671,
control,transfer_june,PZU,2017-06,xgboost,F5,S1,29,20,aaa831ebc0c364d7d46534b2d8b89ea14e6d6a358bc0c031a58ed8fb77a54631,2017-06-07,0.006593410931848345,-0.03749049128386694,2.103791967573465,0.006001367240117414,0.010877475427688486,35665,
control,transfer_june,PZU,2017-06,xgboost,F5,S1,29,20,aaa831ebc0c364d7d46534b2d8b89ea14e6d6a358bc0c031a58ed8fb77a54631,2017-06-08,0.013761042598286945,0.06803382897417344,2.116258414804265,0.005187221502129675,0.011600199710113057,45460,
control,transfer_june,PZU,2017-06,xgboost,F5,S1,29,20,aaa831ebc0c364d7d46534b2d8b89ea14e6d6a358bc0c031a58ed8fb77a54631,2017-06-09,0.012169021693821655,-0.021356677720073623,2.4139864078741686,0.004850076925362211,0.012714774671260802,34663,
control,transfer_june,PZU,2017-06,xgboost,F5,S1,29,20,aaa831ebc0c364d7d46534b2d8b89ea14e6d6a358bc0c031a58ed8fb77a54631,2017-06-12,-0.02805300667567489,-0.020155842576751147,2.3810756338388406,0.005969975711180434,0.012083372977257081,41860,
control,transfer_june,PZU,2017-06,xgboost,F5,S1,29,20,aaa831ebc0c364d7d46534b2d8b89ea14e6d6a358bc0c031a58ed8fb77a54631,2017-06-13,0.006850345356257013,0.009741529256401645,2.3186690076985514,0.005443291909842962,0.01245113066296365,53404,
control,transfer_june,PZU,2017-06,xgboost,F5,S1,29,20,aaa831ebc0c364d7d46534b2d8b89ea14e6d6a358bc0c031a58ed8fb77a54631,2017-06-14,0.026066329893927476,-0.10127210686630238,2.3449675099530074,0.005320210994782242,0.009697667577125355,39330,
control,transfer_june,PZU,2017-06,xgboost,F5,S1,29,20,aaa831ebc0c364d7d46534b2d8b89ea14e6d6a358bc0c031a58ed8fb77a54631,2017-06-16,-0.017157783670844407,0.016608631929561638,1.56544354352813,0.003303156160025759,0.00897421707658259,44640,
control,transfer_june,PZU,2017-06,xgboost,F5,S1,29,20,aaa831ebc0c364d7d46534b2d8b89ea14e6d6a358bc0c031a58ed8fb77a54631,2017-06-19,-0.026677393443495356,-0.027573350256308,2.987387617695818,0.0055678386609634214,0.01384617164743381,58145,
control,transfer_june,PZU,2017-06,xgboost,F5,S1,29,20,aaa831ebc0c364d7d46534b2d8b89ea14e6d6a358bc0c031a58ed8fb77a54631,2017-06-20,-0.0116664294669282,1.30118123569107e-05,2.4323449214296815,0.0053978909047049375,0.015004136312158415,31522,
control,transfer_june,PZU,2017-06,xgboost,F5,S1,29,20,aaa831ebc0c364d7d46534b2d8b89ea14e6d6a358bc0c031a58ed8fb77a54631,2017-06-21,-0.028683550573011068,0.014043305351857206,2.674286595428602,0.0054450900462861655,0.012295102560867193,80180,
control,transfer_june,PZU,2017-06,xgboost,F5,S1,29,20,aaa831ebc0c364d7d46534b2d8b89ea14e6d6a358bc0c031a58ed8fb77a54631,2017-06-22,0.01366438347174596,-0.0026832176426108954,2.195627099270153,0.005427180673994342,0.011545715517606817,59805,
control,transfer_june,PZU,2017-06,xgboost,F5,S1,29,20,aaa831ebc0c364d7d46534b2d8b89ea14e6d6a358bc0c031a58ed8fb77a54631,2017-06-23,-0.014304545344598995,0.010344196458899646,2.7101101299318664,0.005128735580994341,0.012971996221039684,51767,
control,transfer_june,PZU,2017-06,xgboost,F5,S1,29,20,aaa831ebc0c364d7d46534b2d8b89ea14e6d6a358bc0c031a58ed8fb77a54631,2017-06-26,0.030182118057726644,0.030238537169657673,1.7097091030600966,0.0051491437514567945,0.010917834423773396,25688,
control,transfer_june,PZU,2017-06,xgboost,F5,S1,29,20,aaa831ebc0c364d7d46534b2d8b89ea14e6d6a358bc0c031a58ed8fb77a54631,2017-06-27,-0.01882615629087314,0.05511489859010638,2.1055281670008816,0.004773213762469423,0.007960528808071726,43181,
control,transfer_june,PZU,2017-06,xgboost,F5,S1,29,20,aaa831ebc0c364d7d46534b2d8b89ea14e6d6a358bc0c031a58ed8fb77a54631,2017-06-28,0.03132808692042986,-0.01082573071752257,2.129376826114875,0.003952234556740942,0.008855253585876476,55324,
control,transfer_june,PZU,2017-06,xgboost,F5,S1,29,20,aaa831ebc0c364d7d46534b2d8b89ea14e6d6a358bc0c031a58ed8fb77a54631,2017-06-29,0.011824170891687214,-0.08688543819149921,2.024571319970085,0.004649184019188253,0.009414801372559078,49531,
control,transfer_june,PZU,2017-06,xgboost,F5,S1,29,20,aaa831ebc0c364d7d46534b2d8b89ea14e6d6a358bc0c031a58ed8fb77a54631,2017-06-30,0.006463745578882431,-0.03420234397187181,2.0447878394225696,0.00488197080297141,0.012167241384896539,60218,
control,transfer_june,PZU,2017-06,xgboost,F5,S1,43,20,9827db408a87b1c26994bcd5a883eb8131761486aafb66a2dfc23d6200a0bf8c,2017-06-01,-0.0009938855405547732,0.04136386637090247,2.305825408842314,0.004606523372587167,0.009146285274418223,37200,
control,transfer_june,PZU,2017-06,xgboost,F5,S1,43,20,9827db408a87b1c26994bcd5a883eb8131761486aafb66a2dfc23d6200a0bf8c,2017-06-02,0.056363318521021256,0.0029458176609071626,1.8322732169766913,0.003873730163990649,0.0076630798052942225,28483,
control,transfer_june,PZU,2017-06,xgboost,F5,S1,43,20,9827db408a87b1c26994bcd5a883eb8131761486aafb66a2dfc23d6200a0bf8c,2017-06-05,0.019866976644902806,-0.07116110741460968,2.6166699843027925,0.004119860873376861,0.01014741875432762,40516,
control,transfer_june,PZU,2017-06,xgboost,F5,S1,43,20,9827db408a87b1c26994bcd5a883eb8131761486aafb66a2dfc23d6200a0bf8c,2017-06-06,0.004849545354689614,-0.03430663298590677,2.4656976109754747,0.004129161254291532,0.011540143488519589,53671,
control,transfer_june,PZU,2017-06,xgboost,F5,S1,43,20,9827db408a87b1c26994bcd5a883eb8131761486aafb66a2dfc23d6200a0bf8c,2017-06-07,0.004297115663252935,-0.03749049128386694,2.103791967573465,0.004511727854535328,0.009541698954380303,35665,
control,transfer_june,PZU,2017-06,xgboost,F5,S1,43,20,9827db408a87b1c26994bcd5a883eb8131761486aafb66a2dfc23d6200a0bf8c,2017-06-08,0.01033626097943968,0.06803382897417344,2.116258414804265,0.003921265224649604,0.010368214245972018,45460,
control,transfer_june,PZU,2017-06,xgboost,F5,S1,43,20,9827db408a87b1c26994bcd5a883eb8131761486aafb66a2dfc23d6200a0bf8c,2017-06-09,-0.021251645199253467,-0.021356677720073623,2.4139864078741686,0.004060186661509428,0.01132453816856849,34663,
control,transfer_june,PZU,2017-06,xgboost,F5,S1,43,20,9827db408a87b1c26994bcd5a883eb8131761486aafb66a2dfc23d6200a0bf8c,2017-06-12,-0.015396588418120501,-0.020155842576751147,2.3810756338388406,0.004877698199566084,0.010126674110046929,41860,
control,transfer_june,PZU,2017-06,xgboost,F5,S1,43,20,9827db408a87b1c26994bcd5a883eb8131761486aafb66a2dfc23d6200a0bf8c,2017-06-13,-0.005693717326864899,0.009741529256401645,2.3186690076985514,0.004789930814891104,0.01282012738002674,53404,
control,transfer_june,PZU,2017-06,xgboost,F5,S1,43,20,9827db408a87b1c26994bcd5a883eb8131761486aafb66a2dfc23d6200a0bf8c,2017-06-14,-0.020365632762631827,-0.10127210686630238,2.3449675099530074,0.004420748982174066,0.008883427189521498,39330,
control,transfer_june,PZU,2017-06,xgboost,F5,S1,43,20,9827db408a87b1c26994bcd5a883eb8131761486aafb66a2dfc23d6200a0bf8c,2017-06-16,-0.009982832830096374,0.016608631929561638,1.56544354352813,0.0041049941493812485,0.008508609173390334,44640,
control,transfer_june,PZU,2017-06,xgboost,F5,S1,43,20,9827db408a87b1c26994bcd5a883eb8131761486aafb66a2dfc23d6200a0bf8c,2017-06-19,0.02242062443812822,-0.027573350256308,2.987387617695818,0.004254013425897609,0.012536669046326224,58145,
control,transfer_june,PZU,2017-06,xgboost,F5,S1,43,20,9827db408a87b1c26994bcd5a883eb8131761486aafb66a2dfc23d6200a0bf8c,2017-06-20,-0.005460168995518413,1.30118123569107e-05,2.4323449214296815,0.00578613501302066,0.015139576949109345,31522,
control,transfer_june,PZU,2017-06,xgboost,F5,S1,43,20,9827db408a87b1c26994bcd5a883eb8131761486aafb66a2dfc23d6200a0bf8c,2017-06-21,0.026303082561134984,0.014043305351857206,2.674286595428602,0.0041509222332934085,0.012115419325447909,80180,
control,transfer_june,PZU,2017-06,xgboost,F5,S1,43,20,9827db408a87b1c26994bcd5a883eb8131761486aafb66a2dfc23d6200a0bf8c,2017-06-22,-0.01801902592961291,-0.0026832176426108954,2.195627099270153,0.00367661570037657,0.010998474257464756,59805,
control,transfer_june,PZU,2017-06,xgboost,F5,S1,43,20,9827db408a87b1c26994bcd5a883eb8131761486aafb66a2dfc23d6200a0bf8c,2017-06-23,-0.01833087155591934,0.010344196458899646,2.7101101299318664,0.0035902768538949494,0.01233579584771975,51767,
control,transfer_june,PZU,2017-06,xgboost,F5,S1,43,20,9827db408a87b1c26994bcd5a883eb8131761486aafb66a2dfc23d6200a0bf8c,2017-06-26,0.004909664508159714,0.030238537169657673,1.7097091030600966,0.004398514901636121,0.009956374441607668,25688,
control,transfer_june,PZU,2017-06,xgboost,F5,S1,43,20,9827db408a87b1c26994bcd5a883eb8131761486aafb66a2dfc23d6200a0bf8c,2017-06-27,0.008193173686205228,0.05511489859010638,2.1055281670008816,0.0044790738203808736,0.008532452030606858,43181,
control,transfer_june,PZU,2017-06,xgboost,F5,S1,43,20,9827db408a87b1c26994bcd5a883eb8131761486aafb66a2dfc23d6200a0bf8c,2017-06-28,0.02309592140344578,-0.01082573071752257,2.129376826114875,0.004784926097622508,0.008741145492137855,55324,
control,transfer_june,PZU,2017-06,xgboost,F5,S1,43,20,9827db408a87b1c26994bcd5a883eb8131761486aafb66a2dfc23d6200a0bf8c,2017-06-29,0.028152994817537882,-0.08688543819149921,2.024571319970085,0.00408643329542772,0.008694529015387167,49531,
control,transfer_june,PZU,2017-06,xgboost,F5,S1,43,20,9827db408a87b1c26994bcd5a883eb8131761486aafb66a2dfc23d6200a0bf8c,2017-06-30,0.0018234407279176658,-0.03420234397187181,2.0447878394225696,0.004465509350236985,0.010839655284288627,60218,
control,transfer_june,PZU,2017-06,xgboost,F5,S1,71,20,2134603f909ff558d79c54dee2b2574c810506178e15d91a717f9523994e8efb,2017-06-01,-0.04509515299836937,0.04136386637090247,2.305825408842314,0.003660793834765221,0.008725640394281437,37200,
control,transfer_june,PZU,2017-06,xgboost,F5,S1,71,20,2134603f909ff558d79c54dee2b2574c810506178e15d91a717f9523994e8efb,2017-06-02,-0.07294234984862574,0.0029458176609071626,1.8322732169766913,0.004604336605345009,0.008497678334875674,28483,
control,transfer_june,PZU,2017-06,xgboost,F5,S1,71,20,2134603f909ff558d79c54dee2b2574c810506178e15d91a717f9523994e8efb,2017-06-05,-0.02454383495088669,-0.07116110741460968,2.6166699843027925,0.004004980050984898,0.010535097940247129,40516,
control,transfer_june,PZU,2017-06,xgboost,F5,S1,71,20,2134603f909ff558d79c54dee2b2574c810506178e15d91a717f9523994e8efb,2017-06-06,-0.005030396964543122,-0.03430663298590677,2.4656976109754747,0.003586267405490552,0.011058262340137268,53671,
control,transfer_june,PZU,2017-06,xgboost,F5,S1,71,20,2134603f909ff558d79c54dee2b2574c810506178e15d91a717f9523994e8efb,2017-06-07,-0.0390359086354686,-0.03749049128386694,2.103791967573465,0.003319591766400358,0.009862547610811404,35665,
control,transfer_june,PZU,2017-06,xgboost,F5,S1,71,20,2134603f909ff558d79c54dee2b2574c810506178e15d91a717f9523994e8efb,2017-06-08,-0.006089046706066196,0.06803382897417344,2.116258414804265,0.0036248920775109592,0.010050684114171217,45460,
control,transfer_june,PZU,2017-06,xgboost,F5,S1,71,20,2134603f909ff558d79c54dee2b2574c810506178e15d91a717f9523994e8efb,2017-06-09,-0.024035875580811914,-0.021356677720073623,2.4139864078741686,0.003547204809400214,0.011920809794177993,34663,
control,transfer_june,PZU,2017-06,xgboost,F5,S1,71,20,2134603f909ff558d79c54dee2b2574c810506178e15d91a717f9523994e8efb,2017-06-12,0.04396107139406468,-0.020155842576751147,2.3810756338388406,0.0037425938302542475,0.01031461015346261,41860,
control,transfer_june,PZU,2017-06,xgboost,F5,S1,71,20,2134603f909ff558d79c54dee2b2574c810506178e15d91a717f9523994e8efb,2017-06-13,-0.032106008302110335,0.009741529256401645,2.3186690076985514,0.0035587715689565057,0.011453928255273808,53404,
control,transfer_june,PZU,2017-06,xgboost,F5,S1,71,20,2134603f909ff558d79c54dee2b2574c810506178e15d91a717f9523994e8efb,2017-06-14,-0.03901979868290117,-0.10127210686630238,2.3449675099530074,0.003512939375058241,0.009727892363102585,39330,
control,transfer_june,PZU,2017-06,xgboost,F5,S1,71,20,2134603f909ff558d79c54dee2b2574c810506178e15d91a717f9523994e8efb,2017-06-16,-0.028476342917684087,0.016608631929561638,1.56544354352813,0.0026278580995775197,0.009678179283571542,44640,
control,transfer_june,PZU,2017-06,xgboost,F5,S1,71,20,2134603f909ff558d79c54dee2b2574c810506178e15d91a717f9523994e8efb,2017-06-19,-0.040461006245501814,-0.027573350256308,2.987387617695818,0.003330067534716293,0.011949709644150847,58145,
control,transfer_june,PZU,2017-06,xgboost,F5,S1,71,20,2134603f909ff558d79c54dee2b2574c810506178e15d91a717f9523994e8efb,2017-06-20,0.01461654794903304,1.30118123569107e-05,2.4323449214296815,0.0018371941047962822,0.014074597597082008,31522,
control,transfer_june,PZU,2017-06,xgboost,F5,S1,71,20,2134603f909ff558d79c54dee2b2574c810506178e15d91a717f9523994e8efb,2017-06-21,-0.037619072112799655,0.014043305351857206,2.674286595428602,0.003145461331781843,0.010975720409924545,80180,
control,transfer_june,PZU,2017-06,xgboost,F5,S1,71,20,2134603f909ff558d79c54dee2b2574c810506178e15d91a717f9523994e8efb,2017-06-22,-0.012629152340377068,-0.0026832176426108954,2.195627099270153,0.0032164102032724274,0.010343741712298567,59805,
control,transfer_june,PZU,2017-06,xgboost,F5,S1,71,20,2134603f909ff558d79c54dee2b2574c810506178e15d91a717f9523994e8efb,2017-06-23,-0.03944495930769904,0.010344196458899646,2.7101101299318664,0.0029630017358890162,0.011168378673554403,51767,
control,transfer_june,PZU,2017-06,xgboost,F5,S1,71,20,2134603f909ff558d79c54dee2b2574c810506178e15d91a717f9523994e8efb,2017-06-26,-0.05151061182704167,0.030238537169657673,1.7097091030600966,0.004761174665997458,0.011066300879946181,25688,
control,transfer_june,PZU,2017-06,xgboost,F5,S1,71,20,2134603f909ff558d79c54dee2b2574c810506178e15d91a717f9523994e8efb,2017-06-27,-0.009021753961507024,0.05511489859010638,2.1055281670008816,0.004190332402131882,0.008312925286853338,43181,
control,transfer_june,PZU,2017-06,xgboost,F5,S1,71,20,2134603f909ff558d79c54dee2b2574c810506178e15d91a717f9523994e8efb,2017-06-28,-0.07230596005086644,-0.01082573071752257,2.129376826114875,0.00440971107209447,0.009107369482429241,55324,
control,transfer_june,PZU,2017-06,xgboost,F5,S1,71,20,2134603f909ff558d79c54dee2b2574c810506178e15d91a717f9523994e8efb,2017-06-29,-0.004995531951261999,-0.08688543819149921,2.024571319970085,0.004091022181217692,0.009004224559569942,49531,
control,transfer_june,PZU,2017-06,xgboost,F5,S1,71,20,2134603f909ff558d79c54dee2b2574c810506178e15d91a717f9523994e8efb,2017-06-30,-0.011223576683178646,-0.03420234397187181,2.0447878394225696,0.0031675781420972687,0.011302898529979113,60218,
control,later,KGHM,later,xgboost,F5,S0,7,20,401975bcecdef1dcc51f29d522ecd5172ba95bf7e6750c035f13319fe8aefc4e,2017-12-27,0.01757588692771112,0.07530064160244916,2.2217251435161467,-0.0003886408163382212,0.013837480286005946,22384,
control,later,KGHM,later,xgboost,F5,S0,7,20,401975bcecdef1dcc51f29d522ecd5172ba95bf7e6750c035f13319fe8aefc4e,2017-12-28,0.02375697178633733,-0.01613885128518115,2.59599384004454,0.008028707046735221,0.02403040282711614,35080,
control,later,KGHM,later,xgboost,F5,S0,7,20,401975bcecdef1dcc51f29d522ecd5172ba95bf7e6750c035f13319fe8aefc4e,2017-12-29,0.016081860672937428,-0.04317804415410733,2.7996637764835666,-0.001902807897621861,0.016980311294038285,29689,
control,later,KGHM,later,xgboost,F5,S0,17,20,6fea4c538e3a2f4ab032fe9ac11dbc58a232b62b37a92f35cca09ae46dc4b6ff,2017-12-27,-0.02684853528163824,0.07530064160244916,2.2217251435161467,0.0003638064037257442,0.015615993706133854,22384,
control,later,KGHM,later,xgboost,F5,S0,17,20,6fea4c538e3a2f4ab032fe9ac11dbc58a232b62b37a92f35cca09ae46dc4b6ff,2017-12-28,0.027992792566584022,-0.01613885128518115,2.59599384004454,0.010708455522885152,0.029067371678964695,35080,
control,later,KGHM,later,xgboost,F5,S0,17,20,6fea4c538e3a2f4ab032fe9ac11dbc58a232b62b37a92f35cca09ae46dc4b6ff,2017-12-29,0.03620336990823547,-0.04317804415410733,2.7996637764835666,-0.0026306528081885567,0.016111019105261123,29689,
control,later,KGHM,later,xgboost,F5,S0,29,20,22696e1aa6bbd8f7e0e31018b7f82e75dcda4c642537dc841dd4f7779211da85,2017-12-27,0.010641018725307996,0.07530064160244916,2.2217251435161467,0.0022525137864111717,0.015317782927650216,22384,
control,later,KGHM,later,xgboost,F5,S0,29,20,22696e1aa6bbd8f7e0e31018b7f82e75dcda4c642537dc841dd4f7779211da85,2017-12-28,0.06698184830691421,-0.01613885128518115,2.59599384004454,0.009031866158154232,0.02117179498382402,35080,
control,later,KGHM,later,xgboost,F5,S0,29,20,22696e1aa6bbd8f7e0e31018b7f82e75dcda4c642537dc841dd4f7779211da85,2017-12-29,0.0452927136793813,-0.04317804415410733,2.7996637764835666,-0.0014532148630681363,0.016574595571646766,29689,
control,later,KGHM,later,xgboost,F5,S0,43,20,ac10fbc04ab61ad284752bf8cb8bcc09ef5a00632311d9a007189fbea3b509f9,2017-12-27,0.053591967284962065,0.07530064160244916,2.2217251435161467,-0.002218052407141804,0.014837010999827033,22384,
control,later,KGHM,later,xgboost,F5,S0,43,20,ac10fbc04ab61ad284752bf8cb8bcc09ef5a00632311d9a007189fbea3b509f9,2017-12-28,0.058441677815410153,-0.01613885128518115,2.59599384004454,0.007958382293021425,0.024431269893590787,35080,
control,later,KGHM,later,xgboost,F5,S0,43,20,ac10fbc04ab61ad284752bf8cb8bcc09ef5a00632311d9a007189fbea3b509f9,2017-12-29,0.09829643074913275,-0.04317804415410733,2.7996637764835666,-0.002512773803995922,0.018366552390742485,29689,
control,later,KGHM,later,xgboost,F5,S0,71,20,5d27ffa0a0806dd77e95ed187de2b3bf055cf91ebe48c9ca7075cc5312647017,2017-12-27,-0.04889332091382575,0.07530064160244916,2.2217251435161467,-0.0005579883601617839,0.014394809189351836,22384,
control,later,KGHM,later,xgboost,F5,S0,71,20,5d27ffa0a0806dd77e95ed187de2b3bf055cf91ebe48c9ca7075cc5312647017,2017-12-28,-0.015634853355343478,-0.01613885128518115,2.59599384004454,0.008788715526861054,0.02183625643559439,35080,
control,later,KGHM,later,xgboost,F5,S0,71,20,5d27ffa0a0806dd77e95ed187de2b3bf055cf91ebe48c9ca7075cc5312647017,2017-12-29,0.003102290509390536,-0.04317804415410733,2.7996637764835666,-0.0020753823019750827,0.016929708392769142,29689,
control,later,KGHM,later,xgboost,F5,S1,7,20,f6a3e0a88da084271d7e5ea0e18973b224114ac6831233f997f58c321bfd6a8f,2017-12-27,0.025083033503693883,0.07530064160244916,2.2217251435161467,-0.002019140345019714,0.009021455254950395,22384,
control,later,KGHM,later,xgboost,F5,S1,7,20,f6a3e0a88da084271d7e5ea0e18973b224114ac6831233f997f58c321bfd6a8f,2017-12-28,-0.07738876592972325,-0.01613885128518115,2.59599384004454,-0.005456559249758003,0.01984378771198788,35080,
control,later,KGHM,later,xgboost,F5,S1,7,20,f6a3e0a88da084271d7e5ea0e18973b224114ac6831233f997f58c321bfd6a8f,2017-12-29,-0.052888473526809206,-0.04317804415410733,2.7996637764835666,0.00032529957565284714,0.01033659978613238,29689,
control,later,KGHM,later,xgboost,F5,S1,17,20,4629663c1b6e0a2d33a62bf7fd9ee0c04c3a655f066910e20bb59f12d5f616e9,2017-12-27,-0.05444905611341745,0.07530064160244916,2.2217251435161467,0.0012324511201134947,0.009883434076479347,22384,
control,later,KGHM,later,xgboost,F5,S1,17,20,4629663c1b6e0a2d33a62bf7fd9ee0c04c3a655f066910e20bb59f12d5f616e9,2017-12-28,-0.020276246468814863,-0.01613885128518115,2.59599384004454,0.000805917382493725,0.025557814679199393,35080,
control,later,KGHM,later,xgboost,F5,S1,17,20,4629663c1b6e0a2d33a62bf7fd9ee0c04c3a655f066910e20bb59f12d5f616e9,2017-12-29,0.0012844323199464893,-0.04317804415410733,2.7996637764835666,0.001420307359296426,0.012227711574353532,29689,
control,later,KGHM,later,xgboost,F5,S1,29,20,426a7946fda020165925dc36d08dc9563659b3e054cd3e07aaa52c26bb2d2148,2017-12-27,0.08663572258699909,0.07530064160244916,2.2217251435161467,0.0008905912027512998,0.009206411647088568,22384,
control,later,KGHM,later,xgboost,F5,S1,29,20,426a7946fda020165925dc36d08dc9563659b3e054cd3e07aaa52c26bb2d2148,2017-12-28,-0.015841576580905136,-0.01613885128518115,2.59599384004454,-0.0005815936952447188,0.016758202847377852,35080,
control,later,KGHM,later,xgboost,F5,S1,29,20,426a7946fda020165925dc36d08dc9563659b3e054cd3e07aaa52c26bb2d2148,2017-12-29,0.031152342911582205,-0.04317804415410733,2.7996637764835666,0.0003248478667335639,0.011212604900317903,29689,
control,later,KGHM,later,xgboost,F5,S1,43,20,71496a553efa7937d3a690c2c916c31f7dc3eacd3bfd61aef6d1d400455e54af,2017-12-27,-0.012473952460927779,0.07530064160244916,2.2217251435161467,-0.0014182607996040839,0.008690774038254167,22384,
control,later,KGHM,later,xgboost,F5,S1,43,20,71496a553efa7937d3a690c2c916c31f7dc3eacd3bfd61aef6d1d400455e54af,2017-12-28,0.010819335855522862,-0.01613885128518115,2.59599384004454,0.000665918526907395,0.014835107926590985,35080,
control,later,KGHM,later,xgboost,F5,S1,43,20,71496a553efa7937d3a690c2c916c31f7dc3eacd3bfd61aef6d1d400455e54af,2017-12-29,-0.051721568905282476,-0.04317804415410733,2.7996637764835666,0.00010167217780423646,0.012075861640550646,29689,
control,later,KGHM,later,xgboost,F5,S1,71,20,604f211394b9a537b193eccd3d2e9a78b53d832b5c5fc057b00d64624922d9c4,2017-12-27,-0.05475384484941905,0.07530064160244916,2.2217251435161467,-0.003159945415654403,0.009241661526058726,22384,
control,later,KGHM,later,xgboost,F5,S1,71,20,604f211394b9a537b193eccd3d2e9a78b53d832b5c5fc057b00d64624922d9c4,2017-12-28,-0.09665499814597892,-0.01613885128518115,2.59599384004454,-0.0027786489142837007,0.020717092178468514,35080,
control,later,KGHM,later,xgboost,F5,S1,71,20,604f211394b9a537b193eccd3d2e9a78b53d832b5c5fc057b00d64624922d9c4,2017-12-29,-0.08123564762901787,-0.04317804415410733,2.7996637764835666,-0.0007289904191708737,0.01089498642805607,29689,
control,later,PEKAO,later,xgboost,F5,S0,7,20,b8906bbf9e008ca1c6b860b15ea87fdb21b3b4afad1d1abc3030eac3be9f1fc3,2017-12-27,-0.032745359204505366,0.08161046694940986,1.9822263854912152,-0.012015742755077271,0.013417085653289997,13592,
control,later,PEKAO,later,xgboost,F5,S0,7,20,b8906bbf9e008ca1c6b860b15ea87fdb21b3b4afad1d1abc3030eac3be9f1fc3,2017-12-28,-0.01969884818143188,0.03251647743959267,2.4682375668651937,-0.002865677016057284,0.01589576749781425,16326,
control,later,PEKAO,later,xgboost,F5,S0,7,20,b8906bbf9e008ca1c6b860b15ea87fdb21b3b4afad1d1abc3030eac3be9f1fc3,2017-12-29,-0.048781206476040256,-0.12997195038745218,2.4971105015938067,-0.006787921049163157,0.015107454402838888,13032,
control,later,PEKAO,later,xgboost,F5,S0,17,20,95119a864b89ee7402d364272f27f79e7e6dc82c24b300e427700eeba8be7c7c,2017-12-27,0.026075391882936314,0.08161046694940986,1.9822263854912152,-0.010262401550928056,0.012089375496141466,13592,
control,later,PEKAO,later,xgboost,F5,S0,17,20,95119a864b89ee7402d364272f27f79e7e6dc82c24b300e427700eeba8be7c7c,2017-12-28,-0.003101077019956156,0.03251647743959267,2.4682375668651937,-0.003929646003155025,0.01631887661580954,16326,
control,later,PEKAO,later,xgboost,F5,S0,17,20,95119a864b89ee7402d364272f27f79e7e6dc82c24b300e427700eeba8be7c7c,2017-12-29,0.03619623505480199,-0.12997195038745218,2.4971105015938067,-0.0072000335829997975,0.014751869973833669,13032,
control,later,PEKAO,later,xgboost,F5,S0,29,20,80089025fe884cc0f53bc23d6ef54940ac139552124098395349f43d7eee3ec8,2017-12-27,0.03012733437483752,0.08161046694940986,1.9822263854912152,-0.009490887090423153,0.014083769831245452,13592,
control,later,PEKAO,later,xgboost,F5,S0,29,20,80089025fe884cc0f53bc23d6ef54940ac139552124098395349f43d7eee3ec8,2017-12-28,0.002098825323186809,0.03251647743959267,2.4682375668651937,-0.003248115918327231,0.018064916619957818,16326,
control,later,PEKAO,later,xgboost,F5,S0,29,20,80089025fe884cc0f53bc23d6ef54940ac139552124098395349f43d7eee3ec8,2017-12-29,0.04384417098310288,-0.12997195038745218,2.4971105015938067,-0.009737946689175284,0.017061290224429187,13032,
control,later,PEKAO,later,xgboost,F5,S0,43,20,4373faa6905cc12d8cceb53b68c1999e56ca8c97532d53e715bb32fbd28404eb,2017-12-27,0.014916187257563999,0.08161046694940986,1.9822263854912152,-0.006071675205688967,0.013858079752776335,13592,
control,later,PEKAO,later,xgboost,F5,S0,43,20,4373faa6905cc12d8cceb53b68c1999e56ca8c97532d53e715bb32fbd28404eb,2017-12-28,0.0026391471854233794,0.03251647743959267,2.4682375668651937,-0.005381001093049188,0.01764495162560142,16326,
control,later,PEKAO,later,xgboost,F5,S0,43,20,4373faa6905cc12d8cceb53b68c1999e56ca8c97532d53e715bb32fbd28404eb,2017-12-29,0.016073327893329072,-0.12997195038745218,2.4971105015938067,-0.008562666112274502,0.015474201878130896,13032,
control,later,PEKAO,later,xgboost,F5,S0,71,20,4783128a55d3fd649a731263ddefdccdcd1c167f14de80c157a7f53a926d942e,2017-12-27,0.011041574494188236,0.08161046694940986,1.9822263854912152,-0.01404575807597631,0.018091021875542485,13592,
control,later,PEKAO,later,xgboost,F5,S0,71,20,4783128a55d3fd649a731263ddefdccdcd1c167f14de80c157a7f53a926d942e,2017-12-28,-0.014424833481269689,0.03251647743959267,2.4682375668651937,-0.005652579632263455,0.01908596845703596,16326,
control,later,PEKAO,later,xgboost,F5,S0,71,20,4783128a55d3fd649a731263ddefdccdcd1c167f14de80c157a7f53a926d942e,2017-12-29,0.004311485918051898,-0.12997195038745218,2.4971105015938067,-0.009987346571004146,0.01864521983431915,13032,
control,later,PEKAO,later,xgboost,F5,S1,7,20,c0d8927676eed6cc27f55ea18bc2d6ad17e639c0aa4cc3aa10c31aefea463207,2017-12-27,-0.028527302678808545,0.08161046694940986,1.9822263854912152,-0.004336378471871959,0.013842263128972304,13592,
control,later,PEKAO,later,xgboost,F5,S1,7,20,c0d8927676eed6cc27f55ea18bc2d6ad17e639c0aa4cc3aa10c31aefea463207,2017-12-28,0.03610564580264719,0.03251647743959267,2.4682375668651937,-0.007618904403758067,0.0166392793316798,16326,
control,later,PEKAO,later,xgboost,F5,S1,7,20,c0d8927676eed6cc27f55ea18bc2d6ad17e639c0aa4cc3aa10c31aefea463207,2017-12-29,0.013150705405253354,-0.12997195038745218,2.4971105015938067,-0.005303525926225464,0.0157789199124221,13032,
control,later,PEKAO,later,xgboost,F5,S1,17,20,38609c58248db11e5499e6698272219143b42bfcd3f49466291e2b845a05f895,2017-12-27,-0.06592973058519508,0.08161046694940986,1.9822263854912152,-0.004648653721201013,0.012820261665209517,13592,
control,later,PEKAO,later,xgboost,F5,S1,17,20,38609c58248db11e5499e6698272219143b42bfcd3f49466291e2b845a05f895,2017-12-28,-0.0050440288765771744,0.03251647743959267,2.4682375668651937,-0.010486332413068277,0.016711181512847867,16326,
control,later,PEKAO,later,xgboost,F5,S1,17,20,38609c58248db11e5499e6698272219143b42bfcd3f49466291e2b845a05f895,2017-12-29,-0.02752601858658055,-0.12997195038745218,2.4971105015938067,-0.008459364580117838,0.016019360111181605,13032,
control,later,PEKAO,later,xgboost,F5,S1,29,20,1ad9368527d092b332e49a84ebbb24a89c313e8a0d85f2ee4cca9b21f24533f1,2017-12-27,0.06302520849908441,0.08161046694940986,1.9822263854912152,0.0014499810158274515,0.014210362177259864,13592,
control,later,PEKAO,later,xgboost,F5,S1,29,20,1ad9368527d092b332e49a84ebbb24a89c313e8a0d85f2ee4cca9b21f24533f1,2017-12-28,0.07118161011208672,0.03251647743959267,2.4682375668651937,-0.0077294981765605505,0.019911131773222547,16326,
control,later,PEKAO,later,xgboost,F5,S1,29,20,1ad9368527d092b332e49a84ebbb24a89c313e8a0d85f2ee4cca9b21f24533f1,2017-12-29,0.12503274486780486,-0.12997195038745218,2.4971105015938067,-0.005409460380753987,0.015960439204479954,13032,
control,later,PEKAO,later,xgboost,F5,S1,43,20,35a370a327fd744d679750bfa38c4e02727511f0e2e3ec96766d89e63a66977d,2017-12-27,-0.08319988246925183,0.08161046694940986,1.9822263854912152,-0.003954601333559671,0.012986949461610085,13592,
control,later,PEKAO,later,xgboost,F5,S1,43,20,35a370a327fd744d679750bfa38c4e02727511f0e2e3ec96766d89e63a66977d,2017-12-28,-0.05363441326726275,0.03251647743959267,2.4682375668651937,-0.005002141830864647,0.016351435116153244,16326,
control,later,PEKAO,later,xgboost,F5,S1,43,20,35a370a327fd744d679750bfa38c4e02727511f0e2e3ec96766d89e63a66977d,2017-12-29,-0.03813214110329281,-0.12997195038745218,2.4971105015938067,-0.004037396361388194,0.013603370500918638,13032,
control,later,PEKAO,later,xgboost,F5,S1,71,20,502b33b4e58fb83cc7696e4e5090ff72a7066d4f970186feedc69d91abfea43b,2017-12-27,-0.025138670612521476,0.08161046694940986,1.9822263854912152,-0.005863265545961399,0.014519207189734006,13592,
control,later,PEKAO,later,xgboost,F5,S1,71,20,502b33b4e58fb83cc7696e4e5090ff72a7066d4f970186feedc69d91abfea43b,2017-12-28,-0.045131243641293305,0.03251647743959267,2.4682375668651937,-0.006072256433888149,0.018053856836897576,16326,
control,later,PEKAO,later,xgboost,F5,S1,71,20,502b33b4e58fb83cc7696e4e5090ff72a7066d4f970186feedc69d91abfea43b,2017-12-29,0.09150064501869225,-0.12997195038745218,2.4971105015938067,-0.005407907561324628,0.016488390394067003,13032,
control,later,PKNORLEN,later,xgboost,F5,S0,7,20,2fa0640102f3bdbe950a5eb56e3b398b4e6eb304e7bcb3b946ebaf98eef895bc,2017-12-27,0.19776705298348393,0.06934370494624191,2.391073873072833,-0.00042459061391316154,0.013654371330647685,29545,
control,later,PKNORLEN,later,xgboost,F5,S0,7,20,2fa0640102f3bdbe950a5eb56e3b398b4e6eb304e7bcb3b946ebaf98eef895bc,2017-12-28,0.2103485571616951,-0.04221516307132077,2.61316031501131,-0.002419652186065718,0.01418337703062064,27573,
control,later,PKNORLEN,later,xgboost,F5,S0,7,20,2fa0640102f3bdbe950a5eb56e3b398b4e6eb304e7bcb3b946ebaf98eef895bc,2017-12-29,0.16166452383412552,-0.13211990693814324,2.5582736568730318,0.0012474494532358801,0.022010366043199184,41002,
control,later,PKNORLEN,later,xgboost,F5,S0,17,20,d8b9c65ccbd230f40c72b21086c8691c7e88b79c6007572fea26b740f1b9d603,2017-12-27,0.1449036175003659,0.06934370494624191,2.391073873072833,0.0006525401158808129,0.012529999387186757,29545,
control,later,PKNORLEN,later,xgboost,F5,S0,17,20,d8b9c65ccbd230f40c72b21086c8691c7e88b79c6007572fea26b740f1b9d603,2017-12-28,0.1650613077380961,-0.04221516307132077,2.61316031501131,-0.0020173239879570817,0.014877914234281128,27573,
control,later,PKNORLEN,later,xgboost,F5,S0,17,20,d8b9c65ccbd230f40c72b21086c8691c7e88b79c6007572fea26b740f1b9d603,2017-12-29,0.13600064359772046,-0.13211990693814324,2.5582736568730318,0.0016955987592662603,0.01850987423589356,41002,
control,later,PKNORLEN,later,xgboost,F5,S0,29,20,902fa1106c1782c9a905f9cd617114e2b875b3fea721a9c528ae526df87c21e0,2017-12-27,0.12580358041629333,0.06934370494624191,2.391073873072833,0.0011014202329115836,0.013726220206446527,29545,
control,later,PKNORLEN,later,xgboost,F5,S0,29,20,902fa1106c1782c9a905f9cd617114e2b875b3fea721a9c528ae526df87c21e0,2017-12-28,0.1655295058191382,-0.04221516307132077,2.61316031501131,-0.0006026945730820645,0.016378932575185825,27573,
control,later,PKNORLEN,later,xgboost,F5,S0,29,20,902fa1106c1782c9a905f9cd617114e2b875b3fea721a9c528ae526df87c21e0,2017-12-29,0.11079029188043764,-0.13211990693814324,2.5582736568730318,0.001255214817132747,0.021010889230127297,41002,
control,later,PKNORLEN,later,xgboost,F5,S0,43,20,15bf7798d1d2987238e9af865a0327f3abe0ed0d0f923ee55c8f2bd17d3d89ec,2017-12-27,0.16937707653190753,0.06934370494624191,2.391073873072833,-0.00013143940505808756,0.012927227925262654,29545,
control,later,PKNORLEN,later,xgboost,F5,S0,43,20,15bf7798d1d2987238e9af865a0327f3abe0ed0d0f923ee55c8f2bd17d3d89ec,2017-12-28,0.1454168085244236,-0.04221516307132077,2.61316031501131,-0.0018959341986050202,0.014396209497808354,27573,
control,later,PKNORLEN,later,xgboost,F5,S0,43,20,15bf7798d1d2987238e9af865a0327f3abe0ed0d0f923ee55c8f2bd17d3d89ec,2017-12-29,0.128916940689169,-0.13211990693814324,2.5582736568730318,0.0034427977981699334,0.020306707817071737,41002,
control,later,PKNORLEN,later,xgboost,F5,S0,71,20,d1d349461074774c958cf90e1f18e7924a95bf7a3364d5bc4d76ff720af0eb90,2017-12-27,0.16672037612708174,0.06934370494624191,2.391073873072833,-0.0006779823194867739,0.013735351720874566,29545,
control,later,PKNORLEN,later,xgboost,F5,S0,71,20,d1d349461074774c958cf90e1f18e7924a95bf7a3364d5bc4d76ff720af0eb90,2017-12-28,0.20739321632991453,-0.04221516307132077,2.61316031501131,-0.0014828623120518255,0.014506489330749026,27573,
control,later,PKNORLEN,later,xgboost,F5,S0,71,20,d1d349461074774c958cf90e1f18e7924a95bf7a3364d5bc4d76ff720af0eb90,2017-12-29,0.15697323528454546,-0.13211990693814324,2.5582736568730318,0.0014286523626461385,0.022232739767146723,41002,
control,later,PKNORLEN,later,xgboost,F5,S1,7,20,54771850b30762f8e93be8f6b6c2f9205a0207a9f2a3477bc6d96ac13b6527c8,2017-12-27,-0.0053171003834383045,0.06934370494624191,2.391073873072833,0.0006683483364528076,0.010367863999670905,29545,
control,later,PKNORLEN,later,xgboost,F5,S1,7,20,54771850b30762f8e93be8f6b6c2f9205a0207a9f2a3477bc6d96ac13b6527c8,2017-12-28,-0.024471891133639075,-0.04221516307132077,2.61316031501131,0.0005173187512080884,0.011136676034884253,27573,
control,later,PKNORLEN,later,xgboost,F5,S1,7,20,54771850b30762f8e93be8f6b6c2f9205a0207a9f2a3477bc6d96ac13b6527c8,2017-12-29,-0.011016204178395146,-0.13211990693814324,2.5582736568730318,-0.0005151247277941026,0.017091580681721046,41002,
control,later,PKNORLEN,later,xgboost,F5,S1,17,20,75362e9addeec6a84c6673b4d299b554ad493312b25196c2f20212b8c3278ee8,2017-12-27,0.0532364120802289,0.06934370494624191,2.391073873072833,0.0026868077654392222,0.009611691583738388,29545,
control,later,PKNORLEN,later,xgboost,F5,S1,17,20,75362e9addeec6a84c6673b4d299b554ad493312b25196c2f20212b8c3278ee8,2017-12-28,0.0389330725346985,-0.04221516307132077,2.61316031501131,0.0021828529309828567,0.010165810519161732,27573,
control,later,PKNORLEN,later,xgboost,F5,S1,17,20,75362e9addeec6a84c6673b4d299b554ad493312b25196c2f20212b8c3278ee8,2017-12-29,-0.0050397564541917895,-0.13211990693814324,2.5582736568730318,0.0016076622171187888,0.014091095858222746,41002,
control,later,PKNORLEN,later,xgboost,F5,S1,29,20,1b7d1eb54d054e3686bb61db2c4b58ecaa6d6e590596b6977c674b2e653f6c5f,2017-12-27,0.030254284386414195,0.06934370494624191,2.391073873072833,0.001471607132916251,0.008935284116963696,29545,
control,later,PKNORLEN,later,xgboost,F5,S1,29,20,1b7d1eb54d054e3686bb61db2c4b58ecaa6d6e590596b6977c674b2e653f6c5f,2017-12-28,-0.005357734179101325,-0.04221516307132077,2.61316031501131,0.0010805073237344566,0.010289286863365889,27573,
control,later,PKNORLEN,later,xgboost,F5,S1,29,20,1b7d1eb54d054e3686bb61db2c4b58ecaa6d6e590596b6977c674b2e653f6c5f,2017-12-29,0.018223997660483385,-0.13211990693814324,2.5582736568730318,0.0006640605455730862,0.013086463695816007,41002,
control,later,PKNORLEN,later,xgboost,F5,S1,43,20,825ca52658c2e38ef50bcf45e8f3384cc3092c4f954a2b546b852926542e546e,2017-12-27,0.01984956595029995,0.06934370494624191,2.391073873072833,-0.0006362520432466961,0.011292396459239292,29545,
control,later,PKNORLEN,later,xgboost,F5,S1,43,20,825ca52658c2e38ef50bcf45e8f3384cc3092c4f954a2b546b852926542e546e,2017-12-28,-0.010894067532829791,-0.04221516307132077,2.61316031501131,-0.00037844962883996957,0.011141209593014175,27573,
control,later,PKNORLEN,later,xgboost,F5,S1,43,20,825ca52658c2e38ef50bcf45e8f3384cc3092c4f954a2b546b852926542e546e,2017-12-29,0.031445317675213524,-0.13211990693814324,2.5582736568730318,0.0027342561622613185,0.014892279721299619,41002,
control,later,PKNORLEN,later,xgboost,F5,S1,71,20,d0d7635d5f3bdac9f199bde55a5c32ed2d1359cd7a6387044aec2fcb4a7e1430,2017-12-27,0.0020249448310639324,0.06934370494624191,2.391073873072833,0.002792512615086478,0.009573117384756122,29545,
control,later,PKNORLEN,later,xgboost,F5,S1,71,20,d0d7635d5f3bdac9f199bde55a5c32ed2d1359cd7a6387044aec2fcb4a7e1430,2017-12-28,0.0018903454499021928,-0.04221516307132077,2.61316031501131,0.0022738348397369056,0.009911155615719784,27573,
control,later,PKNORLEN,later,xgboost,F5,S1,71,20,d0d7635d5f3bdac9f199bde55a5c32ed2d1359cd7a6387044aec2fcb4a7e1430,2017-12-29,-0.0329865914210368,-0.13211990693814324,2.5582736568730318,0.00176603436892367,0.013213808866447999,41002,
control,later,PKOBP,later,xgboost,F5,S0,7,20,534afe9d3ed7a9ca66818aaec700f96243b571e14ea5c47286dbbf679e987d70,2017-12-27,0.029903010204908983,0.03447309936298213,1.168527556656574,0.01837866289028608,0.018434672555528154,22618,
control,later,PKOBP,later,xgboost,F5,S0,7,20,534afe9d3ed7a9ca66818aaec700f96243b571e14ea5c47286dbbf679e987d70,2017-12-28,-0.0015168903144539528,0.0308931193090668,1.4546160866494584,0.010369085606733504,0.018791843433288803,37713,
control,later,PKOBP,later,xgboost,F5,S0,7,20,534afe9d3ed7a9ca66818aaec700f96243b571e14ea5c47286dbbf679e987d70,2017-12-29,-0.0342210943653486,-0.0215096983308601,1.825246550409668,0.006791983701787632,0.021809410580622586,42166,
control,later,PKOBP,later,xgboost,F5,S0,17,20,a92e13e403a036c6247ae63682e1cc50deb7f8197995a2a3450ae9092092f150,2017-12-27,0.06378887777610584,0.03447309936298213,1.168527556656574,0.022390875479631898,0.015647449063162018,22618,
control,later,PKOBP,later,xgboost,F5,S0,17,20,a92e13e403a036c6247ae63682e1cc50deb7f8197995a2a3450ae9092092f150,2017-12-28,0.0055022665460808156,0.0308931193090668,1.4546160866494584,0.013328943459510151,0.016542752891306776,37713,
control,later,PKOBP,later,xgboost,F5,S0,17,20,a92e13e403a036c6247ae63682e1cc50deb7f8197995a2a3450ae9092092f150,2017-12-29,0.10935944409023207,-0.0215096983308601,1.825246550409668,0.015255755843369776,0.018048352975075725,42166,
control,later,PKOBP,later,xgboost,F5,S0,29,20,9801bfb28ca35e3d330e080d91e3e3739ce6039afd0e604553afb8bcb29bc047,2017-12-27,0.0451879799942469,0.03447309936298213,1.168527556656574,0.017062738390218633,0.01399333379090263,22618,
control,later,PKOBP,later,xgboost,F5,S0,29,20,9801bfb28ca35e3d330e080d91e3e3739ce6039afd0e604553afb8bcb29bc047,2017-12-28,0.014831365109589574,0.0308931193090668,1.4546160866494584,0.010263110360545518,0.01588532444846792,37713,
control,later,PKOBP,later,xgboost,F5,S0,29,20,9801bfb28ca35e3d330e080d91e3e3739ce6039afd0e604553afb8bcb29bc047,2017-12-29,-0.013956355774421999,-0.0215096983308601,1.825246550409668,0.007493155057875805,0.01835733248885278,42166,
control,later,PKOBP,later,xgboost,F5,S0,43,20,041e2390ccafcb9e37d549d1ef41b117ebfb7b1783b29183ede677906569fd45,2017-12-27,0.013116465706489696,0.03447309936298213,1.168527556656574,0.020182228919587868,0.014113905893742276,22618,
control,later,PKOBP,later,xgboost,F5,S0,43,20,041e2390ccafcb9e37d549d1ef41b117ebfb7b1783b29183ede677906569fd45,2017-12-28,0.028457171627422402,0.0308931193090668,1.4546160866494584,0.011759240482343976,0.016378308271559415,37713,
control,later,PKOBP,later,xgboost,F5,S0,43,20,041e2390ccafcb9e37d549d1ef41b117ebfb7b1783b29183ede677906569fd45,2017-12-29,0.032455109587976,-0.0215096983308601,1.825246550409668,0.012423843254461877,0.01795269544835528,42166,
control,later,PKOBP,later,xgboost,F5,S0,71,20,318371efe88793e567599965df22e515dfebab50d2f13de5ef2b88b299acdd0e,2017-12-27,0.0394095096479328,0.03447309936298213,1.168527556656574,0.01711004224162165,0.012678373424751716,22618,
control,later,PKOBP,later,xgboost,F5,S0,71,20,318371efe88793e567599965df22e515dfebab50d2f13de5ef2b88b299acdd0e,2017-12-28,0.013123185001589616,0.0308931193090668,1.4546160866494584,0.012458353347808536,0.014343371099396084,37713,
control,later,PKOBP,later,xgboost,F5,S0,71,20,318371efe88793e567599965df22e515dfebab50d2f13de5ef2b88b299acdd0e,2017-12-29,0.07323086285311332,-0.0215096983308601,1.825246550409668,0.011297966715152683,0.016050526349120253,42166,
control,later,PKOBP,later,xgboost,F5,S1,7,20,9332b0f53201758cd202dbd80bb12aab8a2e6916350f2ccfc0b2a06c62038777,2017-12-27,-0.06589911463207172,0.03447309936298213,1.168527556656574,0.004372420888686542,0.019364561441894815,22618,
control,later,PKOBP,later,xgboost,F5,S1,7,20,9332b0f53201758cd202dbd80bb12aab8a2e6916350f2ccfc0b2a06c62038777,2017-12-28,-0.019757080235093618,0.0308931193090668,1.4546160866494584,0.0030340552648116677,0.014150748349740085,37713,
control,later,PKOBP,later,xgboost,F5,S1,7,20,9332b0f53201758cd202dbd80bb12aab8a2e6916350f2ccfc0b2a06c62038777,2017-12-29,-0.07233629846016297,-0.0215096983308601,1.825246550409668,0.0014261451372678518,0.01735230097312346,42166,
control,later,PKOBP,later,xgboost,F5,S1,17,20,c90dac17bf70dcf82693697e1be47b294fd34a302c47f00574a95f3fa11f5929,2017-12-27,0.015256844419501269,0.03447309936298213,1.168527556656574,0.009520568536807113,0.013846114711701416,22618,
control,later,PKOBP,later,xgboost,F5,S1,17,20,c90dac17bf70dcf82693697e1be47b294fd34a302c47f00574a95f3fa11f5929,2017-12-28,-0.02453565942783363,0.0308931193090668,1.4546160866494584,0.006156419791131254,0.012014340986247901,37713,
control,later,PKOBP,later,xgboost,F5,S1,17,20,c90dac17bf70dcf82693697e1be47b294fd34a302c47f00574a95f3fa11f5929,2017-12-29,0.005175118553539502,-0.0215096983308601,1.825246550409668,0.005548596611483858,0.01366141624152112,42166,
control,later,PKOBP,later,xgboost,F5,S1,29,20,0f00997fb8f2087fd28e636b75d3a010ad4a9e8f478aa28e8fdc27dd6a29e8cd,2017-12-27,-0.02162969681369732,0.03447309936298213,1.168527556656574,0.0025288315792481395,0.016958409439943287,22618,
control,later,PKOBP,later,xgboost,F5,S1,29,20,0f00997fb8f2087fd28e636b75d3a010ad4a9e8f478aa28e8fdc27dd6a29e8cd,2017-12-28,0.025770841190354554,0.0308931193090668,1.4546160866494584,0.002246543829301392,0.013751248066195192,37713,
control,later,PKOBP,later,xgboost,F5,S1,29,20,0f00997fb8f2087fd28e636b75d3a010ad4a9e8f478aa28e8fdc27dd6a29e8cd,2017-12-29,0.03963431597425343,-0.0215096983308601,1.825246550409668,0.0032769660157798875,0.015436347991922148,42166,
control,later,PKOBP,later,xgboost,F5,S1,43,20,22685e76b3f66c85255b0685459854f36c0386d12c6f9e5b700c86b724f3ae81,2017-12-27,-0.07425471786559917,0.03447309936298213,1.168527556656574,-0.002120568098225992,0.018832943091403785,22618,
control,later,PKOBP,later,xgboost,F5,S1,43,20,22685e76b3f66c85255b0685459854f36c0386d12c6f9e5b700c86b724f3ae81,2017-12-28,-0.019132433435769036,0.0308931193090668,1.4546160866494584,0.002592132079608804,0.01412412235436041,37713,
control,later,PKOBP,later,xgboost,F5,S1,43,20,22685e76b3f66c85255b0685459854f36c0386d12c6f9e5b700c86b724f3ae81,2017-12-29,-0.03756726895540228,-0.0215096983308601,1.825246550409668,0.0013122364909384427,0.020003469598325795,42166,
control,later,PKOBP,later,xgboost,F5,S1,71,20,5c10afbabb3d79519b018d821330bb9bcd11311061169d2bba1aa7ee56ba40e4,2017-12-27,0.01973421807976035,0.03447309936298213,1.168527556656574,0.004687569601360551,0.019000101120730823,22618,
control,later,PKOBP,later,xgboost,F5,S1,71,20,5c10afbabb3d79519b018d821330bb9bcd11311061169d2bba1aa7ee56ba40e4,2017-12-28,0.021870850696418705,0.0308931193090668,1.4546160866494584,0.0050745155803034216,0.020456463623348076,37713,
control,later,PKOBP,later,xgboost,F5,S1,71,20,5c10afbabb3d79519b018d821330bb9bcd11311061169d2bba1aa7ee56ba40e4,2017-12-29,0.07810152732792194,-0.0215096983308601,1.825246550409668,0.008002005793652562,0.021197163915057708,42166,
control,later,PZU,later,xgboost,F5,S0,7,20,3ec41aff1e6afafe59d7d6a0ff9575525ac0322be2fbd88b157fd67e0f88bf8b,2017-12-27,0.03579465180080525,0.05258249347976789,2.148056422439141,0.011095420152288902,0.014844294648541373,79559,
control,later,PZU,later,xgboost,F5,S0,7,20,3ec41aff1e6afafe59d7d6a0ff9575525ac0322be2fbd88b157fd67e0f88bf8b,2017-12-28,0.06489876836497413,0.12996247712115497,1.8755516288278018,0.012899035082879914,0.015043202735535737,34922,
control,later,PZU,later,xgboost,F5,S0,7,20,3ec41aff1e6afafe59d7d6a0ff9575525ac0322be2fbd88b157fd67e0f88bf8b,2017-12-29,0.05204716753537873,-0.033135806696969125,1.94930063207544,0.00664881314112801,0.01556160524916206,38106,
control,later,PZU,later,xgboost,F5,S0,17,20,a9614a2dc4f48ba777c1da5c2f0dc94ebcc9bc6183e6f9e9ccdc5d2f4068f57d,2017-12-27,0.00727274647323203,0.05258249347976789,2.148056422439141,0.01094927389411624,0.012403260670965513,79559,
control,later,PZU,later,xgboost,F5,S0,17,20,a9614a2dc4f48ba777c1da5c2f0dc94ebcc9bc6183e6f9e9ccdc5d2f4068f57d,2017-12-28,0.013980338182706045,0.12996247712115497,1.8755516288278018,0.011773004673136635,0.01268812017686857,34922,
control,later,PZU,later,xgboost,F5,S0,17,20,a9614a2dc4f48ba777c1da5c2f0dc94ebcc9bc6183e6f9e9ccdc5d2f4068f57d,2017-12-29,0.022284175574155816,-0.033135806696969125,1.94930063207544,0.007643330874408351,0.01568300732270705,38106,
control,later,PZU,later,xgboost,F5,S0,29,20,831867f4cdb0d7b4eaf68d08098c12b89e68ff95b11511cee19351eec6ae2eb9,2017-12-27,0.05586189285534865,0.05258249347976789,2.148056422439141,0.009499476578857018,0.01288984482787946,79559,
control,later,PZU,later,xgboost,F5,S0,29,20,831867f4cdb0d7b4eaf68d08098c12b89e68ff95b11511cee19351eec6ae2eb9,2017-12-28,0.06466016357599651,0.12996247712115497,1.8755516288278018,0.010474215940817096,0.013454787469666845,34922,
control,later,PZU,later,xgboost,F5,S0,29,20,831867f4cdb0d7b4eaf68d08098c12b89e68ff95b11511cee19351eec6ae2eb9,2017-12-29,0.04313564766564002,-0.033135806696969125,1.94930063207544,0.005121409699571429,0.01253056916807897,38106,
control,later,PZU,later,xgboost,F5,S0,43,20,b5a0c648fe26c05477a5d3acd48521d96219a7c36c88de18f5bc78482ec59dc4,2017-12-27,0.08912582680657839,0.05258249347976789,2.148056422439141,0.012952646756958005,0.012793557693675798,79559,
control,later,PZU,later,xgboost,F5,S0,43,20,b5a0c648fe26c05477a5d3acd48521d96219a7c36c88de18f5bc78482ec59dc4,2017-12-28,0.09979127038309933,0.12996247712115497,1.8755516288278018,0.013137193883151045,0.013428461134249333,34922,
control,later,PZU,later,xgboost,F5,S0,43,20,b5a0c648fe26c05477a5d3acd48521d96219a7c36c88de18f5bc78482ec59dc4,2017-12-29,0.07973821237946263,-0.033135806696969125,1.94930063207544,0.00639020961823585,0.013952452230249861,38106,
control,later,PZU,later,xgboost,F5,S0,71,20,957d71c1342238d2da4342c0de9d8d2da77ed2f2833f8fa6c7f6c68bd1fb1cb8,2017-12-27,0.025465473132514446,0.05258249347976789,2.148056422439141,0.01085024384237155,0.011815382618812258,79559,
control,later,PZU,later,xgboost,F5,S0,71,20,957d71c1342238d2da4342c0de9d8d2da77ed2f2833f8fa6c7f6c68bd1fb1cb8,2017-12-28,0.03821011284701405,0.12996247712115497,1.8755516288278018,0.01239426703906278,0.0130095723217015,34922,
control,later,PZU,later,xgboost,F5,S0,71,20,957d71c1342238d2da4342c0de9d8d2da77ed2f2833f8fa6c7f6c68bd1fb1cb8,2017-12-29,0.030900784470680058,-0.033135806696969125,1.94930063207544,0.006938746456666131,0.013618873671185831,38106,
control,later,PZU,later,xgboost,F5,S1,7,20,9955ef249184a95e6f108bb5c38cabe03695206866592bce233d0edb25f71a38,2017-12-27,-0.02852975299646981,0.05258249347976789,2.148056422439141,-0.0022714737229769864,0.008748833297811894,79559,
control,later,PZU,later,xgboost,F5,S1,7,20,9955ef249184a95e6f108bb5c38cabe03695206866592bce233d0edb25f71a38,2017-12-28,-0.01248510388386374,0.12996247712115497,1.8755516288278018,-0.0015331129172557764,0.009202367028521816,34922,
control,later,PZU,later,xgboost,F5,S1,7,20,9955ef249184a95e6f108bb5c38cabe03695206866592bce233d0edb25f71a38,2017-12-29,-0.018636323746837543,-0.033135806696969125,1.94930063207544,-0.0011353510659900985,0.009405288209529366,38106,
control,later,PZU,later,xgboost,F5,S1,17,20,677f31e9360fab15b799ad86e3d6bc82a387e193eff36cfe351dbc81b70c820e,2017-12-27,-0.021145895424052263,0.05258249347976789,2.148056422439141,-0.002713801507091211,0.008373679109851151,79559,
control,later,PZU,later,xgboost,F5,S1,17,20,677f31e9360fab15b799ad86e3d6bc82a387e193eff36cfe351dbc81b70c820e,2017-12-28,-0.007928485831936128,0.12996247712115497,1.8755516288278018,-0.0018658554207849154,0.008784701473403054,34922,
control,later,PZU,later,xgboost,F5,S1,17,20,677f31e9360fab15b799ad86e3d6bc82a387e193eff36cfe351dbc81b70c820e,2017-12-29,-0.0006687893011802271,-0.033135806696969125,1.94930063207544,-0.0026268425813288686,0.009094023493207008,38106,
control,later,PZU,later,xgboost,F5,S1,29,20,52f326f7c8b7da35f827ae81deee3c61aec6a90bb938c0cdd4997b397f332cac,2017-12-27,-0.01999222814501795,0.05258249347976789,2.148056422439141,-0.002524658758201403,0.008226171659961388,79559,
control,later,PZU,later,xgboost,F5,S1,29,20,52f326f7c8b7da35f827ae81deee3c61aec6a90bb938c0cdd4997b397f332cac,2017-12-28,0.0016356007608971535,0.12996247712115497,1.8755516288278018,-0.0028166221876750113,0.00851567912206087,34922,
control,later,PZU,later,xgboost,F5,S1,29,20,52f326f7c8b7da35f827ae81deee3c61aec6a90bb938c0cdd4997b397f332cac,2017-12-29,-0.03862661138933491,-0.033135806696969125,1.94930063207544,-0.002945693537886661,0.008954764649336467,38106,
control,later,PZU,later,xgboost,F5,S1,43,20,4bc365b405240ec8633674a08e922e324cb8b501ced14a4cd58bde51984b3122,2017-12-27,-0.04319565081756547,0.05258249347976789,2.148056422439141,-0.001648747754102867,0.008908672433205374,79559,
control,later,PZU,later,xgboost,F5,S1,43,20,4bc365b405240ec8633674a08e922e324cb8b501ced14a4cd58bde51984b3122,2017-12-28,-0.010529523033605298,0.12996247712115497,1.8755516288278018,-0.0015651575007382436,0.008116245253258523,34922,
control,later,PZU,later,xgboost,F5,S1,43,20,4bc365b405240ec8633674a08e922e324cb8b501ced14a4cd58bde51984b3122,2017-12-29,-0.014547251177189085,-0.033135806696969125,1.94930063207544,-0.0022052050754340917,0.00921688556915821,38106,
control,later,PZU,later,xgboost,F5,S1,71,20,535c620e0f939c8648908565d6be5039694fdb6011c7739d88f506bbaa334cc6,2017-12-27,0.027733097024891656,0.05258249347976789,2.148056422439141,-0.0021005116309285167,0.00907723153923442,79559,
control,later,PZU,later,xgboost,F5,S1,71,20,535c620e0f939c8648908565d6be5039694fdb6011c7739d88f506bbaa334cc6,2017-12-28,0.0031999634305311634,0.12996247712115497,1.8755516288278018,-0.0018576584209182687,0.008846354318633022,34922,
control,later,PZU,later,xgboost,F5,S1,71,20,535c620e0f939c8648908565d6be5039694fdb6011c7739d88f506bbaa334cc6,2017-12-29,0.047908303029335006,-0.033135806696969125,1.94930063207544,-0.002011746882758824,0.009796193718551963,38106,
