adverse_before_fill,control_seed,eligible_decisions,fill_before_adverse,fill_probability,fills,horizon,interpretation,latency,markout_1,markout_10,markout_10_observations,markout_1_observations,markout_5,markout_5_observations,markout_remaining,markout_remaining_observations,mean_fill_time,mean_queue_ahead,median_fill_time,median_queue_ahead,model,month,no_event_fraction,placed_orders,queue_ahead_p10,queue_ahead_p90,simultaneous,spread_1,spread_10,spread_10_observations,spread_1_observations,spread_5,spread_5_observations,spread_remaining,spread_remaining_observations,symbol,unfilled_fraction,zero_signal_decisions
0.0207468276,,1099156,0.0030432441,0.0034881309,3834,10,retain,0,0.0381213793,-0.1057206732,3834,3834,0.0482699041,3834,0.0771014667,3834,7.7837767345,819.9153468661,8.0,620.0,linear,2017-04,0.9761071222,1099156,190.0,1598.0,0.0001028062,4.0514455759,3.7637526909,3834,3834,4.0717810987,3834,4.1293959972,3834,KGHM,0.9965118691,0
0.0202992114,,1099156,0.0028976779,0.0033416549,3673,10,retain,0,0.0581381081,-0.0975390939,3672,3672,0.0860244224,3672,0.0970300578,3673,7.7884563027,807.5888627274,8.0,607.0,xgboost,2017-04,0.9766921165,1099156,182.0,1584.0,0.0001109943,4.1675593803,3.8561574165,3672,3672,4.2233751637,3672,4.2453212436,3673,KGHM,0.9966583451,0
0.0220751195,,1099156,0.0040594784,0.0046408335,5101,10,retain,1,0.1758027512,-0.0032239894,5101,5101,0.2333615504,5101,0.1556817576,4112,7.5042148598,810.1057247561,8.0,611.0,linear,2017-04,0.97374531,1099156,177.0,1590.0,0.0001200921,4.1860752121,3.828009715,5101,5101,4.301209632,5101,4.0101762678,4112,KGHM,0.9953591665,0
0.0217048353,,1099156,0.003530891,0.0040840427,4489,10,retain,1,0.1193704943,-0.0509303931,4488,4488,0.1567661607,4488,0.1436004623,3541,7.6108264647,799.366287406,8.0,601.0,xgboost,2017-04,0.9746405424,1099156,172.0,1576.0,0.0001237313,4.1722473387,3.8315963625,4488,4488,4.2470838562,4488,4.0914246325,3541,KGHM,0.9959159573,0
0.0255596112,,1099156,0.0051967146,0.0059855016,6579,10,retain,5,0.1756533309,0.0176405066,6579,6579,0.2437604047,6579,0.2154396191,1405,7.3901808786,783.5397104688,8.0,586.0,linear,2017-04,0.9690917395,1099156,150.0,1566.0,0.0001519348,4.2285964563,3.9125474265,6579,6579,4.3647984239,6579,3.6763493117,1405,KGHM,0.9940144984,0
0.025293043,,1099156,0.004634465,0.0054023269,5938,10,retain,5,0.135379394,-0.021440608,5937,5937,0.1746097547,5937,0.2284340109,1175,7.4708656113,774.8037339559,8.0,577.0,xgboost,2017-04,0.9699169181,1099156,150.0,1551.0,0.0001555739,4.2237588082,3.9100626964,5937,5937,4.3022379177,5937,3.7789837811,1175,KGHM,0.9945976731,0
0.0415705166,,1098976,0.013718225,0.0160385668,17626,20,retain,0,-0.1479626264,-0.4099214548,17626,17626,-0.2399752624,17626,-0.2357025371,17626,14.2106547146,819.8875525944,15.0,620.0,linear,2017-04,0.944073392,1098976,190.0,1598.0,0.0006378665,4.2582106122,3.7342789059,17626,17626,4.0741931537,17626,4.0827197936,17626,KGHM,0.9839614332,0
0.0408944326,,1098976,0.0134598026,0.0156946103,17248,20,retain,0,-0.1640877481,-0.4328494769,17248,17248,-0.2627815735,17248,-0.2473170099,17248,14.2364911874,806.9206615977,15.0,607.0,xgboost,2017-04,0.9450088082,1098976,182.0,1583.0,0.0006369566,4.4279437127,3.8903686796,17248,17248,4.2305623147,17248,4.261460517,17248,KGHM,0.9843053897,0
0.0435095944,,1098976,0.0154980637,0.0181086757,19901,20,retain,1,-0.0821412769,-0.3462686154,19901,19901,-0.1549715783,19901,-0.1575667041,18114,13.7649866841,810.0699887896,14.0,611.0,linear,2017-04,0.9403117084,1098976,177.0,1590.0,0.0006806336,4.2999496486,3.7716811676,19901,19901,4.1542931827,19901,4.1036152812,18114,KGHM,0.9818913243,0
0.0428890167,,1098976,0.0146973182,0.0172051073,18908,20,retain,1,-0.1274659993,-0.3953087739,18908,18908,-0.218478252,18908,-0.1937421113,17142,13.971281997,798.7540919911,15.0,600.5,xgboost,2017-04,0.9417321215,1098976,172.0,1575.0,0.0006815435,4.4085523702,3.8728216244,18908,18908,4.2265375701,18908,4.2396030724,17142,KGHM,0.9827948927,0
0.0486289055,,1098976,0.0181805608,0.0213571543,23471,20,retain,5,-0.0563240623,-0.309286051,23471,23471,-0.1219272247,23471,-0.0047026486,14132,13.473094457,783.4848031258,14.0,586.0,linear,2017-04,0.9324225461,1098976,150.0,1566.0,0.0007679877,4.2800281225,3.7740784988,23471,23471,4.1488060283,23471,4.1642963809,14132,KGHM,0.9786428457,0
0.0482722098,,1098976,0.0174416912,0.0205727878,22609,20,retain,5,-0.0891937932,-0.353532782,22609,22609,-0.1794904793,22609,-0.0407277487,13289,13.6678756248,774.2768832076,14.0,577.0,xgboost,2017-04,0.933509012,1098976,150.0,1550.0,0.000777087,4.3538168192,3.8250952421,22609,22609,4.1732169671,22609,4.2254022372,13289,KGHM,0.9794272122,0
0.1029563853,,1098436,0.0630596594,0.0758086953,83271,50,retain,0,-0.2592012644,-0.6527284687,83271,83271,-0.489439734,83271,-0.8226728088,83271,31.4442723157,819.2357333518,32.0,620.0,linear,2017-04,0.830240451,1098436,190.0,1598.0,0.0037435044,4.9836244354,4.1965307277,83271,83271,4.5231320485,83271,3.8566583163,83271,KGHM,0.9241913047,0
0.1016162981,,1098436,0.0634829885,0.0761418963,83637,50,retain,0,-0.2646150129,-0.6609039192,83636,83637,-0.4950618722,83637,-0.8211440989,83637,31.543909992,804.2659217287,32.0,605.0,xgboost,2017-04,0.8312418748,1098436,180.0,1579.0,0.0036588386,5.1430692246,4.3502630854,83636,83637,4.6821390264,83637,4.0299357757,83637,KGHM,0.9238581037,0
0.1057330605,,1098436,0.0659428497,0.079295471,87101,50,retain,1,-0.2377499133,-0.6242291185,87101,87101,-0.4571559352,87101,-0.781738375,84679,30.9315162857,809.4202520675,32.0,610.0,linear,2017-04,0.8244768016,1098436,177.0,1590.0,0.0038472883,4.9864181079,4.213423018,87101,87101,4.5475912244,87101,3.8719026492,84679,KGHM,0.920704529,0
0.1043064867,,1098436,0.0657043287,0.0789158403,86684,50,retain,1,-0.2520487,-0.642676052,86683,86684,-0.475173972,86684,-0.7923450907,84229,31.1871164229,796.1864514637,32.0,600.0,xgboost,2017-04,0.8262411283,1098436,170.0,1572.0,0.0037480563,5.1277793869,4.3463041596,86683,86684,4.68149505,86684,4.020479836,84229,KGHM,0.9210841597,0
0.1134567694,,1098436,0.0716464136,0.0863691649,94871,50,retain,5,-0.2192935844,-0.5955659429,94871,94871,-0.4285489921,94871,-0.7008478443,82325,30.3760158531,782.8605262391,31.0,585.0,linear,2017-04,0.8107955311,1098436,150.0,1565.0,0.0041012858,4.9829997789,4.2304237687,94871,94871,4.5644745533,94871,3.8729011474,82325,KGHM,0.9136308351,0
0.1118799821,,1098436,0.0712767972,0.0858019948,94248,50,retain,5,-0.2320779884,-0.6137820709,94247,94248,-0.4464896604,94248,-0.7181893137,81660,30.5687123334,771.9789555331,31.0,573.0,xgboost,2017-04,0.8129185496,1098436,149.0,1549.0,0.0039246711,5.0960623591,4.3324525059,94247,94248,4.6672060951,94248,3.9749735111,81660,KGHM,0.9141980052,0
0.0207468276,,1099156,0.0030432441,0.0034881309,3834,10,reset,0,0.0381213793,-0.1057206732,3834,3834,0.0482699041,3834,0.0771014667,3834,7.7837767345,819.9153468661,8.0,620.0,linear,2017-04,0.9761071222,1099156,190.0,1598.0,0.0001028062,4.0514455759,3.7637526909,3834,3834,4.0717810987,3834,4.1293959972,3834,KGHM,0.9965118691,0
0.0202992114,,1099156,0.0028976779,0.0033416549,3673,10,reset,0,0.0581381081,-0.0975390939,3672,3672,0.0860244224,3672,0.0970300578,3673,7.7884563027,807.5888627274,8.0,607.0,xgboost,2017-04,0.9766921165,1099156,182.0,1584.0,0.0001109943,4.1675593803,3.8561574165,3672,3672,4.2233751637,3672,4.2453212436,3673,KGHM,0.9966583451,0
0.0220751195,,1099156,0.0040594784,0.0046408335,5101,10,reset,1,0.1758027512,-0.0032239894,5101,5101,0.2333615504,5101,0.1556817576,4112,7.5042148598,810.1057247561,8.0,611.0,linear,2017-04,0.97374531,1099156,177.0,1590.0,0.0001200921,4.1860752121,3.828009715,5101,5101,4.301209632,5101,4.0101762678,4112,KGHM,0.9953591665,0
0.0217048353,,1099156,0.003530891,0.0040840427,4489,10,reset,1,0.1193704943,-0.0509303931,4488,4488,0.1567661607,4488,0.1436004623,3541,7.6108264647,799.366287406,8.0,601.0,xgboost,2017-04,0.9746405424,1099156,172.0,1576.0,0.0001237313,4.1722473387,3.8315963625,4488,4488,4.2470838562,4488,4.0914246325,3541,KGHM,0.9959159573,0
0.0255596112,,1099156,0.0051967146,0.0059855016,6579,10,reset,5,0.1756533309,0.0176405066,6579,6579,0.2437604047,6579,0.2154396191,1405,7.3901808786,783.5397104688,8.0,586.0,linear,2017-04,0.9690917395,1099156,150.0,1566.0,0.0001519348,4.2285964563,3.9125474265,6579,6579,4.3647984239,6579,3.6763493117,1405,KGHM,0.9940144984,0
0.025293043,,1099156,0.004634465,0.0054023269,5938,10,reset,5,0.135379394,-0.021440608,5937,5937,0.1746097547,5937,0.2284340109,1175,7.4708656113,774.8037339559,8.0,577.0,xgboost,2017-04,0.9699169181,1099156,150.0,1551.0,0.0001555739,4.2237588082,3.9100626964,5937,5937,4.3022379177,5937,3.7789837811,1175,KGHM,0.9945976731,0
0.0415705166,,1098976,0.013718225,0.0160385668,17626,20,reset,0,-0.1479626264,-0.4099214548,17626,17626,-0.2399752624,17626,-0.2357025371,17626,14.2106547146,819.8875525944,15.0,620.0,linear,2017-04,0.944073392,1098976,190.0,1598.0,0.0006378665,4.2582106122,3.7342789059,17626,17626,4.0741931537,17626,4.0827197936,17626,KGHM,0.9839614332,0
0.0408944326,,1098976,0.0134598026,0.0156946103,17248,20,reset,0,-0.1640877481,-0.4328494769,17248,17248,-0.2627815735,17248,-0.2473170099,17248,14.2364911874,806.9206615977,15.0,607.0,xgboost,2017-04,0.9450088082,1098976,182.0,1583.0,0.0006369566,4.4279437127,3.8903686796,17248,17248,4.2305623147,17248,4.261460517,17248,KGHM,0.9843053897,0
0.0435095944,,1098976,0.0154980637,0.0181086757,19901,20,reset,1,-0.0821412769,-0.3462686154,19901,19901,-0.1549715783,19901,-0.1575667041,18114,13.7649866841,810.0699887896,14.0,611.0,linear,2017-04,0.9403117084,1098976,177.0,1590.0,0.0006806336,4.2999496486,3.7716811676,19901,19901,4.1542931827,19901,4.1036152812,18114,KGHM,0.9818913243,0
0.0428890167,,1098976,0.0146973182,0.0172051073,18908,20,reset,1,-0.1274659993,-0.3953087739,18908,18908,-0.218478252,18908,-0.1937421113,17142,13.971281997,798.7540919911,15.0,600.5,xgboost,2017-04,0.9417321215,1098976,172.0,1575.0,0.0006815435,4.4085523702,3.8728216244,18908,18908,4.2265375701,18908,4.2396030724,17142,KGHM,0.9827948927,0
0.0486289055,,1098976,0.0181805608,0.0213571543,23471,20,reset,5,-0.0563240623,-0.309286051,23471,23471,-0.1219272247,23471,-0.0047026486,14132,13.473094457,783.4848031258,14.0,586.0,linear,2017-04,0.9324225461,1098976,150.0,1566.0,0.0007679877,4.2800281225,3.7740784988,23471,23471,4.1488060283,23471,4.1642963809,14132,KGHM,0.9786428457,0
0.0482722098,,1098976,0.0174416912,0.0205727878,22609,20,reset,5,-0.0891937932,-0.353532782,22609,22609,-0.1794904793,22609,-0.0407277487,13289,13.6678756248,774.2768832076,14.0,577.0,xgboost,2017-04,0.933509012,1098976,150.0,1550.0,0.000777087,4.3538168192,3.8250952421,22609,22609,4.1732169671,22609,4.2254022372,13289,KGHM,0.9794272122,0
0.1029563853,,1098436,0.0630596594,0.0758086953,83271,50,reset,0,-0.2592012644,-0.6527284687,83271,83271,-0.489439734,83271,-0.8226728088,83271,31.4442723157,819.2357333518,32.0,620.0,linear,2017-04,0.830240451,1098436,190.0,1598.0,0.0037435044,4.9836244354,4.1965307277,83271,83271,4.5231320485,83271,3.8566583163,83271,KGHM,0.9241913047,0
0.1016162981,,1098436,0.0634829885,0.0761418963,83637,50,reset,0,-0.2646150129,-0.6609039192,83636,83637,-0.4950618722,83637,-0.8211440989,83637,31.543909992,804.2659217287,32.0,605.0,xgboost,2017-04,0.8312418748,1098436,180.0,1579.0,0.0036588386,5.1430692246,4.3502630854,83636,83637,4.6821390264,83637,4.0299357757,83637,KGHM,0.9238581037,0
0.1057330605,,1098436,0.0659428497,0.079295471,87101,50,reset,1,-0.2377499133,-0.6242291185,87101,87101,-0.4571559352,87101,-0.781738375,84679,30.9315162857,809.4202520675,32.0,610.0,linear,2017-04,0.8244768016,1098436,177.0,1590.0,0.0038472883,4.9864181079,4.213423018,87101,87101,4.5475912244,87101,3.8719026492,84679,KGHM,0.920704529,0
0.1043064867,,1098436,0.0657043287,0.0789158403,86684,50,reset,1,-0.2520487,-0.642676052,86683,86684,-0.475173972,86684,-0.7923450907,84229,31.1871164229,796.1864514637,32.0,600.0,xgboost,2017-04,0.8262411283,1098436,170.0,1572.0,0.0037480563,5.1277793869,4.3463041596,86683,86684,4.68149505,86684,4.020479836,84229,KGHM,0.9210841597,0
0.1134567694,,1098436,0.0716464136,0.0863691649,94871,50,reset,5,-0.2192935844,-0.5955659429,94871,94871,-0.4285489921,94871,-0.7008478443,82325,30.3760158531,782.8605262391,31.0,585.0,linear,2017-04,0.8107955311,1098436,150.0,1565.0,0.0041012858,4.9829997789,4.2304237687,94871,94871,4.5644745533,94871,3.8729011474,82325,KGHM,0.9136308351,0
0.1118799821,,1098436,0.0712767972,0.0858019948,94248,50,reset,5,-0.2320779884,-0.6137820709,94247,94248,-0.4464896604,94248,-0.7181893137,81660,30.5687123334,771.9789555331,31.0,573.0,xgboost,2017-04,0.8129185496,1098436,149.0,1549.0,0.0039246711,5.0960623591,4.3324525059,94247,94248,4.6672060951,94248,3.9749735111,81660,KGHM,0.9141980052,0
0.0320238477,,1014775,0.0066310266,0.0081121431,8232,10,retain,0,0.1186842749,0.0898572339,8232,8232,0.1999613256,8232,0.2464340006,8232,7.320335277,844.8412859994,7.0,647.0,linear,2017-06,0.9610465374,1014775,200.0,1597.0,0.0002985884,4.4771862947,4.4195173258,8232,8232,4.6397095741,8232,4.7327109874,8232,KGHM,0.9918878569,0
0.0500682417,7.0,1014775,0.0149629228,0.0178482915,18112,10,retain,0,0.0478017537,-0.1137847571,18106,18112,0.0755535615,18112,0.0879840834,18112,7.1303003534,558.6343504718,7.0,367.0,xgboost,2017-06,0.9343164741,1014775,83.0,1214.0,0.0006523614,5.1815294417,4.8585295679,18106,18112,5.2370354495,18112,5.2619252178,18112,KGHM,0.9821517085,0
0.0313537484,,1014775,0.0062664137,0.0076115395,7724,10,retain,0,0.1038138734,0.0872460771,7723,7724,0.1957725533,7724,0.2373686886,7724,7.3865872605,837.0549136508,8.0,640.0,xgboost,2017-06,0.9620861767,1014775,199.0,1584.0,0.0002936612,4.5070766344,4.473869134,7723,7724,4.6909565602,7724,4.7741986709,7724,KGHM,0.9923884605,0
0.0338390284,,1014775,0.00745584,0.0090502821,9184,10,retain,1,0.178279342,0.0518757931,9184,9184,0.1832481334,9184,0.2451812478,7585,7.21853223,830.6728259959,7.0,633.0,linear,2017-06,0.9583750092,1014775,188.0,1580.0,0.0003301224,4.6358706152,4.3830505689,9184,9184,4.6457705886,9184,4.7020884179,7585,KGHM,0.9909497179,0
0.0499588579,7.0,1014775,0.0149264615,0.0178078884,18071,10,retain,1,0.0488466332,-0.1288139185,18066,18071,0.0633096307,18071,0.0724777229,15036,7.1387859001,558.894804267,7.0,367.0,xgboost,2017-06,0.9344564066,1014775,83.0,1214.0,0.000658274,5.1170043874,4.7618212575,18066,18071,5.1459325418,18071,5.1221759743,15036,KGHM,0.9821921116,0
0.0333768569,,1014775,0.0071602079,0.0086689168,8797,10,retain,1,0.1585027085,0.0581015515,8796,8797,0.1921016473,8797,0.241976584,7256,7.23905877,824.2413283733,7.0,626.0,xgboost,2017-06,0.959135769,1014775,185.0,1573.0,0.0003271661,4.7069892192,4.5061514534,8796,8797,4.7741518161,8797,4.8136210818,7256,KGHM,0.9913310832,0
0.0393703038,,1014775,0.0094316474,0.0115680816,11739,10,retain,5,0.1212164342,0.0038238852,11739,11739,0.1473375486,11739,0.2082159189,2972,7.1903058182,800.5838042916,7.0,605.0,linear,2017-06,0.9507812077,1014775,150.0,1559.0,0.0004168412,4.3017433584,4.066937766,11739,11739,4.3539203217,11739,4.1883465672,2972,KGHM,0.9884319184,0
0.0501648149,7.0,1014775,0.0148712769,0.0177359513,17998,10,retain,5,0.0272910272,-0.1419440301,17997,17998,0.026936729,17998,0.1083107515,4865,7.1282920324,557.7530871375,7.0,365.0,xgboost,2017-06,0.9343164741,1014775,82.0,1214.0,0.0006474342,5.0568241877,4.7183981404,17997,17998,5.0561264303,17998,5.4667257297,4865,KGHM,0.9822640487,0
0.0391929245,,1014775,0.0091616368,0.0112320465,11398,10,retain,5,0.112964356,0.0010277798,11397,11398,0.1576793076,11398,0.2092926348,2873,7.2008247061,794.9945672686,7.0,600.0,xgboost,2017-06,0.9512216994,1014775,150.0,1549.0,0.0004237393,4.394494476,4.1705854347,11397,11398,4.4838863078,11398,4.3275928162,2873,KGHM,0.9887679535,0
0.0595368458,,1014565,0.0221947337,0.0275871925,27989,20,retain,0,-0.0810628666,-0.3689733122,27989,27989,-0.2246664437,27989,-0.1326627657,27989,13.3189824574,845.1629180979,14.0,647.0,linear,2017-06,0.9170117242,1014565,200.0,1597.0,0.0012566962,4.7910492989,4.2151883518,27989,27989,4.5038215427,27989,4.6878394461,27989,KGHM,0.9724128075,0
0.0901095543,7.0,1014565,0.0433565124,0.0532760346,54052,20,retain,0,-0.1248211711,-0.374153603,54052,54052,-0.20831221,54052,-0.2364129724,54052,12.7193443351,554.5319609882,13.0,365.0,xgboost,2017-06,0.8642156984,1014565,80.0,1220.0,0.0023182349,5.1249946117,4.6262722905,54052,54052,4.957984907,54052,4.9017931823,54052,KGHM,0.9467239654,0
0.0588350672,,1014565,0.0221868486,0.0274018915,27801,20,retain,0,-0.1039494714,-0.3867028042,27801,27801,-0.2306625327,27801,-0.1505385212,27801,13.3841588432,835.1634040204,14.0,637.0,xgboost,2017-06,0.9177144885,1014565,197.0,1580.0,0.0012635957,4.9369760183,4.3714387099,27801,27801,4.6835333772,27801,4.8437928348,27801,KGHM,0.9725981085,0
0.0620265828,,1014565,0.023958051,0.029779265,30213,20,retain,1,-0.0604878447,-0.3604756852,30213,30213,-0.2146312844,30213,-0.1323327955,27874,13.1551980935,830.9905348598,14.0,634.0,linear,2017-06,0.9126847467,1014565,188.0,1581.0,0.0013306195,4.8048962426,4.2048777162,30213,30213,4.4965900774,30213,4.6023292479,27874,KGHM,0.970220735,0
0.0900888558,7.0,1014565,0.0429307141,0.0528847339,53655,20,retain,1,-0.1212888141,-0.3739212518,53655,53655,-0.2074549561,53655,-0.2253280519,49967,12.7463982853,554.5074726607,13.0,365.0,xgboost,2017-06,0.8646759941,1014565,80.0,1220.0,0.0023044359,5.1568225143,4.651500332,53655,53655,4.9844659239,53655,4.8879757222,49967,KGHM,0.9471152661,0
0.0612863641,,1014565,0.0237165682,0.0293436103,29771,20,retain,1,-0.0871889607,-0.3835637274,29771,29771,-0.2264487506,29771,-0.1474422134,27440,13.2230022505,822.5235031762,14.0,624.0,xgboost,2017-06,0.9136556061,1014565,184.0,1570.0,0.0013414616,4.94928801,4.3565030964,29771,29771,4.6707514054,29771,4.7781764557,27440,KGHM,0.9706563897,0
0.0694721383,,1014565,0.0280474883,0.0353865943,35902,20,retain,5,-0.0737525849,-0.356294933,35902,35902,-0.2038912088,35902,-0.0141753857,23151,12.913403153,800.746567248,13.0,605.0,linear,2017-06,0.9009467112,1014565,150.0,1559.0,0.0015336622,4.5672404982,4.0020959005,35902,35902,4.3069352246,35902,4.3684533232,23151,KGHM,0.9646134057,0
0.0890696998,7.0,1014565,0.0425561694,0.0522894048,53051,20,retain,5,-0.1204185917,-0.382056474,53048,53051,-0.2198503089,53050,-0.1178746128,34872,12.7497502403,554.6986945144,13.0,365.0,xgboost,2017-06,0.8661032068,1014565,80.0,1220.0,0.002270924,5.2148322958,4.6913765994,53048,53051,5.0157949246,53050,4.9103620821,34872,KGHM,0.9477105952,0
0.0691192777,,1014565,0.0278750006,0.0350810446,35592,20,retain,5,-0.0941564825,-0.3699226628,35592,35592,-0.2121626287,35592,-0.0219957201,22852,12.960103394,793.3795173301,13.0,600.0,xgboost,2017-06,0.9014464327,1014565,150.0,1547.0,0.001559289,4.7008751419,4.1492900269,35592,35592,4.4648456456,35592,4.5573382009,22852,KGHM,0.9649189554,0
0.1295812848,,1013935,0.0823415702,0.1046309675,106089,50,retain,0,-0.2359903323,-0.7314838215,106086,106089,-0.5319567059,106086,-0.8741689691,106089,29.7267200181,845.1560060556,30.0,647.0,linear,2017-06,0.7821162106,1013935,200.0,1598.0,0.0059609344,5.7051127828,4.7138919549,106086,106089,5.1129620307,106086,4.4287636525,106089,KGHM,0.8953690325,0
0.1750901192,7.0,1013935,0.1288889327,0.1629078787,165178,50,retain,0,-0.1990998431,-0.5308589518,165175,165178,-0.3799039574,165178,-0.6771631961,165178,28.0352952572,557.8265510117,28.0,373.0,xgboost,2017-06,0.6866751813,1013935,84.0,1217.0,0.0093457667,6.2235598467,5.5597786414,165175,165178,5.8618626117,165178,5.2672958632,165178,KGHM,0.8370921213,0
0.1296227076,,1013935,0.0846109465,0.1072573686,108752,50,retain,0,-0.2434355738,-0.7232499789,108749,108752,-0.5208259806,108749,-0.8571011005,108752,29.8651243196,827.2967576817,31.0,628.0,xgboost,2017-06,0.7796199954,1013935,191.0,1577.0,0.0061463506,5.9903664972,5.0304893001,108749,108752,5.4353693724,108749,4.7629946744,108752,KGHM,0.8927426314,0
0.132792536,,1013935,0.0853506388,0.1085187907,110031,50,retain,1,-0.2243922132,-0.713127426,110027,110031,-0.5169889931,110027,-0.8473643091,107407,29.3919713535,830.93226193,30.0,633.0,linear,2017-06,0.7757647186,1013935,188.0,1581.0,0.0060921065,5.6999815157,4.7222155361,110027,110031,5.114507763,110027,4.4148266776,107407,KGHM,0.8914812093,0
0.1749372494,7.0,1013935,0.1284036945,0.1623526163,164615,50,retain,1,-0.2004187121,-0.532363428,164612,164615,-0.3817770204,164615,-0.6706499309,161068,28.0686024967,557.8099671083,28.0,373.0,xgboost,2017-06,0.6873142756,1013935,84.0,1219.0,0.0093447805,6.2297935504,5.5656397784,164612,164615,5.8669881989,164615,5.2570940761,161068,KGHM,0.8376473837,0
0.1325548482,,1013935,0.0870262887,0.1104587572,111998,50,retain,1,-0.2362347744,-0.7102972102,111994,111998,-0.5128599937,111994,-0.8370338637,109277,29.6008768014,815.1566895314,30.0,618.0,xgboost,2017-06,0.774155148,1013935,180.0,1566.0,0.0062637151,5.9768572334,5.0284244913,111994,111998,5.4233315277,111994,4.7374615388,109277,KGHM,0.8895412428,0
0.1423868394,,1013935,0.0932268834,0.118978041,120636,50,retain,5,-0.2178391427,-0.6842105376,120628,120636,-0.4930124984,120628,-0.7656710244,106738,28.7424234888,800.5732103143,29.0,605.0,linear,2017-06,0.7579548985,1013935,150.0,1559.0,0.0064313787,5.609333784,4.6760622252,120628,120636,5.0584692062,120628,4.3081270322,106738,KGHM,0.881021959,0
0.1748691977,7.0,1013935,0.1278760473,0.1616543467,163907,50,retain,5,-0.2043895474,-0.5414507261,163901,163907,-0.3911541859,163906,-0.6322749909,146093,28.1017650253,557.5995364594,28.0,371.0,xgboost,2017-06,0.6879050432,1013935,84.0,1219.0,0.0093497118,6.251133316,5.5766209222,163901,163907,5.8774757094,163906,5.2223333982,146093,KGHM,0.8383456533,0
0.1421984644,,1013935,0.094751636,0.1207996568,122483,50,retain,5,-0.2279305466,-0.6788837265,122475,122483,-0.4900145668,122475,-0.7560418932,108207,28.9176538785,787.1418868073,29.0,593.0,xgboost,2017-06,0.7564705824,1013935,150.0,1540.0,0.0065793172,5.8518190691,4.9493866928,122475,122483,5.3271552614,122475,4.5959774709,108207,KGHM,0.8792003432,0
0.0320238477,,1014775,0.0066310266,0.0081121431,8232,10,reset,0,0.1186842749,0.0898572339,8232,8232,0.1999613256,8232,0.2464340006,8232,7.320335277,844.8412859994,7.0,647.0,linear,2017-06,0.9610465374,1014775,200.0,1597.0,0.0002985884,4.4771862947,4.4195173258,8232,8232,4.6397095741,8232,4.7327109874,8232,KGHM,0.9918878569,0
0.0500682417,7.0,1014775,0.0149629228,0.0178482915,18112,10,reset,0,0.0478017537,-0.1137847571,18106,18112,0.0755535615,18112,0.0879840834,18112,7.1303003534,558.6343504718,7.0,367.0,xgboost,2017-06,0.9343164741,1014775,83.0,1214.0,0.0006523614,5.1815294417,4.8585295679,18106,18112,5.2370354495,18112,5.2619252178,18112,KGHM,0.9821517085,0
0.0313537484,,1014775,0.0062664137,0.0076115395,7724,10,reset,0,0.1038138734,0.0872460771,7723,7724,0.1957725533,7724,0.2373686886,7724,7.3865872605,837.0549136508,8.0,640.0,xgboost,2017-06,0.9620861767,1014775,199.0,1584.0,0.0002936612,4.5070766344,4.473869134,7723,7724,4.6909565602,7724,4.7741986709,7724,KGHM,0.9923884605,0
0.0338390284,,1014775,0.00745584,0.0090502821,9184,10,reset,1,0.178279342,0.0518757931,9184,9184,0.1832481334,9184,0.2451812478,7585,7.21853223,830.6728259959,7.0,633.0,linear,2017-06,0.9583750092,1014775,188.0,1580.0,0.0003301224,4.6358706152,4.3830505689,9184,9184,4.6457705886,9184,4.7020884179,7585,KGHM,0.9909497179,0
0.0499588579,7.0,1014775,0.0149264615,0.0178078884,18071,10,reset,1,0.0488466332,-0.1288139185,18066,18071,0.0633096307,18071,0.0724777229,15036,7.1387859001,558.894804267,7.0,367.0,xgboost,2017-06,0.9344564066,1014775,83.0,1214.0,0.000658274,5.1170043874,4.7618212575,18066,18071,5.1459325418,18071,5.1221759743,15036,KGHM,0.9821921116,0
0.0333768569,,1014775,0.0071602079,0.0086689168,8797,10,reset,1,0.1585027085,0.0581015515,8796,8797,0.1921016473,8797,0.241976584,7256,7.23905877,824.2413283733,7.0,626.0,xgboost,2017-06,0.959135769,1014775,185.0,1573.0,0.0003271661,4.7069892192,4.5061514534,8796,8797,4.7741518161,8797,4.8136210818,7256,KGHM,0.9913310832,0
0.0393703038,,1014775,0.0094316474,0.0115680816,11739,10,reset,5,0.1212164342,0.0038238852,11739,11739,0.1473375486,11739,0.2082159189,2972,7.1903058182,800.5838042916,7.0,605.0,linear,2017-06,0.9507812077,1014775,150.0,1559.0,0.0004168412,4.3017433584,4.066937766,11739,11739,4.3539203217,11739,4.1883465672,2972,KGHM,0.9884319184,0
0.0501648149,7.0,1014775,0.0148712769,0.0177359513,17998,10,reset,5,0.0272910272,-0.1419440301,17997,17998,0.026936729,17998,0.1083107515,4865,7.1282920324,557.7530871375,7.0,365.0,xgboost,2017-06,0.9343164741,1014775,82.0,1214.0,0.0006474342,5.0568241877,4.7183981404,17997,17998,5.0561264303,17998,5.4667257297,4865,KGHM,0.9822640487,0
0.0391929245,,1014775,0.0091616368,0.0112320465,11398,10,reset,5,0.112964356,0.0010277798,11397,11398,0.1576793076,11398,0.2092926348,2873,7.2008247061,794.9945672686,7.0,600.0,xgboost,2017-06,0.9512216994,1014775,150.0,1549.0,0.0004237393,4.394494476,4.1705854347,11397,11398,4.4838863078,11398,4.3275928162,2873,KGHM,0.9887679535,0
0.0595368458,,1014565,0.0221947337,0.0275871925,27989,20,reset,0,-0.0810628666,-0.3689733122,27989,27989,-0.2246664437,27989,-0.1326627657,27989,13.3189824574,845.1629180979,14.0,647.0,linear,2017-06,0.9170117242,1014565,200.0,1597.0,0.0012566962,4.7910492989,4.2151883518,27989,27989,4.5038215427,27989,4.6878394461,27989,KGHM,0.9724128075,0
0.0901095543,7.0,1014565,0.0433565124,0.0532760346,54052,20,reset,0,-0.1248211711,-0.374153603,54052,54052,-0.20831221,54052,-0.2364129724,54052,12.7193443351,554.5319609882,13.0,365.0,xgboost,2017-06,0.8642156984,1014565,80.0,1220.0,0.0023182349,5.1249946117,4.6262722905,54052,54052,4.957984907,54052,4.9017931823,54052,KGHM,0.9467239654,0
0.0588350672,,1014565,0.0221868486,0.0274018915,27801,20,reset,0,-0.1039494714,-0.3867028042,27801,27801,-0.2306625327,27801,-0.1505385212,27801,13.3841588432,835.1634040204,14.0,637.0,xgboost,2017-06,0.9177144885,1014565,197.0,1580.0,0.0012635957,4.9369760183,4.3714387099,27801,27801,4.6835333772,27801,4.8437928348,27801,KGHM,0.9725981085,0
0.0620265828,,1014565,0.023958051,0.029779265,30213,20,reset,1,-0.0604878447,-0.3604756852,30213,30213,-0.2146312844,30213,-0.1323327955,27874,13.1551980935,830.9905348598,14.0,634.0,linear,2017-06,0.9126847467,1014565,188.0,1581.0,0.0013306195,4.8048962426,4.2048777162,30213,30213,4.4965900774,30213,4.6023292479,27874,KGHM,0.970220735,0
0.0900888558,7.0,1014565,0.0429307141,0.0528847339,53655,20,reset,1,-0.1212888141,-0.3739212518,53655,53655,-0.2074549561,53655,-0.2253280519,49967,12.7463982853,554.5074726607,13.0,365.0,xgboost,2017-06,0.8646759941,1014565,80.0,1220.0,0.0023044359,5.1568225143,4.651500332,53655,53655,4.9844659239,53655,4.8879757222,49967,KGHM,0.9471152661,0
0.0612863641,,1014565,0.0237165682,0.0293436103,29771,20,reset,1,-0.0871889607,-0.3835637274,29771,29771,-0.2264487506,29771,-0.1474422134,27440,13.2230022505,822.5235031762,14.0,624.0,xgboost,2017-06,0.9136556061,1014565,184.0,1570.0,0.0013414616,4.94928801,4.3565030964,29771,29771,4.6707514054,29771,4.7781764557,27440,KGHM,0.9706563897,0
0.0694721383,,1014565,0.0280474883,0.0353865943,35902,20,reset,5,-0.0737525849,-0.356294933,35902,35902,-0.2038912088,35902,-0.0141753857,23151,12.913403153,800.746567248,13.0,605.0,linear,2017-06,0.9009467112,1014565,150.0,1559.0,0.0015336622,4.5672404982,4.0020959005,35902,35902,4.3069352246,35902,4.3684533232,23151,KGHM,0.9646134057,0
0.0890696998,7.0,1014565,0.0425561694,0.0522894048,53051,20,reset,5,-0.1204185917,-0.382056474,53048,53051,-0.2198503089,53050,-0.1178746128,34872,12.7497502403,554.6986945144,13.0,365.0,xgboost,2017-06,0.8661032068,1014565,80.0,1220.0,0.002270924,5.2148322958,4.6913765994,53048,53051,5.0157949246,53050,4.9103620821,34872,KGHM,0.9477105952,0
0.0691192777,,1014565,0.0278750006,0.0350810446,35592,20,reset,5,-0.0941564825,-0.3699226628,35592,35592,-0.2121626287,35592,-0.0219957201,22852,12.960103394,793.3795173301,13.0,600.0,xgboost,2017-06,0.9014464327,1014565,150.0,1547.0,0.001559289,4.7008751419,4.1492900269,35592,35592,4.4648456456,35592,4.5573382009,22852,KGHM,0.9649189554,0
0.1295812848,,1013935,0.0823415702,0.1046309675,106089,50,reset,0,-0.2359903323,-0.7314838215,106086,106089,-0.5319567059,106086,-0.8741689691,106089,29.7267200181,845.1560060556,30.0,647.0,linear,2017-06,0.7821162106,1013935,200.0,1598.0,0.0059609344,5.7051127828,4.7138919549,106086,106089,5.1129620307,106086,4.4287636525,106089,KGHM,0.8953690325,0
0.1750901192,7.0,1013935,0.1288889327,0.1629078787,165178,50,reset,0,-0.1990998431,-0.5308589518,165175,165178,-0.3799039574,165178,-0.6771631961,165178,28.0352952572,557.8265510117,28.0,373.0,xgboost,2017-06,0.6866751813,1013935,84.0,1217.0,0.0093457667,6.2235598467,5.5597786414,165175,165178,5.8618626117,165178,5.2672958632,165178,KGHM,0.8370921213,0
0.1296227076,,1013935,0.0846109465,0.1072573686,108752,50,reset,0,-0.2434355738,-0.7232499789,108749,108752,-0.5208259806,108749,-0.8571011005,108752,29.8651243196,827.2967576817,31.0,628.0,xgboost,2017-06,0.7796199954,1013935,191.0,1577.0,0.0061463506,5.9903664972,5.0304893001,108749,108752,5.4353693724,108749,4.7629946744,108752,KGHM,0.8927426314,0
0.132792536,,1013935,0.0853506388,0.1085187907,110031,50,reset,1,-0.2243922132,-0.713127426,110027,110031,-0.5169889931,110027,-0.8473643091,107407,29.3919713535,830.93226193,30.0,633.0,linear,2017-06,0.7757647186,1013935,188.0,1581.0,0.0060921065,5.6999815157,4.7222155361,110027,110031,5.114507763,110027,4.4148266776,107407,KGHM,0.8914812093,0
0.1749372494,7.0,1013935,0.1284036945,0.1623526163,164615,50,reset,1,-0.2004187121,-0.532363428,164612,164615,-0.3817770204,164615,-0.6706499309,161068,28.0686024967,557.8099671083,28.0,373.0,xgboost,2017-06,0.6873142756,1013935,84.0,1219.0,0.0093447805,6.2297935504,5.5656397784,164612,164615,5.8669881989,164615,5.2570940761,161068,KGHM,0.8376473837,0
0.1325548482,,1013935,0.0870262887,0.1104587572,111998,50,reset,1,-0.2362347744,-0.7102972102,111994,111998,-0.5128599937,111994,-0.8370338637,109277,29.6008768014,815.1566895314,30.0,618.0,xgboost,2017-06,0.774155148,1013935,180.0,1566.0,0.0062637151,5.9768572334,5.0284244913,111994,111998,5.4233315277,111994,4.7374615388,109277,KGHM,0.8895412428,0
0.1423868394,,1013935,0.0932268834,0.118978041,120636,50,reset,5,-0.2178391427,-0.6842105376,120628,120636,-0.4930124984,120628,-0.7656710244,106738,28.7424234888,800.5732103143,29.0,605.0,linear,2017-06,0.7579548985,1013935,150.0,1559.0,0.0064313787,5.609333784,4.6760622252,120628,120636,5.0584692062,120628,4.3081270322,106738,KGHM,0.881021959,0
0.1748691977,7.0,1013935,0.1278760473,0.1616543467,163907,50,reset,5,-0.2043895474,-0.5414507261,163901,163907,-0.3911541859,163906,-0.6322749909,146093,28.1017650253,557.5995364594,28.0,371.0,xgboost,2017-06,0.6879050432,1013935,84.0,1219.0,0.0093497118,6.251133316,5.5766209222,163901,163907,5.8774757094,163906,5.2223333982,146093,KGHM,0.8383456533,0
0.1421984644,,1013935,0.094751636,0.1207996568,122483,50,reset,5,-0.2279305466,-0.6788837265,122475,122483,-0.4900145668,122475,-0.7560418932,108207,28.9176538785,787.1418868073,29.0,593.0,xgboost,2017-06,0.7564705824,1013935,150.0,1540.0,0.0065793172,5.8518190691,4.9493866928,122475,122483,5.3271552614,122475,4.5959774709,108207,KGHM,0.8792003432,0
0.0217016635,,916750,0.0036138533,0.0041483501,3803,10,retain,0,-0.1045447126,-0.3155656519,3803,3803,-0.2462084876,3803,-0.010435051,3803,7.6681567184,899.0905295882,8.0,611.0,linear,2017-09,0.9744805018,916750,200.0,1777.0,0.0002039815,3.7233758805,3.3013297677,3803,3803,3.4400683462,3803,3.9115761408,3803,KGHM,0.9958516499,0
0.0212489774,,916750,0.0035244069,0.004017453,3683,10,retain,0,-0.1174288401,-0.3068044926,3683,3683,-0.2300362616,3683,-0.0210165885,3683,7.6535433071,886.8231131715,8.0,600.0,xgboost,2017-09,0.9750389965,916750,200.0,1757.0,0.0001876193,3.9742502762,3.5954770337,3683,3683,3.7490570178,3683,4.1670621345,3683,KGHM,0.995982547,0
0.0231109899,,916750,0.0044286883,0.0050995364,4675,10,retain,1,-0.0519886981,-0.2228829113,4675,4675,-0.1418110488,4675,0.0803498453,3753,7.4410695187,887.6780441778,8.0,602.0,linear,2017-09,0.9722323425,916750,198.0,1761.0,0.0002279793,3.5296373745,3.1878381402,4675,4675,3.3500186862,4675,3.7290764508,3753,KGHM,0.9949004636,0
0.0227499318,,916750,0.0041461685,0.0047810199,4383,10,retain,1,-0.0655268627,-0.2481437656,4383,4383,-0.1468443601,4383,0.0713029473,3483,7.5055897787,876.9543834197,8.0,593.0,xgboost,2017-09,0.9728922825,916750,194.0,1741.0,0.0002116171,3.753755592,3.3884855539,4383,4383,3.5911392099,4383,3.9954082015,3483,KGHM,0.9952189801,0
0.0268917371,,916750,0.0056351241,0.0066419416,6089,10,retain,5,-0.051328181,-0.2058248425,6089,6089,-0.124048809,6089,0.1636700225,1290,7.4145179832,857.1001767112,8.0,576.0,linear,2017-09,0.9671895282,916750,158.0,1724.0,0.0002836106,3.2179934702,2.908994544,6089,6089,3.0725956839,6089,3.5584380431,1290,KGHM,0.9933580584,0
0.0267684756,,916750,0.0054813199,0.0064499591,5913,10,retain,5,-0.0584659087,-0.2286535102,5913,5913,-0.1174671191,5913,0.1628936088,1204,7.4415694233,847.9566261249,8.0,567.0,xgboost,2017-09,0.9674709572,916750,155.0,1706.0,0.0002792473,3.320855121,2.9804654709,5913,5913,3.2028968843,5913,3.7625113515,1204,KGHM,0.9935500409,0
0.0432026971,,916540,0.0162000567,0.0186680341,17110,20,retain,0,-0.2743398674,-0.6367965544,17110,17110,-0.5359045166,17110,-0.4532247966,17110,14.1162478083,898.5751052873,15.0,611.0,linear,2017-09,0.9397156698,916540,200.0,1777.0,0.0008815764,3.6772055984,2.9522865277,17110,17110,3.1540984812,17110,3.3194228078,17110,KGHM,0.9813319659,0
0.0426113427,,916540,0.0159545683,0.0182588867,16735,20,retain,0,-0.2800038119,-0.6625173261,16735,16735,-0.5319806589,16735,-0.4524597127,16735,14.1279354646,885.6178671962,15.0,600.0,xgboost,2017-09,0.9405863356,916540,200.0,1756.0,0.0008477535,3.8115131824,3.0464779665,16735,16735,3.3075903636,16735,3.4665810305,16735,KGHM,0.9817411133,0
0.0452026098,,916540,0.0176609859,0.0204759203,18767,20,retain,1,-0.2376309336,-0.5722378417,18767,18767,-0.4707747639,18767,-0.3729642579,17054,13.7940533916,887.1453848168,14.0,602.0,linear,2017-09,0.9362220961,916540,197.0,1761.0,0.0009143082,3.6263783714,2.9571585445,18767,18767,3.160115254,18767,3.3166859119,17054,KGHM,0.9795240797,0
0.0446210749,,916540,0.0171601894,0.0198071006,18154,20,retain,1,-0.2456088078,-0.6117069619,18154,18154,-0.4788600062,18154,-0.38814703,16455,13.8960008813,875.83060532,15.0,592.0,xgboost,2017-09,0.9373360683,916540,194.0,1741.0,0.0008826674,3.7537717162,3.0215665039,18154,18154,3.287301018,18154,3.4334054013,16455,KGHM,0.9801928994,0
0.0506611823,,916540,0.0204322779,0.0241255155,22112,20,retain,5,-0.1995537515,-0.5208370937,22112,22112,-0.4054058591,22112,-0.200736102,13307,13.5081403763,856.4553898357,14.0,575.0,linear,2017-09,0.9278929452,916540,158.0,1723.0,0.0010135946,3.4962366084,2.8536836414,22112,22112,3.0845689936,22112,3.2784298942,13307,KGHM,0.9758744845,0
0.0503578676,,916540,0.0201693325,0.0237305519,21750,20,retain,5,-0.2007754268,-0.5419845448,21750,21750,-0.399426795,21750,-0.2033095808,13006,13.555816092,846.8113142907,14.0,566.0,xgboost,2017-09,0.9284810265,916540,155.0,1706.0,0.0009917734,3.5666445129,2.8842312125,21750,21750,3.1693814816,21750,3.3446763677,13006,KGHM,0.9762694481,0
0.10947473,,915910,0.0720376456,0.0843085019,77219,50,retain,0,-0.3312644812,-0.8694726364,77219,77219,-0.6829106047,77219,-1.0063691057,77219,31.0463486966,897.0756133245,32.0,610.0,linear,2017-09,0.813947877,915910,200.0,1773.0,0.0045397474,4.2309456457,3.1545757081,77219,77219,3.5277053121,77219,2.8807735882,77219,KGHM,0.9156914981,0
0.108053193,,915910,0.0722756603,0.084382745,77287,50,retain,0,-0.3268092097,-0.8721264341,77287,77287,-0.667268329,77287,-0.9922932768,77287,31.1131238112,878.984164383,32.0,595.0,xgboost,2017-09,0.815202367,915910,199.0,1741.0,0.0044687797,4.2923743832,3.2017695384,77287,77287,3.6114931339,77287,2.961434574,77287,KGHM,0.915617255,0
0.1124597395,,915910,0.0744265266,0.0872847769,79945,50,retain,1,-0.3163512034,-0.8429545348,79945,79945,-0.6576559664,79945,-0.9673481685,77826,30.6537244355,885.6800984813,31.0,600.0,linear,2017-09,0.8084921008,915910,197.0,1759.0,0.0046216331,4.2148877503,3.1617266298,79945,79945,3.5323318409,79945,2.890000909,77826,KGHM,0.9127152231,0
0.1107849024,,915910,0.0741786857,0.0868152984,79515,50,retain,1,-0.3154593464,-0.8541621113,79515,79515,-0.6497293462,79515,-0.9636274384,77390,30.8077721185,869.5226637988,32.0,587.0,xgboost,2017-09,0.8104977563,915910,190.0,1729.0,0.0045386555,4.2772248555,3.19984955,79515,79515,3.6087242956,79515,2.9569399769,77390,KGHM,0.9131847016,0
0.1209540239,,915910,0.0803004662,0.0946457621,86687,50,retain,5,-0.291925607,-0.8055135759,86687,86687,-0.6176208306,86687,-0.8749146002,75563,30.0949854073,855.0741928792,31.0,574.0,linear,2017-09,0.7938552915,915910,157.0,1722.0,0.0048902185,4.1827240801,3.1555924474,86687,86687,3.531391473,86687,2.8991603915,75563,KGHM,0.9053542379,0
0.1195750674,,915910,0.0802284067,0.0944001048,86462,50,retain,5,-0.2874339169,-0.8129657068,86462,86462,-0.6069792945,86462,-0.8706296953,75293,30.1847632486,840.7526569204,31.0,562.0,xgboost,2017-09,0.795389285,915910,151.0,1695.0,0.0048072409,4.218191166,3.1671595815,86462,86462,3.5791456602,86462,2.9276477993,75293,KGHM,0.9055998952,0
0.0217016635,,916750,0.0036138533,0.0041483501,3803,10,reset,0,-0.1045447126,-0.3155656519,3803,3803,-0.2462084876,3803,-0.010435051,3803,7.6681567184,899.0905295882,8.0,611.0,linear,2017-09,0.9744805018,916750,200.0,1777.0,0.0002039815,3.7233758805,3.3013297677,3803,3803,3.4400683462,3803,3.9115761408,3803,KGHM,0.9958516499,0
0.0212489774,,916750,0.0035244069,0.004017453,3683,10,reset,0,-0.1174288401,-0.3068044926,3683,3683,-0.2300362616,3683,-0.0210165885,3683,7.6535433071,886.8231131715,8.0,600.0,xgboost,2017-09,0.9750389965,916750,200.0,1757.0,0.0001876193,3.9742502762,3.5954770337,3683,3683,3.7490570178,3683,4.1670621345,3683,KGHM,0.995982547,0
0.0231109899,,916750,0.0044286883,0.0050995364,4675,10,reset,1,-0.0519886981,-0.2228829113,4675,4675,-0.1418110488,4675,0.0803498453,3753,7.4410695187,887.6780441778,8.0,602.0,linear,2017-09,0.9722323425,916750,198.0,1761.0,0.0002279793,3.5296373745,3.1878381402,4675,4675,3.3500186862,4675,3.7290764508,3753,KGHM,0.9949004636,0
0.0227499318,,916750,0.0041461685,0.0047810199,4383,10,reset,1,-0.0655268627,-0.2481437656,4383,4383,-0.1468443601,4383,0.0713029473,3483,7.5055897787,876.9543834197,8.0,593.0,xgboost,2017-09,0.9728922825,916750,194.0,1741.0,0.0002116171,3.753755592,3.3884855539,4383,4383,3.5911392099,4383,3.9954082015,3483,KGHM,0.9952189801,0
0.0268917371,,916750,0.0056351241,0.0066419416,6089,10,reset,5,-0.051328181,-0.2058248425,6089,6089,-0.124048809,6089,0.1636700225,1290,7.4145179832,857.1001767112,8.0,576.0,linear,2017-09,0.9671895282,916750,158.0,1724.0,0.0002836106,3.2179934702,2.908994544,6089,6089,3.0725956839,6089,3.5584380431,1290,KGHM,0.9933580584,0
0.0267684756,,916750,0.0054813199,0.0064499591,5913,10,reset,5,-0.0584659087,-0.2286535102,5913,5913,-0.1174671191,5913,0.1628936088,1204,7.4415694233,847.9566261249,8.0,567.0,xgboost,2017-09,0.9674709572,916750,155.0,1706.0,0.0002792473,3.320855121,2.9804654709,5913,5913,3.2028968843,5913,3.7625113515,1204,KGHM,0.9935500409,0
0.0432026971,,916540,0.0162000567,0.0186680341,17110,20,reset,0,-0.2743398674,-0.6367965544,17110,17110,-0.5359045166,17110,-0.4532247966,17110,14.1162478083,898.5751052873,15.0,611.0,linear,2017-09,0.9397156698,916540,200.0,1777.0,0.0008815764,3.6772055984,2.9522865277,17110,17110,3.1540984812,17110,3.3194228078,17110,KGHM,0.9813319659,0
0.0426113427,,916540,0.0159545683,0.0182588867,16735,20,reset,0,-0.2800038119,-0.6625173261,16735,16735,-0.5319806589,16735,-0.4524597127,16735,14.1279354646,885.6178671962,15.0,600.0,xgboost,2017-09,0.9405863356,916540,200.0,1756.0,0.0008477535,3.8115131824,3.0464779665,16735,16735,3.3075903636,16735,3.4665810305,16735,KGHM,0.9817411133,0
0.0452026098,,916540,0.0176609859,0.0204759203,18767,20,reset,1,-0.2376309336,-0.5722378417,18767,18767,-0.4707747639,18767,-0.3729642579,17054,13.7940533916,887.1453848168,14.0,602.0,linear,2017-09,0.9362220961,916540,197.0,1761.0,0.0009143082,3.6263783714,2.9571585445,18767,18767,3.160115254,18767,3.3166859119,17054,KGHM,0.9795240797,0
0.0446210749,,916540,0.0171601894,0.0198071006,18154,20,reset,1,-0.2456088078,-0.6117069619,18154,18154,-0.4788600062,18154,-0.38814703,16455,13.8960008813,875.83060532,15.0,592.0,xgboost,2017-09,0.9373360683,916540,194.0,1741.0,0.0008826674,3.7537717162,3.0215665039,18154,18154,3.287301018,18154,3.4334054013,16455,KGHM,0.9801928994,0
0.0506611823,,916540,0.0204322779,0.0241255155,22112,20,reset,5,-0.1995537515,-0.5208370937,22112,22112,-0.4054058591,22112,-0.200736102,13307,13.5081403763,856.4553898357,14.0,575.0,linear,2017-09,0.9278929452,916540,158.0,1723.0,0.0010135946,3.4962366084,2.8536836414,22112,22112,3.0845689936,22112,3.2784298942,13307,KGHM,0.9758744845,0
0.0503578676,,916540,0.0201693325,0.0237305519,21750,20,reset,5,-0.2007754268,-0.5419845448,21750,21750,-0.399426795,21750,-0.2033095808,13006,13.555816092,846.8113142907,14.0,566.0,xgboost,2017-09,0.9284810265,916540,155.0,1706.0,0.0009917734,3.5666445129,2.8842312125,21750,21750,3.1693814816,21750,3.3446763677,13006,KGHM,0.9762694481,0
0.10947473,,915910,0.0720376456,0.0843085019,77219,50,reset,0,-0.3312644812,-0.8694726364,77219,77219,-0.6829106047,77219,-1.0063691057,77219,31.0463486966,897.0756133245,32.0,610.0,linear,2017-09,0.813947877,915910,200.0,1773.0,0.0045397474,4.2309456457,3.1545757081,77219,77219,3.5277053121,77219,2.8807735882,77219,KGHM,0.9156914981,0
0.108053193,,915910,0.0722756603,0.084382745,77287,50,reset,0,-0.3268092097,-0.8721264341,77287,77287,-0.667268329,77287,-0.9922932768,77287,31.1131238112,878.984164383,32.0,595.0,xgboost,2017-09,0.815202367,915910,199.0,1741.0,0.0044687797,4.2923743832,3.2017695384,77287,77287,3.6114931339,77287,2.961434574,77287,KGHM,0.915617255,0
0.1124597395,,915910,0.0744265266,0.0872847769,79945,50,reset,1,-0.3163512034,-0.8429545348,79945,79945,-0.6576559664,79945,-0.9673481685,77826,30.6537244355,885.6800984813,31.0,600.0,linear,2017-09,0.8084921008,915910,197.0,1759.0,0.0046216331,4.2148877503,3.1617266298,79945,79945,3.5323318409,79945,2.890000909,77826,KGHM,0.9127152231,0
0.1107849024,,915910,0.0741786857,0.0868152984,79515,50,reset,1,-0.3154593464,-0.8541621113,79515,79515,-0.6497293462,79515,-0.9636274384,77390,30.8077721185,869.5226637988,32.0,587.0,xgboost,2017-09,0.8104977563,915910,190.0,1729.0,0.0045386555,4.2772248555,3.19984955,79515,79515,3.6087242956,79515,2.9569399769,77390,KGHM,0.9131847016,0
0.1209540239,,915910,0.0803004662,0.0946457621,86687,50,reset,5,-0.291925607,-0.8055135759,86687,86687,-0.6176208306,86687,-0.8749146002,75563,30.0949854073,855.0741928792,31.0,574.0,linear,2017-09,0.7938552915,915910,157.0,1722.0,0.0048902185,4.1827240801,3.1555924474,86687,86687,3.531391473,86687,2.8991603915,75563,KGHM,0.9053542379,0
0.1195750674,,915910,0.0802284067,0.0944001048,86462,50,reset,5,-0.2874339169,-0.8129657068,86462,86462,-0.6069792945,86462,-0.8706296953,75293,30.1847632486,840.7526569204,31.0,562.0,xgboost,2017-09,0.795389285,915910,151.0,1695.0,0.0048072409,4.218191166,3.1671595815,86462,86462,3.5791456602,86462,2.9276477993,75293,KGHM,0.9055998952,0
0.0251758853,,832503,0.0042294142,0.0050053874,4167,10,retain,0,0.0570378277,-0.0479341021,4164,4167,-0.022044462,4164,0.0520293583,4167,7.8293736501,882.1452307079,8.0,580.0,linear,2017-11,0.9703664732,832503,197.0,1703.0,0.0002282274,3.6979645522,3.4842315649,4164,4167,3.5360168005,4164,3.6879097225,4167,KGHM,0.9949946126,0
0.0244143264,,832503,0.0038570432,0.0045777613,3811,10,retain,0,0.0397705981,-0.0817994764,3808,3811,-0.0578924965,3808,0.0402335995,3811,7.8614536867,871.0049128952,8.0,569.0,xgboost,2017-11,0.9715040066,832503,193.0,1683.0,0.0002246238,3.7659257921,3.5187390341,3808,3811,3.5665504633,3808,3.766820076,3811,KGHM,0.9954222387,0
0.0270197225,,832503,0.0049825646,0.0059375161,4943,10,retain,1,0.1100818197,-0.0132792108,4940,4943,0.0363614823,4940,0.1309557558,3871,7.6445478454,869.7151433689,8.0,569.0,linear,2017-11,0.9677502664,832503,184.0,1688.0,0.0002474466,3.6976564301,3.4476795487,4940,4943,3.5469652267,4940,3.6155155979,3871,KGHM,0.9940624839,0
0.0264707755,,832503,0.0045801637,0.0054882685,4569,10,retain,1,0.0874507267,-0.0152198656,4566,4569,0.0207933516,4566,0.1218277351,3557,7.667760998,859.8507188563,8.0,561.0,xgboost,2017-11,0.9687052179,832503,180.0,1674.0,0.000243843,3.7236778927,3.5148840072,4566,4569,3.586895696,4566,3.6905229339,3557,KGHM,0.9945117315,0
0.0315662526,,832503,0.0062246022,0.007535108,6273,10,retain,5,0.1172650558,0.0123372198,6270,6273,0.0668225371,6270,0.2346088538,1185,7.5220787502,838.766396037,8.0,542.0,linear,2017-11,0.9619100472,832503,148.0,1657.0,0.000299098,3.5340696546,3.3215418605,6270,6273,3.4305126369,6270,3.1503933449,1185,KGHM,0.992464892,0
0.0311458337,,832503,0.0059759544,0.0072660399,6049,10,retain,5,0.1336664161,0.017125131,6046,6049,0.0869727267,6046,0.2852970827,1138,7.5245495123,829.8556053251,8.0,533.0,xgboost,2017-11,0.9625887234,832503,146.0,1643.0,0.0002894884,3.5763105311,3.3404687985,6046,6049,3.4801588869,6046,3.1921576914,1138,KGHM,0.9927339601,0
0.0492362666,,832293,0.0189320348,0.0225389376,18759,20,retain,0,-0.1473497962,-0.3488563821,18754,18759,-0.2913447302,18754,-0.231306429,18759,14.0932885548,881.5272530227,15.0,580.0,linear,2017-11,0.9306926767,832293,197.0,1703.0,0.001139022,3.8562336107,3.4519739079,18754,18759,3.5670077086,18754,3.6882946082,18759,KGHM,0.9774610624,0
0.0482966936,,832293,0.0181126118,0.0215813421,17962,20,retain,0,-0.1485587334,-0.3572438294,17957,17962,-0.2971784812,17957,-0.231537878,17962,14.2017592696,868.7320486896,15.0,566.0,xgboost,2017-11,0.9324817102,832293,191.0,1680.0,0.0011089845,3.9663972228,3.5477651579,17957,17962,3.6679028301,17957,3.8004191792,17962,KGHM,0.9784186579,0
0.0517930585,,832293,0.0203522077,0.0243796355,20291,20,retain,1,-0.1188360632,-0.3210139282,20285,20291,-0.2520258879,20285,-0.1758987804,18518,13.8345079099,869.1405694869,14.0,569.0,linear,2017-11,0.9266700549,832293,184.0,1688.0,0.001184679,3.8392589336,3.4335034935,20285,20291,3.5714875144,20285,3.6829908218,18518,KGHM,0.9756203645,0
0.050926777,,832293,0.0194498812,0.0233151066,19405,20,retain,1,-0.1271507936,-0.3312211946,19399,19405,-0.2654030766,19399,-0.1828145263,17667,13.9356351456,857.8329290286,15.0,558.0,xgboost,2017-11,0.9284614913,832293,180.0,1672.0,0.0011618505,3.9309416684,3.5213770719,19399,19405,3.6530184144,19399,3.7792738076,17667,KGHM,0.9766848934,0
0.0580636867,,832293,0.0231024411,0.0278856124,23209,20,retain,5,-0.0876146532,-0.2948689597,23199,23209,-0.2052550709,23199,-0.0442545691,14021,13.5481494248,838.1854515177,14.0,541.0,linear,2017-11,0.9175674913,832293,148.0,1657.0,0.0012663809,3.7497466323,3.3331296019,23199,23209,3.5123690213,23199,3.5530535683,14021,KGHM,0.9721143876,0
0.0575638627,,832293,0.0225509526,0.0272728474,22699,20,retain,5,-0.0877551451,-0.2994597805,22689,22699,-0.2032106646,22689,-0.0406338341,13607,13.5939468699,828.2562318799,14.0,530.0,xgboost,2017-11,0.9186344232,832293,146.0,1640.0,0.0012507615,3.807121796,3.3815866622,22689,22699,3.5740921874,22689,3.613899527,13607,KGHM,0.9727271526,0
0.1225664722,,831663,0.0799530579,0.0963130499,80100,50,retain,0,-0.2545110103,-0.6262609226,80084,80100,-0.5270424597,80100,-0.7389260371,80100,30.7143820225,880.4636012423,31.0,578.0,linear,2017-11,0.7918796436,831663,196.0,1702.0,0.0056008263,4.6400445592,3.8969729665,80084,80100,4.0950346663,80100,3.6712962876,80100,KGHM,0.9036869501,0
0.1215492333,,831663,0.0801189905,0.0965018283,80257,50,retain,0,-0.2634694061,-0.6381788586,80241,80257,-0.54001664,80257,-0.7451437818,80257,30.9034975142,859.9110649386,32.0,559.0,xgboost,2017-11,0.7927874632,831663,186.0,1670.0,0.005544313,4.756496776,4.0075404243,80241,80257,4.2034539429,80257,3.7932346182,80257,KGHM,0.9034981717,0
0.1259945435,,831663,0.0823879384,0.0995427234,82786,50,retain,1,-0.244050983,-0.6100175077,82768,82786,-0.5087746037,82786,-0.7117144142,80672,30.3819727973,868.1170317785,31.0,567.0,linear,2017-11,0.7859036653,831663,183.0,1688.0,0.0057138528,4.6193112915,3.8878012448,82768,82786,4.089914005,82786,3.6554375975,80672,KGHM,0.9004572766,0
0.1248558611,,831663,0.0824155938,0.0995487355,82791,50,retain,1,-0.2559609115,-0.6250598104,82774,82791,-0.5259204212,82791,-0.7205565349,80623,30.5919000858,849.475163618,31.0,550.0,xgboost,2017-11,0.7870603838,831663,175.0,1658.0,0.0056681613,4.7306336157,3.992940637,82774,82791,4.1907640681,82791,3.773230804,80623,KGHM,0.9004512645,0
0.1350450844,,831663,0.0885719336,0.1073535795,89282,50,retain,5,-0.2285906116,-0.5874635488,89256,89282,-0.4822897156,89282,-0.634420391,78144,29.9247552698,837.238183014,31.0,540.0,linear,2017-11,0.7704466833,831663,148.0,1655.0,0.0059362987,4.5512987071,3.8339826838,89256,89282,4.04394728,89282,3.5916819193,78144,KGHM,0.8926464205,0
0.1342563033,,831663,0.0889963844,0.1079571894,89784,50,retain,5,-0.2373796136,-0.6013143906,89759,89784,-0.4952712606,89784,-0.6425870638,78424,30.041009534,820.6236600642,31.0,523.0,xgboost,2017-11,0.7707941799,831663,143.0,1621.0,0.0059531325,4.6536164225,3.9262605575,89759,89784,4.137881814,89784,3.6931755725,78424,KGHM,0.8920428106,0
0.0251758853,,832503,0.0042294142,0.0050053874,4167,10,reset,0,0.0570378277,-0.0479341021,4164,4167,-0.022044462,4164,0.0520293583,4167,7.8293736501,882.1452307079,8.0,580.0,linear,2017-11,0.9703664732,832503,197.0,1703.0,0.0002282274,3.6979645522,3.4842315649,4164,4167,3.5360168005,4164,3.6879097225,4167,KGHM,0.9949946126,0
0.0244143264,,832503,0.0038570432,0.0045777613,3811,10,reset,0,0.0397705981,-0.0817994764,3808,3811,-0.0578924965,3808,0.0402335995,3811,7.8614536867,871.0049128952,8.0,569.0,xgboost,2017-11,0.9715040066,832503,193.0,1683.0,0.0002246238,3.7659257921,3.5187390341,3808,3811,3.5665504633,3808,3.766820076,3811,KGHM,0.9954222387,0
0.0270197225,,832503,0.0049825646,0.0059375161,4943,10,reset,1,0.1100818197,-0.0132792108,4940,4943,0.0363614823,4940,0.1309557558,3871,7.6445478454,869.7151433689,8.0,569.0,linear,2017-11,0.9677502664,832503,184.0,1688.0,0.0002474466,3.6976564301,3.4476795487,4940,4943,3.5469652267,4940,3.6155155979,3871,KGHM,0.9940624839,0
0.0264707755,,832503,0.0045801637,0.0054882685,4569,10,reset,1,0.0874507267,-0.0152198656,4566,4569,0.0207933516,4566,0.1218277351,3557,7.667760998,859.8507188563,8.0,561.0,xgboost,2017-11,0.9687052179,832503,180.0,1674.0,0.000243843,3.7236778927,3.5148840072,4566,4569,3.586895696,4566,3.6905229339,3557,KGHM,0.9945117315,0
0.0315662526,,832503,0.0062246022,0.007535108,6273,10,reset,5,0.1172650558,0.0123372198,6270,6273,0.0668225371,6270,0.2346088538,1185,7.5220787502,838.766396037,8.0,542.0,linear,2017-11,0.9619100472,832503,148.0,1657.0,0.000299098,3.5340696546,3.3215418605,6270,6273,3.4305126369,6270,3.1503933449,1185,KGHM,0.992464892,0
0.0311458337,,832503,0.0059759544,0.0072660399,6049,10,reset,5,0.1336664161,0.017125131,6046,6049,0.0869727267,6046,0.2852970827,1138,7.5245495123,829.8556053251,8.0,533.0,xgboost,2017-11,0.9625887234,832503,146.0,1643.0,0.0002894884,3.5763105311,3.3404687985,6046,6049,3.4801588869,6046,3.1921576914,1138,KGHM,0.9927339601,0
0.0492362666,,832293,0.0189320348,0.0225389376,18759,20,reset,0,-0.1473497962,-0.3488563821,18754,18759,-0.2913447302,18754,-0.231306429,18759,14.0932885548,881.5272530227,15.0,580.0,linear,2017-11,0.9306926767,832293,197.0,1703.0,0.001139022,3.8562336107,3.4519739079,18754,18759,3.5670077086,18754,3.6882946082,18759,KGHM,0.9774610624,0
0.0482966936,,832293,0.0181126118,0.0215813421,17962,20,reset,0,-0.1485587334,-0.3572438294,17957,17962,-0.2971784812,17957,-0.231537878,17962,14.2017592696,868.7320486896,15.0,566.0,xgboost,2017-11,0.9324817102,832293,191.0,1680.0,0.0011089845,3.9663972228,3.5477651579,17957,17962,3.6679028301,17957,3.8004191792,17962,KGHM,0.9784186579,0
0.0517930585,,832293,0.0203522077,0.0243796355,20291,20,reset,1,-0.1188360632,-0.3210139282,20285,20291,-0.2520258879,20285,-0.1758987804,18518,13.8345079099,869.1405694869,14.0,569.0,linear,2017-11,0.9266700549,832293,184.0,1688.0,0.001184679,3.8392589336,3.4335034935,20285,20291,3.5714875144,20285,3.6829908218,18518,KGHM,0.9756203645,0
0.050926777,,832293,0.0194498812,0.0233151066,19405,20,reset,1,-0.1271507936,-0.3312211946,19399,19405,-0.2654030766,19399,-0.1828145263,17667,13.9356351456,857.8329290286,15.0,558.0,xgboost,2017-11,0.9284614913,832293,180.0,1672.0,0.0011618505,3.9309416684,3.5213770719,19399,19405,3.6530184144,19399,3.7792738076,17667,KGHM,0.9766848934,0
0.0580636867,,832293,0.0231024411,0.0278856124,23209,20,reset,5,-0.0876146532,-0.2948689597,23199,23209,-0.2052550709,23199,-0.0442545691,14021,13.5481494248,838.1854515177,14.0,541.0,linear,2017-11,0.9175674913,832293,148.0,1657.0,0.0012663809,3.7497466323,3.3331296019,23199,23209,3.5123690213,23199,3.5530535683,14021,KGHM,0.9721143876,0
0.0575638627,,832293,0.0225509526,0.0272728474,22699,20,reset,5,-0.0877551451,-0.2994597805,22689,22699,-0.2032106646,22689,-0.0406338341,13607,13.5939468699,828.2562318799,14.0,530.0,xgboost,2017-11,0.9186344232,832293,146.0,1640.0,0.0012507615,3.807121796,3.3815866622,22689,22699,3.5740921874,22689,3.613899527,13607,KGHM,0.9727271526,0
0.1225664722,,831663,0.0799530579,0.0963130499,80100,50,reset,0,-0.2545110103,-0.6262609226,80084,80100,-0.5270424597,80100,-0.7389260371,80100,30.7143820225,880.4636012423,31.0,578.0,linear,2017-11,0.7918796436,831663,196.0,1702.0,0.0056008263,4.6400445592,3.8969729665,80084,80100,4.0950346663,80100,3.6712962876,80100,KGHM,0.9036869501,0
0.1215492333,,831663,0.0801189905,0.0965018283,80257,50,reset,0,-0.2634694061,-0.6381788586,80241,80257,-0.54001664,80257,-0.7451437818,80257,30.9034975142,859.9110649386,32.0,559.0,xgboost,2017-11,0.7927874632,831663,186.0,1670.0,0.005544313,4.756496776,4.0075404243,80241,80257,4.2034539429,80257,3.7932346182,80257,KGHM,0.9034981717,0
0.1259945435,,831663,0.0823879384,0.0995427234,82786,50,reset,1,-0.244050983,-0.6100175077,82768,82786,-0.5087746037,82786,-0.7117144142,80672,30.3819727973,868.1170317785,31.0,567.0,linear,2017-11,0.7859036653,831663,183.0,1688.0,0.0057138528,4.6193112915,3.8878012448,82768,82786,4.089914005,82786,3.6554375975,80672,KGHM,0.9004572766,0
0.1248558611,,831663,0.0824155938,0.0995487355,82791,50,reset,1,-0.2559609115,-0.6250598104,82774,82791,-0.5259204212,82791,-0.7205565349,80623,30.5919000858,849.475163618,31.0,550.0,xgboost,2017-11,0.7870603838,831663,175.0,1658.0,0.0056681613,4.7306336157,3.992940637,82774,82791,4.1907640681,82791,3.773230804,80623,KGHM,0.9004512645,0
0.1350450844,,831663,0.0885719336,0.1073535795,89282,50,reset,5,-0.2285906116,-0.5874635488,89256,89282,-0.4822897156,89282,-0.634420391,78144,29.9247552698,837.238183014,31.0,540.0,linear,2017-11,0.7704466833,831663,148.0,1655.0,0.0059362987,4.5512987071,3.8339826838,89256,89282,4.04394728,89282,3.5916819193,78144,KGHM,0.8926464205,0
0.1342563033,,831663,0.0889963844,0.1079571894,89784,50,reset,5,-0.2373796136,-0.6013143906,89759,89784,-0.4952712606,89784,-0.6425870638,78424,30.041009534,820.6236600642,31.0,523.0,xgboost,2017-11,0.7707941799,831663,143.0,1621.0,0.0059531325,4.6536164225,3.9262605575,89759,89784,4.137881814,89784,3.6931755725,78424,KGHM,0.8920428106,0
0.01439415,,676108,0.0020899028,0.002370923,1603,10,retain,0,-0.1034032587,-0.5007084496,1603,1603,-0.250362683,1603,-0.0886513665,1603,8.0898315658,1841.9910369349,8.0,1438.0,linear,2017-04,0.9834272039,676108,548.0,3390.0,8.87432e-05,3.4293728771,2.6348280295,1603,1603,3.1355641586,1603,3.458875756,1603,PKNORLEN,0.997629077,0
0.0139090205,,676108,0.0019493927,0.0021963947,1485,10,retain,0,-0.0916812574,-0.450562421,1485,1485,-0.2280357593,1485,-0.0950011794,1485,8.1191919192,1826.065786827,9.0,1422.0,xgboost,2017-04,0.9840602389,676108,532.0,3370.0,8.1348e-05,3.2928923086,2.575145254,1485,1485,3.0202670652,1485,3.2862507656,1485,PKNORLEN,0.9978036053,0
0.0152712289,,676108,0.0024936844,0.002867885,1939,10,retain,1,-0.02035117,-0.414686267,1939,1939,-0.1326914835,1939,0.0060724271,1445,7.9623517277,1828.3143077733,8.0,1425.0,linear,2017-04,0.9821271158,676108,520.0,3382.0,0.0001079709,3.418043385,2.6294503523,1939,1939,3.1934720315,1939,3.3566554134,1445,PKNORLEN,0.997132115,0
0.0147653925,,676108,0.0022718264,0.0025942601,1754,10,retain,1,-0.0585097282,-0.3826842531,1754,1754,-0.1565400084,1754,0.0045849116,1290,8.0250855188,1814.3873582327,8.0,1412.0,xgboost,2017-04,0.9828636845,676108,505.0,3360.0,9.90966e-05,3.3384194477,2.6900944414,1754,1754,3.1424255226,1754,3.3437538646,1290,PKNORLEN,0.9974057399,0
0.0176436309,,676108,0.0035586031,0.0040910624,2766,10,retain,5,0.0351976705,-0.3072742928,2766,2766,-0.0258974893,2766,0.2635089559,397,7.8138105568,1784.0439397256,8.0,1391.0,linear,2017-04,0.978660214,676108,447.0,3353.0,0.000137552,3.3960484501,2.7111998003,2766,2766,3.2739565621,2766,3.3738541591,397,PKNORLEN,0.9959089376,0
0.0173197182,,676108,0.0032908944,0.0037730658,2551,10,retain,5,0.0066844604,-0.2870884976,2551,2551,-0.0396478097,2551,0.2696043625,352,7.8690709526,1772.9601676064,8.0,1381.0,xgboost,2017-04,0.979265147,676108,440.0,3329.0,0.0001242405,3.4031812972,2.815686087,2551,2551,3.3105875879,2551,3.5943391352,352,PKNORLEN,0.9962269342,0
0.0295830325,,675928,0.0125146465,0.0140858198,9521,20,retain,0,-0.2905272466,-0.7383817645,9521,9521,-0.48646305,9521,-0.4464270019,9521,14.7323810524,1847.4858387284,15.0,1445.0,linear,2017-04,0.9573993088,675928,554.0,3394.0,0.0005030122,3.2194813355,2.3238490349,9521,9521,2.8276584429,9521,2.9077331849,9521,PKNORLEN,0.9859141802,0
0.0286790901,,675928,0.0123193595,0.0138062042,9332,20,retain,0,-0.2955830524,-0.7294486132,9332,9332,-0.4924135429,9332,-0.4436708275,9332,14.8040077154,1825.0271730125,15.0,1423.0,xgboost,2017-04,0.9584881822,675928,532.0,3366.0,0.0005133683,3.2781059281,2.4104185322,9332,9332,2.8844965363,9332,2.9819773356,9332,PKNORLEN,0.9861937958,0
0.0307429194,,675928,0.0136168349,0.0153670213,10387,20,retain,1,-0.2546424315,-0.6840847741,10387,10387,-0.4350229597,10387,-0.3823333685,9329,14.5097718302,1833.6959942479,15.0,1434.0,linear,2017-04,0.9551017268,675928,523.0,3385.0,0.0005385189,3.2588100398,2.4000038058,10387,10387,2.898095792,10387,2.974745326,9329,PKNORLEN,0.9846329787,0
0.0298951959,,675928,0.0132662059,0.0149054337,10075,20,retain,1,-0.2724683256,-0.6936652853,10075,10075,-0.4654494395,10075,-0.3913659789,9007,14.6429776675,1813.520212212,15.0,1415.0,xgboost,2017-04,0.9562912026,675928,508.0,3354.0,0.0005473956,3.3169512434,2.4746046896,10075,10075,2.9310387723,10075,3.0626917871,9007,PKNORLEN,0.9850945663,0
0.0342447716,,675928,0.0164292647,0.0185641074,12548,20,retain,5,-0.2256162637,-0.6146916112,12548,12548,-0.3896967866,12548,-0.1820379239,6970,14.1951705451,1789.2156856943,15.0,1399.0,linear,2017-04,0.9487134724,675928,450.0,3357.0,0.0006124913,3.3406391924,2.5625724588,12548,12548,3.0125173702,12548,3.2321417053,6970,PKNORLEN,0.9814358926,0
0.0337461978,,675928,0.015997266,0.0180936431,12230,20,retain,5,-0.2371790014,-0.6043550633,12230,12230,-0.4022937208,12230,-0.1867147054,6726,14.270891251,1772.5144112982,15.0,1383.0,xgboost,2017-04,0.9496336888,675928,442.0,3323.0,0.0006228474,3.3671038849,2.6328115152,12230,12230,3.03691076,12230,3.297718022,6726,PKNORLEN,0.9819063569,0
0.0707089851,,675388,0.0658525174,0.0742447304,50144,50,retain,0,-0.3671428779,-0.9675772191,50144,50144,-0.7369032079,50144,-1.2028514644,50144,32.3124401723,1848.201371656,33.0,1448.0,linear,2017-04,0.8605779197,675388,556.0,3393.0,0.0028605779,3.9099901933,2.7091541929,50144,50144,3.1704992379,50144,2.2387169994,50144,PKNORLEN,0.9257552696,0
0.0695348452,,675388,0.0661145889,0.0744890345,50309,50,retain,0,-0.3582871241,-0.9572258275,50308,50309,-0.7314320346,50309,-1.1697324511,50309,32.4650261385,1816.4305317832,34.0,1421.0,xgboost,2017-04,0.8614514916,675388,530.0,3350.0,0.0028990743,3.9665055449,2.7686730446,50308,50309,3.2202556831,50309,2.3437515595,50309,PKNORLEN,0.9255109655,0
0.0724072681,,675388,0.0681297269,0.0769113458,51945,50,retain,1,-0.3563753442,-0.9424483188,51945,51945,-0.7148934946,51945,-1.1662015986,50375,32.002502647,1834.4627369749,33.0,1436.0,linear,2017-04,0.8565135892,675388,524.0,3385.0,0.0029494157,3.9139676161,2.7418542099,51945,51945,3.1969594436,51945,2.2709631738,50375,PKNORLEN,0.9230886542,0
0.0712346088,,675388,0.0681208431,0.076846198,51901,50,retain,1,-0.3514277958,-0.9383871228,51900,51901,-0.716249838,51901,-1.1368731494,50294,32.2195140749,1805.4849316245,33.0,1412.0,xgboost,2017-04,0.8576758841,675388,506.0,3342.0,0.0029686639,3.9780477906,2.8041742022,51900,51901,3.2484415371,51901,2.381132992,50294,PKNORLEN,0.923153802,0
0.0777671501,,675388,0.0743409714,0.0841797604,56854,50,retain,5,-0.3380854728,-0.8940504425,56851,56854,-0.6771613116,56854,-1.053515172,48685,31.4000070356,1790.080615883,32.0,1402.0,linear,2017-04,0.844672988,675388,450.0,3356.0,0.0032188905,3.9369033937,2.8250291346,56851,56854,3.2587776913,56854,2.3945685476,48685,PKNORLEN,0.9158202396,0
0.076726267,,675388,0.0746652295,0.0844285063,57022,50,retain,5,-0.3364425925,-0.8919414564,57018,57022,-0.6793373666,57022,-1.0330648726,48685,31.5962961664,1765.0356284092,33.0,1381.0,xgboost,2017-04,0.8453881325,675388,442.0,3312.0,0.0032203711,3.9987810383,2.8878530778,57018,57022,3.313025327,57022,2.4815340464,48685,PKNORLEN,0.9155714937,0
0.01439415,,676108,0.0020899028,0.002370923,1603,10,reset,0,-0.1034032587,-0.5007084496,1603,1603,-0.250362683,1603,-0.0886513665,1603,8.0898315658,1841.9910369349,8.0,1438.0,linear,2017-04,0.9834272039,676108,548.0,3390.0,8.87432e-05,3.4293728771,2.6348280295,1603,1603,3.1355641586,1603,3.458875756,1603,PKNORLEN,0.997629077,0
0.0139090205,,676108,0.0019493927,0.0021963947,1485,10,reset,0,-0.0916812574,-0.450562421,1485,1485,-0.2280357593,1485,-0.0950011794,1485,8.1191919192,1826.065786827,9.0,1422.0,xgboost,2017-04,0.9840602389,676108,532.0,3370.0,8.1348e-05,3.2928923086,2.575145254,1485,1485,3.0202670652,1485,3.2862507656,1485,PKNORLEN,0.9978036053,0
0.0152712289,,676108,0.0024936844,0.002867885,1939,10,reset,1,-0.02035117,-0.414686267,1939,1939,-0.1326914835,1939,0.0060724271,1445,7.9623517277,1828.3143077733,8.0,1425.0,linear,2017-04,0.9821271158,676108,520.0,3382.0,0.0001079709,3.418043385,2.6294503523,1939,1939,3.1934720315,1939,3.3566554134,1445,PKNORLEN,0.997132115,0
0.0147653925,,676108,0.0022718264,0.0025942601,1754,10,reset,1,-0.0585097282,-0.3826842531,1754,1754,-0.1565400084,1754,0.0045849116,1290,8.0250855188,1814.3873582327,8.0,1412.0,xgboost,2017-04,0.9828636845,676108,505.0,3360.0,9.90966e-05,3.3384194477,2.6900944414,1754,1754,3.1424255226,1754,3.3437538646,1290,PKNORLEN,0.9974057399,0
0.0176436309,,676108,0.0035586031,0.0040910624,2766,10,reset,5,0.0351976705,-0.3072742928,2766,2766,-0.0258974893,2766,0.2635089559,397,7.8138105568,1784.0439397256,8.0,1391.0,linear,2017-04,0.978660214,676108,447.0,3353.0,0.000137552,3.3960484501,2.7111998003,2766,2766,3.2739565621,2766,3.3738541591,397,PKNORLEN,0.9959089376,0
0.0173197182,,676108,0.0032908944,0.0037730658,2551,10,reset,5,0.0066844604,-0.2870884976,2551,2551,-0.0396478097,2551,0.2696043625,352,7.8690709526,1772.9601676064,8.0,1381.0,xgboost,2017-04,0.979265147,676108,440.0,3329.0,0.0001242405,3.4031812972,2.815686087,2551,2551,3.3105875879,2551,3.5943391352,352,PKNORLEN,0.9962269342,0
0.0295830325,,675928,0.0125146465,0.0140858198,9521,20,reset,0,-0.2905272466,-0.7383817645,9521,9521,-0.48646305,9521,-0.4464270019,9521,14.7323810524,1847.4858387284,15.0,1445.0,linear,2017-04,0.9573993088,675928,554.0,3394.0,0.0005030122,3.2194813355,2.3238490349,9521,9521,2.8276584429,9521,2.9077331849,9521,PKNORLEN,0.9859141802,0
0.0286790901,,675928,0.0123193595,0.0138062042,9332,20,reset,0,-0.2955830524,-0.7294486132,9332,9332,-0.4924135429,9332,-0.4436708275,9332,14.8040077154,1825.0271730125,15.0,1423.0,xgboost,2017-04,0.9584881822,675928,532.0,3366.0,0.0005133683,3.2781059281,2.4104185322,9332,9332,2.8844965363,9332,2.9819773356,9332,PKNORLEN,0.9861937958,0
0.0307429194,,675928,0.0136168349,0.0153670213,10387,20,reset,1,-0.2546424315,-0.6840847741,10387,10387,-0.4350229597,10387,-0.3823333685,9329,14.5097718302,1833.6959942479,15.0,1434.0,linear,2017-04,0.9551017268,675928,523.0,3385.0,0.0005385189,3.2588100398,2.4000038058,10387,10387,2.898095792,10387,2.974745326,9329,PKNORLEN,0.9846329787,0
0.0298951959,,675928,0.0132662059,0.0149054337,10075,20,reset,1,-0.2724683256,-0.6936652853,10075,10075,-0.4654494395,10075,-0.3913659789,9007,14.6429776675,1813.520212212,15.0,1415.0,xgboost,2017-04,0.9562912026,675928,508.0,3354.0,0.0005473956,3.3169512434,2.4746046896,10075,10075,2.9310387723,10075,3.0626917871,9007,PKNORLEN,0.9850945663,0
0.0342447716,,675928,0.0164292647,0.0185641074,12548,20,reset,5,-0.2256162637,-0.6146916112,12548,12548,-0.3896967866,12548,-0.1820379239,6970,14.1951705451,1789.2156856943,15.0,1399.0,linear,2017-04,0.9487134724,675928,450.0,3357.0,0.0006124913,3.3406391924,2.5625724588,12548,12548,3.0125173702,12548,3.2321417053,6970,PKNORLEN,0.9814358926,0
0.0337461978,,675928,0.015997266,0.0180936431,12230,20,reset,5,-0.2371790014,-0.6043550633,12230,12230,-0.4022937208,12230,-0.1867147054,6726,14.270891251,1772.5144112982,15.0,1383.0,xgboost,2017-04,0.9496336888,675928,442.0,3323.0,0.0006228474,3.3671038849,2.6328115152,12230,12230,3.03691076,12230,3.297718022,6726,PKNORLEN,0.9819063569,0
0.0707089851,,675388,0.0658525174,0.0742447304,50144,50,reset,0,-0.3671428779,-0.9675772191,50144,50144,-0.7369032079,50144,-1.2028514644,50144,32.3124401723,1848.201371656,33.0,1448.0,linear,2017-04,0.8605779197,675388,556.0,3393.0,0.0028605779,3.9099901933,2.7091541929,50144,50144,3.1704992379,50144,2.2387169994,50144,PKNORLEN,0.9257552696,0
0.0695348452,,675388,0.0661145889,0.0744890345,50309,50,reset,0,-0.3582871241,-0.9572258275,50308,50309,-0.7314320346,50309,-1.1697324511,50309,32.4650261385,1816.4305317832,34.0,1421.0,xgboost,2017-04,0.8614514916,675388,530.0,3350.0,0.0028990743,3.9665055449,2.7686730446,50308,50309,3.2202556831,50309,2.3437515595,50309,PKNORLEN,0.9255109655,0
0.0724072681,,675388,0.0681297269,0.0769113458,51945,50,reset,1,-0.3563753442,-0.9424483188,51945,51945,-0.7148934946,51945,-1.1662015986,50375,32.002502647,1834.4627369749,33.0,1436.0,linear,2017-04,0.8565135892,675388,524.0,3385.0,0.0029494157,3.9139676161,2.7418542099,51945,51945,3.1969594436,51945,2.2709631738,50375,PKNORLEN,0.9230886542,0
0.0712346088,,675388,0.0681208431,0.076846198,51901,50,reset,1,-0.3514277958,-0.9383871228,51900,51901,-0.716249838,51901,-1.1368731494,50294,32.2195140749,1805.4849316245,33.0,1412.0,xgboost,2017-04,0.8576758841,675388,506.0,3342.0,0.0029686639,3.9780477906,2.8041742022,51900,51901,3.2484415371,51901,2.381132992,50294,PKNORLEN,0.923153802,0
0.0777671501,,675388,0.0743409714,0.0841797604,56854,50,reset,5,-0.3380854728,-0.8940504425,56851,56854,-0.6771613116,56854,-1.053515172,48685,31.4000070356,1790.080615883,32.0,1402.0,linear,2017-04,0.844672988,675388,450.0,3356.0,0.0032188905,3.9369033937,2.8250291346,56851,56854,3.2587776913,56854,2.3945685476,48685,PKNORLEN,0.9158202396,0
0.076726267,,675388,0.0746652295,0.0844285063,57022,50,reset,5,-0.3364425925,-0.8919414564,57018,57022,-0.6793373666,57022,-1.0330648726,48685,31.5962961664,1765.0356284092,33.0,1381.0,xgboost,2017-04,0.8453881325,675388,442.0,3312.0,0.0032203711,3.9987810383,2.8878530778,57018,57022,3.313025327,57022,2.4815340464,48685,PKNORLEN,0.9155714937,0
0.0279764594,,863190,0.0035670015,0.0043373996,3744,10,retain,0,-0.0636881283,-0.2636751753,3744,3744,-0.1446471587,3744,-0.0292983521,3744,7.7887286325,1382.0246550586,8.0,1210.0,linear,2017-06,0.9681889271,863190,470.0,2415.0,0.000267612,3.6591135558,3.2590215738,3744,3744,3.4971808033,3744,3.7278624787,3744,PKNORLEN,0.9956626004,0
0.0272199632,,863190,0.0035334052,0.0043072788,3718,10,retain,0,-0.0236663197,-0.2386354175,3718,3718,-0.1150350968,3718,-2.57859e-05,3718,7.7969338354,1365.8371042297,8.0,1195.0,xgboost,2017-06,0.9689755442,863190,451.0,2394.0,0.0002710875,3.9480888942,3.5180740773,3718,3718,3.7653459843,3718,3.9953253004,3718,PKNORLEN,0.9956927212,0
0.0499889943,7.0,863190,0.0110531864,0.0135926042,11733,10,retain,0,-0.0598182719,-0.469992919,11733,11733,-0.2924272702,11733,-0.1451046608,11733,7.4168584335,1027.6979541005,8.0,900.0,xgboost,2017-06,0.9383136969,863190,117.0,2022.0,0.0006441224,3.8849681543,3.0646983371,11733,11733,3.4198786526,11733,3.7144536157,11733,PKNORLEN,0.9864073958,0
0.0302633256,,863190,0.0046096456,0.0055827802,4819,10,retain,1,0.0166165625,-0.1999888747,4819,4819,-0.0659392777,4819,0.0570220999,3802,7.5754305873,1364.7744158297,8.0,1199.0,linear,2017-06,0.9648142356,863190,421.0,2403.0,0.0003127932,3.8494266229,3.4161230077,4819,4819,3.6842724498,4819,3.8415362555,3802,PKNORLEN,0.9944172198,0
0.0295705465,,863190,0.0043350827,0.0053024247,4577,10,retain,1,0.0188247498,-0.2213141404,4577,4577,-0.0825306429,4577,0.0496987013,3595,7.6311994756,1351.3535826411,8.0,1184.0,xgboost,2017-06,0.9657688342,863190,410.0,2386.0,0.0003255367,4.0015810214,3.5212452249,4577,4577,3.7988597366,4577,3.9530001543,3595,PKNORLEN,0.9946975753,0
0.0498789374,7.0,863190,0.0112663492,0.0137246724,11847,10,retain,1,-0.0666526817,-0.469929861,11847,11847,-0.2948874989,11847,-0.1173563632,9610,7.4079513801,1025.2569330043,8.0,896.0,xgboost,2017-06,0.938208274,863190,115.0,2021.0,0.0006464394,3.9279450017,3.1214829683,11847,11847,3.471608612,11847,3.7124272192,9610,PKNORLEN,0.9862753276,0
0.0358750681,,863190,0.0064794541,0.0078904992,6811,10,retain,5,0.0027332222,-0.2214053759,6811,6811,-0.0908017013,6811,0.2242294004,1339,7.4839230656,1315.709967678,8.0,1155.0,linear,2017-06,0.9572226277,863190,301.0,2377.0,0.0004228501,3.8182563007,3.3698921979,6811,6811,3.6311424299,6811,3.8056100394,1339,PKNORLEN,0.9921095008,0
0.0354139877,,863190,0.0062883027,0.0076912383,6639,10,retain,5,-0.0053273984,-0.2549934971,6639,6639,-0.0991147829,6639,0.1889920152,1257,7.5113721946,1306.2164262793,8.0,1143.0,xgboost,2017-06,0.9578644331,863190,300.0,2362.0,0.0004332766,3.8048877029,3.3055040138,6639,6639,3.6172844683,6639,3.5847001526,1257,PKNORLEN,0.9923087617,0
0.0502334364,7.0,863190,0.0116046293,0.0140003939,12085,10,retain,5,-0.0533193397,-0.4613909137,12085,12085,-0.2883802304,12085,0.122771339,2591,7.3814646256,1015.8231548095,8.0,884.0,xgboost,2017-06,0.9375236043,863190,110.0,2014.0,0.0006383299,3.971664971,3.1556092407,12085,12085,3.501651624,12085,3.5670366669,2591,PKNORLEN,0.9859996061,0
0.0554578322,,862980,0.0169053744,0.0207443973,17902,20,retain,0,-0.2124659604,-0.6945328051,17902,17902,-0.5308904806,17902,-0.4261008362,17902,14.2771198749,1382.8267862523,15.0,1210.0,linear,2017-06,0.9264235556,862980,471.0,2415.0,0.0012132379,4.0427092018,3.0786178113,17902,17902,3.4059411551,17902,3.6154221176,17902,PKNORLEN,0.9792556027,0
0.0835338015,7.0,862980,0.0327041183,0.0408931841,35290,20,retain,0,-0.2331905062,-0.7898994772,35290,35290,-0.5771586141,35290,-0.562204946,35290,13.3567299518,1078.3459002526,14.0,940.0,xgboost,2017-06,0.8814422119,862980,150.0,2091.0,0.0023198684,4.2561862591,3.1427512673,35290,35290,3.5682836416,35290,3.5981411734,35290,PKNORLEN,0.9591068159,0
0.0549595587,,862980,0.016876405,0.0206980463,17862,20,retain,0,-0.2080318782,-0.6898870431,17862,17862,-0.5114029165,17862,-0.4105878291,17862,14.270014556,1366.5689749473,15.0,1195.0,xgboost,2017-06,0.9269531159,862980,454.0,2392.0,0.0012109203,4.1717131462,3.2080173033,17862,17862,3.5650102504,17862,3.7665753739,17862,PKNORLEN,0.9793019537,0
0.058461378,,862980,0.0189309138,0.0233539595,20154,20,retain,1,-0.1740973614,-0.6232344075,20154,20154,-0.4614609089,20154,-0.3474922005,18342,13.9212067083,1365.6033025099,15.0,1200.0,linear,2017-06,0.9213075622,862980,423.0,2404.0,0.001300146,4.1051489071,3.2069081146,20154,20154,3.5304851624,20154,3.7010087079,18342,PKNORLEN,0.9766460405,0
0.0848188834,7.0,862980,0.0335581358,0.0419233354,36179,20,retain,1,-0.2214985487,-0.7689504759,36179,36179,-0.5585779107,36179,-0.5217895416,33342,13.2897537245,1072.1760017613,14.0,930.0,xgboost,2017-06,0.8792706668,862980,147.0,2086.0,0.0023523141,4.246459891,3.1515381217,36179,36179,3.5723309681,36179,3.5987967528,33342,PKNORLEN,0.9580766646,0
0.057821734,,862980,0.01847088,0.0228174465,19691,20,retain,1,-0.1842999849,-0.6436262402,19691,19691,-0.4703716617,19691,-0.3559511258,17869,14.0146767559,1352.3806530858,15.0,1186.0,xgboost,2017-06,0.9224107164,862980,415.0,2385.0,0.0012966697,4.1500490756,3.2313995229,19691,19691,3.5779375677,19691,3.7525459217,17869,PKNORLEN,0.9771825535,0
0.0661452177,,862980,0.0231766669,0.0289879256,25016,20,retain,5,-0.1724393295,-0.5683972084,25016,25016,-0.4124021789,25016,-0.1862563354,15244,13.5129517109,1316.51619041,14.0,1156.0,linear,2017-06,0.9091172449,862980,304.0,2377.0,0.0015608705,4.0366105454,3.2447121766,25016,25016,3.5567304687,25016,3.7627093926,15244,PKNORLEN,0.9710120744,0
0.0876683121,7.0,862980,0.0349533014,0.0437391365,37746,20,retain,5,-0.2201107268,-0.7306352093,37746,37746,-0.5285337811,37746,-0.3725969858,23751,13.2085783924,1055.4702484414,14.0,913.0,xgboost,2017-06,0.8749217827,862980,132.0,2071.0,0.0024566039,4.2072654648,3.1862062102,37746,37746,3.5904361308,37746,3.663809634,23751,PKNORLEN,0.9562608635,0
0.0659389557,,862980,0.0229460706,0.0286402929,24716,20,retain,5,-0.1849398656,-0.5965163318,24716,24716,-0.4323080972,24716,-0.2001190114,14910,13.5778443114,1306.8310169413,14.0,1145.0,xgboost,2017-06,0.9095714849,862980,300.0,2360.0,0.0015434888,3.9765788058,3.1534195126,24716,24716,3.4818581893,24716,3.6948727655,14910,PKNORLEN,0.9713597071,0
0.1317121818,,862350,0.0765930307,0.0943816316,81390,50,retain,0,-0.3189987499,-1.0505322428,81380,81390,-0.741085389,81390,-1.3586612608,81390,31.3251505099,1382.8113538586,32.0,1211.0,linear,2017-06,0.7857099785,862350,471.0,2415.0,0.005984809,5.0607196723,3.5978283734,81380,81390,4.2165832819,81390,2.9814301551,81390,PKNORLEN,0.9056183684,0
0.1311636806,,862350,0.0778233896,0.0956340233,82470,50,retain,0,-0.3229171092,-1.0652897822,82461,82470,-0.7478073677,82470,-1.3422457229,82470,31.360409846,1364.650687076,32.0,1194.0,xgboost,2017-06,0.7849330318,862350,453.0,2388.0,0.006079898,5.1045674025,3.6199517412,82461,82470,4.2547959406,82470,3.0659273868,82470,PKNORLEN,0.9043659767,0
0.1735223517,7.0,862350,0.1131246014,0.1428584681,123194,50,retain,0,-0.267560015,-0.9227315285,123177,123194,-0.6250738337,123194,-1.2100226312,123194,29.1350309268,1080.3830579231,30.0,950.0,xgboost,2017-06,0.7044343944,862350,142.0,2077.0,0.0089186525,4.9623423398,3.650997715,123177,123194,4.2473292532,123194,3.0773977727,123194,PKNORLEN,0.8571415319,0
0.1354855917,,862350,0.080042906,0.098963298,85341,50,retain,1,-0.3004347973,-1.0056297148,85330,85341,-0.706955002,85341,-1.293008056,82959,30.8461700707,1365.6296329796,32.0,1200.0,linear,2017-06,0.7783173885,862350,423.0,2403.0,0.0061541138,5.0779883844,3.6677723065,85330,85341,4.2649791585,85341,3.0485933586,82959,PKNORLEN,0.901036702,0
0.1344442512,,862350,0.0805925668,0.0993482925,85673,50,retain,1,-0.3115801483,-1.0349724597,85663,85673,-0.7257620932,85673,-1.2929141483,83261,31.008649166,1350.8558299994,32.0,1183.0,xgboost,2017-06,0.7787290543,862350,414.0,2383.0,0.0062341277,5.0978077439,3.6511559909,85663,85673,4.2694497061,85673,3.0938712069,83261,PKNORLEN,0.9006517075,0
0.1744256972,7.0,862350,0.1142100075,0.1442233432,124371,50,retain,1,-0.2640023008,-0.916381463,124353,124371,-0.6195555281,124371,-1.1875004724,121467,29.0592501467,1074.5719301908,29.0,944.0,xgboost,2017-06,0.7023783846,862350,140.0,2071.0,0.0089859106,4.9847167604,3.678980068,124353,124371,4.2736262307,124371,3.1012032527,121467,PKNORLEN,0.8557766568,0
0.1459824897,,862350,0.0888455963,0.1105734331,95353,50,retain,5,-0.2808393288,-0.9292558567,95338,95353,-0.659742537,95353,-1.1439848734,82829,30.0567365474,1316.64907984,31.0,1156.0,linear,2017-06,0.7585156839,862350,304.0,2377.0,0.0066562301,5.0716554138,3.7750127222,95338,95353,4.3138778768,95353,3.1336713497,82829,PKNORLEN,0.8894265669,0
0.14515336,,862350,0.0893117644,0.1108146344,95561,50,retain,5,-0.2907070106,-0.9585661445,95547,95561,-0.676772537,95561,-1.1492037075,82937,30.161321041,1305.6023169247,31.0,1143.0,xgboost,2017-06,0.7588044298,862350,300.0,2356.0,0.0067304459,5.0597889845,3.7242218119,95547,95561,4.2876619715,95561,3.1325768493,82937,PKNORLEN,0.8891853656,0
0.1775172494,7.0,862350,0.1169397576,0.1477543921,127416,50,retain,5,-0.256952081,-0.9002110598,127394,127416,-0.6099192904,127416,-1.1090971925,112367,29.0101478621,1058.2318014727,29.0,921.0,xgboost,2017-06,0.6963645851,862350,125.9,2058.0,0.0091784078,5.0215680141,3.7341302199,127394,127416,4.3156478079,127416,3.1350758624,112367,PKNORLEN,0.8522456079,0
0.0279764594,,863190,0.0035670015,0.0043373996,3744,10,reset,0,-0.0636881283,-0.2636751753,3744,3744,-0.1446471587,3744,-0.0292983521,3744,7.7887286325,1382.0246550586,8.0,1210.0,linear,2017-06,0.9681889271,863190,470.0,2415.0,0.000267612,3.6591135558,3.2590215738,3744,3744,3.4971808033,3744,3.7278624787,3744,PKNORLEN,0.9956626004,0
0.0272199632,,863190,0.0035334052,0.0043072788,3718,10,reset,0,-0.0236663197,-0.2386354175,3718,3718,-0.1150350968,3718,-2.57859e-05,3718,7.7969338354,1365.8371042297,8.0,1195.0,xgboost,2017-06,0.9689755442,863190,451.0,2394.0,0.0002710875,3.9480888942,3.5180740773,3718,3718,3.7653459843,3718,3.9953253004,3718,PKNORLEN,0.9956927212,0
0.0499889943,7.0,863190,0.0110531864,0.0135926042,11733,10,reset,0,-0.0598182719,-0.469992919,11733,11733,-0.2924272702,11733,-0.1451046608,11733,7.4168584335,1027.6979541005,8.0,900.0,xgboost,2017-06,0.9383136969,863190,117.0,2022.0,0.0006441224,3.8849681543,3.0646983371,11733,11733,3.4198786526,11733,3.7144536157,11733,PKNORLEN,0.9864073958,0
0.0302633256,,863190,0.0046096456,0.0055827802,4819,10,reset,1,0.0166165625,-0.1999888747,4819,4819,-0.0659392777,4819,0.0570220999,3802,7.5754305873,1364.7744158297,8.0,1199.0,linear,2017-06,0.9648142356,863190,421.0,2403.0,0.0003127932,3.8494266229,3.4161230077,4819,4819,3.6842724498,4819,3.8415362555,3802,PKNORLEN,0.9944172198,0
0.0295705465,,863190,0.0043350827,0.0053024247,4577,10,reset,1,0.0188247498,-0.2213141404,4577,4577,-0.0825306429,4577,0.0496987013,3595,7.6311994756,1351.3535826411,8.0,1184.0,xgboost,2017-06,0.9657688342,863190,410.0,2386.0,0.0003255367,4.0015810214,3.5212452249,4577,4577,3.7988597366,4577,3.9530001543,3595,PKNORLEN,0.9946975753,0
0.0498789374,7.0,863190,0.0112663492,0.0137246724,11847,10,reset,1,-0.0666526817,-0.469929861,11847,11847,-0.2948874989,11847,-0.1173563632,9610,7.4079513801,1025.2569330043,8.0,896.0,xgboost,2017-06,0.938208274,863190,115.0,2021.0,0.0006464394,3.9279450017,3.1214829683,11847,11847,3.471608612,11847,3.7124272192,9610,PKNORLEN,0.9862753276,0
0.0358750681,,863190,0.0064794541,0.0078904992,6811,10,reset,5,0.0027332222,-0.2214053759,6811,6811,-0.0908017013,6811,0.2242294004,1339,7.4839230656,1315.709967678,8.0,1155.0,linear,2017-06,0.9572226277,863190,301.0,2377.0,0.0004228501,3.8182563007,3.3698921979,6811,6811,3.6311424299,6811,3.8056100394,1339,PKNORLEN,0.9921095008,0
0.0354139877,,863190,0.0062883027,0.0076912383,6639,10,reset,5,-0.0053273984,-0.2549934971,6639,6639,-0.0991147829,6639,0.1889920152,1257,7.5113721946,1306.2164262793,8.0,1143.0,xgboost,2017-06,0.9578644331,863190,300.0,2362.0,0.0004332766,3.8048877029,3.3055040138,6639,6639,3.6172844683,6639,3.5847001526,1257,PKNORLEN,0.9923087617,0
0.0502334364,7.0,863190,0.0116046293,0.0140003939,12085,10,reset,5,-0.0533193397,-0.4613909137,12085,12085,-0.2883802304,12085,0.122771339,2591,7.3814646256,1015.8231548095,8.0,884.0,xgboost,2017-06,0.9375236043,863190,110.0,2014.0,0.0006383299,3.971664971,3.1556092407,12085,12085,3.501651624,12085,3.5670366669,2591,PKNORLEN,0.9859996061,0
0.0554578322,,862980,0.0169053744,0.0207443973,17902,20,reset,0,-0.2124659604,-0.6945328051,17902,17902,-0.5308904806,17902,-0.4261008362,17902,14.2771198749,1382.8267862523,15.0,1210.0,linear,2017-06,0.9264235556,862980,471.0,2415.0,0.0012132379,4.0427092018,3.0786178113,17902,17902,3.4059411551,17902,3.6154221176,17902,PKNORLEN,0.9792556027,0
0.0835338015,7.0,862980,0.0327041183,0.0408931841,35290,20,reset,0,-0.2331905062,-0.7898994772,35290,35290,-0.5771586141,35290,-0.562204946,35290,13.3567299518,1078.3459002526,14.0,940.0,xgboost,2017-06,0.8814422119,862980,150.0,2091.0,0.0023198684,4.2561862591,3.1427512673,35290,35290,3.5682836416,35290,3.5981411734,35290,PKNORLEN,0.9591068159,0
0.0549595587,,862980,0.016876405,0.0206980463,17862,20,reset,0,-0.2080318782,-0.6898870431,17862,17862,-0.5114029165,17862,-0.4105878291,17862,14.270014556,1366.5689749473,15.0,1195.0,xgboost,2017-06,0.9269531159,862980,454.0,2392.0,0.0012109203,4.1717131462,3.2080173033,17862,17862,3.5650102504,17862,3.7665753739,17862,PKNORLEN,0.9793019537,0
0.058461378,,862980,0.0189309138,0.0233539595,20154,20,reset,1,-0.1740973614,-0.6232344075,20154,20154,-0.4614609089,20154,-0.3474922005,18342,13.9212067083,1365.6033025099,15.0,1200.0,linear,2017-06,0.9213075622,862980,423.0,2404.0,0.001300146,4.1051489071,3.2069081146,20154,20154,3.5304851624,20154,3.7010087079,18342,PKNORLEN,0.9766460405,0
0.0848188834,7.0,862980,0.0335581358,0.0419233354,36179,20,reset,1,-0.2214985487,-0.7689504759,36179,36179,-0.5585779107,36179,-0.5217895416,33342,13.2897537245,1072.1760017613,14.0,930.0,xgboost,2017-06,0.8792706668,862980,147.0,2086.0,0.0023523141,4.246459891,3.1515381217,36179,36179,3.5723309681,36179,3.5987967528,33342,PKNORLEN,0.9580766646,0
0.057821734,,862980,0.01847088,0.0228174465,19691,20,reset,1,-0.1842999849,-0.6436262402,19691,19691,-0.4703716617,19691,-0.3559511258,17869,14.0146767559,1352.3806530858,15.0,1186.0,xgboost,2017-06,0.9224107164,862980,415.0,2385.0,0.0012966697,4.1500490756,3.2313995229,19691,19691,3.5779375677,19691,3.7525459217,17869,PKNORLEN,0.9771825535,0
0.0661452177,,862980,0.0231766669,0.0289879256,25016,20,reset,5,-0.1724393295,-0.5683972084,25016,25016,-0.4124021789,25016,-0.1862563354,15244,13.5129517109,1316.51619041,14.0,1156.0,linear,2017-06,0.9091172449,862980,304.0,2377.0,0.0015608705,4.0366105454,3.2447121766,25016,25016,3.5567304687,25016,3.7627093926,15244,PKNORLEN,0.9710120744,0
0.0876683121,7.0,862980,0.0349533014,0.0437391365,37746,20,reset,5,-0.2201107268,-0.7306352093,37746,37746,-0.5285337811,37746,-0.3725969858,23751,13.2085783924,1055.4702484414,14.0,913.0,xgboost,2017-06,0.8749217827,862980,132.0,2071.0,0.0024566039,4.2072654648,3.1862062102,37746,37746,3.5904361308,37746,3.663809634,23751,PKNORLEN,0.9562608635,0
0.0659389557,,862980,0.0229460706,0.0286402929,24716,20,reset,5,-0.1849398656,-0.5965163318,24716,24716,-0.4323080972,24716,-0.2001190114,14910,13.5778443114,1306.8310169413,14.0,1145.0,xgboost,2017-06,0.9095714849,862980,300.0,2360.0,0.0015434888,3.9765788058,3.1534195126,24716,24716,3.4818581893,24716,3.6948727655,14910,PKNORLEN,0.9713597071,0
0.1317121818,,862350,0.0765930307,0.0943816316,81390,50,reset,0,-0.3189987499,-1.0505322428,81380,81390,-0.741085389,81390,-1.3586612608,81390,31.3251505099,1382.8113538586,32.0,1211.0,linear,2017-06,0.7857099785,862350,471.0,2415.0,0.005984809,5.0607196723,3.5978283734,81380,81390,4.2165832819,81390,2.9814301551,81390,PKNORLEN,0.9056183684,0
0.1311636806,,862350,0.0778233896,0.0956340233,82470,50,reset,0,-0.3229171092,-1.0652897822,82461,82470,-0.7478073677,82470,-1.3422457229,82470,31.360409846,1364.650687076,32.0,1194.0,xgboost,2017-06,0.7849330318,862350,453.0,2388.0,0.006079898,5.1045674025,3.6199517412,82461,82470,4.2547959406,82470,3.0659273868,82470,PKNORLEN,0.9043659767,0
0.1735223517,7.0,862350,0.1131246014,0.1428584681,123194,50,reset,0,-0.267560015,-0.9227315285,123177,123194,-0.6250738337,123194,-1.2100226312,123194,29.1350309268,1080.3830579231,30.0,950.0,xgboost,2017-06,0.7044343944,862350,142.0,2077.0,0.0089186525,4.9623423398,3.650997715,123177,123194,4.2473292532,123194,3.0773977727,123194,PKNORLEN,0.8571415319,0
0.1354855917,,862350,0.080042906,0.098963298,85341,50,reset,1,-0.3004347973,-1.0056297148,85330,85341,-0.706955002,85341,-1.293008056,82959,30.8461700707,1365.6296329796,32.0,1200.0,linear,2017-06,0.7783173885,862350,423.0,2403.0,0.0061541138,5.0779883844,3.6677723065,85330,85341,4.2649791585,85341,3.0485933586,82959,PKNORLEN,0.901036702,0
0.1344442512,,862350,0.0805925668,0.0993482925,85673,50,reset,1,-0.3115801483,-1.0349724597,85663,85673,-0.7257620932,85673,-1.2929141483,83261,31.008649166,1350.8558299994,32.0,1183.0,xgboost,2017-06,0.7787290543,862350,414.0,2383.0,0.0062341277,5.0978077439,3.6511559909,85663,85673,4.2694497061,85673,3.0938712069,83261,PKNORLEN,0.9006517075,0
0.1744256972,7.0,862350,0.1142100075,0.1442233432,124371,50,reset,1,-0.2640023008,-0.916381463,124353,124371,-0.6195555281,124371,-1.1875004724,121467,29.0592501467,1074.5719301908,29.0,944.0,xgboost,2017-06,0.7023783846,862350,140.0,2071.0,0.0089859106,4.9847167604,3.678980068,124353,124371,4.2736262307,124371,3.1012032527,121467,PKNORLEN,0.8557766568,0
0.1459824897,,862350,0.0888455963,0.1105734331,95353,50,reset,5,-0.2808393288,-0.9292558567,95338,95353,-0.659742537,95353,-1.1439848734,82829,30.0567365474,1316.64907984,31.0,1156.0,linear,2017-06,0.7585156839,862350,304.0,2377.0,0.0066562301,5.0716554138,3.7750127222,95338,95353,4.3138778768,95353,3.1336713497,82829,PKNORLEN,0.8894265669,0
0.14515336,,862350,0.0893117644,0.1108146344,95561,50,reset,5,-0.2907070106,-0.9585661445,95547,95561,-0.676772537,95561,-1.1492037075,82937,30.161321041,1305.6023169247,31.0,1143.0,xgboost,2017-06,0.7588044298,862350,300.0,2356.0,0.0067304459,5.0597889845,3.7242218119,95547,95561,4.2876619715,95561,3.1325768493,82937,PKNORLEN,0.8891853656,0
0.1775172494,7.0,862350,0.1169397576,0.1477543921,127416,50,reset,5,-0.256952081,-0.9002110598,127394,127416,-0.6099192904,127416,-1.1090971925,112367,29.0101478621,1058.2318014727,29.0,921.0,xgboost,2017-06,0.6963645851,862350,125.9,2058.0,0.0091784078,5.0215680141,3.7341302199,127394,127416,4.3156478079,127416,3.1350758624,112367,PKNORLEN,0.8522456079,0
0.024472811,,1014105,0.0035706362,0.0040636818,4121,10,retain,0,-0.1199070544,-0.3307792799,4121,4121,-0.1474373669,4121,-0.0278194065,4121,8.0395535064,1069.0549933192,8.0,940.0,linear,2017-09,0.9717465154,1014105,345.0,1984.0,0.0002100374,4.1038381078,3.6820682232,4121,4121,4.0487429978,4121,4.2879880146,4121,PKNORLEN,0.9959363182,0
0.0239353913,,1014105,0.0036347321,0.0041208751,4179,10,retain,0,-0.1399530654,-0.3242468746,4179,4179,-0.1440151962,4179,-0.0337235365,4179,8.0090930845,1055.9779766395,8.0,920.0,xgboost,2017-09,0.9722198392,1014105,329.0,1965.0,0.0002100374,4.2753504888,3.9067573563,4179,4179,4.2671730596,4179,4.4877716162,4179,PKNORLEN,0.9958791249,0
0.0272545742,,1014105,0.0047194324,0.0053761691,5452,10,retain,1,-0.1002867056,-0.2064880105,5452,5452,-0.0433362298,5452,0.0601627104,4240,7.7676082172,1054.5572490028,8.0,921.0,linear,2017-09,0.9677587627,1014105,310.0,1969.0,0.0002672307,3.9350784713,3.7226620011,5452,5452,4.0489421939,5452,4.1667522804,4240,PKNORLEN,0.9946238309,0
0.0267713896,,1014105,0.0044630487,0.0051316185,5204,10,retain,1,-0.1324406342,-0.2462611487,5204,5204,-0.0734567678,5204,0.0253365088,4002,7.831283628,1043.3419004935,8.0,904.0,xgboost,2017-09,0.9684953728,1014105,300.0,1954.0,0.000270189,4.1198901678,3.8922564334,5204,5204,4.2378168302,5204,4.4102892888,4002,PKNORLEN,0.9948683815,0
0.0345999675,,1014105,0.005948102,0.0070091361,7108,10,retain,5,-0.095903358,-0.2425225687,7108,7108,-0.050788415,7108,0.0829428765,1123,7.7104670793,1014.4152706081,8.0,870.0,linear,2017-09,0.9590989099,1014105,250.0,1939.0,0.0003530206,3.6245354535,3.3313148475,7108,7108,3.7147617581,7108,3.2128201468,1123,PKNORLEN,0.9929908639,0
0.0342232806,,1014105,0.0058623121,0.0069223601,7020,10,retain,5,-0.1072412295,-0.2445799696,7020,7020,-0.054413164,7020,0.0602590859,1073,7.7337606838,1005.7626557408,8.0,856.0,xgboost,2017-09,0.9595623727,1014105,250.0,1925.0,0.0003520346,3.7442662716,3.4695915733,7020,7020,3.8498916037,7020,3.4529021916,1073,PKNORLEN,0.9930776399,0
0.0538162236,,1013895,0.0181498084,0.0213710493,21668,20,retain,0,-0.1848123649,-0.6477628679,21667,21668,-0.3977478185,21667,-0.3463924601,21668,14.500369208,1068.7861612889,15.0,939.0,linear,2017-09,0.9266906336,1013895,345.0,1984.0,0.0013433344,4.461385174,3.5353438596,21667,21668,4.0353615292,21667,4.138217878,21668,PKNORLEN,0.9786289507,0
0.0525439025,,1013895,0.0185561621,0.0217843071,22087,20,retain,0,-0.2016004938,-0.6485503087,22085,22087,-0.3946237039,22085,-0.3380704379,22087,14.4508987187,1052.5544765484,15.0,916.0,xgboost,2017-09,0.9275526558,1013895,325.0,1959.0,0.0013472796,4.5443453762,3.650181713,22085,22087,4.1580118273,22085,4.2714087614,22087,PKNORLEN,0.9782156929,0
0.0580316502,,1013895,0.0201125363,0.0238999107,24232,20,retain,1,-0.1719492538,-0.5843261534,24230,24232,-0.3435292963,24230,-0.2705140984,21937,14.1078738858,1054.3339408913,15.0,920.0,linear,2017-09,0.92036848,1013895,310.0,1969.0,0.0014873335,4.4082156723,3.5831985854,24230,24232,4.0647793306,24230,4.1822075382,21937,PKNORLEN,0.9761000893,0
0.0566942336,,1013895,0.0199054143,0.0236533369,23982,20,retain,1,-0.1937272668,-0.6129617122,23979,23982,-0.3692449068,23979,-0.289396132,21689,14.212367609,1040.6822846547,15.0,901.0,xgboost,2017-09,0.9219248542,1013895,300.0,1950.0,0.001475498,4.4966927505,3.6578383326,23979,23982,4.1452517337,23979,4.2881224191,21689,PKNORLEN,0.9763466631,0
0.0695930052,,1013895,0.0232055588,0.0283865686,28781,20,retain,5,-0.1627713509,-0.5568363543,28776,28781,-0.314293073,28776,-0.1565409632,16753,13.8545220805,1014.2635874523,14.0,869.0,linear,2017-09,0.9054399124,1013895,250.0,1939.0,0.0017615236,4.1963149339,3.4075754601,28776,28781,3.8926395865,28776,3.9646582902,16753,PKNORLEN,0.9716134314,0
0.0684133959,,1013895,0.0232390928,0.0283490894,28743,20,retain,5,-0.1819109701,-0.5610959397,28737,28743,-0.3253054494,28737,-0.167201286,16606,13.9087777894,1003.7933178485,14.0,853.0,xgboost,2017-09,0.9065514674,1013895,250.0,1921.0,0.001796044,4.2376342519,3.4785452377,28737,28743,3.9500949738,28737,4.0479990042,16606,PKNORLEN,0.9716509106,0
0.1365003232,,1013265,0.0889076402,0.1077793075,109209,50,retain,0,-0.2650454229,-0.9890782331,109209,109209,-0.648463405,109209,-1.1404461848,109209,31.9579430267,1068.3441074151,33.0,939.0,linear,2017-09,0.766409577,1013265,344.0,1984.0,0.0081824597,4.617516186,3.1694590814,109209,109209,3.8506809133,109209,2.8667549475,109209,PKNORLEN,0.8922206925,0
0.1337053979,,1013265,0.0905044584,0.1093702042,110821,50,retain,0,-0.2685569023,-0.9756580896,110821,110821,-0.6385174273,110821,-1.122333119,110821,31.8609108382,1050.4786842534,33.0,913.0,xgboost,2017-09,0.7676461735,1013265,322.0,1958.0,0.0081439702,4.6474418303,3.2332516584,110821,110821,3.9075138982,110821,2.9399340194,110821,PKNORLEN,0.8906297958,0
0.1419332554,,1013265,0.0922068758,0.1125075869,114000,50,retain,1,-0.2588411926,-0.9562595913,114000,114000,-0.6239247757,114000,-1.0836944739,110713,31.5343508772,1053.9175467425,33.0,920.0,linear,2017-09,0.757398114,1013265,310.0,1969.0,0.0084617548,4.6207675901,3.2259405082,114000,114000,3.8905990059,114000,2.9574789768,110713,PKNORLEN,0.8874924131,0
0.1390228617,,1013265,0.0929559395,0.1131263786,114627,50,retain,1,-0.2644231472,-0.9529315477,114627,114627,-0.6240024132,114627,-1.0822139279,111313,31.6072827519,1039.1832116968,33.0,900.0,xgboost,2017-09,0.7596216192,1013265,300.0,1950.0,0.0083995796,4.6504822381,3.2734782495,114627,114627,3.9313171317,114627,3.0002021332,111313,PKNORLEN,0.8868736214,0
0.1567842568,,1013265,0.0991941891,0.1231198156,124753,50,retain,5,-0.2488938558,-0.9135368279,124753,124753,-0.5958020825,124753,-0.9629071685,107558,30.9954309716,1013.9518072765,32.0,869.0,linear,2017-09,0.7349044919,1013265,250.0,1939.0,0.0091170622,4.5957946741,3.2665141574,124753,124753,3.9019656466,124753,3.0874741237,107558,PKNORLEN,0.8768801844,0
0.154275535,,1013265,0.1001278047,0.123872827,125516,50,retain,5,-0.2532689793,-0.905250488,125516,125516,-0.59213843,125516,-0.9578782953,108224,31.034003633,1002.8404287131,32.0,852.0,xgboost,2017-09,0.7364766374,1013265,250.0,1921.0,0.0091200229,4.6166154547,3.3126644562,125516,125516,3.9388633041,125516,3.1296174241,108224,PKNORLEN,0.876127173,0
0.024472811,,1014105,0.0035706362,0.0040636818,4121,10,reset,0,-0.1199070544,-0.3307792799,4121,4121,-0.1474373669,4121,-0.0278194065,4121,8.0395535064,1069.0549933192,8.0,940.0,linear,2017-09,0.9717465154,1014105,345.0,1984.0,0.0002100374,4.1038381078,3.6820682232,4121,4121,4.0487429978,4121,4.2879880146,4121,PKNORLEN,0.9959363182,0
0.0239353913,,1014105,0.0036347321,0.0041208751,4179,10,reset,0,-0.1399530654,-0.3242468746,4179,4179,-0.1440151962,4179,-0.0337235365,4179,8.0090930845,1055.9779766395,8.0,920.0,xgboost,2017-09,0.9722198392,1014105,329.0,1965.0,0.0002100374,4.2753504888,3.9067573563,4179,4179,4.2671730596,4179,4.4877716162,4179,PKNORLEN,0.9958791249,0
0.0272545742,,1014105,0.0047194324,0.0053761691,5452,10,reset,1,-0.1002867056,-0.2064880105,5452,5452,-0.0433362298,5452,0.0601627104,4240,7.7676082172,1054.5572490028,8.0,921.0,linear,2017-09,0.9677587627,1014105,310.0,1969.0,0.0002672307,3.9350784713,3.7226620011,5452,5452,4.0489421939,5452,4.1667522804,4240,PKNORLEN,0.9946238309,0
0.0267713896,,1014105,0.0044630487,0.0051316185,5204,10,reset,1,-0.1324406342,-0.2462611487,5204,5204,-0.0734567678,5204,0.0253365088,4002,7.831283628,1043.3419004935,8.0,904.0,xgboost,2017-09,0.9684953728,1014105,300.0,1954.0,0.000270189,4.1198901678,3.8922564334,5204,5204,4.2378168302,5204,4.4102892888,4002,PKNORLEN,0.9948683815,0
0.0345999675,,1014105,0.005948102,0.0070091361,7108,10,reset,5,-0.095903358,-0.2425225687,7108,7108,-0.050788415,7108,0.0829428765,1123,7.7104670793,1014.4152706081,8.0,870.0,linear,2017-09,0.9590989099,1014105,250.0,1939.0,0.0003530206,3.6245354535,3.3313148475,7108,7108,3.7147617581,7108,3.2128201468,1123,PKNORLEN,0.9929908639,0
0.0342232806,,1014105,0.0058623121,0.0069223601,7020,10,reset,5,-0.1072412295,-0.2445799696,7020,7020,-0.054413164,7020,0.0602590859,1073,7.7337606838,1005.7626557408,8.0,856.0,xgboost,2017-09,0.9595623727,1014105,250.0,1925.0,0.0003520346,3.7442662716,3.4695915733,7020,7020,3.8498916037,7020,3.4529021916,1073,PKNORLEN,0.9930776399,0
0.0538162236,,1013895,0.0181498084,0.0213710493,21668,20,reset,0,-0.1848123649,-0.6477628679,21667,21668,-0.3977478185,21667,-0.3463924601,21668,14.500369208,1068.7861612889,15.0,939.0,linear,2017-09,0.9266906336,1013895,345.0,1984.0,0.0013433344,4.461385174,3.5353438596,21667,21668,4.0353615292,21667,4.138217878,21668,PKNORLEN,0.9786289507,0
0.0525439025,,1013895,0.0185561621,0.0217843071,22087,20,reset,0,-0.2016004938,-0.6485503087,22085,22087,-0.3946237039,22085,-0.3380704379,22087,14.4508987187,1052.5544765484,15.0,916.0,xgboost,2017-09,0.9275526558,1013895,325.0,1959.0,0.0013472796,4.5443453762,3.650181713,22085,22087,4.1580118273,22085,4.2714087614,22087,PKNORLEN,0.9782156929,0
0.0580316502,,1013895,0.0201125363,0.0238999107,24232,20,reset,1,-0.1719492538,-0.5843261534,24230,24232,-0.3435292963,24230,-0.2705140984,21937,14.1078738858,1054.3339408913,15.0,920.0,linear,2017-09,0.92036848,1013895,310.0,1969.0,0.0014873335,4.4082156723,3.5831985854,24230,24232,4.0647793306,24230,4.1822075382,21937,PKNORLEN,0.9761000893,0
0.0566942336,,1013895,0.0199054143,0.0236533369,23982,20,reset,1,-0.1937272668,-0.6129617122,23979,23982,-0.3692449068,23979,-0.289396132,21689,14.212367609,1040.6822846547,15.0,901.0,xgboost,2017-09,0.9219248542,1013895,300.0,1950.0,0.001475498,4.4966927505,3.6578383326,23979,23982,4.1452517337,23979,4.2881224191,21689,PKNORLEN,0.9763466631,0
0.0695930052,,1013895,0.0232055588,0.0283865686,28781,20,reset,5,-0.1627713509,-0.5568363543,28776,28781,-0.314293073,28776,-0.1565409632,16753,13.8545220805,1014.2635874523,14.0,869.0,linear,2017-09,0.9054399124,1013895,250.0,1939.0,0.0017615236,4.1963149339,3.4075754601,28776,28781,3.8926395865,28776,3.9646582902,16753,PKNORLEN,0.9716134314,0
0.0684133959,,1013895,0.0232390928,0.0283490894,28743,20,reset,5,-0.1819109701,-0.5610959397,28737,28743,-0.3253054494,28737,-0.167201286,16606,13.9087777894,1003.7933178485,14.0,853.0,xgboost,2017-09,0.9065514674,1013895,250.0,1921.0,0.001796044,4.2376342519,3.4785452377,28737,28743,3.9500949738,28737,4.0479990042,16606,PKNORLEN,0.9716509106,0
0.1365003232,,1013265,0.0889076402,0.1077793075,109209,50,reset,0,-0.2650454229,-0.9890782331,109209,109209,-0.648463405,109209,-1.1404461848,109209,31.9579430267,1068.3441074151,33.0,939.0,linear,2017-09,0.766409577,1013265,344.0,1984.0,0.0081824597,4.617516186,3.1694590814,109209,109209,3.8506809133,109209,2.8667549475,109209,PKNORLEN,0.8922206925,0
0.1337053979,,1013265,0.0905044584,0.1093702042,110821,50,reset,0,-0.2685569023,-0.9756580896,110821,110821,-0.6385174273,110821,-1.122333119,110821,31.8609108382,1050.4786842534,33.0,913.0,xgboost,2017-09,0.7676461735,1013265,322.0,1958.0,0.0081439702,4.6474418303,3.2332516584,110821,110821,3.9075138982,110821,2.9399340194,110821,PKNORLEN,0.8906297958,0
0.1419332554,,1013265,0.0922068758,0.1125075869,114000,50,reset,1,-0.2588411926,-0.9562595913,114000,114000,-0.6239247757,114000,-1.0836944739,110713,31.5343508772,1053.9175467425,33.0,920.0,linear,2017-09,0.757398114,1013265,310.0,1969.0,0.0084617548,4.6207675901,3.2259405082,114000,114000,3.8905990059,114000,2.9574789768,110713,PKNORLEN,0.8874924131,0
0.1390228617,,1013265,0.0929559395,0.1131263786,114627,50,reset,1,-0.2644231472,-0.9529315477,114627,114627,-0.6240024132,114627,-1.0822139279,111313,31.6072827519,1039.1832116968,33.0,900.0,xgboost,2017-09,0.7596216192,1013265,300.0,1950.0,0.0083995796,4.6504822381,3.2734782495,114627,114627,3.9313171317,114627,3.0002021332,111313,PKNORLEN,0.8868736214,0
0.1567842568,,1013265,0.0991941891,0.1231198156,124753,50,reset,5,-0.2488938558,-0.9135368279,124753,124753,-0.5958020825,124753,-0.9629071685,107558,30.9954309716,1013.9518072765,32.0,869.0,linear,2017-09,0.7349044919,1013265,250.0,1939.0,0.0091170622,4.5957946741,3.2665141574,124753,124753,3.9019656466,124753,3.0874741237,107558,PKNORLEN,0.8768801844,0
0.154275535,,1013265,0.1001278047,0.123872827,125516,50,reset,5,-0.2532689793,-0.905250488,125516,125516,-0.59213843,125516,-0.9578782953,108224,31.034003633,1002.8404287131,32.0,852.0,xgboost,2017-09,0.7364766374,1013265,250.0,1921.0,0.0091200229,4.6166154547,3.3126644562,125516,125516,3.9388633041,125516,3.1296174241,108224,PKNORLEN,0.876127173,0
0.0353232718,,1041523,0.0049888481,0.0060459539,6297,10,retain,0,-0.0597636215,-0.0417115444,6297,6297,-0.0605971853,6297,0.01090177,6297,7.6777830713,875.5670465271,8.0,689.0,linear,2017-11,0.9593739169,1041523,250.0,1690.0,0.0003139633,6.124586748,6.160658924,6297,6297,6.1230687093,6297,6.2659800861,6297,PKNORLEN,0.9939540461,0
0.0346060529,,1041523,0.0050003697,0.0060315519,6282,10,retain,0,-0.0468201719,-0.0690111259,6282,6282,-0.0679497326,6282,0.0157206077,6282,7.6916587074,868.2535594509,8.0,679.0,xgboost,2017-11,0.9600901756,1041523,250.0,1682.0,0.0003034018,6.0493669136,6.0049938884,6282,6282,6.0072811251,6282,6.1745292381,6282,PKNORLEN,0.9939684481,0
0.0386395692,,1041523,0.006003708,0.0073402124,7645,10,retain,1,-0.031387478,-0.0020745135,7645,7645,-0.0053194911,7645,0.0431945054,6142,7.4813603663,862.4602356357,8.0,676.0,linear,2017-11,0.9550014738,1041523,250.0,1679.0,0.000355249,5.5500971123,5.6086703182,7645,7645,5.6023384242,7645,5.5738516545,6142,PKNORLEN,0.9926597876,0
0.0379837987,,1041523,0.0058529672,0.0071568271,7454,10,retain,1,-0.0216377136,-0.0363251026,7454,7454,-0.0312465233,7454,0.0382449276,5961,7.5234773276,856.2463565375,8.0,667.0,xgboost,2017-11,0.9558195066,1041523,250.0,1671.0,0.0003437274,5.5662493081,5.5368642944,7454,7454,5.5471673589,7454,5.5944024742,5961,PKNORLEN,0.9928431729,0
0.0466317114,,1041523,0.0072691626,0.0091174175,9496,10,retain,5,-0.0464260114,-0.0178403754,9496,9496,-0.0237682977,9496,0.1310408626,1874,7.4802021904,826.8389416268,8.0,635.0,linear,2017-11,0.9456709069,1041523,210.0,1648.0,0.0004282191,5.1957184474,5.252834738,9496,9496,5.2411045469,9496,4.4946412611,1874,PKNORLEN,0.9908825825,0
0.045961539,,1041523,0.0071904317,0.00899068,9364,10,retain,5,-0.0556290144,-0.0346578333,9364,9364,-0.0467794454,9364,0.1324198604,1838,7.4880392994,822.4605284761,8.0,626.0,xgboost,2017-11,0.9464294115,1041523,206.0,1643.0,0.0004186177,5.2009302265,5.242803129,9364,9364,5.2186854436,9364,4.429518877,1838,PKNORLEN,0.99100932,0
0.0713474239,,1041313,0.0207574476,0.0260402012,27116,20,retain,0,-0.1522023339,-0.3861349135,27116,27116,-0.2905448834,27116,-0.2187843603,27116,13.9993361853,876.722499383,15.0,690.0,linear,2017-11,0.9061771053,1041313,250.0,1691.0,0.0017180233,6.0802460073,5.6124266503,27116,27116,5.8036845833,27116,5.9471402188,27116,PKNORLEN,0.9739597988,0
0.0699367049,,1041313,0.0208621231,0.0261448767,27225,20,retain,0,-0.1545449668,-0.3815611,27225,27225,-0.2921086714,27225,-0.2191379839,27225,13.9889807163,867.5667181722,15.0,679.0,xgboost,2017-11,0.9074802677,1041313,250.0,1680.0,0.0017209043,6.121457249,5.667509459,27225,27225,5.8464801031,27225,5.9923549819,27225,PKNORLEN,0.9738551233,0
0.0760059655,,1041313,0.0226963459,0.0287252728,29912,20,retain,1,-0.1333667898,-0.3378858398,29912,29912,-0.2495874353,29912,-0.1621537535,27302,13.7085116341,863.5279651747,14.0,676.0,linear,2017-11,0.8994807517,1041313,250.0,1680.0,0.0018169369,5.8466145083,5.4376205659,29912,29912,5.6142841517,29912,5.7558169265,27302,PKNORLEN,0.9712747272,0
0.0745654765,,1041313,0.0224975584,0.0285130407,29691,20,retain,1,-0.1405975726,-0.3427662861,29691,29691,-0.2590141803,29691,-0.1730650639,27075,13.7589505237,855.9839587137,14.0,667.0,xgboost,2017-11,0.9011094647,1041313,250.0,1670.0,0.0018275005,5.9592365262,5.5549648371,29691,29691,5.7225368403,29691,5.876023717,27075,PKNORLEN,0.9714869593,0
0.0875673309,,1041313,0.0256791186,0.0333261949,34703,20,retain,5,-0.1369723247,-0.2913339381,34703,34703,-0.2328025326,34703,-0.0587864539,21051,13.512722243,827.8617168901,14.0,635.0,linear,2017-11,0.8847070958,1041313,210.0,1649.0,0.0020464548,5.5329555016,5.22427059,34703,34703,5.3413931302,34703,5.4981815523,21051,PKNORLEN,0.9666738051,0
0.0864139793,,1041313,0.0255715621,0.0331360504,34505,20,retain,5,-0.1393713547,-0.2997149102,34505,34505,-0.2366340443,34505,-0.0680008137,20851,13.5309955079,822.7782491912,14.0,628.0,xgboost,2017-11,0.885947837,1041313,209.0,1642.0,0.0020666217,5.6383921719,5.3177496772,34505,34505,5.4439697888,34505,5.5841092598,20851,PKNORLEN,0.9668639496,0
0.1651127192,,1040683,0.0873445612,0.1140366471,118676,50,retain,0,-0.2071480608,-0.6576993676,118676,118676,-0.5217182028,118676,-0.7374698787,118676,31.0306885975,878.1025057582,32.0,690.0,linear,2017-11,0.7394249738,1040683,250.0,1692.0,0.0081177457,6.4722913185,5.5712603774,118676,118676,5.8432326362,118676,5.4116960472,118676,PKNORLEN,0.8859633529,0
0.1630179411,,1040683,0.0896238336,0.1166349407,121380,50,retain,0,-0.1940104638,-0.63474306,121380,121380,-0.4992795185,121380,-0.6949699844,121380,30.9549925853,862.5688946586,32.0,675.0,xgboost,2017-11,0.7391722551,1040683,250.0,1675.0,0.0081859702,6.5882816094,5.7069191602,121380,121380,5.9778445325,121380,5.5864482057,121380,PKNORLEN,0.8833650593,0
0.1708599064,,1040683,0.0906231773,0.1190256783,123868,50,retain,1,-0.198736723,-0.6265264597,123868,123868,-0.4952616779,123868,-0.6946572818,120572,30.6311396002,864.7163516652,32.0,676.0,linear,2017-11,0.7301435692,1040683,250.0,1681.0,0.0083733471,6.4107787534,5.5552644736,123868,123868,5.8178046631,123868,5.3942802141,120572,PKNORLEN,0.8809743217,0
0.1683865308,,1040683,0.0922845862,0.1208715815,125789,50,retain,1,-0.1888170309,-0.6133504357,125789,125789,-0.4805214423,125789,-0.6627953867,122394,30.6938762531,851.8809330027,32.0,663.0,xgboost,2017-11,0.7308777024,1040683,250.0,1664.0,0.0084511806,6.5485076329,5.6995352311,125789,125789,5.9651960094,125789,5.5794903311,122394,PKNORLEN,0.8791284185,0
0.1849035681,,1040683,0.0974802125,0.1298330039,135115,50,retain,5,-0.1919763008,-0.5819202381,135115,135115,-0.4602155315,135115,-0.6104528252,117545,30.1663471857,828.9430008946,31.0,635.0,linear,2017-11,0.7086259697,1040683,211.0,1650.0,0.0089902497,6.3103964941,5.5305577254,135115,135115,5.7739850795,135115,5.3401293251,117545,PKNORLEN,0.8701669961,0
0.1827319174,,1040683,0.0991089506,0.1316750634,137032,50,retain,5,-0.1848072322,-0.5757134716,137032,137032,-0.4480812617,137032,-0.5848058539,119161,30.2091920135,819.5706194874,31.0,625.0,xgboost,2017-11,0.7090670262,1040683,208.0,1639.0,0.0090921059,6.4087707375,5.6270331001,137032,137032,5.8823083253,137032,5.4879350578,119161,PKNORLEN,0.8683249366,0
0.0353232718,,1041523,0.0049888481,0.0060459539,6297,10,reset,0,-0.0597636215,-0.0417115444,6297,6297,-0.0605971853,6297,0.01090177,6297,7.6777830713,875.5670465271,8.0,689.0,linear,2017-11,0.9593739169,1041523,250.0,1690.0,0.0003139633,6.124586748,6.160658924,6297,6297,6.1230687093,6297,6.2659800861,6297,PKNORLEN,0.9939540461,0
0.0346060529,,1041523,0.0050003697,0.0060315519,6282,10,reset,0,-0.0468201719,-0.0690111259,6282,6282,-0.0679497326,6282,0.0157206077,6282,7.6916587074,868.2535594509,8.0,679.0,xgboost,2017-11,0.9600901756,1041523,250.0,1682.0,0.0003034018,6.0493669136,6.0049938884,6282,6282,6.0072811251,6282,6.1745292381,6282,PKNORLEN,0.9939684481,0
0.0386395692,,1041523,0.006003708,0.0073402124,7645,10,reset,1,-0.031387478,-0.0020745135,7645,7645,-0.0053194911,7645,0.0431945054,6142,7.4813603663,862.4602356357,8.0,676.0,linear,2017-11,0.9550014738,1041523,250.0,1679.0,0.000355249,5.5500971123,5.6086703182,7645,7645,5.6023384242,7645,5.5738516545,6142,PKNORLEN,0.9926597876,0
0.0379837987,,1041523,0.0058529672,0.0071568271,7454,10,reset,1,-0.0216377136,-0.0363251026,7454,7454,-0.0312465233,7454,0.0382449276,5961,7.5234773276,856.2463565375,8.0,667.0,xgboost,2017-11,0.9558195066,1041523,250.0,1671.0,0.0003437274,5.5662493081,5.5368642944,7454,7454,5.5471673589,7454,5.5944024742,5961,PKNORLEN,0.9928431729,0
0.0466317114,,1041523,0.0072691626,0.0091174175,9496,10,reset,5,-0.0464260114,-0.0178403754,9496,9496,-0.0237682977,9496,0.1310408626,1874,7.4802021904,826.8389416268,8.0,635.0,linear,2017-11,0.9456709069,1041523,210.0,1648.0,0.0004282191,5.1957184474,5.252834738,9496,9496,5.2411045469,9496,4.4946412611,1874,PKNORLEN,0.9908825825,0
0.045961539,,1041523,0.0071904317,0.00899068,9364,10,reset,5,-0.0556290144,-0.0346578333,9364,9364,-0.0467794454,9364,0.1324198604,1838,7.4880392994,822.4605284761,8.0,626.0,xgboost,2017-11,0.9464294115,1041523,206.0,1643.0,0.0004186177,5.2009302265,5.242803129,9364,9364,5.2186854436,9364,4.429518877,1838,PKNORLEN,0.99100932,0
0.0713474239,,1041313,0.0207574476,0.0260402012,27116,20,reset,0,-0.1522023339,-0.3861349135,27116,27116,-0.2905448834,27116,-0.2187843603,27116,13.9993361853,876.722499383,15.0,690.0,linear,2017-11,0.9061771053,1041313,250.0,1691.0,0.0017180233,6.0802460073,5.6124266503,27116,27116,5.8036845833,27116,5.9471402188,27116,PKNORLEN,0.9739597988,0
0.0699367049,,1041313,0.0208621231,0.0261448767,27225,20,reset,0,-0.1545449668,-0.3815611,27225,27225,-0.2921086714,27225,-0.2191379839,27225,13.9889807163,867.5667181722,15.0,679.0,xgboost,2017-11,0.9074802677,1041313,250.0,1680.0,0.0017209043,6.121457249,5.667509459,27225,27225,5.8464801031,27225,5.9923549819,27225,PKNORLEN,0.9738551233,0
0.0760059655,,1041313,0.0226963459,0.0287252728,29912,20,reset,1,-0.1333667898,-0.3378858398,29912,29912,-0.2495874353,29912,-0.1621537535,27302,13.7085116341,863.5279651747,14.0,676.0,linear,2017-11,0.8994807517,1041313,250.0,1680.0,0.0018169369,5.8466145083,5.4376205659,29912,29912,5.6142841517,29912,5.7558169265,27302,PKNORLEN,0.9712747272,0
0.0745654765,,1041313,0.0224975584,0.0285130407,29691,20,reset,1,-0.1405975726,-0.3427662861,29691,29691,-0.2590141803,29691,-0.1730650639,27075,13.7589505237,855.9839587137,14.0,667.0,xgboost,2017-11,0.9011094647,1041313,250.0,1670.0,0.0018275005,5.9592365262,5.5549648371,29691,29691,5.7225368403,29691,5.876023717,27075,PKNORLEN,0.9714869593,0
0.0875673309,,1041313,0.0256791186,0.0333261949,34703,20,reset,5,-0.1369723247,-0.2913339381,34703,34703,-0.2328025326,34703,-0.0587864539,21051,13.512722243,827.8617168901,14.0,635.0,linear,2017-11,0.8847070958,1041313,210.0,1649.0,0.0020464548,5.5329555016,5.22427059,34703,34703,5.3413931302,34703,5.4981815523,21051,PKNORLEN,0.9666738051,0
0.0864139793,,1041313,0.0255715621,0.0331360504,34505,20,reset,5,-0.1393713547,-0.2997149102,34505,34505,-0.2366340443,34505,-0.0680008137,20851,13.5309955079,822.7782491912,14.0,628.0,xgboost,2017-11,0.885947837,1041313,209.0,1642.0,0.0020666217,5.6383921719,5.3177496772,34505,34505,5.4439697888,34505,5.5841092598,20851,PKNORLEN,0.9668639496,0
0.1651127192,,1040683,0.0873445612,0.1140366471,118676,50,reset,0,-0.2071480608,-0.6576993676,118676,118676,-0.5217182028,118676,-0.7374698787,118676,31.0306885975,878.1025057582,32.0,690.0,linear,2017-11,0.7394249738,1040683,250.0,1692.0,0.0081177457,6.4722913185,5.5712603774,118676,118676,5.8432326362,118676,5.4116960472,118676,PKNORLEN,0.8859633529,0
0.1630179411,,1040683,0.0896238336,0.1166349407,121380,50,reset,0,-0.1940104638,-0.63474306,121380,121380,-0.4992795185,121380,-0.6949699844,121380,30.9549925853,862.5688946586,32.0,675.0,xgboost,2017-11,0.7391722551,1040683,250.0,1675.0,0.0081859702,6.5882816094,5.7069191602,121380,121380,5.9778445325,121380,5.5864482057,121380,PKNORLEN,0.8833650593,0
0.1708599064,,1040683,0.0906231773,0.1190256783,123868,50,reset,1,-0.198736723,-0.6265264597,123868,123868,-0.4952616779,123868,-0.6946572818,120572,30.6311396002,864.7163516652,32.0,676.0,linear,2017-11,0.7301435692,1040683,250.0,1681.0,0.0083733471,6.4107787534,5.5552644736,123868,123868,5.8178046631,123868,5.3942802141,120572,PKNORLEN,0.8809743217,0
0.1683865308,,1040683,0.0922845862,0.1208715815,125789,50,reset,1,-0.1888170309,-0.6133504357,125789,125789,-0.4805214423,125789,-0.6627953867,122394,30.6938762531,851.8809330027,32.0,663.0,xgboost,2017-11,0.7308777024,1040683,250.0,1664.0,0.0084511806,6.5485076329,5.6995352311,125789,125789,5.9651960094,125789,5.5794903311,122394,PKNORLEN,0.8791284185,0
0.1849035681,,1040683,0.0974802125,0.1298330039,135115,50,reset,5,-0.1919763008,-0.5819202381,135115,135115,-0.4602155315,135115,-0.6104528252,117545,30.1663471857,828.9430008946,31.0,635.0,linear,2017-11,0.7086259697,1040683,211.0,1650.0,0.0089902497,6.3103964941,5.5305577254,135115,135115,5.7739850795,135115,5.3401293251,117545,PKNORLEN,0.8701669961,0
0.1827319174,,1040683,0.0991089506,0.1316750634,137032,50,reset,5,-0.1848072322,-0.5757134716,137032,137032,-0.4480812617,137032,-0.5848058539,119161,30.2091920135,819.5706194874,31.0,625.0,xgboost,2017-11,0.7090670262,1040683,208.0,1639.0,0.0090921059,6.4087707375,5.6270331001,137032,137032,5.8823083253,137032,5.4879350578,119161,PKNORLEN,0.8683249366,0
0.0355930444,,953529,0.002230661,0.0030759421,2933,10,retain,0,-0.0056497968,-0.205916082,2912,2933,-0.0595290822,2927,0.0523618195,2933,7.8363450392,2613.7040048074,8.0,1837.0,linear,2017-04,0.9618606251,953529,583.0,5016.0,0.0003156695,5.2862704615,4.8993124445,2912,2933,5.1831352585,2927,5.402302366,2933,PKOBP,0.9969240579,0
0.0350204346,,953529,0.0021194951,0.0029249242,2789,10,retain,0,0.0060845264,-0.2071413635,2768,2789,-0.0646351651,2783,0.0354882269,2789,7.8705629258,2586.7762029262,8.0,1806.0,xgboost,2017-04,0.9625475471,953529,567.0,4991.0,0.0003125233,5.3473900806,4.9355061513,2768,2789,5.2108875418,2783,5.4061817529,2789,PKOBP,0.9970750758,0
0.0373328971,,953529,0.0026291807,0.0036454056,3476,10,retain,1,0.0434080812,-0.1497424472,3454,3476,0.0065990159,3469,0.1151279372,2721,7.6783659379,2589.2447497664,8.0,1814.0,linear,2017-04,0.9596876445,953529,548.0,5000.0,0.0003502778,5.2563826216,4.8804745488,3454,3476,5.1861604995,3469,5.2686200297,2721,PKOBP,0.9963545944,0
0.0366470238,,953529,0.0024152386,0.0033937091,3236,10,retain,1,0.0754526132,-0.1426675684,3215,3236,0.0148110998,3229,0.1135079418,2515,7.7330037083,2564.7845739353,8.0,1788.0,xgboost,2017-04,0.9605885086,953529,532.0,4965.0,0.000349229,5.2770231789,4.8509755512,3215,3236,5.1592815035,3229,5.2303903356,2515,PKOBP,0.9966062909,0
0.041695638,,953529,0.0032835918,0.0046154863,4401,10,retain,5,0.0607654674,-0.1628361743,4375,4397,0.035459092,4388,0.2914946515,874,7.5344239945,2518.4724345038,8.0,1748.0,linear,2017-04,0.9546159582,953529,498.0,4936.0,0.000404812,5.0009895617,4.5605572957,4375,4397,4.95342205,4388,4.8405399888,874,PKOBP,0.9953845137,0
0.0413904559,,953529,0.0030811858,0.004409934,4205,10,retain,5,0.0693376304,-0.1705578701,4181,4203,0.0139236444,4194,0.2935228456,793,7.5816884661,2497.9027297544,8.0,1721.0,xgboost,2017-04,0.9551193514,953529,490.0,4903.0,0.000409007,4.9374101449,4.46427564,4181,4203,4.8295832342,4194,4.7217538774,793,PKOBP,0.995590066,0
0.0663548973,,946426,0.0100937633,0.0141194346,13363,20,retain,0,-0.1290059114,-0.4788412318,13312,13362,-0.3195528321,13347,-0.2739882023,13363,14.173239542,2611.5716495532,15.0,1836.0,linear,2017-04,0.9221946565,946426,583.0,5009.0,0.0013566829,5.2043174058,4.506165366,13312,13362,4.825922223,13347,4.9148115226,13363,PKOBP,0.9858805654,0
0.065936481,,946426,0.0100483292,0.0140063777,13256,20,retain,0,-0.1295826232,-0.474932379,13207,13255,-0.3185270837,13241,-0.2710634591,13256,14.265992758,2580.7549179756,15.0,1801.0,xgboost,2017-04,0.9226468842,946426,558.0,4975.0,0.0013683056,5.3705835922,4.6820956403,13207,13255,4.9956357127,13241,5.0880700896,13256,PKOBP,0.9859936223,0
0.0685558089,,946426,0.0108513502,0.0152595132,14442,20,retain,1,-0.1039537424,-0.4370322481,14381,14440,-0.2778221995,14421,-0.2253202743,13130,13.9374740341,2587.0234323656,15.0,1811.0,linear,2017-04,0.9191970635,946426,548.0,5000.0,0.0013957774,5.1691501717,4.5055675876,14381,14440,4.8252498344,14421,4.9028582842,13130,PKOBP,0.9847404868,0
0.068037015,,946426,0.0106717271,0.0150302295,14225,20,retain,1,-0.1083074561,-0.4436433157,14166,14223,-0.2854960415,14205,-0.2271568602,12906,14.064745167,2559.1658418091,15.0,1780.0,xgboost,2017-04,0.9198701219,946426,525.0,4956.0,0.0014211359,5.3241881053,4.6568692159,14166,14223,4.9739629392,14205,5.0626511624,12906,PKOBP,0.9849697705,0
0.0745119006,,946426,0.0123760336,0.0176104629,16667,20,retain,5,-0.0886283966,-0.3978083686,16570,16663,-0.235932367,16627,-0.10315676,9891,13.6485270295,2516.1832747621,14.0,1746.0,linear,2017-04,0.9116380995,946426,498.0,4931.0,0.0014739663,4.9835759694,4.3711699134,16570,16663,4.6967894795,16627,4.822228679,9891,PKOBP,0.9823895371,0
0.0744601268,,946426,0.0121499198,0.017363217,16433,20,retain,5,-0.0893698856,-0.3981174006,16337,16429,-0.2375367408,16393,-0.1137818553,9664,13.7352278951,2492.8562412698,14.0,1717.0,xgboost,2017-04,0.9119043644,946426,488.0,4900.0,0.0014855889,5.074569348,4.4646050484,16337,16429,4.7865502967,16393,4.8723002345,9664,PKOBP,0.982636783,0
0.1445607899,,927506,0.0486616798,0.0680027946,63073,50,retain,0,-0.2155582985,-0.5766366373,63013,63072,-0.455616508,63062,-0.6566041455,63073,31.7214497487,2604.8895608222,33.0,1830.0,linear,2017-04,0.8006363301,927506,582.0,5001.0,0.0061412002,5.8742142046,5.1517256105,63013,63072,5.3935529358,63062,4.9920900329,63073,PKOBP,0.9319972054,0
0.1455268214,,927506,0.0485883649,0.0682486151,63301,50,retain,0,-0.213782432,-0.5462443783,63244,63300,-0.4412759698,63293,-0.6290432331,63301,31.8245999273,2573.4245287901,33.0,1799.0,xgboost,2017-04,0.7996012964,927506,551.0,4973.0,0.0062835173,5.9651073464,5.3001761324,63244,63300,5.5096891647,63293,5.1345583107,63301,PKOBP,0.9317513849,0
0.1474330085,,927506,0.05000938,0.0701375517,65053,50,retain,1,-0.2067696333,-0.5611312553,64983,65051,-0.4405596573,65037,-0.6392828353,63158,31.4173366332,2580.4236112758,33.0,1806.0,linear,2017-04,0.7963247677,927506,546.0,4989.0,0.0062328438,5.8450601368,5.1362617433,64983,65051,5.3767466389,65037,4.9507270619,63158,PKOBP,0.9298624483,0
0.1481133276,,927506,0.0498153112,0.0702054758,65116,50,retain,1,-0.2065351923,-0.5339481612,65049,65114,-0.4285862453,65102,-0.6148563112,63187,31.5650224215,2552.0005369238,33.0,1774.0,xgboost,2017-04,0.7956864969,927506,521.0,4955.0,0.0063848644,5.9374329769,5.2827320473,65049,65114,5.492725698,65102,5.0927390062,63187,PKOBP,0.9297945242,0
0.1554933337,,927506,0.0534109752,0.0753677065,69904,50,retain,5,-0.1974068518,-0.535162386,69800,69902,-0.4202390334,69874,-0.5904389839,60085,30.9154268711,2509.7568899824,32.0,1741.0,linear,2017-04,0.7846310428,927506,497.0,4924.0,0.0064646482,5.7463328656,5.0714849482,69800,69902,5.2994880862,69874,4.8208630168,60085,PKOBP,0.9246322935,0
0.1563245952,,927506,0.0532578765,0.0754776789,70006,50,retain,5,-0.197035106,-0.5115283859,69904,70000,-0.4075451109,69978,-0.5682210028,60090,31.0430820215,2485.6305328483,32.0,1712.0,xgboost,2017-04,0.7838482986,927506,483.0,4898.0,0.0065692297,5.8428649686,5.2147807357,69904,70000,5.4208890217,69978,4.9621832566,60090,PKOBP,0.9245223211,0
0.0355930444,,953529,0.002230661,0.0030759421,2933,10,reset,0,-0.0056497968,-0.205916082,2912,2933,-0.0595290822,2927,0.0523618195,2933,7.8363450392,2613.7040048074,8.0,1837.0,linear,2017-04,0.9618606251,953529,583.0,5016.0,0.0003156695,5.2862704615,4.8993124445,2912,2933,5.1831352585,2927,5.402302366,2933,PKOBP,0.9969240579,0
0.0350204346,,953529,0.0021194951,0.0029249242,2789,10,reset,0,0.0060845264,-0.2071413635,2768,2789,-0.0646351651,2783,0.0354882269,2789,7.8705629258,2586.7762029262,8.0,1806.0,xgboost,2017-04,0.9625475471,953529,567.0,4991.0,0.0003125233,5.3473900806,4.9355061513,2768,2789,5.2108875418,2783,5.4061817529,2789,PKOBP,0.9970750758,0
0.0373328971,,953529,0.0026291807,0.0036454056,3476,10,reset,1,0.0434080812,-0.1497424472,3454,3476,0.0065990159,3469,0.1151279372,2721,7.6783659379,2589.2447497664,8.0,1814.0,linear,2017-04,0.9596876445,953529,548.0,5000.0,0.0003502778,5.2563826216,4.8804745488,3454,3476,5.1861604995,3469,5.2686200297,2721,PKOBP,0.9963545944,0
0.0366470238,,953529,0.0024152386,0.0033937091,3236,10,reset,1,0.0754526132,-0.1426675684,3215,3236,0.0148110998,3229,0.1135079418,2515,7.7330037083,2564.7845739353,8.0,1788.0,xgboost,2017-04,0.9605885086,953529,532.0,4965.0,0.000349229,5.2770231789,4.8509755512,3215,3236,5.1592815035,3229,5.2303903356,2515,PKOBP,0.9966062909,0
0.041695638,,953529,0.0032835918,0.0046154863,4401,10,reset,5,0.0607654674,-0.1628361743,4375,4397,0.035459092,4388,0.2914946515,874,7.5344239945,2518.4724345038,8.0,1748.0,linear,2017-04,0.9546159582,953529,498.0,4936.0,0.000404812,5.0009895617,4.5605572957,4375,4397,4.95342205,4388,4.8405399888,874,PKOBP,0.9953845137,0
0.0413904559,,953529,0.0030811858,0.004409934,4205,10,reset,5,0.0693376304,-0.1705578701,4181,4203,0.0139236444,4194,0.2935228456,793,7.5816884661,2497.9027297544,8.0,1721.0,xgboost,2017-04,0.9551193514,953529,490.0,4903.0,0.000409007,4.9374101449,4.46427564,4181,4203,4.8295832342,4194,4.7217538774,793,PKOBP,0.995590066,0
0.0663548973,,946426,0.0100937633,0.0141194346,13363,20,reset,0,-0.1290059114,-0.4788412318,13312,13362,-0.3195528321,13347,-0.2739882023,13363,14.173239542,2611.5716495532,15.0,1836.0,linear,2017-04,0.9221946565,946426,583.0,5009.0,0.0013566829,5.2043174058,4.506165366,13312,13362,4.825922223,13347,4.9148115226,13363,PKOBP,0.9858805654,0
0.065936481,,946426,0.0100483292,0.0140063777,13256,20,reset,0,-0.1295826232,-0.474932379,13207,13255,-0.3185270837,13241,-0.2710634591,13256,14.265992758,2580.7549179756,15.0,1801.0,xgboost,2017-04,0.9226468842,946426,558.0,4975.0,0.0013683056,5.3705835922,4.6820956403,13207,13255,4.9956357127,13241,5.0880700896,13256,PKOBP,0.9859936223,0
0.0685558089,,946426,0.0108513502,0.0152595132,14442,20,reset,1,-0.1039537424,-0.4370322481,14381,14440,-0.2778221995,14421,-0.2253202743,13130,13.9374740341,2587.0234323656,15.0,1811.0,linear,2017-04,0.9191970635,946426,548.0,5000.0,0.0013957774,5.1691501717,4.5055675876,14381,14440,4.8252498344,14421,4.9028582842,13130,PKOBP,0.9847404868,0
0.068037015,,946426,0.0106717271,0.0150302295,14225,20,reset,1,-0.1083074561,-0.4436433157,14166,14223,-0.2854960415,14205,-0.2271568602,12906,14.064745167,2559.1658418091,15.0,1780.0,xgboost,2017-04,0.9198701219,946426,525.0,4956.0,0.0014211359,5.3241881053,4.6568692159,14166,14223,4.9739629392,14205,5.0626511624,12906,PKOBP,0.9849697705,0
0.0745119006,,946426,0.0123760336,0.0176104629,16667,20,reset,5,-0.0886283966,-0.3978083686,16570,16663,-0.235932367,16627,-0.10315676,9891,13.6485270295,2516.1832747621,14.0,1746.0,linear,2017-04,0.9116380995,946426,498.0,4931.0,0.0014739663,4.9835759694,4.3711699134,16570,16663,4.6967894795,16627,4.822228679,9891,PKOBP,0.9823895371,0
0.0744601268,,946426,0.0121499198,0.017363217,16433,20,reset,5,-0.0893698856,-0.3981174006,16337,16429,-0.2375367408,16393,-0.1137818553,9664,13.7352278951,2492.8562412698,14.0,1717.0,xgboost,2017-04,0.9119043644,946426,488.0,4900.0,0.0014855889,5.074569348,4.4646050484,16337,16429,4.7865502967,16393,4.8723002345,9664,PKOBP,0.982636783,0
0.1445607899,,927506,0.0486616798,0.0680027946,63073,50,reset,0,-0.2155582985,-0.5766366373,63013,63072,-0.455616508,63062,-0.6566041455,63073,31.7214497487,2604.8895608222,33.0,1830.0,linear,2017-04,0.8006363301,927506,582.0,5001.0,0.0061412002,5.8742142046,5.1517256105,63013,63072,5.3935529358,63062,4.9920900329,63073,PKOBP,0.9319972054,0
0.1455268214,,927506,0.0485883649,0.0682486151,63301,50,reset,0,-0.213782432,-0.5462443783,63244,63300,-0.4412759698,63293,-0.6290432331,63301,31.8245999273,2573.4245287901,33.0,1799.0,xgboost,2017-04,0.7996012964,927506,551.0,4973.0,0.0062835173,5.9651073464,5.3001761324,63244,63300,5.5096891647,63293,5.1345583107,63301,PKOBP,0.9317513849,0
0.1474330085,,927506,0.05000938,0.0701375517,65053,50,reset,1,-0.2067696333,-0.5611312553,64983,65051,-0.4405596573,65037,-0.6392828353,63158,31.4173366332,2580.4236112758,33.0,1806.0,linear,2017-04,0.7963247677,927506,546.0,4989.0,0.0062328438,5.8450601368,5.1362617433,64983,65051,5.3767466389,65037,4.9507270619,63158,PKOBP,0.9298624483,0
0.1481133276,,927506,0.0498153112,0.0702054758,65116,50,reset,1,-0.2065351923,-0.5339481612,65049,65114,-0.4285862453,65102,-0.6148563112,63187,31.5650224215,2552.0005369238,33.0,1774.0,xgboost,2017-04,0.7956864969,927506,521.0,4955.0,0.0063848644,5.9374329769,5.2827320473,65049,65114,5.492725698,65102,5.0927390062,63187,PKOBP,0.9297945242,0
0.1554933337,,927506,0.0534109752,0.0753677065,69904,50,reset,5,-0.1974068518,-0.535162386,69800,69902,-0.4202390334,69874,-0.5904389839,60085,30.9154268711,2509.7568899824,32.0,1741.0,linear,2017-04,0.7846310428,927506,497.0,4924.0,0.0064646482,5.7463328656,5.0714849482,69800,69902,5.2994880862,69874,4.8208630168,60085,PKOBP,0.9246322935,0
0.1563245952,,927506,0.0532578765,0.0754776789,70006,50,reset,5,-0.197035106,-0.5115283859,69904,70000,-0.4075451109,69978,-0.5682210028,60090,31.0430820215,2485.6305328483,32.0,1712.0,xgboost,2017-04,0.7838482986,927506,483.0,4898.0,0.0065692297,5.8428649686,5.2147807357,69904,70000,5.4208890217,69978,4.9621832566,60090,PKOBP,0.9245223211,0
0.0637975449,,1064414,0.0032290068,0.0053531802,5698,10,retain,0,0.1462895843,0.010223978,5675,5697,0.1365633134,5680,0.1659673285,5698,7.5384345384,2195.5346340803,8.0,1670.0,linear,2017-06,0.9323571467,1064414,504.0,4335.0,0.0006163016,6.2266397254,5.961959498,5675,5697,6.21032682,5680,6.266508199,5698,PKOBP,0.9946468198,0
0.0924424143,7.0,1064414,0.0078512684,0.0134374407,14303,10,retain,0,0.1427865274,-0.0252235463,14252,14301,0.0909775132,14272,0.0627769003,14303,7.3135006642,1467.8737558882,8.0,964.0,xgboost,2017-06,0.8986691269,1064414,215.0,3291.0,0.0010371904,6.0672609248,5.7435611898,14252,14301,5.9706974972,14272,5.9070669439,14303,PKOBP,0.9865625593,0
0.062967041,,1064414,0.0033144998,0.0054057914,5754,10,retain,0,0.1114746104,-0.0012837281,5720,5753,0.1314751718,5727,0.1329657165,5754,7.5331942996,2171.755646769,8.0,1647.0,xgboost,2017-06,0.9331002787,1064414,500.0,4311.0,0.0006181805,6.4984806229,6.296209754,5720,5753,6.555457635,5727,6.541900087,5754,PKOBP,0.9945942086,0
0.0674061033,,1064414,0.0038922825,0.0065021693,6921,10,retain,1,0.1771745773,0.0293381258,6891,6919,0.1678376383,6898,0.2021730559,5631,7.3237971391,2167.4902556712,8.0,1648.0,linear,2017-06,0.9280327016,1064414,500.0,4318.0,0.0006689127,5.9672417527,5.6791246623,6891,6919,5.951975468,6898,5.8983116539,5631,PKOBP,0.9934978307,0
0.0920816524,7.0,1064414,0.0077620174,0.0132298147,14082,10,retain,1,0.1209041365,-0.0423831621,14025,14078,0.0667791982,14043,0.0238197151,11550,7.3074137196,1467.7787665326,8.0,964.0,xgboost,2017-06,0.8991003501,1064414,215.0,3288.0,0.0010559801,6.0424635799,5.7283385122,14025,14078,5.9417110854,14043,5.7778731098,11550,PKOBP,0.9867701853,0
0.0663566996,,1064414,0.0038960405,0.0064176157,6831,10,retain,1,0.1463998923,0.0125224049,6790,6829,0.14034387,6797,0.1704356567,5553,7.3368467282,2145.9209659024,8.0,1619.0,xgboost,2017-06,0.9290745894,1064414,489.0,4290.0,0.0006726706,6.2807858422,6.0344464382,6790,6829,6.2850936997,6797,6.2064792221,5553,PKOBP,0.9935823843,0
0.0758323359,,1064414,0.0046175642,0.008110566,8633,10,retain,5,0.1292367404,-0.0369828559,8590,8626,0.0604853628,8593,0.1198235184,2033,7.3126375536,2095.489970068,8.0,1569.0,linear,2017-06,0.9187909967,1064414,417.0,4254.0,0.0007591031,5.2170470278,4.8908527668,8590,8626,5.0850038937,8593,4.541020369,2033,PKOBP,0.991889434,0
0.0922347883,7.0,1064414,0.0077075273,0.0131584139,14006,10,retain,5,0.13687999,-0.0085888227,13935,13992,0.0817261072,13951,0.0274222535,3326,7.2969441668,1466.7705620182,8.0,963.0,xgboost,2017-06,0.8989707012,1064414,215.0,3287.0,0.0010869831,5.9432209237,5.664820225,13935,13992,5.8418523072,13951,5.5248631229,3326,PKOBP,0.9868415861,0
0.0753128012,,1064414,0.0046805097,0.0082176672,8747,10,retain,5,0.1215251137,-0.0226974757,8700,8740,0.0782866383,8704,0.1102518536,2039,7.3151937807,2076.489296458,8.0,1547.0,xgboost,2017-06,0.9192269173,1064414,407.0,4231.0,0.0007797718,5.4266227545,5.1518666509,8700,8740,5.3530418729,8704,4.8213411799,2039,PKOBP,0.9917823328,0
0.1071132463,,1056564,0.0127498192,0.020421858,21577,20,retain,0,0.0571613076,-0.2234412849,21535,21574,-0.0888989946,21555,-0.086813441,21577,13.6311350049,2195.2404549086,14.0,1670.0,linear,2017-06,0.878019694,1056564,503.0,4337.0,0.0021172404,6.7943855278,6.2352587008,21535,21574,6.5037138361,21555,6.5063077299,21577,PKOBP,0.979578142,0
0.1455179241,7.0,1056564,0.0235281535,0.040674299,42975,20,retain,0,0.0662486152,-0.1055495247,42885,42968,0.002339762,42934,-0.0246138852,42975,12.9733333333,1549.5963841282,13.0,1040.0,xgboost,2017-06,0.8277662309,1056564,239.0,3462.0,0.0031876914,6.1970202345,5.8580564756,42885,42968,6.069912354,42934,6.0153596203,42975,PKOBP,0.959325701,0
0.106792395,,1056564,0.0130479554,0.0207692104,21944,20,retain,0,0.0430735313,-0.2146864561,21902,21941,-0.0784069664,21923,-0.0793232804,21944,13.6309241706,2169.2551705339,14.0,1644.0,xgboost,2017-06,0.8779856213,1056564,500.0,4311.0,0.0021740283,7.006113774,6.493780138,21902,21941,6.7656047837,21923,6.7611351603,21944,PKOBP,0.9792307896,0
0.1116628997,,1056564,0.0138439318,0.0225637065,23840,20,retain,1,0.0748453832,-0.1895486866,23788,23835,-0.0555937924,23810,-0.0637941699,21933,13.3018036913,2167.1984082365,14.0,1646.0,linear,2017-06,0.8722897998,1056564,500.0,4320.0,0.0022033687,6.6112452268,6.0848381358,23788,23835,6.3521895864,23810,6.2904091485,21933,PKOBP,0.9774362935,0
0.145943833,7.0,1056564,0.0236918918,0.0409222726,43237,20,retain,1,0.0819933158,-0.0963920835,43125,43224,0.0128814396,43178,-0.0253273973,40214,12.9542984018,1545.4702526302,13.0,1032.0,xgboost,2017-06,0.8271604938,1056564,235.0,3458.0,0.0032037813,6.2597780914,5.9088854854,43125,43224,6.1228028851,43178,5.9660856863,40214,PKOBP,0.9590777274,0
0.1108565122,,1056564,0.0139925267,0.0226536206,23935,20,retain,1,0.0567244847,-0.194140537,23884,23929,-0.0633099385,23906,-0.0691206319,21998,13.3623981617,2143.7283108264,14.0,1617.0,xgboost,2017-06,0.872879447,1056564,486.0,4290.0,0.0022715141,6.8298026491,6.3316486622,23884,23929,6.5925421901,23906,6.5285358987,21998,PKOBP,0.9773463794,0
0.1228945904,,1056564,0.0154661715,0.0265388561,28040,20,retain,5,0.0369154885,-0.2005875643,27935,28019,-0.0832954063,27969,-0.0235895442,17770,13.1023894437,2094.8881014307,14.0,1568.0,linear,2017-06,0.8592607736,1056564,417.0,4254.0,0.0023784645,5.9597003515,5.4877852475,27935,28019,5.7224903185,27969,5.4268162604,17770,PKOBP,0.9734611439,0
0.1455112989,7.0,1056564,0.0239975998,0.0408957716,43209,20,retain,5,0.0876533948,-0.1160377277,43011,43181,0.009092343,43085,0.0228218493,28105,12.9554259529,1534.9968302914,13.0,1018.0,xgboost,2017-06,0.8272399968,1056564,229.0,3445.0,0.0032511045,6.3617823852,5.9664957882,43011,43181,6.2105441553,43085,5.8360844122,28105,PKOBP,0.9591042284,0
0.1221695988,,1056564,0.0157340208,0.0268881014,28409,20,retain,5,0.0217451211,-0.1995562648,28320,28394,-0.083013818,28351,-0.0185461303,18009,13.1154563695,2075.1526845511,14.0,1545.0,xgboost,2017-06,0.8596175906,1056564,407.0,4233.0,0.0024787897,6.1258044401,5.6856635785,28320,28394,5.9188626552,28351,5.6156041715,18009,PKOBP,0.9731118986,0
0.2050039037,,1034912,0.0544616354,0.0832177035,86123,50,retain,0,-0.1146734624,-0.4637966529,86056,86120,-0.3192661641,86102,-0.6417173123,86123,30.4990072338,2191.5926581197,31.0,1667.0,linear,2017-06,0.7328864676,1034912,500.0,4337.0,0.0076479933,7.9350267953,7.2375690295,86056,86120,7.52611313,86102,6.8810438087,86123,PKOBP,0.9167822965,0
0.2596037151,7.0,1034912,0.0833510482,0.131646942,136243,50,retain,0,-0.0664462927,-0.3148118141,136187,136239,-0.2119266814,136223,-0.4282345169,136243,28.6776494939,1521.3217732522,29.0,1000.0,xgboost,2017-06,0.646388292,1034912,246.0,3405.0,0.0106569447,8.2695757278,7.7725673079,136187,136239,7.9781202838,136223,7.5460131099,136243,PKOBP,0.868353058,0
0.2063025649,,1034912,0.0560453449,0.0851454037,88118,50,retain,0,-0.1263817111,-0.44027605,88048,88115,-0.3075379534,88096,-0.6136000667,88118,30.5294151025,2158.3613283062,31.0,1629.0,xgboost,2017-06,0.7300813982,1034912,500.0,4298.0,0.007570692,8.0720126691,7.445240094,88048,88115,7.7100501349,88096,7.0976860675,88118,PKOBP,0.9148545963,0
0.2102690857,,1034912,0.0563091355,0.0867986843,89829,50,retain,1,-0.1043665889,-0.4471866177,89744,89822,-0.3043682766,89798,-0.6111506951,87450,30.0435605428,2163.4457374154,31.0,1643.0,linear,2017-06,0.7255911614,1034912,500.0,4320.0,0.0078306175,7.8686873959,7.1840833477,89744,89822,7.4690890879,89798,6.8085646668,87450,PKOBP,0.9132013157,0
0.2593505535,7.0,1034912,0.0836757135,0.1320769302,136688,50,retain,1,-0.0639154709,-0.3152771689,136617,136681,-0.2128460159,136658,-0.4220668112,133458,28.6652156737,1517.9892531925,29.0,1000.0,xgboost,2017-06,0.6462230605,1034912,241.0,3400.0,0.0107506725,8.2860342042,7.7830894126,136617,136681,7.9876361035,136658,7.5263122743,133458,PKOBP,0.8679230698,0
0.2106372329,,1034912,0.0575749436,0.0880896153,91165,50,retain,1,-0.1186994216,-0.4319786781,91076,91158,-0.3001019658,91132,-0.5933757574,88743,30.1852245928,2133.5708794564,31.0,1603.0,xgboost,2017-06,0.7240325748,1034912,480.0,4278.0,0.0077552488,8.01727048,7.3917585835,91076,91158,7.65471372,91132,7.0223125787,88743,PKOBP,0.9119103847,0
0.2241852447,,1034912,0.0602263767,0.0949945503,98311,50,retain,5,-0.110390155,-0.4348629702,98147,98292,-0.3063082175,98236,-0.5522394108,85975,29.4665195146,2090.820805054,30.0,1564.0,linear,2017-06,0.7072900884,1034912,413.0,4254.0,0.0082982901,7.5745634151,6.9267237509,98147,98292,7.1826036627,98236,6.4385176838,85975,PKOBP,0.9050054497,0
0.2600800841,7.0,1034912,0.0843762561,0.1332808973,137934,50,retain,5,-0.0651220581,-0.3156300567,137794,137916,-0.2160600219,137861,-0.387446629,121838,28.617954964,1509.4155705992,29.0,1000.0,xgboost,2017-06,0.6445726786,1034912,233.0,3386.0,0.0109709811,8.2796304494,7.778704254,137794,137916,7.9772758345,137861,7.4206910043,121838,PKOBP,0.8667191027,0
0.2240441699,,1034912,0.0616593488,0.0965869562,99959,50,retain,5,-0.1191799757,-0.4185154234,99792,99940,-0.3002891756,99881,-0.5402439302,87332,29.5468141938,2066.002687185,30.0,1531.0,xgboost,2017-06,0.7060146177,1034912,403.0,4227.0,0.0082818636,7.7237675385,7.1262128269,99792,99940,7.3613489789,99881,6.6258935261,87332,PKOBP,0.9034130438,0
0.0637975449,,1064414,0.0032290068,0.0053531802,5698,10,reset,0,0.1462895843,0.010223978,5675,5697,0.1365633134,5680,0.1659673285,5698,7.5384345384,2195.5346340803,8.0,1670.0,linear,2017-06,0.9323571467,1064414,504.0,4335.0,0.0006163016,6.2266397254,5.961959498,5675,5697,6.21032682,5680,6.266508199,5698,PKOBP,0.9946468198,0
0.0924424143,7.0,1064414,0.0078512684,0.0134374407,14303,10,reset,0,0.1427865274,-0.0252235463,14252,14301,0.0909775132,14272,0.0627769003,14303,7.3135006642,1467.8737558882,8.0,964.0,xgboost,2017-06,0.8986691269,1064414,215.0,3291.0,0.0010371904,6.0672609248,5.7435611898,14252,14301,5.9706974972,14272,5.9070669439,14303,PKOBP,0.9865625593,0
0.062967041,,1064414,0.0033144998,0.0054057914,5754,10,reset,0,0.1114746104,-0.0012837281,5720,5753,0.1314751718,5727,0.1329657165,5754,7.5331942996,2171.755646769,8.0,1647.0,xgboost,2017-06,0.9331002787,1064414,500.0,4311.0,0.0006181805,6.4984806229,6.296209754,5720,5753,6.555457635,5727,6.541900087,5754,PKOBP,0.9945942086,0
0.0674061033,,1064414,0.0038922825,0.0065021693,6921,10,reset,1,0.1771745773,0.0293381258,6891,6919,0.1678376383,6898,0.2021730559,5631,7.3237971391,2167.4902556712,8.0,1648.0,linear,2017-06,0.9280327016,1064414,500.0,4318.0,0.0006689127,5.9672417527,5.6791246623,6891,6919,5.951975468,6898,5.8983116539,5631,PKOBP,0.9934978307,0
0.0920816524,7.0,1064414,0.0077620174,0.0132298147,14082,10,reset,1,0.1209041365,-0.0423831621,14025,14078,0.0667791982,14043,0.0238197151,11550,7.3074137196,1467.7787665326,8.0,964.0,xgboost,2017-06,0.8991003501,1064414,215.0,3288.0,0.0010559801,6.0424635799,5.7283385122,14025,14078,5.9417110854,14043,5.7778731098,11550,PKOBP,0.9867701853,0
0.0663566996,,1064414,0.0038960405,0.0064176157,6831,10,reset,1,0.1463998923,0.0125224049,6790,6829,0.14034387,6797,0.1704356567,5553,7.3368467282,2145.9209659024,8.0,1619.0,xgboost,2017-06,0.9290745894,1064414,489.0,4290.0,0.0006726706,6.2807858422,6.0344464382,6790,6829,6.2850936997,6797,6.2064792221,5553,PKOBP,0.9935823843,0
0.0758323359,,1064414,0.0046175642,0.008110566,8633,10,reset,5,0.1292367404,-0.0369828559,8590,8626,0.0604853628,8593,0.1198235184,2033,7.3126375536,2095.489970068,8.0,1569.0,linear,2017-06,0.9187909967,1064414,417.0,4254.0,0.0007591031,5.2170470278,4.8908527668,8590,8626,5.0850038937,8593,4.541020369,2033,PKOBP,0.991889434,0
0.0922347883,7.0,1064414,0.0077075273,0.0131584139,14006,10,reset,5,0.13687999,-0.0085888227,13935,13992,0.0817261072,13951,0.0274222535,3326,7.2969441668,1466.7705620182,8.0,963.0,xgboost,2017-06,0.8989707012,1064414,215.0,3287.0,0.0010869831,5.9432209237,5.664820225,13935,13992,5.8418523072,13951,5.5248631229,3326,PKOBP,0.9868415861,0
0.0753128012,,1064414,0.0046805097,0.0082176672,8747,10,reset,5,0.1215251137,-0.0226974757,8700,8740,0.0782866383,8704,0.1102518536,2039,7.3151937807,2076.489296458,8.0,1547.0,xgboost,2017-06,0.9192269173,1064414,407.0,4231.0,0.0007797718,5.4266227545,5.1518666509,8700,8740,5.3530418729,8704,4.8213411799,2039,PKOBP,0.9917823328,0
0.1071132463,,1056564,0.0127498192,0.020421858,21577,20,reset,0,0.0571613076,-0.2234412849,21535,21574,-0.0888989946,21555,-0.086813441,21577,13.6311350049,2195.2404549086,14.0,1670.0,linear,2017-06,0.878019694,1056564,503.0,4337.0,0.0021172404,6.7943855278,6.2352587008,21535,21574,6.5037138361,21555,6.5063077299,21577,PKOBP,0.979578142,0
0.1455179241,7.0,1056564,0.0235281535,0.040674299,42975,20,reset,0,0.0662486152,-0.1055495247,42885,42968,0.002339762,42934,-0.0246138852,42975,12.9733333333,1549.5963841282,13.0,1040.0,xgboost,2017-06,0.8277662309,1056564,239.0,3462.0,0.0031876914,6.1970202345,5.8580564756,42885,42968,6.069912354,42934,6.0153596203,42975,PKOBP,0.959325701,0
0.106792395,,1056564,0.0130479554,0.0207692104,21944,20,reset,0,0.0430735313,-0.2146864561,21902,21941,-0.0784069664,21923,-0.0793232804,21944,13.6309241706,2169.2551705339,14.0,1644.0,xgboost,2017-06,0.8779856213,1056564,500.0,4311.0,0.0021740283,7.006113774,6.493780138,21902,21941,6.7656047837,21923,6.7611351603,21944,PKOBP,0.9792307896,0
0.1116628997,,1056564,0.0138439318,0.0225637065,23840,20,reset,1,0.0748453832,-0.1895486866,23788,23835,-0.0555937924,23810,-0.0637941699,21933,13.3018036913,2167.1984082365,14.0,1646.0,linear,2017-06,0.8722897998,1056564,500.0,4320.0,0.0022033687,6.6112452268,6.0848381358,23788,23835,6.3521895864,23810,6.2904091485,21933,PKOBP,0.9774362935,0
0.145943833,7.0,1056564,0.0236918918,0.0409222726,43237,20,reset,1,0.0819933158,-0.0963920835,43125,43224,0.0128814396,43178,-0.0253273973,40214,12.9542984018,1545.4702526302,13.0,1032.0,xgboost,2017-06,0.8271604938,1056564,235.0,3458.0,0.0032037813,6.2597780914,5.9088854854,43125,43224,6.1228028851,43178,5.9660856863,40214,PKOBP,0.9590777274,0
0.1108565122,,1056564,0.0139925267,0.0226536206,23935,20,reset,1,0.0567244847,-0.194140537,23884,23929,-0.0633099385,23906,-0.0691206319,21998,13.3623981617,2143.7283108264,14.0,1617.0,xgboost,2017-06,0.872879447,1056564,486.0,4290.0,0.0022715141,6.8298026491,6.3316486622,23884,23929,6.5925421901,23906,6.5285358987,21998,PKOBP,0.9773463794,0
0.1228945904,,1056564,0.0154661715,0.0265388561,28040,20,reset,5,0.0369154885,-0.2005875643,27935,28019,-0.0832954063,27969,-0.0235895442,17770,13.1023894437,2094.8881014307,14.0,1568.0,linear,2017-06,0.8592607736,1056564,417.0,4254.0,0.0023784645,5.9597003515,5.4877852475,27935,28019,5.7224903185,27969,5.4268162604,17770,PKOBP,0.9734611439,0
0.1455112989,7.0,1056564,0.0239975998,0.0408957716,43209,20,reset,5,0.0876533948,-0.1160377277,43011,43181,0.009092343,43085,0.0228218493,28105,12.9554259529,1534.9968302914,13.0,1018.0,xgboost,2017-06,0.8272399968,1056564,229.0,3445.0,0.0032511045,6.3617823852,5.9664957882,43011,43181,6.2105441553,43085,5.8360844122,28105,PKOBP,0.9591042284,0
0.1221695988,,1056564,0.0157340208,0.0268881014,28409,20,reset,5,0.0217451211,-0.1995562648,28320,28394,-0.083013818,28351,-0.0185461303,18009,13.1154563695,2075.1526845511,14.0,1545.0,xgboost,2017-06,0.8596175906,1056564,407.0,4233.0,0.0024787897,6.1258044401,5.6856635785,28320,28394,5.9188626552,28351,5.6156041715,18009,PKOBP,0.9731118986,0
0.2050039037,,1034912,0.0544616354,0.0832177035,86123,50,reset,0,-0.1146734624,-0.4637966529,86056,86120,-0.3192661641,86102,-0.6417173123,86123,30.4990072338,2191.5926581197,31.0,1667.0,linear,2017-06,0.7328864676,1034912,500.0,4337.0,0.0076479933,7.9350267953,7.2375690295,86056,86120,7.52611313,86102,6.8810438087,86123,PKOBP,0.9167822965,0
0.2596037151,7.0,1034912,0.0833510482,0.131646942,136243,50,reset,0,-0.0664462927,-0.3148118141,136187,136239,-0.2119266814,136223,-0.4282345169,136243,28.6776494939,1521.3217732522,29.0,1000.0,xgboost,2017-06,0.646388292,1034912,246.0,3405.0,0.0106569447,8.2695757278,7.7725673079,136187,136239,7.9781202838,136223,7.5460131099,136243,PKOBP,0.868353058,0
0.2063025649,,1034912,0.0560453449,0.0851454037,88118,50,reset,0,-0.1263817111,-0.44027605,88048,88115,-0.3075379534,88096,-0.6136000667,88118,30.5294151025,2158.3613283062,31.0,1629.0,xgboost,2017-06,0.7300813982,1034912,500.0,4298.0,0.007570692,8.0720126691,7.445240094,88048,88115,7.7100501349,88096,7.0976860675,88118,PKOBP,0.9148545963,0
0.2102690857,,1034912,0.0563091355,0.0867986843,89829,50,reset,1,-0.1043665889,-0.4471866177,89744,89822,-0.3043682766,89798,-0.6111506951,87450,30.0435605428,2163.4457374154,31.0,1643.0,linear,2017-06,0.7255911614,1034912,500.0,4320.0,0.0078306175,7.8686873959,7.1840833477,89744,89822,7.4690890879,89798,6.8085646668,87450,PKOBP,0.9132013157,0
0.2593505535,7.0,1034912,0.0836757135,0.1320769302,136688,50,reset,1,-0.0639154709,-0.3152771689,136617,136681,-0.2128460159,136658,-0.4220668112,133458,28.6652156737,1517.9892531925,29.0,1000.0,xgboost,2017-06,0.6462230605,1034912,241.0,3400.0,0.0107506725,8.2860342042,7.7830894126,136617,136681,7.9876361035,136658,7.5263122743,133458,PKOBP,0.8679230698,0
0.2106372329,,1034912,0.0575749436,0.0880896153,91165,50,reset,1,-0.1186994216,-0.4319786781,91076,91158,-0.3001019658,91132,-0.5933757574,88743,30.1852245928,2133.5708794564,31.0,1603.0,xgboost,2017-06,0.7240325748,1034912,480.0,4278.0,0.0077552488,8.01727048,7.3917585835,91076,91158,7.65471372,91132,7.0223125787,88743,PKOBP,0.9119103847,0
0.2241852447,,1034912,0.0602263767,0.0949945503,98311,50,reset,5,-0.110390155,-0.4348629702,98147,98292,-0.3063082175,98236,-0.5522394108,85975,29.4665195146,2090.820805054,30.0,1564.0,linear,2017-06,0.7072900884,1034912,413.0,4254.0,0.0082982901,7.5745634151,6.9267237509,98147,98292,7.1826036627,98236,6.4385176838,85975,PKOBP,0.9050054497,0
0.2600800841,7.0,1034912,0.0843762561,0.1332808973,137934,50,reset,5,-0.0651220581,-0.3156300567,137794,137916,-0.2160600219,137861,-0.387446629,121838,28.617954964,1509.4155705992,29.0,1000.0,xgboost,2017-06,0.6445726786,1034912,233.0,3386.0,0.0109709811,8.2796304494,7.778704254,137794,137916,7.9772758345,137861,7.4206910043,121838,PKOBP,0.8667191027,0
0.2240441699,,1034912,0.0616593488,0.0965869562,99959,50,reset,5,-0.1191799757,-0.4185154234,99792,99940,-0.3002891756,99881,-0.5402439302,87332,29.5468141938,2066.002687185,30.0,1531.0,xgboost,2017-06,0.7060146177,1034912,403.0,4227.0,0.0082818636,7.7237675385,7.1262128269,99792,99940,7.3613489789,99881,6.6258935261,87332,PKOBP,0.9034130438,0
0.0410844686,,773577,0.0021769003,0.0033739369,2610,10,retain,0,0.0458902019,-0.0771403829,2596,2610,0.0282665651,2606,0.087297138,2610,7.7053639847,2188.2879183326,8.0,1636.0,linear,2017-09,0.956339188,773577,550.0,4281.0,0.0003994431,4.0921597274,3.8526039185,2596,2610,4.0588294953,2606,4.1750118264,2610,PKOBP,0.9966260631,0
0.0407186356,,773577,0.0021807784,0.0033105948,2561,10,retain,0,0.0323157069,-0.1505568027,2548,2560,-0.0194303545,2557,0.0606543119,2561,7.7403358063,2174.9154757703,8.0,1623.0,xgboost,2017-09,0.9567037283,773577,543.0,4264.0,0.0003968577,4.3182425477,3.961449766,2548,2560,4.2164746349,2557,4.3743803009,2561,PKOBP,0.9966894052,0
0.0434901762,,773577,0.0024587081,0.0039091131,3024,10,retain,1,0.0725628388,-0.0592861531,3004,3023,0.0379383585,3018,0.1182054935,2372,7.578042328,2163.6574187185,8.0,1618.0,linear,2017-09,0.953620648,773577,515.0,4254.0,0.0004304678,3.9679941479,3.7108038693,3004,3023,3.9005041457,3018,3.8778252296,2372,PKOBP,0.9960908869,0
0.0429860247,,773577,0.0024470738,0.0038354294,2967,10,retain,1,0.0524350766,-0.1102384184,2948,2965,0.0064669676,2961,0.097883776,2327,7.6029659589,2152.5118443284,8.0,1600.0,xgboost,2017-09,0.9541441899,773577,511.0,4243.0,0.0004227116,4.1323900786,3.8159580413,2948,2965,4.0421339974,2961,4.0802916097,2327,PKOBP,0.9961645706,0
0.0482602249,,773577,0.0030197382,0.0050324661,3893,10,retain,5,0.0752961891,-0.0665600242,3851,3893,0.0061790544,3883,0.1544909568,759,7.503724634,2098.1755145254,8.0,1551.0,linear,2017-09,0.9481874461,773577,450.0,4194.0,0.0005325908,3.5726081988,3.2993620754,3851,3893,3.435982194,3883,2.6226071397,759,PKOBP,0.9949675339,0
0.0481684435,,773577,0.0030494702,0.0050298807,3891,10,retain,5,0.0384333114,-0.1121286324,3855,3891,-0.0213183242,3881,0.1648777077,737,7.531996916,2088.5585339275,8.0,1544.0,xgboost,2017-09,0.9482572517,773577,450.0,4182.0,0.0005248346,3.660666301,3.3683597594,3855,3891,3.5424695971,3881,2.8930228924,737,PKOBP,0.9949701193,0
0.0769604022,,764588,0.0105337777,0.0157130376,12014,20,retain,0,-0.0674503539,-0.2868055683,11961,12013,-0.190373832,11996,-0.1571484076,12014,14.1797070085,2186.4110749842,15.0,1634.0,linear,2017-09,0.9108644133,764588,550.0,4280.0,0.0016414069,4.5869106516,4.1536967102,11961,12013,4.343856924,11996,4.4088070246,12014,PKOBP,0.9842869624,0
0.0763143026,,764588,0.0105860934,0.0156868797,11994,20,retain,0,-0.0902173237,-0.3227594877,11945,11993,-0.2129613489,11978,-0.1875995247,11994,14.2094380524,2170.555964781,15.0,1619.0,xgboost,2017-09,0.9114372708,764588,538.0,4259.0,0.0016623332,4.6536546151,4.1935876275,11945,11993,4.4105101375,11978,4.4601382104,11994,PKOBP,0.9843131203,0
0.0800274135,,764588,0.0111327931,0.0168979895,12920,20,retain,1,-0.0556546376,-0.2736111836,12857,12918,-0.1802778971,12896,-0.1265712543,11730,13.9808049536,2161.7059370537,15.0,1615.0,linear,2017-09,0.9071199129,764588,513.0,4253.0,0.0017198805,4.4844299113,4.055720934,12857,12918,4.2385298807,12896,4.3056274046,11730,PKOBP,0.9831020105,0
0.0791785903,,764588,0.011145872,0.0168822948,12908,20,retain,1,-0.0751484116,-0.301867247,12849,12906,-0.1943162479,12886,-0.1548449903,11720,13.9999225287,2148.1766781587,15.0,1598.0,xgboost,2017-09,0.9079294993,764588,507.0,4239.0,0.0017460384,4.5670927398,4.1205720041,12849,12906,4.3317673661,12886,4.3683995313,11720,PKOBP,0.9831177052,0
0.0867722224,,764588,0.0124616133,0.0194954668,14906,20,retain,5,-0.0587827711,-0.2764114071,14799,14902,-0.2017912447,14856,-0.0495751416,8828,13.6667784785,2095.8652306863,14.0,1550.0,linear,2017-09,0.8988697181,764588,450.0,4194.0,0.0018964462,4.1785549981,3.7527339069,14799,14902,3.8971844188,14856,3.8946841487,8828,PKOBP,0.9805045332,0
0.0863550043,,764588,0.0125675527,0.0196184089,15000,20,retain,5,-0.0805043709,-0.300772284,14896,14996,-0.2071178556,14951,-0.081945842,8920,13.6645333333,2084.0443977672,14.0,1539.0,xgboost,2017-09,0.8991548389,764588,448.0,4178.0,0.0019226041,4.2499847207,3.8190653842,14896,14996,4.0014285055,14951,3.989194852,8920,PKOBP,0.9803815911,0
0.171590748,,740815,0.0532319135,0.0766493659,56783,50,retain,0,-0.1216056954,-0.473854842,56690,56781,-0.3497401592,56750,-0.60487728,56783,31.6093373017,2179.3964863022,33.0,1625.0,linear,2017-09,0.7672954786,740815,547.0,4274.0,0.0078818598,5.4325866115,4.7309328675,56690,56781,4.9773647868,56750,4.4660069411,56783,PKOBP,0.9233506341,0
0.1703124262,,740815,0.0529362931,0.0760054805,56306,50,retain,0,-0.1271201972,-0.4734925315,56213,56304,-0.3420420784,56273,-0.6052313758,56306,31.5694242177,2158.7308302343,33.0,1602.0,xgboost,2017-09,0.7688869691,740815,534.0,4248.0,0.0078643116,5.4360923499,4.7457370161,56213,56304,5.0070743146,56273,4.4798358414,56306,PKOBP,0.9239945195,0
0.1756065954,,740815,0.0544845879,0.0790737229,58579,50,retain,1,-0.1154420746,-0.464476248,58465,58574,-0.3414188709,58533,-0.5884198389,56923,31.3492036395,2154.4943055959,32.0,1602.0,linear,2017-09,0.7618568738,740815,509.0,4249.0,0.0080519428,5.3975004162,4.702505541,58465,58574,4.9466815493,58533,4.4205059469,56923,PKOBP,0.9209262771,0
0.1739462619,,740815,0.0541390226,0.0782962008,58003,50,retain,1,-0.1213564387,-0.4641080512,57888,57998,-0.3346380131,57957,-0.588323565,56348,31.3125010775,2136.5098425383,32.0,1583.0,xgboost,2017-09,0.7638870703,740815,500.0,4225.0,0.0080276452,5.4072018151,4.7243522689,57888,57998,4.981568069,57957,4.4425758097,56348,PKOBP,0.9217037992,0
0.1853391198,,740815,0.0581454209,0.0852196567,63132,50,retain,5,-0.1120995414,-0.4544366404,62933,63110,-0.3364341696,63034,-0.5307514688,54550,30.8575841095,2088.487371341,32.0,1542.0,linear,2017-09,0.747960017,740815,445.0,4179.0,0.0085554423,5.2921072041,4.6115404731,62933,63110,4.8448430885,63034,4.2887569556,54550,PKOBP,0.9147803433,0
0.1839325608,,740815,0.0579699385,0.0847512537,62785,50,retain,5,-0.1204503196,-0.4547672638,62582,62762,-0.331706546,62687,-0.5308654955,54168,30.8472883651,2072.9278942786,32.0,1531.0,xgboost,2017-09,0.7495380088,740815,440.0,4163.0,0.0085594919,5.3088926512,4.6440227854,62582,62762,4.8875306573,62687,4.3253367503,54168,PKOBP,0.9152487463,0
0.0410844686,,773577,0.0021769003,0.0033739369,2610,10,reset,0,0.0458902019,-0.0771403829,2596,2610,0.0282665651,2606,0.087297138,2610,7.7053639847,2188.2879183326,8.0,1636.0,linear,2017-09,0.956339188,773577,550.0,4281.0,0.0003994431,4.0921597274,3.8526039185,2596,2610,4.0588294953,2606,4.1750118264,2610,PKOBP,0.9966260631,0
0.0407186356,,773577,0.0021807784,0.0033105948,2561,10,reset,0,0.0323157069,-0.1505568027,2548,2560,-0.0194303545,2557,0.0606543119,2561,7.7403358063,2174.9154757703,8.0,1623.0,xgboost,2017-09,0.9567037283,773577,543.0,4264.0,0.0003968577,4.3182425477,3.961449766,2548,2560,4.2164746349,2557,4.3743803009,2561,PKOBP,0.9966894052,0
0.0434901762,,773577,0.0024587081,0.0039091131,3024,10,reset,1,0.0725628388,-0.0592861531,3004,3023,0.0379383585,3018,0.1182054935,2372,7.578042328,2163.6574187185,8.0,1618.0,linear,2017-09,0.953620648,773577,515.0,4254.0,0.0004304678,3.9679941479,3.7108038693,3004,3023,3.9005041457,3018,3.8778252296,2372,PKOBP,0.9960908869,0
0.0429860247,,773577,0.0024470738,0.0038354294,2967,10,reset,1,0.0524350766,-0.1102384184,2948,2965,0.0064669676,2961,0.097883776,2327,7.6029659589,2152.5118443284,8.0,1600.0,xgboost,2017-09,0.9541441899,773577,511.0,4243.0,0.0004227116,4.1323900786,3.8159580413,2948,2965,4.0421339974,2961,4.0802916097,2327,PKOBP,0.9961645706,0
0.0482602249,,773577,0.0030197382,0.0050324661,3893,10,reset,5,0.0752961891,-0.0665600242,3851,3893,0.0061790544,3883,0.1544909568,759,7.503724634,2098.1755145254,8.0,1551.0,linear,2017-09,0.9481874461,773577,450.0,4194.0,0.0005325908,3.5726081988,3.2993620754,3851,3893,3.435982194,3883,2.6226071397,759,PKOBP,0.9949675339,0
0.0481684435,,773577,0.0030494702,0.0050298807,3891,10,reset,5,0.0384333114,-0.1121286324,3855,3891,-0.0213183242,3881,0.1648777077,737,7.531996916,2088.5585339275,8.0,1544.0,xgboost,2017-09,0.9482572517,773577,450.0,4182.0,0.0005248346,3.660666301,3.3683597594,3855,3891,3.5424695971,3881,2.8930228924,737,PKOBP,0.9949701193,0
0.0769604022,,764588,0.0105337777,0.0157130376,12014,20,reset,0,-0.0674503539,-0.2868055683,11961,12013,-0.190373832,11996,-0.1571484076,12014,14.1797070085,2186.4110749842,15.0,1634.0,linear,2017-09,0.9108644133,764588,550.0,4280.0,0.0016414069,4.5869106516,4.1536967102,11961,12013,4.343856924,11996,4.4088070246,12014,PKOBP,0.9842869624,0
0.0763143026,,764588,0.0105860934,0.0156868797,11994,20,reset,0,-0.0902173237,-0.3227594877,11945,11993,-0.2129613489,11978,-0.1875995247,11994,14.2094380524,2170.555964781,15.0,1619.0,xgboost,2017-09,0.9114372708,764588,538.0,4259.0,0.0016623332,4.6536546151,4.1935876275,11945,11993,4.4105101375,11978,4.4601382104,11994,PKOBP,0.9843131203,0
0.0800274135,,764588,0.0111327931,0.0168979895,12920,20,reset,1,-0.0556546376,-0.2736111836,12857,12918,-0.1802778971,12896,-0.1265712543,11730,13.9808049536,2161.7059370537,15.0,1615.0,linear,2017-09,0.9071199129,764588,513.0,4253.0,0.0017198805,4.4844299113,4.055720934,12857,12918,4.2385298807,12896,4.3056274046,11730,PKOBP,0.9831020105,0
0.0791785903,,764588,0.011145872,0.0168822948,12908,20,reset,1,-0.0751484116,-0.301867247,12849,12906,-0.1943162479,12886,-0.1548449903,11720,13.9999225287,2148.1766781587,15.0,1598.0,xgboost,2017-09,0.9079294993,764588,507.0,4239.0,0.0017460384,4.5670927398,4.1205720041,12849,12906,4.3317673661,12886,4.3683995313,11720,PKOBP,0.9831177052,0
0.0867722224,,764588,0.0124616133,0.0194954668,14906,20,reset,5,-0.0587827711,-0.2764114071,14799,14902,-0.2017912447,14856,-0.0495751416,8828,13.6667784785,2095.8652306863,14.0,1550.0,linear,2017-09,0.8988697181,764588,450.0,4194.0,0.0018964462,4.1785549981,3.7527339069,14799,14902,3.8971844188,14856,3.8946841487,8828,PKOBP,0.9805045332,0
0.0863550043,,764588,0.0125675527,0.0196184089,15000,20,reset,5,-0.0805043709,-0.300772284,14896,14996,-0.2071178556,14951,-0.081945842,8920,13.6645333333,2084.0443977672,14.0,1539.0,xgboost,2017-09,0.8991548389,764588,448.0,4178.0,0.0019226041,4.2499847207,3.8190653842,14896,14996,4.0014285055,14951,3.989194852,8920,PKOBP,0.9803815911,0
0.171590748,,740815,0.0532319135,0.0766493659,56783,50,reset,0,-0.1216056954,-0.473854842,56690,56781,-0.3497401592,56750,-0.60487728,56783,31.6093373017,2179.3964863022,33.0,1625.0,linear,2017-09,0.7672954786,740815,547.0,4274.0,0.0078818598,5.4325866115,4.7309328675,56690,56781,4.9773647868,56750,4.4660069411,56783,PKOBP,0.9233506341,0
0.1703124262,,740815,0.0529362931,0.0760054805,56306,50,reset,0,-0.1271201972,-0.4734925315,56213,56304,-0.3420420784,56273,-0.6052313758,56306,31.5694242177,2158.7308302343,33.0,1602.0,xgboost,2017-09,0.7688869691,740815,534.0,4248.0,0.0078643116,5.4360923499,4.7457370161,56213,56304,5.0070743146,56273,4.4798358414,56306,PKOBP,0.9239945195,0
0.1756065954,,740815,0.0544845879,0.0790737229,58579,50,reset,1,-0.1154420746,-0.464476248,58465,58574,-0.3414188709,58533,-0.5884198389,56923,31.3492036395,2154.4943055959,32.0,1602.0,linear,2017-09,0.7618568738,740815,509.0,4249.0,0.0080519428,5.3975004162,4.702505541,58465,58574,4.9466815493,58533,4.4205059469,56923,PKOBP,0.9209262771,0
0.1739462619,,740815,0.0541390226,0.0782962008,58003,50,reset,1,-0.1213564387,-0.4641080512,57888,57998,-0.3346380131,57957,-0.588323565,56348,31.3125010775,2136.5098425383,32.0,1583.0,xgboost,2017-09,0.7638870703,740815,500.0,4225.0,0.0080276452,5.4072018151,4.7243522689,57888,57998,4.981568069,57957,4.4425758097,56348,PKOBP,0.9217037992,0
0.1853391198,,740815,0.0581454209,0.0852196567,63132,50,reset,5,-0.1120995414,-0.4544366404,62933,63110,-0.3364341696,63034,-0.5307514688,54550,30.8575841095,2088.487371341,32.0,1542.0,linear,2017-09,0.747960017,740815,445.0,4179.0,0.0085554423,5.2921072041,4.6115404731,62933,63110,4.8448430885,63034,4.2887569556,54550,PKOBP,0.9147803433,0
0.1839325608,,740815,0.0579699385,0.0847512537,62785,50,reset,5,-0.1204503196,-0.4547672638,62582,62762,-0.331706546,62687,-0.5308654955,54168,30.8472883651,2072.9278942786,32.0,1531.0,xgboost,2017-09,0.7495380088,740815,440.0,4163.0,0.0085594919,5.3088926512,4.6440227854,62582,62762,4.8875306573,62687,4.3253367503,54168,PKOBP,0.9152487463,0
0.0445546291,,912408,0.003633243,0.0050021482,4564,10,retain,0,0.0504845966,-0.0635437852,4547,4564,0.0061052325,4564,0.0660391167,4564,7.6982909728,2374.2563315973,8.0,1740.0,linear,2017-11,0.9513835916,912408,561.0,4497.0,0.0004285364,4.4995435171,4.2835293352,4547,4564,4.410768246,4564,4.5306295049,4564,PKOBP,0.9949978518,0
0.0439551166,,912408,0.0033833548,0.0047106119,4298,10,retain,0,0.0603246618,-0.0658249799,4283,4298,0.030434379,4298,0.0622639975,4298,7.7149837134,2358.0543539732,8.0,1721.0,xgboost,2017-11,0.9522209362,912408,550.0,4477.0,0.0004405924,4.6274559818,4.3838743305,4283,4298,4.5676703228,4298,4.6313173055,4298,PKOBP,0.9952893881,0
0.0472562713,,912408,0.0043335876,0.0060751331,5543,10,retain,1,0.1145729154,-0.026029712,5525,5543,0.0556776403,5542,0.0903282636,4420,7.4353238319,2346.4425432482,8.0,1715.0,linear,2017-11,0.9479465327,912408,519.0,4478.0,0.0004636084,5.0011651685,4.7313838325,5525,5543,4.8837685557,5542,4.9894850222,4420,PKOBP,0.9939248669,0
0.0465164707,,912408,0.0039861553,0.0055764526,5088,10,retain,1,0.0722470803,-0.0490299569,5070,5088,0.0613695937,5087,0.0619636922,4022,7.5139544025,2333.1972735881,8.0,1699.0,xgboost,2017-11,0.9490217096,912408,510.0,4455.0,0.0004756644,4.8138871988,4.5808040438,5070,5088,4.7925030987,5087,4.8013986704,4022,PKOBP,0.9944235474,0
0.0526036598,,912408,0.0049922842,0.0072895021,6651,10,retain,5,0.0923777488,-0.0439706643,6629,6650,0.0444664418,6642,0.1221014359,1451,7.3802435724,2272.2868464547,8.0,1639.0,linear,2017-11,0.9418385196,912408,460.0,4415.0,0.0005655365,4.5600601992,4.302852884,6629,6650,4.4710661107,6642,5.5009024058,1451,PKOBP,0.9927104979,0
0.0522069074,,912408,0.004751164,0.0069881018,6376,10,retain,5,0.0454158443,-0.0651784154,6355,6374,0.018532952,6367,0.1143350913,1343,7.4195420326,2260.8878593787,8.0,1629.0,xgboost,2017-11,0.9424665281,912408,450.0,4400.0,0.0005754005,4.4213705704,4.2139762726,6355,6374,4.3743924674,6367,5.5495369175,1343,PKOBP,0.9930118982,0
0.0818410848,,905401,0.0144665182,0.0206383691,18686,20,retain,0,0.0202832842,-0.1929974358,18652,18685,-0.0831202688,18677,-0.0850258534,18686,13.8819437012,2371.4958322335,14.0,1734.0,linear,2017-11,0.9018335522,905401,560.0,4491.0,0.0018588449,4.4665633757,4.0455437064,18652,18685,4.2608372087,18677,4.2567598932,18686,PKOBP,0.9793616309,0
0.0811054991,,905401,0.0141627853,0.0202098297,18298,20,retain,0,0.0215909163,-0.1812754772,18272,18297,-0.0700163777,18292,-0.0788937561,18298,13.9741501803,2353.6035049663,15.0,1716.0,xgboost,2017-11,0.9028342138,905401,549.0,4465.0,0.0018975018,4.5662607678,4.1650586081,18272,18297,4.3842735008,18292,4.3661148984,18298,PKOBP,0.9797901703,0
0.0852318475,,905401,0.0157090615,0.0226308564,20490,20,retain,1,0.0447479272,-0.1693619244,20445,20488,-0.0561374096,20475,-0.056242413,18742,13.5812591508,2343.5452976085,14.0,1708.0,linear,2017-11,0.8971096785,905401,517.0,4469.0,0.0019494125,4.6062338917,4.1831974089,20445,20488,4.4053556206,20475,4.3901469165,18742,PKOBP,0.9773691436,0
0.0843825001,,905401,0.0152661638,0.0219957787,19915,20,retain,1,0.0316816187,-0.1546894695,19877,19913,-0.0437691618,19903,-0.0481310886,18184,13.7146874215,2328.7487974941,14.0,1694.0,xgboost,2017-11,0.8983654756,905401,509.0,4446.0,0.0019858604,4.563347131,4.1964001872,19877,19913,4.4137886895,19903,4.3720249307,18184,PKOBP,0.9780042213,0
0.0925457339,,905401,0.0175159957,0.0256891698,23259,20,retain,5,0.044412792,-0.1697449093,23185,23252,-0.0538381724,23230,0.0070794784,14108,13.4199234705,2269.1893503542,14.0,1634.0,linear,2017-11,0.8877591255,905401,457.0,4409.0,0.0021791449,4.511424236,4.089590736,23185,23252,4.3166238151,23230,4.3003517224,14108,PKOBP,0.9743108302,0
0.0920365672,,905401,0.0172752184,0.0253578249,22959,20,retain,5,0.027922546,-0.162207034,22887,22952,-0.0523205909,22932,0.0060908145,13846,13.4874776776,2256.2836257084,14.0,1621.0,xgboost,2017-11,0.8884571588,905401,450.0,4388.0,0.0022310556,4.4516237046,4.0797861048,22887,22952,4.2930940244,22932,4.2080509074,13846,PKOBP,0.9746421751,0
0.1799727059,,886640,0.0638229721,0.0907166381,80433,50,retain,0,-0.068047127,-0.3588295365,80354,80428,-0.2619592851,80402,-0.4566695453,80433,30.9269951388,2363.2612706397,32.0,1723.0,linear,2017-11,0.7481864116,886640,555.0,4478.0,0.0080179103,5.0236881384,4.4404551625,80354,80428,4.6345307405,80402,4.2468033915,80433,PKOBP,0.9092833619,0
0.1783745376,,886640,0.0644308851,0.0912241722,80883,50,retain,0,-0.0714398793,-0.3664154675,80802,80878,-0.2657234513,80848,-0.4466884676,80883,31.0138347984,2339.9339810972,32.0,1698.0,xgboost,2017-11,0.7493153929,886640,540.0,4441.0,0.0078791843,5.1128194412,4.5209765628,80802,80878,4.7226915325,80848,4.3625954004,80883,PKOBP,0.9087758278,0
0.1841412524,,886640,0.0660301814,0.0943686276,83671,50,retain,1,-0.0601587682,-0.3460014316,83572,83658,-0.2487220132,83626,-0.4327204526,81429,30.5278770422,2335.079949021,31.0,1697.0,linear,2017-11,0.7416200487,886640,510.0,4453.0,0.0082085175,5.0703714232,4.4968231359,83572,83658,4.6916824876,83626,4.2963628352,81429,PKOBP,0.9056313724,0
0.1822317964,,886640,0.0663550032,0.0945817919,83860,50,retain,1,-0.0652278998,-0.3516513013,83759,83848,-0.2510544859,83811,-0.422902923,81579,30.6384092535,2315.2288662817,31.0,1674.0,xgboost,2017-11,0.7433603266,886640,500.0,4417.0,0.0080528738,5.1392090435,4.5642705385,83759,83848,4.7657668448,83811,4.3956111273,81579,PKOBP,0.9054182081,0
0.1935780023,,886640,0.0709859695,0.1019500586,90393,50,retain,5,-0.0647341085,-0.3395617883,90224,90356,-0.2423986808,90299,-0.3915663331,78598,30.142798668,2260.669219751,31.0,1623.0,linear,2017-11,0.7267560679,886640,450.0,4393.0,0.0086799603,5.0645967286,4.5128227547,90224,90356,4.7073865888,90299,4.2678327024,78598,PKOBP,0.8980499414,0
0.1921929983,,886640,0.0713852296,0.1024406749,90828,50,retain,5,-0.0650681343,-0.3373180819,90652,90793,-0.2364816212,90726,-0.3743753318,78881,30.2080635927,2243.0799332311,31.0,1604.0,xgboost,2017-11,0.7278839213,886640,444.0,4372.0,0.0085378508,5.105382029,4.5586393128,90652,90793,4.7605300815,90726,4.3452153721,78881,PKOBP,0.8975593251,0
0.0445546291,,912408,0.003633243,0.0050021482,4564,10,reset,0,0.0504845966,-0.0635437852,4547,4564,0.0061052325,4564,0.0660391167,4564,7.6982909728,2374.2563315973,8.0,1740.0,linear,2017-11,0.9513835916,912408,561.0,4497.0,0.0004285364,4.4995435171,4.2835293352,4547,4564,4.410768246,4564,4.5306295049,4564,PKOBP,0.9949978518,0
0.0439551166,,912408,0.0033833548,0.0047106119,4298,10,reset,0,0.0603246618,-0.0658249799,4283,4298,0.030434379,4298,0.0622639975,4298,7.7149837134,2358.0543539732,8.0,1721.0,xgboost,2017-11,0.9522209362,912408,550.0,4477.0,0.0004405924,4.6274559818,4.3838743305,4283,4298,4.5676703228,4298,4.6313173055,4298,PKOBP,0.9952893881,0
0.0472562713,,912408,0.0043335876,0.0060751331,5543,10,reset,1,0.1145729154,-0.026029712,5525,5543,0.0556776403,5542,0.0903282636,4420,7.4353238319,2346.4425432482,8.0,1715.0,linear,2017-11,0.9479465327,912408,519.0,4478.0,0.0004636084,5.0011651685,4.7313838325,5525,5543,4.8837685557,5542,4.9894850222,4420,PKOBP,0.9939248669,0
0.0465164707,,912408,0.0039861553,0.0055764526,5088,10,reset,1,0.0722470803,-0.0490299569,5070,5088,0.0613695937,5087,0.0619636922,4022,7.5139544025,2333.1972735881,8.0,1699.0,xgboost,2017-11,0.9490217096,912408,510.0,4455.0,0.0004756644,4.8138871988,4.5808040438,5070,5088,4.7925030987,5087,4.8013986704,4022,PKOBP,0.9944235474,0
0.0526036598,,912408,0.0049922842,0.0072895021,6651,10,reset,5,0.0923777488,-0.0439706643,6629,6650,0.0444664418,6642,0.1221014359,1451,7.3802435724,2272.2868464547,8.0,1639.0,linear,2017-11,0.9418385196,912408,460.0,4415.0,0.0005655365,4.5600601992,4.302852884,6629,6650,4.4710661107,6642,5.5009024058,1451,PKOBP,0.9927104979,0
0.0522069074,,912408,0.004751164,0.0069881018,6376,10,reset,5,0.0454158443,-0.0651784154,6355,6374,0.018532952,6367,0.1143350913,1343,7.4195420326,2260.8878593787,8.0,1629.0,xgboost,2017-11,0.9424665281,912408,450.0,4400.0,0.0005754005,4.4213705704,4.2139762726,6355,6374,4.3743924674,6367,5.5495369175,1343,PKOBP,0.9930118982,0
0.0818410848,,905401,0.0144665182,0.0206383691,18686,20,reset,0,0.0202832842,-0.1929974358,18652,18685,-0.0831202688,18677,-0.0850258534,18686,13.8819437012,2371.4958322335,14.0,1734.0,linear,2017-11,0.9018335522,905401,560.0,4491.0,0.0018588449,4.4665633757,4.0455437064,18652,18685,4.2608372087,18677,4.2567598932,18686,PKOBP,0.9793616309,0
0.0811054991,,905401,0.0141627853,0.0202098297,18298,20,reset,0,0.0215909163,-0.1812754772,18272,18297,-0.0700163777,18292,-0.0788937561,18298,13.9741501803,2353.6035049663,15.0,1716.0,xgboost,2017-11,0.9028342138,905401,549.0,4465.0,0.0018975018,4.5662607678,4.1650586081,18272,18297,4.3842735008,18292,4.3661148984,18298,PKOBP,0.9797901703,0
0.0852318475,,905401,0.0157090615,0.0226308564,20490,20,reset,1,0.0447479272,-0.1693619244,20445,20488,-0.0561374096,20475,-0.056242413,18742,13.5812591508,2343.5452976085,14.0,1708.0,linear,2017-11,0.8971096785,905401,517.0,4469.0,0.0019494125,4.6062338917,4.1831974089,20445,20488,4.4053556206,20475,4.3901469165,18742,PKOBP,0.9773691436,0
0.0843825001,,905401,0.0152661638,0.0219957787,19915,20,reset,1,0.0316816187,-0.1546894695,19877,19913,-0.0437691618,19903,-0.0481310886,18184,13.7146874215,2328.7487974941,14.0,1694.0,xgboost,2017-11,0.8983654756,905401,509.0,4446.0,0.0019858604,4.563347131,4.1964001872,19877,19913,4.4137886895,19903,4.3720249307,18184,PKOBP,0.9780042213,0
0.0925457339,,905401,0.0175159957,0.0256891698,23259,20,reset,5,0.044412792,-0.1697449093,23185,23252,-0.0538381724,23230,0.0070794784,14108,13.4199234705,2269.1893503542,14.0,1634.0,linear,2017-11,0.8877591255,905401,457.0,4409.0,0.0021791449,4.511424236,4.089590736,23185,23252,4.3166238151,23230,4.3003517224,14108,PKOBP,0.9743108302,0
0.0920365672,,905401,0.0172752184,0.0253578249,22959,20,reset,5,0.027922546,-0.162207034,22887,22952,-0.0523205909,22932,0.0060908145,13846,13.4874776776,2256.2836257084,14.0,1621.0,xgboost,2017-11,0.8884571588,905401,450.0,4388.0,0.0022310556,4.4516237046,4.0797861048,22887,22952,4.2930940244,22932,4.2080509074,13846,PKOBP,0.9746421751,0
0.1799727059,,886640,0.0638229721,0.0907166381,80433,50,reset,0,-0.068047127,-0.3588295365,80354,80428,-0.2619592851,80402,-0.4566695453,80433,30.9269951388,2363.2612706397,32.0,1723.0,linear,2017-11,0.7481864116,886640,555.0,4478.0,0.0080179103,5.0236881384,4.4404551625,80354,80428,4.6345307405,80402,4.2468033915,80433,PKOBP,0.9092833619,0
0.1783745376,,886640,0.0644308851,0.0912241722,80883,50,reset,0,-0.0714398793,-0.3664154675,80802,80878,-0.2657234513,80848,-0.4466884676,80883,31.0138347984,2339.9339810972,32.0,1698.0,xgboost,2017-11,0.7493153929,886640,540.0,4441.0,0.0078791843,5.1128194412,4.5209765628,80802,80878,4.7226915325,80848,4.3625954004,80883,PKOBP,0.9087758278,0
0.1841412524,,886640,0.0660301814,0.0943686276,83671,50,reset,1,-0.0601587682,-0.3460014316,83572,83658,-0.2487220132,83626,-0.4327204526,81429,30.5278770422,2335.079949021,31.0,1697.0,linear,2017-11,0.7416200487,886640,510.0,4453.0,0.0082085175,5.0703714232,4.4968231359,83572,83658,4.6916824876,83626,4.2963628352,81429,PKOBP,0.9056313724,0
0.1822317964,,886640,0.0663550032,0.0945817919,83860,50,reset,1,-0.0652278998,-0.3516513013,83759,83848,-0.2510544859,83811,-0.422902923,81579,30.6384092535,2315.2288662817,31.0,1674.0,xgboost,2017-11,0.7433603266,886640,500.0,4417.0,0.0080528738,5.1392090435,4.5642705385,83759,83848,4.7657668448,83811,4.3956111273,81579,PKOBP,0.9054182081,0
0.1935780023,,886640,0.0709859695,0.1019500586,90393,50,reset,5,-0.0647341085,-0.3395617883,90224,90356,-0.2423986808,90299,-0.3915663331,78598,30.142798668,2260.669219751,31.0,1623.0,linear,2017-11,0.7267560679,886640,450.0,4393.0,0.0086799603,5.0645967286,4.5128227547,90224,90356,4.7073865888,90299,4.2678327024,78598,PKOBP,0.8980499414,0
0.1921929983,,886640,0.0713852296,0.1024406749,90828,50,reset,5,-0.0650681343,-0.3373180819,90652,90793,-0.2364816212,90726,-0.3743753318,78881,30.2080635927,2243.0799332311,31.0,1604.0,xgboost,2017-11,0.7278839213,886640,444.0,4372.0,0.0085378508,5.105382029,4.5586393128,90652,90793,4.7605300815,90726,4.3452153721,78881,PKOBP,0.8975593251,0
0.0532870244,,956762,0.0036801211,0.005601184,5359,10,retain,0,0.0763398295,-0.0665735496,5338,5358,0.1215650039,5355,0.1197700896,5359,7.5459973876,2656.946660716,8.0,1770.0,linear,2017-04,0.9425687893,956762,450.0,5486.0,0.0004640653,5.2619127207,4.9998594378,5338,5358,5.3538216747,5355,5.3483167127,5359,PZU,0.994398816,0
0.0539214559,,956762,0.0034585404,0.0052918072,5063,10,retain,0,0.0755389746,-0.0501296279,5042,5062,0.1283242716,5059,0.116597319,5063,7.5929290934,2625.6797468963,8.0,1740.0,xgboost,2017-04,0.9421663904,956762,434.0,5451.0,0.0004536133,5.299146308,5.0696009092,5042,5062,5.4063034436,5059,5.3807769408,5063,PZU,0.9947081928,0
0.0556658814,,956762,0.0043960776,0.0064624222,6183,10,retain,1,0.133457858,-0.0051526608,6151,6180,0.1606855165,6173,0.1527069222,5012,7.4138767589,2623.9246886896,8.0,1745.0,linear,2017-04,0.9394342585,956762,423.0,5451.0,0.0005037825,4.9097085025,4.6556934091,6151,6180,4.9667628683,6173,4.8365238748,5012,PZU,0.9935375778,0
0.0562240139,,956762,0.004235118,0.006200079,5932,10,retain,1,0.0942365298,-0.0326689201,5902,5929,0.1302115304,5924,0.1058277794,4761,7.4418408631,2595.3830304715,8.0,1714.0,xgboost,2017-04,0.9390569442,956762,410.0,5414.0,0.0004839239,4.871211354,4.6367816779,5902,5929,4.9439839477,5924,4.7932395205,4761,PZU,0.993799921,0
0.0612931952,,956762,0.0053628802,0.0078870189,7546,10,retain,5,0.1566481822,0.0253638217,7478,7531,0.1463247914,7509,0.1875768872,1663,7.382851842,2540.0012960381,8.0,1662.0,linear,2017-04,0.932774295,956762,364.0,5356.0,0.0005696296,4.7307947942,4.4875756383,7478,7531,4.7142683587,7509,4.0436101876,1663,PZU,0.9921129811,0
0.0619067229,,956762,0.0053545187,0.007795042,7458,10,retain,5,0.1505627943,0.0086247437,7394,7444,0.1443295019,7428,0.1986225689,1599,7.4120407616,2514.354705768,8.0,1633.0,xgboost,2017-04,0.932192123,956762,360.0,5331.0,0.0005466354,4.7085737963,4.4421536307,7394,7444,4.6984330412,7428,4.0369852273,1599,PZU,0.992204958,0
0.095791006,,948659,0.01530687,0.0222408684,21099,20,retain,0,-0.0705891021,-0.340094911,21044,21098,-0.1822777084,21087,-0.1778136779,21099,13.7812218589,2653.3645451105,14.0,1768.0,linear,2017-04,0.8868455367,948659,450.0,5483.0,0.0020565872,5.1687628605,4.6330910339,21044,21098,4.9473289165,21087,4.9540293182,21099,PZU,0.9777591316,0
0.0978265109,,948659,0.0155788329,0.0227226011,21556,20,retain,0,-0.0617371916,-0.3121275633,21499,21556,-0.1691023309,21549,-0.1593832381,21556,13.8191222861,2608.9585994546,14.0,1723.0,xgboost,2017-04,0.8845169866,948659,428.0,5426.0,0.0020776696,5.0795321689,4.5796587559,21499,21556,4.8654488567,21549,4.8842235275,21556,PZU,0.9772773989,0
0.0989755012,,948659,0.0165718135,0.0240138975,22781,20,retain,1,-0.0431294655,-0.3035324387,22719,22779,-0.1546174451,22766,-0.1453740484,20835,13.5734164435,2620.2845268953,14.0,1742.0,linear,2017-04,0.8823033356,948659,420.0,5449.0,0.0021493498,5.0175880791,4.499787613,22719,22779,4.7969789554,22766,4.7822476571,20835,PZU,0.9759861025,0
0.1006747419,,948659,0.0168016115,0.0243817852,23130,20,retain,1,-0.0510817684,-0.2978360924,23067,23130,-0.159604678,23122,-0.1423590922,21147,13.6167747514,2578.9372092607,14.0,1697.0,xgboost,2017-04,0.8803542685,948659,403.0,5388.0,0.002169378,4.9360661884,4.4431524755,23067,23130,4.7198954952,23122,4.7244496125,21147,PZU,0.9756182148,0
0.1068181507,,948659,0.0186789985,0.0272753434,25875,20,retain,5,-0.0286546385,-0.2668272962,25774,25862,-0.1414851056,25840,-0.0306992063,15936,13.3391690821,2536.1195624561,14.0,1657.0,linear,2017-04,0.8722059244,948659,364.0,5356.0,0.0022969265,4.8513880279,4.3785457215,25774,25862,4.6285534747,25840,4.5884999768,15936,PZU,0.9727246566,0
0.1085511232,,948659,0.0189267166,0.0276653676,26245,20,retain,5,-0.0291484597,-0.2612792846,26146,26238,-0.1379590791,26221,-0.0262238561,16090,13.3606401219,2498.2012050695,14.0,1613.0,xgboost,2017-04,0.8701946643,948659,353.0,5302.0,0.002327496,4.7733867137,4.3110031893,26146,26238,4.5572701336,26221,4.5162293273,16090,PZU,0.9723346324,0
0.1890771214,,927045,0.065805867,0.0948702598,87949,50,retain,0,-0.1593485917,-0.4725477569,87876,87948,-0.3593499529,87929,-0.5897477926,87949,30.7604861909,2645.6072963017,32.0,1762.0,linear,2017-04,0.736779768,927045,446.0,5483.0,0.0083372436,5.87072438,5.2431000748,87876,87948,5.4703517611,87929,5.0098949137,87949,PZU,0.9051297402,0
0.1913510132,,927045,0.067166103,0.0968227001,89759,50,retain,0,-0.1534276798,-0.4545373816,89683,89758,-0.3555040048,89740,-0.5683570692,89759,30.7863278334,2610.215272182,32.0,1724.0,xgboost,2017-04,0.7331467189,927045,429.0,5429.0,0.0083361649,5.9836711461,5.3804029684,89683,89758,5.5792992263,89740,5.1537226161,89759,PZU,0.9031772999,0
0.1930488811,,927045,0.0679147183,0.098165677,91004,50,retain,1,-0.1498222875,-0.4570528713,90914,91002,-0.3457841618,90977,-0.5648521791,88607,30.4200035163,2612.4394220345,31.0,1735.0,linear,2017-04,0.7304963621,927045,418.4,5441.0,0.0085400385,5.8080772888,5.1922294557,90914,91002,5.4156395754,90977,4.9499025137,88607,PZU,0.901834323,0
0.1944598159,,927045,0.0689340863,0.0994784503,92221,50,retain,1,-0.1490580823,-0.4439796296,92128,92219,-0.3488789785,92195,-0.5520089732,89764,30.5651749602,2580.7531435907,31.0,1699.0,xgboost,2017-04,0.7280606659,927045,404.0,5391.0,0.008545432,5.9205140596,5.3295145399,92128,92219,5.520548943,92195,5.0892704804,89764,PZU,0.9005215497,0
0.2033040467,,927045,0.0729080034,0.1058459945,98124,50,retain,5,-0.1385604044,-0.435757011,97952,98107,-0.3319507836,98053,-0.5026568595,85505,29.9975337328,2527.7584184155,31.0,1648.0,linear,2017-04,0.7147150354,927045,364.0,5350.0,0.0090729145,5.7184392468,5.1220707386,97952,98107,5.3309266796,98053,4.8503745387,85505,PZU,0.8941540055,0
0.2046675188,,927045,0.0738205804,0.1070832592,99271,50,retain,5,-0.1378587236,-0.4246247605,99104,99260,-0.3315848863,99209,-0.4909873664,86425,30.1049551228,2500.3305416673,31.0,1615.0,xgboost,2017-04,0.712443301,927045,356.0,5304.0,0.0090685997,5.8061055781,5.2306021243,99104,99260,5.4178759468,99209,4.960672297,86425,PZU,0.8929167408,0
0.0532870244,,956762,0.0036801211,0.005601184,5359,10,reset,0,0.0763398295,-0.0665735496,5338,5358,0.1215650039,5355,0.1197700896,5359,7.5459973876,2656.946660716,8.0,1770.0,linear,2017-04,0.9425687893,956762,450.0,5486.0,0.0004640653,5.2619127207,4.9998594378,5338,5358,5.3538216747,5355,5.3483167127,5359,PZU,0.994398816,0
0.0539214559,,956762,0.0034585404,0.0052918072,5063,10,reset,0,0.0755389746,-0.0501296279,5042,5062,0.1283242716,5059,0.116597319,5063,7.5929290934,2625.6797468963,8.0,1740.0,xgboost,2017-04,0.9421663904,956762,434.0,5451.0,0.0004536133,5.299146308,5.0696009092,5042,5062,5.4063034436,5059,5.3807769408,5063,PZU,0.9947081928,0
0.0556658814,,956762,0.0043960776,0.0064624222,6183,10,reset,1,0.133457858,-0.0051526608,6151,6180,0.1606855165,6173,0.1527069222,5012,7.4138767589,2623.9246886896,8.0,1745.0,linear,2017-04,0.9394342585,956762,423.0,5451.0,0.0005037825,4.9097085025,4.6556934091,6151,6180,4.9667628683,6173,4.8365238748,5012,PZU,0.9935375778,0
0.0562240139,,956762,0.004235118,0.006200079,5932,10,reset,1,0.0942365298,-0.0326689201,5902,5929,0.1302115304,5924,0.1058277794,4761,7.4418408631,2595.3830304715,8.0,1714.0,xgboost,2017-04,0.9390569442,956762,410.0,5414.0,0.0004839239,4.871211354,4.6367816779,5902,5929,4.9439839477,5924,4.7932395205,4761,PZU,0.993799921,0
0.0612931952,,956762,0.0053628802,0.0078870189,7546,10,reset,5,0.1566481822,0.0253638217,7478,7531,0.1463247914,7509,0.1875768872,1663,7.382851842,2540.0012960381,8.0,1662.0,linear,2017-04,0.932774295,956762,364.0,5356.0,0.0005696296,4.7307947942,4.4875756383,7478,7531,4.7142683587,7509,4.0436101876,1663,PZU,0.9921129811,0
0.0619067229,,956762,0.0053545187,0.007795042,7458,10,reset,5,0.1505627943,0.0086247437,7394,7444,0.1443295019,7428,0.1986225689,1599,7.4120407616,2514.354705768,8.0,1633.0,xgboost,2017-04,0.932192123,956762,360.0,5331.0,0.0005466354,4.7085737963,4.4421536307,7394,7444,4.6984330412,7428,4.0369852273,1599,PZU,0.992204958,0
0.095791006,,948659,0.01530687,0.0222408684,21099,20,reset,0,-0.0705891021,-0.340094911,21044,21098,-0.1822777084,21087,-0.1778136779,21099,13.7812218589,2653.3645451105,14.0,1768.0,linear,2017-04,0.8868455367,948659,450.0,5483.0,0.0020565872,5.1687628605,4.6330910339,21044,21098,4.9473289165,21087,4.9540293182,21099,PZU,0.9777591316,0
0.0978265109,,948659,0.0155788329,0.0227226011,21556,20,reset,0,-0.0617371916,-0.3121275633,21499,21556,-0.1691023309,21549,-0.1593832381,21556,13.8191222861,2608.9585994546,14.0,1723.0,xgboost,2017-04,0.8845169866,948659,428.0,5426.0,0.0020776696,5.0795321689,4.5796587559,21499,21556,4.8654488567,21549,4.8842235275,21556,PZU,0.9772773989,0
0.0989755012,,948659,0.0165718135,0.0240138975,22781,20,reset,1,-0.0431294655,-0.3035324387,22719,22779,-0.1546174451,22766,-0.1453740484,20835,13.5734164435,2620.2845268953,14.0,1742.0,linear,2017-04,0.8823033356,948659,420.0,5449.0,0.0021493498,5.0175880791,4.499787613,22719,22779,4.7969789554,22766,4.7822476571,20835,PZU,0.9759861025,0
0.1006747419,,948659,0.0168016115,0.0243817852,23130,20,reset,1,-0.0510817684,-0.2978360924,23067,23130,-0.159604678,23122,-0.1423590922,21147,13.6167747514,2578.9372092607,14.0,1697.0,xgboost,2017-04,0.8803542685,948659,403.0,5388.0,0.002169378,4.9360661884,4.4431524755,23067,23130,4.7198954952,23122,4.7244496125,21147,PZU,0.9756182148,0
0.1068181507,,948659,0.0186789985,0.0272753434,25875,20,reset,5,-0.0286546385,-0.2668272962,25774,25862,-0.1414851056,25840,-0.0306992063,15936,13.3391690821,2536.1195624561,14.0,1657.0,linear,2017-04,0.8722059244,948659,364.0,5356.0,0.0022969265,4.8513880279,4.3785457215,25774,25862,4.6285534747,25840,4.5884999768,15936,PZU,0.9727246566,0
0.1085511232,,948659,0.0189267166,0.0276653676,26245,20,reset,5,-0.0291484597,-0.2612792846,26146,26238,-0.1379590791,26221,-0.0262238561,16090,13.3606401219,2498.2012050695,14.0,1613.0,xgboost,2017-04,0.8701946643,948659,353.0,5302.0,0.002327496,4.7733867137,4.3110031893,26146,26238,4.5572701336,26221,4.5162293273,16090,PZU,0.9723346324,0
0.1890771214,,927045,0.065805867,0.0948702598,87949,50,reset,0,-0.1593485917,-0.4725477569,87876,87948,-0.3593499529,87929,-0.5897477926,87949,30.7604861909,2645.6072963017,32.0,1762.0,linear,2017-04,0.736779768,927045,446.0,5483.0,0.0083372436,5.87072438,5.2431000748,87876,87948,5.4703517611,87929,5.0098949137,87949,PZU,0.9051297402,0
0.1913510132,,927045,0.067166103,0.0968227001,89759,50,reset,0,-0.1534276798,-0.4545373816,89683,89758,-0.3555040048,89740,-0.5683570692,89759,30.7863278334,2610.215272182,32.0,1724.0,xgboost,2017-04,0.7331467189,927045,429.0,5429.0,0.0083361649,5.9836711461,5.3804029684,89683,89758,5.5792992263,89740,5.1537226161,89759,PZU,0.9031772999,0
0.1930488811,,927045,0.0679147183,0.098165677,91004,50,reset,1,-0.1498222875,-0.4570528713,90914,91002,-0.3457841618,90977,-0.5648521791,88607,30.4200035163,2612.4394220345,31.0,1735.0,linear,2017-04,0.7304963621,927045,418.4,5441.0,0.0085400385,5.8080772888,5.1922294557,90914,91002,5.4156395754,90977,4.9499025137,88607,PZU,0.901834323,0
0.1944598159,,927045,0.0689340863,0.0994784503,92221,50,reset,1,-0.1490580823,-0.4439796296,92128,92219,-0.3488789785,92195,-0.5520089732,89764,30.5651749602,2580.7531435907,31.0,1699.0,xgboost,2017-04,0.7280606659,927045,404.0,5391.0,0.008545432,5.9205140596,5.3295145399,92128,92219,5.520548943,92195,5.0892704804,89764,PZU,0.9005215497,0
0.2033040467,,927045,0.0729080034,0.1058459945,98124,50,reset,5,-0.1385604044,-0.435757011,97952,98107,-0.3319507836,98053,-0.5026568595,85505,29.9975337328,2527.7584184155,31.0,1648.0,linear,2017-04,0.7147150354,927045,364.0,5350.0,0.0090729145,5.7184392468,5.1220707386,97952,98107,5.3309266796,98053,4.8503745387,85505,PZU,0.8941540055,0
0.2046675188,,927045,0.0738205804,0.1070832592,99271,50,reset,5,-0.1378587236,-0.4246247605,99104,99260,-0.3315848863,99209,-0.4909873664,86425,30.1049551228,2500.3305416673,31.0,1615.0,xgboost,2017-04,0.712443301,927045,356.0,5304.0,0.0090685997,5.8061055781,5.2306021243,99104,99260,5.4178759468,99209,4.960672297,86425,PZU,0.8929167408,0
0.0824338486,,970463,0.0047142446,0.0070893996,6880,10,retain,0,0.2261040749,0.1203537299,6880,6880,0.1917945154,6880,0.1959370104,6880,7.457122093,1691.7920879003,8.0,1211.0,linear,2017-06,0.9121625451,970463,350.0,3520.0,0.0006893617,7.6811414365,7.4697895769,6880,6880,7.6125639857,6880,7.6208427144,6880,PZU,0.9929106004,0
0.1097970762,7.0,970463,0.0103012686,0.0160397666,15566,10,retain,0,0.1739506051,0.0338410603,15566,15566,0.1473948117,15566,0.1278769769,15566,7.1816137736,1078.9801424681,7.0,615.0,xgboost,2017-06,0.8785888797,970463,171.0,2500.0,0.0013127754,5.8729048656,5.5926432086,15566,15566,5.8197615227,15566,5.7807154466,15566,PZU,0.9839602334,0
0.0806357378,,970463,0.004523614,0.0067071078,6509,10,retain,0,0.2076135704,0.1394490868,6509,6509,0.1829564274,6509,0.1895840666,6509,7.5377170072,1680.6532881728,8.0,1202.0,xgboost,2017-06,0.9141729257,970463,347.0,3501.0,0.0006677225,7.4814478519,7.3452143812,6509,6509,7.4321552053,6509,7.4453948573,6509,PZU,0.9932928922,0
0.08584047,,970463,0.0057725024,0.0086494797,8394,10,retain,1,0.2274153393,0.1248981433,8394,8394,0.235072617,8394,0.199034239,6858,7.2072909221,1667.2222464947,8.0,1191.0,linear,2017-06,0.9076183224,970463,330.0,3494.0,0.0007687052,7.2305635277,7.0256309761,8394,8394,7.245873292,8394,7.1387215326,6858,PZU,0.9913505203,0
0.1101113592,7.0,970463,0.0105392993,0.0164055714,15921,10,retain,1,0.1716820435,0.0263347348,15921,15921,0.1590514314,15921,0.1267117365,13186,7.1434583255,1077.9080933534,7.0,615.0,xgboost,2017-06,0.8780283226,970463,170.0,2500.0,0.0013210189,5.912646245,5.6219273685,15921,15921,5.8873493368,15921,5.7229556887,13186,PZU,0.9835944286,0
0.0842278376,,970463,0.0054654325,0.0081837226,7942,10,retain,1,0.235382009,0.1417644481,7942,7942,0.2317024732,7942,0.1980109859,6466,7.2652984135,1658.1350077231,8.0,1184.0,xgboost,2017-06,0.9095679073,970463,324.0,3480.0,0.0007388226,7.1366498644,6.9494918554,7942,7942,7.1292777779,7942,7.0055318737,6466,PZU,0.9918162774,0
0.0934286006,,970463,0.0067998471,0.0104888079,10179,10,retain,5,0.2003534503,0.0599882887,10179,10179,0.197830849,10179,0.1902315357,2625,7.1546320857,1608.5525671767,7.0,1122.0,linear,2017-06,0.8988554947,970463,275.0,3436.0,0.0009160576,6.5574192586,6.2767504925,10179,10179,6.552356947,10179,5.9089746286,2625,PZU,0.9895111921,0
0.1101113592,7.0,970463,0.0105588776,0.0164447279,15959,10,retain,5,0.1688468086,0.0501126475,15959,15959,0.1578926915,15959,0.1757996304,4229,7.1188670969,1077.7641641155,7.0,616.0,xgboost,2017-06,0.8780386269,970463,170.0,2500.0,0.0012911363,5.885044096,5.6475781641,15959,15959,5.8631126373,15959,5.1201091624,4229,PZU,0.9835552721,0
0.0924909038,,970463,0.0065339946,0.0100560248,9759,10,retain,5,0.1921403845,0.0388677477,9759,9759,0.1748546936,9759,0.1703000853,2457,7.1824982068,1600.7951575691,7.0,1116.0,xgboost,2017-06,0.9000858353,970463,271.0,3416.0,0.0008892663,6.4479802456,6.1414768556,9759,9759,6.4133936998,9759,5.8720025258,2457,PZU,0.9899439752,0
0.1400531614,,970253,0.0177963892,0.0276731945,26850,20,retain,0,0.0428640228,-0.1361996225,26849,26849,0.0056347423,26849,-0.0106451036,26850,13.7091247672,1692.3928635109,14.0,1213.0,linear,2017-06,0.8392676962,970253,351.0,3520.0,0.0028827533,7.5362233669,7.1781317958,26849,26849,7.4618031416,26849,7.4292170922,26850,PZU,0.9723268055,0
0.1386957835,,970253,0.0177747453,0.0271207613,26314,20,retain,0,0.0344185828,-0.1419093437,26313,26313,-0.0018370025,26313,-0.0170748773,26314,13.7532112184,1678.9603639463,14.0,1200.0,xgboost,2017-06,0.8407013428,970253,347.0,3500.0,0.0028281283,7.5278700415,7.175255558,26313,26313,7.4553952572,26313,7.4248964829,26314,PZU,0.9728792387,0
0.1783029787,7.0,970253,0.0308970959,0.0502590561,48764,20,retain,0,0.0491035098,-0.0713834707,48761,48764,0.0261972924,48764,-0.0020900353,48764,12.8993724879,1143.6048319356,13.0,678.0,xgboost,2017-06,0.7864433297,970253,171.0,2625.0,0.0043565957,6.1738322917,5.933349297,48761,48764,6.1279887464,48764,6.0714164733,48764,PZU,0.9497409439,0
0.1442963846,,970253,0.0193557763,0.0302519034,29352,20,retain,1,0.0554673005,-0.1232247103,29350,29350,0.0276078798,29350,0.0172676627,27000,13.3520714091,1667.7278874685,14.0,1191.0,linear,2017-06,0.8333383149,970253,330.0,3494.0,0.0030095243,7.3305663938,6.9732139708,29350,29350,7.274871368,29350,7.2221719243,27000,PZU,0.9697480966,0
0.1430101221,,970253,0.019120786,0.0295541472,28675,20,retain,1,0.0513506324,-0.1289271368,28673,28673,0.0203609039,28673,0.0087237157,26327,13.4267480384,1656.6873042392,14.0,1183.0,xgboost,2017-06,0.8349028552,970253,324.0,3476.0,0.0029662366,7.334812594,6.9742864203,28673,28673,7.272854288,28673,7.1952928647,26327,PZU,0.9704458528,0
0.1773702323,7.0,970253,0.0310053151,0.0500199433,48532,20,retain,1,0.0505840814,-0.06852875,48529,48532,0.0255578046,48532,0.0050278215,45090,12.8990356878,1141.091623525,13.0,675.0,xgboost,2017-06,0.7872853781,970253,171.0,2621.0,0.0043390744,6.2600127152,6.0222853583,48529,48532,6.209928858,48532,6.0902995309,45090,PZU,0.9499800567,0
0.1544999088,,970253,0.0215758158,0.0344930652,33467,20,retain,5,0.0562442165,-0.1285948174,33463,33463,0.0172966507,33463,0.0625541463,20800,13.1611736935,1608.8950057356,14.0,1124.0,linear,2017-06,0.820700374,970253,275.0,3436.0,0.0032239014,6.9100126465,6.5403703026,33463,33463,6.8321342915,33463,6.6356672624,20800,PZU,0.9655069348,0
0.1535568558,,970253,0.0213851439,0.0339499079,32940,20,retain,5,0.0420723262,-0.1450757226,32936,32936,0.0050917063,32936,0.0487323258,20379,13.2051912568,1599.7230413098,14.0,1115.0,xgboost,2017-06,0.8218835706,970253,272.0,3414.0,0.0031744298,6.8717014025,6.4974237129,32936,32936,6.7977580173,32936,6.5805086859,20379,PZU,0.9660500921,0
0.1772094495,7.0,970253,0.0311908337,0.0500044834,48517,20,retain,5,0.048482529,-0.0793274473,48512,48515,0.0163223465,48515,0.0520086246,31373,12.8900385432,1136.3183973665,13.0,670.0,xgboost,2017-06,0.7872998074,970253,171.0,2616.0,0.0042999094,6.3065557354,6.0514408637,48512,48515,6.2422082202,48515,5.9730989965,31373,PZU,0.9499955166,0
0.2582931717,,969623,0.0708780629,0.1098457854,106509,50,retain,0,-0.0570259182,-0.3620705464,106506,106509,-0.2020910455,106506,-0.49884584,106509,30.3236909557,1692.8663387729,31.0,1213.0,linear,2017-06,0.6606217055,969623,352.2,3520.0,0.0102070599,8.3377780582,7.7276013261,106506,106509,8.0475876451,106506,7.454118387,106509,PZU,0.8901542146,0
0.3120109568,7.0,969623,0.0988817303,0.1574395409,152657,50,retain,0,-0.0496110955,-0.2522228597,152649,152657,-0.1625532401,152655,-0.3651599076,152657,28.1041943704,1143.1496839493,28.0,670.0,xgboost,2017-06,0.5762734589,969623,171.0,2652.0,0.012833854,7.5794577035,7.1738595905,152649,152657,7.353511954,152655,6.9483657315,152657,PZU,0.8425604591,0
0.2575464897,,969623,0.0720218064,0.1102418156,106893,50,retain,0,-0.0520019269,-0.3442096305,106888,106893,-0.1901042608,106891,-0.490152369,106893,30.3110119465,1669.1767893295,31.0,1197.0,xgboost,2017-06,0.6602669285,969623,341.0,3493.0,0.0101647754,8.4589118233,7.8742368545,106888,106893,8.1826785634,106891,7.5825948368,106893,PZU,0.8897581844,0
0.2630640981,,969623,0.0732078344,0.1138566226,110398,50,retain,1,-0.0506198594,-0.3493068944,110394,110398,-0.1901403979,110394,-0.4737960668,107572,29.8933495172,1668.1817654903,31.0,1191.0,linear,2017-06,0.6533219612,969623,330.0,3494.0,0.0104061063,8.2641110776,7.6666246773,110394,110398,7.9849804086,110394,7.3888683642,107572,PZU,0.8861433774,0
0.3112518989,7.0,969623,0.0991117166,0.1574611988,152678,50,retain,1,-0.0500428639,-0.2501137481,152669,152678,-0.1619562405,152675,-0.3566794366,149344,28.1397778331,1140.5281320678,28.0,667.0,xgboost,2017-06,0.5768004678,969623,171.0,2646.0,0.0128359166,7.6214181996,7.2208854139,152669,152678,7.3975117326,152675,6.972773831,149344,PZU,0.8425388012,0
0.2619801717,,969623,0.0739607043,0.1137998995,110343,50,retain,1,-0.048576198,-0.3372106239,110336,110343,-0.1821626182,110340,-0.468239421,107529,29.9374133384,1647.6497143735,31.0,1178.0,xgboost,2017-06,0.6537128348,969623,321.0,3465.0,0.0103462892,8.3726253535,7.7950102637,110336,110343,8.1053976399,110340,7.5075793834,107529,PZU,0.8862001005,0
0.2749346911,,969623,0.0777436179,0.12224545,118532,50,retain,5,-0.0510622835,-0.3434795682,118524,118532,-0.1940751021,118524,-0.421001413,103953,29.3970404616,1609.3186063037,30.0,1124.0,linear,2017-06,0.6364886146,969623,275.0,3436.0,0.0108330764,8.0830600677,7.4980183263,118524,118532,7.7968439281,118524,7.1714705679,103953,PZU,0.87775455,0
0.3112879954,7.0,969623,0.0996748221,0.1580882467,153286,50,retain,5,-0.0487305983,-0.2534823659,153270,153286,-0.1625271363,153279,-0.3282690007,136414,28.1689521548,1133.87818152,28.0,660.0,xgboost,2017-06,0.5762229238,969623,170.0,2634.0,0.0128142587,7.6435907708,7.2334558166,153270,153286,7.4158308417,153279,6.8970616752,136414,PZU,0.8419117533,0
0.2738734539,,969623,0.078387167,0.1222392621,118526,50,retain,5,-0.0493978483,-0.3348150014,118511,118526,-0.1857974913,118519,-0.4151687382,103975,29.4274167693,1592.0769103043,30.0,1108.0,xgboost,2017-06,0.6370393442,969623,271.0,3401.0,0.010700035,8.1515941552,7.5800828392,118511,118526,7.8786390161,118519,7.2690108448,103975,PZU,0.8777607379,0
0.0824338486,,970463,0.0047142446,0.0070893996,6880,10,reset,0,0.2261040749,0.1203537299,6880,6880,0.1917945154,6880,0.1959370104,6880,7.457122093,1691.7920879003,8.0,1211.0,linear,2017-06,0.9121625451,970463,350.0,3520.0,0.0006893617,7.6811414365,7.4697895769,6880,6880,7.6125639857,6880,7.6208427144,6880,PZU,0.9929106004,0
0.1097970762,7.0,970463,0.0103012686,0.0160397666,15566,10,reset,0,0.1739506051,0.0338410603,15566,15566,0.1473948117,15566,0.1278769769,15566,7.1816137736,1078.9801424681,7.0,615.0,xgboost,2017-06,0.8785888797,970463,171.0,2500.0,0.0013127754,5.8729048656,5.5926432086,15566,15566,5.8197615227,15566,5.7807154466,15566,PZU,0.9839602334,0
0.0806357378,,970463,0.004523614,0.0067071078,6509,10,reset,0,0.2076135704,0.1394490868,6509,6509,0.1829564274,6509,0.1895840666,6509,7.5377170072,1680.6532881728,8.0,1202.0,xgboost,2017-06,0.9141729257,970463,347.0,3501.0,0.0006677225,7.4814478519,7.3452143812,6509,6509,7.4321552053,6509,7.4453948573,6509,PZU,0.9932928922,0
0.08584047,,970463,0.0057725024,0.0086494797,8394,10,reset,1,0.2274153393,0.1248981433,8394,8394,0.235072617,8394,0.199034239,6858,7.2072909221,1667.2222464947,8.0,1191.0,linear,2017-06,0.9076183224,970463,330.0,3494.0,0.0007687052,7.2305635277,7.0256309761,8394,8394,7.245873292,8394,7.1387215326,6858,PZU,0.9913505203,0
0.1101113592,7.0,970463,0.0105392993,0.0164055714,15921,10,reset,1,0.1716820435,0.0263347348,15921,15921,0.1590514314,15921,0.1267117365,13186,7.1434583255,1077.9080933534,7.0,615.0,xgboost,2017-06,0.8780283226,970463,170.0,2500.0,0.0013210189,5.912646245,5.6219273685,15921,15921,5.8873493368,15921,5.7229556887,13186,PZU,0.9835944286,0
0.0842278376,,970463,0.0054654325,0.0081837226,7942,10,reset,1,0.235382009,0.1417644481,7942,7942,0.2317024732,7942,0.1980109859,6466,7.2652984135,1658.1350077231,8.0,1184.0,xgboost,2017-06,0.9095679073,970463,324.0,3480.0,0.0007388226,7.1366498644,6.9494918554,7942,7942,7.1292777779,7942,7.0055318737,6466,PZU,0.9918162774,0
0.0934286006,,970463,0.0067998471,0.0104888079,10179,10,reset,5,0.2003534503,0.0599882887,10179,10179,0.197830849,10179,0.1902315357,2625,7.1546320857,1608.5525671767,7.0,1122.0,linear,2017-06,0.8988554947,970463,275.0,3436.0,0.0009160576,6.5574192586,6.2767504925,10179,10179,6.552356947,10179,5.9089746286,2625,PZU,0.9895111921,0
0.1101113592,7.0,970463,0.0105588776,0.0164447279,15959,10,reset,5,0.1688468086,0.0501126475,15959,15959,0.1578926915,15959,0.1757996304,4229,7.1188670969,1077.7641641155,7.0,616.0,xgboost,2017-06,0.8780386269,970463,170.0,2500.0,0.0012911363,5.885044096,5.6475781641,15959,15959,5.8631126373,15959,5.1201091624,4229,PZU,0.9835552721,0
0.0924909038,,970463,0.0065339946,0.0100560248,9759,10,reset,5,0.1921403845,0.0388677477,9759,9759,0.1748546936,9759,0.1703000853,2457,7.1824982068,1600.7951575691,7.0,1116.0,xgboost,2017-06,0.9000858353,970463,271.0,3416.0,0.0008892663,6.4479802456,6.1414768556,9759,9759,6.4133936998,9759,5.8720025258,2457,PZU,0.9899439752,0
0.1400531614,,970253,0.0177963892,0.0276731945,26850,20,reset,0,0.0428640228,-0.1361996225,26849,26849,0.0056347423,26849,-0.0106451036,26850,13.7091247672,1692.3928635109,14.0,1213.0,linear,2017-06,0.8392676962,970253,351.0,3520.0,0.0028827533,7.5362233669,7.1781317958,26849,26849,7.4618031416,26849,7.4292170922,26850,PZU,0.9723268055,0
0.1386957835,,970253,0.0177747453,0.0271207613,26314,20,reset,0,0.0344185828,-0.1419093437,26313,26313,-0.0018370025,26313,-0.0170748773,26314,13.7532112184,1678.9603639463,14.0,1200.0,xgboost,2017-06,0.8407013428,970253,347.0,3500.0,0.0028281283,7.5278700415,7.175255558,26313,26313,7.4553952572,26313,7.4248964829,26314,PZU,0.9728792387,0
0.1783029787,7.0,970253,0.0308970959,0.0502590561,48764,20,reset,0,0.0491035098,-0.0713834707,48761,48764,0.0261972924,48764,-0.0020900353,48764,12.8993724879,1143.6048319356,13.0,678.0,xgboost,2017-06,0.7864433297,970253,171.0,2625.0,0.0043565957,6.1738322917,5.933349297,48761,48764,6.1279887464,48764,6.0714164733,48764,PZU,0.9497409439,0
0.1442963846,,970253,0.0193557763,0.0302519034,29352,20,reset,1,0.0554673005,-0.1232247103,29350,29350,0.0276078798,29350,0.0172676627,27000,13.3520714091,1667.7278874685,14.0,1191.0,linear,2017-06,0.8333383149,970253,330.0,3494.0,0.0030095243,7.3305663938,6.9732139708,29350,29350,7.274871368,29350,7.2221719243,27000,PZU,0.9697480966,0
0.1430101221,,970253,0.019120786,0.0295541472,28675,20,reset,1,0.0513506324,-0.1289271368,28673,28673,0.0203609039,28673,0.0087237157,26327,13.4267480384,1656.6873042392,14.0,1183.0,xgboost,2017-06,0.8349028552,970253,324.0,3476.0,0.0029662366,7.334812594,6.9742864203,28673,28673,7.272854288,28673,7.1952928647,26327,PZU,0.9704458528,0
0.1773702323,7.0,970253,0.0310053151,0.0500199433,48532,20,reset,1,0.0505840814,-0.06852875,48529,48532,0.0255578046,48532,0.0050278215,45090,12.8990356878,1141.091623525,13.0,675.0,xgboost,2017-06,0.7872853781,970253,171.0,2621.0,0.0043390744,6.2600127152,6.0222853583,48529,48532,6.209928858,48532,6.0902995309,45090,PZU,0.9499800567,0
0.1544999088,,970253,0.0215758158,0.0344930652,33467,20,reset,5,0.0562442165,-0.1285948174,33463,33463,0.0172966507,33463,0.0625541463,20800,13.1611736935,1608.8950057356,14.0,1124.0,linear,2017-06,0.820700374,970253,275.0,3436.0,0.0032239014,6.9100126465,6.5403703026,33463,33463,6.8321342915,33463,6.6356672624,20800,PZU,0.9655069348,0
0.1535568558,,970253,0.0213851439,0.0339499079,32940,20,reset,5,0.0420723262,-0.1450757226,32936,32936,0.0050917063,32936,0.0487323258,20379,13.2051912568,1599.7230413098,14.0,1115.0,xgboost,2017-06,0.8218835706,970253,272.0,3414.0,0.0031744298,6.8717014025,6.4974237129,32936,32936,6.7977580173,32936,6.5805086859,20379,PZU,0.9660500921,0
0.1772094495,7.0,970253,0.0311908337,0.0500044834,48517,20,reset,5,0.048482529,-0.0793274473,48512,48515,0.0163223465,48515,0.0520086246,31373,12.8900385432,1136.3183973665,13.0,670.0,xgboost,2017-06,0.7872998074,970253,171.0,2616.0,0.0042999094,6.3065557354,6.0514408637,48512,48515,6.2422082202,48515,5.9730989965,31373,PZU,0.9499955166,0
0.2582931717,,969623,0.0708780629,0.1098457854,106509,50,reset,0,-0.0570259182,-0.3620705464,106506,106509,-0.2020910455,106506,-0.49884584,106509,30.3236909557,1692.8663387729,31.0,1213.0,linear,2017-06,0.6606217055,969623,352.2,3520.0,0.0102070599,8.3377780582,7.7276013261,106506,106509,8.0475876451,106506,7.454118387,106509,PZU,0.8901542146,0
0.3120109568,7.0,969623,0.0988817303,0.1574395409,152657,50,reset,0,-0.0496110955,-0.2522228597,152649,152657,-0.1625532401,152655,-0.3651599076,152657,28.1041943704,1143.1496839493,28.0,670.0,xgboost,2017-06,0.5762734589,969623,171.0,2652.0,0.012833854,7.5794577035,7.1738595905,152649,152657,7.353511954,152655,6.9483657315,152657,PZU,0.8425604591,0
0.2575464897,,969623,0.0720218064,0.1102418156,106893,50,reset,0,-0.0520019269,-0.3442096305,106888,106893,-0.1901042608,106891,-0.490152369,106893,30.3110119465,1669.1767893295,31.0,1197.0,xgboost,2017-06,0.6602669285,969623,341.0,3493.0,0.0101647754,8.4589118233,7.8742368545,106888,106893,8.1826785634,106891,7.5825948368,106893,PZU,0.8897581844,0
0.2630640981,,969623,0.0732078344,0.1138566226,110398,50,reset,1,-0.0506198594,-0.3493068944,110394,110398,-0.1901403979,110394,-0.4737960668,107572,29.8933495172,1668.1817654903,31.0,1191.0,linear,2017-06,0.6533219612,969623,330.0,3494.0,0.0104061063,8.2641110776,7.6666246773,110394,110398,7.9849804086,110394,7.3888683642,107572,PZU,0.8861433774,0
0.3112518989,7.0,969623,0.0991117166,0.1574611988,152678,50,reset,1,-0.0500428639,-0.2501137481,152669,152678,-0.1619562405,152675,-0.3566794366,149344,28.1397778331,1140.5281320678,28.0,667.0,xgboost,2017-06,0.5768004678,969623,171.0,2646.0,0.0128359166,7.6214181996,7.2208854139,152669,152678,7.3975117326,152675,6.972773831,149344,PZU,0.8425388012,0
0.2619801717,,969623,0.0739607043,0.1137998995,110343,50,reset,1,-0.048576198,-0.3372106239,110336,110343,-0.1821626182,110340,-0.468239421,107529,29.9374133384,1647.6497143735,31.0,1178.0,xgboost,2017-06,0.6537128348,969623,321.0,3465.0,0.0103462892,8.3726253535,7.7950102637,110336,110343,8.1053976399,110340,7.5075793834,107529,PZU,0.8862001005,0
0.2749346911,,969623,0.0777436179,0.12224545,118532,50,reset,5,-0.0510622835,-0.3434795682,118524,118532,-0.1940751021,118524,-0.421001413,103953,29.3970404616,1609.3186063037,30.0,1124.0,linear,2017-06,0.6364886146,969623,275.0,3436.0,0.0108330764,8.0830600677,7.4980183263,118524,118532,7.7968439281,118524,7.1714705679,103953,PZU,0.87775455,0
0.3112879954,7.0,969623,0.0996748221,0.1580882467,153286,50,reset,5,-0.0487305983,-0.2534823659,153270,153286,-0.1625271363,153279,-0.3282690007,136414,28.1689521548,1133.87818152,28.0,660.0,xgboost,2017-06,0.5762229238,969623,170.0,2634.0,0.0128142587,7.6435907708,7.2334558166,153270,153286,7.4158308417,153279,6.8970616752,136414,PZU,0.8419117533,0
0.2738734539,,969623,0.078387167,0.1222392621,118526,50,reset,5,-0.0493978483,-0.3348150014,118511,118526,-0.1857974913,118519,-0.4151687382,103975,29.4274167693,1592.0769103043,30.0,1108.0,xgboost,2017-06,0.6370393442,969623,271.0,3401.0,0.010700035,8.1515941552,7.5800828392,118511,118526,7.8786390161,118519,7.2690108448,103975,PZU,0.8777607379,0
0.0424263879,,771171,0.0033416713,0.0045878281,3538,10,retain,0,-0.0009859922,-0.2879308963,3538,3538,-0.1964666221,3538,-0.0528608009,3538,7.7560768796,1726.7981640907,8.0,1362.0,linear,2017-09,0.9539181323,771171,422.0,3318.0,0.0003138085,3.7587952235,3.1848636978,3538,3538,3.3678426322,3538,3.6550236712,3538,PZU,0.9954121719,0
0.0411400325,,771171,0.0031925474,0.0042973608,3314,10,retain,0,-0.0552731895,-0.3485241182,3314,3314,-0.2211171272,3314,-0.090179349,3314,7.8177429089,1710.1098835407,8.0,1343.0,xgboost,2017-09,0.9553873265,771171,415.0,3289.0,0.0002800935,3.7260595402,3.1395186107,3314,3314,3.3943914446,3314,3.6562439974,3314,PZU,0.9957026392,0
0.0444298346,,771171,0.0037747789,0.0052556437,4053,10,retain,1,0.0551107068,-0.2353265533,4053,4053,-0.1484208859,4053,0.0278653537,3157,7.6323710831,1706.5379338694,8.0,1343.0,linear,2017-09,0.9514426761,771171,399.0,3304.0,0.0003527104,3.5925397684,3.011629203,4053,4053,3.1854703524,4053,3.4714462373,3157,PZU,0.9947443563,0
0.0433587363,,771171,0.0035841597,0.0049392418,3809,10,retain,1,0.0154318791,-0.2726654271,3809,3809,-0.1601234024,3809,0.0009009155,2945,7.6907324757,1692.7826772532,8.0,1327.0,xgboost,2017-09,0.9527290316,771171,393.0,3283.0,0.0003280725,3.5673805392,2.9911408154,3809,3809,3.2162688035,3809,3.4875370621,2945,PZU,0.9950607582,0
0.0494339128,,771171,0.0046591482,0.0065731206,5069,10,retain,5,0.0327506884,-0.2486804571,5069,5069,-0.1469469929,5069,0.1571325863,923,7.5762477806,1645.8235696104,8.0,1284.0,linear,2017-09,0.9454569739,771171,318.0,3258.0,0.0004499651,3.2245859799,2.6617169486,5069,5069,2.865181958,5069,2.9181534194,923,PZU,0.9934268794,0
0.0489657936,,771171,0.0045009473,0.0063513799,4898,10,retain,5,0.0150946127,-0.2743562003,4898,4898,-0.1462908893,4898,0.1397127002,888,7.5906492446,1634.7104727745,8.0,1273.0,xgboost,2017-09,0.946088481,771171,313.0,3241.0,0.0004447781,3.2385338768,2.6595895125,4898,4898,2.9157501596,4898,2.9301845208,888,PZU,0.9936486201,0
0.0777484205,,770961,0.0165261278,0.0224654684,17320,20,retain,0,-0.1692306623,-0.4906638447,17320,17320,-0.3922612149,17320,-0.3300202464,17320,14.3548498845,1726.1452006003,15.0,1362.0,linear,2017-09,0.9040418387,770961,422.0,3316.0,0.001683613,3.3218618446,2.6789915731,17320,17320,2.8758072779,17320,3.0002912428,17320,PZU,0.9775345316,0
0.076073887,,770961,0.0161421914,0.021656089,16696,20,retain,0,-0.1790735898,-0.511921797,16696,16696,-0.4000694032,16696,-0.3403954177,16696,14.4336966938,1709.7341785123,15.0,1343.0,xgboost,2017-09,0.9061470035,770961,415.0,3289.0,0.0016369181,3.4250899231,2.7593835951,16696,16696,2.9831095275,16696,3.102452776,16696,PZU,0.978343911,0
0.0803127525,,770961,0.0175248813,0.0240440178,18537,20,retain,1,-0.1431655252,-0.4571832291,18537,18537,-0.3609203725,18537,-0.2919175686,16713,14.180449911,1705.8448300238,15.0,1342.0,linear,2017-09,0.9003944428,770961,398.0,3300.0,0.0017679234,3.2688159374,2.6407750471,18537,18537,2.8333067975,18537,2.9591149337,16713,PZU,0.9759559822,0
0.0788678027,,770961,0.0170877645,0.0232022113,17888,20,retain,1,-0.1537725188,-0.4786355421,17888,17888,-0.3702567378,17888,-0.3041194897,16114,14.2522920394,1692.3751512722,15.0,1327.0,xgboost,2017-09,0.9023128278,770961,393.0,3281.0,0.0017316051,3.3618666829,2.7121203365,17888,17888,2.9288979659,17888,3.0480449453,16114,PZU,0.9767977887,0
0.0870653639,,770961,0.0199322664,0.0277523766,21396,20,retain,5,-0.1386054066,-0.4379135382,21396,21396,-0.3399732201,21396,-0.1928157323,12168,13.9566741447,1645.0830392199,15.0,1283.0,linear,2017-09,0.8909724357,770961,317.0,3258.0,0.0020299341,3.1174183232,2.5187981279,21396,21396,2.7146713956,21396,2.8971024296,12168,PZU,0.9722476234,0
0.0863830985,,770961,0.0197091682,0.0271751749,20951,20,retain,5,-0.1395115219,-0.4427914389,20951,20951,-0.3386068905,20951,-0.1938740066,11880,13.9944632714,1634.1483654815,15.0,1272.0,xgboost,2017-09,0.8919335738,770961,313.0,3240.0,0.0019741595,3.2000342801,2.5934506341,20951,20951,2.801829206,20951,2.9633058945,11880,PZU,0.9728248251,0
0.1663012393,,770331,0.0810015435,0.1069033961,82351,50,retain,0,-0.2077635281,-0.6379979332,82351,82351,-0.4927982146,82351,-0.7579096855,82351,31.4494905951,1724.7876653023,32.0,1360.0,linear,2017-09,0.7438724393,770331,420.0,3315.0,0.0088247779,3.71010223,2.8496244273,82351,82351,3.1400457521,82351,2.6098064499,82351,PZU,0.8930966039,0
0.1636608159,,770331,0.0808496607,0.1062530263,81850,50,retain,0,-0.2095683852,-0.6468026672,81850,81850,-0.4943928085,81850,-0.7580009928,81850,31.6188882101,1701.6177110878,33.0,1334.0,xgboost,2017-09,0.7468010505,770331,410.0,3284.0,0.0086884729,3.7845410805,2.9100567045,81850,81850,3.2149006461,81850,2.6876731194,81850,PZU,0.8937469737,0
0.1695414049,,770331,0.0830863616,0.109847585,84619,50,retain,1,-0.2006947567,-0.6242278173,84619,84619,-0.4814043265,84619,-0.7352956591,82282,31.1942707902,1704.553895663,32.0,1340.0,linear,2017-09,0.7384202375,770331,397.0,3299.0,0.008951996,3.7013862423,2.8543101523,84619,84619,3.1399791896,84619,2.6105072857,82282,PZU,0.890152415,0
0.1668659317,,770331,0.0826891297,0.1089713383,83944,50,retain,1,-0.2030990686,-0.634832069,83944,83944,-0.4851819876,83944,-0.73720555,81630,31.3500547984,1684.8331003166,32.0,1319.0,xgboost,2017-09,0.7416253533,770331,390.0,3272.0,0.0088195853,3.7678585553,2.9043756356,83944,83944,3.2036996706,83944,2.68047664,81630,PZU,0.8910286617,0
0.178856881,,770331,0.0889643543,0.1177208239,90684,50,retain,5,-0.1948739418,-0.6066506106,90684,90684,-0.4668307861,90684,-0.674413528,78614,30.7255414406,1643.9811717301,32.0,1283.0,linear,2017-09,0.7228632886,770331,317.0,3254.0,0.0093154761,3.6791717524,2.8556075735,90684,90684,3.1352689804,90684,2.6122336733,78614,PZU,0.8822791761,0
0.1767162428,,770331,0.0889968079,0.1175092266,90521,50,retain,5,-0.1943574918,-0.6114395939,90521,90521,-0.4676910748,90521,-0.6722296271,78398,30.8154129981,1627.4974316235,32.0,1265.0,xgboost,2017-09,0.7250714303,770331,310.0,3233.0,0.009215519,3.7347658421,2.9005857852,90521,90521,3.1881031989,90521,2.6785100998,78398,PZU,0.8824907734,0
0.0424263879,,771171,0.0033416713,0.0045878281,3538,10,reset,0,-0.0009859922,-0.2879308963,3538,3538,-0.1964666221,3538,-0.0528608009,3538,7.7560768796,1726.7981640907,8.0,1362.0,linear,2017-09,0.9539181323,771171,422.0,3318.0,0.0003138085,3.7587952235,3.1848636978,3538,3538,3.3678426322,3538,3.6550236712,3538,PZU,0.9954121719,0
0.0411400325,,771171,0.0031925474,0.0042973608,3314,10,reset,0,-0.0552731895,-0.3485241182,3314,3314,-0.2211171272,3314,-0.090179349,3314,7.8177429089,1710.1098835407,8.0,1343.0,xgboost,2017-09,0.9553873265,771171,415.0,3289.0,0.0002800935,3.7260595402,3.1395186107,3314,3314,3.3943914446,3314,3.6562439974,3314,PZU,0.9957026392,0
0.0444298346,,771171,0.0037747789,0.0052556437,4053,10,reset,1,0.0551107068,-0.2353265533,4053,4053,-0.1484208859,4053,0.0278653537,3157,7.6323710831,1706.5379338694,8.0,1343.0,linear,2017-09,0.9514426761,771171,399.0,3304.0,0.0003527104,3.5925397684,3.011629203,4053,4053,3.1854703524,4053,3.4714462373,3157,PZU,0.9947443563,0
0.0433587363,,771171,0.0035841597,0.0049392418,3809,10,reset,1,0.0154318791,-0.2726654271,3809,3809,-0.1601234024,3809,0.0009009155,2945,7.6907324757,1692.7826772532,8.0,1327.0,xgboost,2017-09,0.9527290316,771171,393.0,3283.0,0.0003280725,3.5673805392,2.9911408154,3809,3809,3.2162688035,3809,3.4875370621,2945,PZU,0.9950607582,0
0.0494339128,,771171,0.0046591482,0.0065731206,5069,10,reset,5,0.0327506884,-0.2486804571,5069,5069,-0.1469469929,5069,0.1571325863,923,7.5762477806,1645.8235696104,8.0,1284.0,linear,2017-09,0.9454569739,771171,318.0,3258.0,0.0004499651,3.2245859799,2.6617169486,5069,5069,2.865181958,5069,2.9181534194,923,PZU,0.9934268794,0
0.0489657936,,771171,0.0045009473,0.0063513799,4898,10,reset,5,0.0150946127,-0.2743562003,4898,4898,-0.1462908893,4898,0.1397127002,888,7.5906492446,1634.7104727745,8.0,1273.0,xgboost,2017-09,0.946088481,771171,313.0,3241.0,0.0004447781,3.2385338768,2.6595895125,4898,4898,2.9157501596,4898,2.9301845208,888,PZU,0.9936486201,0
0.0777484205,,770961,0.0165261278,0.0224654684,17320,20,reset,0,-0.1692306623,-0.4906638447,17320,17320,-0.3922612149,17320,-0.3300202464,17320,14.3548498845,1726.1452006003,15.0,1362.0,linear,2017-09,0.9040418387,770961,422.0,3316.0,0.001683613,3.3218618446,2.6789915731,17320,17320,2.8758072779,17320,3.0002912428,17320,PZU,0.9775345316,0
0.076073887,,770961,0.0161421914,0.021656089,16696,20,reset,0,-0.1790735898,-0.511921797,16696,16696,-0.4000694032,16696,-0.3403954177,16696,14.4336966938,1709.7341785123,15.0,1343.0,xgboost,2017-09,0.9061470035,770961,415.0,3289.0,0.0016369181,3.4250899231,2.7593835951,16696,16696,2.9831095275,16696,3.102452776,16696,PZU,0.978343911,0
0.0803127525,,770961,0.0175248813,0.0240440178,18537,20,reset,1,-0.1431655252,-0.4571832291,18537,18537,-0.3609203725,18537,-0.2919175686,16713,14.180449911,1705.8448300238,15.0,1342.0,linear,2017-09,0.9003944428,770961,398.0,3300.0,0.0017679234,3.2688159374,2.6407750471,18537,18537,2.8333067975,18537,2.9591149337,16713,PZU,0.9759559822,0
0.0788678027,,770961,0.0170877645,0.0232022113,17888,20,reset,1,-0.1537725188,-0.4786355421,17888,17888,-0.3702567378,17888,-0.3041194897,16114,14.2522920394,1692.3751512722,15.0,1327.0,xgboost,2017-09,0.9023128278,770961,393.0,3281.0,0.0017316051,3.3618666829,2.7121203365,17888,17888,2.9288979659,17888,3.0480449453,16114,PZU,0.9767977887,0
0.0870653639,,770961,0.0199322664,0.0277523766,21396,20,reset,5,-0.1386054066,-0.4379135382,21396,21396,-0.3399732201,21396,-0.1928157323,12168,13.9566741447,1645.0830392199,15.0,1283.0,linear,2017-09,0.8909724357,770961,317.0,3258.0,0.0020299341,3.1174183232,2.5187981279,21396,21396,2.7146713956,21396,2.8971024296,12168,PZU,0.9722476234,0
0.0863830985,,770961,0.0197091682,0.0271751749,20951,20,reset,5,-0.1395115219,-0.4427914389,20951,20951,-0.3386068905,20951,-0.1938740066,11880,13.9944632714,1634.1483654815,15.0,1272.0,xgboost,2017-09,0.8919335738,770961,313.0,3240.0,0.0019741595,3.2000342801,2.5934506341,20951,20951,2.801829206,20951,2.9633058945,11880,PZU,0.9728248251,0
0.1663012393,,770331,0.0810015435,0.1069033961,82351,50,reset,0,-0.2077635281,-0.6379979332,82351,82351,-0.4927982146,82351,-0.7579096855,82351,31.4494905951,1724.7876653023,32.0,1360.0,linear,2017-09,0.7438724393,770331,420.0,3315.0,0.0088247779,3.71010223,2.8496244273,82351,82351,3.1400457521,82351,2.6098064499,82351,PZU,0.8930966039,0
0.1636608159,,770331,0.0808496607,0.1062530263,81850,50,reset,0,-0.2095683852,-0.6468026672,81850,81850,-0.4943928085,81850,-0.7580009928,81850,31.6188882101,1701.6177110878,33.0,1334.0,xgboost,2017-09,0.7468010505,770331,410.0,3284.0,0.0086884729,3.7845410805,2.9100567045,81850,81850,3.2149006461,81850,2.6876731194,81850,PZU,0.8937469737,0
0.1695414049,,770331,0.0830863616,0.109847585,84619,50,reset,1,-0.2006947567,-0.6242278173,84619,84619,-0.4814043265,84619,-0.7352956591,82282,31.1942707902,1704.553895663,32.0,1340.0,linear,2017-09,0.7384202375,770331,397.0,3299.0,0.008951996,3.7013862423,2.8543101523,84619,84619,3.1399791896,84619,2.6105072857,82282,PZU,0.890152415,0
0.1668659317,,770331,0.0826891297,0.1089713383,83944,50,reset,1,-0.2030990686,-0.634832069,83944,83944,-0.4851819876,83944,-0.73720555,81630,31.3500547984,1684.8331003166,32.0,1319.0,xgboost,2017-09,0.7416253533,770331,390.0,3272.0,0.0088195853,3.7678585553,2.9043756356,83944,83944,3.2036996706,83944,2.68047664,81630,PZU,0.8910286617,0
0.178856881,,770331,0.0889643543,0.1177208239,90684,50,reset,5,-0.1948739418,-0.6066506106,90684,90684,-0.4668307861,90684,-0.674413528,78614,30.7255414406,1643.9811717301,32.0,1283.0,linear,2017-09,0.7228632886,770331,317.0,3254.0,0.0093154761,3.6791717524,2.8556075735,90684,90684,3.1352689804,90684,2.6122336733,78614,PZU,0.8822791761,0
0.1767162428,,770331,0.0889968079,0.1175092266,90521,50,reset,5,-0.1943574918,-0.6114395939,90521,90521,-0.4676910748,90521,-0.6722296271,78398,30.8154129981,1627.4974316235,32.0,1265.0,xgboost,2017-09,0.7250714303,770331,310.0,3233.0,0.009215519,3.7347658421,2.9005857852,90521,90521,3.1881031989,90521,2.6785100998,78398,PZU,0.8824907734,0
0.0531063791,,883585,0.0039113385,0.0057176163,5052,10,retain,0,0.0217671886,-0.2152031133,5052,5052,-0.1568373839,5052,-0.0488481882,5052,7.6369754553,1250.9270743618,8.0,953.0,linear,2017-11,0.9423632135,883585,276.0,2499.0,0.0006190689,4.6629570196,4.1890396262,5052,5052,4.305714773,5052,4.5217404898,5052,PZU,0.9942823837,0
0.0516803703,,883585,0.0037958997,0.0054505226,4816,10,retain,0,0.0083614234,-0.2322381636,4816,4816,-0.1800387762,4816,-0.0587460229,4816,7.6999584718,1240.9126728045,8.0,943.0,xgboost,2017-11,0.9439340867,883585,264.0,2486.0,0.0005896433,4.7768414296,4.2956622478,4816,4816,4.4000123721,4816,4.6426447324,4816,PZU,0.9945494774,0
0.0554638207,,883585,0.0044308131,0.0065279515,5768,10,retain,1,0.0855088809,-0.1586995573,5768,5768,-0.0811075272,5768,0.029722426,4543,7.5263522885,1234.7180305234,8.0,939.0,linear,2017-11,0.9394331049,883585,249.0,2486.0,0.0006722613,4.6043962862,4.1159723438,5768,5768,4.2711169777,5768,4.4779003365,4543,PZU,0.9934720485,0
0.0542041796,,883585,0.0042904757,0.0062540672,5526,10,retain,1,0.0816038523,-0.1634927172,5526,5526,-0.0913187589,5526,0.0317318009,4353,7.5606225118,1226.3072833966,8.0,930.0,xgboost,2017-11,0.9408659042,883585,243.0,2477.0,0.0006394405,4.8227195695,4.3325205746,5526,5526,4.4768242924,5526,4.725515279,4353,PZU,0.9937459328,0
0.0604537198,,883585,0.0050815711,0.007675549,6782,10,retain,5,0.0606388388,-0.1622565287,6782,6782,-0.0763308506,6782,0.1675473938,1376,7.4597463875,1192.6746798554,8.0,890.0,linear,2017-11,0.9337211474,883585,243.0,2457.0,0.0007435617,4.4105540672,3.9647728066,6782,6782,4.1366058337,6782,4.2715436157,1376,PZU,0.992324451,0
0.0596694149,,883585,0.0049593418,0.0075046543,6631,10,retain,5,0.055669248,-0.1609794906,6631,6631,-0.0873659712,6631,0.1736391827,1322,7.4733825969,1185.1873379471,8.0,881.0,xgboost,2017-11,0.9346310768,883585,243.0,2446.0,0.0007401665,4.438884017,4.0056055497,6631,6631,4.1528056497,6631,4.4745190997,1322,PZU,0.9924953457,0
0.0983466818,,883375,0.0162388567,0.0240203764,21219,20,retain,0,-0.0689715943,-0.3570226363,21219,21219,-0.2630849487,21219,-0.2397076888,21219,13.8942928507,1250.8191979624,14.0,953.0,linear,2017-11,0.8827745861,883375,276.0,2499.0,0.0026398755,4.8050653613,4.2289045103,21219,21219,4.4167755947,21219,4.463549643,21219,PZU,0.9759796236,0
0.0964890335,,883375,0.0158652894,0.023281166,20566,20,retain,0,-0.066241728,-0.3435397098,20566,20566,-0.2585545558,20566,-0.2244272199,20566,13.9399008072,1238.7518313287,15.0,942.0,xgboost,2017-11,0.8850046696,883375,262.0,2484.0,0.0026410075,4.9259496593,4.3713069023,20566,20566,4.5412762247,20566,4.6095504874,20566,PZU,0.976718834,0
0.1014133296,,883375,0.017179567,0.0255803028,22597,20,retain,1,-0.0409559879,-0.3228473949,22597,22597,-0.2257966701,22597,-0.1976459846,20672,13.6908439173,1234.5871549455,14.0,939.0,linear,2017-11,0.8786800623,883375,248.0,2486.0,0.0027270412,4.7855688498,4.2217225573,22597,22597,4.4158234623,22597,4.4435695158,20672,PZU,0.9744196972,0
0.0996156785,,883375,0.0167052498,0.0248082638,21915,20,retain,1,-0.0336176724,-0.304870823,21915,21915,-0.2197460582,21915,-0.1777359484,20003,13.7413187315,1224.2987451535,14.0,928.0,xgboost,2017-11,0.8809531626,883375,243.0,2473.0,0.0027259092,4.9226597459,4.3801100874,21915,21915,4.5503607914,21915,4.6058142863,20003,PZU,0.9751917362,0
0.1081284845,,883375,0.0186081789,0.0280718834,24798,20,retain,5,-0.0452409358,-0.2992444924,24798,24798,-0.2101966979,24798,-0.1211818668,14903,13.5291152512,1192.3397198245,14.0,890.0,linear,2017-11,0.8704457337,883375,243.0,2456.0,0.0028176029,4.6329083054,4.1248592766,24798,24798,4.302953486,24798,4.2890551103,14903,PZU,0.9719281166,0
0.1069364653,,883375,0.0183285694,0.027641715,24418,20,retain,5,-0.0484864392,-0.2933615248,24418,24418,-0.2103781437,24418,-0.1129853582,14636,13.5552461299,1183.3209010896,14.0,879.0,xgboost,2017-11,0.8719150983,883375,243.0,2445.0,0.002819867,4.6980679716,4.208308799,24418,24418,4.3742773897,24418,4.3578396327,14636,PZU,0.972358285,0
0.221660842,,882745,0.0699341259,0.1023625169,90360,50,retain,0,-0.1473322851,-0.4667132822,90360,90360,-0.3648707751,90360,-0.556306048,90360,30.9560535635,1250.1615857354,32.0,953.0,linear,2017-11,0.6969747775,882745,275.0,2499.0,0.0114302545,5.5682962958,4.9295299033,90360,90360,5.1332192027,90360,4.7503579674,90360,PZU,0.8976374831,0
0.2183053996,,882745,0.070473353,0.1027839297,90732,50,retain,0,-0.1402442395,-0.4545487197,90732,90732,-0.3575803118,90732,-0.5428174157,90732,31.1176541904,1230.7455425972,32.0,934.0,xgboost,2017-11,0.6996595846,882745,252.0,2478.0,0.0115616628,5.7196707377,5.0910757935,90732,90732,5.2850146719,90732,4.9145508333,90732,PZU,0.8972160703,0
0.2252065999,,882745,0.071885992,0.1054132281,93053,50,retain,1,-0.137192484,-0.4502536683,93053,93053,-0.3502172145,93053,-0.531838745,90521,30.6939163702,1233.9013169149,32.0,938.0,linear,2017-11,0.6913253544,882745,246.0,2485.0,0.0115820537,5.5689347564,4.942806655,93053,93053,5.1428843076,93053,4.7392657652,90521,PZU,0.8945867719,0
0.2215441605,,882745,0.0721533399,0.1054755337,93108,50,retain,1,-0.1323922598,-0.4413458523,93108,93108,-0.3455356107,93108,-0.5229089824,90546,30.8642329338,1216.5555998618,32.0,920.0,xgboost,2017-11,0.6945890376,882745,243.0,2467.0,0.011713462,5.7075521695,5.0896571557,93108,93108,5.2812792491,93108,4.8888391499,90546,PZU,0.8945244663,0
0.2337164187,,882745,0.0766110258,0.1123132955,99144,50,retain,5,-0.1332568957,-0.4295125892,99144,99144,-0.3402659692,99144,-0.4734179853,85933,30.4344387961,1191.4962203128,31.0,889.0,linear,2017-11,0.6777574498,882745,243.0,2455.0,0.0119151057,5.5607574582,4.9682403598,99144,99144,5.1467406587,99144,4.6861335607,85933,PZU,0.8876867045,0
0.2305875423,,882745,0.0770607593,0.112696192,99482,50,retain,5,-0.129915785,-0.4207970957,99482,99482,-0.3324671901,99482,-0.4712578974,86114,30.5188074224,1176.2323309676,31.0,869.0,xgboost,2017-11,0.6803108485,882745,243.0,2441.0,0.0120408498,5.6683606625,5.0866083658,99482,99482,5.2632711316,99482,4.7920811464,86114,PZU,0.887303808,0
0.0531063791,,883585,0.0039113385,0.0057176163,5052,10,reset,0,0.0217671886,-0.2152031133,5052,5052,-0.1568373839,5052,-0.0488481882,5052,7.6369754553,1250.9270743618,8.0,953.0,linear,2017-11,0.9423632135,883585,276.0,2499.0,0.0006190689,4.6629570196,4.1890396262,5052,5052,4.305714773,5052,4.5217404898,5052,PZU,0.9942823837,0
0.0516803703,,883585,0.0037958997,0.0054505226,4816,10,reset,0,0.0083614234,-0.2322381636,4816,4816,-0.1800387762,4816,-0.0587460229,4816,7.6999584718,1240.9126728045,8.0,943.0,xgboost,2017-11,0.9439340867,883585,264.0,2486.0,0.0005896433,4.7768414296,4.2956622478,4816,4816,4.4000123721,4816,4.6426447324,4816,PZU,0.9945494774,0
0.0554638207,,883585,0.0044308131,0.0065279515,5768,10,reset,1,0.0855088809,-0.1586995573,5768,5768,-0.0811075272,5768,0.029722426,4543,7.5263522885,1234.7180305234,8.0,939.0,linear,2017-11,0.9394331049,883585,249.0,2486.0,0.0006722613,4.6043962862,4.1159723438,5768,5768,4.2711169777,5768,4.4779003365,4543,PZU,0.9934720485,0
0.0542041796,,883585,0.0042904757,0.0062540672,5526,10,reset,1,0.0816038523,-0.1634927172,5526,5526,-0.0913187589,5526,0.0317318009,4353,7.5606225118,1226.3072833966,8.0,930.0,xgboost,2017-11,0.9408659042,883585,243.0,2477.0,0.0006394405,4.8227195695,4.3325205746,5526,5526,4.4768242924,5526,4.725515279,4353,PZU,0.9937459328,0
0.0604537198,,883585,0.0050815711,0.007675549,6782,10,reset,5,0.0606388388,-0.1622565287,6782,6782,-0.0763308506,6782,0.1675473938,1376,7.4597463875,1192.6746798554,8.0,890.0,linear,2017-11,0.9337211474,883585,243.0,2457.0,0.0007435617,4.4105540672,3.9647728066,6782,6782,4.1366058337,6782,4.2715436157,1376,PZU,0.992324451,0
0.0596694149,,883585,0.0049593418,0.0075046543,6631,10,reset,5,0.055669248,-0.1609794906,6631,6631,-0.0873659712,6631,0.1736391827,1322,7.4733825969,1185.1873379471,8.0,881.0,xgboost,2017-11,0.9346310768,883585,243.0,2446.0,0.0007401665,4.438884017,4.0056055497,6631,6631,4.1528056497,6631,4.4745190997,1322,PZU,0.9924953457,0
0.0983466818,,883375,0.0162388567,0.0240203764,21219,20,reset,0,-0.0689715943,-0.3570226363,21219,21219,-0.2630849487,21219,-0.2397076888,21219,13.8942928507,1250.8191979624,14.0,953.0,linear,2017-11,0.8827745861,883375,276.0,2499.0,0.0026398755,4.8050653613,4.2289045103,21219,21219,4.4167755947,21219,4.463549643,21219,PZU,0.9759796236,0
0.0964890335,,883375,0.0158652894,0.023281166,20566,20,reset,0,-0.066241728,-0.3435397098,20566,20566,-0.2585545558,20566,-0.2244272199,20566,13.9399008072,1238.7518313287,15.0,942.0,xgboost,2017-11,0.8850046696,883375,262.0,2484.0,0.0026410075,4.9259496593,4.3713069023,20566,20566,4.5412762247,20566,4.6095504874,20566,PZU,0.976718834,0
0.1014133296,,883375,0.017179567,0.0255803028,22597,20,reset,1,-0.0409559879,-0.3228473949,22597,22597,-0.2257966701,22597,-0.1976459846,20672,13.6908439173,1234.5871549455,14.0,939.0,linear,2017-11,0.8786800623,883375,248.0,2486.0,0.0027270412,4.7855688498,4.2217225573,22597,22597,4.4158234623,22597,4.4435695158,20672,PZU,0.9744196972,0
0.0996156785,,883375,0.0167052498,0.0248082638,21915,20,reset,1,-0.0336176724,-0.304870823,21915,21915,-0.2197460582,21915,-0.1777359484,20003,13.7413187315,1224.2987451535,14.0,928.0,xgboost,2017-11,0.8809531626,883375,243.0,2473.0,0.0027259092,4.9226597459,4.3801100874,21915,21915,4.5503607914,21915,4.6058142863,20003,PZU,0.9751917362,0
0.1081284845,,883375,0.0186081789,0.0280718834,24798,20,reset,5,-0.0452409358,-0.2992444924,24798,24798,-0.2101966979,24798,-0.1211818668,14903,13.5291152512,1192.3397198245,14.0,890.0,linear,2017-11,0.8704457337,883375,243.0,2456.0,0.0028176029,4.6329083054,4.1248592766,24798,24798,4.302953486,24798,4.2890551103,14903,PZU,0.9719281166,0
0.1069364653,,883375,0.0183285694,0.027641715,24418,20,reset,5,-0.0484864392,-0.2933615248,24418,24418,-0.2103781437,24418,-0.1129853582,14636,13.5552461299,1183.3209010896,14.0,879.0,xgboost,2017-11,0.8719150983,883375,243.0,2445.0,0.002819867,4.6980679716,4.208308799,24418,24418,4.3742773897,24418,4.3578396327,14636,PZU,0.972358285,0
0.221660842,,882745,0.0699341259,0.1023625169,90360,50,reset,0,-0.1473322851,-0.4667132822,90360,90360,-0.3648707751,90360,-0.556306048,90360,30.9560535635,1250.1615857354,32.0,953.0,linear,2017-11,0.6969747775,882745,275.0,2499.0,0.0114302545,5.5682962958,4.9295299033,90360,90360,5.1332192027,90360,4.7503579674,90360,PZU,0.8976374831,0
0.2183053996,,882745,0.070473353,0.1027839297,90732,50,reset,0,-0.1402442395,-0.4545487197,90732,90732,-0.3575803118,90732,-0.5428174157,90732,31.1176541904,1230.7455425972,32.0,934.0,xgboost,2017-11,0.6996595846,882745,252.0,2478.0,0.0115616628,5.7196707377,5.0910757935,90732,90732,5.2850146719,90732,4.9145508333,90732,PZU,0.8972160703,0
0.2252065999,,882745,0.071885992,0.1054132281,93053,50,reset,1,-0.137192484,-0.4502536683,93053,93053,-0.3502172145,93053,-0.531838745,90521,30.6939163702,1233.9013169149,32.0,938.0,linear,2017-11,0.6913253544,882745,246.0,2485.0,0.0115820537,5.5689347564,4.942806655,93053,93053,5.1428843076,93053,4.7392657652,90521,PZU,0.8945867719,0
0.2215441605,,882745,0.0721533399,0.1054755337,93108,50,reset,1,-0.1323922598,-0.4413458523,93108,93108,-0.3455356107,93108,-0.5229089824,90546,30.8642329338,1216.5555998618,32.0,920.0,xgboost,2017-11,0.6945890376,882745,243.0,2467.0,0.011713462,5.7075521695,5.0896571557,93108,93108,5.2812792491,93108,4.8888391499,90546,PZU,0.8945244663,0
0.2337164187,,882745,0.0766110258,0.1123132955,99144,50,reset,5,-0.1332568957,-0.4295125892,99144,99144,-0.3402659692,99144,-0.4734179853,85933,30.4344387961,1191.4962203128,31.0,889.0,linear,2017-11,0.6777574498,882745,243.0,2455.0,0.0119151057,5.5607574582,4.9682403598,99144,99144,5.1467406587,99144,4.6861335607,85933,PZU,0.8876867045,0
0.2305875423,,882745,0.0770607593,0.112696192,99482,50,reset,5,-0.129915785,-0.4207970957,99482,99482,-0.3324671901,99482,-0.4712578974,86114,30.5188074224,1176.2323309676,31.0,869.0,xgboost,2017-11,0.6803108485,882745,243.0,2441.0,0.0120408498,5.6683606625,5.0866083658,99482,99482,5.2632711316,99482,4.7920811464,86114,PZU,0.887303808,0
0.0493377461,,579536,0.0057287209,0.0068986223,3998,10,retain,0,-0.1487234096,-0.3906711167,3998,3998,-0.1806545123,3998,-0.0960081525,3998,7.7411205603,831.8662205627,8.0,585.0,linear,2017-04,0.9443986223,579536,165.0,1664.0,0.0005349107,5.0683625867,4.5845906976,3998,3998,5.0045255136,3998,5.1738347311,3998,PEKAO,0.9931013777,0
0.0485716159,,579536,0.0054733442,0.0066052842,3828,10,retain,0,-0.1008976574,-0.3510031269,3828,3828,-0.1239064643,3828,-0.0781866558,3828,7.7484326019,822.5178780956,8.0,576.0,xgboost,2017-04,0.9454805223,579536,158.0,1652.0,0.0004745175,5.0732106041,4.5731321463,3828,3828,5.0271873402,3828,5.1186576309,3828,PEKAO,0.9933947158,0
0.0527128599,,579536,0.006487949,0.0083808426,4857,10,retain,1,-0.0890098411,-0.2803124905,4857,4857,-0.0666978825,4857,0.0044801983,3890,7.4910438542,819.2359508296,8.0,574.0,linear,2017-04,0.94022977,579536,152.0,1650.0,0.0005694211,4.1267162379,3.7442219395,4857,4857,4.1714067548,4857,4.079419792,3890,PEKAO,0.9916191574,0
0.052203832,,579536,0.006204964,0.0080719748,4678,10,retain,1,-0.0603766409,-0.2644506391,4678,4678,-0.0315389788,4678,0.0138022156,3744,7.4899529714,811.0782125701,8.0,566.0,xgboost,2017-04,0.9410580188,579536,146.0,1638.0,0.0005331852,4.0853927732,3.6773715485,4678,4678,4.1431134356,4678,3.9855279909,3744,PEKAO,0.9919280252,0
0.0586400155,,579536,0.0080029541,0.0103324039,5988,10,retain,5,-0.0689658096,-0.2772023198,5988,5988,-0.0916055297,5988,0.0536170056,1316,7.4250167001,786.5766527015,8.0,542.0,linear,2017-04,0.9326978824,579536,134.0,1605.0,0.000659148,4.0201561189,3.6038247277,5988,5988,3.9749531966,5988,2.1223615196,1316,PEKAO,0.9896675961,0
0.0586986831,,579536,0.0077475774,0.0100977334,5852,10,retain,5,-0.0382621326,-0.263764126,5852,5852,-0.0382486532,5852,0.0546588135,1303,7.4149008886,780.0240709809,8.0,535.0,xgboost,2017-04,0.9329411805,579536,130.0,1595.0,0.000612559,4.0915399774,3.6406550933,5852,5852,4.0916082979,5852,2.1837738367,1303,PEKAO,0.9899022666,0
0.0906575577,,579356,0.0258959949,0.0309447041,17928,20,retain,0,-0.2629639307,-0.5972559029,17928,17928,-0.4020059,17928,-0.3944075603,17928,14.1188643463,831.8548353689,15.0,585.0,linear,2017-04,0.8814424982,579356,165.0,1664.0,0.0020039492,5.0423448737,4.373801379,17928,17928,4.764250465,17928,4.7794804296,17928,PEKAO,0.9690552959,0
0.0906264887,,579356,0.0254610291,0.0304234357,17626,20,retain,0,-0.2379514383,-0.5602977341,17626,17626,-0.3620561174,17626,-0.3622324737,17626,14.1667990469,821.6290501868,15.0,576.0,xgboost,2017-04,0.8819585885,579356,158.0,1651.0,0.0019538936,5.1413544409,4.4966908799,17626,17626,4.8931207159,17626,4.8927971598,17626,PEKAO,0.9695765643,0
0.094755211,,579356,0.0275271163,0.0336839525,19515,20,retain,1,-0.2403555151,-0.5502665283,19515,19515,-0.3567569933,19515,-0.3455214929,17751,13.821829362,819.2255280001,14.0,575.0,linear,2017-04,0.875634325,579356,152.0,1650.0,0.0020833477,4.7578094061,4.138026272,19515,19515,4.5250017795,19515,4.5076375327,17751,PEKAO,0.9663160475,0
0.0943185192,,579356,0.0269885873,0.0327259923,18960,20,retain,1,-0.2218692467,-0.5295615969,18960,18960,-0.3344283082,18960,-0.324449086,17230,13.940664557,810.5347368457,15.0,565.0,xgboost,2017-04,0.8766388887,579356,147.0,1637.0,0.0020540048,4.9731422383,4.3577905827,18960,18960,4.7480088474,18960,4.7353616333,17230,PEKAO,0.9672740077,0
0.1026122108,,579356,0.0314676986,0.0388914588,22532,20,retain,5,-0.223226344,-0.5220068523,22529,22532,-0.337477596,22529,-0.23805863,13377,13.6066483224,786.6410773341,14.0,543.0,linear,2017-04,0.8636365206,579356,134.0,1605.0,0.00228357,4.6028348606,4.003522059,22529,22532,4.3725451422,22529,4.2967804663,13377,PEKAO,0.9611085412,0
0.1028331458,,579356,0.0309326217,0.0380991998,22073,20,retain,5,-0.2149025571,-0.5119194161,22070,22073,-0.3322011421,22070,-0.2187674632,13028,13.6771621438,779.3845959997,14.0,534.0,xgboost,2017-04,0.8640110744,579356,130.0,1592.0,0.0022231581,4.7518195568,4.1560160741,22070,22073,4.5154167596,22070,4.5496559197,13028,PEKAO,0.9619008002,0
0.1767262826,,578816,0.0989416326,0.1236800641,71588,50,retain,0,-0.3142748641,-0.7784447898,71588,71588,-0.5751947986,71588,-0.9193772144,71588,30.1746382075,831.471429608,31.0,585.0,linear,2017-04,0.7159235405,578816,166.0,1664.0,0.0084085443,5.6982596524,4.7699364826,71588,71588,5.1764378336,71588,4.4880217082,71588,PEKAO,0.8763199359,0
0.1767953892,,578816,0.0992111483,0.1244678793,72044,50,retain,0,-0.3113365251,-0.7755412416,72044,72044,-0.5627219075,72044,-0.8985895224,72044,30.2312059297,817.9989806778,31.0,571.0,xgboost,2017-04,0.7155451819,578816,155.0,1647.0,0.0084482806,5.7899755174,4.8615921836,72044,72044,5.2872083916,72044,4.6154480439,72044,PEKAO,0.8755321207,0
0.1815913866,,578816,0.1017957347,0.1282410991,74228,50,retain,1,-0.3063014574,-0.754240802,74228,74228,-0.5545423831,74228,-0.8859541006,72470,29.7966670259,818.7930395843,30.0,574.0,linear,2017-04,0.7080073806,578816,152.0,1649.0,0.0086054981,5.6019085366,4.7060476148,74228,74228,5.1054455638,74228,4.4206203618,72470,PEKAO,0.8717589009,0
0.1816224845,,578816,0.1017957347,0.1286799259,74482,50,retain,1,-0.3057424397,-0.7581276341,74482,74482,-0.5485473003,74482,-0.8733589704,72688,29.8956929191,806.8537410852,30.0,561.0,xgboost,2017-04,0.707938274,578816,144.0,1633.0,0.0086435067,5.6897490175,4.7850050561,74482,74482,5.2041465874,74482,4.5293099115,72688,PEKAO,0.8713200741,0
0.1921940651,,578816,0.1097930949,0.1389923568,80451,50,retain,5,-0.3018553823,-0.7265935715,80451,80451,-0.5378347127,80451,-0.8249236798,71156,29.2962797231,786.1428035852,30.0,542.0,linear,2017-04,0.6889063191,578816,134.0,1604.0,0.0091065209,5.4998843155,4.650416066,80451,80451,5.0279407825,80451,4.3162732094,71156,PEKAO,0.8610076432,0
0.192601794,,578816,0.1095564048,0.1394812859,80734,50,retain,5,-0.3051333993,-0.7355240503,80734,80734,-0.5363385032,80734,-0.8156009891,71332,29.3632050933,776.250618504,30.0,532.0,xgboost,2017-04,0.68870591,578816,128.0,1589.5,0.0091358912,5.560006659,4.6992471153,80734,80734,5.0976094357,80734,4.3869268948,71332,PEKAO,0.8605187141,0
0.0493377461,,579536,0.0057287209,0.0068986223,3998,10,reset,0,-0.1487234096,-0.3906711167,3998,3998,-0.1806545123,3998,-0.0960081525,3998,7.7411205603,831.8662205627,8.0,585.0,linear,2017-04,0.9443986223,579536,165.0,1664.0,0.0005349107,5.0683625867,4.5845906976,3998,3998,5.0045255136,3998,5.1738347311,3998,PEKAO,0.9931013777,0
0.0485716159,,579536,0.0054733442,0.0066052842,3828,10,reset,0,-0.1008976574,-0.3510031269,3828,3828,-0.1239064643,3828,-0.0781866558,3828,7.7484326019,822.5178780956,8.0,576.0,xgboost,2017-04,0.9454805223,579536,158.0,1652.0,0.0004745175,5.0732106041,4.5731321463,3828,3828,5.0271873402,3828,5.1186576309,3828,PEKAO,0.9933947158,0
0.0527128599,,579536,0.006487949,0.0083808426,4857,10,reset,1,-0.0890098411,-0.2803124905,4857,4857,-0.0666978825,4857,0.0044801983,3890,7.4910438542,819.2359508296,8.0,574.0,linear,2017-04,0.94022977,579536,152.0,1650.0,0.0005694211,4.1267162379,3.7442219395,4857,4857,4.1714067548,4857,4.079419792,3890,PEKAO,0.9916191574,0
0.052203832,,579536,0.006204964,0.0080719748,4678,10,reset,1,-0.0603766409,-0.2644506391,4678,4678,-0.0315389788,4678,0.0138022156,3744,7.4899529714,811.0782125701,8.0,566.0,xgboost,2017-04,0.9410580188,579536,146.0,1638.0,0.0005331852,4.0853927732,3.6773715485,4678,4678,4.1431134356,4678,3.9855279909,3744,PEKAO,0.9919280252,0
0.0586400155,,579536,0.0080029541,0.0103324039,5988,10,reset,5,-0.0689658096,-0.2772023198,5988,5988,-0.0916055297,5988,0.0536170056,1316,7.4250167001,786.5766527015,8.0,542.0,linear,2017-04,0.9326978824,579536,134.0,1605.0,0.000659148,4.0201561189,3.6038247277,5988,5988,3.9749531966,5988,2.1223615196,1316,PEKAO,0.9896675961,0
0.0586986831,,579536,0.0077475774,0.0100977334,5852,10,reset,5,-0.0382621326,-0.263764126,5852,5852,-0.0382486532,5852,0.0546588135,1303,7.4149008886,780.0240709809,8.0,535.0,xgboost,2017-04,0.9329411805,579536,130.0,1595.0,0.000612559,4.0915399774,3.6406550933,5852,5852,4.0916082979,5852,2.1837738367,1303,PEKAO,0.9899022666,0
0.0906575577,,579356,0.0258959949,0.0309447041,17928,20,reset,0,-0.2629639307,-0.5972559029,17928,17928,-0.4020059,17928,-0.3944075603,17928,14.1188643463,831.8548353689,15.0,585.0,linear,2017-04,0.8814424982,579356,165.0,1664.0,0.0020039492,5.0423448737,4.373801379,17928,17928,4.764250465,17928,4.7794804296,17928,PEKAO,0.9690552959,0
0.0906264887,,579356,0.0254610291,0.0304234357,17626,20,reset,0,-0.2379514383,-0.5602977341,17626,17626,-0.3620561174,17626,-0.3622324737,17626,14.1667990469,821.6290501868,15.0,576.0,xgboost,2017-04,0.8819585885,579356,158.0,1651.0,0.0019538936,5.1413544409,4.4966908799,17626,17626,4.8931207159,17626,4.8927971598,17626,PEKAO,0.9695765643,0
0.094755211,,579356,0.0275271163,0.0336839525,19515,20,reset,1,-0.2403555151,-0.5502665283,19515,19515,-0.3567569933,19515,-0.3455214929,17751,13.821829362,819.2255280001,14.0,575.0,linear,2017-04,0.875634325,579356,152.0,1650.0,0.0020833477,4.7578094061,4.138026272,19515,19515,4.5250017795,19515,4.5076375327,17751,PEKAO,0.9663160475,0
0.0943185192,,579356,0.0269885873,0.0327259923,18960,20,reset,1,-0.2218692467,-0.5295615969,18960,18960,-0.3344283082,18960,-0.324449086,17230,13.940664557,810.5347368457,15.0,565.0,xgboost,2017-04,0.8766388887,579356,147.0,1637.0,0.0020540048,4.9731422383,4.3577905827,18960,18960,4.7480088474,18960,4.7353616333,17230,PEKAO,0.9672740077,0
0.1026122108,,579356,0.0314676986,0.0388914588,22532,20,reset,5,-0.223226344,-0.5220068523,22529,22532,-0.337477596,22529,-0.23805863,13377,13.6066483224,786.6410773341,14.0,543.0,linear,2017-04,0.8636365206,579356,134.0,1605.0,0.00228357,4.6028348606,4.003522059,22529,22532,4.3725451422,22529,4.2967804663,13377,PEKAO,0.9611085412,0
0.1028331458,,579356,0.0309326217,0.0380991998,22073,20,reset,5,-0.2149025571,-0.5119194161,22070,22073,-0.3322011421,22070,-0.2187674632,13028,13.6771621438,779.3845959997,14.0,534.0,xgboost,2017-04,0.8640110744,579356,130.0,1592.0,0.0022231581,4.7518195568,4.1560160741,22070,22073,4.5154167596,22070,4.5496559197,13028,PEKAO,0.9619008002,0
0.1767262826,,578816,0.0989416326,0.1236800641,71588,50,reset,0,-0.3142748641,-0.7784447898,71588,71588,-0.5751947986,71588,-0.9193772144,71588,30.1746382075,831.471429608,31.0,585.0,linear,2017-04,0.7159235405,578816,166.0,1664.0,0.0084085443,5.6982596524,4.7699364826,71588,71588,5.1764378336,71588,4.4880217082,71588,PEKAO,0.8763199359,0
0.1767953892,,578816,0.0992111483,0.1244678793,72044,50,reset,0,-0.3113365251,-0.7755412416,72044,72044,-0.5627219075,72044,-0.8985895224,72044,30.2312059297,817.9989806778,31.0,571.0,xgboost,2017-04,0.7155451819,578816,155.0,1647.0,0.0084482806,5.7899755174,4.8615921836,72044,72044,5.2872083916,72044,4.6154480439,72044,PEKAO,0.8755321207,0
0.1815913866,,578816,0.1017957347,0.1282410991,74228,50,reset,1,-0.3063014574,-0.754240802,74228,74228,-0.5545423831,74228,-0.8859541006,72470,29.7966670259,818.7930395843,30.0,574.0,linear,2017-04,0.7080073806,578816,152.0,1649.0,0.0086054981,5.6019085366,4.7060476148,74228,74228,5.1054455638,74228,4.4206203618,72470,PEKAO,0.8717589009,0
0.1816224845,,578816,0.1017957347,0.1286799259,74482,50,reset,1,-0.3057424397,-0.7581276341,74482,74482,-0.5485473003,74482,-0.8733589704,72688,29.8956929191,806.8537410852,30.0,561.0,xgboost,2017-04,0.707938274,578816,144.0,1633.0,0.0086435067,5.6897490175,4.7850050561,74482,74482,5.2041465874,74482,4.5293099115,72688,PEKAO,0.8713200741,0
0.1921940651,,578816,0.1097930949,0.1389923568,80451,50,reset,5,-0.3018553823,-0.7265935715,80451,80451,-0.5378347127,80451,-0.8249236798,71156,29.2962797231,786.1428035852,30.0,542.0,linear,2017-04,0.6889063191,578816,134.0,1604.0,0.0091065209,5.4998843155,4.650416066,80451,80451,5.0279407825,80451,4.3162732094,71156,PEKAO,0.8610076432,0
0.192601794,,578816,0.1095564048,0.1394812859,80734,50,reset,5,-0.3051333993,-0.7355240503,80734,80734,-0.5363385032,80734,-0.8156009891,71332,29.3632050933,776.250618504,30.0,532.0,xgboost,2017-04,0.68870591,578816,128.0,1589.5,0.0091358912,5.560006659,4.6992471153,80734,80734,5.0976094357,80734,4.3869268948,71332,PEKAO,0.8605187141,0
0.0432804004,,657688,0.0077848463,0.0092201773,6064,10,retain,0,-0.2003467472,-0.2891327242,6064,6064,-0.1908594336,6064,-0.0964380485,6064,7.7371372032,1046.0380529978,8.0,696.0,linear,2017-06,0.9485014171,657688,200.0,2117.0,0.0004333362,4.3286412212,4.1509735889,6064,6064,4.3476150559,6064,4.5364621937,6064,PEKAO,0.9907798227,0
0.042247996,,657688,0.0075734999,0.0089023975,5855,10,retain,0,-0.1743610799,-0.2484266808,5855,5855,-0.1549581408,5855,-0.0719233699,5855,7.8051238258,1031.961519748,8.0,682.0,xgboost,2017-06,0.9497679751,657688,198.0,2095.0,0.000410529,4.3052534439,4.157047792,5855,5855,4.3440900599,5855,4.5101506874,5855,PEKAO,0.9910976025,0
0.0705182397,7.0,657688,0.0213490287,0.0260032112,17102,10,retain,0,-0.1776105242,-0.3476429074,17102,17102,-0.2246426031,17102,-0.1509111689,17102,7.2606712665,690.3382470107,8.0,409.0,xgboost,2017-06,0.9070167009,657688,68.0,1511.0,0.0011160307,3.0710113617,2.7309197314,17102,17102,2.9769496603,17102,3.124420647,17102,PEKAO,0.9739967888,0
0.0463137536,,657688,0.0095957354,0.0115145783,7573,10,retain,1,-0.1330534914,-0.241185132,7573,7573,-0.1268616862,7573,-0.0270501554,6106,7.493859765,1026.7700627045,8.0,680.0,linear,2017-06,0.9435963557,657688,186.0,2095.0,0.0004941553,4.0430128488,3.8266557081,7573,7573,4.0554023422,7573,4.1958219218,6106,PEKAO,0.9884854217,0
0.0454516427,,657688,0.0091578378,0.0109763292,7219,10,retain,1,-0.1208615605,-0.223451244,7219,7219,-0.1084293064,7219,-0.0195938357,5764,7.5370549938,1014.6973580178,8.0,670.0,xgboost,2017-06,0.9449206919,657688,181.0,2071.0,0.0004698276,4.0453047773,3.8400363261,7219,7219,4.070196108,7219,4.1966592488,5764,PEKAO,0.9890236708,0
0.0692744888,7.0,657688,0.021127039,0.0255151379,16781,10,retain,1,-0.1823389648,-0.3578390908,16781,16781,-0.2278764462,16781,-0.1323320311,13779,7.3012931291,691.1391632507,8.0,410.0,xgboost,2017-06,0.9085219739,657688,69.0,1513.0,0.0010764983,3.1165840029,2.7655597682,16781,16781,3.0255123816,16781,3.1231775915,13779,PEKAO,0.9744848621,0
0.0541457348,,657688,0.0123113087,0.0150314435,9886,10,retain,5,-0.131868112,-0.2765406062,9886,9886,-0.1447864399,9886,0.0685840524,2106,7.4025895205,979.8519541181,8.0,640.0,linear,2017-06,0.9329393269,657688,149.0,2035.0,0.0006036297,3.6220506431,3.3326443071,9886,9886,3.5962460209,9886,3.6100194747,2106,PEKAO,0.9849685565,0
0.0534691221,,657688,0.0121318923,0.0147501551,9701,10,retain,5,-0.1370369095,-0.2657804864,9701,9701,-0.1525501655,9701,0.0781454932,1983,7.4362436862,969.3863853377,8.0,630.0,xgboost,2017-06,0.9338075197,657688,145.0,2011.0,0.0005914659,3.6012393555,3.3437025997,9701,9701,3.5702587585,9701,3.5689571012,1983,PEKAO,0.9852498449,0
0.0684807994,7.0,657688,0.0209263359,0.025133498,16530,10,retain,5,-0.1518541981,-0.3462790979,16530,16530,-0.1997237707,16530,0.0321889169,3779,7.3173623714,692.1051623262,8.0,409.0,xgboost,2017-06,0.9095619808,657688,72.0,1515.0,0.0010308839,3.2127319995,2.8238355714,16530,16530,3.1169909087,16530,2.9909195575,3779,PEKAO,0.974866502,0
0.0794201479,,657478,0.0325425337,0.0391587247,25746,20,retain,0,-0.2797007045,-0.5774915389,25746,25746,-0.4210049682,25746,-0.3912519646,25746,13.9820166239,1046.171935791,15.0,696.0,linear,2017-06,0.8862547492,657478,200.0,2117.0,0.0017825692,4.3952485216,3.7996571816,25746,25746,4.1126529188,25746,4.1721331124,25746,PEKAO,0.9608412753,0
0.1167263391,7.0,657478,0.0656660755,0.0789410444,51902,20,retain,0,-0.2525706682,-0.5102316348,51902,51902,-0.3956278645,51902,-0.3862791781,51902,12.9901159878,700.4686544645,13.0,416.0,xgboost,2017-06,0.8140409261,657478,86.0,1509.0,0.0035666593,3.7459406887,3.2306142685,51902,51902,3.4598262331,51902,3.4785171021,51902,PEKAO,0.9210589556,0
0.1099276326,29.0,657478,0.0577905268,0.0703399962,46247,20,retain,0,-0.2694050812,-0.5075826183,46247,46247,-0.4161390793,46247,-0.3978827442,46247,13.0201526586,757.9004362123,13.0,456.0,xgboost,2017-06,0.829061961,657478,86.0,1650.0,0.0032198796,3.9560636531,3.479663064,46247,46247,3.6625617405,46247,3.699070898,46247,PEKAO,0.9296600038,0
0.0778246573,,657478,0.0325699111,0.0390659459,25685,20,retain,0,-0.2715890077,-0.5681675993,25685,25685,-0.4211142955,25685,-0.3853322852,25685,14.0238660697,1031.8233142402,15.0,682.0,xgboost,2017-06,0.8878122158,657478,198.0,2095.0,0.0017932159,4.4083708623,3.8152021077,25685,25685,4.1093312804,25685,4.1808723467,25685,PEKAO,0.9609340541,0
0.1209774319,17.0,657478,0.0650911513,0.0804331095,52883,20,retain,0,-0.2960651335,-0.546494884,52883,52883,-0.4490646039,52883,-0.4383161117,52883,12.8859746989,684.0836271328,13.0,401.0,xgboost,2017-06,0.810174637,657478,82.0,1497.0,0.0037567797,3.7615346766,3.2606807549,52883,52883,3.4555401152,52883,3.4770343803,52883,PEKAO,0.9195668905,0
0.0832164726,,657478,0.0359783902,0.0436927167,28727,20,retain,1,-0.2553318713,-0.5357345969,28727,28727,-0.3817928882,28727,-0.3418068985,26273,13.6444111811,1026.8594599363,14.0,680.0,linear,2017-06,0.8788765556,657478,186.0,2095.0,0.0019285816,4.2627599997,3.701938688,28727,28727,4.0098509284,28727,4.0570371013,26273,PEKAO,0.9563072833,0
0.1170016335,7.0,657478,0.0655428775,0.0790110087,51948,20,retain,1,-0.2565788677,-0.5148694806,51948,51948,-0.3971936073,51948,-0.37649126,48352,12.9401324401,697.8360994588,13.0,413.0,xgboost,2017-06,0.8138523266,657478,86.0,1507.3,0.0036031624,3.7780525028,3.2614680893,51948,51948,3.496820348,51948,3.4751967613,48352,PEKAO,0.9209889913,0
0.1109816602,29.0,657478,0.0580004198,0.0707293628,46503,20,retain,1,-0.2700720638,-0.5065243236,46503,46503,-0.4195670774,46503,-0.3811858592,43175,13.0066017246,754.8577427686,13.0,453.0,xgboost,2017-06,0.8277858727,657478,86.0,1646.0,0.0032320473,3.9757801573,3.5028320008,46503,46503,3.6767584128,46503,3.6960891855,43175,PEKAO,0.9292706372,0
0.0817928509,,657478,0.0354977657,0.043099541,28337,20,retain,1,-0.2554721671,-0.5423840527,28337,28337,-0.3944094266,28337,-0.3467159716,25882,13.7171895402,1014.6144905229,14.0,670.0,xgboost,2017-06,0.8808020953,657478,181.0,2070.0,0.0019072882,4.3038664697,3.7300253764,28337,28337,4.0259994905,28337,4.0847533138,25882,PEKAO,0.956900459,0
0.1203188548,17.0,657478,0.0650789836,0.0802308214,52750,20,retain,1,-0.2957046765,-0.5420885622,52750,52750,-0.4515061284,52750,-0.4264734152,49124,12.8951469194,683.9706362798,13.0,401.0,xgboost,2017-06,0.8108499448,657478,82.0,1495.0,0.0037522168,3.7856858534,3.292923737,52750,52750,3.4740861375,52750,3.473165504,49124,PEKAO,0.9197691786,0
0.093391718,,657478,0.0426523777,0.0524914902,34512,20,retain,5,-0.2516722638,-0.5139602471,34512,34512,-0.3707859803,34512,-0.2417232131,21321,13.355470561,979.8633034109,14.0,640.0,linear,2017-06,0.8617444234,657478,149.0,2035.0,0.0022114808,3.9657741939,3.4411963117,34512,34512,3.7275687194,34512,3.7037809107,21321,PEKAO,0.9475085098,0
0.1168175969,7.0,657478,0.0648325876,0.0784954021,51609,20,retain,5,-0.2556276075,-0.5165303806,51609,51609,-0.4058054521,51609,-0.2804408273,33562,12.9346431824,695.1470558711,13.0,411.0,xgboost,2017-06,0.8147131919,657478,85.0,1502.0,0.0036366236,3.8236689424,3.3018623603,51609,51609,3.5233055701,51609,3.457630751,33562,PEKAO,0.9215045979,0
0.1130243141,29.0,657478,0.0591289747,0.0722853084,47526,20,retain,5,-0.2646698252,-0.5088821885,47526,47526,-0.4212015605,47526,-0.2881493023,30633,13.0013045491,746.2290008183,13.0,446.0,xgboost,2017-06,0.8245964124,657478,86.0,1631.0,0.0032502989,3.9454057427,3.4569495791,47526,47526,3.632307801,47526,3.5850011666,30633,PEKAO,0.9277146916,0
0.0921673425,,657478,0.0426067488,0.0522724715,34368,20,retain,5,-0.2476378514,-0.5173380929,34368,34368,-0.3762821684,34368,-0.2465490772,21185,13.3816922719,969.0585996794,14.0,630.0,xgboost,2017-06,0.8630433262,657478,146.0,2010.0,0.0021825825,4.012702933,3.4732963228,34368,34368,3.7554245854,34368,3.7153776491,21185,PEKAO,0.9477275285,0
0.1187522624,17.0,657478,0.0651261335,0.0799311916,52553,20,retain,5,-0.295837888,-0.5370881779,52553,52553,-0.4517496357,52553,-0.3319280593,34262,12.9159134588,682.3875490891,13.0,402.0,xgboost,2017-06,0.8123541776,657478,81.0,1491.0,0.0037674264,3.8076422381,3.3251381249,52553,52553,3.4958158283,52553,3.4308285855,34262,PEKAO,0.9200688084,0
0.1570211069,,656848,0.125353202,0.1551698414,101923,50,retain,0,-0.3207108752,-0.7593801262,101920,101923,-0.6055014283,101920,-0.8886029933,101923,30.0540996635,1046.2488764524,30.0,696.0,linear,2017-06,0.7097730373,656848,200.0,2116.0,0.0078526539,5.0977004924,4.2203589096,101920,101923,4.5281397926,101920,3.9618673218,101923,PEKAO,0.8448301586,0
0.1556524493,,656848,0.1283645531,0.1577457798,103615,50,retain,0,-0.3079135059,-0.7498256629,103612,103615,-0.6107058185,103612,-0.886704352,103615,29.9797423153,1026.6020738436,30.0,678.0,xgboost,2017-06,0.7081714491,656848,193.0,2087.0,0.0078115485,5.1787336493,4.2948791215,103612,103615,4.5731420089,103612,4.0210667605,103615,PEKAO,0.8422542202,0
0.2031337539,7.0,656848,0.1749750323,0.2212871167,145352,50,retain,0,-0.2902177792,-0.6793669855,145349,145352,-0.5754395972,145349,-0.870587507,145352,27.6865265012,742.5966646774,28.0,453.0,xgboost,2017-06,0.6103771344,656848,86.0,1609.0,0.0115140794,4.7653937567,3.9870270703,145349,145352,4.1949114443,145349,3.6045600952,145352,PEKAO,0.7787128833,0
0.1615076852,,656848,0.1301579665,0.1619156943,106354,50,retain,1,-0.311918982,-0.7360203906,106350,106354,-0.5840974365,106350,-0.8583055268,103877,29.538682137,1026.8902957762,30.0,680.0,linear,2017-06,0.7001939566,656848,186.0,2095.0,0.0081403917,5.0402763458,4.1920570979,106350,106354,4.4959271413,106350,3.9196979047,103877,PEKAO,0.8380843057,0
0.1600857428,,656848,0.132438555,0.163742601,107554,50,retain,1,-0.3034939183,-0.7356796463,107550,107554,-0.5954500554,107550,-0.8635166163,105076,29.5327463414,1009.7534330621,30.0,665.0,xgboost,2017-06,0.699412954,656848,180.0,2064.0,0.0080627482,5.1197688398,4.2553570525,107550,107554,4.5358405887,107550,3.9707125711,105076,PEKAO,0.836257399,0
0.2026968187,7.0,656848,0.1749658977,0.2210526636,145198,50,retain,1,-0.2907997418,-0.6792132303,145194,145198,-0.5747819503,145194,-0.8637932947,142371,27.718067742,739.2454647042,28.0,451.0,xgboost,2017-06,0.6108201593,656848,86.0,1602.0,0.0115171242,4.7895162872,4.0126112975,145194,145198,4.2215024107,145194,3.6162204705,142371,PEKAO,0.7789473364,0
0.1738895452,,656848,0.1414315032,0.1775205223,116604,50,retain,5,-0.3071433944,-0.7084970779,116596,116604,-0.5619153559,116596,-0.8001363934,103556,28.8047579843,979.7956087253,29.0,640.0,linear,2017-06,0.6759539498,656848,149.0,2034.0,0.0087250018,4.8977609454,4.0949956194,116596,116604,4.3881791491,116596,3.7535344001,103556,PEKAO,0.8224794777,0
0.1727599079,,656848,0.143608567,0.1793428617,117801,50,retain,5,-0.2999631164,-0.7081169962,117793,117801,-0.5715980242,117793,-0.8063268642,104732,28.7628458162,965.3494811585,29.0,626.0,xgboost,2017-06,0.6750039583,656848,144.0,2004.0,0.0086275668,4.959207936,4.1428259466,117793,117801,4.4158843357,117793,3.7926268645,104732,PEKAO,0.8206571383,0
0.2032677271,7.0,656848,0.1765735756,0.2228597788,146385,50,retain,5,-0.2876535249,-0.6704840453,146377,146385,-0.5692993922,146377,-0.8228092703,131807,27.6504150015,730.0584320878,28.0,444.0,xgboost,2017-06,0.6084101649,656848,86.0,1586.0,0.0117485324,4.7874613402,4.0216764032,146377,146385,4.2240730823,146377,3.5831895297,131807,PEKAO,0.7771402212,0
0.0432804004,,657688,0.0077848463,0.0092201773,6064,10,reset,0,-0.2003467472,-0.2891327242,6064,6064,-0.1908594336,6064,-0.0964380485,6064,7.7371372032,1046.0380529978,8.0,696.0,linear,2017-06,0.9485014171,657688,200.0,2117.0,0.0004333362,4.3286412212,4.1509735889,6064,6064,4.3476150559,6064,4.5364621937,6064,PEKAO,0.9907798227,0
0.042247996,,657688,0.0075734999,0.0089023975,5855,10,reset,0,-0.1743610799,-0.2484266808,5855,5855,-0.1549581408,5855,-0.0719233699,5855,7.8051238258,1031.961519748,8.0,682.0,xgboost,2017-06,0.9497679751,657688,198.0,2095.0,0.000410529,4.3052534439,4.157047792,5855,5855,4.3440900599,5855,4.5101506874,5855,PEKAO,0.9910976025,0
0.0705182397,7.0,657688,0.0213490287,0.0260032112,17102,10,reset,0,-0.1776105242,-0.3476429074,17102,17102,-0.2246426031,17102,-0.1509111689,17102,7.2606712665,690.3382470107,8.0,409.0,xgboost,2017-06,0.9070167009,657688,68.0,1511.0,0.0011160307,3.0710113617,2.7309197314,17102,17102,2.9769496603,17102,3.124420647,17102,PEKAO,0.9739967888,0
0.0463137536,,657688,0.0095957354,0.0115145783,7573,10,reset,1,-0.1330534914,-0.241185132,7573,7573,-0.1268616862,7573,-0.0270501554,6106,7.493859765,1026.7700627045,8.0,680.0,linear,2017-06,0.9435963557,657688,186.0,2095.0,0.0004941553,4.0430128488,3.8266557081,7573,7573,4.0554023422,7573,4.1958219218,6106,PEKAO,0.9884854217,0
0.0454516427,,657688,0.0091578378,0.0109763292,7219,10,reset,1,-0.1208615605,-0.223451244,7219,7219,-0.1084293064,7219,-0.0195938357,5764,7.5370549938,1014.6973580178,8.0,670.0,xgboost,2017-06,0.9449206919,657688,181.0,2071.0,0.0004698276,4.0453047773,3.8400363261,7219,7219,4.070196108,7219,4.1966592488,5764,PEKAO,0.9890236708,0
0.0692744888,7.0,657688,0.021127039,0.0255151379,16781,10,reset,1,-0.1823389648,-0.3578390908,16781,16781,-0.2278764462,16781,-0.1323320311,13779,7.3012931291,691.1391632507,8.0,410.0,xgboost,2017-06,0.9085219739,657688,69.0,1513.0,0.0010764983,3.1165840029,2.7655597682,16781,16781,3.0255123816,16781,3.1231775915,13779,PEKAO,0.9744848621,0
0.0541457348,,657688,0.0123113087,0.0150314435,9886,10,reset,5,-0.131868112,-0.2765406062,9886,9886,-0.1447864399,9886,0.0685840524,2106,7.4025895205,979.8519541181,8.0,640.0,linear,2017-06,0.9329393269,657688,149.0,2035.0,0.0006036297,3.6220506431,3.3326443071,9886,9886,3.5962460209,9886,3.6100194747,2106,PEKAO,0.9849685565,0
0.0534691221,,657688,0.0121318923,0.0147501551,9701,10,reset,5,-0.1370369095,-0.2657804864,9701,9701,-0.1525501655,9701,0.0781454932,1983,7.4362436862,969.3863853377,8.0,630.0,xgboost,2017-06,0.9338075197,657688,145.0,2011.0,0.0005914659,3.6012393555,3.3437025997,9701,9701,3.5702587585,9701,3.5689571012,1983,PEKAO,0.9852498449,0
0.0684807994,7.0,657688,0.0209263359,0.025133498,16530,10,reset,5,-0.1518541981,-0.3462790979,16530,16530,-0.1997237707,16530,0.0321889169,3779,7.3173623714,692.1051623262,8.0,409.0,xgboost,2017-06,0.9095619808,657688,72.0,1515.0,0.0010308839,3.2127319995,2.8238355714,16530,16530,3.1169909087,16530,2.9909195575,3779,PEKAO,0.974866502,0
0.0794201479,,657478,0.0325425337,0.0391587247,25746,20,reset,0,-0.2797007045,-0.5774915389,25746,25746,-0.4210049682,25746,-0.3912519646,25746,13.9820166239,1046.171935791,15.0,696.0,linear,2017-06,0.8862547492,657478,200.0,2117.0,0.0017825692,4.3952485216,3.7996571816,25746,25746,4.1126529188,25746,4.1721331124,25746,PEKAO,0.9608412753,0
0.1167263391,7.0,657478,0.0656660755,0.0789410444,51902,20,reset,0,-0.2525706682,-0.5102316348,51902,51902,-0.3956278645,51902,-0.3862791781,51902,12.9901159878,700.4686544645,13.0,416.0,xgboost,2017-06,0.8140409261,657478,86.0,1509.0,0.0035666593,3.7459406887,3.2306142685,51902,51902,3.4598262331,51902,3.4785171021,51902,PEKAO,0.9210589556,0
0.1099276326,29.0,657478,0.0577905268,0.0703399962,46247,20,reset,0,-0.2694050812,-0.5075826183,46247,46247,-0.4161390793,46247,-0.3978827442,46247,13.0201526586,757.9004362123,13.0,456.0,xgboost,2017-06,0.829061961,657478,86.0,1650.0,0.0032198796,3.9560636531,3.479663064,46247,46247,3.6625617405,46247,3.699070898,46247,PEKAO,0.9296600038,0
0.0778246573,,657478,0.0325699111,0.0390659459,25685,20,reset,0,-0.2715890077,-0.5681675993,25685,25685,-0.4211142955,25685,-0.3853322852,25685,14.0238660697,1031.8233142402,15.0,682.0,xgboost,2017-06,0.8878122158,657478,198.0,2095.0,0.0017932159,4.4083708623,3.8152021077,25685,25685,4.1093312804,25685,4.1808723467,25685,PEKAO,0.9609340541,0
0.1209774319,17.0,657478,0.0650911513,0.0804331095,52883,20,reset,0,-0.2960651335,-0.546494884,52883,52883,-0.4490646039,52883,-0.4383161117,52883,12.8859746989,684.0836271328,13.0,401.0,xgboost,2017-06,0.810174637,657478,82.0,1497.0,0.0037567797,3.7615346766,3.2606807549,52883,52883,3.4555401152,52883,3.4770343803,52883,PEKAO,0.9195668905,0
0.0832164726,,657478,0.0359783902,0.0436927167,28727,20,reset,1,-0.2553318713,-0.5357345969,28727,28727,-0.3817928882,28727,-0.3418068985,26273,13.6444111811,1026.8594599363,14.0,680.0,linear,2017-06,0.8788765556,657478,186.0,2095.0,0.0019285816,4.2627599997,3.701938688,28727,28727,4.0098509284,28727,4.0570371013,26273,PEKAO,0.9563072833,0
0.1170016335,7.0,657478,0.0655428775,0.0790110087,51948,20,reset,1,-0.2565788677,-0.5148694806,51948,51948,-0.3971936073,51948,-0.37649126,48352,12.9401324401,697.8360994588,13.0,413.0,xgboost,2017-06,0.8138523266,657478,86.0,1507.3,0.0036031624,3.7780525028,3.2614680893,51948,51948,3.496820348,51948,3.4751967613,48352,PEKAO,0.9209889913,0
0.1109816602,29.0,657478,0.0580004198,0.0707293628,46503,20,reset,1,-0.2700720638,-0.5065243236,46503,46503,-0.4195670774,46503,-0.3811858592,43175,13.0066017246,754.8577427686,13.0,453.0,xgboost,2017-06,0.8277858727,657478,86.0,1646.0,0.0032320473,3.9757801573,3.5028320008,46503,46503,3.6767584128,46503,3.6960891855,43175,PEKAO,0.9292706372,0
0.0817928509,,657478,0.0354977657,0.043099541,28337,20,reset,1,-0.2554721671,-0.5423840527,28337,28337,-0.3944094266,28337,-0.3467159716,25882,13.7171895402,1014.6144905229,14.0,670.0,xgboost,2017-06,0.8808020953,657478,181.0,2070.0,0.0019072882,4.3038664697,3.7300253764,28337,28337,4.0259994905,28337,4.0847533138,25882,PEKAO,0.956900459,0
0.1203188548,17.0,657478,0.0650789836,0.0802308214,52750,20,reset,1,-0.2957046765,-0.5420885622,52750,52750,-0.4515061284,52750,-0.4264734152,49124,12.8951469194,683.9706362798,13.0,401.0,xgboost,2017-06,0.8108499448,657478,82.0,1495.0,0.0037522168,3.7856858534,3.292923737,52750,52750,3.4740861375,52750,3.473165504,49124,PEKAO,0.9197691786,0
0.093391718,,657478,0.0426523777,0.0524914902,34512,20,reset,5,-0.2516722638,-0.5139602471,34512,34512,-0.3707859803,34512,-0.2417232131,21321,13.355470561,979.8633034109,14.0,640.0,linear,2017-06,0.8617444234,657478,149.0,2035.0,0.0022114808,3.9657741939,3.4411963117,34512,34512,3.7275687194,34512,3.7037809107,21321,PEKAO,0.9475085098,0
0.1168175969,7.0,657478,0.0648325876,0.0784954021,51609,20,reset,5,-0.2556276075,-0.5165303806,51609,51609,-0.4058054521,51609,-0.2804408273,33562,12.9346431824,695.1470558711,13.0,411.0,xgboost,2017-06,0.8147131919,657478,85.0,1502.0,0.0036366236,3.8236689424,3.3018623603,51609,51609,3.5233055701,51609,3.457630751,33562,PEKAO,0.9215045979,0
0.1130243141,29.0,657478,0.0591289747,0.0722853084,47526,20,reset,5,-0.2646698252,-0.5088821885,47526,47526,-0.4212015605,47526,-0.2881493023,30633,13.0013045491,746.2290008183,13.0,446.0,xgboost,2017-06,0.8245964124,657478,86.0,1631.0,0.0032502989,3.9454057427,3.4569495791,47526,47526,3.632307801,47526,3.5850011666,30633,PEKAO,0.9277146916,0
0.0921673425,,657478,0.0426067488,0.0522724715,34368,20,reset,5,-0.2476378514,-0.5173380929,34368,34368,-0.3762821684,34368,-0.2465490772,21185,13.3816922719,969.0585996794,14.0,630.0,xgboost,2017-06,0.8630433262,657478,146.0,2010.0,0.0021825825,4.012702933,3.4732963228,34368,34368,3.7554245854,34368,3.7153776491,21185,PEKAO,0.9477275285,0
0.1187522624,17.0,657478,0.0651261335,0.0799311916,52553,20,reset,5,-0.295837888,-0.5370881779,52553,52553,-0.4517496357,52553,-0.3319280593,34262,12.9159134588,682.3875490891,13.0,402.0,xgboost,2017-06,0.8123541776,657478,81.0,1491.0,0.0037674264,3.8076422381,3.3251381249,52553,52553,3.4958158283,52553,3.4308285855,34262,PEKAO,0.9200688084,0
0.1570211069,,656848,0.125353202,0.1551698414,101923,50,reset,0,-0.3207108752,-0.7593801262,101920,101923,-0.6055014283,101920,-0.8886029933,101923,30.0540996635,1046.2488764524,30.0,696.0,linear,2017-06,0.7097730373,656848,200.0,2116.0,0.0078526539,5.0977004924,4.2203589096,101920,101923,4.5281397926,101920,3.9618673218,101923,PEKAO,0.8448301586,0
0.1556524493,,656848,0.1283645531,0.1577457798,103615,50,reset,0,-0.3079135059,-0.7498256629,103612,103615,-0.6107058185,103612,-0.886704352,103615,29.9797423153,1026.6020738436,30.0,678.0,xgboost,2017-06,0.7081714491,656848,193.0,2087.0,0.0078115485,5.1787336493,4.2948791215,103612,103615,4.5731420089,103612,4.0210667605,103615,PEKAO,0.8422542202,0
0.2031337539,7.0,656848,0.1749750323,0.2212871167,145352,50,reset,0,-0.2902177792,-0.6793669855,145349,145352,-0.5754395972,145349,-0.870587507,145352,27.6865265012,742.5966646774,28.0,453.0,xgboost,2017-06,0.6103771344,656848,86.0,1609.0,0.0115140794,4.7653937567,3.9870270703,145349,145352,4.1949114443,145349,3.6045600952,145352,PEKAO,0.7787128833,0
0.1615076852,,656848,0.1301579665,0.1619156943,106354,50,reset,1,-0.311918982,-0.7360203906,106350,106354,-0.5840974365,106350,-0.8583055268,103877,29.538682137,1026.8902957762,30.0,680.0,linear,2017-06,0.7001939566,656848,186.0,2095.0,0.0081403917,5.0402763458,4.1920570979,106350,106354,4.4959271413,106350,3.9196979047,103877,PEKAO,0.8380843057,0
0.1600857428,,656848,0.132438555,0.163742601,107554,50,reset,1,-0.3034939183,-0.7356796463,107550,107554,-0.5954500554,107550,-0.8635166163,105076,29.5327463414,1009.7534330621,30.0,665.0,xgboost,2017-06,0.699412954,656848,180.0,2064.0,0.0080627482,5.1197688398,4.2553570525,107550,107554,4.5358405887,107550,3.9707125711,105076,PEKAO,0.836257399,0
0.2026968187,7.0,656848,0.1749658977,0.2210526636,145198,50,reset,1,-0.2907997418,-0.6792132303,145194,145198,-0.5747819503,145194,-0.8637932947,142371,27.718067742,739.2454647042,28.0,451.0,xgboost,2017-06,0.6108201593,656848,86.0,1602.0,0.0115171242,4.7895162872,4.0126112975,145194,145198,4.2215024107,145194,3.6162204705,142371,PEKAO,0.7789473364,0
0.1738895452,,656848,0.1414315032,0.1775205223,116604,50,reset,5,-0.3071433944,-0.7084970779,116596,116604,-0.5619153559,116596,-0.8001363934,103556,28.8047579843,979.7956087253,29.0,640.0,linear,2017-06,0.6759539498,656848,149.0,2034.0,0.0087250018,4.8977609454,4.0949956194,116596,116604,4.3881791491,116596,3.7535344001,103556,PEKAO,0.8224794777,0
0.1727599079,,656848,0.143608567,0.1793428617,117801,50,reset,5,-0.2999631164,-0.7081169962,117793,117801,-0.5715980242,117793,-0.8063268642,104732,28.7628458162,965.3494811585,29.0,626.0,xgboost,2017-06,0.6750039583,656848,144.0,2004.0,0.0086275668,4.959207936,4.1428259466,117793,117801,4.4158843357,117793,3.7926268645,104732,PEKAO,0.8206571383,0
0.2032677271,7.0,656848,0.1765735756,0.2228597788,146385,50,reset,5,-0.2876535249,-0.6704840453,146377,146385,-0.5692993922,146377,-0.8228092703,131807,27.6504150015,730.0584320878,28.0,444.0,xgboost,2017-06,0.6084101649,656848,86.0,1586.0,0.0117485324,4.7874613402,4.0216764032,146377,146385,4.2240730823,146377,3.5831895297,131807,PEKAO,0.7771402212,0
0.0370789214,,404111,0.0054811673,0.0065402822,2643,10,retain,0,-0.4691770712,-0.9432670027,2643,2643,-0.6915747854,2643,-0.3919466737,2643,7.8361710178,834.9216601379,8.0,583.0,linear,2017-09,0.9570514042,404111,168.0,1679.0,0.0003885071,3.4750840321,2.5268530929,2643,2643,3.0301943747,2643,3.6294601589,2643,PEKAO,0.9934597178,0
0.0357550277,,404111,0.0051941175,0.0061740462,2495,10,retain,0,-0.4870852371,-0.9363016077,2495,2495,-0.6789753392,2495,-0.4011829497,2495,7.8605210421,826.4671142335,8.0,576.0,xgboost,2017-09,0.9586821443,404111,164.0,1668.0,0.0003687106,3.2921947708,2.3937170174,2495,2495,2.9083209087,2495,3.4638949823,2495,PEKAO,0.9938259538,0
0.0392565409,,404111,0.0061394023,0.0074806179,3023,10,retain,1,-0.3016060907,-0.8161356361,3023,3023,-0.5409796961,3023,-0.2289566842,2338,7.6596096593,822.4140990965,8.0,575.0,linear,2017-09,0.9541784312,404111,154.0,1669.0,0.0004256256,3.5279467305,2.4989384148,3023,3023,3.049145678,3023,3.5358057014,2338,PEKAO,0.9925193821,0
0.0380959687,,404111,0.0058226576,0.0070698397,2857,10,retain,1,-0.3025898075,-0.8112889621,2857,2857,-0.5148535494,2857,-0.2456158268,2196,7.6916345817,815.3227751781,8.0,568.0,xgboost,2017-09,0.9556928666,404111,152.0,1658.0,0.0003885071,3.4349585556,2.4176328341,2857,2857,3.0104037293,2857,3.399052206,2196,PEKAO,0.9929301603,0
0.0443120826,,404111,0.0072257375,0.0090321719,3650,10,retain,5,-0.2715595974,-0.7470877003,3650,3650,-0.4982412458,3650,0.0044853772,649,7.5923287671,786.8312221147,8.0,544.0,linear,2017-09,0.9479474699,404111,118.0,1638.0,0.0005147101,3.4868251736,2.5357987381,3650,3650,3.0333833475,3650,3.1588810847,649,PEKAO,0.9909678281,0
0.0435251701,,404111,0.0070426195,0.0088218336,3565,10,retain,5,-0.2255348406,-0.699079817,3564,3565,-0.4589267988,3564,0.0302148129,609,7.6157082749,780.4576663342,8.0,537.0,xgboost,2017-09,0.9489273987,404111,117.0,1625.0,0.0005048118,3.4565256202,2.5092883073,3564,3565,2.9894998924,3564,3.0050287298,609,PEKAO,0.9911781664,0
0.0702399846,,403901,0.0258058287,0.0304579588,12302,20,retain,0,-0.4976580044,-1.0965792076,12302,12302,-0.8205293532,12302,-0.7864701497,12302,14.1639570801,834.9532855824,15.0,582.0,linear,2017-09,0.9020180688,403901,168.0,1678.0,0.001936118,3.9145003624,2.7166791153,12302,12302,3.2687883386,12302,3.3368889303,12302,PEKAO,0.9695420412,0
0.0685019349,,403901,0.0255830018,0.0300766772,12148,20,retain,0,-0.4880030331,-1.1132458837,12148,12148,-0.8349682583,12148,-0.8000712313,12148,14.2416035561,825.6377627191,15.0,576.0,xgboost,2017-09,0.9041002622,403901,165.0,1667.0,0.0018148012,3.9646330384,2.7142001582,12148,12148,3.2707448349,12148,3.3405185537,12148,PEKAO,0.9699233228,0
0.0731293064,,403901,0.0271007004,0.0322257187,13016,20,retain,1,-0.451481427,-1.0552131706,13016,13016,-0.7664680449,13016,-0.7099211892,11856,13.9611247695,822.422685262,15.0,575.0,linear,2017-09,0.8977818822,403901,154.0,1669.0,0.0019881109,3.9140065257,2.7065816827,13016,13016,3.2840615355,13016,3.3467695956,11856,PEKAO,0.9677742813,0
0.0717329247,,403901,0.0268555909,0.0318716715,12873,20,retain,1,-0.4377961009,-1.0641861541,12873,12873,-0.7721064549,12873,-0.7176130245,11707,14.0403946244,814.4629971206,15.0,568.0,xgboost,2017-09,0.8995446904,403901,153.0,1657.0,0.0018667941,3.9603190338,2.7076041089,12873,12873,3.2917405565,12873,3.3451712561,11707,PEKAO,0.9681283285,0
0.0805098279,,403901,0.0302054216,0.0363331608,14675,20,retain,5,-0.4307277088,-1.0300025891,14674,14675,-0.7316550083,14674,-0.5142768894,8603,13.7872572402,786.7610429288,14.0,544.0,linear,2017-09,0.8871109505,403901,118.0,1638.0,0.0021738,3.8614763466,2.6629785247,14674,14675,3.2596567704,14674,3.3953873287,8603,PEKAO,0.9636668392,0
0.0796878443,,403901,0.0301410494,0.0361672786,14608,20,retain,5,-0.4133497125,-1.0177846327,14607,14608,-0.7242335847,14607,-0.5020264123,8536,13.8143483023,779.7188543727,14.0,537.0,xgboost,2017-09,0.888086437,403901,117.0,1625.0,0.0020846693,3.8885977851,2.6797958825,14607,14608,3.2668748744,14607,3.3658949242,8536,PEKAO,0.9638327214,0
0.1470599175,,403271,0.1120040866,0.1335156756,53843,50,retain,0,-0.4454609037,-1.1269456802,53838,53843,-0.8542355636,53838,-1.373948701,53843,30.9315602771,834.9585365672,32.0,582.0,linear,2017-09,0.7319098075,403271,169.0,1677.0,0.0090261883,5.0067496005,3.6433961397,53838,53843,4.188807377,53838,3.1499290649,53843,PEKAO,0.8664843244,0
0.1465118989,,403271,0.1114337505,0.1326973673,53513,50,retain,0,-0.413161685,-1.0907328554,53508,53513,-0.8352033915,53508,-1.3309669602,53513,31.0012894063,823.1923123656,32.0,573.0,xgboost,2017-09,0.7331719861,403271,164.0,1665.0,0.0088823645,5.0767308916,3.721236923,53508,53513,4.2322708472,53508,3.2412885741,53513,PEKAO,0.8673026327,0
0.1509704392,,403271,0.1149227195,0.1374187581,55417,50,retain,1,-0.426456763,-1.103435696,55411,55417,-0.8319438494,55411,-1.3352426498,53938,30.7122182724,822.4055833422,31.0,575.0,linear,2017-09,0.7248872346,403271,154.0,1668.0,0.0092196067,5.005081442,3.65064566,55411,55417,4.193617655,55411,3.1519782619,53938,PEKAO,0.8625812419,0
0.1504918529,,403271,0.1141589651,0.136340079,54982,50,retain,1,-0.3967970599,-1.0735152707,54976,54982,-0.816826584,54976,-1.2974342239,53502,30.7767633044,812.2409545938,32.0,565.0,xgboost,2017-09,0.726320514,403271,152.0,1652.0,0.0090286681,5.0625392874,3.708652443,54976,54982,4.2220048901,54976,3.2219941058,53502,PEKAO,0.863659921,0
0.1617795477,,403271,0.1240381778,0.1489519455,60068,50,retain,5,-0.4052635582,-1.0555038222,60058,60068,-0.7970272488,60058,-1.2436520364,52459,30.352450556,786.7303475826,31.0,544.0,linear,2017-09,0.7045733514,403271,118.0,1638.0,0.009608923,4.9924962703,3.6911739958,60058,60068,4.2081134519,60058,3.1579939772,52459,PEKAO,0.8510480545,0
0.1617200344,,403271,0.1240034617,0.148483278,59879,50,retain,5,-0.3748685556,-1.0290230825,59869,59879,-0.7851331132,59869,-1.2044967808,52163,30.4355283154,777.8475417275,31.0,534.0,xgboost,2017-09,0.7048262831,403271,115.0,1622.0,0.0094502208,5.0376187432,3.7284968207,59869,59879,4.2162534302,59869,3.216727141,52163,PEKAO,0.851516722,0
0.0370789214,,404111,0.0054811673,0.0065402822,2643,10,reset,0,-0.4691770712,-0.9432670027,2643,2643,-0.6915747854,2643,-0.3919466737,2643,7.8361710178,834.9216601379,8.0,583.0,linear,2017-09,0.9570514042,404111,168.0,1679.0,0.0003885071,3.4750840321,2.5268530929,2643,2643,3.0301943747,2643,3.6294601589,2643,PEKAO,0.9934597178,0
0.0357550277,,404111,0.0051941175,0.0061740462,2495,10,reset,0,-0.4870852371,-0.9363016077,2495,2495,-0.6789753392,2495,-0.4011829497,2495,7.8605210421,826.4671142335,8.0,576.0,xgboost,2017-09,0.9586821443,404111,164.0,1668.0,0.0003687106,3.2921947708,2.3937170174,2495,2495,2.9083209087,2495,3.4638949823,2495,PEKAO,0.9938259538,0
0.0392565409,,404111,0.0061394023,0.0074806179,3023,10,reset,1,-0.3016060907,-0.8161356361,3023,3023,-0.5409796961,3023,-0.2289566842,2338,7.6596096593,822.4140990965,8.0,575.0,linear,2017-09,0.9541784312,404111,154.0,1669.0,0.0004256256,3.5279467305,2.4989384148,3023,3023,3.049145678,3023,3.5358057014,2338,PEKAO,0.9925193821,0
0.0380959687,,404111,0.0058226576,0.0070698397,2857,10,reset,1,-0.3025898075,-0.8112889621,2857,2857,-0.5148535494,2857,-0.2456158268,2196,7.6916345817,815.3227751781,8.0,568.0,xgboost,2017-09,0.9556928666,404111,152.0,1658.0,0.0003885071,3.4349585556,2.4176328341,2857,2857,3.0104037293,2857,3.399052206,2196,PEKAO,0.9929301603,0
0.0443120826,,404111,0.0072257375,0.0090321719,3650,10,reset,5,-0.2715595974,-0.7470877003,3650,3650,-0.4982412458,3650,0.0044853772,649,7.5923287671,786.8312221147,8.0,544.0,linear,2017-09,0.9479474699,404111,118.0,1638.0,0.0005147101,3.4868251736,2.5357987381,3650,3650,3.0333833475,3650,3.1588810847,649,PEKAO,0.9909678281,0
0.0435251701,,404111,0.0070426195,0.0088218336,3565,10,reset,5,-0.2255348406,-0.699079817,3564,3565,-0.4589267988,3564,0.0302148129,609,7.6157082749,780.4576663342,8.0,537.0,xgboost,2017-09,0.9489273987,404111,117.0,1625.0,0.0005048118,3.4565256202,2.5092883073,3564,3565,2.9894998924,3564,3.0050287298,609,PEKAO,0.9911781664,0
0.0702399846,,403901,0.0258058287,0.0304579588,12302,20,reset,0,-0.4976580044,-1.0965792076,12302,12302,-0.8205293532,12302,-0.7864701497,12302,14.1639570801,834.9532855824,15.0,582.0,linear,2017-09,0.9020180688,403901,168.0,1678.0,0.001936118,3.9145003624,2.7166791153,12302,12302,3.2687883386,12302,3.3368889303,12302,PEKAO,0.9695420412,0
0.0685019349,,403901,0.0255830018,0.0300766772,12148,20,reset,0,-0.4880030331,-1.1132458837,12148,12148,-0.8349682583,12148,-0.8000712313,12148,14.2416035561,825.6377627191,15.0,576.0,xgboost,2017-09,0.9041002622,403901,165.0,1667.0,0.0018148012,3.9646330384,2.7142001582,12148,12148,3.2707448349,12148,3.3405185537,12148,PEKAO,0.9699233228,0
0.0731293064,,403901,0.0271007004,0.0322257187,13016,20,reset,1,-0.451481427,-1.0552131706,13016,13016,-0.7664680449,13016,-0.7099211892,11856,13.9611247695,822.422685262,15.0,575.0,linear,2017-09,0.8977818822,403901,154.0,1669.0,0.0019881109,3.9140065257,2.7065816827,13016,13016,3.2840615355,13016,3.3467695956,11856,PEKAO,0.9677742813,0
0.0717329247,,403901,0.0268555909,0.0318716715,12873,20,reset,1,-0.4377961009,-1.0641861541,12873,12873,-0.7721064549,12873,-0.7176130245,11707,14.0403946244,814.4629971206,15.0,568.0,xgboost,2017-09,0.8995446904,403901,153.0,1657.0,0.0018667941,3.9603190338,2.7076041089,12873,12873,3.2917405565,12873,3.3451712561,11707,PEKAO,0.9681283285,0
0.0805098279,,403901,0.0302054216,0.0363331608,14675,20,reset,5,-0.4307277088,-1.0300025891,14674,14675,-0.7316550083,14674,-0.5142768894,8603,13.7872572402,786.7610429288,14.0,544.0,linear,2017-09,0.8871109505,403901,118.0,1638.0,0.0021738,3.8614763466,2.6629785247,14674,14675,3.2596567704,14674,3.3953873287,8603,PEKAO,0.9636668392,0
0.0796878443,,403901,0.0301410494,0.0361672786,14608,20,reset,5,-0.4133497125,-1.0177846327,14607,14608,-0.7242335847,14607,-0.5020264123,8536,13.8143483023,779.7188543727,14.0,537.0,xgboost,2017-09,0.888086437,403901,117.0,1625.0,0.0020846693,3.8885977851,2.6797958825,14607,14608,3.2668748744,14607,3.3658949242,8536,PEKAO,0.9638327214,0
0.1470599175,,403271,0.1120040866,0.1335156756,53843,50,reset,0,-0.4454609037,-1.1269456802,53838,53843,-0.8542355636,53838,-1.373948701,53843,30.9315602771,834.9585365672,32.0,582.0,linear,2017-09,0.7319098075,403271,169.0,1677.0,0.0090261883,5.0067496005,3.6433961397,53838,53843,4.188807377,53838,3.1499290649,53843,PEKAO,0.8664843244,0
0.1465118989,,403271,0.1114337505,0.1326973673,53513,50,reset,0,-0.413161685,-1.0907328554,53508,53513,-0.8352033915,53508,-1.3309669602,53513,31.0012894063,823.1923123656,32.0,573.0,xgboost,2017-09,0.7331719861,403271,164.0,1665.0,0.0088823645,5.0767308916,3.721236923,53508,53513,4.2322708472,53508,3.2412885741,53513,PEKAO,0.8673026327,0
0.1509704392,,403271,0.1149227195,0.1374187581,55417,50,reset,1,-0.426456763,-1.103435696,55411,55417,-0.8319438494,55411,-1.3352426498,53938,30.7122182724,822.4055833422,31.0,575.0,linear,2017-09,0.7248872346,403271,154.0,1668.0,0.0092196067,5.005081442,3.65064566,55411,55417,4.193617655,55411,3.1519782619,53938,PEKAO,0.8625812419,0
0.1504918529,,403271,0.1141589651,0.136340079,54982,50,reset,1,-0.3967970599,-1.0735152707,54976,54982,-0.816826584,54976,-1.2974342239,53502,30.7767633044,812.2409545938,32.0,565.0,xgboost,2017-09,0.726320514,403271,152.0,1652.0,0.0090286681,5.0625392874,3.708652443,54976,54982,4.2220048901,54976,3.2219941058,53502,PEKAO,0.863659921,0
0.1617795477,,403271,0.1240381778,0.1489519455,60068,50,reset,5,-0.4052635582,-1.0555038222,60058,60068,-0.7970272488,60058,-1.2436520364,52459,30.352450556,786.7303475826,31.0,544.0,linear,2017-09,0.7045733514,403271,118.0,1638.0,0.009608923,4.9924962703,3.6911739958,60058,60068,4.2081134519,60058,3.1579939772,52459,PEKAO,0.8510480545,0
0.1617200344,,403271,0.1240034617,0.148483278,59879,50,reset,5,-0.3748685556,-1.0290230825,59869,59879,-0.7851331132,59869,-1.2044967808,52163,30.4355283154,777.8475417275,31.0,534.0,xgboost,2017-09,0.7048262831,403271,115.0,1622.0,0.0094502208,5.0376187432,3.7284968207,59869,59879,4.2162534302,59869,3.216727141,52163,PEKAO,0.851516722,0
0.0448706771,,481740,0.0073359073,0.0088616266,4269,10,retain,0,-0.0655777863,-0.4984422782,4269,4269,-0.3433754219,4269,-0.1451512464,4269,7.7627078941,1023.9273342467,8.0,672.0,linear,2017-11,0.9472889941,481740,196.0,1962.0,0.0005044215,4.6574102223,3.791696568,4269,4269,4.1017573858,4269,4.4982182883,4269,PEKAO,0.9911383734,0
0.0434238386,,481740,0.0071947524,0.0086581974,4171,10,retain,0,-0.0992045734,-0.5927298482,4171,4171,-0.4179626592,4171,-0.1813530374,4171,7.7631263486,1014.7712313696,8.0,664.0,xgboost,2017-11,0.9488935941,481740,191.0,1951.0,0.000487815,4.8546648599,3.8676395344,4171,4171,4.2170923472,4171,4.6903061834,4171,PEKAO,0.9913418026,0
0.047322207,,481740,0.008423631,0.010223357,4925,10,retain,1,-0.0380895701,-0.4390436245,4925,4925,-0.2771225498,4925,-0.0786144224,3880,7.6131979695,1007.740741894,8.0,660.0,linear,2017-11,0.9436957695,481740,180.0,1949.0,0.0005583925,4.6738040919,3.8718587829,4925,4925,4.1956526629,4925,4.6373666527,3880,PEKAO,0.989776643,0
0.0460310541,,481740,0.0081579275,0.0099078341,4773,10,retain,1,-0.0767088227,-0.5220384362,4773,4773,-0.3478470618,4773,-0.1222347043,3748,7.6241357637,1000.0560634367,8.0,654.0,xgboost,2017-11,0.9452692324,481740,176.0,1934.0,0.000541786,4.7914810908,3.9008269908,4773,4773,4.2491334765,4773,4.8022532441,3748,PEKAO,0.9900921659,0
0.0538257151,,481740,0.0099804874,0.0123614398,5955,10,retain,5,-0.0386212465,-0.3779594263,5955,5955,-0.2568370026,5955,0.1250657611,1117,7.5220822838,963.6724498692,8.0,625.0,linear,2017-11,0.9356167227,481740,130.0,1884.0,0.0005770748,4.4015262713,3.7227802798,5955,5955,3.965002576,5955,5.1082375721,1117,PEKAO,0.9876385602,0
0.0530825757,,481740,0.0096255241,0.0120376137,5799,10,retain,5,-0.0708860966,-0.4099702795,5799,5799,-0.298646944,5799,0.0751880184,1086,7.5312984997,957.0037883506,8.0,618.0,xgboost,2017-11,0.9366961431,481740,130.0,1875.0,0.000595757,4.4158294015,3.7376244689,5799,5799,3.960208743,5799,5.3120661101,1086,PEKAO,0.9879623863,0
0.0853716279,,481530,0.0305983012,0.0375864432,18099,20,retain,0,-0.1502445019,-0.6315753612,18096,18099,-0.4954785856,18096,-0.4367690173,18099,13.9540306094,1024.2427989949,15.0,673.0,linear,2017-11,0.8817664528,481530,197.0,1962.0,0.0022636181,4.6928625528,3.7302951677,18096,18099,4.0024842505,18096,4.119758549,18099,PEKAO,0.9624135568,0
0.0837912487,,481530,0.0300043611,0.0369052811,17771,20,retain,0,-0.1729325376,-0.6641569949,17768,17771,-0.5291845483,17768,-0.4640440084,17771,13.9949918406,1013.0011151953,15.0,662.0,xgboost,2017-11,0.8839137748,481530,190.0,1949.0,0.0022906153,4.8118426958,3.8295120452,17768,17771,4.0994423905,17768,4.2295580601,17771,PEKAO,0.9630947189,0
0.0889477291,,481530,0.0325649492,0.0400826532,19301,20,retain,1,-0.1459520399,-0.6095746561,19297,19301,-0.4747813764,19297,-0.3931420301,17651,13.7325527175,1008.0124893568,14.0,660.0,linear,2017-11,0.8761447885,481530,180.0,1949.0,0.0023425332,4.6883462244,3.7612133213,19297,19301,4.0307991854,19297,4.1627117389,17651,PEKAO,0.9599173468,0
0.0873528129,,481530,0.0317238801,0.0391315183,18843,20,retain,1,-0.1690463106,-0.6414207584,18839,18843,-0.5070369097,18839,-0.4222270893,17213,13.7897893117,998.591909123,14.0,652.0,xgboost,2017-11,0.8785600066,481530,176.0,1932.0,0.0023633003,4.7828382367,3.8382278853,18839,18843,4.1069873845,18839,4.2421360984,17213,PEKAO,0.9608684817,0
0.0983780865,,481530,0.0364691712,0.0452453637,21787,20,retain,5,-0.1582799462,-0.5804870053,21783,21787,-0.4577162914,21783,-0.2529992434,13212,13.5207692661,963.8302618736,14.0,625.0,linear,2017-11,0.8627042967,481530,130.0,1884.0,0.0024484456,4.5371150123,3.6927738569,21783,21787,3.9382944859,21783,4.1203686742,13212,PEKAO,0.9547546363,0
0.0974871763,,481530,0.0356634062,0.0443710672,21366,20,retain,5,-0.1731322452,-0.6035178893,21362,21366,-0.4819489177,21362,-0.273576858,12880,13.5694561453,955.959088738,14.0,618.0,xgboost,2017-11,0.8643552842,481530,130.0,1873.0,0.0024941333,4.6287306348,3.7680419286,21362,21366,4.0111688384,21362,4.1898879547,12880,PEKAO,0.9556289328,0
0.1840008318,,480900,0.120033271,0.1503306301,72294,50,retain,0,-0.2695282544,-0.846394587,72294,72294,-0.6824790158,72294,-1.0585998225,72294,30.2771737627,1024.605308796,31.0,673.0,linear,2017-11,0.6861863173,480900,197.0,1962.0,0.00977958,5.2448995808,4.091168752,72294,72294,4.4189964526,72294,3.6667250696,72294,PEKAO,0.8496693699,0
0.1812081514,,480900,0.1209128717,0.1512642961,72743,50,retain,0,-0.2740461003,-0.849316795,72743,72743,-0.6827871136,72743,-1.0513393018,72743,30.3704548891,1010.7241796631,31.0,660.0,xgboost,2017-11,0.6877313371,480900,189.0,1940.0,0.0101476398,5.3246779085,4.174132316,72743,72743,4.5071861339,72743,3.7700495916,72743,PEKAO,0.8487357039,0
0.1880848409,,480900,0.1232896652,0.1546537742,74373,50,retain,1,-0.2643595229,-0.8295564377,74373,74373,-0.6677068113,74373,-1.0257340185,72531,29.9932367929,1008.3744770222,31.0,660.0,linear,2017-11,0.6787377833,480900,180.0,1949.0,0.0098877105,5.2467190709,4.1163189648,74373,74373,4.4400168065,74373,3.6939328058,72531,PEKAO,0.8453462258,0
0.185150759,,480900,0.1238906218,0.1552173009,74644,50,retain,1,-0.2704281862,-0.8357671087,74644,74644,-0.6704312838,74644,-1.0268910065,72780,30.1100691281,996.5761821585,31.0,651.0,xgboost,2017-11,0.6807506758,480900,175.0,1927.0,0.0102079434,5.3076604714,4.1769730263,74644,74644,4.5076414747,74644,3.7635120778,72780,PEKAO,0.8447826991,0
0.19930131,,480900,0.1320461634,0.1660594718,79858,50,retain,5,-0.2600444758,-0.8008739039,79858,79858,-0.6464962289,79858,-0.9286847718,70269,29.5667184252,964.2384986484,30.0,625.0,linear,2017-11,0.6583011021,480900,130.0,1884.0,0.0103514244,5.2080193019,4.1263425284,79858,79858,4.4350960096,79858,3.7122209456,70269,PEKAO,0.8339405282,0
0.1972177168,,480900,0.1322665835,0.1664420878,80042,50,retain,5,-0.2663403682,-0.8044722109,80042,80042,-0.6511458701,80042,-0.9294987257,70494,29.6232977687,954.6238323976,30.0,617.0,xgboost,2017-11,0.6598440424,480900,130.0,1869.0,0.0106716573,5.2527634471,4.1764819859,80042,80042,4.4831339833,80042,3.7591677878,70494,PEKAO,0.8335579122,0
0.0448706771,,481740,0.0073359073,0.0088616266,4269,10,reset,0,-0.0655777863,-0.4984422782,4269,4269,-0.3433754219,4269,-0.1451512464,4269,7.7627078941,1023.9273342467,8.0,672.0,linear,2017-11,0.9472889941,481740,196.0,1962.0,0.0005044215,4.6574102223,3.791696568,4269,4269,4.1017573858,4269,4.4982182883,4269,PEKAO,0.9911383734,0
0.0434238386,,481740,0.0071947524,0.0086581974,4171,10,reset,0,-0.0992045734,-0.5927298482,4171,4171,-0.4179626592,4171,-0.1813530374,4171,7.7631263486,1014.7712313696,8.0,664.0,xgboost,2017-11,0.9488935941,481740,191.0,1951.0,0.000487815,4.8546648599,3.8676395344,4171,4171,4.2170923472,4171,4.6903061834,4171,PEKAO,0.9913418026,0
0.047322207,,481740,0.008423631,0.010223357,4925,10,reset,1,-0.0380895701,-0.4390436245,4925,4925,-0.2771225498,4925,-0.0786144224,3880,7.6131979695,1007.740741894,8.0,660.0,linear,2017-11,0.9436957695,481740,180.0,1949.0,0.0005583925,4.6738040919,3.8718587829,4925,4925,4.1956526629,4925,4.6373666527,3880,PEKAO,0.989776643,0
0.0460310541,,481740,0.0081579275,0.0099078341,4773,10,reset,1,-0.0767088227,-0.5220384362,4773,4773,-0.3478470618,4773,-0.1222347043,3748,7.6241357637,1000.0560634367,8.0,654.0,xgboost,2017-11,0.9452692324,481740,176.0,1934.0,0.000541786,4.7914810908,3.9008269908,4773,4773,4.2491334765,4773,4.8022532441,3748,PEKAO,0.9900921659,0
0.0538257151,,481740,0.0099804874,0.0123614398,5955,10,reset,5,-0.0386212465,-0.3779594263,5955,5955,-0.2568370026,5955,0.1250657611,1117,7.5220822838,963.6724498692,8.0,625.0,linear,2017-11,0.9356167227,481740,130.0,1884.0,0.0005770748,4.4015262713,3.7227802798,5955,5955,3.965002576,5955,5.1082375721,1117,PEKAO,0.9876385602,0
0.0530825757,,481740,0.0096255241,0.0120376137,5799,10,reset,5,-0.0708860966,-0.4099702795,5799,5799,-0.298646944,5799,0.0751880184,1086,7.5312984997,957.0037883506,8.0,618.0,xgboost,2017-11,0.9366961431,481740,130.0,1875.0,0.000595757,4.4158294015,3.7376244689,5799,5799,3.960208743,5799,5.3120661101,1086,PEKAO,0.9879623863,0
0.0853716279,,481530,0.0305983012,0.0375864432,18099,20,reset,0,-0.1502445019,-0.6315753612,18096,18099,-0.4954785856,18096,-0.4367690173,18099,13.9540306094,1024.2427989949,15.0,673.0,linear,2017-11,0.8817664528,481530,197.0,1962.0,0.0022636181,4.6928625528,3.7302951677,18096,18099,4.0024842505,18096,4.119758549,18099,PEKAO,0.9624135568,0
0.0837912487,,481530,0.0300043611,0.0369052811,17771,20,reset,0,-0.1729325376,-0.6641569949,17768,17771,-0.5291845483,17768,-0.4640440084,17771,13.9949918406,1013.0011151953,15.0,662.0,xgboost,2017-11,0.8839137748,481530,190.0,1949.0,0.0022906153,4.8118426958,3.8295120452,17768,17771,4.0994423905,17768,4.2295580601,17771,PEKAO,0.9630947189,0
0.0889477291,,481530,0.0325649492,0.0400826532,19301,20,reset,1,-0.1459520399,-0.6095746561,19297,19301,-0.4747813764,19297,-0.3931420301,17651,13.7325527175,1008.0124893568,14.0,660.0,linear,2017-11,0.8761447885,481530,180.0,1949.0,0.0023425332,4.6883462244,3.7612133213,19297,19301,4.0307991854,19297,4.1627117389,17651,PEKAO,0.9599173468,0
0.0873528129,,481530,0.0317238801,0.0391315183,18843,20,reset,1,-0.1690463106,-0.6414207584,18839,18843,-0.5070369097,18839,-0.4222270893,17213,13.7897893117,998.591909123,14.0,652.0,xgboost,2017-11,0.8785600066,481530,176.0,1932.0,0.0023633003,4.7828382367,3.8382278853,18839,18843,4.1069873845,18839,4.2421360984,17213,PEKAO,0.9608684817,0
0.0983780865,,481530,0.0364691712,0.0452453637,21787,20,reset,5,-0.1582799462,-0.5804870053,21783,21787,-0.4577162914,21783,-0.2529992434,13212,13.5207692661,963.8302618736,14.0,625.0,linear,2017-11,0.8627042967,481530,130.0,1884.0,0.0024484456,4.5371150123,3.6927738569,21783,21787,3.9382944859,21783,4.1203686742,13212,PEKAO,0.9547546363,0
0.0974871763,,481530,0.0356634062,0.0443710672,21366,20,reset,5,-0.1731322452,-0.6035178893,21362,21366,-0.4819489177,21362,-0.273576858,12880,13.5694561453,955.959088738,14.0,618.0,xgboost,2017-11,0.8643552842,481530,130.0,1873.0,0.0024941333,4.6287306348,3.7680419286,21362,21366,4.0111688384,21362,4.1898879547,12880,PEKAO,0.9556289328,0
0.1840008318,,480900,0.120033271,0.1503306301,72294,50,reset,0,-0.2695282544,-0.846394587,72294,72294,-0.6824790158,72294,-1.0585998225,72294,30.2771737627,1024.605308796,31.0,673.0,linear,2017-11,0.6861863173,480900,197.0,1962.0,0.00977958,5.2448995808,4.091168752,72294,72294,4.4189964526,72294,3.6667250696,72294,PEKAO,0.8496693699,0
0.1812081514,,480900,0.1209128717,0.1512642961,72743,50,reset,0,-0.2740461003,-0.849316795,72743,72743,-0.6827871136,72743,-1.0513393018,72743,30.3704548891,1010.7241796631,31.0,660.0,xgboost,2017-11,0.6877313371,480900,189.0,1940.0,0.0101476398,5.3246779085,4.174132316,72743,72743,4.5071861339,72743,3.7700495916,72743,PEKAO,0.8487357039,0
0.1880848409,,480900,0.1232896652,0.1546537742,74373,50,reset,1,-0.2643595229,-0.8295564377,74373,74373,-0.6677068113,74373,-1.0257340185,72531,29.9932367929,1008.3744770222,31.0,660.0,linear,2017-11,0.6787377833,480900,180.0,1949.0,0.0098877105,5.2467190709,4.1163189648,74373,74373,4.4400168065,74373,3.6939328058,72531,PEKAO,0.8453462258,0
0.185150759,,480900,0.1238906218,0.1552173009,74644,50,reset,1,-0.2704281862,-0.8357671087,74644,74644,-0.6704312838,74644,-1.0268910065,72780,30.1100691281,996.5761821585,31.0,651.0,xgboost,2017-11,0.6807506758,480900,175.0,1927.0,0.0102079434,5.3076604714,4.1769730263,74644,74644,4.5076414747,74644,3.7635120778,72780,PEKAO,0.8447826991,0
0.19930131,,480900,0.1320461634,0.1660594718,79858,50,reset,5,-0.2600444758,-0.8008739039,79858,79858,-0.6464962289,79858,-0.9286847718,70269,29.5667184252,964.2384986484,30.0,625.0,linear,2017-11,0.6583011021,480900,130.0,1884.0,0.0103514244,5.2080193019,4.1263425284,79858,79858,4.4350960096,79858,3.7122209456,70269,PEKAO,0.8339405282,0
0.1972177168,,480900,0.1322665835,0.1664420878,80042,50,reset,5,-0.2663403682,-0.8044722109,80042,80042,-0.6511458701,80042,-0.9294987257,70494,29.6232977687,954.6238323976,30.0,617.0,xgboost,2017-11,0.6598440424,480900,130.0,1869.0,0.0106716573,5.2527634471,4.1764819859,80042,80042,4.4831339833,80042,3.7591677878,70494,PEKAO,0.8335579122,0
