model,horizon,control_seed,latency,interpretation,decile,adverse_before_fill,eligible_decisions,fill_before_adverse,fill_probability,fills,markout_1,markout_10,markout_10_observations,markout_1_observations,markout_5,markout_5_observations,markout_remaining,markout_remaining_observations,mean_fill_time,mean_queue_ahead,median_fill_time,median_queue_ahead,no_event_fraction,placed_orders,queue_ahead_p10,queue_ahead_p90,simultaneous,spread_1,spread_10,spread_10_observations,spread_1_observations,spread_5,spread_5_observations,spread_remaining,spread_remaining_observations,unfilled_fraction,zero_signal_decisions,blocks,adverse_before_fill_defined_blocks,eligible_decisions_defined_blocks,fill_before_adverse_defined_blocks,fill_probability_defined_blocks,fills_defined_blocks,markout_1_defined_blocks,markout_10_defined_blocks,markout_10_observations_defined_blocks,markout_1_observations_defined_blocks,markout_5_defined_blocks,markout_5_observations_defined_blocks,markout_remaining_defined_blocks,markout_remaining_observations_defined_blocks,mean_fill_time_defined_blocks,mean_queue_ahead_defined_blocks,median_fill_time_defined_blocks,median_queue_ahead_defined_blocks,no_event_fraction_defined_blocks,placed_orders_defined_blocks,queue_ahead_p10_defined_blocks,queue_ahead_p90_defined_blocks,simultaneous_defined_blocks,spread_1_defined_blocks,spread_10_defined_blocks,spread_10_observations_defined_blocks,spread_1_observations_defined_blocks,spread_5_defined_blocks,spread_5_observations_defined_blocks,spread_remaining_defined_blocks,spread_remaining_observations_defined_blocks,unfilled_fraction_defined_blocks,zero_signal_decisions_defined_blocks
linear,10,,0,reset,1,0.020607164635,84337.2,0.0029567823,0.00375147892,313.75,-0.04965804406,-0.09952388677999999,313.55,313.7,-0.049035038355000005,313.65,-0.011345676354999997,313.75,7.764506304375,2250.8332427067353,8.05,1515.225,0.9761867436899999,84337.2,471.0,4327.79,0.000249309385,2.7456174665799997,2.649228832325,313.55,313.7,2.746722393535,313.65,2.82260872239,313.75,0.9962485210800001,0.0,20,20,20,20,20,20,20,20,20,20,20,20,20,20,20,20,20,20,20,20,20,20,20,20,20,20,20,20,20,20,20,20,20
linear,10,,0,reset,2,0.033881717205,84337.4,0.00319278044,0.004001514575,327.15,-0.016814289525000005,-0.23430301006,326.85,327.15,-0.11948958893500002,326.95,0.017693147070000005,327.15,7.772162594399999,1732.7482965551549,8.05,1287.75,0.96270626623,84337.4,498.225,3353.125,0.00021923613,4.102362948575,3.6654287426050005,326.85,327.15,3.89509232004,326.95,4.17133809168,327.15,0.9959984854249999,0.0,20,20,20,20,20,20,20,20,20,20,20,20,20,20,20,20,20,20,20,20,20,20,20,20,20,20,20,20,20,20,20,20,20
linear,10,,0,reset,3,0.040329558524999996,84334.15,0.004164867225,0.0053204516100000005,436.8,-0.006670164204999998,-0.20653941209,436.15,436.8,-0.09339370969500001,436.7,0.0010607004050000046,436.8,7.757677206045,1405.92321045477,8.05,1091.35,0.9551655168450001,84334.15,401.575,2704.0,0.00034005740499999995,4.3421619881349995,3.944429431395,436.15,436.8,4.16900382372,436.7,4.357579045525,436.8,0.9946795483900001,0.0,20,20,20,20,20,20,20,20,20,20,20,20,20,20,20,20,20,20,20,20,20,20,20,20,20,20,20,20,20,20,20,20,20
linear,10,,0,reset,4,0.04653117483,84336.5,0.00482595047,0.006368072130000001,522.8,-0.004006701829999999,-0.26227952347,522.65,522.8,-0.11148423621499999,522.8,0.005536772349999998,522.8,7.68023636879,1166.136251583795,8.05,940.1,0.9481962179050001,84336.5,319.24,2246.7599999999998,0.00044665680499999996,4.901742957195,4.385872206025001,522.65,522.8,4.6868376115000006,522.8,4.9207655698799995,522.8,0.9936319278699999,0.0,20,20,20,20,20,20,20,20,20,20,20,20,20,20,20,20,20,20,20,20,20,20,20,20,20,20,20,20,20,20,20,20,20
linear,10,,0,reset,5,0.0548941257,84334.9,0.006314470135,0.008145440475,663.9,-0.08724882676000001,-0.364672492635,662.9,663.9,-0.23443497177,663.5,-0.06602742413,663.9,7.710574214265,975.4908301461501,8.05,781.35,0.93818808549,84334.9,253.98000000000002,1897.0,0.000603318695,5.219862523865,4.67143183323,662.9,663.9,4.92599176386,663.5,5.262283521825,663.9,0.991854559525,0.0,20,20,20,20,20,20,20,20,20,20,20,20,20,20,20,20,20,20,20,20,20,20,20,20,20,20,20,20,20,20,20,20,20
linear,10,,0,reset,6,0.05393448893,84335.8,0.006206126385,0.00791550146,644.8,-0.037364316385,-0.333282444995,644.25,644.8,-0.15551446717,644.75,0.004965395049999997,644.8,7.66290143951,954.9548554922151,7.95,760.95,0.93932792072,84335.8,234.75,1858.145,0.00053146396,5.698776539155,5.10831176601,644.25,644.8,5.46353801462,644.75,5.783451097695,644.8,0.99208449854,0.0,20,20,20,20,20,20,20,20,20,20,20,20,20,20,20,20,20,20,20,20,20,20,20,20,20,20,20,20,20,20,20,20,20
linear,10,,0,reset,7,0.048153106935,84333.85,0.004911644465,0.006409659465,521.0,-0.049702651725000005,-0.23682704184999998,520.0,521.0,-0.07445218709,520.55,-0.001694656434999997,521.0,7.69965631541,1127.25673453488,7.9,906.1,0.94645781143,84333.85,298.05,2206.48,0.00047743716500000003,5.09598408171,4.723842149259999,520.0,521.0,5.04684259442,520.55,5.192047939015,521.0,0.9935903405350001,0.0,20,20,20,20,20,20,20,20,20,20,20,20,20,20,20,20,20,20,20,20,20,20,20,20,20,20,20,20,20,20,20,20,20
linear,10,,0,reset,8,0.041982164,84334.7,0.003975530425,0.005007092770000001,408.05,-0.05961603307,-0.19006992643,407.75,408.05,-0.100612953165,407.8,-0.00607712094,408.05,7.7850451204099995,1340.9725355528349,8.0,1065.675,0.953727995195,84334.7,370.19,2621.1400000000003,0.000314310375,4.48521538507,4.228086314505,407.75,408.05,4.40710629123,407.8,4.592364117475,408.05,0.99499290723,0.0,20,20,20,20,20,20,20,20,20,20,20,20,20,20,20,20,20,20,20,20,20,20,20,20,20,20,20,20,20,20,20,20,20
linear,10,,0,reset,9,0.03463836407,84338.3,0.0029660157450000003,0.003783194905,311.45,0.013213530910000004,-0.1949154286,311.1,311.45,-0.08855370396,311.3,-0.012368253000000001,311.45,7.81859048144,1617.7287999402001,8.05,1247.0,0.9621141637299999,84338.3,459.45,3123.8,0.00028145646000000003,3.820040300205,3.4088018917600005,311.1,311.45,3.61727295346,311.3,3.768896168015,311.45,0.996216805095,0.0,20,20,20,20,20,20,20,20,20,20,20,20,20,20,20,20,20,20,20,20,20,20,20,20,20,20,20,20,20,20,20,20,20
linear,10,,0,reset,10,0.021380915485,84331.9,0.002976666385,0.0037445066550000003,320.75,0.04822582125500001,0.076783350515,320.3,320.7,0.13150821263499998,320.7,0.10506416287,320.75,7.741298216494999,1952.7608502790201,7.85,1435.05,0.97539498318,84331.9,441.2,3828.3,0.000247434945,3.20057384398,3.2658574250249996,320.3,320.7,3.3670648530500005,320.7,3.3143377934249996,320.75,0.9962554933450001,0.0,20,20,20,20,20,20,20,20,20,20,20,20,20,20,20,20,20,20,20,20,20,20,20,20,20,20,20,20,20,20,20,20,20
linear,10,,0,retain,1,0.020607164635,84337.2,0.0029567823,0.00375147892,313.75,-0.04965804406,-0.09952388677999999,313.55,313.7,-0.049035038355000005,313.65,-0.011345676354999997,313.75,7.764506304375,2250.8332427067353,8.05,1515.225,0.9761867436899999,84337.2,471.0,4327.79,0.000249309385,2.7456174665799997,2.649228832325,313.55,313.7,2.746722393535,313.65,2.82260872239,313.75,0.9962485210800001,0.0,20,20,20,20,20,20,20,20,20,20,20,20,20,20,20,20,20,20,20,20,20,20,20,20,20,20,20,20,20,20,20,20,20
linear,10,,0,retain,2,0.033881717205,84337.4,0.00319278044,0.004001514575,327.15,-0.016814289525000005,-0.23430301006,326.85,327.15,-0.11948958893500002,326.95,0.017693147070000005,327.15,7.772162594399999,1732.7482965551549,8.05,1287.75,0.96270626623,84337.4,498.225,3353.125,0.00021923613,4.102362948575,3.6654287426050005,326.85,327.15,3.89509232004,326.95,4.17133809168,327.15,0.9959984854249999,0.0,20,20,20,20,20,20,20,20,20,20,20,20,20,20,20,20,20,20,20,20,20,20,20,20,20,20,20,20,20,20,20,20,20
linear,10,,0,retain,3,0.040329558524999996,84334.15,0.004164867225,0.0053204516100000005,436.8,-0.006670164204999998,-0.20653941209,436.15,436.8,-0.09339370969500001,436.7,0.0010607004050000046,436.8,7.757677206045,1405.92321045477,8.05,1091.35,0.9551655168450001,84334.15,401.575,2704.0,0.00034005740499999995,4.3421619881349995,3.944429431395,436.15,436.8,4.16900382372,436.7,4.357579045525,436.8,0.9946795483900001,0.0,20,20,20,20,20,20,20,20,20,20,20,20,20,20,20,20,20,20,20,20,20,20,20,20,20,20,20,20,20,20,20,20,20
linear,10,,0,retain,4,0.04653117483,84336.5,0.00482595047,0.006368072130000001,522.8,-0.004006701829999999,-0.26227952347,522.65,522.8,-0.11148423621499999,522.8,0.005536772349999998,522.8,7.68023636879,1166.136251583795,8.05,940.1,0.9481962179050001,84336.5,319.24,2246.7599999999998,0.00044665680499999996,4.901742957195,4.385872206025001,522.65,522.8,4.6868376115000006,522.8,4.9207655698799995,522.8,0.9936319278699999,0.0,20,20,20,20,20,20,20,20,20,20,20,20,20,20,20,20,20,20,20,20,20,20,20,20,20,20,20,20,20,20,20,20,20
linear,10,,0,retain,5,0.0548941257,84334.9,0.006314470135,0.008145440475,663.9,-0.08724882676000001,-0.364672492635,662.9,663.9,-0.23443497177,663.5,-0.06602742413,663.9,7.710574214265,975.4908301461501,8.05,781.35,0.93818808549,84334.9,253.98000000000002,1897.0,0.000603318695,5.219862523865,4.67143183323,662.9,663.9,4.92599176386,663.5,5.262283521825,663.9,0.991854559525,0.0,20,20,20,20,20,20,20,20,20,20,20,20,20,20,20,20,20,20,20,20,20,20,20,20,20,20,20,20,20,20,20,20,20
linear,10,,0,retain,6,0.05393448893,84335.8,0.006206126385,0.00791550146,644.8,-0.037364316385,-0.333282444995,644.25,644.8,-0.15551446717,644.75,0.004965395049999997,644.8,7.66290143951,954.9548554922151,7.95,760.95,0.93932792072,84335.8,234.75,1858.145,0.00053146396,5.698776539155,5.10831176601,644.25,644.8,5.46353801462,644.75,5.783451097695,644.8,0.99208449854,0.0,20,20,20,20,20,20,20,20,20,20,20,20,20,20,20,20,20,20,20,20,20,20,20,20,20,20,20,20,20,20,20,20,20
linear,10,,0,retain,7,0.048153106935,84333.85,0.004911644465,0.006409659465,521.0,-0.049702651725000005,-0.23682704184999998,520.0,521.0,-0.07445218709,520.55,-0.001694656434999997,521.0,7.69965631541,1127.25673453488,7.9,906.1,0.94645781143,84333.85,298.05,2206.48,0.00047743716500000003,5.09598408171,4.723842149259999,520.0,521.0,5.04684259442,520.55,5.192047939015,521.0,0.9935903405350001,0.0,20,20,20,20,20,20,20,20,20,20,20,20,20,20,20,20,20,20,20,20,20,20,20,20,20,20,20,20,20,20,20,20,20
linear,10,,0,retain,8,0.041982164,84334.7,0.003975530425,0.005007092770000001,408.05,-0.05961603307,-0.19006992643,407.75,408.05,-0.100612953165,407.8,-0.00607712094,408.05,7.7850451204099995,1340.9725355528349,8.0,1065.675,0.953727995195,84334.7,370.19,2621.1400000000003,0.000314310375,4.48521538507,4.228086314505,407.75,408.05,4.40710629123,407.8,4.592364117475,408.05,0.99499290723,0.0,20,20,20,20,20,20,20,20,20,20,20,20,20,20,20,20,20,20,20,20,20,20,20,20,20,20,20,20,20,20,20,20,20
linear,10,,0,retain,9,0.03463836407,84338.3,0.0029660157450000003,0.003783194905,311.45,0.013213530910000004,-0.1949154286,311.1,311.45,-0.08855370396,311.3,-0.012368253000000001,311.45,7.81859048144,1617.7287999402001,8.05,1247.0,0.9621141637299999,84338.3,459.45,3123.8,0.00028145646000000003,3.820040300205,3.4088018917600005,311.1,311.45,3.61727295346,311.3,3.768896168015,311.45,0.996216805095,0.0,20,20,20,20,20,20,20,20,20,20,20,20,20,20,20,20,20,20,20,20,20,20,20,20,20,20,20,20,20,20,20,20,20
linear,10,,0,retain,10,0.021380915485,84331.9,0.002976666385,0.0037445066550000003,320.75,0.04822582125500001,0.076783350515,320.3,320.7,0.13150821263499998,320.7,0.10506416287,320.75,7.741298216494999,1952.7608502790201,7.85,1435.05,0.97539498318,84331.9,441.2,3828.3,0.000247434945,3.20057384398,3.2658574250249996,320.3,320.7,3.3670648530500005,320.7,3.3143377934249996,320.75,0.9962554933450001,0.0,20,20,20,20,20,20,20,20,20,20,20,20,20,20,20,20,20,20,20,20,20,20,20,20,20,20,20,20,20,20,20,20,20
linear,10,,1,reset,1,0.02658368638,84337.2,0.0035411494200000004,0.0044416441450000005,373.5,-0.01071293828,-0.028467991879999995,373.25,373.4,0.0012251724200000036,373.3,0.02853307486,291.8,7.65270588879,2228.393836752445,7.95,1497.7,0.96960314348,84337.2,447.65,4292.51,0.0002720207,2.91351562907,2.879172042035,373.25,373.4,2.9371336608100003,373.3,2.848605402835,291.8,0.995558355855,0.0,20,20,20,20,20,20,20,20,20,20,20,20,20,20,20,20,20,20,20,20,20,20,20,20,20,20,20,20,20,20,20,20,20
linear,10,,1,reset,2,0.036228160455000005,84337.4,0.0041160920249999995,0.0051154426400000005,420.85,0.02772798063,-0.14103170201499998,420.55,420.85,-0.044214257515,420.7,0.08416997210999999,336.0,7.512401292545,1705.240802431185,7.85,1267.8,0.959407238605,84337.4,458.88500000000005,3327.775,0.00024850891,4.1012079023300005,3.7630509209499996,420.55,420.85,3.955810182245,420.7,4.13588313881,336.0,0.99488455736,0.0,20,20,20,20,20,20,20,20,20,20,20,20,20,20,20,20,20,20,20,20,20,20,20,20,20,20,20,20,20,20,20,20,20
linear,10,,1,reset,3,0.041682239455000006,84334.15,0.0051247989,0.00657684128,544.45,0.040093853345,-0.154815056255,543.6,544.45,-0.019872521415000004,544.3,0.06475111026,434.8,7.531009280015001,1384.3944851913,7.9,1070.775,0.952817289095,84334.15,374.7,2686.71,0.00037567257,4.299366436865,3.9123411281400005,543.6,544.45,4.179870422175,544.3,4.285343154365,434.8,0.99342315872,0.0,20,20,20,20,20,20,20,20,20,20,20,20,20,20,20,20,20,20,20,20,20,20,20,20,20,20,20,20,20,20,20,20,20
linear,10,,1,reset,4,0.047957022929999996,84336.5,0.005832258599999999,0.00795419327,651.9,0.044128318665,-0.168347052055,651.65,651.9,-0.008612287800000002,651.9,0.089019385645,527.4,7.459007753330001,1150.310568640245,7.85,923.7,0.94573293218,84336.5,301.81,2237.18,0.000477786305,4.49989038934,4.07595226203,651.65,651.9,4.394417983825,651.9,4.4322124409849994,527.4,0.99204580673,0.0,20,20,20,20,20,20,20,20,20,20,20,20,20,20,20,20,20,20,20,20,20,20,20,20,20,20,20,20,20,20,20,20,20
linear,10,,1,reset,5,0.05542402449,84334.9,0.007151888305000001,0.009344760495,764.15,-0.039673536625000005,-0.312758520005,763.05,764.15,-0.172942863075,763.65,-0.004776209779999999,608.8,7.567505064975,965.853806634055,8.0,769.75,0.936757004865,84334.9,240.2,1892.355,0.00066708235,5.04513556319,4.50386661482,763.05,764.15,4.778805268255001,763.65,5.031863862195,608.8,0.9906552395049999,0.0,20,20,20,20,20,20,20,20,20,20,20,20,20,20,20,20,20,20,20,20,20,20,20,20,20,20,20,20,20,20,20,20,20
linear,10,,1,reset,6,0.054827739575,84335.8,0.006840765529999999,0.008919395574999999,726.75,0.019353394319999998,-0.31512427443,725.95,726.7,-0.13193968961,726.55,0.053516776445000004,580.1,7.529404814245,946.2434552188249,7.95,750.15,0.937737122555,84335.8,222.6,1854.0,0.000594372335,5.587184102315,4.920527795715,725.95,726.7,5.286326660725,726.55,5.573467978825,580.1,0.991080604425,0.0,20,20,20,20,20,20,20,20,20,20,20,20,20,20,20,20,20,20,20,20,20,20,20,20,20,20,20,20,20,20,20,20,20
linear,10,,1,reset,7,0.04919393781,84333.85,0.00576637472,0.00752764481,614.75,0.04516072168,-0.17884111638,613.5,614.7,0.021526924265000004,614.1,0.076247091475,494.25,7.484535519934999,1112.5651730468849,7.8,889.35,0.9445146522350001,84333.85,283.79499999999996,2193.95,0.00052503523,5.03345761636,4.587105506885,613.5,614.7,4.98574208164,614.1,5.016750218645,494.25,0.99247235519,0.0,20,20,20,20,20,20,20,20,20,20,20,20,20,20,20,20,20,20,20,20,20,20,20,20,20,20,20,20,20,20,20,20,20
linear,10,,1,reset,8,0.0430819113,84334.7,0.004895188615,0.00620242324,509.2,0.0582664582,-0.135162375095,508.7,509.2,0.012069978885000002,508.9,0.085373477325,408.25,7.54394992024,1321.5628292234749,7.9,1048.05,0.951664531005,84334.7,346.65,2599.84,0.000358369065,4.456152941405,4.07526371503,508.7,509.2,4.367189386745,508.9,4.40852509653,408.25,0.9937975767599999,0.0,20,20,20,20,20,20,20,20,20,20,20,20,20,20,20,20,20,20,20,20,20,20,20,20,20,20,20,20,20,20,20,20,20
linear,10,,1,reset,9,0.03695130949,84338.3,0.003861391275,0.004902232665000001,405.45,0.06805049433999999,-0.117237248255,405.05,405.45,0.005752526384999998,405.2,0.06855267980499999,324.35,7.58611848162,1593.0688357399,7.85,1228.325,0.95886105217,84338.3,430.45,3101.505,0.000326247045,3.7968709984,3.4290869972099998,405.05,405.45,3.6736094810349997,405.2,3.7669821060000004,324.35,0.995097767335,0.0,20,20,20,20,20,20,20,20,20,20,20,20,20,20,20,20,20,20,20,20,20,20,20,20,20,20,20,20,20,20,20,20,20
linear,10,,1,reset,10,0.028051949609999998,84331.9,0.003413860655,0.00427630462,363.9,0.074193480145,0.09376141810000001,363.35,363.8,0.14964414473,363.8,0.12472974599,288.15,7.643510624859999,1934.195507216265,7.9,1421.6,0.9682656979300001,84331.9,422.45,3801.95,0.00026849181,3.141491500535,3.1875535263300003,363.35,363.8,3.29232302738,363.8,3.24263724969,288.15,0.99572369538,0.0,20,20,20,20,20,20,20,20,20,20,20,20,20,20,20,20,20,20,20,20,20,20,20,20,20,20,20,20,20,20,20,20,20
linear,10,,1,retain,1,0.02658368638,84337.2,0.0035411494200000004,0.0044416441450000005,373.5,-0.01071293828,-0.028467991879999995,373.25,373.4,0.0012251724200000036,373.3,0.02853307486,291.8,7.65270588879,2228.393836752445,7.95,1497.7,0.96960314348,84337.2,447.65,4292.51,0.0002720207,2.91351562907,2.879172042035,373.25,373.4,2.9371336608100003,373.3,2.848605402835,291.8,0.995558355855,0.0,20,20,20,20,20,20,20,20,20,20,20,20,20,20,20,20,20,20,20,20,20,20,20,20,20,20,20,20,20,20,20,20,20
linear,10,,1,retain,2,0.036228160455000005,84337.4,0.0041160920249999995,0.0051154426400000005,420.85,0.02772798063,-0.14103170201499998,420.55,420.85,-0.044214257515,420.7,0.08416997210999999,336.0,7.512401292545,1705.240802431185,7.85,1267.8,0.959407238605,84337.4,458.88500000000005,3327.775,0.00024850891,4.1012079023300005,3.7630509209499996,420.55,420.85,3.955810182245,420.7,4.13588313881,336.0,0.99488455736,0.0,20,20,20,20,20,20,20,20,20,20,20,20,20,20,20,20,20,20,20,20,20,20,20,20,20,20,20,20,20,20,20,20,20
linear,10,,1,retain,3,0.041682239455000006,84334.15,0.0051247989,0.00657684128,544.45,0.040093853345,-0.154815056255,543.6,544.45,-0.019872521415000004,544.3,0.06475111026,434.8,7.531009280015001,1384.3944851913,7.9,1070.775,0.952817289095,84334.15,374.7,2686.71,0.00037567257,4.299366436865,3.9123411281400005,543.6,544.45,4.179870422175,544.3,4.285343154365,434.8,0.99342315872,0.0,20,20,20,20,20,20,20,20,20,20,20,20,20,20,20,20,20,20,20,20,20,20,20,20,20,20,20,20,20,20,20,20,20
linear,10,,1,retain,4,0.047957022929999996,84336.5,0.005832258599999999,0.00795419327,651.9,0.044128318665,-0.168347052055,651.65,651.9,-0.008612287800000002,651.9,0.089019385645,527.4,7.459007753330001,1150.310568640245,7.85,923.7,0.94573293218,84336.5,301.81,2237.18,0.000477786305,4.49989038934,4.07595226203,651.65,651.9,4.394417983825,651.9,4.4322124409849994,527.4,0.99204580673,0.0,20,20,20,20,20,20,20,20,20,20,20,20,20,20,20,20,20,20,20,20,20,20,20,20,20,20,20,20,20,20,20,20,20
linear,10,,1,retain,5,0.05542402449,84334.9,0.007151888305000001,0.009344760495,764.15,-0.039673536625000005,-0.312758520005,763.05,764.15,-0.172942863075,763.65,-0.004776209779999999,608.8,7.567505064975,965.853806634055,8.0,769.75,0.936757004865,84334.9,240.2,1892.355,0.00066708235,5.04513556319,4.50386661482,763.05,764.15,4.778805268255001,763.65,5.031863862195,608.8,0.9906552395049999,0.0,20,20,20,20,20,20,20,20,20,20,20,20,20,20,20,20,20,20,20,20,20,20,20,20,20,20,20,20,20,20,20,20,20
linear,10,,1,retain,6,0.054827739575,84335.8,0.006840765529999999,0.008919395574999999,726.75,0.019353394319999998,-0.31512427443,725.95,726.7,-0.13193968961,726.55,0.053516776445000004,580.1,7.529404814245,946.2434552188249,7.95,750.15,0.937737122555,84335.8,222.6,1854.0,0.000594372335,5.587184102315,4.920527795715,725.95,726.7,5.286326660725,726.55,5.573467978825,580.1,0.991080604425,0.0,20,20,20,20,20,20,20,20,20,20,20,20,20,20,20,20,20,20,20,20,20,20,20,20,20,20,20,20,20,20,20,20,20
linear,10,,1,retain,7,0.04919393781,84333.85,0.00576637472,0.00752764481,614.75,0.04516072168,-0.17884111638,613.5,614.7,0.021526924265000004,614.1,0.076247091475,494.25,7.484535519934999,1112.5651730468849,7.8,889.35,0.9445146522350001,84333.85,283.79499999999996,2193.95,0.00052503523,5.03345761636,4.587105506885,613.5,614.7,4.98574208164,614.1,5.016750218645,494.25,0.99247235519,0.0,20,20,20,20,20,20,20,20,20,20,20,20,20,20,20,20,20,20,20,20,20,20,20,20,20,20,20,20,20,20,20,20,20
linear,10,,1,retain,8,0.0430819113,84334.7,0.004895188615,0.00620242324,509.2,0.0582664582,-0.135162375095,508.7,509.2,0.012069978885000002,508.9,0.085373477325,408.25,7.54394992024,1321.5628292234749,7.9,1048.05,0.951664531005,84334.7,346.65,2599.84,0.000358369065,4.456152941405,4.07526371503,508.7,509.2,4.367189386745,508.9,4.40852509653,408.25,0.9937975767599999,0.0,20,20,20,20,20,20,20,20,20,20,20,20,20,20,20,20,20,20,20,20,20,20,20,20,20,20,20,20,20,20,20,20,20
linear,10,,1,retain,9,0.03695130949,84338.3,0.003861391275,0.004902232665000001,405.45,0.06805049433999999,-0.117237248255,405.05,405.45,0.005752526384999998,405.2,0.06855267980499999,324.35,7.58611848162,1593.0688357399,7.85,1228.325,0.95886105217,84338.3,430.45,3101.505,0.000326247045,3.7968709984,3.4290869972099998,405.05,405.45,3.6736094810349997,405.2,3.7669821060000004,324.35,0.995097767335,0.0,20,20,20,20,20,20,20,20,20,20,20,20,20,20,20,20,20,20,20,20,20,20,20,20,20,20,20,20,20,20,20,20,20
linear,10,,1,retain,10,0.028051949609999998,84331.9,0.003413860655,0.00427630462,363.9,0.074193480145,0.09376141810000001,363.35,363.8,0.14964414473,363.8,0.12472974599,288.15,7.643510624859999,1934.195507216265,7.9,1421.6,0.9682656979300001,84331.9,422.45,3801.95,0.00026849181,3.141491500535,3.1875535263300003,363.35,363.8,3.29232302738,363.8,3.24263724969,288.15,0.99572369538,0.0,20,20,20,20,20,20,20,20,20,20,20,20,20,20,20,20,20,20,20,20,20,20,20,20,20,20,20,20,20,20,20,20,20
linear,10,,5,reset,1,0.035238857430000006,84337.2,0.004954621025,0.006454249445,547.2,-0.005127106200000002,-0.047381257555,546.6,546.9,0.01011301357,546.9,0.071941972035,107.5,7.539285256735001,2144.081223207335,7.85,1431.95,0.9594420407850001,84337.2,349.5,4200.170000000005,0.00036448076000000003,2.7165121400850003,2.633709326535,546.6,546.9,2.7470272207899997,546.9,2.425809084385,107.5,0.9935457505549999,0.0,20,20,20,20,20,20,20,20,20,20,20,20,20,20,20,20,20,20,20,20,20,20,20,20,20,20,20,20,20,20,20,20,20
linear,10,,5,reset,2,0.042500890415000006,84337.4,0.005487591845,0.0069460735849999995,572.8,-0.01545884752,-0.16225606125,572.2,572.8,-0.08588967702000001,572.5,0.129844262335,124.95,7.425033466565,1632.79562979961,7.85,1209.7,0.951645248985,84337.4,354.65,3253.88,0.000366268735,3.898468425675,3.605095373195,572.2,572.8,3.757235816485,572.5,3.60938565373,124.95,0.9930539264149999,0.0,20,20,20,20,20,20,20,20,20,20,20,20,20,20,20,20,20,20,20,20,20,20,20,20,20,20,20,20,20,20,20,20,20
linear,10,,5,reset,3,0.046985516064999996,84334.15,0.006329557725,0.00828957594,685.45,0.028268227729999994,-0.168544329665,684.4,685.45,-0.01361689466,685.45,0.15428770787499999,138.75,7.488275337835001,1333.65835326008,7.9,1020.55,0.94624044609,84334.15,305.74,2653.3,0.0004444801,4.092911054025,3.701350139045,684.4,685.45,4.00915750427,685.45,3.87935925385,138.75,0.9917104240600001,0.0,20,20,20,20,20,20,20,20,20,20,20,20,20,20,20,20,20,20,20,20,20,20,20,20,20,20,20,20,20,20,20,20,20
linear,10,,5,reset,4,0.05235342217,84336.5,0.007069035805,0.009721557694999999,800.65,0.016371225435,-0.177589239085,800.1,800.55,-0.022713634755000007,800.4,0.19208397397000002,175.6,7.443504576325,1118.503528579,7.85,879.8,0.9400191841350001,84336.5,259.4,2222.545,0.00055835789,4.2269140822399995,3.838291618425,800.1,800.55,4.148580562245,800.4,3.75239279232,175.6,0.9902784423050001,0.0,20,20,20,20,20,20,20,20,20,20,20,20,20,20,20,20,20,20,20,20,20,20,20,20,20,20,20,20,20,20,20,20,20
linear,10,,5,reset,5,0.058371540784999995,84334.9,0.00817990609,0.01078356746,878.5,-0.0114125471,-0.275473815445,876.5,878.35,-0.14942261055,877.4,0.1538445564,177.0,7.48506943177,950.2974112310651,8.0,747.35,0.9327472721550001,84334.9,207.7,1898.75,0.00070128097,4.962796879535,4.44137139561,876.5,878.35,4.6882393351700005,877.4,4.913811978255,177.0,0.9892164325399999,0.0,20,20,20,20,20,20,20,20,20,20,20,20,20,20,20,20,20,20,20,20,20,20,20,20,20,20,20,20,20,20,20,20,20
linear,10,,5,reset,6,0.057717880915,84335.8,0.0077332872649999995,0.010060992435,821.9,0.02961658118,-0.32043803948,820.9,821.85,-0.12408616599,821.35,0.167292221615,172.05,7.45370566277,932.7381115968401,7.875,728.35,0.9338947406500001,84335.8,201.05,1863.8400000000001,0.000654091135,5.388828456305,4.689802679035,820.9,821.85,5.082652636065,821.35,4.94238004877,172.05,0.9899390075650001,0.0,20,20,20,20,20,20,20,20,20,20,20,20,20,20,20,20,20,20,20,20,20,20,20,20,20,20,20,20,20,20,20,20,20
linear,10,,5,reset,7,0.053621053955,84333.85,0.006840924145000001,0.008970580694999999,730.6,0.039912715480000006,-0.18262931998,728.85,730.4,0.01177559017,729.4,0.15723751003,158.75,7.454138213915,1081.8854875289649,7.8,849.35,0.9389708216300001,84333.85,246.15,2182.81,0.00056720025,4.841482792105,4.399981812735,728.85,730.4,4.786483019915,729.4,4.52420949162,158.75,0.991029419305,0.0,20,20,20,20,20,20,20,20,20,20,20,20,20,20,20,20,20,20,20,20,20,20,20,20,20,20,20,20,20,20,20,20,20
linear,10,,5,reset,8,0.048143886484999995,84334.7,0.00595284557,0.00775548239,639.1,0.092404041155,-0.17726141496999998,638.5,639.05,-0.029932685465000004,638.75,0.21056518417499998,140.2,7.45260802594,1274.55081339726,7.775,996.125,0.945476031145,84334.7,292.565,2565.93,0.00042723683999999995,4.3011140306949995,3.76538749018,638.5,639.05,4.058413975305,638.75,3.92797951004,140.2,0.99224451761,0.0,20,20,20,20,20,20,20,20,20,20,20,20,20,20,20,20,20,20,20,20,20,20,20,20,20,20,20,20,20,20,20,20,20
linear,10,,5,reset,9,0.043756265914999995,84338.3,0.0051018146799999995,0.0067007809400000005,553.5,0.03532561008,-0.10468855933500001,552.5,553.4,0.006770957570000002,552.5,0.13454998270000001,120.4,7.47102505367,1526.37483788963,7.75,1172.95,0.9507148373150001,84338.3,333.6,3043.8849999999998,0.00042708206499999997,3.3914169444400004,3.1171350683,552.5,553.4,3.3400931200099997,552.5,3.207150170195,120.4,0.9932992190600001,0.0,20,20,20,20,20,20,20,20,20,20,20,20,20,20,20,20,20,20,20,20,20,20,20,20,20,20,20,20,20,20,20,20,20
linear,10,,5,reset,10,0.037342048935,84331.9,0.00489063733,0.006451458165,545.0,0.06345583846,0.062271845439999994,543.95,544.6,0.11247239854999999,544.45,0.155110976085,108.65,7.49775279026,1859.809580559065,7.9,1363.85,0.9573833360549999,84331.9,336.065,3727.1949999999997,0.000383977685,2.75454812058,2.757749624115,543.95,544.6,2.8532911821,544.45,2.66209081498,108.65,0.993548541835,0.0,20,20,20,20,20,20,20,20,20,20,20,20,20,20,20,20,20,20,20,20,20,20,20,20,20,20,20,20,20,20,20,20,20
linear,10,,5,retain,1,0.035238857430000006,84337.2,0.004954621025,0.006454249445,547.2,-0.005127106200000002,-0.047381257555,546.6,546.9,0.01011301357,546.9,0.071941972035,107.5,7.539285256735001,2144.081223207335,7.85,1431.95,0.9594420407850001,84337.2,349.5,4200.170000000005,0.00036448076000000003,2.7165121400850003,2.633709326535,546.6,546.9,2.7470272207899997,546.9,2.425809084385,107.5,0.9935457505549999,0.0,20,20,20,20,20,20,20,20,20,20,20,20,20,20,20,20,20,20,20,20,20,20,20,20,20,20,20,20,20,20,20,20,20
linear,10,,5,retain,2,0.042500890415000006,84337.4,0.005487591845,0.0069460735849999995,572.8,-0.01545884752,-0.16225606125,572.2,572.8,-0.08588967702000001,572.5,0.129844262335,124.95,7.425033466565,1632.79562979961,7.85,1209.7,0.951645248985,84337.4,354.65,3253.88,0.000366268735,3.898468425675,3.605095373195,572.2,572.8,3.757235816485,572.5,3.60938565373,124.95,0.9930539264149999,0.0,20,20,20,20,20,20,20,20,20,20,20,20,20,20,20,20,20,20,20,20,20,20,20,20,20,20,20,20,20,20,20,20,20
linear,10,,5,retain,3,0.046985516064999996,84334.15,0.006329557725,0.00828957594,685.45,0.028268227729999994,-0.168544329665,684.4,685.45,-0.01361689466,685.45,0.15428770787499999,138.75,7.488275337835001,1333.65835326008,7.9,1020.55,0.94624044609,84334.15,305.74,2653.3,0.0004444801,4.092911054025,3.701350139045,684.4,685.45,4.00915750427,685.45,3.87935925385,138.75,0.9917104240600001,0.0,20,20,20,20,20,20,20,20,20,20,20,20,20,20,20,20,20,20,20,20,20,20,20,20,20,20,20,20,20,20,20,20,20
linear,10,,5,retain,4,0.05235342217,84336.5,0.007069035805,0.009721557694999999,800.65,0.016371225435,-0.177589239085,800.1,800.55,-0.022713634755000007,800.4,0.19208397397000002,175.6,7.443504576325,1118.503528579,7.85,879.8,0.9400191841350001,84336.5,259.4,2222.545,0.00055835789,4.2269140822399995,3.838291618425,800.1,800.55,4.148580562245,800.4,3.75239279232,175.6,0.9902784423050001,0.0,20,20,20,20,20,20,20,20,20,20,20,20,20,20,20,20,20,20,20,20,20,20,20,20,20,20,20,20,20,20,20,20,20
linear,10,,5,retain,5,0.058371540784999995,84334.9,0.00817990609,0.01078356746,878.5,-0.0114125471,-0.275473815445,876.5,878.35,-0.14942261055,877.4,0.1538445564,177.0,7.48506943177,950.2974112310651,8.0,747.35,0.9327472721550001,84334.9,207.7,1898.75,0.00070128097,4.962796879535,4.44137139561,876.5,878.35,4.6882393351700005,877.4,4.913811978255,177.0,0.9892164325399999,0.0,20,20,20,20,20,20,20,20,20,20,20,20,20,20,20,20,20,20,20,20,20,20,20,20,20,20,20,20,20,20,20,20,20
linear,10,,5,retain,6,0.057717880915,84335.8,0.0077332872649999995,0.010060992435,821.9,0.02961658118,-0.32043803948,820.9,821.85,-0.12408616599,821.35,0.167292221615,172.05,7.45370566277,932.7381115968401,7.875,728.35,0.9338947406500001,84335.8,201.05,1863.8400000000001,0.000654091135,5.388828456305,4.689802679035,820.9,821.85,5.082652636065,821.35,4.94238004877,172.05,0.9899390075650001,0.0,20,20,20,20,20,20,20,20,20,20,20,20,20,20,20,20,20,20,20,20,20,20,20,20,20,20,20,20,20,20,20,20,20
linear,10,,5,retain,7,0.053621053955,84333.85,0.006840924145000001,0.008970580694999999,730.6,0.039912715480000006,-0.18262931998,728.85,730.4,0.01177559017,729.4,0.15723751003,158.75,7.454138213915,1081.8854875289649,7.8,849.35,0.9389708216300001,84333.85,246.15,2182.81,0.00056720025,4.841482792105,4.399981812735,728.85,730.4,4.786483019915,729.4,4.52420949162,158.75,0.991029419305,0.0,20,20,20,20,20,20,20,20,20,20,20,20,20,20,20,20,20,20,20,20,20,20,20,20,20,20,20,20,20,20,20,20,20
linear,10,,5,retain,8,0.048143886484999995,84334.7,0.00595284557,0.00775548239,639.1,0.092404041155,-0.17726141496999998,638.5,639.05,-0.029932685465000004,638.75,0.21056518417499998,140.2,7.45260802594,1274.55081339726,7.775,996.125,0.945476031145,84334.7,292.565,2565.93,0.00042723683999999995,4.3011140306949995,3.76538749018,638.5,639.05,4.058413975305,638.75,3.92797951004,140.2,0.99224451761,0.0,20,20,20,20,20,20,20,20,20,20,20,20,20,20,20,20,20,20,20,20,20,20,20,20,20,20,20,20,20,20,20,20,20
linear,10,,5,retain,9,0.043756265914999995,84338.3,0.0051018146799999995,0.0067007809400000005,553.5,0.03532561008,-0.10468855933500001,552.5,553.4,0.006770957570000002,552.5,0.13454998270000001,120.4,7.47102505367,1526.37483788963,7.75,1172.95,0.9507148373150001,84338.3,333.6,3043.8849999999998,0.00042708206499999997,3.3914169444400004,3.1171350683,552.5,553.4,3.3400931200099997,552.5,3.207150170195,120.4,0.9932992190600001,0.0,20,20,20,20,20,20,20,20,20,20,20,20,20,20,20,20,20,20,20,20,20,20,20,20,20,20,20,20,20,20,20,20,20
linear,10,,5,retain,10,0.037342048935,84331.9,0.00489063733,0.006451458165,545.0,0.06345583846,0.062271845439999994,543.95,544.6,0.11247239854999999,544.45,0.155110976085,108.65,7.49775279026,1859.809580559065,7.9,1363.85,0.9573833360549999,84331.9,336.065,3727.1949999999997,0.000383977685,2.75454812058,2.757749624115,543.95,544.6,2.8532911821,544.45,2.66209081498,108.65,0.993548541835,0.0,20,20,20,20,20,20,20,20,20,20,20,20,20,20,20,20,20,20,20,20,20,20,20,20,20,20,20,20,20,20,20,20,20
linear,20,,0,reset,1,0.04234993243,84127.15,0.013551548660000001,0.017197406025,1423.0,-0.11168326900499999,-0.29949710830500004,1422.45,1422.95,-0.201363596135,1422.5,-0.170338868385,1423.0,14.28185928257,2244.4848181713396,14.95,1515.875,0.942944186665,84127.15,467.93,4308.115,0.00115433223,3.18073971273,2.80324101996,1422.45,1422.95,2.999443319805,1422.5,3.0640218089,1423.0,0.982802593975,0.0,20,20,20,20,20,20,20,20,20,20,20,20,20,20,20,20,20,20,20,20,20,20,20,20,20,20,20,20,20,20,20,20,20
linear,20,,0,reset,2,0.06417668919,84125.4,0.014816875515,0.01870152725,1509.4,-0.15947815362,-0.531594464965,1508.1,1509.4,-0.36737354832999997,1509.3,-0.31593990917500003,1509.4,14.253510482749999,1735.9090678329649,14.9,1286.3,0.91983339904,84125.4,499.68999999999994,3358.245,0.00117303626,4.27067645707,3.5291128674950003,1508.1,1509.4,3.854831262845,1509.3,3.9578526957549998,1509.4,0.98129847275,0.0,20,20,20,20,20,20,20,20,20,20,20,20,20,20,20,20,20,20,20,20,20,20,20,20,20,20,20,20,20,20,20,20,20
linear,20,,0,reset,3,0.0743951632,84125.5,0.01823369989,0.023459641314999998,1906.8,-0.173277149715,-0.536457607115,1905.75,1906.75,-0.4013524079,1906.65,-0.334825891955,1906.8,14.0806851615,1408.125044632475,14.8,1090.775,0.9057962905549999,84125.5,402.55,2712.2,0.0015748463300000002,4.40139273869,3.6761845630849996,1905.75,1906.75,3.9453556512700003,1906.65,4.078389175835,1906.8,0.9765403586850001,0.0,20,20,20,20,20,20,20,20,20,20,20,20,20,20,20,20,20,20,20,20,20,20,20,20,20,20,20,20,20,20,20,20,20
linear,20,,0,reset,4,0.085494670825,84123.25,0.021515842474999998,0.027788120915,2265.45,-0.17652650113499999,-0.50867755694,2264.55,2265.4,-0.37419428493,2265.1,-0.32608271964,2265.45,14.024480280185,1165.8629803266751,14.6,938.95,0.8909505359500001,84123.25,318.5,2244.95,0.00203895075,4.928481556935,4.26374121375,2264.55,2265.4,4.53339081547,2265.1,4.62979728989,2265.45,0.9722118790850001,0.0,20,20,20,20,20,20,20,20,20,20,20,20,20,20,20,20,20,20,20,20,20,20,20,20,20,20,20,20,20,20,20,20,20
linear,20,,0,reset,5,0.098789092065,84124.15,0.026272572215,0.034156022085,2751.0,-0.180564768045,-0.56776698735,2749.45,2751.0,-0.41025082002,2750.15,-0.36405993217,2751.0,13.885434288530002,977.882619594935,14.375,781.25,0.872459745425,84124.15,254.8,1904.55,0.002478590315,5.297452096095,4.524928151245001,2749.45,2751.0,4.839004348045,2750.15,4.930568398285,2751.0,0.9658439779149999,0.0,20,20,20,20,20,20,20,20,20,20,20,20,20,20,20,20,20,20,20,20,20,20,20,20,20,20,20,20,20,20,20,20,20
linear,20,,0,reset,6,0.09708487157,84126.65,0.0249692128,0.03217493913,2610.55,-0.13147488056,-0.5151413847849999,2608.8,2610.5,-0.341651266075,2610.0,-0.33020802092,2610.55,13.824244600095,952.8215238862351,14.35,761.45,0.875841926875,84126.65,234.1,1859.02,0.002103988765,5.72051116912,4.953239947045001,2608.8,2610.5,5.3005230942049995,2610.0,5.323420269145,2610.55,0.9678250608699999,0.0,20,20,20,20,20,20,20,20,20,20,20,20,20,20,20,20,20,20,20,20,20,20,20,20,20,20,20,20,20,20,20,20,20
linear,20,,0,reset,7,0.08843025985,84123.3,0.020653617845,0.026679259690000002,2147.75,-0.16974556686,-0.48599033725499996,2145.5,2147.7,-0.331226080365,2147.15,-0.302252827005,2147.75,13.985671095129998,1125.99848361598,14.6,903.25,0.8889998918750001,84123.3,297.5,2207.27,0.001916230415,5.240518895195,4.61085689909,2145.5,2147.7,4.918733292724999,2147.15,4.975237143715001,2147.75,0.9733207403099999,0.0,20,20,20,20,20,20,20,20,20,20,20,20,20,20,20,20,20,20,20,20,20,20,20,20,20,20,20,20,20,20,20,20,20
linear,20,,0,reset,8,0.07741813746500001,84126.85,0.017509036345,0.022156024865,1781.2,-0.19441606669,-0.527717638785,1780.05,1781.15,-0.353208035235,1780.4,-0.32129862002,1781.2,14.1339155925,1333.9991537640249,14.675,1061.75,0.903535036355,84126.85,369.9,2610.425,0.00153778984,4.696517975745,4.0314359048,1780.05,1781.15,4.380888574945,1780.4,4.44261239694,1781.2,0.977843975135,0.0,20,20,20,20,20,20,20,20,20,20,20,20,20,20,20,20,20,20,20,20,20,20,20,20,20,20,20,20,20,20,20,20,20
linear,20,,0,reset,9,0.06514055363,84122.0,0.013508142844999998,0.01748154847,1421.95,-0.14127775886,-0.50194647119,1421.2,1421.9,-0.32562724635999996,1421.55,-0.28423287933,1421.95,14.318467902065,1623.34016124204,15.0,1249.9,0.9200034900049999,84122.0,467.35,3121.5099999999998,0.001347813525,4.022207041795,3.3002938552499996,1421.2,1421.9,3.6542299819500004,1421.55,3.736081703485,1421.95,0.9825184515300001,0.0,20,20,20,20,20,20,20,20,20,20,20,20,20,20,20,20,20,20,20,20,20,20,20,20,20,20,20,20,20,20,20,20,20
linear,20,,0,reset,10,0.043545844355,84124.85,0.012932920419999999,0.01646276285,1377.6,-0.052851974705000006,-0.24230077911499998,1376.6,1377.55,-0.11182162667,1377.55,-0.08230164304,1377.6,14.184395181294999,1954.375080809075,14.75,1438.625,0.9423887787,84124.85,441.7,3830.13,0.00113245653,3.34209144837,2.96194989508,1376.6,1377.55,3.22408049208,1377.55,3.283244606845,1377.6,0.98353723715,0.0,20,20,20,20,20,20,20,20,20,20,20,20,20,20,20,20,20,20,20,20,20,20,20,20,20,20,20,20,20,20,20,20,20
linear,20,,0,retain,1,0.04234993243,84127.15,0.013551548660000001,0.017197406025,1423.0,-0.11168326900499999,-0.29949710830500004,1422.45,1422.95,-0.201363596135,1422.5,-0.170338868385,1423.0,14.28185928257,2244.4848181713396,14.95,1515.875,0.942944186665,84127.15,467.93,4308.115,0.00115433223,3.18073971273,2.80324101996,1422.45,1422.95,2.999443319805,1422.5,3.0640218089,1423.0,0.982802593975,0.0,20,20,20,20,20,20,20,20,20,20,20,20,20,20,20,20,20,20,20,20,20,20,20,20,20,20,20,20,20,20,20,20,20
linear,20,,0,retain,2,0.06417668919,84125.4,0.014816875515,0.01870152725,1509.4,-0.15947815362,-0.531594464965,1508.1,1509.4,-0.36737354832999997,1509.3,-0.31593990917500003,1509.4,14.253510482749999,1735.9090678329649,14.9,1286.3,0.91983339904,84125.4,499.68999999999994,3358.245,0.00117303626,4.27067645707,3.5291128674950003,1508.1,1509.4,3.854831262845,1509.3,3.9578526957549998,1509.4,0.98129847275,0.0,20,20,20,20,20,20,20,20,20,20,20,20,20,20,20,20,20,20,20,20,20,20,20,20,20,20,20,20,20,20,20,20,20
linear,20,,0,retain,3,0.0743951632,84125.5,0.01823369989,0.023459641314999998,1906.8,-0.173277149715,-0.536457607115,1905.75,1906.75,-0.4013524079,1906.65,-0.334825891955,1906.8,14.0806851615,1408.125044632475,14.8,1090.775,0.9057962905549999,84125.5,402.55,2712.2,0.0015748463300000002,4.40139273869,3.6761845630849996,1905.75,1906.75,3.9453556512700003,1906.65,4.078389175835,1906.8,0.9765403586850001,0.0,20,20,20,20,20,20,20,20,20,20,20,20,20,20,20,20,20,20,20,20,20,20,20,20,20,20,20,20,20,20,20,20,20
linear,20,,0,retain,4,0.085494670825,84123.25,0.021515842474999998,0.027788120915,2265.45,-0.17652650113499999,-0.50867755694,2264.55,2265.4,-0.37419428493,2265.1,-0.32608271964,2265.45,14.024480280185,1165.8629803266751,14.6,938.95,0.8909505359500001,84123.25,318.5,2244.95,0.00203895075,4.928481556935,4.26374121375,2264.55,2265.4,4.53339081547,2265.1,4.62979728989,2265.45,0.9722118790850001,0.0,20,20,20,20,20,20,20,20,20,20,20,20,20,20,20,20,20,20,20,20,20,20,20,20,20,20,20,20,20,20,20,20,20
linear,20,,0,retain,5,0.098789092065,84124.15,0.026272572215,0.034156022085,2751.0,-0.180564768045,-0.56776698735,2749.45,2751.0,-0.41025082002,2750.15,-0.36405993217,2751.0,13.885434288530002,977.882619594935,14.375,781.25,0.872459745425,84124.15,254.8,1904.55,0.002478590315,5.297452096095,4.524928151245001,2749.45,2751.0,4.839004348045,2750.15,4.930568398285,2751.0,0.9658439779149999,0.0,20,20,20,20,20,20,20,20,20,20,20,20,20,20,20,20,20,20,20,20,20,20,20,20,20,20,20,20,20,20,20,20,20
linear,20,,0,retain,6,0.09708487157,84126.65,0.0249692128,0.03217493913,2610.55,-0.13147488056,-0.5151413847849999,2608.8,2610.5,-0.341651266075,2610.0,-0.33020802092,2610.55,13.824244600095,952.8215238862351,14.35,761.45,0.875841926875,84126.65,234.1,1859.02,0.002103988765,5.72051116912,4.953239947045001,2608.8,2610.5,5.3005230942049995,2610.0,5.323420269145,2610.55,0.9678250608699999,0.0,20,20,20,20,20,20,20,20,20,20,20,20,20,20,20,20,20,20,20,20,20,20,20,20,20,20,20,20,20,20,20,20,20
linear,20,,0,retain,7,0.08843025985,84123.3,0.020653617845,0.026679259690000002,2147.75,-0.16974556686,-0.48599033725499996,2145.5,2147.7,-0.331226080365,2147.15,-0.302252827005,2147.75,13.985671095129998,1125.99848361598,14.6,903.25,0.8889998918750001,84123.3,297.5,2207.27,0.001916230415,5.240518895195,4.61085689909,2145.5,2147.7,4.918733292724999,2147.15,4.975237143715001,2147.75,0.9733207403099999,0.0,20,20,20,20,20,20,20,20,20,20,20,20,20,20,20,20,20,20,20,20,20,20,20,20,20,20,20,20,20,20,20,20,20
linear,20,,0,retain,8,0.07741813746500001,84126.85,0.017509036345,0.022156024865,1781.2,-0.19441606669,-0.527717638785,1780.05,1781.15,-0.353208035235,1780.4,-0.32129862002,1781.2,14.1339155925,1333.9991537640249,14.675,1061.75,0.903535036355,84126.85,369.9,2610.425,0.00153778984,4.696517975745,4.0314359048,1780.05,1781.15,4.380888574945,1780.4,4.44261239694,1781.2,0.977843975135,0.0,20,20,20,20,20,20,20,20,20,20,20,20,20,20,20,20,20,20,20,20,20,20,20,20,20,20,20,20,20,20,20,20,20
linear,20,,0,retain,9,0.06514055363,84122.0,0.013508142844999998,0.01748154847,1421.95,-0.14127775886,-0.50194647119,1421.2,1421.9,-0.32562724635999996,1421.55,-0.28423287933,1421.95,14.318467902065,1623.34016124204,15.0,1249.9,0.9200034900049999,84122.0,467.35,3121.5099999999998,0.001347813525,4.022207041795,3.3002938552499996,1421.2,1421.9,3.6542299819500004,1421.55,3.736081703485,1421.95,0.9825184515300001,0.0,20,20,20,20,20,20,20,20,20,20,20,20,20,20,20,20,20,20,20,20,20,20,20,20,20,20,20,20,20,20,20,20,20
linear,20,,0,retain,10,0.043545844355,84124.85,0.012932920419999999,0.01646276285,1377.6,-0.052851974705000006,-0.24230077911499998,1376.6,1377.55,-0.11182162667,1377.55,-0.08230164304,1377.6,14.184395181294999,1954.375080809075,14.75,1438.625,0.9423887787,84124.85,441.7,3830.13,0.00113245653,3.34209144837,2.96194989508,1376.6,1377.55,3.22408049208,1377.55,3.283244606845,1377.6,0.98353723715,0.0,20,20,20,20,20,20,20,20,20,20,20,20,20,20,20,20,20,20,20,20,20,20,20,20,20,20,20,20,20,20,20,20,20
linear,20,,1,reset,1,0.04981642394,84127.15,0.014801726744999999,0.01882183054,1562.3,-0.09904486209999999,-0.272459300645,1561.55,1562.2,-0.178536835235,1561.65,-0.13370908450500002,1414.1,14.047191353599999,2221.4113068009947,14.675,1498.15,0.934153525845,84127.15,445.325,4274.45,0.00122832347,3.21139280075,2.862671182875,1561.55,1562.2,3.050432429395,1561.65,3.1217374425399997,1414.1,0.98117816946,0.0,20,20,20,20,20,20,20,20,20,20,20,20,20,20,20,20,20,20,20,20,20,20,20,20,20,20,20,20,20,20,20,20,20
linear,20,,1,reset,2,0.06746798405500001,84125.4,0.016551763865,0.020974778565,1700.3,-0.133192597075,-0.46539942146,1698.8,1700.3,-0.31689762640999997,1700.15,-0.247318983765,1545.75,13.892034618344999,1708.1892774489752,14.7,1264.35,0.91471384567,84125.4,461.755,3329.185,0.00126640639,4.298983961505,3.6372829233749995,1698.8,1700.3,3.9314305311399997,1700.15,4.03816863614,1545.75,0.9790252214349999,0.0,20,20,20,20,20,20,20,20,20,20,20,20,20,20,20,20,20,20,20,20,20,20,20,20,20,20,20,20,20,20,20,20,20
linear,20,,1,reset,3,0.07653130969500001,84125.5,0.020187741805,0.02607671464,2130.2,-0.14426085389,-0.49015536855499997,2128.95,2130.1,-0.3466720656,2129.95,-0.27346661802,1942.5,13.765498651465,1386.685424824445,14.25,1069.95,0.901631526125,84125.5,375.45,2694.755,0.0016494223950000002,4.39446488502,3.7036031264149996,2128.95,2130.1,3.989644151405,2129.95,4.109110838765,1942.5,0.9739232853600001,0.0,20,20,20,20,20,20,20,20,20,20,20,20,20,20,20,20,20,20,20,20,20,20,20,20,20,20,20,20,20,20,20,20,20
linear,20,,1,reset,4,0.087341820885,84123.25,0.023300255225,0.030545155969999998,2489.8,-0.15595238143,-0.46880760451,2488.45,2489.7,-0.33050701783499997,2489.3,-0.27546502813,2275.85,13.688997080404999,1150.53807073106,14.25,921.55,0.887239387775,84123.25,302.7,2237.94,0.002118536115,4.77630484302,4.150183141165,2488.45,2489.7,4.427437024305,2489.3,4.479281291165,2275.85,0.96945484403,0.0,20,20,20,20,20,20,20,20,20,20,20,20,20,20,20,20,20,20,20,20,20,20,20,20,20,20,20,20,20,20,20,20,20
linear,20,,1,reset,5,0.09948957794499999,84124.15,0.027695244895,0.036301313895,2930.2,-0.16056166251,-0.53119217987,2928.5,2930.2,-0.376007012865,2929.2,-0.32189767294,2687.45,13.64950225696,968.473224517575,14.2,769.4,0.870276592555,84124.15,239.6,1900.05,0.002538584605,5.205133728725,4.46582258315,2928.5,2930.2,4.775326047465,2929.2,4.830731843800001,2687.45,0.963698686105,0.0,20,20,20,20,20,20,20,20,20,20,20,20,20,20,20,20,20,20,20,20,20,20,20,20,20,20,20,20,20,20,20,20,20
linear,20,,1,reset,6,0.09819557714,84126.65,0.0259575801,0.03379036172,2744.0,-0.11280942645,-0.49748673248999997,2741.9,2743.9,-0.32348757041,2743.2,-0.29446313433500004,2517.95,13.63038889126,944.60524320981,14.15,750.7,0.873645144105,84126.65,221.73499999999999,1856.35,0.00220169866,5.604104121324999,4.83483870664,2741.9,2743.9,5.1832123301949995,2743.2,5.20509553664,2517.95,0.96620963828,0.0,20,20,20,20,20,20,20,20,20,20,20,20,20,20,20,20,20,20,20,20,20,20,20,20,20,20,20,20,20,20,20,20,20
linear,20,,1,reset,7,0.08995256606,84123.3,0.02219244774,0.02885646692,2328.85,-0.125292936365,-0.447231514695,2326.3,2328.75,-0.28301887515499996,2328.0,-0.250485169345,2131.9,13.704931223085001,1111.473987937235,14.15,886.275,0.885842292435,84123.3,283.275,2195.2400000000002,0.002012693765,5.20756240434,4.5664867375950005,2326.3,2328.75,4.89351174724,2328.0,4.91613328225,2131.9,0.97114353308,0.0,20,20,20,20,20,20,20,20,20,20,20,20,20,20,20,20,20,20,20,20,20,20,20,20,20,20,20,20,20,20,20,20,20
linear,20,,1,reset,8,0.079163775705,84126.85,0.01922508454,0.024513532605,1977.35,-0.147884365695,-0.46751522915,1975.95,1977.3,-0.28643307894,1976.35,-0.2657212783,1801.45,13.83008742954,1314.608710530175,14.45,1043.2,0.900003128275,84126.85,347.385,2592.255,0.0016080114650000002,4.666043254705,4.0281566036,1975.95,1977.3,4.3911557191599995,1976.35,4.39992116916,1801.45,0.9754864673949999,0.0,20,20,20,20,20,20,20,20,20,20,20,20,20,20,20,20,20,20,20,20,20,20,20,20,20,20,20,20,20,20,20,20,20
linear,20,,1,reset,9,0.06850699381,84122.0,0.015265132775,0.019822533854999998,1617.65,-0.10828631338499999,-0.44150346255499995,1616.65,1617.55,-0.270512041335,1617.05,-0.21557004591,1467.8,13.952121607245,1598.471738368905,14.6,1230.675,0.91481157691,84122.0,437.61,3098.15,0.00141629649,4.02672056986,3.3598358771,1616.65,1617.55,3.70309501199,1617.05,3.76642568709,1467.8,0.980177466145,0.0,20,20,20,20,20,20,20,20,20,20,20,20,20,20,20,20,20,20,20,20,20,20,20,20,20,20,20,20,20,20,20,20,20
linear,20,,1,reset,10,0.051683758395,84124.85,0.013906062355000002,0.017805680235,1488.1,-0.036836482250000004,-0.22867110744500002,1486.85,1488.0,-0.09970817193999999,1487.95,-0.04845366812,1353.05,13.99322674739,1934.995579769425,14.6,1423.65,0.933191121405,84124.85,419.3,3812.4300000000003,0.001219057855,3.3388084988,2.955400230545,1486.85,1488.0,3.21305283486,1487.95,3.290996853035,1353.05,0.982194319765,0.0,20,20,20,20,20,20,20,20,20,20,20,20,20,20,20,20,20,20,20,20,20,20,20,20,20,20,20,20,20,20,20,20,20
linear,20,,1,retain,1,0.04981642394,84127.15,0.014801726744999999,0.01882183054,1562.3,-0.09904486209999999,-0.272459300645,1561.55,1562.2,-0.178536835235,1561.65,-0.13370908450500002,1414.1,14.047191353599999,2221.4113068009947,14.675,1498.15,0.934153525845,84127.15,445.325,4274.45,0.00122832347,3.21139280075,2.862671182875,1561.55,1562.2,3.050432429395,1561.65,3.1217374425399997,1414.1,0.98117816946,0.0,20,20,20,20,20,20,20,20,20,20,20,20,20,20,20,20,20,20,20,20,20,20,20,20,20,20,20,20,20,20,20,20,20
linear,20,,1,retain,2,0.06746798405500001,84125.4,0.016551763865,0.020974778565,1700.3,-0.133192597075,-0.46539942146,1698.8,1700.3,-0.31689762640999997,1700.15,-0.247318983765,1545.75,13.892034618344999,1708.1892774489752,14.7,1264.35,0.91471384567,84125.4,461.755,3329.185,0.00126640639,4.298983961505,3.6372829233749995,1698.8,1700.3,3.9314305311399997,1700.15,4.03816863614,1545.75,0.9790252214349999,0.0,20,20,20,20,20,20,20,20,20,20,20,20,20,20,20,20,20,20,20,20,20,20,20,20,20,20,20,20,20,20,20,20,20
linear,20,,1,retain,3,0.07653130969500001,84125.5,0.020187741805,0.02607671464,2130.2,-0.14426085389,-0.49015536855499997,2128.95,2130.1,-0.3466720656,2129.95,-0.27346661802,1942.5,13.765498651465,1386.685424824445,14.25,1069.95,0.901631526125,84125.5,375.45,2694.755,0.0016494223950000002,4.39446488502,3.7036031264149996,2128.95,2130.1,3.989644151405,2129.95,4.109110838765,1942.5,0.9739232853600001,0.0,20,20,20,20,20,20,20,20,20,20,20,20,20,20,20,20,20,20,20,20,20,20,20,20,20,20,20,20,20,20,20,20,20
linear,20,,1,retain,4,0.087341820885,84123.25,0.023300255225,0.030545155969999998,2489.8,-0.15595238143,-0.46880760451,2488.45,2489.7,-0.33050701783499997,2489.3,-0.27546502813,2275.85,13.688997080404999,1150.53807073106,14.25,921.55,0.887239387775,84123.25,302.7,2237.94,0.002118536115,4.77630484302,4.150183141165,2488.45,2489.7,4.427437024305,2489.3,4.479281291165,2275.85,0.96945484403,0.0,20,20,20,20,20,20,20,20,20,20,20,20,20,20,20,20,20,20,20,20,20,20,20,20,20,20,20,20,20,20,20,20,20
linear,20,,1,retain,5,0.09948957794499999,84124.15,0.027695244895,0.036301313895,2930.2,-0.16056166251,-0.53119217987,2928.5,2930.2,-0.376007012865,2929.2,-0.32189767294,2687.45,13.64950225696,968.473224517575,14.2,769.4,0.870276592555,84124.15,239.6,1900.05,0.002538584605,5.205133728725,4.46582258315,2928.5,2930.2,4.775326047465,2929.2,4.830731843800001,2687.45,0.963698686105,0.0,20,20,20,20,20,20,20,20,20,20,20,20,20,20,20,20,20,20,20,20,20,20,20,20,20,20,20,20,20,20,20,20,20
linear,20,,1,retain,6,0.09819557714,84126.65,0.0259575801,0.03379036172,2744.0,-0.11280942645,-0.49748673248999997,2741.9,2743.9,-0.32348757041,2743.2,-0.29446313433500004,2517.95,13.63038889126,944.60524320981,14.15,750.7,0.873645144105,84126.65,221.73499999999999,1856.35,0.00220169866,5.604104121324999,4.83483870664,2741.9,2743.9,5.1832123301949995,2743.2,5.20509553664,2517.95,0.96620963828,0.0,20,20,20,20,20,20,20,20,20,20,20,20,20,20,20,20,20,20,20,20,20,20,20,20,20,20,20,20,20,20,20,20,20
linear,20,,1,retain,7,0.08995256606,84123.3,0.02219244774,0.02885646692,2328.85,-0.125292936365,-0.447231514695,2326.3,2328.75,-0.28301887515499996,2328.0,-0.250485169345,2131.9,13.704931223085001,1111.473987937235,14.15,886.275,0.885842292435,84123.3,283.275,2195.2400000000002,0.002012693765,5.20756240434,4.5664867375950005,2326.3,2328.75,4.89351174724,2328.0,4.91613328225,2131.9,0.97114353308,0.0,20,20,20,20,20,20,20,20,20,20,20,20,20,20,20,20,20,20,20,20,20,20,20,20,20,20,20,20,20,20,20,20,20
linear,20,,1,retain,8,0.079163775705,84126.85,0.01922508454,0.024513532605,1977.35,-0.147884365695,-0.46751522915,1975.95,1977.3,-0.28643307894,1976.35,-0.2657212783,1801.45,13.83008742954,1314.608710530175,14.45,1043.2,0.900003128275,84126.85,347.385,2592.255,0.0016080114650000002,4.666043254705,4.0281566036,1975.95,1977.3,4.3911557191599995,1976.35,4.39992116916,1801.45,0.9754864673949999,0.0,20,20,20,20,20,20,20,20,20,20,20,20,20,20,20,20,20,20,20,20,20,20,20,20,20,20,20,20,20,20,20,20,20
linear,20,,1,retain,9,0.06850699381,84122.0,0.015265132775,0.019822533854999998,1617.65,-0.10828631338499999,-0.44150346255499995,1616.65,1617.55,-0.270512041335,1617.05,-0.21557004591,1467.8,13.952121607245,1598.471738368905,14.6,1230.675,0.91481157691,84122.0,437.61,3098.15,0.00141629649,4.02672056986,3.3598358771,1616.65,1617.55,3.70309501199,1617.05,3.76642568709,1467.8,0.980177466145,0.0,20,20,20,20,20,20,20,20,20,20,20,20,20,20,20,20,20,20,20,20,20,20,20,20,20,20,20,20,20,20,20,20,20
linear,20,,1,retain,10,0.051683758395,84124.85,0.013906062355000002,0.017805680235,1488.1,-0.036836482250000004,-0.22867110744500002,1486.85,1488.0,-0.09970817193999999,1487.95,-0.04845366812,1353.05,13.99322674739,1934.995579769425,14.6,1423.65,0.933191121405,84124.85,419.3,3812.4300000000003,0.001219057855,3.3388084988,2.955400230545,1486.85,1488.0,3.21305283486,1487.95,3.290996853035,1353.05,0.982194319765,0.0,20,20,20,20,20,20,20,20,20,20,20,20,20,20,20,20,20,20,20,20,20,20,20,20,20,20,20,20,20,20,20,20,20
linear,20,,5,reset,1,0.062498548890000005,84127.15,0.018603557819999998,0.02425824482,2018.75,-0.10363949455000002,-0.27470392735,2017.4,2018.5,-0.171863209265,2017.75,-0.064022660925,1206.15,13.661952446430002,2135.77682566695,14.2,1430.175,0.917417154825,84127.15,345.57,4175.135,0.00148073846,3.02161996493,2.67704868432,2017.4,2018.5,2.882621546755,2017.75,2.93948886097,1206.15,0.97574175518,0.0,20,20,20,20,20,20,20,20,20,20,20,20,20,20,20,20,20,20,20,20,20,20,20,20,20,20,20,20,20,20,20,20,20
linear,20,,5,reset,2,0.076298888625,84125.4,0.02009657992,0.0258931013,2110.25,-0.12724511977,-0.44371442745499995,2107.8,2110.25,-0.297925926265,2109.75,-0.125281315045,1253.85,13.643268872695,1635.49062982306,14.1,1208.1,0.9020674903350001,84125.4,355.95,3255.935,0.00153704109,4.212083509405,3.5831711947800002,2107.8,2110.25,3.87071411872,2109.75,4.04946623621,1253.85,0.9741068987,0.0,20,20,20,20,20,20,20,20,20,20,20,20,20,20,20,20,20,20,20,20,20,20,20,20,20,20,20,20,20,20,20,20,20
linear,20,,5,reset,3,0.084278350335,84125.5,0.023277386350000002,0.030429274979999997,2487.65,-0.15072391306,-0.47236933497499994,2485.4,2487.25,-0.328402054865,2487.1,-0.15517508290999998,1508.25,13.53735463182,1336.22125489377,14.025,1020.7,0.8906045009050001,84125.5,305.0,2656.8,0.0018397623950000002,4.29886571734,3.65583224991,2485.4,2487.25,3.94354571346,2487.1,4.015165652675,1508.25,0.96957072502,0.0,20,20,20,20,20,20,20,20,20,20,20,20,20,20,20,20,20,20,20,20,20,20,20,20,20,20,20,20,20,20,20,20,20
linear,20,,5,reset,4,0.09303161567,84123.25,0.026225334639999997,0.034740753969999996,2832.6,-0.14607244903,-0.44132116062,2829.45,2832.35,-0.30534408128,2831.2,-0.13927808865,1728.2,13.462310915065,1119.06039040675,13.95,879.0,0.878420353935,84123.25,259.0,2224.32,0.002322695755,4.688506117779999,4.097812309695,2829.45,2832.35,4.370301379504999,2831.2,4.3435099761250004,1728.2,0.9652592460299999,0.0,20,20,20,20,20,20,20,20,20,20,20,20,20,20,20,20,20,20,20,20,20,20,20,20,20,20,20,20,20,20,20,20,20
linear,20,,5,reset,5,0.103255113865,84124.15,0.029416232445000003,0.03880647667,3127.7,-0.14699864231999998,-0.50623362269,3125.3,3127.5,-0.358820406275,3126.0,-0.20739644148499997,1925.6,13.432246827665,953.67247986645,14.05,748.8,0.8648349017099999,84124.15,208.6,1906.95,0.0024937519550000003,5.109929354145001,4.392904938505,3125.3,3127.5,4.6866756690999996,3126.0,4.742939712695,1925.6,0.9611935233300001,0.0,20,20,20,20,20,20,20,20,20,20,20,20,20,20,20,20,20,20,20,20,20,20,20,20,20,20,20,20,20,20,20,20,20
linear,20,,5,reset,6,0.101866707555,84126.65,0.0277216818,0.036220959809999995,2937.45,-0.10592712637999999,-0.45920775222000004,2934.05,2936.95,-0.30839286975499997,2935.65,-0.173414895805,1795.35,13.477041635005,931.94643603324,14.1,727.35,0.86810456165,84126.65,201.35,1866.6799999999998,0.002307048985,5.41910269266,4.713196874119999,2934.05,2936.95,5.01602903879,2935.65,5.052232395445,1795.35,0.96377904019,0.0,20,20,20,20,20,20,20,20,20,20,20,20,20,20,20,20,20,20,20,20,20,20,20,20,20,20,20,20,20,20,20,20,20
linear,20,,5,reset,7,0.09542670938,84123.3,0.024594674565,0.03225447776,2609.4,-0.10140546193,-0.42654335094,2605.65,2609.1,-0.247813597625,2607.65,-0.12751526654,1585.1,13.509082108605,1080.919203410235,14.1,846.975,0.8778586374199999,84123.3,245.75,2182.1150000000002,0.002119978635,5.112738491805,4.466724051905,2605.65,2609.1,4.8223182244,2607.65,4.808270494575,1585.1,0.9677455222400001,0.0,20,20,20,20,20,20,20,20,20,20,20,20,20,20,20,20,20,20,20,20,20,20,20,20,20,20,20,20,20,20,20,20,20
linear,20,,5,reset,8,0.08654627205000001,84126.85,0.02192120594,0.028446594494999998,2302.05,-0.141912113985,-0.43547774007499995,2299.5,2301.85,-0.27204200584500005,2299.85,-0.144993743615,1390.1,13.578010226995,1268.41058998916,14.1,994.55,0.8898141574449999,84126.85,293.46999999999997,2556.85,0.001718364575,4.539574490005,3.955174152125,2299.5,2301.85,4.282362688805,2299.85,4.309525161775,1390.1,0.971553405505,0.0,20,20,20,20,20,20,20,20,20,20,20,20,20,20,20,20,20,20,20,20,20,20,20,20,20,20,20,20,20,20,20,20,20
linear,20,,5,reset,9,0.078352231745,84122.0,0.01827255671,0.02436586474,1992.8,-0.11038329113,-0.41016605973500003,1990.65,1992.45,-0.248333507625,1991.55,-0.11157263021500001,1198.15,13.60583662352,1531.1174997707599,14.1,1176.95,0.90169663871,84122.0,338.4,3042.1549999999997,0.001678572835,3.7986978676299996,3.198845517725,1990.65,1992.45,3.524115264895,1991.55,3.54846528954,1198.15,0.97563413526,0.0,20,20,20,20,20,20,20,20,20,20,20,20,20,20,20,20,20,20,20,20,20,20,20,20,20,20,20,20,20,20,20,20,20
linear,20,,5,reset,10,0.0646982972,84124.85,0.017702200895,0.023537991794999998,1964.15,-0.048342759365,-0.22961303674,1962.05,1963.95,-0.112469658295,1963.7,0.022634326364999995,1186.55,13.58849779846,1858.55909410109,14.175,1362.875,0.91610912039,84124.85,331.65,3732.155,0.001490381515,3.019244520615,2.65704098648,1962.05,1963.95,2.8909935657399997,1963.7,2.935382990405,1186.55,0.976462008205,0.0,20,20,20,20,20,20,20,20,20,20,20,20,20,20,20,20,20,20,20,20,20,20,20,20,20,20,20,20,20,20,20,20,20
linear,20,,5,retain,1,0.062498548890000005,84127.15,0.018603557819999998,0.02425824482,2018.75,-0.10363949455000002,-0.27470392735,2017.4,2018.5,-0.171863209265,2017.75,-0.064022660925,1206.15,13.661952446430002,2135.77682566695,14.2,1430.175,0.917417154825,84127.15,345.57,4175.135,0.00148073846,3.02161996493,2.67704868432,2017.4,2018.5,2.882621546755,2017.75,2.93948886097,1206.15,0.97574175518,0.0,20,20,20,20,20,20,20,20,20,20,20,20,20,20,20,20,20,20,20,20,20,20,20,20,20,20,20,20,20,20,20,20,20
linear,20,,5,retain,2,0.076298888625,84125.4,0.02009657992,0.0258931013,2110.25,-0.12724511977,-0.44371442745499995,2107.8,2110.25,-0.297925926265,2109.75,-0.125281315045,1253.85,13.643268872695,1635.49062982306,14.1,1208.1,0.9020674903350001,84125.4,355.95,3255.935,0.00153704109,4.212083509405,3.5831711947800002,2107.8,2110.25,3.87071411872,2109.75,4.04946623621,1253.85,0.9741068987,0.0,20,20,20,20,20,20,20,20,20,20,20,20,20,20,20,20,20,20,20,20,20,20,20,20,20,20,20,20,20,20,20,20,20
linear,20,,5,retain,3,0.084278350335,84125.5,0.023277386350000002,0.030429274979999997,2487.65,-0.15072391306,-0.47236933497499994,2485.4,2487.25,-0.328402054865,2487.1,-0.15517508290999998,1508.25,13.53735463182,1336.22125489377,14.025,1020.7,0.8906045009050001,84125.5,305.0,2656.8,0.0018397623950000002,4.29886571734,3.65583224991,2485.4,2487.25,3.94354571346,2487.1,4.015165652675,1508.25,0.96957072502,0.0,20,20,20,20,20,20,20,20,20,20,20,20,20,20,20,20,20,20,20,20,20,20,20,20,20,20,20,20,20,20,20,20,20
linear,20,,5,retain,4,0.09303161567,84123.25,0.026225334639999997,0.034740753969999996,2832.6,-0.14607244903,-0.44132116062,2829.45,2832.35,-0.30534408128,2831.2,-0.13927808865,1728.2,13.462310915065,1119.06039040675,13.95,879.0,0.878420353935,84123.25,259.0,2224.32,0.002322695755,4.688506117779999,4.097812309695,2829.45,2832.35,4.370301379504999,2831.2,4.3435099761250004,1728.2,0.9652592460299999,0.0,20,20,20,20,20,20,20,20,20,20,20,20,20,20,20,20,20,20,20,20,20,20,20,20,20,20,20,20,20,20,20,20,20
linear,20,,5,retain,5,0.103255113865,84124.15,0.029416232445000003,0.03880647667,3127.7,-0.14699864231999998,-0.50623362269,3125.3,3127.5,-0.358820406275,3126.0,-0.20739644148499997,1925.6,13.432246827665,953.67247986645,14.05,748.8,0.8648349017099999,84124.15,208.6,1906.95,0.0024937519550000003,5.109929354145001,4.392904938505,3125.3,3127.5,4.6866756690999996,3126.0,4.742939712695,1925.6,0.9611935233300001,0.0,20,20,20,20,20,20,20,20,20,20,20,20,20,20,20,20,20,20,20,20,20,20,20,20,20,20,20,20,20,20,20,20,20
linear,20,,5,retain,6,0.101866707555,84126.65,0.0277216818,0.036220959809999995,2937.45,-0.10592712637999999,-0.45920775222000004,2934.05,2936.95,-0.30839286975499997,2935.65,-0.173414895805,1795.35,13.477041635005,931.94643603324,14.1,727.35,0.86810456165,84126.65,201.35,1866.6799999999998,0.002307048985,5.41910269266,4.713196874119999,2934.05,2936.95,5.01602903879,2935.65,5.052232395445,1795.35,0.96377904019,0.0,20,20,20,20,20,20,20,20,20,20,20,20,20,20,20,20,20,20,20,20,20,20,20,20,20,20,20,20,20,20,20,20,20
linear,20,,5,retain,7,0.09542670938,84123.3,0.024594674565,0.03225447776,2609.4,-0.10140546193,-0.42654335094,2605.65,2609.1,-0.247813597625,2607.65,-0.12751526654,1585.1,13.509082108605,1080.919203410235,14.1,846.975,0.8778586374199999,84123.3,245.75,2182.1150000000002,0.002119978635,5.112738491805,4.466724051905,2605.65,2609.1,4.8223182244,2607.65,4.808270494575,1585.1,0.9677455222400001,0.0,20,20,20,20,20,20,20,20,20,20,20,20,20,20,20,20,20,20,20,20,20,20,20,20,20,20,20,20,20,20,20,20,20
linear,20,,5,retain,8,0.08654627205000001,84126.85,0.02192120594,0.028446594494999998,2302.05,-0.141912113985,-0.43547774007499995,2299.5,2301.85,-0.27204200584500005,2299.85,-0.144993743615,1390.1,13.578010226995,1268.41058998916,14.1,994.55,0.8898141574449999,84126.85,293.46999999999997,2556.85,0.001718364575,4.539574490005,3.955174152125,2299.5,2301.85,4.282362688805,2299.85,4.309525161775,1390.1,0.971553405505,0.0,20,20,20,20,20,20,20,20,20,20,20,20,20,20,20,20,20,20,20,20,20,20,20,20,20,20,20,20,20,20,20,20,20
linear,20,,5,retain,9,0.078352231745,84122.0,0.01827255671,0.02436586474,1992.8,-0.11038329113,-0.41016605973500003,1990.65,1992.45,-0.248333507625,1991.55,-0.11157263021500001,1198.15,13.60583662352,1531.1174997707599,14.1,1176.95,0.90169663871,84122.0,338.4,3042.1549999999997,0.001678572835,3.7986978676299996,3.198845517725,1990.65,1992.45,3.524115264895,1991.55,3.54846528954,1198.15,0.97563413526,0.0,20,20,20,20,20,20,20,20,20,20,20,20,20,20,20,20,20,20,20,20,20,20,20,20,20,20,20,20,20,20,20,20,20
linear,20,,5,retain,10,0.0646982972,84124.85,0.017702200895,0.023537991794999998,1964.15,-0.048342759365,-0.22961303674,1962.05,1963.95,-0.112469658295,1963.7,0.022634326364999995,1186.55,13.58849779846,1858.55909410109,14.175,1362.875,0.91610912039,84124.85,331.65,3732.155,0.001490381515,3.019244520615,2.65704098648,1962.05,1963.95,2.8909935657399997,1963.7,2.935382990405,1186.55,0.976462008205,0.0,20,20,20,20,20,20,20,20,20,20,20,20,20,20,20,20,20,20,20,20,20,20,20,20,20,20,20,20,20,20,20,20,20
linear,50,,0,reset,1,0.10596075862500001,83562.9,0.06673699283,0.083975234905,6838.0,-0.20400886404500002,-0.6197314612,6836.8,6838.0,-0.46194823509500005,6837.55,-0.75189208713,6838.0,32.164523019515,2254.39555399962,33.25,1527.9,0.8214527110600001,83562.9,468.55,4313.075,0.00584953748,4.14121144056,3.3096582590650003,6836.8,6838.0,3.625281425075,6837.55,3.04571318245,6838.0,0.916024765095,0.0,20,20,20,20,20,20,20,20,20,20,20,20,20,20,20,20,20,20,20,20,20,20,20,20,20,20,20,20,20,20,20,20,20
linear,50,,0,reset,2,0.141886663115,83550.75,0.06771066572,0.087161889095,7055.35,-0.2517613916,-0.74209335867,7053.65,7055.35,-0.5420682861449999,7054.7,-0.9091780061550001,7055.35,31.735303104014996,1731.07670331368,32.75,1275.7,0.784080917875,83550.75,506.41499999999996,3357.085,0.00632175329,4.8910574808,3.91080537812,7053.65,7055.35,4.3104941595,7054.7,3.5765796874049998,7055.35,0.912838110905,0.0,20,20,20,20,20,20,20,20,20,20,20,20,20,20,20,20,20,20,20,20,20,20,20,20,20,20,20,20,20,20,20,20,20
linear,50,,0,reset,3,0.16060354500500001,83554.2,0.08075650547499999,0.10429562555,8434.0,-0.25627720866,-0.717394309565,8431.55,8433.9,-0.5613093339049999,8433.25,-0.8936776141899999,8434.0,31.073445677735002,1398.960307998645,31.85,1078.5,0.7510896165350001,83554.2,399.495,2708.785,0.00755033299,5.264357703795,4.34253575025,8431.55,8433.9,4.654375245205,8433.25,3.98995475061,8434.0,0.89570437445,0.0,20,20,20,20,20,20,20,20,20,20,20,20,20,20,20,20,20,20,20,20,20,20,20,20,20,20,20,20,20,20,20,20,20
linear,50,,0,reset,4,0.17962780221500002,83555.0,0.091437664335,0.11905772531,9639.15,-0.26519267145500003,-0.732873295465,9635.55,9639.05,-0.578939812025,9638.3,-0.893926184785,9639.15,30.617779113799998,1161.99305375049,31.25,933.3,0.72015719798,83555.0,315.8,2244.15,0.00877733548,5.645522513555,4.710643731245,9635.55,9639.05,5.017929217465,9638.3,4.38849404244,9639.15,0.88094227469,0.0,20,20,20,20,20,20,20,20,20,20,20,20,20,20,20,20,20,20,20,20,20,20,20,20,20,20,20,20,20,20,20,20,20
linear,50,,0,reset,5,0.198148748215,83556.45,0.10289863655,0.1358838943,10920.55,-0.22519771203,-0.700211435625,10918.7,10920.45,-0.53374005758,10919.9,-0.8653672629200001,10920.55,30.043833264544997,976.9237034711899,30.5,777.7,0.6885143819049999,83556.45,251.75,1907.935,0.010438233330000001,5.922150171335,4.972649043220001,10918.7,10920.45,5.305193248265001,10919.9,4.64218959886,10920.55,0.8641161057,0.0,20,20,20,20,20,20,20,20,20,20,20,20,20,20,20,20,20,20,20,20,20,20,20,20,20,20,20,20,20,20,20,20,20
linear,50,,0,reset,6,0.197407788985,83555.45,0.09780141702,0.1281859897,10403.8,-0.22664510365999999,-0.69629997956,10401.4,10403.8,-0.515683286965,10402.6,-0.84355066226,10403.8,30.177921919739997,954.187691515335,30.95,763.275,0.69591825588,83555.45,234.4,1864.895,0.008872538105,6.095243006085,5.156099442695,10401.4,10403.8,5.516777752125,10402.6,4.861129632835,10403.8,0.8718140102999999,0.0,20,20,20,20,20,20,20,20,20,20,20,20,20,20,20,20,20,20,20,20,20,20,20,20,20,20,20,20,20,20,20,20,20
linear,50,,0,reset,7,0.18268984233500002,83555.25,0.08480318349,0.11045457523499999,8939.7,-0.22842172334000002,-0.661477884245,8936.6,8939.6,-0.4893252579749999,8939.1,-0.809951021985,8939.7,30.578502327775,1123.870477578565,31.225,895.9,0.7242644819499999,83555.25,295.4,2209.1400000000003,0.008242492245,5.9258036375700005,5.059662433365,8936.6,8939.6,5.40393230117,8939.1,4.762342876585,8939.7,0.8895454247649999,0.0,20,20,20,20,20,20,20,20,20,20,20,20,20,20,20,20,20,20,20,20,20,20,20,20,20,20,20,20,20,20,20,20,20
linear,50,,0,reset,8,0.165842109215,83554.25,0.075619798065,0.0975508894,7899.4,-0.237937445845,-0.7290135746599999,7897.85,7899.3,-0.529504459515,7898.55,-0.86529190496,7899.4,31.15253762118,1322.395584495695,32.0,1050.75,0.751439291405,83554.25,367.55,2586.535,0.00709880131,5.600416716145,4.61786479159,7897.85,7899.3,5.01718142471,7898.55,4.345318793750001,7899.4,0.9024491105999999,0.0,20,20,20,20,20,20,20,20,20,20,20,20,20,20,20,20,20,20,20,20,20,20,20,20,20,20,20,20,20,20,20,20,20
linear,50,,0,reset,9,0.14580244343999998,83555.95,0.062136465780000004,0.080823986705,6551.6,-0.255616680495,-0.72768417145,6550.05,6551.5,-0.5322797932800001,6551.3,-0.87120394439,6551.6,31.640240102565002,1615.586184950075,32.45,1244.4,0.786056860805,83555.95,477.95,3119.585,0.006004229975,4.98823205738,4.043627869370001,6550.05,6551.5,4.4347103401600005,6551.3,3.7567275719949995,6551.6,0.919176013295,0.0,20,20,20,20,20,20,20,20,20,20,20,20,20,20,20,20,20,20,20,20,20,20,20,20,20,20,20,20,20,20,20,20,20
linear,50,,0,reset,10,0.106974695395,83553.9,0.06020856576,0.07599426428,6284.8,-0.181688547405,-0.59547287075,6283.6,6284.8,-0.42585542445,6284.6,-0.727355358035,6284.8,31.951869903045,1965.170199491065,33.0,1452.4,0.8276991666200001,83553.9,445.6,3833.2,0.005117572235,4.469705376065,3.6412664348,6283.6,6284.8,3.981385803155,6284.6,3.3781601221549997,6284.8,0.92400573572,0.0,20,20,20,20,20,20,20,20,20,20,20,20,20,20,20,20,20,20,20,20,20,20,20,20,20,20,20,20,20,20,20,20,20
linear,50,,0,retain,1,0.10596075862500001,83562.9,0.06673699283,0.083975234905,6838.0,-0.20400886404500002,-0.6197314612,6836.8,6838.0,-0.46194823509500005,6837.55,-0.75189208713,6838.0,32.164523019515,2254.39555399962,33.25,1527.9,0.8214527110600001,83562.9,468.55,4313.075,0.00584953748,4.14121144056,3.3096582590650003,6836.8,6838.0,3.625281425075,6837.55,3.04571318245,6838.0,0.916024765095,0.0,20,20,20,20,20,20,20,20,20,20,20,20,20,20,20,20,20,20,20,20,20,20,20,20,20,20,20,20,20,20,20,20,20
linear,50,,0,retain,2,0.141886663115,83550.75,0.06771066572,0.087161889095,7055.35,-0.2517613916,-0.74209335867,7053.65,7055.35,-0.5420682861449999,7054.7,-0.9091780061550001,7055.35,31.735303104014996,1731.07670331368,32.75,1275.7,0.784080917875,83550.75,506.41499999999996,3357.085,0.00632175329,4.8910574808,3.91080537812,7053.65,7055.35,4.3104941595,7054.7,3.5765796874049998,7055.35,0.912838110905,0.0,20,20,20,20,20,20,20,20,20,20,20,20,20,20,20,20,20,20,20,20,20,20,20,20,20,20,20,20,20,20,20,20,20
linear,50,,0,retain,3,0.16060354500500001,83554.2,0.08075650547499999,0.10429562555,8434.0,-0.25627720866,-0.717394309565,8431.55,8433.9,-0.5613093339049999,8433.25,-0.8936776141899999,8434.0,31.073445677735002,1398.960307998645,31.85,1078.5,0.7510896165350001,83554.2,399.495,2708.785,0.00755033299,5.264357703795,4.34253575025,8431.55,8433.9,4.654375245205,8433.25,3.98995475061,8434.0,0.89570437445,0.0,20,20,20,20,20,20,20,20,20,20,20,20,20,20,20,20,20,20,20,20,20,20,20,20,20,20,20,20,20,20,20,20,20
linear,50,,0,retain,4,0.17962780221500002,83555.0,0.091437664335,0.11905772531,9639.15,-0.26519267145500003,-0.732873295465,9635.55,9639.05,-0.578939812025,9638.3,-0.893926184785,9639.15,30.617779113799998,1161.99305375049,31.25,933.3,0.72015719798,83555.0,315.8,2244.15,0.00877733548,5.645522513555,4.710643731245,9635.55,9639.05,5.017929217465,9638.3,4.38849404244,9639.15,0.88094227469,0.0,20,20,20,20,20,20,20,20,20,20,20,20,20,20,20,20,20,20,20,20,20,20,20,20,20,20,20,20,20,20,20,20,20
linear,50,,0,retain,5,0.198148748215,83556.45,0.10289863655,0.1358838943,10920.55,-0.22519771203,-0.700211435625,10918.7,10920.45,-0.53374005758,10919.9,-0.8653672629200001,10920.55,30.043833264544997,976.9237034711899,30.5,777.7,0.6885143819049999,83556.45,251.75,1907.935,0.010438233330000001,5.922150171335,4.972649043220001,10918.7,10920.45,5.305193248265001,10919.9,4.64218959886,10920.55,0.8641161057,0.0,20,20,20,20,20,20,20,20,20,20,20,20,20,20,20,20,20,20,20,20,20,20,20,20,20,20,20,20,20,20,20,20,20
linear,50,,0,retain,6,0.197407788985,83555.45,0.09780141702,0.1281859897,10403.8,-0.22664510365999999,-0.69629997956,10401.4,10403.8,-0.515683286965,10402.6,-0.84355066226,10403.8,30.177921919739997,954.187691515335,30.95,763.275,0.69591825588,83555.45,234.4,1864.895,0.008872538105,6.095243006085,5.156099442695,10401.4,10403.8,5.516777752125,10402.6,4.861129632835,10403.8,0.8718140102999999,0.0,20,20,20,20,20,20,20,20,20,20,20,20,20,20,20,20,20,20,20,20,20,20,20,20,20,20,20,20,20,20,20,20,20
linear,50,,0,retain,7,0.18268984233500002,83555.25,0.08480318349,0.11045457523499999,8939.7,-0.22842172334000002,-0.661477884245,8936.6,8939.6,-0.4893252579749999,8939.1,-0.809951021985,8939.7,30.578502327775,1123.870477578565,31.225,895.9,0.7242644819499999,83555.25,295.4,2209.1400000000003,0.008242492245,5.9258036375700005,5.059662433365,8936.6,8939.6,5.40393230117,8939.1,4.762342876585,8939.7,0.8895454247649999,0.0,20,20,20,20,20,20,20,20,20,20,20,20,20,20,20,20,20,20,20,20,20,20,20,20,20,20,20,20,20,20,20,20,20
linear,50,,0,retain,8,0.165842109215,83554.25,0.075619798065,0.0975508894,7899.4,-0.237937445845,-0.7290135746599999,7897.85,7899.3,-0.529504459515,7898.55,-0.86529190496,7899.4,31.15253762118,1322.395584495695,32.0,1050.75,0.751439291405,83554.25,367.55,2586.535,0.00709880131,5.600416716145,4.61786479159,7897.85,7899.3,5.01718142471,7898.55,4.345318793750001,7899.4,0.9024491105999999,0.0,20,20,20,20,20,20,20,20,20,20,20,20,20,20,20,20,20,20,20,20,20,20,20,20,20,20,20,20,20,20,20,20,20
linear,50,,0,retain,9,0.14580244343999998,83555.95,0.062136465780000004,0.080823986705,6551.6,-0.255616680495,-0.72768417145,6550.05,6551.5,-0.5322797932800001,6551.3,-0.87120394439,6551.6,31.640240102565002,1615.586184950075,32.45,1244.4,0.786056860805,83555.95,477.95,3119.585,0.006004229975,4.98823205738,4.043627869370001,6550.05,6551.5,4.4347103401600005,6551.3,3.7567275719949995,6551.6,0.919176013295,0.0,20,20,20,20,20,20,20,20,20,20,20,20,20,20,20,20,20,20,20,20,20,20,20,20,20,20,20,20,20,20,20,20,20
linear,50,,0,retain,10,0.106974695395,83553.9,0.06020856576,0.07599426428,6284.8,-0.181688547405,-0.59547287075,6283.6,6284.8,-0.42585542445,6284.6,-0.727355358035,6284.8,31.951869903045,1965.170199491065,33.0,1452.4,0.8276991666200001,83553.9,445.6,3833.2,0.005117572235,4.469705376065,3.6412664348,6283.6,6284.8,3.981385803155,6284.6,3.3781601221549997,6284.8,0.92400573572,0.0,20,20,20,20,20,20,20,20,20,20,20,20,20,20,20,20,20,20,20,20,20,20,20,20,20,20,20,20,20,20,20,20,20
linear,50,,1,reset,1,0.11499249271,83562.9,0.06907798213500001,0.08751460251,7138.55,-0.19702127482,-0.5988607351599999,7137.15,7138.55,-0.445236394135,7138.0,-0.71568467931,6928.1,31.764502735910003,2228.7970562529053,32.95,1510.575,0.80979917607,83562.9,444.33000000000004,4277.07,0.0061303490849999994,4.176456617775,3.3726920201799997,7137.15,7138.55,3.6798726334549996,7138.0,3.11544934995,6928.1,0.91248539749,0.0,20,20,20,20,20,20,20,20,20,20,20,20,20,20,20,20,20,20,20,20,20,20,20,20,20,20,20,20,20,20,20,20,20
linear,50,,1,reset,2,0.14635878022499998,83550.75,0.07104424225,0.09174247723,7435.85,-0.23941933063,-0.70947714614,7433.55,7435.75,-0.51778946315,7434.8,-0.86140172024,7226.85,31.25853659001,1703.468602322675,32.2,1256.85,0.7760722581149999,83550.75,468.06499999999994,3325.4199999999996,0.00652471941,4.92845461981,3.988744838725,7433.55,7435.75,4.3717001654050005,7434.8,3.660284326735,7226.85,0.9082575227699999,0.0,20,20,20,20,20,20,20,20,20,20,20,20,20,20,20,20,20,20,20,20,20,20,20,20,20,20,20,20,20,20,20,20,20
linear,50,,1,reset,3,0.163431710095,83554.2,0.08403084941,0.108783584535,8806.8,-0.24314050764,-0.69321141713,8803.6,8806.55,-0.536606830155,8805.7,-0.8546857115050001,8569.9,30.655440874750003,1378.23735374996,31.45,1060.85,0.7448469493700001,83554.2,372.35,2689.9700000000003,0.007690491105,5.258440793905001,4.3586226653099995,8803.6,8806.55,4.67155302428,8805.7,4.006696308065,8569.9,0.891216415465,0.0,20,20,20,20,20,20,20,20,20,20,20,20,20,20,20,20,20,20,20,20,20,20,20,20,20,20,20,20,20,20,20,20,20
linear,50,,1,reset,4,0.18186894711499998,83555.0,0.094240776775,0.12321352652999999,9978.05,-0.25500011904500003,-0.7102729848,9973.9,9977.85,-0.55682416132,9976.95,-0.8612308309850001,9727.3,30.21520096383,1147.580643819645,30.9,917.775,0.7150321500900001,83555.0,299.9,2235.1099999999997,0.00885812601,5.588575950735001,4.6785612236950005,9973.9,9977.85,4.98475518897,9976.95,4.34287113197,9727.3,0.8767864734699999,0.0,20,20,20,20,20,20,20,20,20,20,20,20,20,20,20,20,20,20,20,20,20,20,20,20,20,20,20,20,20,20,20,20,20
linear,50,,1,reset,5,0.19916205272,83556.45,0.10503901073,0.13908892422000002,11187.1,-0.21834854078500002,-0.6832069028300001,11184.8,11186.95,-0.5185432140149999,11186.15,-0.842728368375,10914.75,29.738496484485,968.254950980065,30.35,766.0,0.685241755545,83556.45,236.7,1903.925,0.010557181025,5.871323819165,4.9421672910300005,11184.8,11186.95,5.271057637145001,11186.15,4.587932711304999,10914.75,0.86091107578,0.0,20,20,20,20,20,20,20,20,20,20,20,20,20,20,20,20,20,20,20,20,20,20,20,20,20,20,20,20,20,20,20,20,20
linear,50,,1,reset,6,0.198311935755,83555.45,0.099479230105,0.13069762944000002,10611.15,-0.21963790942,-0.685869542805,10608.2,10611.05,-0.5069928380400001,10609.6,-0.8255682561500001,10344.8,29.95103239078,946.49602780241,30.6,751.675,0.693219175615,83555.45,221.15,1862.0849999999998,0.0089896585,6.0373897995,5.105036163119999,10608.2,10611.05,5.4622168629,10609.6,4.788430204075,10344.8,0.86930237056,0.0,20,20,20,20,20,20,20,20,20,20,20,20,20,20,20,20,20,20,20,20,20,20,20,20,20,20,20,20,20,20,20,20,20
linear,50,,1,reset,7,0.18440238817000001,83555.25,0.08730578993,0.11409311597,9234.0,-0.21541359188000003,-0.6458609781,9230.6,9233.8,-0.47284973249,9233.25,-0.781074115175,8993.35,30.265741139155,1110.272735695525,30.95,880.075,0.719883183665,83555.25,282.52,2197.95,0.008408638235,5.88789612224,5.027066661945,9230.6,9233.8,5.372973536135,9233.25,4.72602476243,8993.35,0.8859068840300001,0.0,20,20,20,20,20,20,20,20,20,20,20,20,20,20,20,20,20,20,20,20,20,20,20,20,20,20,20,20,20,20,20,20,20
linear,50,,1,reset,8,0.16839856979999998,83554.25,0.07854889767499999,0.101615710275,8236.5,-0.22445861632500003,-0.703574253465,8234.6,8236.35,-0.50457968276,8235.35,-0.8275484288699999,8020.6,30.7079450091,1303.7792051924948,31.475,1033.4,0.7458141014049999,83554.25,344.9,2572.605,0.007238431134999999,5.579230791655,4.62055290483,8234.6,8236.35,5.01885697121,8235.35,4.341357647825,8020.6,0.898384289725,0.0,20,20,20,20,20,20,20,20,20,20,20,20,20,20,20,20,20,20,20,20,20,20,20,20,20,20,20,20,20,20,20,20,20
linear,50,,1,reset,9,0.150255180565,83555.95,0.06513632591,0.085110661635,6908.45,-0.23855062601000002,-0.692790233715,6906.3,6908.2,-0.50317062971,6907.85,-0.82127352594,6715.4,31.177735417275,1590.771246395975,32.05,1225.1,0.778431398195,83555.95,444.1,3096.9,0.00617709535,5.0073542593900005,4.098487576145,6906.3,6908.2,4.477932809595,6907.85,3.8101222618199997,6715.4,0.914889338365,0.0,20,20,20,20,20,20,20,20,20,20,20,20,20,20,20,20,20,20,20,20,20,20,20,20,20,20,20,20,20,20,20,20,20
linear,50,,1,reset,10,0.11688652069500001,83553.9,0.062199601179999994,0.07911023171,6543.3,-0.17496809686,-0.5782727053800001,6541.8,6543.25,-0.41336384849499996,6542.95,-0.694388358815,6357.0,31.575659102265,1943.212739058065,32.75,1434.45,0.8155533077599999,83553.9,421.09,3810.44,0.00536057036,4.4810417215800005,3.6735335641600004,6541.8,6543.25,4.004374739535001,6542.95,3.418357359945,6357.0,0.92088976829,0.0,20,20,20,20,20,20,20,20,20,20,20,20,20,20,20,20,20,20,20,20,20,20,20,20,20,20,20,20,20,20,20,20,20
linear,50,,1,retain,1,0.11499249271,83562.9,0.06907798213500001,0.08751460251,7138.55,-0.19702127482,-0.5988607351599999,7137.15,7138.55,-0.445236394135,7138.0,-0.71568467931,6928.1,31.764502735910003,2228.7970562529053,32.95,1510.575,0.80979917607,83562.9,444.33000000000004,4277.07,0.0061303490849999994,4.176456617775,3.3726920201799997,7137.15,7138.55,3.6798726334549996,7138.0,3.11544934995,6928.1,0.91248539749,0.0,20,20,20,20,20,20,20,20,20,20,20,20,20,20,20,20,20,20,20,20,20,20,20,20,20,20,20,20,20,20,20,20,20
linear,50,,1,retain,2,0.14635878022499998,83550.75,0.07104424225,0.09174247723,7435.85,-0.23941933063,-0.70947714614,7433.55,7435.75,-0.51778946315,7434.8,-0.86140172024,7226.85,31.25853659001,1703.468602322675,32.2,1256.85,0.7760722581149999,83550.75,468.06499999999994,3325.4199999999996,0.00652471941,4.92845461981,3.988744838725,7433.55,7435.75,4.3717001654050005,7434.8,3.660284326735,7226.85,0.9082575227699999,0.0,20,20,20,20,20,20,20,20,20,20,20,20,20,20,20,20,20,20,20,20,20,20,20,20,20,20,20,20,20,20,20,20,20
linear,50,,1,retain,3,0.163431710095,83554.2,0.08403084941,0.108783584535,8806.8,-0.24314050764,-0.69321141713,8803.6,8806.55,-0.536606830155,8805.7,-0.8546857115050001,8569.9,30.655440874750003,1378.23735374996,31.45,1060.85,0.7448469493700001,83554.2,372.35,2689.9700000000003,0.007690491105,5.258440793905001,4.3586226653099995,8803.6,8806.55,4.67155302428,8805.7,4.006696308065,8569.9,0.891216415465,0.0,20,20,20,20,20,20,20,20,20,20,20,20,20,20,20,20,20,20,20,20,20,20,20,20,20,20,20,20,20,20,20,20,20
linear,50,,1,retain,4,0.18186894711499998,83555.0,0.094240776775,0.12321352652999999,9978.05,-0.25500011904500003,-0.7102729848,9973.9,9977.85,-0.55682416132,9976.95,-0.8612308309850001,9727.3,30.21520096383,1147.580643819645,30.9,917.775,0.7150321500900001,83555.0,299.9,2235.1099999999997,0.00885812601,5.588575950735001,4.6785612236950005,9973.9,9977.85,4.98475518897,9976.95,4.34287113197,9727.3,0.8767864734699999,0.0,20,20,20,20,20,20,20,20,20,20,20,20,20,20,20,20,20,20,20,20,20,20,20,20,20,20,20,20,20,20,20,20,20
linear,50,,1,retain,5,0.19916205272,83556.45,0.10503901073,0.13908892422000002,11187.1,-0.21834854078500002,-0.6832069028300001,11184.8,11186.95,-0.5185432140149999,11186.15,-0.842728368375,10914.75,29.738496484485,968.254950980065,30.35,766.0,0.685241755545,83556.45,236.7,1903.925,0.010557181025,5.871323819165,4.9421672910300005,11184.8,11186.95,5.271057637145001,11186.15,4.587932711304999,10914.75,0.86091107578,0.0,20,20,20,20,20,20,20,20,20,20,20,20,20,20,20,20,20,20,20,20,20,20,20,20,20,20,20,20,20,20,20,20,20
linear,50,,1,retain,6,0.198311935755,83555.45,0.099479230105,0.13069762944000002,10611.15,-0.21963790942,-0.685869542805,10608.2,10611.05,-0.5069928380400001,10609.6,-0.8255682561500001,10344.8,29.95103239078,946.49602780241,30.6,751.675,0.693219175615,83555.45,221.15,1862.0849999999998,0.0089896585,6.0373897995,5.105036163119999,10608.2,10611.05,5.4622168629,10609.6,4.788430204075,10344.8,0.86930237056,0.0,20,20,20,20,20,20,20,20,20,20,20,20,20,20,20,20,20,20,20,20,20,20,20,20,20,20,20,20,20,20,20,20,20
linear,50,,1,retain,7,0.18440238817000001,83555.25,0.08730578993,0.11409311597,9234.0,-0.21541359188000003,-0.6458609781,9230.6,9233.8,-0.47284973249,9233.25,-0.781074115175,8993.35,30.265741139155,1110.272735695525,30.95,880.075,0.719883183665,83555.25,282.52,2197.95,0.008408638235,5.88789612224,5.027066661945,9230.6,9233.8,5.372973536135,9233.25,4.72602476243,8993.35,0.8859068840300001,0.0,20,20,20,20,20,20,20,20,20,20,20,20,20,20,20,20,20,20,20,20,20,20,20,20,20,20,20,20,20,20,20,20,20
linear,50,,1,retain,8,0.16839856979999998,83554.25,0.07854889767499999,0.101615710275,8236.5,-0.22445861632500003,-0.703574253465,8234.6,8236.35,-0.50457968276,8235.35,-0.8275484288699999,8020.6,30.7079450091,1303.7792051924948,31.475,1033.4,0.7458141014049999,83554.25,344.9,2572.605,0.007238431134999999,5.579230791655,4.62055290483,8234.6,8236.35,5.01885697121,8235.35,4.341357647825,8020.6,0.898384289725,0.0,20,20,20,20,20,20,20,20,20,20,20,20,20,20,20,20,20,20,20,20,20,20,20,20,20,20,20,20,20,20,20,20,20
linear,50,,1,retain,9,0.150255180565,83555.95,0.06513632591,0.085110661635,6908.45,-0.23855062601000002,-0.692790233715,6906.3,6908.2,-0.50317062971,6907.85,-0.82127352594,6715.4,31.177735417275,1590.771246395975,32.05,1225.1,0.778431398195,83555.95,444.1,3096.9,0.00617709535,5.0073542593900005,4.098487576145,6906.3,6908.2,4.477932809595,6907.85,3.8101222618199997,6715.4,0.914889338365,0.0,20,20,20,20,20,20,20,20,20,20,20,20,20,20,20,20,20,20,20,20,20,20,20,20,20,20,20,20,20,20,20,20,20
linear,50,,1,retain,10,0.11688652069500001,83553.9,0.062199601179999994,0.07911023171,6543.3,-0.17496809686,-0.5782727053800001,6541.8,6543.25,-0.41336384849499996,6542.95,-0.694388358815,6357.0,31.575659102265,1943.212739058065,32.75,1434.45,0.8155533077599999,83553.9,421.09,3810.44,0.00536057036,4.4810417215800005,3.6735335641600004,6541.8,6543.25,4.004374739535001,6542.95,3.418357359945,6357.0,0.92088976829,0.0,20,20,20,20,20,20,20,20,20,20,20,20,20,20,20,20,20,20,20,20,20,20,20,20,20,20,20,20,20,20,20,20,20
linear,50,,5,reset,1,0.13273679816,83562.9,0.07806258404,0.100269873255,8189.0,-0.19297729664000002,-0.567533658405,8186.55,8188.75,-0.423643060225,8187.55,-0.636567823685,7066.1,30.900999231565,2137.0806614194653,32.0,1438.2,0.782342709785,83562.9,337.835,4179.615,0.006857907974999999,4.116558845655,3.3673866013100002,8186.55,8188.75,3.654812729475,8187.55,3.10292740322,7066.1,0.899730126745,0.0,20,20,20,20,20,20,20,20,20,20,20,20,20,20,20,20,20,20,20,20,20,20,20,20,20,20,20,20,20,20,20,20,20
linear,50,,5,reset,2,0.158813636485,83550.75,0.07932880535,0.10309234146499999,8366.45,-0.225531381815,-0.6692729339650001,8362.05,8365.8,-0.48655757274000005,8363.75,-0.763658714265,7256.35,30.552400044469998,1631.203268758975,31.45,1199.375,0.75475956301,83550.75,358.1,3248.4849999999997,0.00709799513,4.968694527095,4.0808671982,8362.05,8365.8,4.4457324549749995,8363.75,3.7698425936249995,7256.35,0.8969076585350001,0.0,20,20,20,20,20,20,20,20,20,20,20,20,20,20,20,20,20,20,20,20,20,20,20,20,20,20,20,20,20,20,20,20,20
linear,50,,5,reset,3,0.173243711485,83554.2,0.09102518580999999,0.118569207875,9597.75,-0.230743526805,-0.66234097493,9592.0,9597.25,-0.510679707525,9595.65,-0.772187806855,8365.7,30.136854676364997,1329.612162893955,30.9,1014.05,0.7276011708550001,83554.2,304.25,2648.55,0.008129931835,5.25333338687,4.39083561064,9592.0,9597.25,4.693634175505,9595.65,4.026427474905001,8365.7,0.881430792125,0.0,20,20,20,20,20,20,20,20,20,20,20,20,20,20,20,20,20,20,20,20,20,20,20,20,20,20,20,20,20,20,20,20,20
linear,50,,5,reset,4,0.188737050995,83555.0,0.10023767343000001,0.13137909815499998,10641.6,-0.24164549608,-0.67488675019,10635.5,10640.95,-0.52644460693,10639.6,-0.7857209122000001,9324.35,29.777972706245,1118.38580094829,30.35,878.1,0.70195023011,83555.0,259.9,2224.6400000000003,0.009075045475,5.57662894259,4.71082941392,10635.5,10640.95,5.006920325375001,10639.6,4.30616534026,9324.35,0.8686209018450001,0.0,20,20,20,20,20,20,20,20,20,20,20,20,20,20,20,20,20,20,20,20,20,20,20,20,20,20,20,20,20,20,20,20,20
linear,50,,5,reset,5,0.20285040573000002,83556.45,0.10847357368499999,0.14379238558500002,11566.85,-0.214116728555,-0.669723112035,11562.55,11566.45,-0.5095468677799999,11564.55,-0.7846842548599999,10175.9,29.47384388959,954.93381041526,30.05,747.1,0.678055533175,83556.45,206.885,1912.725,0.0106204874,5.825800720555,4.9148862777849995,11562.55,11566.45,5.23494110574,11564.55,4.51596584479,10175.9,0.8562076144149999,0.0,20,20,20,20,20,20,20,20,20,20,20,20,20,20,20,20,20,20,20,20,20,20,20,20,20,20,20,20,20,20,20,20,20
linear,50,,5,reset,6,0.202313471105,83555.45,0.10286721831500001,0.135344441925,10987.0,-0.212875353505,-0.668248521385,10982.3,10986.75,-0.49665219983500003,10984.55,-0.76856530291,9626.8,29.667964383999998,935.186520590225,30.2,730.45,0.68563221946,83555.45,200.825,1874.53,0.009187091105,5.95412575581,5.043878013595,10982.3,10986.75,5.38602028022,10984.55,4.6644986209849995,9626.8,0.864655558075,0.0,20,20,20,20,20,20,20,20,20,20,20,20,20,20,20,20,20,20,20,20,20,20,20,20,20,20,20,20,20,20,20,20,20
linear,50,,5,reset,7,0.19100325425,83555.25,0.092209556095,0.12105604223,9798.7,-0.20751719125,-0.6324301329199999,9792.8,9797.6,-0.46158611689500006,9796.6,-0.71239267527,8561.65,29.906493905065,1081.8111670273051,30.55,842.8,0.70803415267,83555.25,244.85,2186.55,0.008753036985,5.79914706401,4.949432485,9792.8,9797.6,5.2909704162499995,9796.6,4.63877314957,8561.65,0.87894395777,0.0,20,20,20,20,20,20,20,20,20,20,20,20,20,20,20,20,20,20,20,20,20,20,20,20,20,20,20,20,20,20,20,20,20
linear,50,,5,reset,8,0.178206338585,83554.25,0.08463524215,0.110208414405,8938.15,-0.21971122357,-0.6695510206149999,8934.5,8937.8,-0.48122522005499996,8935.7,-0.742845132065,7805.8,30.1342659216,1258.9707836953698,30.9,986.1,0.7295549882000001,83554.25,292.52,2541.245,0.007603431064999999,5.515546194475,4.61565524404,8934.5,8937.8,4.992235190444999,8935.7,4.294600480114999,7805.8,0.889791585595,0.0,20,20,20,20,20,20,20,20,20,20,20,20,20,20,20,20,20,20,20,20,20,20,20,20,20,20,20,20,20,20,20,20,20
linear,50,,5,reset,9,0.16353049132,83555.95,0.072341619575,0.09580943757,7785.15,-0.22313891367,-0.6511381937899999,7781.1,7784.7,-0.475075238585,7783.65,-0.72925201942,6760.4,30.51676402776,1524.28031669251,31.45,1172.0,0.7573595656000001,83555.95,343.55,3038.48,0.00676832348,4.98342330348,4.127366590855,7781.1,7784.7,4.4793518786,7783.65,3.805255105105,6760.4,0.90419056243,0.0,20,20,20,20,20,20,20,20,20,20,20,20,20,20,20,20,20,20,20,20,20,20,20,20,20,20,20,20,20,20,20,20,20
linear,50,,5,reset,10,0.13549344892499998,83553.9,0.07077429942499999,0.09159579647,7567.15,-0.174136429765,-0.544961933105,7564.15,7566.9,-0.3973125856,7566.1,-0.60599382421,6558.95,30.559207447,1860.76300485209,31.55,1367.225,0.78769153981,83553.9,323.16999999999996,3716.69,0.0060407118349999995,4.30858887604,3.56564236822,7564.15,7566.9,3.86245945991,7566.1,3.308186576045,6558.95,0.90840420353,0.0,20,20,20,20,20,20,20,20,20,20,20,20,20,20,20,20,20,20,20,20,20,20,20,20,20,20,20,20,20,20,20,20,20
linear,50,,5,retain,1,0.13273679816,83562.9,0.07806258404,0.100269873255,8189.0,-0.19297729664000002,-0.567533658405,8186.55,8188.75,-0.423643060225,8187.55,-0.636567823685,7066.1,30.900999231565,2137.0806614194653,32.0,1438.2,0.782342709785,83562.9,337.835,4179.615,0.006857907974999999,4.116558845655,3.3673866013100002,8186.55,8188.75,3.654812729475,8187.55,3.10292740322,7066.1,0.899730126745,0.0,20,20,20,20,20,20,20,20,20,20,20,20,20,20,20,20,20,20,20,20,20,20,20,20,20,20,20,20,20,20,20,20,20
linear,50,,5,retain,2,0.158813636485,83550.75,0.07932880535,0.10309234146499999,8366.45,-0.225531381815,-0.6692729339650001,8362.05,8365.8,-0.48655757274000005,8363.75,-0.763658714265,7256.35,30.552400044469998,1631.203268758975,31.45,1199.375,0.75475956301,83550.75,358.1,3248.4849999999997,0.00709799513,4.968694527095,4.0808671982,8362.05,8365.8,4.4457324549749995,8363.75,3.7698425936249995,7256.35,0.8969076585350001,0.0,20,20,20,20,20,20,20,20,20,20,20,20,20,20,20,20,20,20,20,20,20,20,20,20,20,20,20,20,20,20,20,20,20
linear,50,,5,retain,3,0.173243711485,83554.2,0.09102518580999999,0.118569207875,9597.75,-0.230743526805,-0.66234097493,9592.0,9597.25,-0.510679707525,9595.65,-0.772187806855,8365.7,30.136854676364997,1329.612162893955,30.9,1014.05,0.7276011708550001,83554.2,304.25,2648.55,0.008129931835,5.25333338687,4.39083561064,9592.0,9597.25,4.693634175505,9595.65,4.026427474905001,8365.7,0.881430792125,0.0,20,20,20,20,20,20,20,20,20,20,20,20,20,20,20,20,20,20,20,20,20,20,20,20,20,20,20,20,20,20,20,20,20
linear,50,,5,retain,4,0.188737050995,83555.0,0.10023767343000001,0.13137909815499998,10641.6,-0.24164549608,-0.67488675019,10635.5,10640.95,-0.52644460693,10639.6,-0.7857209122000001,9324.35,29.777972706245,1118.38580094829,30.35,878.1,0.70195023011,83555.0,259.9,2224.6400000000003,0.009075045475,5.57662894259,4.71082941392,10635.5,10640.95,5.006920325375001,10639.6,4.30616534026,9324.35,0.8686209018450001,0.0,20,20,20,20,20,20,20,20,20,20,20,20,20,20,20,20,20,20,20,20,20,20,20,20,20,20,20,20,20,20,20,20,20
linear,50,,5,retain,5,0.20285040573000002,83556.45,0.10847357368499999,0.14379238558500002,11566.85,-0.214116728555,-0.669723112035,11562.55,11566.45,-0.5095468677799999,11564.55,-0.7846842548599999,10175.9,29.47384388959,954.93381041526,30.05,747.1,0.678055533175,83556.45,206.885,1912.725,0.0106204874,5.825800720555,4.9148862777849995,11562.55,11566.45,5.23494110574,11564.55,4.51596584479,10175.9,0.8562076144149999,0.0,20,20,20,20,20,20,20,20,20,20,20,20,20,20,20,20,20,20,20,20,20,20,20,20,20,20,20,20,20,20,20,20,20
linear,50,,5,retain,6,0.202313471105,83555.45,0.10286721831500001,0.135344441925,10987.0,-0.212875353505,-0.668248521385,10982.3,10986.75,-0.49665219983500003,10984.55,-0.76856530291,9626.8,29.667964383999998,935.186520590225,30.2,730.45,0.68563221946,83555.45,200.825,1874.53,0.009187091105,5.95412575581,5.043878013595,10982.3,10986.75,5.38602028022,10984.55,4.6644986209849995,9626.8,0.864655558075,0.0,20,20,20,20,20,20,20,20,20,20,20,20,20,20,20,20,20,20,20,20,20,20,20,20,20,20,20,20,20,20,20,20,20
linear,50,,5,retain,7,0.19100325425,83555.25,0.092209556095,0.12105604223,9798.7,-0.20751719125,-0.6324301329199999,9792.8,9797.6,-0.46158611689500006,9796.6,-0.71239267527,8561.65,29.906493905065,1081.8111670273051,30.55,842.8,0.70803415267,83555.25,244.85,2186.55,0.008753036985,5.79914706401,4.949432485,9792.8,9797.6,5.2909704162499995,9796.6,4.63877314957,8561.65,0.87894395777,0.0,20,20,20,20,20,20,20,20,20,20,20,20,20,20,20,20,20,20,20,20,20,20,20,20,20,20,20,20,20,20,20,20,20
linear,50,,5,retain,8,0.178206338585,83554.25,0.08463524215,0.110208414405,8938.15,-0.21971122357,-0.6695510206149999,8934.5,8937.8,-0.48122522005499996,8935.7,-0.742845132065,7805.8,30.1342659216,1258.9707836953698,30.9,986.1,0.7295549882000001,83554.25,292.52,2541.245,0.007603431064999999,5.515546194475,4.61565524404,8934.5,8937.8,4.992235190444999,8935.7,4.294600480114999,7805.8,0.889791585595,0.0,20,20,20,20,20,20,20,20,20,20,20,20,20,20,20,20,20,20,20,20,20,20,20,20,20,20,20,20,20,20,20,20,20
linear,50,,5,retain,9,0.16353049132,83555.95,0.072341619575,0.09580943757,7785.15,-0.22313891367,-0.6511381937899999,7781.1,7784.7,-0.475075238585,7783.65,-0.72925201942,6760.4,30.51676402776,1524.28031669251,31.45,1172.0,0.7573595656000001,83555.95,343.55,3038.48,0.00676832348,4.98342330348,4.127366590855,7781.1,7784.7,4.4793518786,7783.65,3.805255105105,6760.4,0.90419056243,0.0,20,20,20,20,20,20,20,20,20,20,20,20,20,20,20,20,20,20,20,20,20,20,20,20,20,20,20,20,20,20,20,20,20
linear,50,,5,retain,10,0.13549344892499998,83553.9,0.07077429942499999,0.09159579647,7567.15,-0.174136429765,-0.544961933105,7564.15,7566.9,-0.3973125856,7566.1,-0.60599382421,6558.95,30.559207447,1860.76300485209,31.55,1367.225,0.78769153981,83553.9,323.16999999999996,3716.69,0.0060407118349999995,4.30858887604,3.56564236822,7564.15,7566.9,3.86245945991,7566.1,3.308186576045,6558.95,0.90840420353,0.0,20,20,20,20,20,20,20,20,20,20,20,20,20,20,20,20,20,20,20,20,20,20,20,20,20,20,20,20,20,20,20,20,20
xgboost,10,7.0,0,reset,1,0.0928436002,91413.8,0.01510416728,0.0204825288,1806.6,-0.08662965922000002,-0.24487131788000002,1804.6,1806.6,-0.20043727132,1806.0,-0.1553789904,1806.6,7.173718990819999,961.05323990822,7.4,563.8,0.8910190030199999,91413.8,88.4,2162.68,0.00103322948,6.24856058204,5.937421612900001,1804.6,1806.6,6.02401752544,1806.0,6.1111785870999995,1806.6,0.9795174712,0.0,5,5,5,5,5,5,5,5,5,5,5,5,5,5,5,5,5,5,5,5,5,5,5,5,5,5,5,5,5,5,5,5,5
xgboost,10,7.0,0,reset,2,0.07470340728,91411.4,0.012305571740000002,0.016666376500000003,1479.0,0.03785959474,-0.18530534862,1478.8,1479.0,-0.06277691783999999,1478.8,-0.027346750359999998,1479.0,7.24838130646,970.7561304439599,7.6,659.8,0.9119999608,91411.4,128.8,2121.6,0.00099106018,5.2753973736,4.82977428198,1478.8,1479.0,5.0747925403,1478.8,5.1450276001,1479.0,0.9833336235000001,0.0,5,5,5,5,5,5,5,5,5,5,5,5,5,5,5,5,5,5,5,5,5,5,5,5,5,5,5,5,5,5,5,5,5
xgboost,10,7.0,0,reset,3,0.0707520796,91409.4,0.011961498939999999,0.015734121839999997,1379.4,-0.00978808962,-0.20513861246,1379.0,1379.4,-0.07805355378,1379.4,-0.03848437562,1379.4,7.37079202508,1017.0927293408,8.0,678.8,0.9163865894600001,91409.4,147.8,2120.2,0.00089983202,4.9128506313599996,4.525034075420001,1379.0,1379.4,4.7764159776,1379.4,4.85547625764,1379.4,0.9842658781600001,0.0,5,5,5,5,5,5,5,5,5,5,5,5,5,5,5,5,5,5,5,5,5,5,5,5,5,5,5,5,5,5,5,5,5
xgboost,10,7.0,0,reset,4,0.06961401878,91415.2,0.01120466194,0.014963557399999999,1309.8,0.0616449424,-0.18875533772,1308.8,1309.8,0.0061618679399999985,1309.2,0.0017323960599999965,1309.8,7.416139408339999,971.6651092862,8.0,672.2,0.9183534235799999,91415.2,148.4,2114.4,0.0008278957,4.58848221396,4.0874824249,1308.8,1309.8,4.4777444401799995,1309.2,4.46862923664,1309.8,0.9850364426,0.0,5,5,5,5,5,5,5,5,5,5,5,5,5,5,5,5,5,5,5,5,5,5,5,5,5,5,5,5,5,5,5,5,5
xgboost,10,7.0,0,reset,5,0.06882000636,91409.8,0.011824515800000001,0.015302341799999999,1346.4,0.05298893050000001,-0.16243316174,1345.4,1346.2,-0.0054742824,1346.2,0.0547385624,1346.4,7.384036398659999,964.61056564436,7.8,670.2,0.9185956728800001,91409.8,149.2,2086.9,0.0007598049,4.7018534796,4.27207704942,1345.4,1346.2,4.584960110660001,1346.2,4.70584798798,1346.4,0.9846976582,0.0,5,5,5,5,5,5,5,5,5,5,5,5,5,5,5,5,5,5,5,5,5,5,5,5,5,5,5,5,5,5,5,5,5
xgboost,10,7.0,0,reset,6,0.0677475202,91432.4,0.0115513201,0.0150852891,1340.0,0.0629977045,-0.25569867662,1339.4,1340.0,-0.04086540424,1339.8,0.00023014808000000332,1340.0,7.38527976374,946.86919538286,7.8,661.8,0.9197834539399998,91432.4,161.6,2035.0,0.0009177057199999999,4.5944748808,3.9578612491599996,1339.4,1340.0,4.38671282432,1339.8,4.4688834880599995,1340.0,0.9849147109,0.0,5,5,5,5,5,5,5,5,5,5,5,5,5,5,5,5,5,5,5,5,5,5,5,5,5,5,5,5,5,5,5,5,5
xgboost,10,7.0,0,reset,7,0.06684923756,91387.6,0.0125645343,0.016101545239999997,1428.4,0.014640466559999999,-0.19973329794,1427.2,1428.4,-0.05163146679999999,1427.8,0.01789736552,1428.4,7.32970796274,950.3092827430398,7.8,673.0,0.9198354314199999,91387.6,159.6,2055.4,0.0007507967,4.2293964944,3.80209124864,1427.2,1428.4,4.09762319714,1427.8,4.23593610284,1428.4,0.98389845476,0.0,5,5,5,5,5,5,5,5,5,5,5,5,5,5,5,5,5,5,5,5,5,5,5,5,5,5,5,5,5,5,5,5,5
xgboost,10,7.0,0,reset,8,0.06825331388,91407.2,0.01258256216,0.01649583352,1463.8,0.06973343809999999,-0.18423039096,1462.8,1463.8,0.029252550320000004,1463.2,0.05659970263999999,1463.8,7.24711083072,978.77562477176,7.2,678.8,0.91834372832,91407.2,150.8,2139.4,0.00082039566,4.18939955684,3.6859928738599996,1462.8,1463.8,4.1114773101,1463.2,4.16310199546,1463.8,0.98350416648,0.0,5,5,5,5,5,5,5,5,5,5,5,5,5,5,5,5,5,5,5,5,5,5,5,5,5,5,5,5,5,5,5,5,5
xgboost,10,7.0,0,reset,9,0.07301380884,91409.4,0.014093891340000001,0.018763602600000002,1668.0,0.05462096924,-0.0801145576,1665.6,1668.0,0.03521989490000001,1666.2,0.06348093624,1668.0,7.23417485082,984.9337816814201,7.4,679.8,0.91189680944,91409.4,132.0,2166.8,0.0009954904,4.09669039444,3.82651288582,1665.6,1668.0,4.05627610608,1666.2,4.11442896428,1668.0,0.9812363974,0.0,5,5,5,5,5,5,5,5,5,5,5,5,5,5,5,5,5,5,5,5,5,5,5,5,5,5,5,5,5,5,5,5,5
xgboost,10,7.0,0,reset,10,0.09303002744,91409.8,0.0178433949,0.024248026220000003,2141.8,0.030747324099999994,-0.16394619559999998,2140.2,2141.6,-0.015400617080000002,2140.4,0.01665963198,2141.8,7.03538342368,900.98005981066,7.2,539.5,0.8875979200399999,91409.8,91.2,2082.92,0.0015286575999999999,5.24226976962,4.856881640279999,2140.2,2141.6,5.153495213419999,2140.4,5.213579838399999,2141.8,0.9757519737799999,0.0,5,5,5,5,5,5,5,5,5,5,5,5,5,5,5,5,5,5,5,5,5,5,5,5,5,5,5,5,5,5,5,5,5
xgboost,10,7.0,0,retain,1,0.0928436002,91413.8,0.01510416728,0.0204825288,1806.6,-0.08662965922000002,-0.24487131788000002,1804.6,1806.6,-0.20043727132,1806.0,-0.1553789904,1806.6,7.173718990819999,961.05323990822,7.4,563.8,0.8910190030199999,91413.8,88.4,2162.68,0.00103322948,6.24856058204,5.937421612900001,1804.6,1806.6,6.02401752544,1806.0,6.1111785870999995,1806.6,0.9795174712,0.0,5,5,5,5,5,5,5,5,5,5,5,5,5,5,5,5,5,5,5,5,5,5,5,5,5,5,5,5,5,5,5,5,5
xgboost,10,7.0,0,retain,2,0.07470340728,91411.4,0.012305571740000002,0.016666376500000003,1479.0,0.03785959474,-0.18530534862,1478.8,1479.0,-0.06277691783999999,1478.8,-0.027346750359999998,1479.0,7.24838130646,970.7561304439599,7.6,659.8,0.9119999608,91411.4,128.8,2121.6,0.00099106018,5.2753973736,4.82977428198,1478.8,1479.0,5.0747925403,1478.8,5.1450276001,1479.0,0.9833336235000001,0.0,5,5,5,5,5,5,5,5,5,5,5,5,5,5,5,5,5,5,5,5,5,5,5,5,5,5,5,5,5,5,5,5,5
xgboost,10,7.0,0,retain,3,0.0707520796,91409.4,0.011961498939999999,0.015734121839999997,1379.4,-0.00978808962,-0.20513861246,1379.0,1379.4,-0.07805355378,1379.4,-0.03848437562,1379.4,7.37079202508,1017.0927293408,8.0,678.8,0.9163865894600001,91409.4,147.8,2120.2,0.00089983202,4.9128506313599996,4.525034075420001,1379.0,1379.4,4.7764159776,1379.4,4.85547625764,1379.4,0.9842658781600001,0.0,5,5,5,5,5,5,5,5,5,5,5,5,5,5,5,5,5,5,5,5,5,5,5,5,5,5,5,5,5,5,5,5,5
xgboost,10,7.0,0,retain,4,0.06961401878,91415.2,0.01120466194,0.014963557399999999,1309.8,0.0616449424,-0.18875533772,1308.8,1309.8,0.0061618679399999985,1309.2,0.0017323960599999965,1309.8,7.416139408339999,971.6651092862,8.0,672.2,0.9183534235799999,91415.2,148.4,2114.4,0.0008278957,4.58848221396,4.0874824249,1308.8,1309.8,4.4777444401799995,1309.2,4.46862923664,1309.8,0.9850364426,0.0,5,5,5,5,5,5,5,5,5,5,5,5,5,5,5,5,5,5,5,5,5,5,5,5,5,5,5,5,5,5,5,5,5
xgboost,10,7.0,0,retain,5,0.06882000636,91409.8,0.011824515800000001,0.015302341799999999,1346.4,0.05298893050000001,-0.16243316174,1345.4,1346.2,-0.0054742824,1346.2,0.0547385624,1346.4,7.384036398659999,964.61056564436,7.8,670.2,0.9185956728800001,91409.8,149.2,2086.9,0.0007598049,4.7018534796,4.27207704942,1345.4,1346.2,4.584960110660001,1346.2,4.70584798798,1346.4,0.9846976582,0.0,5,5,5,5,5,5,5,5,5,5,5,5,5,5,5,5,5,5,5,5,5,5,5,5,5,5,5,5,5,5,5,5,5
xgboost,10,7.0,0,retain,6,0.0677475202,91432.4,0.0115513201,0.0150852891,1340.0,0.0629977045,-0.25569867662,1339.4,1340.0,-0.04086540424,1339.8,0.00023014808000000332,1340.0,7.38527976374,946.86919538286,7.8,661.8,0.9197834539399998,91432.4,161.6,2035.0,0.0009177057199999999,4.5944748808,3.9578612491599996,1339.4,1340.0,4.38671282432,1339.8,4.4688834880599995,1340.0,0.9849147109,0.0,5,5,5,5,5,5,5,5,5,5,5,5,5,5,5,5,5,5,5,5,5,5,5,5,5,5,5,5,5,5,5,5,5
xgboost,10,7.0,0,retain,7,0.06684923756,91387.6,0.0125645343,0.016101545239999997,1428.4,0.014640466559999999,-0.19973329794,1427.2,1428.4,-0.05163146679999999,1427.8,0.01789736552,1428.4,7.32970796274,950.3092827430398,7.8,673.0,0.9198354314199999,91387.6,159.6,2055.4,0.0007507967,4.2293964944,3.80209124864,1427.2,1428.4,4.09762319714,1427.8,4.23593610284,1428.4,0.98389845476,0.0,5,5,5,5,5,5,5,5,5,5,5,5,5,5,5,5,5,5,5,5,5,5,5,5,5,5,5,5,5,5,5,5,5
xgboost,10,7.0,0,retain,8,0.06825331388,91407.2,0.01258256216,0.01649583352,1463.8,0.06973343809999999,-0.18423039096,1462.8,1463.8,0.029252550320000004,1463.2,0.05659970263999999,1463.8,7.24711083072,978.77562477176,7.2,678.8,0.91834372832,91407.2,150.8,2139.4,0.00082039566,4.18939955684,3.6859928738599996,1462.8,1463.8,4.1114773101,1463.2,4.16310199546,1463.8,0.98350416648,0.0,5,5,5,5,5,5,5,5,5,5,5,5,5,5,5,5,5,5,5,5,5,5,5,5,5,5,5,5,5,5,5,5,5
xgboost,10,7.0,0,retain,9,0.07301380884,91409.4,0.014093891340000001,0.018763602600000002,1668.0,0.05462096924,-0.0801145576,1665.6,1668.0,0.03521989490000001,1666.2,0.06348093624,1668.0,7.23417485082,984.9337816814201,7.4,679.8,0.91189680944,91409.4,132.0,2166.8,0.0009954904,4.09669039444,3.82651288582,1665.6,1668.0,4.05627610608,1666.2,4.11442896428,1668.0,0.9812363974,0.0,5,5,5,5,5,5,5,5,5,5,5,5,5,5,5,5,5,5,5,5,5,5,5,5,5,5,5,5,5,5,5,5,5
xgboost,10,7.0,0,retain,10,0.09303002744,91409.8,0.0178433949,0.024248026220000003,2141.8,0.030747324099999994,-0.16394619559999998,2140.2,2141.6,-0.015400617080000002,2140.4,0.01665963198,2141.8,7.03538342368,900.98005981066,7.2,539.5,0.8875979200399999,91409.8,91.2,2082.92,0.0015286575999999999,5.24226976962,4.856881640279999,2140.2,2141.6,5.153495213419999,2140.4,5.213579838399999,2141.8,0.9757519737799999,0.0,5,5,5,5,5,5,5,5,5,5,5,5,5,5,5,5,5,5,5,5,5,5,5,5,5,5,5,5,5,5,5,5,5
xgboost,10,7.0,1,reset,1,0.08980026616,91413.8,0.01457443476,0.01956860816,1743.2,-0.06663029914,-0.23585926123999998,1740.8,1743.2,-0.18226354036,1742.4,-0.15421698211999998,1453.8,7.1882316769,963.3407579484999,7.6,569.6,0.8946391915399999,91413.8,94.4,2164.8,0.00098610752,6.23513960054,5.905944144019999,1740.8,1743.2,6.0083741317,1742.4,5.92436003092,1453.8,0.98043139184,0.0,5,5,5,5,5,5,5,5,5,5,5,5,5,5,5,5,5,5,5,5,5,5,5,5,5,5,5,5,5,5,5,5,5
xgboost,10,7.0,1,reset,2,0.07464762484000001,91411.4,0.01226295156,0.01670244366,1477.0,0.07297967624,-0.20384831004,1476.6,1477.0,-0.04213585782,1476.6,-0.027372231579999996,1208.8,7.282221701199999,970.10634109848,7.8,658.6,0.91210075468,91411.4,129.6,2127.0,0.00098866894,5.2892435762200005,4.73683115216,1476.6,1477.0,5.06021303164,1476.6,4.97990046608,1208.8,0.9832975563399999,0.0,5,5,5,5,5,5,5,5,5,5,5,5,5,5,5,5,5,5,5,5,5,5,5,5,5,5,5,5,5,5,5,5,5
xgboost,10,7.0,1,reset,3,0.0710750662,91409.4,0.012264584980000002,0.01610317034,1417.4,-0.02627808458,-0.22066615173999998,1417.0,1417.4,-0.10737349753999999,1417.4,-0.04597146908000001,1159.6,7.323148690320001,1013.4535336797201,8.0,676.0,0.91575208898,91409.4,145.6,2117.4,0.0009082598399999999,4.85167454552,4.46215910596,1417.0,1417.4,4.68960097894,1417.4,4.737036682019999,1159.6,0.9838968296600001,0.0,5,5,5,5,5,5,5,5,5,5,5,5,5,5,5,5,5,5,5,5,5,5,5,5,5,5,5,5,5,5,5,5,5
xgboost,10,7.0,1,reset,4,0.07055954436,91415.2,0.01204096906,0.01582562374,1392.6,0.0194102463,-0.19572965902,1391.6,1392.4,-0.014170601359999997,1391.6,-0.007247227740000001,1130.6,7.366421799299999,970.62999334048,7.6,670.6,0.91651790098,91415.2,146.8,2112.2599999999998,0.00088158562,4.5649258319,4.13488231444,1391.6,1392.4,4.4979452934,1391.6,4.42949274452,1130.6,0.98417437626,0.0,5,5,5,5,5,5,5,5,5,5,5,5,5,5,5,5,5,5,5,5,5,5,5,5,5,5,5,5,5,5,5,5,5
xgboost,10,7.0,1,reset,5,0.06959537244,91409.8,0.01241405826,0.01619707726,1426.2,0.04098506044,-0.17833793998,1424.8,1426.0,-0.0072034041399999995,1425.6,0.06374183714,1167.8,7.302144525059999,963.03562000644,7.8,667.8,0.9171845730400001,91409.8,148.35999999999999,2084.46,0.00080599624,4.555644576020001,4.1200955095,1424.8,1426.0,4.46151615622,1425.6,4.502058337719999,1167.8,0.98380292274,0.0,5,5,5,5,5,5,5,5,5,5,5,5,5,5,5,5,5,5,5,5,5,5,5,5,5,5,5,5,5,5,5,5,5
xgboost,10,7.0,1,reset,6,0.06861132494,91432.4,0.0120412786,0.01560933408,1386.6,0.04558996486000001,-0.27007673198000004,1386.0,1386.6,-0.05026119728,1386.4,0.007422481219999999,1133.4,7.31791957742,945.5645892483201,7.6,660.2,0.91844000598,91432.4,161.2,2037.0,0.0009073904799999999,4.470516418600001,3.8398466444199997,1386.0,1386.6,4.2787303077,1386.4,4.3531223768,1133.4,0.98439066592,0.0,5,5,5,5,5,5,5,5,5,5,5,5,5,5,5,5,5,5,5,5,5,5,5,5,5,5,5,5,5,5,5,5,5
xgboost,10,7.0,1,reset,7,0.06771333296000001,91387.6,0.01283892386,0.016489277020000002,1455.6,0.053495999700000005,-0.20605929496000003,1454.4,1455.6,-0.015722387060000002,1454.8,0.06060474708,1196.8,7.27698324002,948.9877003240201,7.6,670.8,0.91867810502,91387.6,158.2,2055.96,0.0007696381799999999,4.2966560826,3.7789502066200003,1454.4,1455.6,4.15892554594,1454.8,4.24793680512,1196.8,0.98351072298,0.0,5,5,5,5,5,5,5,5,5,5,5,5,5,5,5,5,5,5,5,5,5,5,5,5,5,5,5,5,5,5,5,5,5
xgboost,10,7.0,1,reset,8,0.06822640826,91407.2,0.01244639226,0.01627598384,1439.2,0.055458858300000004,-0.18998799728000001,1437.6,1439.2,-0.020238386659999996,1438.0,0.024836616980000007,1176.2,7.28481845694,978.53719195288,7.4,677.8,0.9184674855000001,91407.2,149.2,2138.84,0.0008597139600000001,4.19960510904,3.7141892446200004,1437.6,1439.2,4.05210724642,1438.0,4.09533933162,1176.2,0.98372401616,0.0,5,5,5,5,5,5,5,5,5,5,5,5,5,5,5,5,5,5,5,5,5,5,5,5,5,5,5,5,5,5,5,5,5
xgboost,10,7.0,1,reset,9,0.07255669966,91409.4,0.01383974906,0.01824883856,1621.4,0.013765450479999997,-0.12192358494,1619.8,1621.4,0.01471406944,1620.2,0.048114689579999995,1346.6,7.2316377824,982.1317509646,7.6,678.6,0.91264137154,91409.4,132.6,2161.42,0.00096217978,4.0672383282,3.79297778798,1619.8,1621.4,4.06582042918,1620.2,4.02847696054,1346.6,0.9817511614400001,0.0,5,5,5,5,5,5,5,5,5,5,5,5,5,5,5,5,5,5,5,5,5,5,5,5,5,5,5,5,5,5,5,5,5
xgboost,10,7.0,1,reset,10,0.08982234272,91409.8,0.016520121699999998,0.022346759900000002,1981.2,0.011427840880000002,-0.15484410836,1979.4,1980.8,-0.01987695424,1979.6,0.01126520768,1658.6,7.118828773679999,906.16342485192,7.2,547.8,0.89221075732,91409.8,96.53999999999999,2081.48,0.00144677828,5.34973520156,5.02100379272,1979.4,1980.8,5.29033597194,1979.6,5.22986206618,1658.6,0.9776532401000001,0.0,5,5,5,5,5,5,5,5,5,5,5,5,5,5,5,5,5,5,5,5,5,5,5,5,5,5,5,5,5,5,5,5,5
xgboost,10,7.0,1,retain,1,0.08980026616,91413.8,0.01457443476,0.01956860816,1743.2,-0.06663029914,-0.23585926123999998,1740.8,1743.2,-0.18226354036,1742.4,-0.15421698211999998,1453.8,7.1882316769,963.3407579484999,7.6,569.6,0.8946391915399999,91413.8,94.4,2164.8,0.00098610752,6.23513960054,5.905944144019999,1740.8,1743.2,6.0083741317,1742.4,5.92436003092,1453.8,0.98043139184,0.0,5,5,5,5,5,5,5,5,5,5,5,5,5,5,5,5,5,5,5,5,5,5,5,5,5,5,5,5,5,5,5,5,5
xgboost,10,7.0,1,retain,2,0.07464762484000001,91411.4,0.01226295156,0.01670244366,1477.0,0.07297967624,-0.20384831004,1476.6,1477.0,-0.04213585782,1476.6,-0.027372231579999996,1208.8,7.282221701199999,970.10634109848,7.8,658.6,0.91210075468,91411.4,129.6,2127.0,0.00098866894,5.2892435762200005,4.73683115216,1476.6,1477.0,5.06021303164,1476.6,4.97990046608,1208.8,0.9832975563399999,0.0,5,5,5,5,5,5,5,5,5,5,5,5,5,5,5,5,5,5,5,5,5,5,5,5,5,5,5,5,5,5,5,5,5
xgboost,10,7.0,1,retain,3,0.0710750662,91409.4,0.012264584980000002,0.01610317034,1417.4,-0.02627808458,-0.22066615173999998,1417.0,1417.4,-0.10737349753999999,1417.4,-0.04597146908000001,1159.6,7.323148690320001,1013.4535336797201,8.0,676.0,0.91575208898,91409.4,145.6,2117.4,0.0009082598399999999,4.85167454552,4.46215910596,1417.0,1417.4,4.68960097894,1417.4,4.737036682019999,1159.6,0.9838968296600001,0.0,5,5,5,5,5,5,5,5,5,5,5,5,5,5,5,5,5,5,5,5,5,5,5,5,5,5,5,5,5,5,5,5,5
xgboost,10,7.0,1,retain,4,0.07055954436,91415.2,0.01204096906,0.01582562374,1392.6,0.0194102463,-0.19572965902,1391.6,1392.4,-0.014170601359999997,1391.6,-0.007247227740000001,1130.6,7.366421799299999,970.62999334048,7.6,670.6,0.91651790098,91415.2,146.8,2112.2599999999998,0.00088158562,4.5649258319,4.13488231444,1391.6,1392.4,4.4979452934,1391.6,4.42949274452,1130.6,0.98417437626,0.0,5,5,5,5,5,5,5,5,5,5,5,5,5,5,5,5,5,5,5,5,5,5,5,5,5,5,5,5,5,5,5,5,5
xgboost,10,7.0,1,retain,5,0.06959537244,91409.8,0.01241405826,0.01619707726,1426.2,0.04098506044,-0.17833793998,1424.8,1426.0,-0.0072034041399999995,1425.6,0.06374183714,1167.8,7.302144525059999,963.03562000644,7.8,667.8,0.9171845730400001,91409.8,148.35999999999999,2084.46,0.00080599624,4.555644576020001,4.1200955095,1424.8,1426.0,4.46151615622,1425.6,4.502058337719999,1167.8,0.98380292274,0.0,5,5,5,5,5,5,5,5,5,5,5,5,5,5,5,5,5,5,5,5,5,5,5,5,5,5,5,5,5,5,5,5,5
xgboost,10,7.0,1,retain,6,0.06861132494,91432.4,0.0120412786,0.01560933408,1386.6,0.04558996486000001,-0.27007673198000004,1386.0,1386.6,-0.05026119728,1386.4,0.007422481219999999,1133.4,7.31791957742,945.5645892483201,7.6,660.2,0.91844000598,91432.4,161.2,2037.0,0.0009073904799999999,4.470516418600001,3.8398466444199997,1386.0,1386.6,4.2787303077,1386.4,4.3531223768,1133.4,0.98439066592,0.0,5,5,5,5,5,5,5,5,5,5,5,5,5,5,5,5,5,5,5,5,5,5,5,5,5,5,5,5,5,5,5,5,5
xgboost,10,7.0,1,retain,7,0.06771333296000001,91387.6,0.01283892386,0.016489277020000002,1455.6,0.053495999700000005,-0.20605929496000003,1454.4,1455.6,-0.015722387060000002,1454.8,0.06060474708,1196.8,7.27698324002,948.9877003240201,7.6,670.8,0.91867810502,91387.6,158.2,2055.96,0.0007696381799999999,4.2966560826,3.7789502066200003,1454.4,1455.6,4.15892554594,1454.8,4.24793680512,1196.8,0.98351072298,0.0,5,5,5,5,5,5,5,5,5,5,5,5,5,5,5,5,5,5,5,5,5,5,5,5,5,5,5,5,5,5,5,5,5
xgboost,10,7.0,1,retain,8,0.06822640826,91407.2,0.01244639226,0.01627598384,1439.2,0.055458858300000004,-0.18998799728000001,1437.6,1439.2,-0.020238386659999996,1438.0,0.024836616980000007,1176.2,7.28481845694,978.53719195288,7.4,677.8,0.9184674855000001,91407.2,149.2,2138.84,0.0008597139600000001,4.19960510904,3.7141892446200004,1437.6,1439.2,4.05210724642,1438.0,4.09533933162,1176.2,0.98372401616,0.0,5,5,5,5,5,5,5,5,5,5,5,5,5,5,5,5,5,5,5,5,5,5,5,5,5,5,5,5,5,5,5,5,5
xgboost,10,7.0,1,retain,9,0.07255669966,91409.4,0.01383974906,0.01824883856,1621.4,0.013765450479999997,-0.12192358494,1619.8,1621.4,0.01471406944,1620.2,0.048114689579999995,1346.6,7.2316377824,982.1317509646,7.6,678.6,0.91264137154,91409.4,132.6,2161.42,0.00096217978,4.0672383282,3.79297778798,1619.8,1621.4,4.06582042918,1620.2,4.02847696054,1346.6,0.9817511614400001,0.0,5,5,5,5,5,5,5,5,5,5,5,5,5,5,5,5,5,5,5,5,5,5,5,5,5,5,5,5,5,5,5,5,5
xgboost,10,7.0,1,retain,10,0.08982234272,91409.8,0.016520121699999998,0.022346759900000002,1981.2,0.011427840880000002,-0.15484410836,1979.4,1980.8,-0.01987695424,1979.6,0.01126520768,1658.6,7.118828773679999,906.16342485192,7.2,547.8,0.89221075732,91409.8,96.53999999999999,2081.48,0.00144677828,5.34973520156,5.02100379272,1979.4,1980.8,5.29033597194,1979.6,5.22986206618,1658.6,0.9776532401000001,0.0,5,5,5,5,5,5,5,5,5,5,5,5,5,5,5,5,5,5,5,5,5,5,5,5,5,5,5,5,5,5,5,5,5
xgboost,10,7.0,5,reset,1,0.0862120491,91413.8,0.01364548716,0.01847348238,1649.4,-0.05660636672000001,-0.17503104566,1646.6,1649.2,-0.15805570562,1648.2,-0.030390618959999994,426.0,7.16132633454,956.8165774549401,7.2,563.6,0.89917307518,91413.8,100.4,2140.0,0.00096938854,6.1528828304,5.92604337298,1646.6,1649.2,5.9560116107,1648.2,5.65203949628,426.0,0.9815265176200001,0.0,5,5,5,5,5,5,5,5,5,5,5,5,5,5,5,5,5,5,5,5,5,5,5,5,5,5,5,5,5,5,5,5,5
xgboost,10,7.0,5,reset,2,0.0747226325,91411.4,0.012612878499999999,0.01686261026,1498.2,0.11492938278,-0.17035296614,1498.2,1498.2,0.004041542860000006,1498.2,0.0972790824,348.2,7.313961408820001,963.97352115534,7.8,653.6,0.9116828160000001,91411.4,128.2,2113.4,0.00098167298,5.48243310756,4.91215646492,1498.2,1498.2,5.2608544008400004,1498.2,4.86177617564,348.2,0.9831373897400001,0.0,5,5,5,5,5,5,5,5,5,5,5,5,5,5,5,5,5,5,5,5,5,5,5,5,5,5,5,5,5,5,5,5,5
xgboost,10,7.0,5,reset,3,0.0722401016,91409.4,0.01256992082,0.01655819402,1459.4,-0.004594864980000002,-0.17512473371999998,1459.2,1459.4,-0.08542026527999999,1459.4,0.0884082162,339.2,7.28894889434,1005.60405404686,7.6,666.4,0.9142996195800001,91409.4,139.6,2112.4,0.00089035798,4.70708953818,4.36520459644,1459.2,1459.4,4.54558000486,1459.4,4.34245189756,339.2,0.9834418059799999,0.0,5,5,5,5,5,5,5,5,5,5,5,5,5,5,5,5,5,5,5,5,5,5,5,5,5,5,5,5,5,5,5,5,5
xgboost,10,7.0,5,reset,4,0.07262578832,91415.2,0.012258478040000001,0.01631568484,1445.2,0.06561927446000002,-0.13079704252,1443.4,1444.6,0.014121129999999992,1443.4,0.09329924356,346.4,7.25986577602,970.3097844402,7.6,665.4,0.91418623684,91415.2,143.0,2113.6400000000003,0.0009294968000000001,4.3984773834999995,4.00620713916,1443.4,1444.6,4.2960405215,1443.4,4.0019745391,346.4,0.98368431516,0.0,5,5,5,5,5,5,5,5,5,5,5,5,5,5,5,5,5,5,5,5,5,5,5,5,5,5,5,5,5,5,5,5,5
xgboost,10,7.0,5,reset,5,0.07133107298,91409.8,0.01281380878,0.01682193874,1483.2,-0.019317744399999996,-0.20936116802,1482.0,1483.0,-0.04716716004,1482.4,0.08720674621999999,356.8,7.245534771299999,962.7931712101399,7.4,665.0,0.91504653728,91409.8,147.4,2094.3,0.00080858092,4.39465002428,4.01764877614,1482.0,1483.0,4.34101473558,1482.4,4.08187075096,356.8,0.98317806126,0.0,5,5,5,5,5,5,5,5,5,5,5,5,5,5,5,5,5,5,5,5,5,5,5,5,5,5,5,5,5,5,5,5,5
xgboost,10,7.0,5,reset,6,0.0694099197,91432.4,0.01250032308,0.01600819816,1418.6,0.09189851909999999,-0.20148541522000002,1417.2,1418.4,-0.032646686540000004,1417.4,0.14765953816,339.8,7.28940774904,944.54656122654,7.6,655.9,0.91718986356,91432.4,158.8,2039.2,0.00089989366,4.40363670674,3.81783985682,1417.2,1418.4,4.15476180084,1417.4,4.14699532466,339.8,0.98399180184,0.0,5,5,5,5,5,5,5,5,5,5,5,5,5,5,5,5,5,5,5,5,5,5,5,5,5,5,5,5,5,5,5,5,5
xgboost,10,7.0,5,reset,7,0.06847488134,91387.6,0.012875801240000002,0.01648576604,1460.4,-0.029763344659999996,-0.32890351754,1459.4,1460.2,-0.09208037492000001,1459.8,0.16693824214,361.2,7.2764193952400005,949.8563098991001,7.4,670.0,0.91781236718,91387.6,155.6,2065.34,0.0008369502000000001,4.23618185474,3.63920413966,1459.4,1460.2,4.11223291794,1459.8,4.24432689976,361.2,0.98351423396,0.0,5,5,5,5,5,5,5,5,5,5,5,5,5,5,5,5,5,5,5,5,5,5,5,5,5,5,5,5,5,5,5,5,5
xgboost,10,7.0,5,reset,8,0.06889677268,91407.2,0.01269877666,0.01650561688,1452.4,0.07381446682000001,-0.17482546102000002,1451.2,1452.4,-0.043919722779999996,1451.6,0.08679820072,339.2,7.29329204038,977.28217334544,7.8,675.4,0.91756876662,91407.2,147.0,2135.2,0.00083568398,4.29595269112,3.8016574253999997,1451.2,1452.4,4.06189169914,1451.6,4.02909522674,339.2,0.98349438312,0.0,5,5,5,5,5,5,5,5,5,5,5,5,5,5,5,5,5,5,5,5,5,5,5,5,5,5,5,5,5,5,5,5,5
xgboost,10,7.0,5,reset,9,0.07278974996000001,91409.4,0.013973394240000001,0.018073951659999997,1597.4,0.03620563458,-0.10495458261999999,1595.2,1597.2,0.03353616546,1595.2,0.11990553654,384.6,7.289094243479999,979.4559967699199,7.6,676.2,0.91232545,91409.4,134.4,2158.8,0.00091140578,4.29193713814,4.005684098960001,1595.2,1597.2,4.282674817439999,1595.2,4.49240709002,384.6,0.9819260483400001,0.0,5,5,5,5,5,5,5,5,5,5,5,5,5,5,5,5,5,5,5,5,5,5,5,5,5,5,5,5,5,5,5,5,5
xgboost,10,7.0,5,reset,10,0.08574524642,91409.8,0.01538893972,0.02084077084,1851.4,0.004288472099999996,-0.16708310814,1848.8,1850.2,-0.029452070680000008,1849.0,0.14445433412,516.6,7.136692915439999,909.7888281080201,7.2,556.6,0.8975397161800001,91409.8,103.2,2075.8,0.0013260977,5.4602027396,5.124651177780001,1848.8,1850.2,5.39924463116,1849.0,4.9974801795,516.6,0.9791592291600001,0.0,5,5,5,5,5,5,5,5,5,5,5,5,5,5,5,5,5,5,5,5,5,5,5,5,5,5,5,5,5,5,5,5,5
xgboost,10,7.0,5,retain,1,0.0862120491,91413.8,0.01364548716,0.01847348238,1649.4,-0.05660636672000001,-0.17503104566,1646.6,1649.2,-0.15805570562,1648.2,-0.030390618959999994,426.0,7.16132633454,956.8165774549401,7.2,563.6,0.89917307518,91413.8,100.4,2140.0,0.00096938854,6.1528828304,5.92604337298,1646.6,1649.2,5.9560116107,1648.2,5.65203949628,426.0,0.9815265176200001,0.0,5,5,5,5,5,5,5,5,5,5,5,5,5,5,5,5,5,5,5,5,5,5,5,5,5,5,5,5,5,5,5,5,5
xgboost,10,7.0,5,retain,2,0.0747226325,91411.4,0.012612878499999999,0.01686261026,1498.2,0.11492938278,-0.17035296614,1498.2,1498.2,0.004041542860000006,1498.2,0.0972790824,348.2,7.313961408820001,963.97352115534,7.8,653.6,0.9116828160000001,91411.4,128.2,2113.4,0.00098167298,5.48243310756,4.91215646492,1498.2,1498.2,5.2608544008400004,1498.2,4.86177617564,348.2,0.9831373897400001,0.0,5,5,5,5,5,5,5,5,5,5,5,5,5,5,5,5,5,5,5,5,5,5,5,5,5,5,5,5,5,5,5,5,5
xgboost,10,7.0,5,retain,3,0.0722401016,91409.4,0.01256992082,0.01655819402,1459.4,-0.004594864980000002,-0.17512473371999998,1459.2,1459.4,-0.08542026527999999,1459.4,0.0884082162,339.2,7.28894889434,1005.60405404686,7.6,666.4,0.9142996195800001,91409.4,139.6,2112.4,0.00089035798,4.70708953818,4.36520459644,1459.2,1459.4,4.54558000486,1459.4,4.34245189756,339.2,0.9834418059799999,0.0,5,5,5,5,5,5,5,5,5,5,5,5,5,5,5,5,5,5,5,5,5,5,5,5,5,5,5,5,5,5,5,5,5
xgboost,10,7.0,5,retain,4,0.07262578832,91415.2,0.012258478040000001,0.01631568484,1445.2,0.06561927446000002,-0.13079704252,1443.4,1444.6,0.014121129999999992,1443.4,0.09329924356,346.4,7.25986577602,970.3097844402,7.6,665.4,0.91418623684,91415.2,143.0,2113.6400000000003,0.0009294968000000001,4.3984773834999995,4.00620713916,1443.4,1444.6,4.2960405215,1443.4,4.0019745391,346.4,0.98368431516,0.0,5,5,5,5,5,5,5,5,5,5,5,5,5,5,5,5,5,5,5,5,5,5,5,5,5,5,5,5,5,5,5,5,5
xgboost,10,7.0,5,retain,5,0.07133107298,91409.8,0.01281380878,0.01682193874,1483.2,-0.019317744399999996,-0.20936116802,1482.0,1483.0,-0.04716716004,1482.4,0.08720674621999999,356.8,7.245534771299999,962.7931712101399,7.4,665.0,0.91504653728,91409.8,147.4,2094.3,0.00080858092,4.39465002428,4.01764877614,1482.0,1483.0,4.34101473558,1482.4,4.08187075096,356.8,0.98317806126,0.0,5,5,5,5,5,5,5,5,5,5,5,5,5,5,5,5,5,5,5,5,5,5,5,5,5,5,5,5,5,5,5,5,5
xgboost,10,7.0,5,retain,6,0.0694099197,91432.4,0.01250032308,0.01600819816,1418.6,0.09189851909999999,-0.20148541522000002,1417.2,1418.4,-0.032646686540000004,1417.4,0.14765953816,339.8,7.28940774904,944.54656122654,7.6,655.9,0.91718986356,91432.4,158.8,2039.2,0.00089989366,4.40363670674,3.81783985682,1417.2,1418.4,4.15476180084,1417.4,4.14699532466,339.8,0.98399180184,0.0,5,5,5,5,5,5,5,5,5,5,5,5,5,5,5,5,5,5,5,5,5,5,5,5,5,5,5,5,5,5,5,5,5
xgboost,10,7.0,5,retain,7,0.06847488134,91387.6,0.012875801240000002,0.01648576604,1460.4,-0.029763344659999996,-0.32890351754,1459.4,1460.2,-0.09208037492000001,1459.8,0.16693824214,361.2,7.2764193952400005,949.8563098991001,7.4,670.0,0.91781236718,91387.6,155.6,2065.34,0.0008369502000000001,4.23618185474,3.63920413966,1459.4,1460.2,4.11223291794,1459.8,4.24432689976,361.2,0.98351423396,0.0,5,5,5,5,5,5,5,5,5,5,5,5,5,5,5,5,5,5,5,5,5,5,5,5,5,5,5,5,5,5,5,5,5
xgboost,10,7.0,5,retain,8,0.06889677268,91407.2,0.01269877666,0.01650561688,1452.4,0.07381446682000001,-0.17482546102000002,1451.2,1452.4,-0.043919722779999996,1451.6,0.08679820072,339.2,7.29329204038,977.28217334544,7.8,675.4,0.91756876662,91407.2,147.0,2135.2,0.00083568398,4.29595269112,3.8016574253999997,1451.2,1452.4,4.06189169914,1451.6,4.02909522674,339.2,0.98349438312,0.0,5,5,5,5,5,5,5,5,5,5,5,5,5,5,5,5,5,5,5,5,5,5,5,5,5,5,5,5,5,5,5,5,5
xgboost,10,7.0,5,retain,9,0.07278974996000001,91409.4,0.013973394240000001,0.018073951659999997,1597.4,0.03620563458,-0.10495458261999999,1595.2,1597.2,0.03353616546,1595.2,0.11990553654,384.6,7.289094243479999,979.4559967699199,7.6,676.2,0.91232545,91409.4,134.4,2158.8,0.00091140578,4.29193713814,4.005684098960001,1595.2,1597.2,4.282674817439999,1595.2,4.49240709002,384.6,0.9819260483400001,0.0,5,5,5,5,5,5,5,5,5,5,5,5,5,5,5,5,5,5,5,5,5,5,5,5,5,5,5,5,5,5,5,5,5
xgboost,10,7.0,5,retain,10,0.08574524642,91409.8,0.01538893972,0.02084077084,1851.4,0.004288472099999996,-0.16708310814,1848.8,1850.2,-0.029452070680000008,1849.0,0.14445433412,516.6,7.136692915439999,909.7888281080201,7.2,556.6,0.8975397161800001,91409.8,103.2,2075.8,0.0013260977,5.4602027396,5.124651177780001,1848.8,1850.2,5.39924463116,1849.0,4.9974801795,516.6,0.9791592291600001,0.0,5,5,5,5,5,5,5,5,5,5,5,5,5,5,5,5,5,5,5,5,5,5,5,5,5,5,5,5,5,5,5,5,5
xgboost,10,,0,reset,1,0.028492566985000002,84344.95,0.003228272735,0.00407098375,343.3,-0.060644432680000006,-0.20657408300500002,342.85,343.25,-0.110414201655,343.25,-0.0020097014450000004,343.3,7.765916630945,2060.3479542355,8.05,1443.0,0.96800655943,84344.95,475.81499999999994,3933.7650000000003,0.00027260086499999997,3.42848151213,3.14202592753,342.85,343.25,3.32898946274,343.25,3.5459663227950005,343.3,0.9959290162500001,0.0,20,20,20,20,20,20,20,20,20,20,20,20,20,20,20,20,20,20,20,20,20,20,20,20,20,20,20,20,20,20,20,20,20
xgboost,10,,0,reset,2,0.034305687960000004,84336.75,0.0032757924600000004,0.004165751845,341.05,-0.06157229906,-0.15076362440500002,340.75,341.05,-0.06940868516,340.8,-0.004868577899999996,341.05,7.752734294525,1798.97651491631,8.1,1283.85,0.9621557275500001,84336.75,453.745,3428.1400000000003,0.00026279203,4.31290941368,4.13423445089,340.75,341.05,4.295005182755,340.8,4.4262538529499995,341.05,0.995834248155,0.0,20,20,20,20,20,20,20,20,20,20,20,20,20,20,20,20,20,20,20,20,20,20,20,20,20,20,20,20,20,20,20,20,20
xgboost,10,,0,reset,3,0.03967159445,84336.15,0.0038148402,0.0049604978699999995,410.05,0.027013488270000004,-0.17380583357999999,409.5,410.05,-0.04576343431,410.05,0.023761752345,410.05,7.78861384101,1438.12456592567,8.0,1076.3,0.9561859111300001,84336.15,388.425,2772.38,0.000327654215,4.626180943465,4.227917795110001,409.5,410.05,4.48069291935,410.05,4.6196422386850005,410.05,0.99503950213,0.0,20,20,20,20,20,20,20,20,20,20,20,20,20,20,20,20,20,20,20,20,20,20,20,20,20,20,20,20,20,20,20,20,20
xgboost,10,,0,reset,4,0.04240914563,84329.4,0.004825466825,0.006148780155,504.6,-0.07646151211499999,-0.31524803791,504.05,504.6,-0.21174263792999998,504.4,-0.07061338202,504.6,7.718199628704999,1172.65968800416,8.0,916.15,0.95234704725,84329.4,306.45,2289.55,0.00041834029999999995,4.886959565125,4.415668086275,504.05,504.6,4.619981966305,504.4,4.89863740442,504.6,0.993851219845,0.0,20,20,20,20,20,20,20,20,20,20,20,20,20,20,20,20,20,20,20,20,20,20,20,20,20,20,20,20,20,20,20,20,20
xgboost,10,,0,reset,5,0.049297473145,84344.3,0.005911264545,0.00763320324,620.2,-0.053007609525,-0.383786431315,619.65,620.15,-0.204610546255,619.75,-0.046504670655000004,620.2,7.737629797445,987.891608941175,8.05,771.5,0.94424184214,84344.3,246.10999999999999,1938.85,0.00054942018,5.17358707207,4.51298949483,619.65,620.15,4.870937337335,619.75,5.186469750075,620.2,0.9923667967600001,0.0,20,20,20,20,20,20,20,20,20,20,20,20,20,20,20,20,20,20,20,20,20,20,20,20,20,20,20,20,20,20,20,20,20
xgboost,10,,0,reset,6,0.047563171825,84337.85,0.00579225747,0.0074230222,603.3,-0.022251236794999997,-0.28996714625,602.45,603.3,-0.09427392546499999,603.05,0.009412743204999999,603.3,7.7229060856450005,947.7950771981699,8.05,747.35,0.946154173745,84337.85,231.95,1863.3349999999998,0.000490396935,5.237568406665,4.7047031588,602.45,603.3,5.09634605818,603.05,5.300890800355001,603.3,0.9925769778,0.0,20,20,20,20,20,20,20,20,20,20,20,20,20,20,20,20,20,20,20,20,20,20,20,20,20,20,20,20,20,20,20,20,20
xgboost,10,,0,reset,7,0.04401337774,84332.55,0.004603546365,0.0058437930700000005,471.6,-0.082795849215,-0.229506004775,470.55,471.55,-0.088425892445,471.0,-0.028315650715,471.6,7.743233462329999,1111.5156852067,8.075,870.925,0.95094401939,84332.55,289.25,2190.88,0.000439056515,4.89726432284,4.607407984975,470.55,471.55,4.887763238574999,471.0,5.00597591238,471.6,0.99415620693,0.0,20,20,20,20,20,20,20,20,20,20,20,20,20,20,20,20,20,20,20,20,20,20,20,20,20,20,20,20,20,20,20,20,20
xgboost,10,,0,reset,8,0.04095227229,84332.7,0.00352289675,0.0043643520649999995,359.1,-0.015786782895000004,-0.19525245021499998,358.6,359.1,-0.07207293752,358.95,0.02237790298,359.1,7.796095834880001,1341.91738793212,8.05,1044.7,0.9552289185099999,84332.7,369.605,2616.915,0.00029591244000000004,5.06969985896,4.72600037537,358.6,359.1,4.9619686541200005,358.95,5.146088589925,359.1,0.9956356479349999,0.0,20,20,20,20,20,20,20,20,20,20,20,20,20,20,20,20,20,20,20,20,20,20,20,20,20,20,20,20,20,20,20,20,20
xgboost,10,,0,reset,9,0.0353013378,84329.3,0.002930834995,0.00376819327,312.6,-0.04316570342,-0.21635510938499997,312.4,312.6,-0.106833157905,312.5,-0.015619497795000001,312.6,7.814010052815,1623.62414610596,8.0,1250.7,0.9614897764549999,84329.3,446.33000000000004,3129.2799999999997,0.000278050745,4.28178120955,3.9356452305399996,312.4,312.6,4.15510740695,312.5,4.33690928032,312.6,0.99623180673,0.0,20,20,20,20,20,20,20,20,20,20,20,20,20,20,20,20,20,20,20,20,20,20,20,20,20,20,20,20,20,20,20,20,20
xgboost,10,,0,reset,10,0.026503799760000002,84330.75,0.0031286006149999998,0.00394267052,334.6,0.057446141099999994,-0.006927533339999993,334.15,334.55,0.03604354302,334.4,0.07184088364999999,334.6,7.804045684075,1898.7506828700302,7.9,1414.45,0.9701100645649999,84330.75,458.03999999999996,3664.21,0.00025753506999999997,3.6363576530499997,3.5130937828500004,334.15,334.55,3.59399696964,334.4,3.665013855545,334.6,0.9960573294799999,0.0,20,20,20,20,20,20,20,20,20,20,20,20,20,20,20,20,20,20,20,20,20,20,20,20,20,20,20,20,20,20,20,20,20
xgboost,10,,0,retain,1,0.028492566985000002,84344.95,0.003228272735,0.00407098375,343.3,-0.060644432680000006,-0.20657408300500002,342.85,343.25,-0.110414201655,343.25,-0.0020097014450000004,343.3,7.765916630945,2060.3479542355,8.05,1443.0,0.96800655943,84344.95,475.81499999999994,3933.7650000000003,0.00027260086499999997,3.42848151213,3.14202592753,342.85,343.25,3.32898946274,343.25,3.5459663227950005,343.3,0.9959290162500001,0.0,20,20,20,20,20,20,20,20,20,20,20,20,20,20,20,20,20,20,20,20,20,20,20,20,20,20,20,20,20,20,20,20,20
xgboost,10,,0,retain,2,0.034305687960000004,84336.75,0.0032757924600000004,0.004165751845,341.05,-0.06157229906,-0.15076362440500002,340.75,341.05,-0.06940868516,340.8,-0.004868577899999996,341.05,7.752734294525,1798.97651491631,8.1,1283.85,0.9621557275500001,84336.75,453.745,3428.1400000000003,0.00026279203,4.31290941368,4.13423445089,340.75,341.05,4.295005182755,340.8,4.4262538529499995,341.05,0.995834248155,0.0,20,20,20,20,20,20,20,20,20,20,20,20,20,20,20,20,20,20,20,20,20,20,20,20,20,20,20,20,20,20,20,20,20
xgboost,10,,0,retain,3,0.03967159445,84336.15,0.0038148402,0.0049604978699999995,410.05,0.027013488270000004,-0.17380583357999999,409.5,410.05,-0.04576343431,410.05,0.023761752345,410.05,7.78861384101,1438.12456592567,8.0,1076.3,0.9561859111300001,84336.15,388.425,2772.38,0.000327654215,4.626180943465,4.227917795110001,409.5,410.05,4.48069291935,410.05,4.6196422386850005,410.05,0.99503950213,0.0,20,20,20,20,20,20,20,20,20,20,20,20,20,20,20,20,20,20,20,20,20,20,20,20,20,20,20,20,20,20,20,20,20
xgboost,10,,0,retain,4,0.04240914563,84329.4,0.004825466825,0.006148780155,504.6,-0.07646151211499999,-0.31524803791,504.05,504.6,-0.21174263792999998,504.4,-0.07061338202,504.6,7.718199628704999,1172.65968800416,8.0,916.15,0.95234704725,84329.4,306.45,2289.55,0.00041834029999999995,4.886959565125,4.415668086275,504.05,504.6,4.619981966305,504.4,4.89863740442,504.6,0.993851219845,0.0,20,20,20,20,20,20,20,20,20,20,20,20,20,20,20,20,20,20,20,20,20,20,20,20,20,20,20,20,20,20,20,20,20
xgboost,10,,0,retain,5,0.049297473145,84344.3,0.005911264545,0.00763320324,620.2,-0.053007609525,-0.383786431315,619.65,620.15,-0.204610546255,619.75,-0.046504670655000004,620.2,7.737629797445,987.891608941175,8.05,771.5,0.94424184214,84344.3,246.10999999999999,1938.85,0.00054942018,5.17358707207,4.51298949483,619.65,620.15,4.870937337335,619.75,5.186469750075,620.2,0.9923667967600001,0.0,20,20,20,20,20,20,20,20,20,20,20,20,20,20,20,20,20,20,20,20,20,20,20,20,20,20,20,20,20,20,20,20,20
xgboost,10,,0,retain,6,0.047563171825,84337.85,0.00579225747,0.0074230222,603.3,-0.022251236794999997,-0.28996714625,602.45,603.3,-0.09427392546499999,603.05,0.009412743204999999,603.3,7.7229060856450005,947.7950771981699,8.05,747.35,0.946154173745,84337.85,231.95,1863.3349999999998,0.000490396935,5.237568406665,4.7047031588,602.45,603.3,5.09634605818,603.05,5.300890800355001,603.3,0.9925769778,0.0,20,20,20,20,20,20,20,20,20,20,20,20,20,20,20,20,20,20,20,20,20,20,20,20,20,20,20,20,20,20,20,20,20
xgboost,10,,0,retain,7,0.04401337774,84332.55,0.004603546365,0.0058437930700000005,471.6,-0.082795849215,-0.229506004775,470.55,471.55,-0.088425892445,471.0,-0.028315650715,471.6,7.743233462329999,1111.5156852067,8.075,870.925,0.95094401939,84332.55,289.25,2190.88,0.000439056515,4.89726432284,4.607407984975,470.55,471.55,4.887763238574999,471.0,5.00597591238,471.6,0.99415620693,0.0,20,20,20,20,20,20,20,20,20,20,20,20,20,20,20,20,20,20,20,20,20,20,20,20,20,20,20,20,20,20,20,20,20
xgboost,10,,0,retain,8,0.04095227229,84332.7,0.00352289675,0.0043643520649999995,359.1,-0.015786782895000004,-0.19525245021499998,358.6,359.1,-0.07207293752,358.95,0.02237790298,359.1,7.796095834880001,1341.91738793212,8.05,1044.7,0.9552289185099999,84332.7,369.605,2616.915,0.00029591244000000004,5.06969985896,4.72600037537,358.6,359.1,4.9619686541200005,358.95,5.146088589925,359.1,0.9956356479349999,0.0,20,20,20,20,20,20,20,20,20,20,20,20,20,20,20,20,20,20,20,20,20,20,20,20,20,20,20,20,20,20,20,20,20
xgboost,10,,0,retain,9,0.0353013378,84329.3,0.002930834995,0.00376819327,312.6,-0.04316570342,-0.21635510938499997,312.4,312.6,-0.106833157905,312.5,-0.015619497795000001,312.6,7.814010052815,1623.62414610596,8.0,1250.7,0.9614897764549999,84329.3,446.33000000000004,3129.2799999999997,0.000278050745,4.28178120955,3.9356452305399996,312.4,312.6,4.15510740695,312.5,4.33690928032,312.6,0.99623180673,0.0,20,20,20,20,20,20,20,20,20,20,20,20,20,20,20,20,20,20,20,20,20,20,20,20,20,20,20,20,20,20,20,20,20
xgboost,10,,0,retain,10,0.026503799760000002,84330.75,0.0031286006149999998,0.00394267052,334.6,0.057446141099999994,-0.006927533339999993,334.15,334.55,0.03604354302,334.4,0.07184088364999999,334.6,7.804045684075,1898.7506828700302,7.9,1414.45,0.9701100645649999,84330.75,458.03999999999996,3664.21,0.00025753506999999997,3.6363576530499997,3.5130937828500004,334.15,334.55,3.59399696964,334.4,3.665013855545,334.6,0.9960573294799999,0.0,20,20,20,20,20,20,20,20,20,20,20,20,20,20,20,20,20,20,20,20,20,20,20,20,20,20,20,20,20,20,20,20,20
xgboost,10,,1,reset,1,0.03253100205,84344.95,0.0041466291,0.0052569562350000005,442.7,0.026421920180000003,-0.082620488135,442.2,442.6,-0.009985037374999997,442.55,0.07590256014499999,349.5,7.55610627912,2028.89520377636,7.95,1417.5,0.96301630528,84344.95,438.23999999999995,3905.22,0.00030606359,3.578843132915,3.36338615635,442.2,442.6,3.506000234385,442.55,3.6020650958749996,349.5,0.994743043765,0.0,20,20,20,20,20,20,20,20,20,20,20,20,20,20,20,20,20,20,20,20,20,20,20,20,20,20,20,20,20,20,20,20,20
xgboost,10,,1,reset,2,0.036210684395,84336.75,0.00396573956,0.005105668190000001,420.8,-0.006063461179999996,-0.07700525662499999,420.45,420.8,-0.0043470658049999935,420.6,0.04697862483,335.3,7.5386529718199995,1776.398760653045,7.95,1266.925,0.9595281590300001,84336.75,420.245,3407.65,0.00029541701,4.299885652635,4.157725424975,420.45,420.8,4.3016237176250005,420.6,4.292013876955,335.3,0.99489433181,0.0,20,20,20,20,20,20,20,20,20,20,20,20,20,20,20,20,20,20,20,20,20,20,20,20,20,20,20,20,20,20,20,20,20
xgboost,10,,1,reset,3,0.04110731964,84336.15,0.0046066635549999995,0.005981779405,494.0,0.09784428658000001,-0.118366538735,493.25,494.0,0.03047639813,494.0,0.09854543223500001,391.0,7.585233590084999,1421.915592891035,7.95,1063.15,0.953910592675,84336.15,365.2,2755.12,0.00037542410999999996,4.5877042674899995,4.159642346575,493.25,494.0,4.452999523865,494.0,4.51997156779,391.0,0.994018220595,0.0,20,20,20,20,20,20,20,20,20,20,20,20,20,20,20,20,20,20,20,20,20,20,20,20,20,20,20,20,20,20,20,20,20
xgboost,10,,1,reset,4,0.04444976199,84329.4,0.00552496699,0.007192861189999999,590.55,-0.070736744435,-0.30555886676,589.9,590.55,-0.178269193835,590.3,-0.02022123014,470.1,7.559252528715,1162.15190303499,7.9,905.45,0.9495751073450001,84329.4,293.75,2283.355,0.00045016366,4.500931284215,4.037604596835,589.9,590.55,4.289034264005,590.3,4.5117378149650005,470.1,0.9928071388099999,0.0,20,20,20,20,20,20,20,20,20,20,20,20,20,20,20,20,20,20,20,20,20,20,20,20,20,20,20,20,20,20,20,20,20
xgboost,10,,1,reset,5,0.051330376195000006,84344.3,0.0065818819,0.008753442255,709.3,-0.04329820894500001,-0.35457283617,708.65,709.25,-0.17164320887,708.7,-0.002060295540000004,564.8,7.589243543429999,980.948268199315,7.95,764.45,0.9415048100850001,84344.3,236.0,1934.105,0.0005829318150000001,4.79439396147,4.172359994184999,708.65,709.25,4.5381770850850005,708.7,4.76468858024,564.8,0.991246557745,0.0,20,20,20,20,20,20,20,20,20,20,20,20,20,20,20,20,20,20,20,20,20,20,20,20,20,20,20,20,20,20,20,20,20
xgboost,10,,1,reset,6,0.04940086452,84337.85,0.006358937815,0.008249892415,670.95,0.014762187570000002,-0.27622294945000003,670.0,670.95,-0.06991147491000001,670.65,0.06542713559499999,531.4,7.62189746257,942.837888187325,7.95,741.175,0.9436932042849999,84337.85,221.65,1863.595,0.00054699337,4.992830817665,4.41246896114,670.0,670.95,4.826003728925,670.65,5.004422963065,531.4,0.9917501075849999,0.0,20,20,20,20,20,20,20,20,20,20,20,20,20,20,20,20,20,20,20,20,20,20,20,20,20,20,20,20,20,20,20,20,20
xgboost,10,,1,reset,7,0.045976601195,84332.55,0.005025272565,0.006554638705,530.35,-0.031239027134999996,-0.21064787171,529.1,530.25,-0.028868073855,529.7,0.011319931885000004,419.35,7.6162174201849995,1102.57673445082,8.0,861.925,0.948516521685,84332.55,279.13,2185.395,0.00048160454499999994,4.77718970941,4.42176674025,529.1,530.25,4.782292104925,529.7,4.80659293983,419.35,0.9934453612949999,0.0,20,20,20,20,20,20,20,20,20,20,20,20,20,20,20,20,20,20,20,20,20,20,20,20,20,20,20,20,20,20,20,20,20
xgboost,10,,1,reset,8,0.042648340354999995,84332.7,0.0042318832399999996,0.005299644305,436.35,0.06373611596999999,-0.172411751115,435.7,436.35,-0.008451845945000001,436.1,0.078572415745,346.6,7.5846615847050005,1326.398509584685,7.925,1030.35,0.9527891978499999,84332.7,348.5,2606.665,0.00033057856000000003,5.130439861415001,4.67199164262,435.7,436.35,4.992262598825,436.1,5.102820766685,346.6,0.9947003556949999,0.0,20,20,20,20,20,20,20,20,20,20,20,20,20,20,20,20,20,20,20,20,20,20,20,20,20,20,20,20,20,20,20,20,20
xgboost,10,,1,reset,9,0.037016001615,84329.3,0.0037772698799999997,0.00481140283,402.65,0.04116216669,-0.11396174807,402.25,402.6,-0.013357622155000004,402.4,0.06333732087499999,320.75,7.5814007224,1602.384354926685,7.9,1233.65,0.958885174855,84329.3,413.505,3111.6099999999997,0.00032155366500000003,4.420894142755,4.110817467055,402.25,402.6,4.312130129714999,402.4,4.451970258175,320.75,0.99518859717,0.0,20,20,20,20,20,20,20,20,20,20,20,20,20,20,20,20,20,20,20,20,20,20,20,20,20,20,20,20,20,20,20,20,20
xgboost,10,,1,reset,10,0.0321760088,84330.75,0.0037822351249999996,0.00481016475,406.6,0.10416456531,0.0613711036,406.05,406.5,0.10793096289000001,406.25,0.13360918724999998,325.15,7.58588066065,1873.46547792803,7.85,1393.575,0.96373815162,84330.75,424.245,3640.8300000000004,0.00030360444,3.59670644563,3.5135686593549997,406.05,406.5,3.604240347025,406.25,3.638227008635,325.15,0.99518983525,0.0,20,20,20,20,20,20,20,20,20,20,20,20,20,20,20,20,20,20,20,20,20,20,20,20,20,20,20,20,20,20,20,20,20
xgboost,10,,1,retain,1,0.03253100205,84344.95,0.0041466291,0.0052569562350000005,442.7,0.026421920180000003,-0.082620488135,442.2,442.6,-0.009985037374999997,442.55,0.07590256014499999,349.5,7.55610627912,2028.89520377636,7.95,1417.5,0.96301630528,84344.95,438.23999999999995,3905.22,0.00030606359,3.578843132915,3.36338615635,442.2,442.6,3.506000234385,442.55,3.6020650958749996,349.5,0.994743043765,0.0,20,20,20,20,20,20,20,20,20,20,20,20,20,20,20,20,20,20,20,20,20,20,20,20,20,20,20,20,20,20,20,20,20
xgboost,10,,1,retain,2,0.036210684395,84336.75,0.00396573956,0.005105668190000001,420.8,-0.006063461179999996,-0.07700525662499999,420.45,420.8,-0.0043470658049999935,420.6,0.04697862483,335.3,7.5386529718199995,1776.398760653045,7.95,1266.925,0.9595281590300001,84336.75,420.245,3407.65,0.00029541701,4.299885652635,4.157725424975,420.45,420.8,4.3016237176250005,420.6,4.292013876955,335.3,0.99489433181,0.0,20,20,20,20,20,20,20,20,20,20,20,20,20,20,20,20,20,20,20,20,20,20,20,20,20,20,20,20,20,20,20,20,20
xgboost,10,,1,retain,3,0.04110731964,84336.15,0.0046066635549999995,0.005981779405,494.0,0.09784428658000001,-0.118366538735,493.25,494.0,0.03047639813,494.0,0.09854543223500001,391.0,7.585233590084999,1421.915592891035,7.95,1063.15,0.953910592675,84336.15,365.2,2755.12,0.00037542410999999996,4.5877042674899995,4.159642346575,493.25,494.0,4.452999523865,494.0,4.51997156779,391.0,0.994018220595,0.0,20,20,20,20,20,20,20,20,20,20,20,20,20,20,20,20,20,20,20,20,20,20,20,20,20,20,20,20,20,20,20,20,20
xgboost,10,,1,retain,4,0.04444976199,84329.4,0.00552496699,0.007192861189999999,590.55,-0.070736744435,-0.30555886676,589.9,590.55,-0.178269193835,590.3,-0.02022123014,470.1,7.559252528715,1162.15190303499,7.9,905.45,0.9495751073450001,84329.4,293.75,2283.355,0.00045016366,4.500931284215,4.037604596835,589.9,590.55,4.289034264005,590.3,4.5117378149650005,470.1,0.9928071388099999,0.0,20,20,20,20,20,20,20,20,20,20,20,20,20,20,20,20,20,20,20,20,20,20,20,20,20,20,20,20,20,20,20,20,20
xgboost,10,,1,retain,5,0.051330376195000006,84344.3,0.0065818819,0.008753442255,709.3,-0.04329820894500001,-0.35457283617,708.65,709.25,-0.17164320887,708.7,-0.002060295540000004,564.8,7.589243543429999,980.948268199315,7.95,764.45,0.9415048100850001,84344.3,236.0,1934.105,0.0005829318150000001,4.79439396147,4.172359994184999,708.65,709.25,4.5381770850850005,708.7,4.76468858024,564.8,0.991246557745,0.0,20,20,20,20,20,20,20,20,20,20,20,20,20,20,20,20,20,20,20,20,20,20,20,20,20,20,20,20,20,20,20,20,20
xgboost,10,,1,retain,6,0.04940086452,84337.85,0.006358937815,0.008249892415,670.95,0.014762187570000002,-0.27622294945000003,670.0,670.95,-0.06991147491000001,670.65,0.06542713559499999,531.4,7.62189746257,942.837888187325,7.95,741.175,0.9436932042849999,84337.85,221.65,1863.595,0.00054699337,4.992830817665,4.41246896114,670.0,670.95,4.826003728925,670.65,5.004422963065,531.4,0.9917501075849999,0.0,20,20,20,20,20,20,20,20,20,20,20,20,20,20,20,20,20,20,20,20,20,20,20,20,20,20,20,20,20,20,20,20,20
xgboost,10,,1,retain,7,0.045976601195,84332.55,0.005025272565,0.006554638705,530.35,-0.031239027134999996,-0.21064787171,529.1,530.25,-0.028868073855,529.7,0.011319931885000004,419.35,7.6162174201849995,1102.57673445082,8.0,861.925,0.948516521685,84332.55,279.13,2185.395,0.00048160454499999994,4.77718970941,4.42176674025,529.1,530.25,4.782292104925,529.7,4.80659293983,419.35,0.9934453612949999,0.0,20,20,20,20,20,20,20,20,20,20,20,20,20,20,20,20,20,20,20,20,20,20,20,20,20,20,20,20,20,20,20,20,20
xgboost,10,,1,retain,8,0.042648340354999995,84332.7,0.0042318832399999996,0.005299644305,436.35,0.06373611596999999,-0.172411751115,435.7,436.35,-0.008451845945000001,436.1,0.078572415745,346.6,7.5846615847050005,1326.398509584685,7.925,1030.35,0.9527891978499999,84332.7,348.5,2606.665,0.00033057856000000003,5.130439861415001,4.67199164262,435.7,436.35,4.992262598825,436.1,5.102820766685,346.6,0.9947003556949999,0.0,20,20,20,20,20,20,20,20,20,20,20,20,20,20,20,20,20,20,20,20,20,20,20,20,20,20,20,20,20,20,20,20,20
xgboost,10,,1,retain,9,0.037016001615,84329.3,0.0037772698799999997,0.00481140283,402.65,0.04116216669,-0.11396174807,402.25,402.6,-0.013357622155000004,402.4,0.06333732087499999,320.75,7.5814007224,1602.384354926685,7.9,1233.65,0.958885174855,84329.3,413.505,3111.6099999999997,0.00032155366500000003,4.420894142755,4.110817467055,402.25,402.6,4.312130129714999,402.4,4.451970258175,320.75,0.99518859717,0.0,20,20,20,20,20,20,20,20,20,20,20,20,20,20,20,20,20,20,20,20,20,20,20,20,20,20,20,20,20,20,20,20,20
xgboost,10,,1,retain,10,0.0321760088,84330.75,0.0037822351249999996,0.00481016475,406.6,0.10416456531,0.0613711036,406.05,406.5,0.10793096289000001,406.25,0.13360918724999998,325.15,7.58588066065,1873.46547792803,7.85,1393.575,0.96373815162,84330.75,424.245,3640.8300000000004,0.00030360444,3.59670644563,3.5135686593549997,406.05,406.5,3.604240347025,406.25,3.638227008635,325.15,0.99518983525,0.0,20,20,20,20,20,20,20,20,20,20,20,20,20,20,20,20,20,20,20,20,20,20,20,20,20,20,20,20,20,20,20,20,20
xgboost,10,,5,reset,1,0.041356469855,84344.95,0.0057762949450000005,0.00758646248,642.9,0.01992479241,-0.030207245720000005,641.5,642.55,0.054880255880000006,642.45,0.12029709829500002,126.7,7.51971967412,1947.496574804425,7.9,1348.625,0.9524622602399999,84344.95,324.27,3830.870000000005,0.000404974945,3.181590665915,3.08378453723,641.5,642.55,3.2512885949649997,642.45,3.09690064825,126.7,0.99241353752,0.0,20,20,20,20,20,20,20,20,20,20,20,20,20,20,20,20,20,20,20,20,20,20,20,20,20,20,20,20,20,20,20,20,20
xgboost,10,,5,reset,2,0.042368159655,84336.75,0.00523634991,0.0068421909099999996,566.45,-0.004090317584999993,-0.09808749721,566.15,566.45,-0.03642817991,566.3,0.13470719597,119.1,7.472334838405,1704.87454712024,7.9,1211.675,0.95200911472,84336.75,328.25,3329.0,0.000386375715,4.178052489195,3.9892800340599996,566.15,566.45,4.11224330582,566.3,3.8884322506049998,119.1,0.9931578090900001,0.0,20,20,20,20,20,20,20,20,20,20,20,20,20,20,20,20,20,20,20,20,20,20,20,20,20,20,20,20,20,20,20,20,20
xgboost,10,,5,reset,3,0.046242185214999995,84336.15,0.00591171524,0.007714554325,635.35,0.04022919787,-0.16412736911499998,634.5,635.35,-0.0364891063,635.35,0.196082023835,128.45,7.4780305101549995,1372.73223351811,7.9,1017.4,0.9474067388,84336.15,298.62,2713.33,0.00043936076,4.31205473872,3.90695886998,634.5,635.35,4.15863863074,635.35,4.10207585468,128.45,0.9922854456750001,0.0,20,20,20,20,20,20,20,20,20,20,20,20,20,20,20,20,20,20,20,20,20,20,20,20,20,20,20,20,20,20,20,20,20
xgboost,10,,5,reset,4,0.04932181518,84329.4,0.00674085302,0.008915032795,736.3,-0.040779420045,-0.25117165292,735.25,736.3,-0.10562829243,735.7,0.12170251591999999,148.95,7.475847768305,1132.844777107775,8.0,870.625,0.9434153588899999,84329.4,254.94,2267.58,0.0005219729,4.285081486419999,3.8690375843749996,735.25,736.3,4.15899649367,735.7,4.09646553448,148.95,0.9910849672050001,0.0,20,20,20,20,20,20,20,20,20,20,20,20,20,20,20,20,20,20,20,20,20,20,20,20,20,20,20,20,20,20,20,20,20
xgboost,10,,5,reset,5,0.055029466345,84344.3,0.007697044259999999,0.010319333275,834.55,-0.04766179044,-0.365387169535,833.3,834.45,-0.17714071380000002,833.65,0.16374192098,172.05,7.505015752289999,967.6980579812,7.85,746.6,0.93662425337,84344.3,208.35,1938.1,0.00064923602,4.626726269924999,3.99153062914,833.3,834.45,4.36840318861,833.65,4.432183678865,172.05,0.9896806667250001,0.0,20,20,20,20,20,20,20,20,20,20,20,20,20,20,20,20,20,20,20,20,20,20,20,20,20,20,20,20,20,20,20,20,20
xgboost,10,,5,reset,6,0.05356504616,84337.85,0.007298939105000001,0.00958809325,781.2,0.031203419085,-0.31489014450999997,780.25,781.15,-0.123518595625,780.85,0.162850211155,157.3,7.517934080665,933.48612793409,7.95,723.9,0.938463887435,84337.85,202.85999999999999,1874.395,0.000672127305,4.70381476994,4.011854934645,780.25,781.15,4.39419778715,780.85,4.31411243462,157.3,0.99041190675,0.0,20,20,20,20,20,20,20,20,20,20,20,20,20,20,20,20,20,20,20,20,20,20,20,20,20,20,20,20,20,20,20,20,20
xgboost,10,,5,reset,7,0.05086893696,84332.55,0.00613854747,0.00812666888,659.85,0.005118227669999998,-0.199496478375,658.6,659.65,0.00610016903,658.9,0.10030385162,133.35,7.511924871485,1076.98209792709,8.0,832.95,0.9424858331799999,84332.55,240.26500000000001,2174.08,0.000506682385,4.623631690575,4.21575619811,658.6,659.65,4.626575211915,658.9,4.27839861243,133.35,0.9918733311200001,0.0,20,20,20,20,20,20,20,20,20,20,20,20,20,20,20,20,20,20,20,20,20,20,20,20,20,20,20,20,20,20,20,20,20
xgboost,10,,5,reset,8,0.04762404185,84332.7,0.0054870930749999994,0.007078216565000001,581.05,0.07142620672500001,-0.170882130355,580.15,581.05,-0.022642686329999995,580.65,0.18284006102,126.95,7.434404513395,1280.08003933495,7.8,983.5,0.946467006455,84332.7,292.95,2567.945,0.00042185859,4.83639762322,4.3642006507,580.15,581.05,4.654689309005,580.65,4.625599017985,126.95,0.992921783435,0.0,20,20,20,20,20,20,20,20,20,20,20,20,20,20,20,20,20,20,20,20,20,20,20,20,20,20,20,20,20,20,20,20,20
xgboost,10,,5,reset,9,0.0437194061,84329.3,0.00508273619,0.00663578905,552.05,0.038076838565,-0.10418312101,551.35,551.8,0.029622086115,551.55,0.16614628171,118.0,7.518671994035,1536.9647647320048,7.875,1180.6,0.95074982581,84329.3,320.9,3054.25,0.000448031885,4.042953961945,3.76152882324,551.35,551.8,4.027591908374999,551.55,3.7336959808700003,118.0,0.9933642109499999,0.0,20,20,20,20,20,20,20,20,20,20,20,20,20,20,20,20,20,20,20,20,20,20,20,20,20,20,20,20,20,20,20,20,20
xgboost,10,,5,reset,10,0.042006189375,84330.75,0.00530223132,0.007087148140000001,598.0,0.11168801748500001,0.08867883260000001,596.75,597.65,0.108774079745,596.9,0.21483508172,122.6,7.47466179451,1797.237472476665,7.8,1328.55,0.9522969324249999,84330.75,323.06,3572.16,0.00039464689000000004,3.039928232305,2.995274760715,596.75,597.65,3.0354229504749997,596.9,3.045888741225,122.6,0.9929128518600001,0.0,20,20,20,20,20,20,20,20,20,20,20,20,20,20,20,20,20,20,20,20,20,20,20,20,20,20,20,20,20,20,20,20,20
xgboost,10,,5,retain,1,0.041356469855,84344.95,0.0057762949450000005,0.00758646248,642.9,0.01992479241,-0.030207245720000005,641.5,642.55,0.054880255880000006,642.45,0.12029709829500002,126.7,7.51971967412,1947.496574804425,7.9,1348.625,0.9524622602399999,84344.95,324.27,3830.870000000005,0.000404974945,3.181590665915,3.08378453723,641.5,642.55,3.2512885949649997,642.45,3.09690064825,126.7,0.99241353752,0.0,20,20,20,20,20,20,20,20,20,20,20,20,20,20,20,20,20,20,20,20,20,20,20,20,20,20,20,20,20,20,20,20,20
xgboost,10,,5,retain,2,0.042368159655,84336.75,0.00523634991,0.0068421909099999996,566.45,-0.004090317584999993,-0.09808749721,566.15,566.45,-0.03642817991,566.3,0.13470719597,119.1,7.472334838405,1704.87454712024,7.9,1211.675,0.95200911472,84336.75,328.25,3329.0,0.000386375715,4.178052489195,3.9892800340599996,566.15,566.45,4.11224330582,566.3,3.8884322506049998,119.1,0.9931578090900001,0.0,20,20,20,20,20,20,20,20,20,20,20,20,20,20,20,20,20,20,20,20,20,20,20,20,20,20,20,20,20,20,20,20,20
xgboost,10,,5,retain,3,0.046242185214999995,84336.15,0.00591171524,0.007714554325,635.35,0.04022919787,-0.16412736911499998,634.5,635.35,-0.0364891063,635.35,0.196082023835,128.45,7.4780305101549995,1372.73223351811,7.9,1017.4,0.9474067388,84336.15,298.62,2713.33,0.00043936076,4.31205473872,3.90695886998,634.5,635.35,4.15863863074,635.35,4.10207585468,128.45,0.9922854456750001,0.0,20,20,20,20,20,20,20,20,20,20,20,20,20,20,20,20,20,20,20,20,20,20,20,20,20,20,20,20,20,20,20,20,20
xgboost,10,,5,retain,4,0.04932181518,84329.4,0.00674085302,0.008915032795,736.3,-0.040779420045,-0.25117165292,735.25,736.3,-0.10562829243,735.7,0.12170251591999999,148.95,7.475847768305,1132.844777107775,8.0,870.625,0.9434153588899999,84329.4,254.94,2267.58,0.0005219729,4.285081486419999,3.8690375843749996,735.25,736.3,4.15899649367,735.7,4.09646553448,148.95,0.9910849672050001,0.0,20,20,20,20,20,20,20,20,20,20,20,20,20,20,20,20,20,20,20,20,20,20,20,20,20,20,20,20,20,20,20,20,20
xgboost,10,,5,retain,5,0.055029466345,84344.3,0.007697044259999999,0.010319333275,834.55,-0.04766179044,-0.365387169535,833.3,834.45,-0.17714071380000002,833.65,0.16374192098,172.05,7.505015752289999,967.6980579812,7.85,746.6,0.93662425337,84344.3,208.35,1938.1,0.00064923602,4.626726269924999,3.99153062914,833.3,834.45,4.36840318861,833.65,4.432183678865,172.05,0.9896806667250001,0.0,20,20,20,20,20,20,20,20,20,20,20,20,20,20,20,20,20,20,20,20,20,20,20,20,20,20,20,20,20,20,20,20,20
xgboost,10,,5,retain,6,0.05356504616,84337.85,0.007298939105000001,0.00958809325,781.2,0.031203419085,-0.31489014450999997,780.25,781.15,-0.123518595625,780.85,0.162850211155,157.3,7.517934080665,933.48612793409,7.95,723.9,0.938463887435,84337.85,202.85999999999999,1874.395,0.000672127305,4.70381476994,4.011854934645,780.25,781.15,4.39419778715,780.85,4.31411243462,157.3,0.99041190675,0.0,20,20,20,20,20,20,20,20,20,20,20,20,20,20,20,20,20,20,20,20,20,20,20,20,20,20,20,20,20,20,20,20,20
xgboost,10,,5,retain,7,0.05086893696,84332.55,0.00613854747,0.00812666888,659.85,0.005118227669999998,-0.199496478375,658.6,659.65,0.00610016903,658.9,0.10030385162,133.35,7.511924871485,1076.98209792709,8.0,832.95,0.9424858331799999,84332.55,240.26500000000001,2174.08,0.000506682385,4.623631690575,4.21575619811,658.6,659.65,4.626575211915,658.9,4.27839861243,133.35,0.9918733311200001,0.0,20,20,20,20,20,20,20,20,20,20,20,20,20,20,20,20,20,20,20,20,20,20,20,20,20,20,20,20,20,20,20,20,20
xgboost,10,,5,retain,8,0.04762404185,84332.7,0.0054870930749999994,0.007078216565000001,581.05,0.07142620672500001,-0.170882130355,580.15,581.05,-0.022642686329999995,580.65,0.18284006102,126.95,7.434404513395,1280.08003933495,7.8,983.5,0.946467006455,84332.7,292.95,2567.945,0.00042185859,4.83639762322,4.3642006507,580.15,581.05,4.654689309005,580.65,4.625599017985,126.95,0.992921783435,0.0,20,20,20,20,20,20,20,20,20,20,20,20,20,20,20,20,20,20,20,20,20,20,20,20,20,20,20,20,20,20,20,20,20
xgboost,10,,5,retain,9,0.0437194061,84329.3,0.00508273619,0.00663578905,552.05,0.038076838565,-0.10418312101,551.35,551.8,0.029622086115,551.55,0.16614628171,118.0,7.518671994035,1536.9647647320048,7.875,1180.6,0.95074982581,84329.3,320.9,3054.25,0.000448031885,4.042953961945,3.76152882324,551.35,551.8,4.027591908374999,551.55,3.7336959808700003,118.0,0.9933642109499999,0.0,20,20,20,20,20,20,20,20,20,20,20,20,20,20,20,20,20,20,20,20,20,20,20,20,20,20,20,20,20,20,20,20,20
xgboost,10,,5,retain,10,0.042006189375,84330.75,0.00530223132,0.007087148140000001,598.0,0.11168801748500001,0.08867883260000001,596.75,597.65,0.108774079745,596.9,0.21483508172,122.6,7.47466179451,1797.237472476665,7.8,1328.55,0.9522969324249999,84330.75,323.06,3572.16,0.00039464689000000004,3.039928232305,2.995274760715,596.75,597.65,3.0354229504749997,596.9,3.045888741225,122.6,0.9929128518600001,0.0,20,20,20,20,20,20,20,20,20,20,20,20,20,20,20,20,20,20,20,20,20,20,20,20,20,20,20,20,20,20,20,20,20
xgboost,20,7.0,0,reset,1,0.14150593804,91239.2,0.04056444648,0.058940894519999995,5303.4,-0.07102792066,-0.27803828216,5300.8,5303.4,-0.19968178752000001,5303.0,-0.20996055912,5303.4,12.68243320156,1043.0710211405199,12.8,681.6,0.81463012366,91239.2,95.6,2297.68,0.0032994918999999998,5.47282087616,5.06119021554,5300.8,5303.4,5.21595291154,5303.0,5.19512410804,5303.4,0.9410591054799999,0.0,5,5,5,5,5,5,5,5,5,5,5,5,5,5,5,5,5,5,5,5,5,5,5,5,5,5,5,5,5,5,5,5,5
xgboost,20,7.0,0,reset,2,0.12229706132,91239.4,0.037652133639999995,0.05136101844,4512.2,-0.11360522364,-0.38425266826,4511.0,4512.2,-0.27986880259999997,4511.6,-0.24581466586,4512.2,13.033378007120001,1061.5095993963,13.4,740.1,0.8370125543,91239.4,153.8,2236.4,0.00303825078,5.11665186626,4.57736910828,4511.0,4512.2,4.78462593926,4511.6,4.852410240039999,4512.2,0.94863898156,0.0,5,5,5,5,5,5,5,5,5,5,5,5,5,5,5,5,5,5,5,5,5,5,5,5,5,5,5,5,5,5,5,5,5
xgboost,20,7.0,0,reset,3,0.11926894092,91240.4,0.03761260678,0.0508599267,4466.2,-0.10886926834000002,-0.30970305624,4464.6,4466.2,-0.2120088092,4465.4,-0.2060330541,4466.2,13.12666869268,1052.9835001955,13.6,727.8,0.84019650416,91240.4,152.6,2255.52,0.00292194812,5.1147028275799995,4.71503002556,4464.6,4466.2,4.90991953366,4465.4,4.92048640028,4466.2,0.9491400733,0.0,5,5,5,5,5,5,5,5,5,5,5,5,5,5,5,5,5,5,5,5,5,5,5,5,5,5,5,5,5,5,5,5,5
xgboost,20,7.0,0,reset,4,0.1188686114,91231.0,0.036925737400000005,0.04995434662,4364.4,-0.12199127766,-0.3960984834,4361.6,4364.0,-0.25200522886,4363.8,-0.24273760969999997,4364.4,13.01546972914,1024.80419408834,13.6,714.0,0.8412494089000001,91231.0,152.8,2199.6,0.0029562422799999997,5.03711154588,4.49179631858,4361.6,4364.0,4.777105562,4363.8,4.796045513299999,4364.4,0.9500456533799999,0.0,5,5,5,5,5,5,5,5,5,5,5,5,5,5,5,5,5,5,5,5,5,5,5,5,5,5,5,5,5,5,5,5,5
xgboost,20,7.0,0,reset,5,0.11740607862,91235.8,0.037680138360000004,0.05053697976,4426.6,-0.13343788892,-0.45619702918,4425.0,4426.6,-0.2938842615,4425.2,-0.30069034364,4426.6,13.1074836578,995.47344313052,13.6,680.6,0.84174215274,91235.8,151.8,2162.7,0.0031716303,4.9568050358999995,4.3111266825,4425.0,4426.6,4.6360128303,4425.2,4.62232818462,4426.6,0.94946302024,0.0,5,5,5,5,5,5,5,5,5,5,5,5,5,5,5,5,5,5,5,5,5,5,5,5,5,5,5,5,5,5,5,5,5
xgboost,20,7.0,0,reset,6,0.11914184934000001,91240.0,0.03833953204,0.051086295819999995,4501.4,-0.15018375322000002,-0.45873984312000005,4497.8,4501.2,-0.30273079306,4500.2,-0.30797276052,4501.4,13.03167320786,951.32625094254,13.4,661.0,0.83914884668,91240.0,153.2,2057.2,0.00336977194,4.8156940761,4.19801059052,4497.8,4501.2,4.510535626499999,4500.2,4.49963863414,4501.4,0.94891370418,0.0,5,5,5,5,5,5,5,5,5,5,5,5,5,5,5,5,5,5,5,5,5,5,5,5,5,5,5,5,5,5,5,5,5
xgboost,20,7.0,0,reset,7,0.11828306706,91234.0,0.04088554534,0.05369492233999999,4718.4,-0.07966311699999999,-0.44001195524,4716.6,4718.4,-0.2504441058,4717.8,-0.2908342741,4718.4,13.205374850800002,950.84450856006,13.4,660.2,0.8373102938800001,91234.0,156.8,2075.34,0.00352109372,4.69732888382,3.97795600698,4716.6,4718.4,4.35563254806,4717.8,4.2748407132,4718.4,0.9463050776599999,0.0,5,5,5,5,5,5,5,5,5,5,5,5,5,5,5,5,5,5,5,5,5,5,5,5,5,5,5,5,5,5,5,5,5
xgboost,20,7.0,0,reset,8,0.11813340716000001,91235.0,0.04202593736,0.0543594405,4789.0,-0.12218887490000001,-0.43579959132,4788.0,4788.4,-0.26921892222,4788.0,-0.2718711066,4789.0,13.0633056372,968.35515253616,13.4,674.2,0.8367454756000001,91235.0,156.57999999999998,2105.4,0.0030951799,4.702417943,4.07485071194,4788.0,4788.4,4.40807815254,4788.0,4.40292382326,4789.0,0.9456405594999999,0.0,5,5,5,5,5,5,5,5,5,5,5,5,5,5,5,5,5,5,5,5,5,5,5,5,5,5,5,5,5,5,5,5,5
xgboost,20,7.0,0,reset,9,0.11988609077999998,91240.8,0.0398626523,0.052713561340000006,4686.6,-0.04821007504000001,-0.31441667342,4685.2,4686.6,-0.15270573012,4685.8,-0.19540766756,4686.6,13.03061050332,999.6876363499601,13.4,699.0,0.83738651646,91240.8,152.8,2189.2,0.00286474046,5.18728637126,4.654476970719999,4685.2,4686.6,4.9776390587199995,4685.8,4.89273418124,4686.6,0.94728643866,0.0,5,5,5,5,5,5,5,5,5,5,5,5,5,5,5,5,5,5,5,5,5,5,5,5,5,5,5,5,5,5,5,5,5
xgboost,20,7.0,0,reset,10,0.13359059358,91232.4,0.04075563222,0.054580322540000004,4828.4,-0.09170365424000002,-0.31172004414,4827.4,4828.2,-0.17231777906,4827.6,-0.21832178502000002,4828.4,12.744883443800001,1005.0313743383,13.0,670.0,0.82239396738,91232.4,123.2,2270.2200000000003,0.00325980682,6.2684482377199995,5.828930028059999,4827.4,4828.2,6.1073839647,4827.6,6.01516408196,4828.4,0.94541967746,0.0,5,5,5,5,5,5,5,5,5,5,5,5,5,5,5,5,5,5,5,5,5,5,5,5,5,5,5,5,5,5,5,5,5
xgboost,20,7.0,0,retain,1,0.14150593804,91239.2,0.04056444648,0.058940894519999995,5303.4,-0.07102792066,-0.27803828216,5300.8,5303.4,-0.19968178752000001,5303.0,-0.20996055912,5303.4,12.68243320156,1043.0710211405199,12.8,681.6,0.81463012366,91239.2,95.6,2297.68,0.0032994918999999998,5.47282087616,5.06119021554,5300.8,5303.4,5.21595291154,5303.0,5.19512410804,5303.4,0.9410591054799999,0.0,5,5,5,5,5,5,5,5,5,5,5,5,5,5,5,5,5,5,5,5,5,5,5,5,5,5,5,5,5,5,5,5,5
xgboost,20,7.0,0,retain,2,0.12229706132,91239.4,0.037652133639999995,0.05136101844,4512.2,-0.11360522364,-0.38425266826,4511.0,4512.2,-0.27986880259999997,4511.6,-0.24581466586,4512.2,13.033378007120001,1061.5095993963,13.4,740.1,0.8370125543,91239.4,153.8,2236.4,0.00303825078,5.11665186626,4.57736910828,4511.0,4512.2,4.78462593926,4511.6,4.852410240039999,4512.2,0.94863898156,0.0,5,5,5,5,5,5,5,5,5,5,5,5,5,5,5,5,5,5,5,5,5,5,5,5,5,5,5,5,5,5,5,5,5
xgboost,20,7.0,0,retain,3,0.11926894092,91240.4,0.03761260678,0.0508599267,4466.2,-0.10886926834000002,-0.30970305624,4464.6,4466.2,-0.2120088092,4465.4,-0.2060330541,4466.2,13.12666869268,1052.9835001955,13.6,727.8,0.84019650416,91240.4,152.6,2255.52,0.00292194812,5.1147028275799995,4.71503002556,4464.6,4466.2,4.90991953366,4465.4,4.92048640028,4466.2,0.9491400733,0.0,5,5,5,5,5,5,5,5,5,5,5,5,5,5,5,5,5,5,5,5,5,5,5,5,5,5,5,5,5,5,5,5,5
xgboost,20,7.0,0,retain,4,0.1188686114,91231.0,0.036925737400000005,0.04995434662,4364.4,-0.12199127766,-0.3960984834,4361.6,4364.0,-0.25200522886,4363.8,-0.24273760969999997,4364.4,13.01546972914,1024.80419408834,13.6,714.0,0.8412494089000001,91231.0,152.8,2199.6,0.0029562422799999997,5.03711154588,4.49179631858,4361.6,4364.0,4.777105562,4363.8,4.796045513299999,4364.4,0.9500456533799999,0.0,5,5,5,5,5,5,5,5,5,5,5,5,5,5,5,5,5,5,5,5,5,5,5,5,5,5,5,5,5,5,5,5,5
xgboost,20,7.0,0,retain,5,0.11740607862,91235.8,0.037680138360000004,0.05053697976,4426.6,-0.13343788892,-0.45619702918,4425.0,4426.6,-0.2938842615,4425.2,-0.30069034364,4426.6,13.1074836578,995.47344313052,13.6,680.6,0.84174215274,91235.8,151.8,2162.7,0.0031716303,4.9568050358999995,4.3111266825,4425.0,4426.6,4.6360128303,4425.2,4.62232818462,4426.6,0.94946302024,0.0,5,5,5,5,5,5,5,5,5,5,5,5,5,5,5,5,5,5,5,5,5,5,5,5,5,5,5,5,5,5,5,5,5
xgboost,20,7.0,0,retain,6,0.11914184934000001,91240.0,0.03833953204,0.051086295819999995,4501.4,-0.15018375322000002,-0.45873984312000005,4497.8,4501.2,-0.30273079306,4500.2,-0.30797276052,4501.4,13.03167320786,951.32625094254,13.4,661.0,0.83914884668,91240.0,153.2,2057.2,0.00336977194,4.8156940761,4.19801059052,4497.8,4501.2,4.510535626499999,4500.2,4.49963863414,4501.4,0.94891370418,0.0,5,5,5,5,5,5,5,5,5,5,5,5,5,5,5,5,5,5,5,5,5,5,5,5,5,5,5,5,5,5,5,5,5
xgboost,20,7.0,0,retain,7,0.11828306706,91234.0,0.04088554534,0.05369492233999999,4718.4,-0.07966311699999999,-0.44001195524,4716.6,4718.4,-0.2504441058,4717.8,-0.2908342741,4718.4,13.205374850800002,950.84450856006,13.4,660.2,0.8373102938800001,91234.0,156.8,2075.34,0.00352109372,4.69732888382,3.97795600698,4716.6,4718.4,4.35563254806,4717.8,4.2748407132,4718.4,0.9463050776599999,0.0,5,5,5,5,5,5,5,5,5,5,5,5,5,5,5,5,5,5,5,5,5,5,5,5,5,5,5,5,5,5,5,5,5
xgboost,20,7.0,0,retain,8,0.11813340716000001,91235.0,0.04202593736,0.0543594405,4789.0,-0.12218887490000001,-0.43579959132,4788.0,4788.4,-0.26921892222,4788.0,-0.2718711066,4789.0,13.0633056372,968.35515253616,13.4,674.2,0.8367454756000001,91235.0,156.57999999999998,2105.4,0.0030951799,4.702417943,4.07485071194,4788.0,4788.4,4.40807815254,4788.0,4.40292382326,4789.0,0.9456405594999999,0.0,5,5,5,5,5,5,5,5,5,5,5,5,5,5,5,5,5,5,5,5,5,5,5,5,5,5,5,5,5,5,5,5,5
xgboost,20,7.0,0,retain,9,0.11988609077999998,91240.8,0.0398626523,0.052713561340000006,4686.6,-0.04821007504000001,-0.31441667342,4685.2,4686.6,-0.15270573012,4685.8,-0.19540766756,4686.6,13.03061050332,999.6876363499601,13.4,699.0,0.83738651646,91240.8,152.8,2189.2,0.00286474046,5.18728637126,4.654476970719999,4685.2,4686.6,4.9776390587199995,4685.8,4.89273418124,4686.6,0.94728643866,0.0,5,5,5,5,5,5,5,5,5,5,5,5,5,5,5,5,5,5,5,5,5,5,5,5,5,5,5,5,5,5,5,5,5
xgboost,20,7.0,0,retain,10,0.13359059358,91232.4,0.04075563222,0.054580322540000004,4828.4,-0.09170365424000002,-0.31172004414,4827.4,4828.2,-0.17231777906,4827.6,-0.21832178502000002,4828.4,12.744883443800001,1005.0313743383,13.0,670.0,0.82239396738,91232.4,123.2,2270.2200000000003,0.00325980682,6.2684482377199995,5.828930028059999,4827.4,4828.2,6.1073839647,4827.6,6.01516408196,4828.4,0.94541967746,0.0,5,5,5,5,5,5,5,5,5,5,5,5,5,5,5,5,5,5,5,5,5,5,5,5,5,5,5,5,5,5,5,5,5
xgboost,20,7.0,1,reset,1,0.13898944948,91239.2,0.04004333658,0.057751958019999994,5174.0,-0.045763896479999996,-0.26082626254,5171.6,5174.0,-0.18610858142,5173.6,-0.1843104176,4831.4,12.70233687344,1039.9680676835,13.0,680.0,0.81768511346,91239.2,101.2,2291.0,0.00328210052,5.58524805064,5.1579294201,5171.6,5174.0,5.3050528340200005,5173.6,5.239487158259999,4831.4,0.9422480419799999,0.0,5,5,5,5,5,5,5,5,5,5,5,5,5,5,5,5,5,5,5,5,5,5,5,5,5,5,5,5,5,5,5,5,5
xgboost,20,7.0,1,reset,2,0.12244321004,91239.4,0.03830669502,0.051954750939999995,4549.2,-0.10901260696000001,-0.37269312447999997,4547.6,4549.2,-0.27218737938000004,4548.4,-0.23996713225999997,4218.8,13.028334044720001,1058.20159747538,13.2,736.0,0.8362009561200001,91239.4,150.6,2231.8,0.0030491388600000003,5.15289149614,4.62730648478,4547.6,4549.2,4.8269184662199995,4548.4,4.8087322598,4218.8,0.94804524906,0.0,5,5,5,5,5,5,5,5,5,5,5,5,5,5,5,5,5,5,5,5,5,5,5,5,5,5,5,5,5,5,5,5,5
xgboost,20,7.0,1,reset,3,0.11983372526,91240.4,0.03837173828,0.051801555799999996,4559.8,-0.10442545247999999,-0.29527311284,4558.0,4559.8,-0.19510467914000001,4558.8,-0.19194931204,4225.4,13.040487109299999,1047.71804127338,13.5,723.4,0.8389137762200001,91240.4,151.12,2250.12,0.00288076024,5.1159259957800005,4.73706331852,4558.0,4559.8,4.936405322400001,4558.8,4.87614832956,4225.4,0.9481984442,0.0,5,5,5,5,5,5,5,5,5,5,5,5,5,5,5,5,5,5,5,5,5,5,5,5,5,5,5,5,5,5,5,5,5
xgboost,20,7.0,1,reset,4,0.12005124329999999,91231.0,0.03724620576,0.05050404427999999,4416.2,-0.11524486511999998,-0.37346853964,4412.4,4415.4,-0.23597584844,4415.0,-0.21655841106,4089.2,12.98476067162,1022.01610335774,13.6,711.0,0.8397402640599999,91231.0,150.6,2196.4,0.0029622869,5.05422349192,4.54139340024,4412.4,4415.4,4.8131960666,4415.0,4.7810930037,4089.2,0.94949595572,0.0,5,5,5,5,5,5,5,5,5,5,5,5,5,5,5,5,5,5,5,5,5,5,5,5,5,5,5,5,5,5,5,5,5
xgboost,20,7.0,1,reset,5,0.11826107894,91235.8,0.03801238056,0.05106490622,4480.0,-0.13038243781999997,-0.44935807784000004,4478.0,4480.0,-0.2866206228,4478.4,-0.27928269608,4149.2,13.06737978118,993.9220060387801,13.6,678.0,0.84047280754,91235.8,151.8,2162.6,0.00325373298,4.97113537264,4.3330127454,4478.0,4480.0,4.65858879148,4478.4,4.62717520052,4149.2,0.94893509378,0.0,5,5,5,5,5,5,5,5,5,5,5,5,5,5,5,5,5,5,5,5,5,5,5,5,5,5,5,5,5,5,5,5,5
xgboost,20,7.0,1,reset,6,0.11961769931999999,91240.0,0.03888634552,0.051585005760000004,4545.2,-0.16366521943999998,-0.48480030222000003,4541.0,4544.8,-0.32376626298,4543.4,-0.31595330114000003,4231.8,12.963860235800002,950.4906388212399,13.0,660.2,0.8381844966399999,91240.0,152.0,2055.1,0.00331145852,4.78836908104,4.14636897838,4541.0,4544.8,4.46841278252,4543.4,4.4254956525399995,4231.8,0.94841499424,0.0,5,5,5,5,5,5,5,5,5,5,5,5,5,5,5,5,5,5,5,5,5,5,5,5,5,5,5,5,5,5,5,5,5
xgboost,20,7.0,1,reset,7,0.11894334916,91234.0,0.04065309894,0.05376770992,4725.6,-0.07335634474,-0.43226605306000004,4723.2,4725.6,-0.250248438,4724.8,-0.26421794842,4385.2,13.14444405674,948.18834831974,13.4,658.6,0.83682578936,91234.0,155.0,2071.48,0.00357776254,4.7241186234,4.00792491426,4723.2,4725.6,4.37033314472,4724.8,4.28040467824,4385.2,0.94623229008,0.0,5,5,5,5,5,5,5,5,5,5,5,5,5,5,5,5,5,5,5,5,5,5,5,5,5,5,5,5,5,5,5,5,5
xgboost,20,7.0,1,reset,8,0.11875568674,91235.0,0.041478391520000005,0.05383519318,4747.0,-0.11330031946,-0.44548078793999996,4745.2,4746.2,-0.26825762184,4745.2,-0.2743907643,4411.0,13.063782644579998,965.07737954188,13.6,671.2,0.8365840744999999,91235.0,152.8,2102.2,0.0031818472,4.710053005160001,4.04548239268,4745.2,4746.2,4.39998479776,4745.2,4.33657925528,4411.0,0.94616480682,0.0,5,5,5,5,5,5,5,5,5,5,5,5,5,5,5,5,5,5,5,5,5,5,5,5,5,5,5,5,5,5,5,5,5
xgboost,20,7.0,1,reset,9,0.12036313206,91240.8,0.0399698909,0.05287172294,4689.6,-0.04964498152,-0.32015935394,4688.0,4689.4,-0.16115673998000002,4688.4,-0.18462333602000003,4344.2,13.031901549459999,995.81509558978,13.4,694.8,0.8367641237600001,91240.8,151.78,2187.2,0.00290285328,5.21465967932,4.67275316068,4688.0,4689.4,4.9908525723,4688.4,4.87142234676,4344.2,0.94712827706,0.0,5,5,5,5,5,5,5,5,5,5,5,5,5,5,5,5,5,5,5,5,5,5,5,5,5,5,5,5,5,5,5,5,5
xgboost,20,7.0,1,reset,10,0.13318869922,91232.4,0.0404901794,0.0543861457,4823.6,-0.07157490036,-0.2830289561,4822.2,4823.2,-0.13361319748,4822.4,-0.19226080373999999,4506.8,12.736923982499999,1000.75701133374,13.0,663.8,0.82311746642,91232.4,122.8,2262.08,0.00320365498,6.33211766992,5.90969949276,4822.2,4823.2,6.20820085814,4822.4,6.01435779468,4506.8,0.9456138543,0.0,5,5,5,5,5,5,5,5,5,5,5,5,5,5,5,5,5,5,5,5,5,5,5,5,5,5,5,5,5,5,5,5,5
xgboost,20,7.0,1,retain,1,0.13898944948,91239.2,0.04004333658,0.057751958019999994,5174.0,-0.045763896479999996,-0.26082626254,5171.6,5174.0,-0.18610858142,5173.6,-0.1843104176,4831.4,12.70233687344,1039.9680676835,13.0,680.0,0.81768511346,91239.2,101.2,2291.0,0.00328210052,5.58524805064,5.1579294201,5171.6,5174.0,5.3050528340200005,5173.6,5.239487158259999,4831.4,0.9422480419799999,0.0,5,5,5,5,5,5,5,5,5,5,5,5,5,5,5,5,5,5,5,5,5,5,5,5,5,5,5,5,5,5,5,5,5
xgboost,20,7.0,1,retain,2,0.12244321004,91239.4,0.03830669502,0.051954750939999995,4549.2,-0.10901260696000001,-0.37269312447999997,4547.6,4549.2,-0.27218737938000004,4548.4,-0.23996713225999997,4218.8,13.028334044720001,1058.20159747538,13.2,736.0,0.8362009561200001,91239.4,150.6,2231.8,0.0030491388600000003,5.15289149614,4.62730648478,4547.6,4549.2,4.8269184662199995,4548.4,4.8087322598,4218.8,0.94804524906,0.0,5,5,5,5,5,5,5,5,5,5,5,5,5,5,5,5,5,5,5,5,5,5,5,5,5,5,5,5,5,5,5,5,5
xgboost,20,7.0,1,retain,3,0.11983372526,91240.4,0.03837173828,0.051801555799999996,4559.8,-0.10442545247999999,-0.29527311284,4558.0,4559.8,-0.19510467914000001,4558.8,-0.19194931204,4225.4,13.040487109299999,1047.71804127338,13.5,723.4,0.8389137762200001,91240.4,151.12,2250.12,0.00288076024,5.1159259957800005,4.73706331852,4558.0,4559.8,4.936405322400001,4558.8,4.87614832956,4225.4,0.9481984442,0.0,5,5,5,5,5,5,5,5,5,5,5,5,5,5,5,5,5,5,5,5,5,5,5,5,5,5,5,5,5,5,5,5,5
xgboost,20,7.0,1,retain,4,0.12005124329999999,91231.0,0.03724620576,0.05050404427999999,4416.2,-0.11524486511999998,-0.37346853964,4412.4,4415.4,-0.23597584844,4415.0,-0.21655841106,4089.2,12.98476067162,1022.01610335774,13.6,711.0,0.8397402640599999,91231.0,150.6,2196.4,0.0029622869,5.05422349192,4.54139340024,4412.4,4415.4,4.8131960666,4415.0,4.7810930037,4089.2,0.94949595572,0.0,5,5,5,5,5,5,5,5,5,5,5,5,5,5,5,5,5,5,5,5,5,5,5,5,5,5,5,5,5,5,5,5,5
xgboost,20,7.0,1,retain,5,0.11826107894,91235.8,0.03801238056,0.05106490622,4480.0,-0.13038243781999997,-0.44935807784000004,4478.0,4480.0,-0.2866206228,4478.4,-0.27928269608,4149.2,13.06737978118,993.9220060387801,13.6,678.0,0.84047280754,91235.8,151.8,2162.6,0.00325373298,4.97113537264,4.3330127454,4478.0,4480.0,4.65858879148,4478.4,4.62717520052,4149.2,0.94893509378,0.0,5,5,5,5,5,5,5,5,5,5,5,5,5,5,5,5,5,5,5,5,5,5,5,5,5,5,5,5,5,5,5,5,5
xgboost,20,7.0,1,retain,6,0.11961769931999999,91240.0,0.03888634552,0.051585005760000004,4545.2,-0.16366521943999998,-0.48480030222000003,4541.0,4544.8,-0.32376626298,4543.4,-0.31595330114000003,4231.8,12.963860235800002,950.4906388212399,13.0,660.2,0.8381844966399999,91240.0,152.0,2055.1,0.00331145852,4.78836908104,4.14636897838,4541.0,4544.8,4.46841278252,4543.4,4.4254956525399995,4231.8,0.94841499424,0.0,5,5,5,5,5,5,5,5,5,5,5,5,5,5,5,5,5,5,5,5,5,5,5,5,5,5,5,5,5,5,5,5,5
xgboost,20,7.0,1,retain,7,0.11894334916,91234.0,0.04065309894,0.05376770992,4725.6,-0.07335634474,-0.43226605306000004,4723.2,4725.6,-0.250248438,4724.8,-0.26421794842,4385.2,13.14444405674,948.18834831974,13.4,658.6,0.83682578936,91234.0,155.0,2071.48,0.00357776254,4.7241186234,4.00792491426,4723.2,4725.6,4.37033314472,4724.8,4.28040467824,4385.2,0.94623229008,0.0,5,5,5,5,5,5,5,5,5,5,5,5,5,5,5,5,5,5,5,5,5,5,5,5,5,5,5,5,5,5,5,5,5
xgboost,20,7.0,1,retain,8,0.11875568674,91235.0,0.041478391520000005,0.05383519318,4747.0,-0.11330031946,-0.44548078793999996,4745.2,4746.2,-0.26825762184,4745.2,-0.2743907643,4411.0,13.063782644579998,965.07737954188,13.6,671.2,0.8365840744999999,91235.0,152.8,2102.2,0.0031818472,4.710053005160001,4.04548239268,4745.2,4746.2,4.39998479776,4745.2,4.33657925528,4411.0,0.94616480682,0.0,5,5,5,5,5,5,5,5,5,5,5,5,5,5,5,5,5,5,5,5,5,5,5,5,5,5,5,5,5,5,5,5,5
xgboost,20,7.0,1,retain,9,0.12036313206,91240.8,0.0399698909,0.05287172294,4689.6,-0.04964498152,-0.32015935394,4688.0,4689.4,-0.16115673998000002,4688.4,-0.18462333602000003,4344.2,13.031901549459999,995.81509558978,13.4,694.8,0.8367641237600001,91240.8,151.78,2187.2,0.00290285328,5.21465967932,4.67275316068,4688.0,4689.4,4.9908525723,4688.4,4.87142234676,4344.2,0.94712827706,0.0,5,5,5,5,5,5,5,5,5,5,5,5,5,5,5,5,5,5,5,5,5,5,5,5,5,5,5,5,5,5,5,5,5
xgboost,20,7.0,1,retain,10,0.13318869922,91232.4,0.0404901794,0.0543861457,4823.6,-0.07157490036,-0.2830289561,4822.2,4823.2,-0.13361319748,4822.4,-0.19226080373999999,4506.8,12.736923982499999,1000.75701133374,13.0,663.8,0.82311746642,91232.4,122.8,2262.08,0.00320365498,6.33211766992,5.90969949276,4822.2,4823.2,6.20820085814,4822.4,6.01435779468,4506.8,0.9456138543,0.0,5,5,5,5,5,5,5,5,5,5,5,5,5,5,5,5,5,5,5,5,5,5,5,5,5,5,5,5,5,5,5,5,5
xgboost,20,7.0,5,reset,1,0.1346468608,91239.2,0.039066297699999995,0.0561343146,5010.2,-0.026811510220000008,-0.24568905063999996,5007.0,5009.6,-0.16407511224,5009.0,-0.09419417449999999,3314.2,12.73896342362,1024.6183083008,13.2,670.2,0.82284711804,91239.2,106.6,2250.2,0.0034397234800000002,5.8154506142199995,5.38069327916,5007.0,5009.6,5.54151103924,5009.0,5.33258197662,3314.2,0.9438656853999999,0.0,5,5,5,5,5,5,5,5,5,5,5,5,5,5,5,5,5,5,5,5,5,5,5,5,5,5,5,5,5,5,5,5,5
xgboost,20,7.0,5,reset,2,0.12270043198,91239.4,0.03911442062,0.052863009360000004,4639.8,-0.10760814463999999,-0.3845575253,4637.4,4639.6,-0.2787841208,4638.0,-0.17710519844,2986.6,12.995779107859999,1048.7764375928,13.4,724.0,0.83513734218,91239.4,144.4,2223.0,0.00304780524,5.27610757944,4.72371424408,4637.4,4639.6,4.9340441323599995,4638.0,4.75018791878,2986.6,0.94713699064,0.0,5,5,5,5,5,5,5,5,5,5,5,5,5,5,5,5,5,5,5,5,5,5,5,5,5,5,5,5,5,5,5,5,5
xgboost,20,7.0,5,reset,3,0.12058150232,91240.4,0.03914113138,0.05233701922,4605.6,-0.0991908153,-0.29466411134000003,4601.6,4605.6,-0.19683971398,4603.0,-0.12030242490000001,2986.4,12.92792602186,1038.67076805496,13.2,714.6,0.8374438344599999,91240.4,146.6,2241.68,0.00283353186,5.10432993562,4.720094534599999,4601.6,4605.6,4.9153367884,4603.0,4.79144893278,2986.4,0.94766298078,0.0,5,5,5,5,5,5,5,5,5,5,5,5,5,5,5,5,5,5,5,5,5,5,5,5,5,5,5,5,5,5,5,5,5
xgboost,20,7.0,5,reset,4,0.12169765556,91231.0,0.038316449880000006,0.05135216501999999,4494.0,-0.11345766187999999,-0.3604879968,4484.8,4492.0,-0.21858274319999998,4490.0,-0.14433762742,2907.2,12.93675841896,1018.01609231076,13.2,704.4,0.83713185734,91231.0,146.0,2200.4,0.00285403724,4.9792254397,4.49328090938,4484.8,4492.0,4.77121486334,4490.0,4.58610266052,2907.2,0.94864783498,0.0,5,5,5,5,5,5,5,5,5,5,5,5,5,5,5,5,5,5,5,5,5,5,5,5,5,5,5,5,5,5,5,5,5
xgboost,20,7.0,5,reset,5,0.11918638472000001,91235.8,0.0390699902,0.052491541360000005,4601.6,-0.11573833042,-0.46093269264,4598.8,4601.4,-0.27970189448,4599.2,-0.15319124836,2943.8,13.05702944818,991.70366507092,13.6,676.4,0.83843860716,91235.8,147.2,2164.6,0.00330501792,4.92283045732,4.23250382658,4598.8,4601.4,4.59510423762,4599.2,4.6016190687,2943.8,0.94750845864,0.0,5,5,5,5,5,5,5,5,5,5,5,5,5,5,5,5,5,5,5,5,5,5,5,5,5,5,5,5,5,5,5,5,5
xgboost,20,7.0,5,reset,6,0.12046585106,91240.0,0.038927886759999995,0.051879264800000005,4576.0,-0.14308062392,-0.4518239064999999,4571.0,4575.2,-0.32094436204,4573.0,-0.19686360238,2953.6,13.022828234759999,951.1381310105801,13.4,662.4,0.83715631112,91240.0,151.0,2063.9,0.0034499510400000004,4.85895295146,4.2418572814,4571.0,4575.2,4.50335025582,4573.0,4.41652706586,2953.6,0.9481207352000001,0.0,5,5,5,5,5,5,5,5,5,5,5,5,5,5,5,5,5,5,5,5,5,5,5,5,5,5,5,5,5,5,5,5,5
xgboost,20,7.0,5,reset,7,0.1192301552,91234.0,0.04024334852,0.05339049212,4692.4,-0.09511457408,-0.44065960334,4688.0,4692.4,-0.2629304088,4690.8,-0.14692095312,3014.6,13.076383355479999,944.697170964,13.2,656.6,0.83692175102,91234.0,151.6,2068.0,0.0036047452800000005,4.73351395892,4.0460052185,4688.0,4692.4,4.39861377928,4690.8,4.2942877488199995,3014.6,0.9466095078800001,0.0,5,5,5,5,5,5,5,5,5,5,5,5,5,5,5,5,5,5,5,5,5,5,5,5,5,5,5,5,5,5,5,5,5
xgboost,20,7.0,5,reset,8,0.12063540156000001,91235.0,0.04129319366,0.053758888160000004,4749.6,-0.11609843899999998,-0.43892404352,4745.8,4748.2,-0.2722735033,4745.8,-0.18189312934,3050.2,13.0679445326,963.08669068044,13.6,669.0,0.83484533692,91235.0,150.2,2102.0,0.00322606784,4.793719020079999,4.1481717394199995,4745.8,4748.2,4.4815178295599996,4745.8,4.3649165203799996,3050.2,0.94624111184,0.0,5,5,5,5,5,5,5,5,5,5,5,5,5,5,5,5,5,5,5,5,5,5,5,5,5,5,5,5,5,5,5,5,5
xgboost,20,7.0,5,reset,9,0.12093435886,91240.8,0.040135355080000004,0.05289110894,4684.4,-0.06759983096000001,-0.37272044305999996,4679.6,4683.8,-0.19456520686,4680.8,-0.10162975666,2999.8,13.042987229920001,987.7780007771,13.4,686.0,0.8360388811,91240.8,148.8,2176.8,0.00289140498,5.18873644284,4.57908549338,4679.6,4683.8,4.93498813584,4680.8,4.82472285364,2999.8,0.9471088910600001,0.0,5,5,5,5,5,5,5,5,5,5,5,5,5,5,5,5,5,5,5,5,5,5,5,5,5,5,5,5,5,5,5,5,5
xgboost,20,7.0,5,reset,10,0.13247476344,91232.4,0.03975313454,0.05375082957999999,4772.8,-0.0702571719,-0.256519458,4771.2,4772.6,-0.118997842,4771.4,-0.12869008217999997,3176.2,12.686027895399999,984.76972033522,12.8,647.6,0.824593989,91232.4,122.0,2223.6,0.0031781129999999998,6.26825812044,5.89625871434,4771.2,4772.6,6.171186984819999,4771.4,5.81240584604,3176.2,0.94624917042,0.0,5,5,5,5,5,5,5,5,5,5,5,5,5,5,5,5,5,5,5,5,5,5,5,5,5,5,5,5,5,5,5,5,5
xgboost,20,7.0,5,retain,1,0.1346468608,91239.2,0.039066297699999995,0.0561343146,5010.2,-0.026811510220000008,-0.24568905063999996,5007.0,5009.6,-0.16407511224,5009.0,-0.09419417449999999,3314.2,12.73896342362,1024.6183083008,13.2,670.2,0.82284711804,91239.2,106.6,2250.2,0.0034397234800000002,5.8154506142199995,5.38069327916,5007.0,5009.6,5.54151103924,5009.0,5.33258197662,3314.2,0.9438656853999999,0.0,5,5,5,5,5,5,5,5,5,5,5,5,5,5,5,5,5,5,5,5,5,5,5,5,5,5,5,5,5,5,5,5,5
xgboost,20,7.0,5,retain,2,0.12270043198,91239.4,0.03911442062,0.052863009360000004,4639.8,-0.10760814463999999,-0.3845575253,4637.4,4639.6,-0.2787841208,4638.0,-0.17710519844,2986.6,12.995779107859999,1048.7764375928,13.4,724.0,0.83513734218,91239.4,144.4,2223.0,0.00304780524,5.27610757944,4.72371424408,4637.4,4639.6,4.9340441323599995,4638.0,4.75018791878,2986.6,0.94713699064,0.0,5,5,5,5,5,5,5,5,5,5,5,5,5,5,5,5,5,5,5,5,5,5,5,5,5,5,5,5,5,5,5,5,5
xgboost,20,7.0,5,retain,3,0.12058150232,91240.4,0.03914113138,0.05233701922,4605.6,-0.0991908153,-0.29466411134000003,4601.6,4605.6,-0.19683971398,4603.0,-0.12030242490000001,2986.4,12.92792602186,1038.67076805496,13.2,714.6,0.8374438344599999,91240.4,146.6,2241.68,0.00283353186,5.10432993562,4.720094534599999,4601.6,4605.6,4.9153367884,4603.0,4.79144893278,2986.4,0.94766298078,0.0,5,5,5,5,5,5,5,5,5,5,5,5,5,5,5,5,5,5,5,5,5,5,5,5,5,5,5,5,5,5,5,5,5
xgboost,20,7.0,5,retain,4,0.12169765556,91231.0,0.038316449880000006,0.05135216501999999,4494.0,-0.11345766187999999,-0.3604879968,4484.8,4492.0,-0.21858274319999998,4490.0,-0.14433762742,2907.2,12.93675841896,1018.01609231076,13.2,704.4,0.83713185734,91231.0,146.0,2200.4,0.00285403724,4.9792254397,4.49328090938,4484.8,4492.0,4.77121486334,4490.0,4.58610266052,2907.2,0.94864783498,0.0,5,5,5,5,5,5,5,5,5,5,5,5,5,5,5,5,5,5,5,5,5,5,5,5,5,5,5,5,5,5,5,5,5
xgboost,20,7.0,5,retain,5,0.11918638472000001,91235.8,0.0390699902,0.052491541360000005,4601.6,-0.11573833042,-0.46093269264,4598.8,4601.4,-0.27970189448,4599.2,-0.15319124836,2943.8,13.05702944818,991.70366507092,13.6,676.4,0.83843860716,91235.8,147.2,2164.6,0.00330501792,4.92283045732,4.23250382658,4598.8,4601.4,4.59510423762,4599.2,4.6016190687,2943.8,0.94750845864,0.0,5,5,5,5,5,5,5,5,5,5,5,5,5,5,5,5,5,5,5,5,5,5,5,5,5,5,5,5,5,5,5,5,5
xgboost,20,7.0,5,retain,6,0.12046585106,91240.0,0.038927886759999995,0.051879264800000005,4576.0,-0.14308062392,-0.4518239064999999,4571.0,4575.2,-0.32094436204,4573.0,-0.19686360238,2953.6,13.022828234759999,951.1381310105801,13.4,662.4,0.83715631112,91240.0,151.0,2063.9,0.0034499510400000004,4.85895295146,4.2418572814,4571.0,4575.2,4.50335025582,4573.0,4.41652706586,2953.6,0.9481207352000001,0.0,5,5,5,5,5,5,5,5,5,5,5,5,5,5,5,5,5,5,5,5,5,5,5,5,5,5,5,5,5,5,5,5,5
xgboost,20,7.0,5,retain,7,0.1192301552,91234.0,0.04024334852,0.05339049212,4692.4,-0.09511457408,-0.44065960334,4688.0,4692.4,-0.2629304088,4690.8,-0.14692095312,3014.6,13.076383355479999,944.697170964,13.2,656.6,0.83692175102,91234.0,151.6,2068.0,0.0036047452800000005,4.73351395892,4.0460052185,4688.0,4692.4,4.39861377928,4690.8,4.2942877488199995,3014.6,0.9466095078800001,0.0,5,5,5,5,5,5,5,5,5,5,5,5,5,5,5,5,5,5,5,5,5,5,5,5,5,5,5,5,5,5,5,5,5
xgboost,20,7.0,5,retain,8,0.12063540156000001,91235.0,0.04129319366,0.053758888160000004,4749.6,-0.11609843899999998,-0.43892404352,4745.8,4748.2,-0.2722735033,4745.8,-0.18189312934,3050.2,13.0679445326,963.08669068044,13.6,669.0,0.83484533692,91235.0,150.2,2102.0,0.00322606784,4.793719020079999,4.1481717394199995,4745.8,4748.2,4.4815178295599996,4745.8,4.3649165203799996,3050.2,0.94624111184,0.0,5,5,5,5,5,5,5,5,5,5,5,5,5,5,5,5,5,5,5,5,5,5,5,5,5,5,5,5,5,5,5,5,5
xgboost,20,7.0,5,retain,9,0.12093435886,91240.8,0.040135355080000004,0.05289110894,4684.4,-0.06759983096000001,-0.37272044305999996,4679.6,4683.8,-0.19456520686,4680.8,-0.10162975666,2999.8,13.042987229920001,987.7780007771,13.4,686.0,0.8360388811,91240.8,148.8,2176.8,0.00289140498,5.18873644284,4.57908549338,4679.6,4683.8,4.93498813584,4680.8,4.82472285364,2999.8,0.9471088910600001,0.0,5,5,5,5,5,5,5,5,5,5,5,5,5,5,5,5,5,5,5,5,5,5,5,5,5,5,5,5,5,5,5,5,5
xgboost,20,7.0,5,retain,10,0.13247476344,91232.4,0.03975313454,0.05375082957999999,4772.8,-0.0702571719,-0.256519458,4771.2,4772.6,-0.118997842,4771.4,-0.12869008217999997,3176.2,12.686027895399999,984.76972033522,12.8,647.6,0.824593989,91232.4,122.0,2223.6,0.0031781129999999998,6.26825812044,5.89625871434,4771.2,4772.6,6.171186984819999,4771.4,5.81240584604,3176.2,0.94624917042,0.0,5,5,5,5,5,5,5,5,5,5,5,5,5,5,5,5,5,5,5,5,5,5,5,5,5,5,5,5,5,5,5,5,5
xgboost,20,17.0,0,reset,1,0.1251996167,65751.0,0.0752231905,0.0950099618,6247.0,-0.2217895256,-0.3242809471,6247.0,6247.0,-0.2936013168,6247.0,-0.2557130327,6247.0,12.7638866656,748.0518927469,13.0,409.0,0.794649511,65751.0,80.0,1621.0,0.0049276817,2.6870562774,2.4822022556,6247.0,6247.0,2.5435524786,6247.0,2.6192752113,6247.0,0.9049900382,0.0,1,1,1,1,1,1,1,1,1,1,1,1,1,1,1,1,1,1,1,1,1,1,1,1,1,1,1,1,1,1,1,1,1
xgboost,20,17.0,0,reset,2,0.1227317667,65745.0,0.0708647045,0.0904707582,5948.0,-0.4233844502,-0.6048383853,5948.0,5948.0,-0.5290391104,5948.0,-0.4689919997,5948.0,13.0664088769,740.5922579664,13.0,426.0,0.8014906077,65745.0,86.0,1537.0,0.0049129211,2.9570756547,2.594272212,5948.0,5948.0,2.7458340773,5948.0,2.8659172719,5948.0,0.9095292418,0.0,1,1,1,1,1,1,1,1,1,1,1,1,1,1,1,1,1,1,1,1,1,1,1,1,1,1,1,1,1,1,1,1,1
xgboost,20,17.0,0,reset,3,0.1087333455,65748.0,0.0637890126,0.0785575227,5165.0,-0.3113863264,-0.7004735505,5165.0,5165.0,-0.6000865706,5165.0,-0.5331371792,5165.0,13.1800580833,706.926476851,14.0,445.0,0.8240250654,65748.0,90.0,1507.0,0.0034525765,3.6318012252,2.8539154399,5165.0,5165.0,3.0546551381,5165.0,3.1884581491,5165.0,0.9214424773,0.0,1,1,1,1,1,1,1,1,1,1,1,1,1,1,1,1,1,1,1,1,1,1,1,1,1,1,1,1,1,1,1,1,1
xgboost,20,17.0,0,reset,4,0.1132218961,65747.0,0.0638356123,0.0788933335,5187.0,-0.3718286608,-0.7271731954,5187.0,5187.0,-0.534727951,5187.0,-0.5796373711,5187.0,13.2481203008,700.2819292135,14.0,430.0,0.8193986037,65747.0,97.0,1487.0,0.0035438879,3.7435106799,3.0330692619,5187.0,5187.0,3.4178387164,5187.0,3.3280374842,5187.0,0.9211066665,0.0,1,1,1,1,1,1,1,1,1,1,1,1,1,1,1,1,1,1,1,1,1,1,1,1,1,1,1,1,1,1,1,1,1
xgboost,20,17.0,0,reset,5,0.1074253209,65748.0,0.0584960759,0.0718348847,4723.0,-0.2116022212,-0.343166804,4723.0,4723.0,-0.3359236193,4723.0,-0.3183318437,4723.0,13.1045945374,683.4883646651,14.0,416.0,0.8307020746,65748.0,86.0,1495.0,0.0033765286,4.016596151,3.7534876943,4723.0,4723.0,3.7679912325,4723.0,3.8031702954,4723.0,0.9281651153,0.0,1,1,1,1,1,1,1,1,1,1,1,1,1,1,1,1,1,1,1,1,1,1,1,1,1,1,1,1,1,1,1,1,1
xgboost,20,17.0,0,reset,6,0.1145434082,65748.0,0.0645951208,0.0773863844,5088.0,-0.3117324987,-0.6035617173,5088.0,5088.0,-0.4798980427,5088.0,-0.4871733007,5088.0,12.7769261006,646.480759871,13.0,376.0,0.8175609904,65748.0,82.0,1434.0,0.0033004806,3.962563288,3.3787661741,5088.0,5088.0,3.6261207881,5088.0,3.6115879462,5088.0,0.9226136156,0.0,1,1,1,1,1,1,1,1,1,1,1,1,1,1,1,1,1,1,1,1,1,1,1,1,1,1,1,1,1,1,1,1,1
xgboost,20,17.0,0,reset,7,0.1238820953,65748.0,0.0636521263,0.0764129707,5024.0,-0.3055698379,-0.5622675018,5024.0,5024.0,-0.4575521918,5024.0,-0.4651879653,5024.0,13.054339172,617.7106680051,13.0,366.0,0.8091348786,65748.0,74.0,1365.0,0.0033308998,4.1058329874,3.5923202085,5024.0,5024.0,3.8017907627,5024.0,3.7865276018,5024.0,0.9235870293,0.0,1,1,1,1,1,1,1,1,1,1,1,1,1,1,1,1,1,1,1,1,1,1,1,1,1,1,1,1,1,1,1,1,1
xgboost,20,17.0,0,reset,8,0.1211614218,65747.0,0.0607480189,0.0741022404,4872.0,-0.2780808377,-0.5954518474,4872.0,4872.0,-0.4569298536,4872.0,-0.4732473985,4872.0,12.8971674877,649.7430148904,13.0,386.0,0.8143641535,65747.0,86.0,1438.0,0.0037264058,4.2391708427,3.604261582,4872.0,4872.0,3.881331151,4872.0,3.8487195604,4872.0,0.9258977596,0.0,1,1,1,1,1,1,1,1,1,1,1,1,1,1,1,1,1,1,1,1,1,1,1,1,1,1,1,1,1,1,1,1,1
xgboost,20,17.0,0,reset,9,0.1248536099,65749.0,0.062023757,0.0752711068,4949.0,-0.2601362599,-0.5044743754,4949.0,4949.0,-0.4526556827,4949.0,-0.3892310669,4949.0,12.6878157203,691.6329525924,13.0,402.0,0.8100655523,65749.0,77.0,1538.0,0.0030570807,4.1882109536,3.6994266414,4949.0,4949.0,3.8030241672,4949.0,3.9299803091,4949.0,0.9247288932,0.0,1,1,1,1,1,1,1,1,1,1,1,1,1,1,1,1,1,1,1,1,1,1,1,1,1,1,1,1,1,1,1,1,1
xgboost,20,17.0,0,reset,10,0.148021963,65747.0,0.0676836966,0.0863917745,5680.0,-0.2558305697,-0.5234010672,5680.0,5680.0,-0.3698176843,5680.0,-0.4367861558,5680.0,12.1632042254,655.9267951389,12.0,345.0,0.7803549972,65747.0,19.0,1510.0,0.0039393432,4.441965071,3.9065848537,5680.0,5680.0,4.213869252,5680.0,4.0799159314,5680.0,0.9136082255,0.0,1,1,1,1,1,1,1,1,1,1,1,1,1,1,1,1,1,1,1,1,1,1,1,1,1,1,1,1,1,1,1,1,1
xgboost,20,17.0,0,retain,1,0.1251996167,65751.0,0.0752231905,0.0950099618,6247.0,-0.2217895256,-0.3242809471,6247.0,6247.0,-0.2936013168,6247.0,-0.2557130327,6247.0,12.7638866656,748.0518927469,13.0,409.0,0.794649511,65751.0,80.0,1621.0,0.0049276817,2.6870562774,2.4822022556,6247.0,6247.0,2.5435524786,6247.0,2.6192752113,6247.0,0.9049900382,0.0,1,1,1,1,1,1,1,1,1,1,1,1,1,1,1,1,1,1,1,1,1,1,1,1,1,1,1,1,1,1,1,1,1
xgboost,20,17.0,0,retain,2,0.1227317667,65745.0,0.0708647045,0.0904707582,5948.0,-0.4233844502,-0.6048383853,5948.0,5948.0,-0.5290391104,5948.0,-0.4689919997,5948.0,13.0664088769,740.5922579664,13.0,426.0,0.8014906077,65745.0,86.0,1537.0,0.0049129211,2.9570756547,2.594272212,5948.0,5948.0,2.7458340773,5948.0,2.8659172719,5948.0,0.9095292418,0.0,1,1,1,1,1,1,1,1,1,1,1,1,1,1,1,1,1,1,1,1,1,1,1,1,1,1,1,1,1,1,1,1,1
xgboost,20,17.0,0,retain,3,0.1087333455,65748.0,0.0637890126,0.0785575227,5165.0,-0.3113863264,-0.7004735505,5165.0,5165.0,-0.6000865706,5165.0,-0.5331371792,5165.0,13.1800580833,706.926476851,14.0,445.0,0.8240250654,65748.0,90.0,1507.0,0.0034525765,3.6318012252,2.8539154399,5165.0,5165.0,3.0546551381,5165.0,3.1884581491,5165.0,0.9214424773,0.0,1,1,1,1,1,1,1,1,1,1,1,1,1,1,1,1,1,1,1,1,1,1,1,1,1,1,1,1,1,1,1,1,1
xgboost,20,17.0,0,retain,4,0.1132218961,65747.0,0.0638356123,0.0788933335,5187.0,-0.3718286608,-0.7271731954,5187.0,5187.0,-0.534727951,5187.0,-0.5796373711,5187.0,13.2481203008,700.2819292135,14.0,430.0,0.8193986037,65747.0,97.0,1487.0,0.0035438879,3.7435106799,3.0330692619,5187.0,5187.0,3.4178387164,5187.0,3.3280374842,5187.0,0.9211066665,0.0,1,1,1,1,1,1,1,1,1,1,1,1,1,1,1,1,1,1,1,1,1,1,1,1,1,1,1,1,1,1,1,1,1
xgboost,20,17.0,0,retain,5,0.1074253209,65748.0,0.0584960759,0.0718348847,4723.0,-0.2116022212,-0.343166804,4723.0,4723.0,-0.3359236193,4723.0,-0.3183318437,4723.0,13.1045945374,683.4883646651,14.0,416.0,0.8307020746,65748.0,86.0,1495.0,0.0033765286,4.016596151,3.7534876943,4723.0,4723.0,3.7679912325,4723.0,3.8031702954,4723.0,0.9281651153,0.0,1,1,1,1,1,1,1,1,1,1,1,1,1,1,1,1,1,1,1,1,1,1,1,1,1,1,1,1,1,1,1,1,1
xgboost,20,17.0,0,retain,6,0.1145434082,65748.0,0.0645951208,0.0773863844,5088.0,-0.3117324987,-0.6035617173,5088.0,5088.0,-0.4798980427,5088.0,-0.4871733007,5088.0,12.7769261006,646.480759871,13.0,376.0,0.8175609904,65748.0,82.0,1434.0,0.0033004806,3.962563288,3.3787661741,5088.0,5088.0,3.6261207881,5088.0,3.6115879462,5088.0,0.9226136156,0.0,1,1,1,1,1,1,1,1,1,1,1,1,1,1,1,1,1,1,1,1,1,1,1,1,1,1,1,1,1,1,1,1,1
xgboost,20,17.0,0,retain,7,0.1238820953,65748.0,0.0636521263,0.0764129707,5024.0,-0.3055698379,-0.5622675018,5024.0,5024.0,-0.4575521918,5024.0,-0.4651879653,5024.0,13.054339172,617.7106680051,13.0,366.0,0.8091348786,65748.0,74.0,1365.0,0.0033308998,4.1058329874,3.5923202085,5024.0,5024.0,3.8017907627,5024.0,3.7865276018,5024.0,0.9235870293,0.0,1,1,1,1,1,1,1,1,1,1,1,1,1,1,1,1,1,1,1,1,1,1,1,1,1,1,1,1,1,1,1,1,1
xgboost,20,17.0,0,retain,8,0.1211614218,65747.0,0.0607480189,0.0741022404,4872.0,-0.2780808377,-0.5954518474,4872.0,4872.0,-0.4569298536,4872.0,-0.4732473985,4872.0,12.8971674877,649.7430148904,13.0,386.0,0.8143641535,65747.0,86.0,1438.0,0.0037264058,4.2391708427,3.604261582,4872.0,4872.0,3.881331151,4872.0,3.8487195604,4872.0,0.9258977596,0.0,1,1,1,1,1,1,1,1,1,1,1,1,1,1,1,1,1,1,1,1,1,1,1,1,1,1,1,1,1,1,1,1,1
xgboost,20,17.0,0,retain,9,0.1248536099,65749.0,0.062023757,0.0752711068,4949.0,-0.2601362599,-0.5044743754,4949.0,4949.0,-0.4526556827,4949.0,-0.3892310669,4949.0,12.6878157203,691.6329525924,13.0,402.0,0.8100655523,65749.0,77.0,1538.0,0.0030570807,4.1882109536,3.6994266414,4949.0,4949.0,3.8030241672,4949.0,3.9299803091,4949.0,0.9247288932,0.0,1,1,1,1,1,1,1,1,1,1,1,1,1,1,1,1,1,1,1,1,1,1,1,1,1,1,1,1,1,1,1,1,1
xgboost,20,17.0,0,retain,10,0.148021963,65747.0,0.0676836966,0.0863917745,5680.0,-0.2558305697,-0.5234010672,5680.0,5680.0,-0.3698176843,5680.0,-0.4367861558,5680.0,12.1632042254,655.9267951389,12.0,345.0,0.7803549972,65747.0,19.0,1510.0,0.0039393432,4.441965071,3.9065848537,5680.0,5680.0,4.213869252,5680.0,4.0799159314,5680.0,0.9136082255,0.0,1,1,1,1,1,1,1,1,1,1,1,1,1,1,1,1,1,1,1,1,1,1,1,1,1,1,1,1,1,1,1,1,1
xgboost,20,17.0,1,reset,1,0.1212148865,65751.0,0.0716947271,0.0888199419,5840.0,-0.220309005,-0.3335280096,5840.0,5840.0,-0.3235076877,5840.0,-0.2807505112,5434.0,13.0029109589,754.7654940609,13.0,420.0,0.8023300026,65751.0,86.0,1625.0,0.0047603839,2.8301475627,2.6038171751,5840.0,5840.0,2.6238646963,5840.0,2.6795599181,5434.0,0.9111800581,0.0,1,1,1,1,1,1,1,1,1,1,1,1,1,1,1,1,1,1,1,1,1,1,1,1,1,1,1,1,1,1,1,1,1
xgboost,20,17.0,1,reset,2,0.1206023272,65745.0,0.0710320176,0.0900144498,5918.0,-0.4298696304,-0.6051416942,5918.0,5918.0,-0.5253335826,5918.0,-0.4675290108,5504.0,13.0238256168,745.0609019697,13.0,428.0,0.8035287855,65745.0,86.0,1549.0,0.0048368697,3.008620869,2.6581884832,5918.0,5918.0,2.8177622087,5918.0,2.9137231932,5504.0,0.9099855502,0.0,1,1,1,1,1,1,1,1,1,1,1,1,1,1,1,1,1,1,1,1,1,1,1,1,1,1,1,1,1,1,1,1,1
xgboost,20,17.0,1,reset,3,0.1087181359,65748.0,0.0632870962,0.0780860254,5134.0,-0.3106175935,-0.7096209465,5134.0,5134.0,-0.6053496786,5134.0,-0.5163038054,4767.0,13.1624464355,707.7427298169,14.0,445.0,0.8245269818,65748.0,88.0,1506.3,0.0034677861,3.6736368514,2.875932506,5134.0,5134.0,3.0844381539,5134.0,3.2093716888,4767.0,0.9219139746,0.0,1,1,1,1,1,1,1,1,1,1,1,1,1,1,1,1,1,1,1,1,1,1,1,1,1,1,1,1,1,1,1,1,1
xgboost,20,17.0,1,reset,4,0.1148341369,65747.0,0.0652349157,0.0806728824,5304.0,-0.3701571637,-0.6992764872,5304.0,5304.0,-0.5186190535,5304.0,-0.5595996147,4897.0,13.1581825038,696.9657626964,13.0,428.0,0.8163110104,65747.0,95.0,1480.0,0.003619937,3.8054901945,3.1474984067,5304.0,5304.0,3.5086922412,5304.0,3.3736038466,4897.0,0.9193271176,0.0,1,1,1,1,1,1,1,1,1,1,1,1,1,1,1,1,1,1,1,1,1,1,1,1,1,1,1,1,1,1,1,1,1
xgboost,20,17.0,1,reset,5,0.1094938249,65748.0,0.0585569143,0.0724736874,4765.0,-0.211001232,-0.3566450116,4765.0,4765.0,-0.3374169852,4765.0,-0.2995229051,4432.0,13.0128016789,680.8817302427,13.0,415.0,0.8285879418,65748.0,86.0,1490.0,0.003361319,3.9797111592,3.688445272,4765.0,4765.0,3.7269206812,4765.0,3.7649824114,4432.0,0.9275263126,0.0,1,1,1,1,1,1,1,1,1,1,1,1,1,1,1,1,1,1,1,1,1,1,1,1,1,1,1,1,1,1,1,1,1
xgboost,20,17.0,1,reset,6,0.1143608931,65748.0,0.0652491331,0.078177283,5140.0,-0.2906284092,-0.5799217291,5140.0,5140.0,-0.4646507204,5140.0,-0.4459612712,4832.0,12.6180933852,645.5217192918,13.0,376.0,0.8170286549,65748.0,80.0,1434.0,0.003361319,3.8980341179,3.3193191749,5140.0,5140.0,3.5498710954,5140.0,3.5405735181,4832.0,0.921822717,0.0,1,1,1,1,1,1,1,1,1,1,1,1,1,1,1,1,1,1,1,1,1,1,1,1,1,1,1,1,1,1,1,1,1
xgboost,20,17.0,1,reset,7,0.1253117966,65748.0,0.0643061386,0.0775232707,5097.0,-0.3057308738,-0.5571232745,5097.0,5097.0,-0.4571855092,5097.0,-0.4593235705,4748.0,12.9450657249,616.2880543895,13.0,366.0,0.8070511651,65748.0,72.0,1364.0,0.0033308998,4.006345896,3.5034311478,5097.0,5097.0,3.7033513721,5097.0,3.6681697715,4748.0,0.9224767293,0.0,1,1,1,1,1,1,1,1,1,1,1,1,1,1,1,1,1,1,1,1,1,1,1,1,1,1,1,1,1,1,1,1,1
xgboost,20,17.0,1,reset,8,0.1208876451,65747.0,0.0622233714,0.0761099366,5004.0,-0.2900642056,-0.5864190929,5004.0,5004.0,-0.45892724,5004.0,-0.4468617523,4644.0,12.8842925659,646.8612712367,13.0,383.0,0.813223417,65747.0,86.0,1427.0,0.0036655665,4.1863164169,3.593448392,5004.0,5004.0,3.848460313,5004.0,3.7898950194,4644.0,0.9238900634,0.0,1,1,1,1,1,1,1,1,1,1,1,1,1,1,1,1,1,1,1,1,1,1,1,1,1,1,1,1,1,1,1,1,1
xgboost,20,17.0,1,reset,9,0.1245037947,65749.0,0.0634534366,0.0768072518,5050.0,-0.2407580238,-0.4773440337,5050.0,5050.0,-0.4372459668,5050.0,-0.3745374675,4701.0,12.7514851485,687.7680116808,13.0,400.0,0.8089096412,65749.0,76.0,1526.0,0.0031331275,4.2716835002,3.7983973443,5050.0,5050.0,3.8785542472,5050.0,3.9011171562,4701.0,0.9231927482,0.0,1,1,1,1,1,1,1,1,1,1,1,1,1,1,1,1,1,1,1,1,1,1,1,1,1,1,1,1,1,1,1,1,1
xgboost,20,17.0,1,reset,10,0.1432612895,65747.0,0.0657520495,0.0836235874,5498.0,-0.2700898216,-0.5182040919,5498.0,5498.0,-0.3872650611,5498.0,-0.4163518367,5165.0,12.39141506,657.8494227874,13.0,348.0,0.7870016883,65747.0,23.0,1510.0,0.0039849727,4.4338275764,3.9373687094,5498.0,5498.0,4.199355633,5498.0,4.0751133997,5165.0,0.9163764126,0.0,1,1,1,1,1,1,1,1,1,1,1,1,1,1,1,1,1,1,1,1,1,1,1,1,1,1,1,1,1,1,1,1,1
xgboost,20,17.0,1,retain,1,0.1212148865,65751.0,0.0716947271,0.0888199419,5840.0,-0.220309005,-0.3335280096,5840.0,5840.0,-0.3235076877,5840.0,-0.2807505112,5434.0,13.0029109589,754.7654940609,13.0,420.0,0.8023300026,65751.0,86.0,1625.0,0.0047603839,2.8301475627,2.6038171751,5840.0,5840.0,2.6238646963,5840.0,2.6795599181,5434.0,0.9111800581,0.0,1,1,1,1,1,1,1,1,1,1,1,1,1,1,1,1,1,1,1,1,1,1,1,1,1,1,1,1,1,1,1,1,1
xgboost,20,17.0,1,retain,2,0.1206023272,65745.0,0.0710320176,0.0900144498,5918.0,-0.4298696304,-0.6051416942,5918.0,5918.0,-0.5253335826,5918.0,-0.4675290108,5504.0,13.0238256168,745.0609019697,13.0,428.0,0.8035287855,65745.0,86.0,1549.0,0.0048368697,3.008620869,2.6581884832,5918.0,5918.0,2.8177622087,5918.0,2.9137231932,5504.0,0.9099855502,0.0,1,1,1,1,1,1,1,1,1,1,1,1,1,1,1,1,1,1,1,1,1,1,1,1,1,1,1,1,1,1,1,1,1
xgboost,20,17.0,1,retain,3,0.1087181359,65748.0,0.0632870962,0.0780860254,5134.0,-0.3106175935,-0.7096209465,5134.0,5134.0,-0.6053496786,5134.0,-0.5163038054,4767.0,13.1624464355,707.7427298169,14.0,445.0,0.8245269818,65748.0,88.0,1506.3,0.0034677861,3.6736368514,2.875932506,5134.0,5134.0,3.0844381539,5134.0,3.2093716888,4767.0,0.9219139746,0.0,1,1,1,1,1,1,1,1,1,1,1,1,1,1,1,1,1,1,1,1,1,1,1,1,1,1,1,1,1,1,1,1,1
xgboost,20,17.0,1,retain,4,0.1148341369,65747.0,0.0652349157,0.0806728824,5304.0,-0.3701571637,-0.6992764872,5304.0,5304.0,-0.5186190535,5304.0,-0.5595996147,4897.0,13.1581825038,696.9657626964,13.0,428.0,0.8163110104,65747.0,95.0,1480.0,0.003619937,3.8054901945,3.1474984067,5304.0,5304.0,3.5086922412,5304.0,3.3736038466,4897.0,0.9193271176,0.0,1,1,1,1,1,1,1,1,1,1,1,1,1,1,1,1,1,1,1,1,1,1,1,1,1,1,1,1,1,1,1,1,1
xgboost,20,17.0,1,retain,5,0.1094938249,65748.0,0.0585569143,0.0724736874,4765.0,-0.211001232,-0.3566450116,4765.0,4765.0,-0.3374169852,4765.0,-0.2995229051,4432.0,13.0128016789,680.8817302427,13.0,415.0,0.8285879418,65748.0,86.0,1490.0,0.003361319,3.9797111592,3.688445272,4765.0,4765.0,3.7269206812,4765.0,3.7649824114,4432.0,0.9275263126,0.0,1,1,1,1,1,1,1,1,1,1,1,1,1,1,1,1,1,1,1,1,1,1,1,1,1,1,1,1,1,1,1,1,1
xgboost,20,17.0,1,retain,6,0.1143608931,65748.0,0.0652491331,0.078177283,5140.0,-0.2906284092,-0.5799217291,5140.0,5140.0,-0.4646507204,5140.0,-0.4459612712,4832.0,12.6180933852,645.5217192918,13.0,376.0,0.8170286549,65748.0,80.0,1434.0,0.003361319,3.8980341179,3.3193191749,5140.0,5140.0,3.5498710954,5140.0,3.5405735181,4832.0,0.921822717,0.0,1,1,1,1,1,1,1,1,1,1,1,1,1,1,1,1,1,1,1,1,1,1,1,1,1,1,1,1,1,1,1,1,1
xgboost,20,17.0,1,retain,7,0.1253117966,65748.0,0.0643061386,0.0775232707,5097.0,-0.3057308738,-0.5571232745,5097.0,5097.0,-0.4571855092,5097.0,-0.4593235705,4748.0,12.9450657249,616.2880543895,13.0,366.0,0.8070511651,65748.0,72.0,1364.0,0.0033308998,4.006345896,3.5034311478,5097.0,5097.0,3.7033513721,5097.0,3.6681697715,4748.0,0.9224767293,0.0,1,1,1,1,1,1,1,1,1,1,1,1,1,1,1,1,1,1,1,1,1,1,1,1,1,1,1,1,1,1,1,1,1
xgboost,20,17.0,1,retain,8,0.1208876451,65747.0,0.0622233714,0.0761099366,5004.0,-0.2900642056,-0.5864190929,5004.0,5004.0,-0.45892724,5004.0,-0.4468617523,4644.0,12.8842925659,646.8612712367,13.0,383.0,0.813223417,65747.0,86.0,1427.0,0.0036655665,4.1863164169,3.593448392,5004.0,5004.0,3.848460313,5004.0,3.7898950194,4644.0,0.9238900634,0.0,1,1,1,1,1,1,1,1,1,1,1,1,1,1,1,1,1,1,1,1,1,1,1,1,1,1,1,1,1,1,1,1,1
xgboost,20,17.0,1,retain,9,0.1245037947,65749.0,0.0634534366,0.0768072518,5050.0,-0.2407580238,-0.4773440337,5050.0,5050.0,-0.4372459668,5050.0,-0.3745374675,4701.0,12.7514851485,687.7680116808,13.0,400.0,0.8089096412,65749.0,76.0,1526.0,0.0031331275,4.2716835002,3.7983973443,5050.0,5050.0,3.8785542472,5050.0,3.9011171562,4701.0,0.9231927482,0.0,1,1,1,1,1,1,1,1,1,1,1,1,1,1,1,1,1,1,1,1,1,1,1,1,1,1,1,1,1,1,1,1,1
xgboost,20,17.0,1,retain,10,0.1432612895,65747.0,0.0657520495,0.0836235874,5498.0,-0.2700898216,-0.5182040919,5498.0,5498.0,-0.3872650611,5498.0,-0.4163518367,5165.0,12.39141506,657.8494227874,13.0,348.0,0.7870016883,65747.0,23.0,1510.0,0.0039849727,4.4338275764,3.9373687094,5498.0,5498.0,4.199355633,5498.0,4.0751133997,5165.0,0.9163764126,0.0,1,1,1,1,1,1,1,1,1,1,1,1,1,1,1,1,1,1,1,1,1,1,1,1,1,1,1,1,1,1,1,1,1
xgboost,20,17.0,5,reset,1,0.1144773464,65751.0,0.0688202461,0.0838010068,5510.0,-0.2303262616,-0.3605215139,5510.0,5510.0,-0.3627408413,5510.0,-0.2199407091,3477.0,13.1395644283,762.1895940746,13.0,433.0,0.8120941126,65751.0,86.0,1635.0,0.0046082949,2.9642419702,2.7039475554,5510.0,5510.0,2.6995263567,5510.0,2.7460982815,3477.0,0.9161989932,0.0,1,1,1,1,1,1,1,1,1,1,1,1,1,1,1,1,1,1,1,1,1,1,1,1,1,1,1,1,1,1,1,1,1
xgboost,20,17.0,5,reset,2,0.1194007149,65745.0,0.0684310594,0.0869571831,5717.0,-0.4097001021,-0.5631680788,5717.0,5717.0,-0.5057734055,5717.0,-0.3744736348,3773.0,12.8754591569,748.7086166248,13.0,433.0,0.8073161457,65745.0,86.0,1549.0,0.00485208,3.0140096171,2.7071877993,5717.0,5717.0,2.8219505427,5717.0,2.9039192924,3773.0,0.9130428169,0.0,1,1,1,1,1,1,1,1,1,1,1,1,1,1,1,1,1,1,1,1,1,1,1,1,1,1,1,1,1,1,1,1,1
xgboost,20,17.0,5,reset,3,0.1079728661,65748.0,0.064032366,0.078876924,5186.0,-0.3350055611,-0.6710184274,5186.0,5186.0,-0.5830771947,5186.0,-0.4089456009,3288.0,13.1762437331,708.3263977611,14.0,445.0,0.82422279,65748.0,86.0,1509.0,0.0037719779,3.6041274186,2.9323779306,5186.0,5186.0,3.1082195686,5186.0,3.1325964449,3288.0,0.921123076,0.0,1,1,1,1,1,1,1,1,1,1,1,1,1,1,1,1,1,1,1,1,1,1,1,1,1,1,1,1,1,1,1,1,1
xgboost,20,17.0,5,reset,4,0.1164159581,65747.0,0.0663908619,0.081296485,5345.0,-0.3639687805,-0.687031032,5345.0,5345.0,-0.5271336181,5345.0,-0.46689706,3348.0,13.1730589336,696.2482546732,14.0,430.0,0.8136797116,65747.0,90.0,1480.0,0.0035134683,3.8516571409,3.205769657,5345.0,5345.0,3.5254646794,5345.0,3.3872651047,3348.0,0.918703515,0.0,1,1,1,1,1,1,1,1,1,1,1,1,1,1,1,1,1,1,1,1,1,1,1,1,1,1,1,1,1,1,1,1,1
xgboost,20,17.0,5,reset,5,0.1092504715,65748.0,0.0613858977,0.0759414735,4993.0,-0.2062171784,-0.385227183,4993.0,4993.0,-0.3310909645,4993.0,-0.2045907129,3202.0,13.0853194472,675.7247368741,13.0,413.0,0.8252418325,65748.0,86.0,1481.0,0.0041217984,3.8608075245,3.5028424472,4993.0,4993.0,3.611109881,4993.0,3.5690620261,3202.0,0.9240585265,0.0,1,1,1,1,1,1,1,1,1,1,1,1,1,1,1,1,1,1,1,1,1,1,1,1,1,1,1,1,1,1,1,1,1
xgboost,20,17.0,5,reset,6,0.1131289165,65748.0,0.0615075744,0.0741315325,4874.0,-0.3146995386,-0.5714512345,4874.0,4874.0,-0.4699206803,4874.0,-0.3644305339,3273.0,12.6624948707,648.6958842855,13.0,380.0,0.8222759628,65748.0,76.0,1440.0,0.0030875464,3.8006269048,3.2869815479,4874.0,4874.0,3.4900481728,4874.0,3.4263059522,3273.0,0.9258684675,0.0,1,1,1,1,1,1,1,1,1,1,1,1,1,1,1,1,1,1,1,1,1,1,1,1,1,1,1,1,1,1,1,1,1
xgboost,20,17.0,5,reset,7,0.1257072458,65748.0,0.066617996,0.0799872239,5259.0,-0.3042481938,-0.5419887629,5259.0,5259.0,-0.4287003199,5259.0,-0.3920523875,3411.0,12.9568359004,616.0462827767,13.0,367.0,0.8045263734,65748.0,70.0,1360.0,0.0031483847,4.0308505068,3.5552358093,5259.0,5259.0,3.7818694479,5259.0,3.5373599998,3411.0,0.9200127761,0.0,1,1,1,1,1,1,1,1,1,1,1,1,1,1,1,1,1,1,1,1,1,1,1,1,1,1,1,1,1,1,1,1,1
xgboost,20,17.0,5,reset,8,0.1208420156,65747.0,0.0626644562,0.0777830167,5114.0,-0.2934156562,-0.6199056393,5114.0,5114.0,-0.4707174689,5114.0,-0.323446211,3333.0,12.8662495111,641.8784735425,13.0,380.0,0.8125389752,65747.0,80.0,1427.0,0.0039545531,4.1052432116,3.4521011884,5114.0,5114.0,3.7505222081,5114.0,3.6941556791,3333.0,0.9222169833,0.0,1,1,1,1,1,1,1,1,1,1,1,1,1,1,1,1,1,1,1,1,1,1,1,1,1,1,1,1,1,1,1,1,1
xgboost,20,17.0,5,reset,9,0.1220550883,65749.0,0.0641682763,0.0774156261,5090.0,-0.2432059123,-0.5031670452,5090.0,5090.0,-0.4688720732,5090.0,-0.3096061192,3403.0,12.7041257367,677.2166116595,13.0,391.0,0.8108868576,65749.0,74.0,1506.0,0.0028897778,4.4658705716,3.9457921653,5090.0,5090.0,4.0143518927,5090.0,3.904253263,3403.0,0.9225843739,0.0,1,1,1,1,1,1,1,1,1,1,1,1,1,1,1,1,1,1,1,1,1,1,1,1,1,1,1,1,1,1,1,1,1
xgboost,20,17.0,5,reset,10,0.1382724687,65747.0,0.0672426118,0.0831216633,5465.0,-0.2472256981,-0.4715604556,5465.0,5465.0,-0.3691397878,5465.0,-0.2584722076,3754.0,12.50978957,648.8391865789,13.0,343.0,0.7907585137,65747.0,30.0,1500.0,0.0037264058,4.4896319812,4.0407202762,5465.0,5465.0,4.2456455244,5465.0,4.0209566914,3754.0,0.9168783367,0.0,1,1,1,1,1,1,1,1,1,1,1,1,1,1,1,1,1,1,1,1,1,1,1,1,1,1,1,1,1,1,1,1,1
xgboost,20,17.0,5,retain,1,0.1144773464,65751.0,0.0688202461,0.0838010068,5510.0,-0.2303262616,-0.3605215139,5510.0,5510.0,-0.3627408413,5510.0,-0.2199407091,3477.0,13.1395644283,762.1895940746,13.0,433.0,0.8120941126,65751.0,86.0,1635.0,0.0046082949,2.9642419702,2.7039475554,5510.0,5510.0,2.6995263567,5510.0,2.7460982815,3477.0,0.9161989932,0.0,1,1,1,1,1,1,1,1,1,1,1,1,1,1,1,1,1,1,1,1,1,1,1,1,1,1,1,1,1,1,1,1,1
xgboost,20,17.0,5,retain,2,0.1194007149,65745.0,0.0684310594,0.0869571831,5717.0,-0.4097001021,-0.5631680788,5717.0,5717.0,-0.5057734055,5717.0,-0.3744736348,3773.0,12.8754591569,748.7086166248,13.0,433.0,0.8073161457,65745.0,86.0,1549.0,0.00485208,3.0140096171,2.7071877993,5717.0,5717.0,2.8219505427,5717.0,2.9039192924,3773.0,0.9130428169,0.0,1,1,1,1,1,1,1,1,1,1,1,1,1,1,1,1,1,1,1,1,1,1,1,1,1,1,1,1,1,1,1,1,1
xgboost,20,17.0,5,retain,3,0.1079728661,65748.0,0.064032366,0.078876924,5186.0,-0.3350055611,-0.6710184274,5186.0,5186.0,-0.5830771947,5186.0,-0.4089456009,3288.0,13.1762437331,708.3263977611,14.0,445.0,0.82422279,65748.0,86.0,1509.0,0.0037719779,3.6041274186,2.9323779306,5186.0,5186.0,3.1082195686,5186.0,3.1325964449,3288.0,0.921123076,0.0,1,1,1,1,1,1,1,1,1,1,1,1,1,1,1,1,1,1,1,1,1,1,1,1,1,1,1,1,1,1,1,1,1
xgboost,20,17.0,5,retain,4,0.1164159581,65747.0,0.0663908619,0.081296485,5345.0,-0.3639687805,-0.687031032,5345.0,5345.0,-0.5271336181,5345.0,-0.46689706,3348.0,13.1730589336,696.2482546732,14.0,430.0,0.8136797116,65747.0,90.0,1480.0,0.0035134683,3.8516571409,3.205769657,5345.0,5345.0,3.5254646794,5345.0,3.3872651047,3348.0,0.918703515,0.0,1,1,1,1,1,1,1,1,1,1,1,1,1,1,1,1,1,1,1,1,1,1,1,1,1,1,1,1,1,1,1,1,1
xgboost,20,17.0,5,retain,5,0.1092504715,65748.0,0.0613858977,0.0759414735,4993.0,-0.2062171784,-0.385227183,4993.0,4993.0,-0.3310909645,4993.0,-0.2045907129,3202.0,13.0853194472,675.7247368741,13.0,413.0,0.8252418325,65748.0,86.0,1481.0,0.0041217984,3.8608075245,3.5028424472,4993.0,4993.0,3.611109881,4993.0,3.5690620261,3202.0,0.9240585265,0.0,1,1,1,1,1,1,1,1,1,1,1,1,1,1,1,1,1,1,1,1,1,1,1,1,1,1,1,1,1,1,1,1,1
xgboost,20,17.0,5,retain,6,0.1131289165,65748.0,0.0615075744,0.0741315325,4874.0,-0.3146995386,-0.5714512345,4874.0,4874.0,-0.4699206803,4874.0,-0.3644305339,3273.0,12.6624948707,648.6958842855,13.0,380.0,0.8222759628,65748.0,76.0,1440.0,0.0030875464,3.8006269048,3.2869815479,4874.0,4874.0,3.4900481728,4874.0,3.4263059522,3273.0,0.9258684675,0.0,1,1,1,1,1,1,1,1,1,1,1,1,1,1,1,1,1,1,1,1,1,1,1,1,1,1,1,1,1,1,1,1,1
xgboost,20,17.0,5,retain,7,0.1257072458,65748.0,0.066617996,0.0799872239,5259.0,-0.3042481938,-0.5419887629,5259.0,5259.0,-0.4287003199,5259.0,-0.3920523875,3411.0,12.9568359004,616.0462827767,13.0,367.0,0.8045263734,65748.0,70.0,1360.0,0.0031483847,4.0308505068,3.5552358093,5259.0,5259.0,3.7818694479,5259.0,3.5373599998,3411.0,0.9200127761,0.0,1,1,1,1,1,1,1,1,1,1,1,1,1,1,1,1,1,1,1,1,1,1,1,1,1,1,1,1,1,1,1,1,1
xgboost,20,17.0,5,retain,8,0.1208420156,65747.0,0.0626644562,0.0777830167,5114.0,-0.2934156562,-0.6199056393,5114.0,5114.0,-0.4707174689,5114.0,-0.323446211,3333.0,12.8662495111,641.8784735425,13.0,380.0,0.8125389752,65747.0,80.0,1427.0,0.0039545531,4.1052432116,3.4521011884,5114.0,5114.0,3.7505222081,5114.0,3.6941556791,3333.0,0.9222169833,0.0,1,1,1,1,1,1,1,1,1,1,1,1,1,1,1,1,1,1,1,1,1,1,1,1,1,1,1,1,1,1,1,1,1
xgboost,20,17.0,5,retain,9,0.1220550883,65749.0,0.0641682763,0.0774156261,5090.0,-0.2432059123,-0.5031670452,5090.0,5090.0,-0.4688720732,5090.0,-0.3096061192,3403.0,12.7041257367,677.2166116595,13.0,391.0,0.8108868576,65749.0,74.0,1506.0,0.0028897778,4.4658705716,3.9457921653,5090.0,5090.0,4.0143518927,5090.0,3.904253263,3403.0,0.9225843739,0.0,1,1,1,1,1,1,1,1,1,1,1,1,1,1,1,1,1,1,1,1,1,1,1,1,1,1,1,1,1,1,1,1,1
xgboost,20,17.0,5,retain,10,0.1382724687,65747.0,0.0672426118,0.0831216633,5465.0,-0.2472256981,-0.4715604556,5465.0,5465.0,-0.3691397878,5465.0,-0.2584722076,3754.0,12.50978957,648.8391865789,13.0,343.0,0.7907585137,65747.0,30.0,1500.0,0.0037264058,4.4896319812,4.0407202762,5465.0,5465.0,4.2456455244,5465.0,4.0209566914,3754.0,0.9168783367,0.0,1,1,1,1,1,1,1,1,1,1,1,1,1,1,1,1,1,1,1,1,1,1,1,1,1,1,1,1,1,1,1,1,1
xgboost,20,29.0,0,reset,1,0.0923069903,65748.0,0.0493094847,0.0607166758,3992.0,-0.3134328443,-0.4388834427,3992.0,3992.0,-0.4237877082,3992.0,-0.3454574758,3992.0,13.1585671343,906.758973657,14.0,541.0,0.8559043621,65748.0,109.0,1904.0,0.0024791629,3.9923664205,3.7415466662,3992.0,3992.0,3.7717527265,3992.0,3.9283446813,3992.0,0.9392833242,0.0,1,1,1,1,1,1,1,1,1,1,1,1,1,1,1,1,1,1,1,1,1,1,1,1,1,1,1,1,1,1,1,1,1
xgboost,20,29.0,0,reset,2,0.0988775324,65748.0,0.0521080489,0.0651122468,4281.0,-0.2677474952,-0.4608799741,4281.0,4281.0,-0.3799414822,4281.0,-0.314649451,4281.0,13.2807755197,825.7559621585,14.0,522.0,0.8452120217,65748.0,120.0,1697.0,0.003802397,3.4985289676,3.1123456539,4281.0,4281.0,3.2742287855,4281.0,3.404717925,4281.0,0.9348877532,0.0,1,1,1,1,1,1,1,1,1,1,1,1,1,1,1,1,1,1,1,1,1,1,1,1,1,1,1,1,1,1,1,1,1
xgboost,20,29.0,0,reset,3,0.1110299933,65748.0,0.053507331,0.0668613494,4396.0,-0.2476141027,-0.5471947415,4396.0,4396.0,-0.4386591058,4396.0,-0.3943420004,4396.0,13.2952684258,772.2872178621,14.0,484.0,0.8319340512,65748.0,100.0,1567.0,0.0035286244,4.0477371797,3.4487885467,4396.0,4396.0,3.6658079216,4396.0,3.754403704,4396.0,0.9331386506,0.0,1,1,1,1,1,1,1,1,1,1,1,1,1,1,1,1,1,1,1,1,1,1,1,1,1,1,1,1,1,1,1,1,1
xgboost,20,29.0,0,reset,4,0.1145568754,65749.0,0.0573240658,0.0722748635,4752.0,-0.3125942745,-0.6279441841,4752.0,4752.0,-0.5101116925,4752.0,-0.4949751562,4752.0,13.289983165,728.6869762278,14.0,465.0,0.8244688132,65749.0,97.0,1492.0,0.0036502456,3.9088226369,3.2783271652,4752.0,4752.0,3.5139559825,4752.0,3.5441732187,4752.0,0.9277251365,0.0,1,1,1,1,1,1,1,1,1,1,1,1,1,1,1,1,1,1,1,1,1,1,1,1,1,1,1,1,1,1,1,1,1
xgboost,20,29.0,0,reset,5,0.1121690064,65749.0,0.0619629196,0.0740391489,4868.0,-0.2575264727,-0.4686033248,4868.0,4868.0,-0.4038551743,4868.0,-0.4188508949,4868.0,12.8709942482,678.5187303229,13.0,405.0,0.8227805746,65749.0,82.0,1497.0,0.0030874994,3.9092521627,3.4870224717,4868.0,4868.0,3.6165653776,4868.0,3.5865749642,4868.0,0.9259608511,0.0,1,1,1,1,1,1,1,1,1,1,1,1,1,1,1,1,1,1,1,1,1,1,1,1,1,1,1,1,1,1,1,1,1
xgboost,20,29.0,0,reset,6,0.106578447,65745.0,0.0589550536,0.0704388166,4631.0,-0.2245442596,-0.4989339771,4631.0,4631.0,-0.3990941762,4631.0,-0.3873127951,4631.0,12.9110343338,694.2976043806,13.0,410.0,0.8306639288,65745.0,81.0,1572.0,0.0038025705,3.9092023405,3.3602457772,4631.0,4631.0,3.5599667093,4631.0,3.5835849045,4631.0,0.9295611834,0.0,1,1,1,1,1,1,1,1,1,1,1,1,1,1,1,1,1,1,1,1,1,1,1,1,1,1,1,1,1,1,1,1,1
xgboost,20,29.0,0,reset,7,0.1037278134,65749.0,0.0603355184,0.0726094693,4774.0,-0.2493884577,-0.4599074997,4774.0,4774.0,-0.3785062501,4774.0,-0.392532073,4774.0,12.7521994135,680.5047072959,13.0,410.0,0.8322407945,65749.0,76.0,1549.0,0.0036958737,3.8117314559,3.3905205456,4774.0,4774.0,3.5533667357,4774.0,3.5253074565,4774.0,0.9273905307,0.0,1,1,1,1,1,1,1,1,1,1,1,1,1,1,1,1,1,1,1,1,1,1,1,1,1,1,1,1,1,1,1,1,1
xgboost,20,29.0,0,reset,8,0.113478737,65748.0,0.0645038632,0.0763065036,5017.0,-0.2953640089,-0.4892954277,5017.0,5017.0,-0.4097510854,5017.0,-0.4095000765,5017.0,12.8600757425,693.0699641054,13.0,399.0,0.818610452,65748.0,69.0,1578.0,0.0034069477,3.7734391448,3.3854716197,5017.0,5017.0,3.5445444608,5017.0,3.5450981768,5017.0,0.9236934964,0.0,1,1,1,1,1,1,1,1,1,1,1,1,1,1,1,1,1,1,1,1,1,1,1,1,1,1,1,1,1,1,1,1,1
xgboost,20,29.0,0,reset,9,0.1159614273,65746.0,0.064673136,0.0778146199,5116.0,-0.2760813325,-0.6524406395,5116.0,5116.0,-0.4675594803,5116.0,-0.4702805718,5116.0,12.8123534011,735.0640951541,13.0,415.0,0.8168405682,65746.0,65.0,1713.0,0.0025248684,4.1338696652,3.3809089317,5116.0,5116.0,3.7507532344,5116.0,3.7453392343,5116.0,0.9221853801,0.0,1,1,1,1,1,1,1,1,1,1,1,1,1,1,1,1,1,1,1,1,1,1,1,1,1,1,1,1,1,1,1,1,1
xgboost,20,29.0,0,reset,10,0.1305895236,65748.0,0.0552260145,0.0672263795,4420.0,-0.2509975337,-0.4026381264,4420.0,4420.0,-0.3406292622,4420.0,-0.3217593297,4420.0,13.0692307692,864.0593630224,13.0,481.0,0.811963862,65748.0,59.0,2081.0,0.0022205999,4.5840691761,4.2805829549,4420.0,4420.0,4.4045746727,4420.0,4.4423875807,4420.0,0.9327736205,0.0,1,1,1,1,1,1,1,1,1,1,1,1,1,1,1,1,1,1,1,1,1,1,1,1,1,1,1,1,1,1,1,1,1
xgboost,20,29.0,0,retain,1,0.0923069903,65748.0,0.0493094847,0.0607166758,3992.0,-0.3134328443,-0.4388834427,3992.0,3992.0,-0.4237877082,3992.0,-0.3454574758,3992.0,13.1585671343,906.758973657,14.0,541.0,0.8559043621,65748.0,109.0,1904.0,0.0024791629,3.9923664205,3.7415466662,3992.0,3992.0,3.7717527265,3992.0,3.9283446813,3992.0,0.9392833242,0.0,1,1,1,1,1,1,1,1,1,1,1,1,1,1,1,1,1,1,1,1,1,1,1,1,1,1,1,1,1,1,1,1,1
xgboost,20,29.0,0,retain,2,0.0988775324,65748.0,0.0521080489,0.0651122468,4281.0,-0.2677474952,-0.4608799741,4281.0,4281.0,-0.3799414822,4281.0,-0.314649451,4281.0,13.2807755197,825.7559621585,14.0,522.0,0.8452120217,65748.0,120.0,1697.0,0.003802397,3.4985289676,3.1123456539,4281.0,4281.0,3.2742287855,4281.0,3.404717925,4281.0,0.9348877532,0.0,1,1,1,1,1,1,1,1,1,1,1,1,1,1,1,1,1,1,1,1,1,1,1,1,1,1,1,1,1,1,1,1,1
xgboost,20,29.0,0,retain,3,0.1110299933,65748.0,0.053507331,0.0668613494,4396.0,-0.2476141027,-0.5471947415,4396.0,4396.0,-0.4386591058,4396.0,-0.3943420004,4396.0,13.2952684258,772.2872178621,14.0,484.0,0.8319340512,65748.0,100.0,1567.0,0.0035286244,4.0477371797,3.4487885467,4396.0,4396.0,3.6658079216,4396.0,3.754403704,4396.0,0.9331386506,0.0,1,1,1,1,1,1,1,1,1,1,1,1,1,1,1,1,1,1,1,1,1,1,1,1,1,1,1,1,1,1,1,1,1
xgboost,20,29.0,0,retain,4,0.1145568754,65749.0,0.0573240658,0.0722748635,4752.0,-0.3125942745,-0.6279441841,4752.0,4752.0,-0.5101116925,4752.0,-0.4949751562,4752.0,13.289983165,728.6869762278,14.0,465.0,0.8244688132,65749.0,97.0,1492.0,0.0036502456,3.9088226369,3.2783271652,4752.0,4752.0,3.5139559825,4752.0,3.5441732187,4752.0,0.9277251365,0.0,1,1,1,1,1,1,1,1,1,1,1,1,1,1,1,1,1,1,1,1,1,1,1,1,1,1,1,1,1,1,1,1,1
xgboost,20,29.0,0,retain,5,0.1121690064,65749.0,0.0619629196,0.0740391489,4868.0,-0.2575264727,-0.4686033248,4868.0,4868.0,-0.4038551743,4868.0,-0.4188508949,4868.0,12.8709942482,678.5187303229,13.0,405.0,0.8227805746,65749.0,82.0,1497.0,0.0030874994,3.9092521627,3.4870224717,4868.0,4868.0,3.6165653776,4868.0,3.5865749642,4868.0,0.9259608511,0.0,1,1,1,1,1,1,1,1,1,1,1,1,1,1,1,1,1,1,1,1,1,1,1,1,1,1,1,1,1,1,1,1,1
xgboost,20,29.0,0,retain,6,0.106578447,65745.0,0.0589550536,0.0704388166,4631.0,-0.2245442596,-0.4989339771,4631.0,4631.0,-0.3990941762,4631.0,-0.3873127951,4631.0,12.9110343338,694.2976043806,13.0,410.0,0.8306639288,65745.0,81.0,1572.0,0.0038025705,3.9092023405,3.3602457772,4631.0,4631.0,3.5599667093,4631.0,3.5835849045,4631.0,0.9295611834,0.0,1,1,1,1,1,1,1,1,1,1,1,1,1,1,1,1,1,1,1,1,1,1,1,1,1,1,1,1,1,1,1,1,1
xgboost,20,29.0,0,retain,7,0.1037278134,65749.0,0.0603355184,0.0726094693,4774.0,-0.2493884577,-0.4599074997,4774.0,4774.0,-0.3785062501,4774.0,-0.392532073,4774.0,12.7521994135,680.5047072959,13.0,410.0,0.8322407945,65749.0,76.0,1549.0,0.0036958737,3.8117314559,3.3905205456,4774.0,4774.0,3.5533667357,4774.0,3.5253074565,4774.0,0.9273905307,0.0,1,1,1,1,1,1,1,1,1,1,1,1,1,1,1,1,1,1,1,1,1,1,1,1,1,1,1,1,1,1,1,1,1
xgboost,20,29.0,0,retain,8,0.113478737,65748.0,0.0645038632,0.0763065036,5017.0,-0.2953640089,-0.4892954277,5017.0,5017.0,-0.4097510854,5017.0,-0.4095000765,5017.0,12.8600757425,693.0699641054,13.0,399.0,0.818610452,65748.0,69.0,1578.0,0.0034069477,3.7734391448,3.3854716197,5017.0,5017.0,3.5445444608,5017.0,3.5450981768,5017.0,0.9236934964,0.0,1,1,1,1,1,1,1,1,1,1,1,1,1,1,1,1,1,1,1,1,1,1,1,1,1,1,1,1,1,1,1,1,1
xgboost,20,29.0,0,retain,9,0.1159614273,65746.0,0.064673136,0.0778146199,5116.0,-0.2760813325,-0.6524406395,5116.0,5116.0,-0.4675594803,5116.0,-0.4702805718,5116.0,12.8123534011,735.0640951541,13.0,415.0,0.8168405682,65746.0,65.0,1713.0,0.0025248684,4.1338696652,3.3809089317,5116.0,5116.0,3.7507532344,5116.0,3.7453392343,5116.0,0.9221853801,0.0,1,1,1,1,1,1,1,1,1,1,1,1,1,1,1,1,1,1,1,1,1,1,1,1,1,1,1,1,1,1,1,1,1
xgboost,20,29.0,0,retain,10,0.1305895236,65748.0,0.0552260145,0.0672263795,4420.0,-0.2509975337,-0.4026381264,4420.0,4420.0,-0.3406292622,4420.0,-0.3217593297,4420.0,13.0692307692,864.0593630224,13.0,481.0,0.811963862,65748.0,59.0,2081.0,0.0022205999,4.5840691761,4.2805829549,4420.0,4420.0,4.4045746727,4420.0,4.4423875807,4420.0,0.9327736205,0.0,1,1,1,1,1,1,1,1,1,1,1,1,1,1,1,1,1,1,1,1,1,1,1,1,1,1,1,1,1,1,1,1,1
xgboost,20,29.0,1,reset,1,0.0922157328,65748.0,0.0488227779,0.0600626635,3949.0,-0.315486233,-0.4277733662,3949.0,3949.0,-0.4135574898,3949.0,-0.3373623763,3649.0,13.2352494302,902.3609843645,14.0,538.0,0.8564062785,65748.0,102.0,1903.3,0.0025552108,3.9774802106,3.7529498488,3949.0,3949.0,3.7814198826,3949.0,3.883892401,3649.0,0.9399373365,0.0,1,1,1,1,1,1,1,1,1,1,1,1,1,1,1,1,1,1,1,1,1,1,1,1,1,1,1,1,1,1,1,1,1
xgboost,20,29.0,1,reset,2,0.1004137008,65748.0,0.0543286488,0.0676218288,4446.0,-0.2369037235,-0.4381988782,4446.0,4446.0,-0.3548251743,4446.0,-0.2859949465,4096.0,13.130454341,821.4843949626,14.0,517.0,0.8415160917,65748.0,110.0,1695.0,0.0037415587,3.5766138935,3.1741103282,4446.0,4446.0,3.3408582344,4446.0,3.4110979415,4096.0,0.9323781712,0.0,1,1,1,1,1,1,1,1,1,1,1,1,1,1,1,1,1,1,1,1,1,1,1,1,1,1,1,1,1,1,1,1,1
xgboost,20,29.0,1,reset,3,0.1126422096,65748.0,0.0537963132,0.0669221877,4400.0,-0.2602475704,-0.5681931846,4400.0,4400.0,-0.4704606088,4400.0,-0.3908952645,4051.0,13.33,770.4286518221,14.0,481.0,0.8301849486,65748.0,100.0,1565.0,0.0033765286,4.0361000492,3.4204491199,4400.0,4400.0,3.6158537593,4400.0,3.711040956,4051.0,0.9330778123,0.0,1,1,1,1,1,1,1,1,1,1,1,1,1,1,1,1,1,1,1,1,1,1,1,1,1,1,1,1,1,1,1,1,1
xgboost,20,29.0,1,reset,4,0.1164428356,65749.0,0.0576130435,0.0730353313,4802.0,-0.3266686299,-0.6148503322,4802.0,4802.0,-0.5102583227,4802.0,-0.4802951121,4445.0,13.2065805914,726.4067286194,14.0,463.0,0.8221722003,65749.0,95.0,1489.0,0.0037719205,3.9209556188,3.3447984677,4802.0,4802.0,3.553950135,4802.0,3.5725785283,4445.0,0.9269646687,0.0,1,1,1,1,1,1,1,1,1,1,1,1,1,1,1,1,1,1,1,1,1,1,1,1,1,1,1,1,1,1,1,1,1
xgboost,20,29.0,1,reset,5,0.1140853853,65749.0,0.063088412,0.0751646413,4942.0,-0.2676541853,-0.4596711787,4942.0,4942.0,-0.3999251633,4942.0,-0.3774340296,4596.0,12.8225414812,676.2323533438,13.0,404.0,0.8197082845,65749.0,79.0,1492.0,0.0031179181,3.8333107045,3.4492197498,4942.0,4942.0,3.5687474938,4942.0,3.5744757217,4596.0,0.9248353587,0.0,1,1,1,1,1,1,1,1,1,1,1,1,1,1,1,1,1,1,1,1,1,1,1,1,1,1,1,1,1,1,1,1,1
xgboost,20,29.0,1,reset,6,0.10835805,65745.0,0.0585747966,0.0701802418,4614.0,-0.2515235478,-0.5297819334,4614.0,4614.0,-0.4495086117,4614.0,-0.3890017529,4307.0,12.8966189857,691.9422465587,13.0,406.0,0.8293406343,65745.0,80.0,1566.0,0.0037265191,3.8862671399,3.3295757865,4614.0,4614.0,3.4901574975,4614.0,3.5364923635,4307.0,0.9298197582,0.0,1,1,1,1,1,1,1,1,1,1,1,1,1,1,1,1,1,1,1,1,1,1,1,1,1,1,1,1,1,1,1,1,1
xgboost,20,29.0,1,reset,7,0.10499019,65749.0,0.0610807769,0.0739326834,4861.0,-0.2296652212,-0.4542413991,4861.0,4861.0,-0.3742708328,4861.0,-0.3518619742,4553.0,12.6035795104,676.7833579218,13.0,406.0,0.8301419033,65749.0,72.0,1536.0,0.0037871298,3.7402093568,3.2908817322,4861.0,4861.0,3.450881194,4861.0,3.4696734827,4553.0,0.9260673166,0.0,1,1,1,1,1,1,1,1,1,1,1,1,1,1,1,1,1,1,1,1,1,1,1,1,1,1,1,1,1,1,1,1,1
xgboost,20,29.0,1,reset,8,0.1136156233,65748.0,0.0650209892,0.0770365638,5065.0,-0.2880856309,-0.4820493468,5065.0,5065.0,-0.3986081345,5065.0,-0.3797266408,4700.0,12.876011846,692.4768966356,13.0,397.0,0.8179412302,65748.0,70.0,1571.0,0.0034221573,3.8186102588,3.4305735916,5065.0,5065.0,3.5974330099,5065.0,3.5757414168,4700.0,0.9229634362,0.0,1,1,1,1,1,1,1,1,1,1,1,1,1,1,1,1,1,1,1,1,1,1,1,1,1,1,1,1,1,1,1,1,1
xgboost,20,29.0,1,reset,9,0.1172390716,65746.0,0.0630000304,0.0763240349,5018.0,-0.2953678086,-0.6597657902,5018.0,5018.0,-0.4970660722,5018.0,-0.4988950837,4687.0,12.8834196891,732.4565448849,13.0,413.0,0.8172360296,65746.0,67.0,1711.0,0.0025248684,4.2677608363,3.5387447041,5018.0,5018.0,3.8641971878,5018.0,3.795154019,4687.0,0.9236759651,0.0,1,1,1,1,1,1,1,1,1,1,1,1,1,1,1,1,1,1,1,1,1,1,1,1,1,1,1,1,1,1,1,1,1
xgboost,20,29.0,1,reset,10,0.1298138346,65748.0,0.0546784693,0.0670134453,4406.0,-0.2281641775,-0.4058940432,4406.0,4406.0,-0.3170967409,4406.0,-0.2937225573,4091.0,13.1924648207,858.0045324573,14.0,476.0,0.8132110482,65748.0,64.0,2074.0,0.0022966478,4.7381389531,4.3824434281,4406.0,4406.0,4.5600496095,4406.0,4.5147087835,4091.0,0.9329865547,0.0,1,1,1,1,1,1,1,1,1,1,1,1,1,1,1,1,1,1,1,1,1,1,1,1,1,1,1,1,1,1,1,1,1
xgboost,20,29.0,1,retain,1,0.0922157328,65748.0,0.0488227779,0.0600626635,3949.0,-0.315486233,-0.4277733662,3949.0,3949.0,-0.4135574898,3949.0,-0.3373623763,3649.0,13.2352494302,902.3609843645,14.0,538.0,0.8564062785,65748.0,102.0,1903.3,0.0025552108,3.9774802106,3.7529498488,3949.0,3949.0,3.7814198826,3949.0,3.883892401,3649.0,0.9399373365,0.0,1,1,1,1,1,1,1,1,1,1,1,1,1,1,1,1,1,1,1,1,1,1,1,1,1,1,1,1,1,1,1,1,1
xgboost,20,29.0,1,retain,2,0.1004137008,65748.0,0.0543286488,0.0676218288,4446.0,-0.2369037235,-0.4381988782,4446.0,4446.0,-0.3548251743,4446.0,-0.2859949465,4096.0,13.130454341,821.4843949626,14.0,517.0,0.8415160917,65748.0,110.0,1695.0,0.0037415587,3.5766138935,3.1741103282,4446.0,4446.0,3.3408582344,4446.0,3.4110979415,4096.0,0.9323781712,0.0,1,1,1,1,1,1,1,1,1,1,1,1,1,1,1,1,1,1,1,1,1,1,1,1,1,1,1,1,1,1,1,1,1
xgboost,20,29.0,1,retain,3,0.1126422096,65748.0,0.0537963132,0.0669221877,4400.0,-0.2602475704,-0.5681931846,4400.0,4400.0,-0.4704606088,4400.0,-0.3908952645,4051.0,13.33,770.4286518221,14.0,481.0,0.8301849486,65748.0,100.0,1565.0,0.0033765286,4.0361000492,3.4204491199,4400.0,4400.0,3.6158537593,4400.0,3.711040956,4051.0,0.9330778123,0.0,1,1,1,1,1,1,1,1,1,1,1,1,1,1,1,1,1,1,1,1,1,1,1,1,1,1,1,1,1,1,1,1,1
xgboost,20,29.0,1,retain,4,0.1164428356,65749.0,0.0576130435,0.0730353313,4802.0,-0.3266686299,-0.6148503322,4802.0,4802.0,-0.5102583227,4802.0,-0.4802951121,4445.0,13.2065805914,726.4067286194,14.0,463.0,0.8221722003,65749.0,95.0,1489.0,0.0037719205,3.9209556188,3.3447984677,4802.0,4802.0,3.553950135,4802.0,3.5725785283,4445.0,0.9269646687,0.0,1,1,1,1,1,1,1,1,1,1,1,1,1,1,1,1,1,1,1,1,1,1,1,1,1,1,1,1,1,1,1,1,1
xgboost,20,29.0,1,retain,5,0.1140853853,65749.0,0.063088412,0.0751646413,4942.0,-0.2676541853,-0.4596711787,4942.0,4942.0,-0.3999251633,4942.0,-0.3774340296,4596.0,12.8225414812,676.2323533438,13.0,404.0,0.8197082845,65749.0,79.0,1492.0,0.0031179181,3.8333107045,3.4492197498,4942.0,4942.0,3.5687474938,4942.0,3.5744757217,4596.0,0.9248353587,0.0,1,1,1,1,1,1,1,1,1,1,1,1,1,1,1,1,1,1,1,1,1,1,1,1,1,1,1,1,1,1,1,1,1
xgboost,20,29.0,1,retain,6,0.10835805,65745.0,0.0585747966,0.0701802418,4614.0,-0.2515235478,-0.5297819334,4614.0,4614.0,-0.4495086117,4614.0,-0.3890017529,4307.0,12.8966189857,691.9422465587,13.0,406.0,0.8293406343,65745.0,80.0,1566.0,0.0037265191,3.8862671399,3.3295757865,4614.0,4614.0,3.4901574975,4614.0,3.5364923635,4307.0,0.9298197582,0.0,1,1,1,1,1,1,1,1,1,1,1,1,1,1,1,1,1,1,1,1,1,1,1,1,1,1,1,1,1,1,1,1,1
xgboost,20,29.0,1,retain,7,0.10499019,65749.0,0.0610807769,0.0739326834,4861.0,-0.2296652212,-0.4542413991,4861.0,4861.0,-0.3742708328,4861.0,-0.3518619742,4553.0,12.6035795104,676.7833579218,13.0,406.0,0.8301419033,65749.0,72.0,1536.0,0.0037871298,3.7402093568,3.2908817322,4861.0,4861.0,3.450881194,4861.0,3.4696734827,4553.0,0.9260673166,0.0,1,1,1,1,1,1,1,1,1,1,1,1,1,1,1,1,1,1,1,1,1,1,1,1,1,1,1,1,1,1,1,1,1
xgboost,20,29.0,1,retain,8,0.1136156233,65748.0,0.0650209892,0.0770365638,5065.0,-0.2880856309,-0.4820493468,5065.0,5065.0,-0.3986081345,5065.0,-0.3797266408,4700.0,12.876011846,692.4768966356,13.0,397.0,0.8179412302,65748.0,70.0,1571.0,0.0034221573,3.8186102588,3.4305735916,5065.0,5065.0,3.5974330099,5065.0,3.5757414168,4700.0,0.9229634362,0.0,1,1,1,1,1,1,1,1,1,1,1,1,1,1,1,1,1,1,1,1,1,1,1,1,1,1,1,1,1,1,1,1,1
xgboost,20,29.0,1,retain,9,0.1172390716,65746.0,0.0630000304,0.0763240349,5018.0,-0.2953678086,-0.6597657902,5018.0,5018.0,-0.4970660722,5018.0,-0.4988950837,4687.0,12.8834196891,732.4565448849,13.0,413.0,0.8172360296,65746.0,67.0,1711.0,0.0025248684,4.2677608363,3.5387447041,5018.0,5018.0,3.8641971878,5018.0,3.795154019,4687.0,0.9236759651,0.0,1,1,1,1,1,1,1,1,1,1,1,1,1,1,1,1,1,1,1,1,1,1,1,1,1,1,1,1,1,1,1,1,1
xgboost,20,29.0,1,retain,10,0.1298138346,65748.0,0.0546784693,0.0670134453,4406.0,-0.2281641775,-0.4058940432,4406.0,4406.0,-0.3170967409,4406.0,-0.2937225573,4091.0,13.1924648207,858.0045324573,14.0,476.0,0.8132110482,65748.0,64.0,2074.0,0.0022966478,4.7381389531,4.3824434281,4406.0,4406.0,4.5600496095,4406.0,4.5147087835,4091.0,0.9329865547,0.0,1,1,1,1,1,1,1,1,1,1,1,1,1,1,1,1,1,1,1,1,1,1,1,1,1,1,1,1,1,1,1,1,1
xgboost,20,29.0,5,reset,1,0.0946644765,65748.0,0.0487315204,0.0603820649,3970.0,-0.2956298571,-0.3831820604,3970.0,3970.0,-0.3698010612,3970.0,-0.1949093827,2514.0,13.156675063,877.3698515544,14.0,524.0,0.8538206485,65748.0,100.0,1873.0,0.0027833546,3.9066215487,3.7315295639,3970.0,3970.0,3.7582945528,3970.0,3.8253170865,2514.0,0.9396179351,0.0,1,1,1,1,1,1,1,1,1,1,1,1,1,1,1,1,1,1,1,1,1,1,1,1,1,1,1,1,1,1,1,1,1
xgboost,20,29.0,5,reset,2,0.1020563363,65748.0,0.0563819432,0.0697359616,4585.0,-0.2208064096,-0.49494833,4585.0,4585.0,-0.3780641007,4585.0,-0.2247063705,2861.0,13.1524536532,811.855797895,14.0,507.0,0.8378810002,65748.0,100.0,1676.0,0.0036807203,3.749296424,3.201113746,4585.0,4585.0,3.4348813341,4585.0,3.3737705828,2861.0,0.9302640384,0.0,1,1,1,1,1,1,1,1,1,1,1,1,1,1,1,1,1,1,1,1,1,1,1,1,1,1,1,1,1,1,1,1,1
xgboost,20,29.0,5,reset,3,0.1159122711,65748.0,0.0561385898,0.0691427876,4546.0,-0.246836647,-0.6073573936,4546.0,4546.0,-0.4637279398,4546.0,-0.3244970698,2811.0,13.3629564452,762.9594664476,14.0,475.0,0.8250441078,65748.0,94.0,1553.0,0.0029050313,4.2169300374,3.4961488078,4546.0,4546.0,3.7833298823,4546.0,3.6992576135,2811.0,0.9308572124,0.0,1,1,1,1,1,1,1,1,1,1,1,1,1,1,1,1,1,1,1,1,1,1,1,1,1,1,1,1,1,1,1,1,1
xgboost,20,29.0,5,reset,4,0.1193782415,65749.0,0.057719509,0.0737653805,4850.0,-0.3418193709,-0.667954539,4850.0,4850.0,-0.5335784433,4850.0,-0.4184410763,3071.0,13.1101030928,725.6525270346,14.0,459.0,0.8191455383,65749.0,91.0,1500.0,0.0037567111,3.7491862915,3.0971218213,4850.0,4850.0,3.3658345455,4850.0,3.2757780596,3071.0,0.9262346195,0.0,1,1,1,1,1,1,1,1,1,1,1,1,1,1,1,1,1,1,1,1,1,1,1,1,1,1,1,1,1,1,1,1,1
xgboost,20,29.0,5,reset,5,0.1152412964,65749.0,0.0632861336,0.0756513407,4974.0,-0.2649399678,-0.4527427958,4974.0,4974.0,-0.394498419,4974.0,-0.294266904,3278.0,12.8512263772,674.1032411139,13.0,401.0,0.8182633956,65749.0,76.0,1481.2,0.0032091743,3.7974015171,3.4217348496,4974.0,4974.0,3.5382744746,4974.0,3.566748498,3278.0,0.9243486593,0.0,1,1,1,1,1,1,1,1,1,1,1,1,1,1,1,1,1,1,1,1,1,1,1,1,1,1,1,1,1,1,1,1,1
xgboost,20,29.0,5,reset,6,0.1101376531,65745.0,0.0593353107,0.0707886531,4654.0,-0.2458901448,-0.5397514912,4654.0,4654.0,-0.464628911,4654.0,-0.3204663416,3050.0,12.9413407821,689.0307856111,13.0,403.0,0.8271503536,65745.0,80.0,1566.0,0.0033766826,4.0676842841,3.4797899245,4654.0,4654.0,3.6300590427,4654.0,3.6191651329,3050.0,0.9292113469,0.0,1,1,1,1,1,1,1,1,1,1,1,1,1,1,1,1,1,1,1,1,1,1,1,1,1,1,1,1,1,1,1,1,1
xgboost,20,29.0,5,reset,7,0.107636618,65749.0,0.0619325009,0.0753623629,4955.0,-0.2244004173,-0.5124183896,4955.0,4955.0,-0.4106238669,4955.0,-0.2391512153,3231.0,12.785469223,671.8375944881,13.0,400.0,0.8267045887,65749.0,71.0,1525.0,0.0037262924,3.5100649207,2.9338883314,4955.0,4955.0,3.1375206441,4955.0,3.2575542372,3231.0,0.9246376371,0.0,1,1,1,1,1,1,1,1,1,1,1,1,1,1,1,1,1,1,1,1,1,1,1,1,1,1,1,1,1,1,1,1,1
xgboost,20,29.0,5,reset,8,0.1140871205,65748.0,0.0644278153,0.0772951268,5082.0,-0.266296869,-0.4747727421,5082.0,5082.0,-0.3616167512,5082.0,-0.292095693,3331.0,12.8282172373,688.2928302002,13.0,397.0,0.8180172781,65748.0,69.0,1561.0,0.0034677861,3.8501115366,3.4330787109,5082.0,5082.0,3.6593605137,5082.0,3.4677977905,3331.0,0.9227048732,0.0,1,1,1,1,1,1,1,1,1,1,1,1,1,1,1,1,1,1,1,1,1,1,1,1,1,1,1,1,1,1,1,1,1
xgboost,20,29.0,5,reset,9,0.1202658717,65746.0,0.0649317069,0.0791683144,5205.0,-0.2864130125,-0.5537114934,5205.0,5205.0,-0.4868745045,5205.0,-0.3625012957,3391.0,12.925456292,725.7486995407,13.0,407.0,0.8118516716,65746.0,69.0,1697.5,0.0029507499,4.1513629419,3.6166198058,5205.0,5205.0,3.7502931397,5205.0,3.6404590796,3391.0,0.9208316856,0.0,1,1,1,1,1,1,1,1,1,1,1,1,1,1,1,1,1,1,1,1,1,1,1,1,1,1,1,1,1,1,1,1,1
xgboost,20,29.0,5,reset,10,0.1308632962,65748.0,0.0584048184,0.0715611121,4705.0,-0.2538827264,-0.3817417998,4705.0,4705.0,-0.3378004486,4705.0,-0.1873528843,3095.0,12.9774707758,835.4385228448,13.0,455.0,0.808085417,65748.0,65.0,2050.9,0.0026464683,4.4782282217,4.2222514897,4705.0,4705.0,4.3101280194,4705.0,4.1809900542,3095.0,0.9284388879,0.0,1,1,1,1,1,1,1,1,1,1,1,1,1,1,1,1,1,1,1,1,1,1,1,1,1,1,1,1,1,1,1,1,1
xgboost,20,29.0,5,retain,1,0.0946644765,65748.0,0.0487315204,0.0603820649,3970.0,-0.2956298571,-0.3831820604,3970.0,3970.0,-0.3698010612,3970.0,-0.1949093827,2514.0,13.156675063,877.3698515544,14.0,524.0,0.8538206485,65748.0,100.0,1873.0,0.0027833546,3.9066215487,3.7315295639,3970.0,3970.0,3.7582945528,3970.0,3.8253170865,2514.0,0.9396179351,0.0,1,1,1,1,1,1,1,1,1,1,1,1,1,1,1,1,1,1,1,1,1,1,1,1,1,1,1,1,1,1,1,1,1
xgboost,20,29.0,5,retain,2,0.1020563363,65748.0,0.0563819432,0.0697359616,4585.0,-0.2208064096,-0.49494833,4585.0,4585.0,-0.3780641007,4585.0,-0.2247063705,2861.0,13.1524536532,811.855797895,14.0,507.0,0.8378810002,65748.0,100.0,1676.0,0.0036807203,3.749296424,3.201113746,4585.0,4585.0,3.4348813341,4585.0,3.3737705828,2861.0,0.9302640384,0.0,1,1,1,1,1,1,1,1,1,1,1,1,1,1,1,1,1,1,1,1,1,1,1,1,1,1,1,1,1,1,1,1,1
xgboost,20,29.0,5,retain,3,0.1159122711,65748.0,0.0561385898,0.0691427876,4546.0,-0.246836647,-0.6073573936,4546.0,4546.0,-0.4637279398,4546.0,-0.3244970698,2811.0,13.3629564452,762.9594664476,14.0,475.0,0.8250441078,65748.0,94.0,1553.0,0.0029050313,4.2169300374,3.4961488078,4546.0,4546.0,3.7833298823,4546.0,3.6992576135,2811.0,0.9308572124,0.0,1,1,1,1,1,1,1,1,1,1,1,1,1,1,1,1,1,1,1,1,1,1,1,1,1,1,1,1,1,1,1,1,1
xgboost,20,29.0,5,retain,4,0.1193782415,65749.0,0.057719509,0.0737653805,4850.0,-0.3418193709,-0.667954539,4850.0,4850.0,-0.5335784433,4850.0,-0.4184410763,3071.0,13.1101030928,725.6525270346,14.0,459.0,0.8191455383,65749.0,91.0,1500.0,0.0037567111,3.7491862915,3.0971218213,4850.0,4850.0,3.3658345455,4850.0,3.2757780596,3071.0,0.9262346195,0.0,1,1,1,1,1,1,1,1,1,1,1,1,1,1,1,1,1,1,1,1,1,1,1,1,1,1,1,1,1,1,1,1,1
xgboost,20,29.0,5,retain,5,0.1152412964,65749.0,0.0632861336,0.0756513407,4974.0,-0.2649399678,-0.4527427958,4974.0,4974.0,-0.394498419,4974.0,-0.294266904,3278.0,12.8512263772,674.1032411139,13.0,401.0,0.8182633956,65749.0,76.0,1481.2,0.0032091743,3.7974015171,3.4217348496,4974.0,4974.0,3.5382744746,4974.0,3.566748498,3278.0,0.9243486593,0.0,1,1,1,1,1,1,1,1,1,1,1,1,1,1,1,1,1,1,1,1,1,1,1,1,1,1,1,1,1,1,1,1,1
xgboost,20,29.0,5,retain,6,0.1101376531,65745.0,0.0593353107,0.0707886531,4654.0,-0.2458901448,-0.5397514912,4654.0,4654.0,-0.464628911,4654.0,-0.3204663416,3050.0,12.9413407821,689.0307856111,13.0,403.0,0.8271503536,65745.0,80.0,1566.0,0.0033766826,4.0676842841,3.4797899245,4654.0,4654.0,3.6300590427,4654.0,3.6191651329,3050.0,0.9292113469,0.0,1,1,1,1,1,1,1,1,1,1,1,1,1,1,1,1,1,1,1,1,1,1,1,1,1,1,1,1,1,1,1,1,1
xgboost,20,29.0,5,retain,7,0.107636618,65749.0,0.0619325009,0.0753623629,4955.0,-0.2244004173,-0.5124183896,4955.0,4955.0,-0.4106238669,4955.0,-0.2391512153,3231.0,12.785469223,671.8375944881,13.0,400.0,0.8267045887,65749.0,71.0,1525.0,0.0037262924,3.5100649207,2.9338883314,4955.0,4955.0,3.1375206441,4955.0,3.2575542372,3231.0,0.9246376371,0.0,1,1,1,1,1,1,1,1,1,1,1,1,1,1,1,1,1,1,1,1,1,1,1,1,1,1,1,1,1,1,1,1,1
xgboost,20,29.0,5,retain,8,0.1140871205,65748.0,0.0644278153,0.0772951268,5082.0,-0.266296869,-0.4747727421,5082.0,5082.0,-0.3616167512,5082.0,-0.292095693,3331.0,12.8282172373,688.2928302002,13.0,397.0,0.8180172781,65748.0,69.0,1561.0,0.0034677861,3.8501115366,3.4330787109,5082.0,5082.0,3.6593605137,5082.0,3.4677977905,3331.0,0.9227048732,0.0,1,1,1,1,1,1,1,1,1,1,1,1,1,1,1,1,1,1,1,1,1,1,1,1,1,1,1,1,1,1,1,1,1
xgboost,20,29.0,5,retain,9,0.1202658717,65746.0,0.0649317069,0.0791683144,5205.0,-0.2864130125,-0.5537114934,5205.0,5205.0,-0.4868745045,5205.0,-0.3625012957,3391.0,12.925456292,725.7486995407,13.0,407.0,0.8118516716,65746.0,69.0,1697.5,0.0029507499,4.1513629419,3.6166198058,5205.0,5205.0,3.7502931397,5205.0,3.6404590796,3391.0,0.9208316856,0.0,1,1,1,1,1,1,1,1,1,1,1,1,1,1,1,1,1,1,1,1,1,1,1,1,1,1,1,1,1,1,1,1,1
xgboost,20,29.0,5,retain,10,0.1308632962,65748.0,0.0584048184,0.0715611121,4705.0,-0.2538827264,-0.3817417998,4705.0,4705.0,-0.3378004486,4705.0,-0.1873528843,3095.0,12.9774707758,835.4385228448,13.0,455.0,0.808085417,65748.0,65.0,2050.9,0.0026464683,4.4782282217,4.2222514897,4705.0,4705.0,4.3101280194,4705.0,4.1809900542,3095.0,0.9284388879,0.0,1,1,1,1,1,1,1,1,1,1,1,1,1,1,1,1,1,1,1,1,1,1,1,1,1,1,1,1,1,1,1,1,1
xgboost,20,,0,reset,1,0.048476316125,84129.5,0.013923468375000001,0.017510051945,1446.15,-0.14680187491500002,-0.4160363339,1445.35,1446.1,-0.29497675836,1445.8,-0.24883912074000003,1446.15,14.354076288275,2133.322748980045,14.95,1485.525,0.936423168715,84129.5,490.35,4074.5,0.00117704679,3.3880886836800004,2.84961693663,1445.35,1446.1,3.09124321904,1445.8,3.1845499314200003,1446.15,0.982489948055,0.0,20,20,20,20,20,20,20,20,20,20,20,20,20,20,20,20,20,20,20,20,20,20,20,20,20,20,20,20,20,20,20,20,20
xgboost,20,,0,reset,2,0.06371647235,84133.85,0.014122349240000002,0.018016639275000003,1472.15,-0.18176678656,-0.433196391195,1471.2,1472.15,-0.303090455045,1471.75,-0.25521939837,1472.15,14.175674181069999,1756.2087091385201,14.9,1277.8,0.9209573422249999,84133.85,468.23,3353.8,0.0012038361949999999,4.64223541886,4.139263122595,1471.2,1472.15,4.398682948199999,1471.75,4.49536826651,1472.15,0.981983360725,0.0,20,20,20,20,20,20,20,20,20,20,20,20,20,20,20,20,20,20,20,20,20,20,20,20,20,20,20,20,20,20,20,20,20
xgboost,20,,0,reset,3,0.0737357555,84121.35,0.018177990455,0.0232814538,1902.15,-0.15288898855,-0.5381739266500001,1900.8,1902.1,-0.38311072056,1902.0,-0.323288717355,1902.15,14.110142214935,1405.763399470275,14.7,1053.6,0.9065977911099999,84121.35,386.685,2698.05,0.001488462945,4.77091990717,4.002996727775,1900.8,1902.1,4.31060393774,1902.0,4.430225077185,1902.15,0.9767185462000001,0.0,20,20,20,20,20,20,20,20,20,20,20,20,20,20,20,20,20,20,20,20,20,20,20,20,20,20,20,20,20,20,20,20,20
xgboost,20,,0,reset,4,0.082381185375,84124.2,0.021737638255,0.027998927090000004,2271.4,-0.18238933907,-0.50607457458,2270.35,2271.35,-0.380466496235,2271.25,-0.33208955177,2271.4,14.061020359585001,1173.2721759370002,14.6,910.575,0.8938081383,84124.2,302.1,2283.4049999999997,0.00207303808,4.823713941585,4.17729269793,2270.35,2271.35,4.427938213885,2271.25,4.52477509854,2271.4,0.97200107291,0.0,20,20,20,20,20,20,20,20,20,20,20,20,20,20,20,20,20,20,20,20,20,20,20,20,20,20,20,20,20,20,20,20,20
xgboost,20,,0,reset,5,0.09555293594,84120.35,0.0257854225,0.033287513325000004,2693.15,-0.194951918765,-0.595926893755,2692.1,2693.1,-0.42081868654,2692.5,-0.391766692855,2693.15,13.941108969145,975.56447918447,14.45,758.575,0.8762157757000001,84120.35,241.785,1914.9650000000001,0.00244586587,5.2891817988200005,4.487398693275,2692.1,2693.1,4.8380752363349995,2692.5,4.896011984755,2693.15,0.9667124866750001,0.0,20,20,20,20,20,20,20,20,20,20,20,20,20,20,20,20,20,20,20,20,20,20,20,20,20,20,20,20,20,20,20,20,20
xgboost,20,,0,reset,6,0.09196316811000001,84130.75,0.025031926269999998,0.032421630125,2622.8,-0.13163984494,-0.49519919123499995,2621.1,2622.8,-0.331366569385,2622.25,-0.30526273686,2622.8,13.881911490184999,942.84655535352,14.5,738.5,0.8808187039150001,84130.75,227.83,1855.405,0.002186201725,5.31270726576,4.585168390335,2621.1,2622.8,4.913268151685,2622.25,4.96532786826,2622.8,0.9675783698749999,0.0,20,20,20,20,20,20,20,20,20,20,20,20,20,20,20,20,20,20,20,20,20,20,20,20,20,20,20,20,20,20,20,20,20
xgboost,20,,0,reset,7,0.08430696114,84119.55,0.020732712415,0.02641016712,2123.0,-0.17546794386,-0.48690534495,2121.0,2122.9,-0.317943195535,2122.4,-0.297072690425,2123.0,14.073744924869999,1108.4539003301202,14.6,868.9,0.8930964569300001,84119.55,287.7,2181.4049999999997,0.001863869495,5.15001962823,4.52904854501,2121.0,2122.9,4.86649086024,2122.4,4.906542296375,2123.0,0.9735898328799999,0.0,20,20,20,20,20,20,20,20,20,20,20,20,20,20,20,20,20,20,20,20,20,20,20,20,20,20,20,20,20,20,20,20,20
xgboost,20,,0,reset,8,0.07699088358,84123.95,0.016473067259999998,0.020995288625,1705.1,-0.161278273035,-0.48410822291999994,1704.2,1705.1,-0.31991388869500004,1704.7,-0.272147214525,1705.1,14.18069889311,1328.4185086171751,14.85,1036.15,0.905025539155,84123.95,362.3,2591.77,0.0015105099949999999,5.142575169655,4.500394558305,1704.2,1705.1,4.82661509531,1704.7,4.92074209823,1705.1,0.9790047113749999,0.0,20,20,20,20,20,20,20,20,20,20,20,20,20,20,20,20,20,20,20,20,20,20,20,20,20,20,20,20,20,20,20,20,20
xgboost,20,,0,reset,9,0.06426702937499999,84127.15,0.013624626309999999,0.0173411905,1404.05,-0.13721955124500002,-0.470915788665,1403.05,1404.0,-0.28145196201,1403.8,-0.26649561864,1404.05,14.301438306,1603.7451771588499,15.05,1236.15,0.9208003087,84127.15,454.84,3093.45,0.00130803563,4.51121530363,3.84467563441,1403.05,1404.0,4.22326765994,1403.8,4.252607639254999,1404.05,0.9826588095,0.0,20,20,20,20,20,20,20,20,20,20,20,20,20,20,20,20,20,20,20,20,20,20,20,20,20,20,20,20,20,20,20,20,20
xgboost,20,,0,reset,10,0.04697798223,84118.45,0.01296754729,0.016385005835,1365.35,-0.0862258596,-0.33667761899,1364.45,1365.35,-0.21840514305999997,1365.05,-0.159516869075,1365.35,14.296046625139999,1927.74534581242,14.95,1445.95,0.93891720771,84118.45,469.55,3726.9,0.0011372627349999999,3.694579015465,3.190059413805,1364.45,1365.35,3.4305924808999997,1365.05,3.5479490714249997,1365.35,0.983614994165,0.0,20,20,20,20,20,20,20,20,20,20,20,20,20,20,20,20,20,20,20,20,20,20,20,20,20,20,20,20,20,20,20,20,20
xgboost,20,,0,retain,1,0.048476316125,84129.5,0.013923468375000001,0.017510051945,1446.15,-0.14680187491500002,-0.4160363339,1445.35,1446.1,-0.29497675836,1445.8,-0.24883912074000003,1446.15,14.354076288275,2133.322748980045,14.95,1485.525,0.936423168715,84129.5,490.35,4074.5,0.00117704679,3.3880886836800004,2.84961693663,1445.35,1446.1,3.09124321904,1445.8,3.1845499314200003,1446.15,0.982489948055,0.0,20,20,20,20,20,20,20,20,20,20,20,20,20,20,20,20,20,20,20,20,20,20,20,20,20,20,20,20,20,20,20,20,20
xgboost,20,,0,retain,2,0.06371647235,84133.85,0.014122349240000002,0.018016639275000003,1472.15,-0.18176678656,-0.433196391195,1471.2,1472.15,-0.303090455045,1471.75,-0.25521939837,1472.15,14.175674181069999,1756.2087091385201,14.9,1277.8,0.9209573422249999,84133.85,468.23,3353.8,0.0012038361949999999,4.64223541886,4.139263122595,1471.2,1472.15,4.398682948199999,1471.75,4.49536826651,1472.15,0.981983360725,0.0,20,20,20,20,20,20,20,20,20,20,20,20,20,20,20,20,20,20,20,20,20,20,20,20,20,20,20,20,20,20,20,20,20
xgboost,20,,0,retain,3,0.0737357555,84121.35,0.018177990455,0.0232814538,1902.15,-0.15288898855,-0.5381739266500001,1900.8,1902.1,-0.38311072056,1902.0,-0.323288717355,1902.15,14.110142214935,1405.763399470275,14.7,1053.6,0.9065977911099999,84121.35,386.685,2698.05,0.001488462945,4.77091990717,4.002996727775,1900.8,1902.1,4.31060393774,1902.0,4.430225077185,1902.15,0.9767185462000001,0.0,20,20,20,20,20,20,20,20,20,20,20,20,20,20,20,20,20,20,20,20,20,20,20,20,20,20,20,20,20,20,20,20,20
xgboost,20,,0,retain,4,0.082381185375,84124.2,0.021737638255,0.027998927090000004,2271.4,-0.18238933907,-0.50607457458,2270.35,2271.35,-0.380466496235,2271.25,-0.33208955177,2271.4,14.061020359585001,1173.2721759370002,14.6,910.575,0.8938081383,84124.2,302.1,2283.4049999999997,0.00207303808,4.823713941585,4.17729269793,2270.35,2271.35,4.427938213885,2271.25,4.52477509854,2271.4,0.97200107291,0.0,20,20,20,20,20,20,20,20,20,20,20,20,20,20,20,20,20,20,20,20,20,20,20,20,20,20,20,20,20,20,20,20,20
xgboost,20,,0,retain,5,0.09555293594,84120.35,0.0257854225,0.033287513325000004,2693.15,-0.194951918765,-0.595926893755,2692.1,2693.1,-0.42081868654,2692.5,-0.391766692855,2693.15,13.941108969145,975.56447918447,14.45,758.575,0.8762157757000001,84120.35,241.785,1914.9650000000001,0.00244586587,5.2891817988200005,4.487398693275,2692.1,2693.1,4.8380752363349995,2692.5,4.896011984755,2693.15,0.9667124866750001,0.0,20,20,20,20,20,20,20,20,20,20,20,20,20,20,20,20,20,20,20,20,20,20,20,20,20,20,20,20,20,20,20,20,20
xgboost,20,,0,retain,6,0.09196316811000001,84130.75,0.025031926269999998,0.032421630125,2622.8,-0.13163984494,-0.49519919123499995,2621.1,2622.8,-0.331366569385,2622.25,-0.30526273686,2622.8,13.881911490184999,942.84655535352,14.5,738.5,0.8808187039150001,84130.75,227.83,1855.405,0.002186201725,5.31270726576,4.585168390335,2621.1,2622.8,4.913268151685,2622.25,4.96532786826,2622.8,0.9675783698749999,0.0,20,20,20,20,20,20,20,20,20,20,20,20,20,20,20,20,20,20,20,20,20,20,20,20,20,20,20,20,20,20,20,20,20
xgboost,20,,0,retain,7,0.08430696114,84119.55,0.020732712415,0.02641016712,2123.0,-0.17546794386,-0.48690534495,2121.0,2122.9,-0.317943195535,2122.4,-0.297072690425,2123.0,14.073744924869999,1108.4539003301202,14.6,868.9,0.8930964569300001,84119.55,287.7,2181.4049999999997,0.001863869495,5.15001962823,4.52904854501,2121.0,2122.9,4.86649086024,2122.4,4.906542296375,2123.0,0.9735898328799999,0.0,20,20,20,20,20,20,20,20,20,20,20,20,20,20,20,20,20,20,20,20,20,20,20,20,20,20,20,20,20,20,20,20,20
xgboost,20,,0,retain,8,0.07699088358,84123.95,0.016473067259999998,0.020995288625,1705.1,-0.161278273035,-0.48410822291999994,1704.2,1705.1,-0.31991388869500004,1704.7,-0.272147214525,1705.1,14.18069889311,1328.4185086171751,14.85,1036.15,0.905025539155,84123.95,362.3,2591.77,0.0015105099949999999,5.142575169655,4.500394558305,1704.2,1705.1,4.82661509531,1704.7,4.92074209823,1705.1,0.9790047113749999,0.0,20,20,20,20,20,20,20,20,20,20,20,20,20,20,20,20,20,20,20,20,20,20,20,20,20,20,20,20,20,20,20,20,20
xgboost,20,,0,retain,9,0.06426702937499999,84127.15,0.013624626309999999,0.0173411905,1404.05,-0.13721955124500002,-0.470915788665,1403.05,1404.0,-0.28145196201,1403.8,-0.26649561864,1404.05,14.301438306,1603.7451771588499,15.05,1236.15,0.9208003087,84127.15,454.84,3093.45,0.00130803563,4.51121530363,3.84467563441,1403.05,1404.0,4.22326765994,1403.8,4.252607639254999,1404.05,0.9826588095,0.0,20,20,20,20,20,20,20,20,20,20,20,20,20,20,20,20,20,20,20,20,20,20,20,20,20,20,20,20,20,20,20,20,20
xgboost,20,,0,retain,10,0.04697798223,84118.45,0.01296754729,0.016385005835,1365.35,-0.0862258596,-0.33667761899,1364.45,1365.35,-0.21840514305999997,1365.05,-0.159516869075,1365.35,14.296046625139999,1927.74534581242,14.95,1445.95,0.93891720771,84118.45,469.55,3726.9,0.0011372627349999999,3.694579015465,3.190059413805,1364.45,1365.35,3.4305924808999997,1365.05,3.5479490714249997,1365.35,0.983614994165,0.0,20,20,20,20,20,20,20,20,20,20,20,20,20,20,20,20,20,20,20,20,20,20,20,20,20,20,20,20,20,20,20,20,20
xgboost,20,,1,reset,1,0.05451803786,84129.5,0.015439241055,0.01968199165,1627.65,-0.12314818280499999,-0.36465424734999996,1626.6,1627.55,-0.25450447538,1627.2,-0.18742715272,1474.65,14.035799280334999,2105.270570056925,14.7,1462.7,0.92877273148,84129.5,456.78999999999996,4049.8300000000004,0.001269989605,3.4672730133750003,2.984469242475,1626.6,1627.55,3.20415258528,1627.2,3.3201832036299996,1474.65,0.9803180083499999,0.0,20,20,20,20,20,20,20,20,20,20,20,20,20,20,20,20,20,20,20,20,20,20,20,20,20,20,20,20,20,20,20,20,20
xgboost,20,,1,reset,2,0.066200325605,84133.85,0.015624286344999998,0.02004503587,1643.2,-0.1568300451,-0.39454063977500003,1642.05,1643.2,-0.2684182832,1642.65,-0.206984179075,1495.15,13.87299956376,1732.5994707423652,14.55,1260.6,0.9168891581149999,84133.85,431.825,3329.2599999999998,0.001286229935,4.646907344244999,4.17111284558,1642.05,1643.2,4.422578673925,1642.65,4.52138525214,1495.15,0.97995496413,0.0,20,20,20,20,20,20,20,20,20,20,20,20,20,20,20,20,20,20,20,20,20,20,20,20,20,20,20,20,20,20,20,20,20
xgboost,20,,1,reset,3,0.07585396685,84121.35,0.01962870224,0.025336850900000003,2073.15,-0.127100268245,-0.50419970944,2071.55,2073.05,-0.34616067192,2072.95,-0.285221121215,1887.25,13.870485569825002,1388.781116875595,14.55,1039.3,0.902949120795,84121.35,362.55,2684.495,0.00156821012,4.717040014135,3.965662087535,2071.55,2073.05,4.27902016679,2072.95,4.36482389606,1887.25,0.9746631491000001,0.0,20,20,20,20,20,20,20,20,20,20,20,20,20,20,20,20,20,20,20,20,20,20,20,20,20,20,20,20,20,20,20,20,20
xgboost,20,,1,reset,4,0.08456810789,84124.2,0.02308763464,0.029910128530000003,2429.75,-0.176730607305,-0.48869096325,2428.5,2429.65,-0.36411339468000004,2429.55,-0.298877585625,2216.25,13.849223516825,1162.629384071025,14.4,900.8,0.8901778834249999,84124.2,290.14,2276.2799999999997,0.00216637402,4.754348776315,4.131162910245,2428.5,2429.65,4.3799331823,2429.55,4.4653705263950005,2216.25,0.9700898714699999,0.0,20,20,20,20,20,20,20,20,20,20,20,20,20,20,20,20,20,20,20,20,20,20,20,20,20,20,20,20,20,20,20,20,20
xgboost,20,,1,reset,5,0.097559203055,84120.35,0.026910109314999996,0.035156557984999996,2845.35,-0.17902112897,-0.57274912628,2844.0,2845.25,-0.39421610764500004,2844.45,-0.35613587806,2604.5,13.724797257765,969.036799241785,14.25,751.95,0.8730388165299999,84120.35,231.8,1910.1299999999999,0.002491871085,5.141403854625,4.35435949176,2844.0,2845.25,4.711773989825,2844.45,4.73668551748,2604.5,0.964843442015,0.0,20,20,20,20,20,20,20,20,20,20,20,20,20,20,20,20,20,20,20,20,20,20,20,20,20,20,20,20,20,20,20,20,20
xgboost,20,,1,reset,6,0.09360370416,84130.75,0.025899019585,0.03379823179,2734.0,-0.123325133195,-0.49142749801,2732.05,2733.95,-0.32300605453,2733.25,-0.28762153152500003,2500.05,13.747839649055,937.668688318195,14.3,732.55,0.8782254071000001,84130.75,218.3,1854.72,0.00227186916,5.1804380359,4.4436499150849995,2732.05,2733.95,4.781035197065,2733.25,4.81458767089,2500.05,0.96620176821,0.0,20,20,20,20,20,20,20,20,20,20,20,20,20,20,20,20,20,20,20,20,20,20,20,20,20,20,20,20,20,20,20,20,20
xgboost,20,,1,reset,7,0.08669981924,84119.55,0.021802128245,0.028033348665000003,2255.95,-0.144525760615,-0.45878145714,2253.4,2255.8,-0.28816335475,2255.0,-0.255095895385,2059.7,13.864802842809999,1098.957863502995,14.35,857.75,0.889575798955,84119.55,277.55,2175.0950000000003,0.001922253565,5.12304722456,4.4968363011550005,2253.4,2255.8,4.837746260785,2255.0,4.87165440405,2059.7,0.9719666513349999,0.0,20,20,20,20,20,20,20,20,20,20,20,20,20,20,20,20,20,20,20,20,20,20,20,20,20,20,20,20,20,20,20,20,20
xgboost,20,,1,reset,8,0.07917302309999999,84123.95,0.017833026555,0.02293868886,1865.9,-0.136615281045,-0.45405291635999995,1864.9,1865.9,-0.28403395509,1865.4,-0.242095622285,1696.7,13.920017217855,1312.2411852139999,14.55,1021.125,0.9013899075099999,84123.95,340.75,2578.225,0.001604042805,5.085985919455,4.454243556890001,1864.9,1865.9,4.792758777815,1865.4,4.83329546298,1696.7,0.9770613111399999,0.0,20,20,20,20,20,20,20,20,20,20,20,20,20,20,20,20,20,20,20,20,20,20,20,20,20,20,20,20,20,20,20,20,20
xgboost,20,,1,reset,9,0.066902700855,84127.15,0.015140069665,0.019417185425,1579.05,-0.10193450177999999,-0.408888182695,1577.9,1578.95,-0.23183203310500003,1578.7,-0.19452358782,1432.35,13.98974325284,1582.491799674815,14.65,1219.1,0.916556835375,84127.15,423.285,3075.205,0.001400394105,4.52108656415,3.9083288158549996,1577.9,1578.95,4.26214458821,1578.7,4.3047448327349995,1432.35,0.9805828145750001,0.0,20,20,20,20,20,20,20,20,20,20,20,20,20,20,20,20,20,20,20,20,20,20,20,20,20,20,20,20,20,20,20,20,20
xgboost,20,,1,reset,10,0.054182041365,84118.45,0.014147055985,0.0181312015,1510.05,-0.0633132422,-0.29326323741000004,1508.85,1510.05,-0.17788595211,1509.6,-0.101594855555,1372.15,14.03589481246,1904.172495734325,14.7,1427.175,0.930440270435,84118.45,437.325,3698.655,0.00123063219,3.645438315195,3.184442185735,1508.85,1510.05,3.4167244890550004,1509.6,3.5440798433300005,1372.15,0.9818687985000001,0.0,20,20,20,20,20,20,20,20,20,20,20,20,20,20,20,20,20,20,20,20,20,20,20,20,20,20,20,20,20,20,20,20,20
xgboost,20,,1,retain,1,0.05451803786,84129.5,0.015439241055,0.01968199165,1627.65,-0.12314818280499999,-0.36465424734999996,1626.6,1627.55,-0.25450447538,1627.2,-0.18742715272,1474.65,14.035799280334999,2105.270570056925,14.7,1462.7,0.92877273148,84129.5,456.78999999999996,4049.8300000000004,0.001269989605,3.4672730133750003,2.984469242475,1626.6,1627.55,3.20415258528,1627.2,3.3201832036299996,1474.65,0.9803180083499999,0.0,20,20,20,20,20,20,20,20,20,20,20,20,20,20,20,20,20,20,20,20,20,20,20,20,20,20,20,20,20,20,20,20,20
xgboost,20,,1,retain,2,0.066200325605,84133.85,0.015624286344999998,0.02004503587,1643.2,-0.1568300451,-0.39454063977500003,1642.05,1643.2,-0.2684182832,1642.65,-0.206984179075,1495.15,13.87299956376,1732.5994707423652,14.55,1260.6,0.9168891581149999,84133.85,431.825,3329.2599999999998,0.001286229935,4.646907344244999,4.17111284558,1642.05,1643.2,4.422578673925,1642.65,4.52138525214,1495.15,0.97995496413,0.0,20,20,20,20,20,20,20,20,20,20,20,20,20,20,20,20,20,20,20,20,20,20,20,20,20,20,20,20,20,20,20,20,20
xgboost,20,,1,retain,3,0.07585396685,84121.35,0.01962870224,0.025336850900000003,2073.15,-0.127100268245,-0.50419970944,2071.55,2073.05,-0.34616067192,2072.95,-0.285221121215,1887.25,13.870485569825002,1388.781116875595,14.55,1039.3,0.902949120795,84121.35,362.55,2684.495,0.00156821012,4.717040014135,3.965662087535,2071.55,2073.05,4.27902016679,2072.95,4.36482389606,1887.25,0.9746631491000001,0.0,20,20,20,20,20,20,20,20,20,20,20,20,20,20,20,20,20,20,20,20,20,20,20,20,20,20,20,20,20,20,20,20,20
xgboost,20,,1,retain,4,0.08456810789,84124.2,0.02308763464,0.029910128530000003,2429.75,-0.176730607305,-0.48869096325,2428.5,2429.65,-0.36411339468000004,2429.55,-0.298877585625,2216.25,13.849223516825,1162.629384071025,14.4,900.8,0.8901778834249999,84124.2,290.14,2276.2799999999997,0.00216637402,4.754348776315,4.131162910245,2428.5,2429.65,4.3799331823,2429.55,4.4653705263950005,2216.25,0.9700898714699999,0.0,20,20,20,20,20,20,20,20,20,20,20,20,20,20,20,20,20,20,20,20,20,20,20,20,20,20,20,20,20,20,20,20,20
xgboost,20,,1,retain,5,0.097559203055,84120.35,0.026910109314999996,0.035156557984999996,2845.35,-0.17902112897,-0.57274912628,2844.0,2845.25,-0.39421610764500004,2844.45,-0.35613587806,2604.5,13.724797257765,969.036799241785,14.25,751.95,0.8730388165299999,84120.35,231.8,1910.1299999999999,0.002491871085,5.141403854625,4.35435949176,2844.0,2845.25,4.711773989825,2844.45,4.73668551748,2604.5,0.964843442015,0.0,20,20,20,20,20,20,20,20,20,20,20,20,20,20,20,20,20,20,20,20,20,20,20,20,20,20,20,20,20,20,20,20,20
xgboost,20,,1,retain,6,0.09360370416,84130.75,0.025899019585,0.03379823179,2734.0,-0.123325133195,-0.49142749801,2732.05,2733.95,-0.32300605453,2733.25,-0.28762153152500003,2500.05,13.747839649055,937.668688318195,14.3,732.55,0.8782254071000001,84130.75,218.3,1854.72,0.00227186916,5.1804380359,4.4436499150849995,2732.05,2733.95,4.781035197065,2733.25,4.81458767089,2500.05,0.96620176821,0.0,20,20,20,20,20,20,20,20,20,20,20,20,20,20,20,20,20,20,20,20,20,20,20,20,20,20,20,20,20,20,20,20,20
xgboost,20,,1,retain,7,0.08669981924,84119.55,0.021802128245,0.028033348665000003,2255.95,-0.144525760615,-0.45878145714,2253.4,2255.8,-0.28816335475,2255.0,-0.255095895385,2059.7,13.864802842809999,1098.957863502995,14.35,857.75,0.889575798955,84119.55,277.55,2175.0950000000003,0.001922253565,5.12304722456,4.4968363011550005,2253.4,2255.8,4.837746260785,2255.0,4.87165440405,2059.7,0.9719666513349999,0.0,20,20,20,20,20,20,20,20,20,20,20,20,20,20,20,20,20,20,20,20,20,20,20,20,20,20,20,20,20,20,20,20,20
xgboost,20,,1,retain,8,0.07917302309999999,84123.95,0.017833026555,0.02293868886,1865.9,-0.136615281045,-0.45405291635999995,1864.9,1865.9,-0.28403395509,1865.4,-0.242095622285,1696.7,13.920017217855,1312.2411852139999,14.55,1021.125,0.9013899075099999,84123.95,340.75,2578.225,0.001604042805,5.085985919455,4.454243556890001,1864.9,1865.9,4.792758777815,1865.4,4.83329546298,1696.7,0.9770613111399999,0.0,20,20,20,20,20,20,20,20,20,20,20,20,20,20,20,20,20,20,20,20,20,20,20,20,20,20,20,20,20,20,20,20,20
xgboost,20,,1,retain,9,0.066902700855,84127.15,0.015140069665,0.019417185425,1579.05,-0.10193450177999999,-0.408888182695,1577.9,1578.95,-0.23183203310500003,1578.7,-0.19452358782,1432.35,13.98974325284,1582.491799674815,14.65,1219.1,0.916556835375,84127.15,423.285,3075.205,0.001400394105,4.52108656415,3.9083288158549996,1577.9,1578.95,4.26214458821,1578.7,4.3047448327349995,1432.35,0.9805828145750001,0.0,20,20,20,20,20,20,20,20,20,20,20,20,20,20,20,20,20,20,20,20,20,20,20,20,20,20,20,20,20,20,20,20,20
xgboost,20,,1,retain,10,0.054182041365,84118.45,0.014147055985,0.0181312015,1510.05,-0.0633132422,-0.29326323741000004,1508.85,1510.05,-0.17788595211,1509.6,-0.101594855555,1372.15,14.03589481246,1904.172495734325,14.7,1427.175,0.930440270435,84118.45,437.325,3698.655,0.00123063219,3.645438315195,3.184442185735,1508.85,1510.05,3.4167244890550004,1509.6,3.5440798433300005,1372.15,0.9818687985000001,0.0,20,20,20,20,20,20,20,20,20,20,20,20,20,20,20,20,20,20,20,20,20,20,20,20,20,20,20,20,20,20,20,20,20
xgboost,20,,5,reset,1,0.067459846915,84129.5,0.019696847495,0.025848734115,2146.7,-0.11150443829500001,-0.310096781875,2144.8,2146.45,-0.20078840483000002,2146.1,-0.06244000424,1290.9,13.600862801895,2020.1894132576952,14.1,1398.425,0.911353197995,84129.5,337.825,3968.3,0.00149010758,3.2777570937599996,2.88001888365,2144.8,2146.45,3.09827148014,2146.1,3.19401777492,1290.9,0.974151265885,0.0,20,20,20,20,20,20,20,20,20,20,20,20,20,20,20,20,20,20,20,20,20,20,20,20,20,20,20,20,20,20,20,20,20
xgboost,20,,5,reset,2,0.075331454125,84133.85,0.019112792854999998,0.024772257205000002,2037.0,-0.14378823807000002,-0.379466731105,2034.8,2036.9,-0.2501494231,2035.75,-0.089642357055,1221.9,13.596986493865,1661.7919327013701,14.075,1205.4,0.90401763001,84133.85,335.53000000000003,3258.05,0.0015381230100000001,4.479488033435,4.00787026439,2034.8,2036.9,4.2655936186,2035.75,4.453165193285001,1221.9,0.975227742795,0.0,20,20,20,20,20,20,20,20,20,20,20,20,20,20,20,20,20,20,20,20,20,20,20,20,20,20,20,20,20,20,20,20,20
xgboost,20,,5,reset,3,0.083239107065,84121.35,0.02259855841,0.029547863549999998,2416.4,-0.141720351885,-0.49186019855999996,2414.05,2416.05,-0.353302145605,2415.9,-0.17827888808499998,1453.05,13.604354578495,1341.17672400644,14.1,996.1,0.892367838175,84121.35,297.25,2642.8,0.0017944963500000001,4.560537507065,3.8639459355599994,2414.05,2416.05,4.13749687603,2415.9,4.232861025845,1453.05,0.97045213645,0.0,20,20,20,20,20,20,20,20,20,20,20,20,20,20,20,20,20,20,20,20,20,20,20,20,20,20,20,20,20,20,20,20,20
xgboost,20,,5,reset,4,0.09070710524,84124.2,0.0260212379,0.03403355077,2768.65,-0.17079935041,-0.476624829755,2766.3,2768.4,-0.33786395538999997,2768.15,-0.176566827495,1663.75,13.60412122707,1134.51745422258,14.1,867.75,0.88091745946,84124.2,252.325,2261.0,0.0023541974,4.62351003214,4.01208703557,2766.3,2768.4,4.28964120383,2768.15,4.295186594505,1663.75,0.9659664492300001,0.0,20,20,20,20,20,20,20,20,20,20,20,20,20,20,20,20,20,20,20,20,20,20,20,20,20,20,20,20,20,20,20,20,20
xgboost,20,,5,reset,5,0.10205995223,84120.35,0.028929288520000002,0.038021989820000004,3069.4,-0.15875543267,-0.5385002344350001,3066.55,3069.05,-0.371869037995,3067.2,-0.23796121138499998,1868.7,13.497996386595,956.97663013964,14.0,733.7,0.866496678445,84120.35,205.35,1915.045,0.0025140808,5.023661685135,4.264024496945,3066.55,3069.05,4.597742450735,3067.2,4.6039412099899995,1868.7,0.96197801018,0.0,20,20,20,20,20,20,20,20,20,20,20,20,20,20,20,20,20,20,20,20,20,20,20,20,20,20,20,20,20,20,20,20,20
xgboost,20,,5,reset,6,0.09834663281,84130.75,0.027798740184999997,0.036477424385,2947.85,-0.11883607841499999,-0.48102830791500006,2945.25,2947.8,-0.318322518005,2946.65,-0.18365578595,1789.55,13.538223373635,928.8532322905551,14.05,716.4,0.8715006257000001,84130.75,200.5,1867.295,0.0023540013049999997,4.937377601245,4.21338319003,2945.25,2947.8,4.53851503857,2946.65,4.55688517123,1789.55,0.963522575615,0.0,20,20,20,20,20,20,20,20,20,20,20,20,20,20,20,20,20,20,20,20,20,20,20,20,20,20,20,20,20,20,20,20,20
xgboost,20,,5,reset,7,0.09318747661,84119.55,0.024247737499999998,0.03144578695,2540.55,-0.11927912118999999,-0.41134200832999995,2536.3,2540.25,-0.24692795590000002,2538.45,-0.1267903365,1524.3,13.619527961310002,1073.9646281410849,14.15,828.925,0.88055071001,84119.55,238.8,2166.55,0.002014075885,4.9598234601649995,4.37949390399,2536.3,2540.25,4.708431976955,2538.45,4.729151268495,1524.3,0.96855421305,0.0,20,20,20,20,20,20,20,20,20,20,20,20,20,20,20,20,20,20,20,20,20,20,20,20,20,20,20,20,20,20,20,20,20
xgboost,20,,5,reset,8,0.0861863324,84123.95,0.020724521295,0.027152699755,2213.05,-0.14628390386,-0.45197384422000003,2211.2,2212.9,-0.28881244891,2211.9,-0.135596538265,1334.25,13.595794592314999,1267.94886194743,14.0,976.15,0.891296711845,84123.95,290.35,2540.2400000000002,0.001792434425,4.91499677737,4.306803855585001,2211.2,2212.9,4.63216073318,2211.9,4.64819472608,1334.25,0.972847300245,0.0,20,20,20,20,20,20,20,20,20,20,20,20,20,20,20,20,20,20,20,20,20,20,20,20,20,20,20,20,20,20,20,20,20
xgboost,20,,5,reset,9,0.076834828555,84127.15,0.018197333779999998,0.02401261009,1961.7,-0.09135864243,-0.366587380875,1959.7,1961.6,-0.19875305692,1960.9,-0.07952086765500001,1174.6,13.653925060435,1518.00306218065,14.2,1167.425,0.9033362039349999,84127.15,327.70500000000004,3014.4900000000002,0.001631633725,4.2843282738749995,3.735755985595,1959.7,1961.6,4.070942008825,1960.9,4.086789781785,1174.6,0.97598738991,0.0,20,20,20,20,20,20,20,20,20,20,20,20,20,20,20,20,20,20,20,20,20,20,20,20,20,20,20,20,20,20,20,20,20
xgboost,20,,5,reset,10,0.067872929095,84118.45,0.018279008145,0.024410745185,2029.4,-0.05644240527000001,-0.24675830699999998,2027.35,2029.25,-0.13950569324,2028.4,0.014954075124999999,1224.0,13.605061278695,1824.76292288068,14.15,1357.8,0.9123279642650001,84118.45,331.75,3621.8949999999995,0.0015200985,3.27003610228,2.88910905419,2027.35,2029.25,3.10414366422,2028.4,3.134626192055,1224.0,0.9755892548149999,0.0,20,20,20,20,20,20,20,20,20,20,20,20,20,20,20,20,20,20,20,20,20,20,20,20,20,20,20,20,20,20,20,20,20
xgboost,20,,5,retain,1,0.067459846915,84129.5,0.019696847495,0.025848734115,2146.7,-0.11150443829500001,-0.310096781875,2144.8,2146.45,-0.20078840483000002,2146.1,-0.06244000424,1290.9,13.600862801895,2020.1894132576952,14.1,1398.425,0.911353197995,84129.5,337.825,3968.3,0.00149010758,3.2777570937599996,2.88001888365,2144.8,2146.45,3.09827148014,2146.1,3.19401777492,1290.9,0.974151265885,0.0,20,20,20,20,20,20,20,20,20,20,20,20,20,20,20,20,20,20,20,20,20,20,20,20,20,20,20,20,20,20,20,20,20
xgboost,20,,5,retain,2,0.075331454125,84133.85,0.019112792854999998,0.024772257205000002,2037.0,-0.14378823807000002,-0.379466731105,2034.8,2036.9,-0.2501494231,2035.75,-0.089642357055,1221.9,13.596986493865,1661.7919327013701,14.075,1205.4,0.90401763001,84133.85,335.53000000000003,3258.05,0.0015381230100000001,4.479488033435,4.00787026439,2034.8,2036.9,4.2655936186,2035.75,4.453165193285001,1221.9,0.975227742795,0.0,20,20,20,20,20,20,20,20,20,20,20,20,20,20,20,20,20,20,20,20,20,20,20,20,20,20,20,20,20,20,20,20,20
xgboost,20,,5,retain,3,0.083239107065,84121.35,0.02259855841,0.029547863549999998,2416.4,-0.141720351885,-0.49186019855999996,2414.05,2416.05,-0.353302145605,2415.9,-0.17827888808499998,1453.05,13.604354578495,1341.17672400644,14.1,996.1,0.892367838175,84121.35,297.25,2642.8,0.0017944963500000001,4.560537507065,3.8639459355599994,2414.05,2416.05,4.13749687603,2415.9,4.232861025845,1453.05,0.97045213645,0.0,20,20,20,20,20,20,20,20,20,20,20,20,20,20,20,20,20,20,20,20,20,20,20,20,20,20,20,20,20,20,20,20,20
xgboost,20,,5,retain,4,0.09070710524,84124.2,0.0260212379,0.03403355077,2768.65,-0.17079935041,-0.476624829755,2766.3,2768.4,-0.33786395538999997,2768.15,-0.176566827495,1663.75,13.60412122707,1134.51745422258,14.1,867.75,0.88091745946,84124.2,252.325,2261.0,0.0023541974,4.62351003214,4.01208703557,2766.3,2768.4,4.28964120383,2768.15,4.295186594505,1663.75,0.9659664492300001,0.0,20,20,20,20,20,20,20,20,20,20,20,20,20,20,20,20,20,20,20,20,20,20,20,20,20,20,20,20,20,20,20,20,20
xgboost,20,,5,retain,5,0.10205995223,84120.35,0.028929288520000002,0.038021989820000004,3069.4,-0.15875543267,-0.5385002344350001,3066.55,3069.05,-0.371869037995,3067.2,-0.23796121138499998,1868.7,13.497996386595,956.97663013964,14.0,733.7,0.866496678445,84120.35,205.35,1915.045,0.0025140808,5.023661685135,4.264024496945,3066.55,3069.05,4.597742450735,3067.2,4.6039412099899995,1868.7,0.96197801018,0.0,20,20,20,20,20,20,20,20,20,20,20,20,20,20,20,20,20,20,20,20,20,20,20,20,20,20,20,20,20,20,20,20,20
xgboost,20,,5,retain,6,0.09834663281,84130.75,0.027798740184999997,0.036477424385,2947.85,-0.11883607841499999,-0.48102830791500006,2945.25,2947.8,-0.318322518005,2946.65,-0.18365578595,1789.55,13.538223373635,928.8532322905551,14.05,716.4,0.8715006257000001,84130.75,200.5,1867.295,0.0023540013049999997,4.937377601245,4.21338319003,2945.25,2947.8,4.53851503857,2946.65,4.55688517123,1789.55,0.963522575615,0.0,20,20,20,20,20,20,20,20,20,20,20,20,20,20,20,20,20,20,20,20,20,20,20,20,20,20,20,20,20,20,20,20,20
xgboost,20,,5,retain,7,0.09318747661,84119.55,0.024247737499999998,0.03144578695,2540.55,-0.11927912118999999,-0.41134200832999995,2536.3,2540.25,-0.24692795590000002,2538.45,-0.1267903365,1524.3,13.619527961310002,1073.9646281410849,14.15,828.925,0.88055071001,84119.55,238.8,2166.55,0.002014075885,4.9598234601649995,4.37949390399,2536.3,2540.25,4.708431976955,2538.45,4.729151268495,1524.3,0.96855421305,0.0,20,20,20,20,20,20,20,20,20,20,20,20,20,20,20,20,20,20,20,20,20,20,20,20,20,20,20,20,20,20,20,20,20
xgboost,20,,5,retain,8,0.0861863324,84123.95,0.020724521295,0.027152699755,2213.05,-0.14628390386,-0.45197384422000003,2211.2,2212.9,-0.28881244891,2211.9,-0.135596538265,1334.25,13.595794592314999,1267.94886194743,14.0,976.15,0.891296711845,84123.95,290.35,2540.2400000000002,0.001792434425,4.91499677737,4.306803855585001,2211.2,2212.9,4.63216073318,2211.9,4.64819472608,1334.25,0.972847300245,0.0,20,20,20,20,20,20,20,20,20,20,20,20,20,20,20,20,20,20,20,20,20,20,20,20,20,20,20,20,20,20,20,20,20
xgboost,20,,5,retain,9,0.076834828555,84127.15,0.018197333779999998,0.02401261009,1961.7,-0.09135864243,-0.366587380875,1959.7,1961.6,-0.19875305692,1960.9,-0.07952086765500001,1174.6,13.653925060435,1518.00306218065,14.2,1167.425,0.9033362039349999,84127.15,327.70500000000004,3014.4900000000002,0.001631633725,4.2843282738749995,3.735755985595,1959.7,1961.6,4.070942008825,1960.9,4.086789781785,1174.6,0.97598738991,0.0,20,20,20,20,20,20,20,20,20,20,20,20,20,20,20,20,20,20,20,20,20,20,20,20,20,20,20,20,20,20,20,20,20
xgboost,20,,5,retain,10,0.067872929095,84118.45,0.018279008145,0.024410745185,2029.4,-0.05644240527000001,-0.24675830699999998,2027.35,2029.25,-0.13950569324,2028.4,0.014954075124999999,1224.0,13.605061278695,1824.76292288068,14.15,1357.8,0.9123279642650001,84118.45,331.75,3621.8949999999995,0.0015200985,3.27003610228,2.88910905419,2027.35,2029.25,3.10414366422,2028.4,3.134626192055,1224.0,0.9755892548149999,0.0,20,20,20,20,20,20,20,20,20,20,20,20,20,20,20,20,20,20,20,20,20,20,20,20,20,20,20,20,20,20,20,20,20
xgboost,50,7.0,0,reset,1,0.23598904182,90754.6,0.12904653576,0.18095579354,15899.4,-0.1837944034,-0.42750948817999995,15897.6,15899.4,-0.35524823206,15898.4,-0.58387494676,15899.4,27.68835553092,1062.7799261157002,27.8,663.2,0.62378991224,90754.6,109.8,2386.8,0.01117451014,6.72300818004,6.23445901818,15897.6,15899.4,6.37958181402,15898.4,5.923124741680001,15899.4,0.8190442064599999,0.0,5,5,5,5,5,5,5,5,5,5,5,5,5,5,5,5,5,5,5,5,5,5,5,5,5,5,5,5,5,5,5,5,5
xgboost,50,7.0,0,reset,2,0.21910600202000002,90754.4,0.12191636436,0.1676179906,14724.6,-0.204215767,-0.55320601894,14724.2,14724.4,-0.42443569956000005,14724.2,-0.72088204058,14724.6,28.56862329278,1082.6832466234,28.8,745.2,0.64816691598,90754.4,146.8,2322.0,0.01081071766,5.9762753347599995,5.27849340862,14724.2,14724.4,5.535983884,14724.2,4.94326865074,14724.6,0.8323820094000001,0.0,5,5,5,5,5,5,5,5,5,5,5,5,5,5,5,5,5,5,5,5,5,5,5,5,5,5,5,5,5,5,5,5,5
xgboost,50,7.0,0,reset,3,0.22452349674,90753.4,0.12045473506,0.16460065066000001,14454.0,-0.19622338152,-0.5887308169200001,14454.0,14454.0,-0.43662049902,14454.0,-0.7508106071,14454.0,28.61005815566,1038.64025187302,29.0,730.8,0.64486702522,90753.4,149.8,2199.8,0.010154743019999999,6.35802068416,5.5733177123,14454.0,14454.0,5.87744988522,14454.0,5.24927423476,14454.0,0.83539934934,0.0,5,5,5,5,5,5,5,5,5,5,5,5,5,5,5,5,5,5,5,5,5,5,5,5,5,5,5,5,5,5,5,5,5
xgboost,50,7.0,0,reset,4,0.22725739182,90751.4,0.1187436538,0.16196163874,14129.8,-0.19556448718000002,-0.55344701018,14126.8,14129.6,-0.41423055511999995,14129.4,-0.71553540144,14129.8,28.1719240663,1004.79713775744,28.4,696.6,0.64286235996,90751.4,145.4,2180.6,0.01113659446,6.30172428188,5.58651425506,14126.8,14129.6,5.8645080938200005,14129.4,5.26214661108,14129.8,0.83803836126,0.0,5,5,5,5,5,5,5,5,5,5,5,5,5,5,5,5,5,5,5,5,5,5,5,5,5,5,5,5,5,5,5,5,5
xgboost,50,7.0,0,reset,5,0.22803773908,90754.4,0.11556345092,0.15826950118,13946.2,-0.20141351321999998,-0.55717934114,13944.8,13946.0,-0.41801983210000004,13946.0,-0.77755576744,13946.2,28.21441313924,961.9472644334,28.4,647.2,0.6450919048599999,90754.4,148.48,2121.0,0.01130690518,6.13946793722,5.427891746159999,13944.8,13946.0,5.70616024834,13946.0,4.98710218462,13946.2,0.84173049882,0.0,5,5,5,5,5,5,5,5,5,5,5,5,5,5,5,5,5,5,5,5,5,5,5,5,5,5,5,5,5,5,5,5,5
xgboost,50,7.0,0,reset,6,0.22569676389999999,90755.6,0.11494148752,0.1567710397,13914.0,-0.15995368176000002,-0.5574394574399999,13912.2,13914.0,-0.38226349482,13913.8,-0.74500053598,13914.0,28.353817338979997,953.1959133709399,28.6,654.4,0.6483916111,90755.6,153.6,2073.0,0.01097013748,6.2064462146,5.41202751186,13912.2,13914.0,5.7616941026,13913.8,5.035999975659999,13914.0,0.8432289603,0.0,5,5,5,5,5,5,5,5,5,5,5,5,5,5,5,5,5,5,5,5,5,5,5,5,5,5,5,5,5,5,5,5,5
xgboost,50,7.0,0,reset,7,0.21868501563999998,90753.0,0.11988315204000002,0.16032056560000002,14247.4,-0.16972722095999998,-0.59092112104,14244.2,14247.4,-0.39384322736,14245.4,-0.7436155877399999,14247.4,28.6332122528,967.0104027350601,28.6,674.3,0.65057761792,90753.0,159.6,2104.0,0.01085421444,6.414280433179999,5.570908299,14244.2,14247.4,5.96570688222,14245.4,5.2661368819800005,14247.4,0.8396794344,0.0,5,5,5,5,5,5,5,5,5,5,5,5,5,5,5,5,5,5,5,5,5,5,5,5,5,5,5,5,5,5,5,5,5
xgboost,50,7.0,0,reset,8,0.2173858585,90750.4,0.12173747873999999,0.16128130489999998,14343.4,-0.16606861674,-0.56544720846,14338.6,14343.2,-0.38780262824,14342.6,-0.72598530152,14343.4,28.66067766808,995.33018681546,28.8,701.2,0.65094281166,90750.4,164.8,2152.4,0.00993385112,6.32269621862,5.52149411478,14338.6,14343.2,5.8789595284,14342.6,5.20238879336,14343.4,0.8387186951000001,0.0,5,5,5,5,5,5,5,5,5,5,5,5,5,5,5,5,5,5,5,5,5,5,5,5,5,5,5,5,5,5,5,5,5
xgboost,50,7.0,0,reset,9,0.21800591082,90752.6,0.11885061608,0.1605622395,14414.0,-0.16536911663999998,-0.59733525912,14413.2,14414.0,-0.42935656695999996,14414.0,-0.75120029348,14414.0,28.553921420320002,1015.6153867288,28.8,720.2,0.65287260124,90752.6,164.0,2191.4,0.01027087188,6.28056996396,5.4159215699,14413.2,14414.0,5.75236652126,14414.0,5.1085260397,14414.0,0.8394377605000001,0.0,5,5,5,5,5,5,5,5,5,5,5,5,5,5,5,5,5,5,5,5,5,5,5,5,5,5,5,5,5,5,5,5,5
xgboost,50,7.0,0,reset,10,0.23203416272,90753.8,0.11730530092,0.15993891095999999,14452.0,-0.13056389044,-0.45776193642,14451.8,14452.0,-0.29544420161999996,14452.0,-0.6354018006600001,14452.0,28.20866320032,1008.5565339684199,28.2,701.2,0.64073461764,90753.8,132.6,2184.7200000000003,0.00992591872,7.07526102854,6.42042163394,14451.8,14452.0,6.745382508899999,14452.0,6.0652809154,14452.0,0.84006108904,0.0,5,5,5,5,5,5,5,5,5,5,5,5,5,5,5,5,5,5,5,5,5,5,5,5,5,5,5,5,5,5,5,5,5
xgboost,50,7.0,0,retain,1,0.23598904182,90754.6,0.12904653576,0.18095579354,15899.4,-0.1837944034,-0.42750948817999995,15897.6,15899.4,-0.35524823206,15898.4,-0.58387494676,15899.4,27.68835553092,1062.7799261157002,27.8,663.2,0.62378991224,90754.6,109.8,2386.8,0.01117451014,6.72300818004,6.23445901818,15897.6,15899.4,6.37958181402,15898.4,5.923124741680001,15899.4,0.8190442064599999,0.0,5,5,5,5,5,5,5,5,5,5,5,5,5,5,5,5,5,5,5,5,5,5,5,5,5,5,5,5,5,5,5,5,5
xgboost,50,7.0,0,retain,2,0.21910600202000002,90754.4,0.12191636436,0.1676179906,14724.6,-0.204215767,-0.55320601894,14724.2,14724.4,-0.42443569956000005,14724.2,-0.72088204058,14724.6,28.56862329278,1082.6832466234,28.8,745.2,0.64816691598,90754.4,146.8,2322.0,0.01081071766,5.9762753347599995,5.27849340862,14724.2,14724.4,5.535983884,14724.2,4.94326865074,14724.6,0.8323820094000001,0.0,5,5,5,5,5,5,5,5,5,5,5,5,5,5,5,5,5,5,5,5,5,5,5,5,5,5,5,5,5,5,5,5,5
xgboost,50,7.0,0,retain,3,0.22452349674,90753.4,0.12045473506,0.16460065066000001,14454.0,-0.19622338152,-0.5887308169200001,14454.0,14454.0,-0.43662049902,14454.0,-0.7508106071,14454.0,28.61005815566,1038.64025187302,29.0,730.8,0.64486702522,90753.4,149.8,2199.8,0.010154743019999999,6.35802068416,5.5733177123,14454.0,14454.0,5.87744988522,14454.0,5.24927423476,14454.0,0.83539934934,0.0,5,5,5,5,5,5,5,5,5,5,5,5,5,5,5,5,5,5,5,5,5,5,5,5,5,5,5,5,5,5,5,5,5
xgboost,50,7.0,0,retain,4,0.22725739182,90751.4,0.1187436538,0.16196163874,14129.8,-0.19556448718000002,-0.55344701018,14126.8,14129.6,-0.41423055511999995,14129.4,-0.71553540144,14129.8,28.1719240663,1004.79713775744,28.4,696.6,0.64286235996,90751.4,145.4,2180.6,0.01113659446,6.30172428188,5.58651425506,14126.8,14129.6,5.8645080938200005,14129.4,5.26214661108,14129.8,0.83803836126,0.0,5,5,5,5,5,5,5,5,5,5,5,5,5,5,5,5,5,5,5,5,5,5,5,5,5,5,5,5,5,5,5,5,5
xgboost,50,7.0,0,retain,5,0.22803773908,90754.4,0.11556345092,0.15826950118,13946.2,-0.20141351321999998,-0.55717934114,13944.8,13946.0,-0.41801983210000004,13946.0,-0.77755576744,13946.2,28.21441313924,961.9472644334,28.4,647.2,0.6450919048599999,90754.4,148.48,2121.0,0.01130690518,6.13946793722,5.427891746159999,13944.8,13946.0,5.70616024834,13946.0,4.98710218462,13946.2,0.84173049882,0.0,5,5,5,5,5,5,5,5,5,5,5,5,5,5,5,5,5,5,5,5,5,5,5,5,5,5,5,5,5,5,5,5,5
xgboost,50,7.0,0,retain,6,0.22569676389999999,90755.6,0.11494148752,0.1567710397,13914.0,-0.15995368176000002,-0.5574394574399999,13912.2,13914.0,-0.38226349482,13913.8,-0.74500053598,13914.0,28.353817338979997,953.1959133709399,28.6,654.4,0.6483916111,90755.6,153.6,2073.0,0.01097013748,6.2064462146,5.41202751186,13912.2,13914.0,5.7616941026,13913.8,5.035999975659999,13914.0,0.8432289603,0.0,5,5,5,5,5,5,5,5,5,5,5,5,5,5,5,5,5,5,5,5,5,5,5,5,5,5,5,5,5,5,5,5,5
xgboost,50,7.0,0,retain,7,0.21868501563999998,90753.0,0.11988315204000002,0.16032056560000002,14247.4,-0.16972722095999998,-0.59092112104,14244.2,14247.4,-0.39384322736,14245.4,-0.7436155877399999,14247.4,28.6332122528,967.0104027350601,28.6,674.3,0.65057761792,90753.0,159.6,2104.0,0.01085421444,6.414280433179999,5.570908299,14244.2,14247.4,5.96570688222,14245.4,5.2661368819800005,14247.4,0.8396794344,0.0,5,5,5,5,5,5,5,5,5,5,5,5,5,5,5,5,5,5,5,5,5,5,5,5,5,5,5,5,5,5,5,5,5
xgboost,50,7.0,0,retain,8,0.2173858585,90750.4,0.12173747873999999,0.16128130489999998,14343.4,-0.16606861674,-0.56544720846,14338.6,14343.2,-0.38780262824,14342.6,-0.72598530152,14343.4,28.66067766808,995.33018681546,28.8,701.2,0.65094281166,90750.4,164.8,2152.4,0.00993385112,6.32269621862,5.52149411478,14338.6,14343.2,5.8789595284,14342.6,5.20238879336,14343.4,0.8387186951000001,0.0,5,5,5,5,5,5,5,5,5,5,5,5,5,5,5,5,5,5,5,5,5,5,5,5,5,5,5,5,5,5,5,5,5
xgboost,50,7.0,0,retain,9,0.21800591082,90752.6,0.11885061608,0.1605622395,14414.0,-0.16536911663999998,-0.59733525912,14413.2,14414.0,-0.42935656695999996,14414.0,-0.75120029348,14414.0,28.553921420320002,1015.6153867288,28.8,720.2,0.65287260124,90752.6,164.0,2191.4,0.01027087188,6.28056996396,5.4159215699,14413.2,14414.0,5.75236652126,14414.0,5.1085260397,14414.0,0.8394377605000001,0.0,5,5,5,5,5,5,5,5,5,5,5,5,5,5,5,5,5,5,5,5,5,5,5,5,5,5,5,5,5,5,5,5,5
xgboost,50,7.0,0,retain,10,0.23203416272,90753.8,0.11730530092,0.15993891095999999,14452.0,-0.13056389044,-0.45776193642,14451.8,14452.0,-0.29544420161999996,14452.0,-0.6354018006600001,14452.0,28.20866320032,1008.5565339684199,28.2,701.2,0.64073461764,90753.8,132.6,2184.7200000000003,0.00992591872,7.07526102854,6.42042163394,14451.8,14452.0,6.745382508899999,14452.0,6.0652809154,14452.0,0.84006108904,0.0,5,5,5,5,5,5,5,5,5,5,5,5,5,5,5,5,5,5,5,5,5,5,5,5,5,5,5,5,5,5,5,5,5
xgboost,50,7.0,1,reset,1,0.23352882776,90754.6,0.12758502828,0.17783626716,15638.6,-0.18424794628000002,-0.43280860866,15636.0,15638.6,-0.36484160711999997,15636.8,-0.58209952538,15311.0,27.97652027708,1063.3500565387799,28.2,662.6,0.6276661389,90754.6,110.8,2388.2400000000002,0.01122000504,6.84333766276,6.34506718772,15636.0,15638.6,6.481601597560001,15636.8,6.00884871624,15311.0,0.82216373284,0.0,5,5,5,5,5,5,5,5,5,5,5,5,5,5,5,5,5,5,5,5,5,5,5,5,5,5,5,5,5,5,5,5,5
xgboost,50,7.0,1,reset,2,0.21893656737999997,90754.4,0.1225240036,0.16802487916,14771.8,-0.20401039324,-0.5481071599,14770.8,14771.4,-0.42139139892,14771.0,-0.70819916854,14446.0,28.519093529259997,1076.1794273256,28.8,739.6,0.6477087541400001,90754.4,146.8,2315.6,0.01083067484,5.98589393516,5.297848682,14770.8,14771.4,5.55121595524,14771.0,4.93769045332,14446.0,0.8319751208399999,0.0,5,5,5,5,5,5,5,5,5,5,5,5,5,5,5,5,5,5,5,5,5,5,5,5,5,5,5,5,5,5,5,5,5
xgboost,50,7.0,1,reset,3,0.22531294221999998,90753.4,0.12170674154000001,0.1664015515,14618.2,-0.18953486068,-0.5782646686799999,14618.0,14618.0,-0.42493552534,14618.0,-0.7333334006000001,14291.4,28.47754721652,1032.4328992216401,29.0,722.6,0.6427340037,90753.4,148.2,2190.88,0.01024631258,6.35189652632,5.57474640106,14618.0,14618.0,5.8813174806,14618.0,5.2340088455,14291.4,0.8335984485000001,0.0,5,5,5,5,5,5,5,5,5,5,5,5,5,5,5,5,5,5,5,5,5,5,5,5,5,5,5,5,5,5,5,5,5
xgboost,50,7.0,1,reset,4,0.22750037052,90751.4,0.1193660127,0.16292165945999998,14223.8,-0.18803168216,-0.54718167234,14220.6,14223.6,-0.40694248569999997,14223.4,-0.70077952896,13909.4,28.12665437364,1001.0075819093399,28.2,691.6,0.64194801492,90751.4,144.8,2179.6,0.01118560184,6.30202195902,5.58450105848,14220.6,14223.6,5.86431819616,14223.4,5.24522170318,13909.4,0.83707834054,0.0,5,5,5,5,5,5,5,5,5,5,5,5,5,5,5,5,5,5,5,5,5,5,5,5,5,5,5,5,5,5,5,5,5
xgboost,50,7.0,1,reset,5,0.22872877269999997,90754.4,0.11625693844,0.15902142698000002,14010.2,-0.20005805250000003,-0.55368450434,14008.6,14010.0,-0.41362287098,14010.0,-0.76691934908,13708.8,28.1384057762,960.1189387985199,28.4,645.4,0.6437269998799999,90754.4,147.0,2115.16,0.011287289,6.11536399854,5.40814796686,14008.6,14010.0,5.6881360354599995,14010.0,4.951680833999999,13708.8,0.8409785730199999,0.0,5,5,5,5,5,5,5,5,5,5,5,5,5,5,5,5,5,5,5,5,5,5,5,5,5,5,5,5,5,5,5,5,5
xgboost,50,7.0,1,reset,6,0.22636785362,90755.6,0.11543894096,0.15757849912,13987.0,-0.15442577518,-0.5543014387999999,13984.8,13987.0,-0.37845477272,13986.8,-0.73386773938,13681.2,28.266280552159998,950.6083608456001,28.6,652.9,0.64725774272,90755.6,151.6,2069.8,0.0109354628,6.189930625920001,5.39056135742,13984.8,13987.0,5.74173999978,13986.8,5.00325729618,13681.2,0.8424215008800001,0.0,5,5,5,5,5,5,5,5,5,5,5,5,5,5,5,5,5,5,5,5,5,5,5,5,5,5,5,5,5,5,5,5,5
xgboost,50,7.0,1,reset,7,0.21890728996000003,90753.0,0.12043279627999999,0.16112703024,14311.4,-0.17071706566000003,-0.59290745148,14307.4,14311.4,-0.39136429098000003,14308.6,-0.7305106995999999,13997.4,28.55102850164,964.78837141688,28.6,671.4,0.64964509624,90753.0,158.2,2104.6,0.011014817520000001,6.38530317018,5.53994779964,14307.4,14311.4,5.9436764736,14308.6,5.22970600914,13997.4,0.83887296976,0.0,5,5,5,5,5,5,5,5,5,5,5,5,5,5,5,5,5,5,5,5,5,5,5,5,5,5,5,5,5,5,5,5,5
xgboost,50,7.0,1,reset,8,0.21726068176000002,90750.4,0.12184638781999999,0.16167805724,14368.8,-0.16821405552,-0.56713618316,14363.6,14368.4,-0.39042079614,14367.8,-0.7200137332600001,14035.8,28.6603193255,992.69132376988,28.8,700.2,0.65093799932,90750.4,163.2,2145.2,0.00995493112,6.3109738792800005,5.5108257925399995,14363.6,14368.4,5.86636841128,14367.8,5.1708825123799995,14035.8,0.83832194276,0.0,5,5,5,5,5,5,5,5,5,5,5,5,5,5,5,5,5,5,5,5,5,5,5,5,5,5,5,5,5,5,5,5,5
xgboost,50,7.0,1,reset,9,0.2180537938,90752.6,0.11860596048000001,0.16033377476,14384.2,-0.1693872927,-0.60053753148,14383.4,14384.2,-0.43472115993999993,14384.2,-0.7449497707400001,14069.8,28.602382023140002,1012.9018375686799,28.6,718.0,0.6530618966399999,90752.6,162.0,2187.0,0.0102783491,6.305309901119999,5.44229879138,14383.4,14384.2,5.774417168579999,14384.2,5.12267268142,14069.8,0.83966622524,0.0,5,5,5,5,5,5,5,5,5,5,5,5,5,5,5,5,5,5,5,5,5,5,5,5,5,5,5,5,5,5,5,5,5
xgboost,50,7.0,1,reset,10,0.23072696342,90753.8,0.11697128511999999,0.1594101339,14396.0,-0.13374571498,-0.45481813498,14395.8,14396.0,-0.296867755,14396.0,-0.62199319684,14090.8,28.273371344039997,1006.21131763578,28.4,697.6,0.6423865045999999,90753.8,134.8,2182.8,0.009915246919999999,7.1319038699199995,6.48932096936,14395.8,14396.0,6.80554641744,14396.0,6.11443558872,14090.8,0.8405898661,0.0,5,5,5,5,5,5,5,5,5,5,5,5,5,5,5,5,5,5,5,5,5,5,5,5,5,5,5,5,5,5,5,5,5
xgboost,50,7.0,1,retain,1,0.23352882776,90754.6,0.12758502828,0.17783626716,15638.6,-0.18424794628000002,-0.43280860866,15636.0,15638.6,-0.36484160711999997,15636.8,-0.58209952538,15311.0,27.97652027708,1063.3500565387799,28.2,662.6,0.6276661389,90754.6,110.8,2388.2400000000002,0.01122000504,6.84333766276,6.34506718772,15636.0,15638.6,6.481601597560001,15636.8,6.00884871624,15311.0,0.82216373284,0.0,5,5,5,5,5,5,5,5,5,5,5,5,5,5,5,5,5,5,5,5,5,5,5,5,5,5,5,5,5,5,5,5,5
xgboost,50,7.0,1,retain,2,0.21893656737999997,90754.4,0.1225240036,0.16802487916,14771.8,-0.20401039324,-0.5481071599,14770.8,14771.4,-0.42139139892,14771.0,-0.70819916854,14446.0,28.519093529259997,1076.1794273256,28.8,739.6,0.6477087541400001,90754.4,146.8,2315.6,0.01083067484,5.98589393516,5.297848682,14770.8,14771.4,5.55121595524,14771.0,4.93769045332,14446.0,0.8319751208399999,0.0,5,5,5,5,5,5,5,5,5,5,5,5,5,5,5,5,5,5,5,5,5,5,5,5,5,5,5,5,5,5,5,5,5
xgboost,50,7.0,1,retain,3,0.22531294221999998,90753.4,0.12170674154000001,0.1664015515,14618.2,-0.18953486068,-0.5782646686799999,14618.0,14618.0,-0.42493552534,14618.0,-0.7333334006000001,14291.4,28.47754721652,1032.4328992216401,29.0,722.6,0.6427340037,90753.4,148.2,2190.88,0.01024631258,6.35189652632,5.57474640106,14618.0,14618.0,5.8813174806,14618.0,5.2340088455,14291.4,0.8335984485000001,0.0,5,5,5,5,5,5,5,5,5,5,5,5,5,5,5,5,5,5,5,5,5,5,5,5,5,5,5,5,5,5,5,5,5
xgboost,50,7.0,1,retain,4,0.22750037052,90751.4,0.1193660127,0.16292165945999998,14223.8,-0.18803168216,-0.54718167234,14220.6,14223.6,-0.40694248569999997,14223.4,-0.70077952896,13909.4,28.12665437364,1001.0075819093399,28.2,691.6,0.64194801492,90751.4,144.8,2179.6,0.01118560184,6.30202195902,5.58450105848,14220.6,14223.6,5.86431819616,14223.4,5.24522170318,13909.4,0.83707834054,0.0,5,5,5,5,5,5,5,5,5,5,5,5,5,5,5,5,5,5,5,5,5,5,5,5,5,5,5,5,5,5,5,5,5
xgboost,50,7.0,1,retain,5,0.22872877269999997,90754.4,0.11625693844,0.15902142698000002,14010.2,-0.20005805250000003,-0.55368450434,14008.6,14010.0,-0.41362287098,14010.0,-0.76691934908,13708.8,28.1384057762,960.1189387985199,28.4,645.4,0.6437269998799999,90754.4,147.0,2115.16,0.011287289,6.11536399854,5.40814796686,14008.6,14010.0,5.6881360354599995,14010.0,4.951680833999999,13708.8,0.8409785730199999,0.0,5,5,5,5,5,5,5,5,5,5,5,5,5,5,5,5,5,5,5,5,5,5,5,5,5,5,5,5,5,5,5,5,5
xgboost,50,7.0,1,retain,6,0.22636785362,90755.6,0.11543894096,0.15757849912,13987.0,-0.15442577518,-0.5543014387999999,13984.8,13987.0,-0.37845477272,13986.8,-0.73386773938,13681.2,28.266280552159998,950.6083608456001,28.6,652.9,0.64725774272,90755.6,151.6,2069.8,0.0109354628,6.189930625920001,5.39056135742,13984.8,13987.0,5.74173999978,13986.8,5.00325729618,13681.2,0.8424215008800001,0.0,5,5,5,5,5,5,5,5,5,5,5,5,5,5,5,5,5,5,5,5,5,5,5,5,5,5,5,5,5,5,5,5,5
xgboost,50,7.0,1,retain,7,0.21890728996000003,90753.0,0.12043279627999999,0.16112703024,14311.4,-0.17071706566000003,-0.59290745148,14307.4,14311.4,-0.39136429098000003,14308.6,-0.7305106995999999,13997.4,28.55102850164,964.78837141688,28.6,671.4,0.64964509624,90753.0,158.2,2104.6,0.011014817520000001,6.38530317018,5.53994779964,14307.4,14311.4,5.9436764736,14308.6,5.22970600914,13997.4,0.83887296976,0.0,5,5,5,5,5,5,5,5,5,5,5,5,5,5,5,5,5,5,5,5,5,5,5,5,5,5,5,5,5,5,5,5,5
xgboost,50,7.0,1,retain,8,0.21726068176000002,90750.4,0.12184638781999999,0.16167805724,14368.8,-0.16821405552,-0.56713618316,14363.6,14368.4,-0.39042079614,14367.8,-0.7200137332600001,14035.8,28.6603193255,992.69132376988,28.8,700.2,0.65093799932,90750.4,163.2,2145.2,0.00995493112,6.3109738792800005,5.5108257925399995,14363.6,14368.4,5.86636841128,14367.8,5.1708825123799995,14035.8,0.83832194276,0.0,5,5,5,5,5,5,5,5,5,5,5,5,5,5,5,5,5,5,5,5,5,5,5,5,5,5,5,5,5,5,5,5,5
xgboost,50,7.0,1,retain,9,0.2180537938,90752.6,0.11860596048000001,0.16033377476,14384.2,-0.1693872927,-0.60053753148,14383.4,14384.2,-0.43472115993999993,14384.2,-0.7449497707400001,14069.8,28.602382023140002,1012.9018375686799,28.6,718.0,0.6530618966399999,90752.6,162.0,2187.0,0.0102783491,6.305309901119999,5.44229879138,14383.4,14384.2,5.774417168579999,14384.2,5.12267268142,14069.8,0.83966622524,0.0,5,5,5,5,5,5,5,5,5,5,5,5,5,5,5,5,5,5,5,5,5,5,5,5,5,5,5,5,5,5,5,5,5
xgboost,50,7.0,1,retain,10,0.23072696342,90753.8,0.11697128511999999,0.1594101339,14396.0,-0.13374571498,-0.45481813498,14395.8,14396.0,-0.296867755,14396.0,-0.62199319684,14090.8,28.273371344039997,1006.21131763578,28.4,697.6,0.6423865045999999,90753.8,134.8,2182.8,0.009915246919999999,7.1319038699199995,6.48932096936,14395.8,14396.0,6.80554641744,14396.0,6.11443558872,14090.8,0.8405898661,0.0,5,5,5,5,5,5,5,5,5,5,5,5,5,5,5,5,5,5,5,5,5,5,5,5,5,5,5,5,5,5,5,5,5
xgboost,50,7.0,5,reset,1,0.23247654434,90754.6,0.12723011473999998,0.17677356072,15580.2,-0.177955972,-0.43970688894,15576.2,15580.2,-0.36277260083999996,15576.6,-0.54109436616,13917.2,28.117082444639998,1047.3852983325,28.4,656.6,0.6288194461,90754.6,111.8,2344.54,0.01147389484,6.93468672238,6.41052580952,15576.2,15580.2,6.5643312631,15576.6,6.0088499872600005,13917.2,0.8232264392799999,0.0,5,5,5,5,5,5,5,5,5,5,5,5,5,5,5,5,5,5,5,5,5,5,5,5,5,5,5,5,5,5,5,5,5
xgboost,50,7.0,5,reset,2,0.22086899793999998,90754.4,0.1245619165,0.17007688378000002,14968.2,-0.2004913465,-0.53387668368,14964.6,14967.0,-0.41643146792,14966.0,-0.66426350166,13306.6,28.40036921924,1063.3373905917201,28.8,726.0,0.64357540572,90754.4,142.4,2296.0,0.010993679840000001,6.031199765399999,5.36466067068,14964.6,14967.0,5.59944756674,14966.0,4.91476432972,13306.6,0.82992311622,0.0,5,5,5,5,5,5,5,5,5,5,5,5,5,5,5,5,5,5,5,5,5,5,5,5,5,5,5,5,5,5,5,5,5
xgboost,50,7.0,5,reset,3,0.22646301066,90753.4,0.12356504455999999,0.1688680723,14840.4,-0.19432333234,-0.56099634032,14840.2,14840.4,-0.41735730342000005,14840.4,-0.6882272281,13188.2,28.40329109054,1021.9267477998601,28.6,710.0,0.6394647831,90753.4,145.8,2183.8,0.01050716166,6.33020089468,5.5971418975,14840.2,14840.4,5.88435045458,14840.4,5.189498457739999,13188.2,0.8311319276999999,0.0,5,5,5,5,5,5,5,5,5,5,5,5,5,5,5,5,5,5,5,5,5,5,5,5,5,5,5,5,5,5,5,5,5
xgboost,50,7.0,5,reset,4,0.22839413729999997,90751.4,0.12148445552,0.16573784348,14462.6,-0.17609722062,-0.53945917868,14458.2,14462.4,-0.40385992771999996,14462.0,-0.64604168634,12890.6,28.048717105079998,996.2096875098599,28.4,683.6,0.63881087676,90751.4,142.35999999999999,2174.08,0.01131053044,6.29129482866,5.5646031358000005,14458.2,14462.4,5.83579555498,14462.0,5.19991117972,12890.6,0.83426215652,0.0,5,5,5,5,5,5,5,5,5,5,5,5,5,5,5,5,5,5,5,5,5,5,5,5,5,5,5,5,5,5,5,5,5
xgboost,50,7.0,5,reset,5,0.22946318996,90754.4,0.11720604116,0.15970177026000001,14077.8,-0.20018387133999999,-0.5684310258,14075.2,14077.2,-0.42338899216000003,14076.8,-0.7280684324,12516.2,28.16728898216,960.65528039208,28.2,647.4,0.64209432698,90754.4,145.8,2116.8,0.011236441900000001,6.11405635682,5.37756781996,14075.2,14077.2,5.667443710640001,14076.8,4.8926025931799995,12516.2,0.8402982297399999,0.0,5,5,5,5,5,5,5,5,5,5,5,5,5,5,5,5,5,5,5,5,5,5,5,5,5,5,5,5,5,5,5,5,5
xgboost,50,7.0,5,reset,6,0.22805165058000001,90755.6,0.11521286796,0.15817779692,14015.0,-0.15604735838,-0.5520750519,14009.6,14014.6,-0.37383360072,14013.4,-0.67820127304,12458.0,28.287195034620005,949.7352386819599,28.6,651.6,0.64571403272,90755.6,148.4,2070.6,0.01102144876,6.10140574244,5.3098473976600005,14009.6,14014.6,5.6656773963,14013.4,4.88519789514,12458.0,0.8418222030800001,0.0,5,5,5,5,5,5,5,5,5,5,5,5,5,5,5,5,5,5,5,5,5,5,5,5,5,5,5,5,5,5,5,5,5
xgboost,50,7.0,5,reset,7,0.22148263204,90753.0,0.12121504268000001,0.16270661836,14439.4,-0.16457723672000002,-0.56893572206,14431.6,14439.4,-0.36596595564,14434.2,-0.6666249119,12812.2,28.482676117160004,960.9484127134399,28.8,665.6,0.64625292012,90753.0,154.6,2104.2799999999997,0.01104940518,6.32755140542,5.51790337968,14431.6,14439.4,5.92439358926,14434.2,5.15323906714,12812.2,0.83729338164,0.0,5,5,5,5,5,5,5,5,5,5,5,5,5,5,5,5,5,5,5,5,5,5,5,5,5,5,5,5,5,5,5,5,5
xgboost,50,7.0,5,reset,8,0.21840033184000002,90750.4,0.12200781304,0.16219470746,14400.0,-0.17257782829999999,-0.58996794966,14392.6,14398.8,-0.41150074212,14397.2,-0.70098468426,12780.4,28.61060854662,984.37320297068,28.6,696.8,0.64964193608,90750.4,160.0,2135.8,0.00994991904,6.28289408114,5.446679303,14392.6,14398.8,5.80522907804,14397.2,5.07092393078,12780.4,0.83780529254,0.0,5,5,5,5,5,5,5,5,5,5,5,5,5,5,5,5,5,5,5,5,5,5,5,5,5,5,5,5,5,5,5,5,5
xgboost,50,7.0,5,reset,9,0.21876184552,90752.6,0.1191328207,0.1611936811,14427.2,-0.167296883,-0.5947700795599999,14425.2,14427.2,-0.43676772453999996,14426.6,-0.70613500734,12857.8,28.49400553452,1001.737861132,28.6,707.0,0.6516220712,90752.6,158.0,2175.6,0.01048326254,6.33314702928,5.47712155068,14425.2,14427.2,5.79392288922,14426.6,5.08152398182,12857.8,0.8388063189,0.0,5,5,5,5,5,5,5,5,5,5,5,5,5,5,5,5,5,5,5,5,5,5,5,5,5,5,5,5,5,5,5,5,5
xgboost,50,7.0,5,reset,10,0.2296818605,90753.8,0.1192648956,0.1618443024,14574.8,-0.13876890120000002,-0.45800019544000004,14573.8,14574.8,-0.31221311694000004,14574.6,-0.57846586812,12976.6,28.30607351204,992.05841287516,28.8,684.4,0.6409552897399999,90753.8,134.8,2163.8,0.01009795416,7.188418523299999,6.5489768023599995,14573.8,14574.8,6.8414534619600005,14574.6,6.0910857145,12976.6,0.8381556976000001,0.0,5,5,5,5,5,5,5,5,5,5,5,5,5,5,5,5,5,5,5,5,5,5,5,5,5,5,5,5,5,5,5,5,5
xgboost,50,7.0,5,retain,1,0.23247654434,90754.6,0.12723011473999998,0.17677356072,15580.2,-0.177955972,-0.43970688894,15576.2,15580.2,-0.36277260083999996,15576.6,-0.54109436616,13917.2,28.117082444639998,1047.3852983325,28.4,656.6,0.6288194461,90754.6,111.8,2344.54,0.01147389484,6.93468672238,6.41052580952,15576.2,15580.2,6.5643312631,15576.6,6.0088499872600005,13917.2,0.8232264392799999,0.0,5,5,5,5,5,5,5,5,5,5,5,5,5,5,5,5,5,5,5,5,5,5,5,5,5,5,5,5,5,5,5,5,5
xgboost,50,7.0,5,retain,2,0.22086899793999998,90754.4,0.1245619165,0.17007688378000002,14968.2,-0.2004913465,-0.53387668368,14964.6,14967.0,-0.41643146792,14966.0,-0.66426350166,13306.6,28.40036921924,1063.3373905917201,28.8,726.0,0.64357540572,90754.4,142.4,2296.0,0.010993679840000001,6.031199765399999,5.36466067068,14964.6,14967.0,5.59944756674,14966.0,4.91476432972,13306.6,0.82992311622,0.0,5,5,5,5,5,5,5,5,5,5,5,5,5,5,5,5,5,5,5,5,5,5,5,5,5,5,5,5,5,5,5,5,5
xgboost,50,7.0,5,retain,3,0.22646301066,90753.4,0.12356504455999999,0.1688680723,14840.4,-0.19432333234,-0.56099634032,14840.2,14840.4,-0.41735730342000005,14840.4,-0.6882272281,13188.2,28.40329109054,1021.9267477998601,28.6,710.0,0.6394647831,90753.4,145.8,2183.8,0.01050716166,6.33020089468,5.5971418975,14840.2,14840.4,5.88435045458,14840.4,5.189498457739999,13188.2,0.8311319276999999,0.0,5,5,5,5,5,5,5,5,5,5,5,5,5,5,5,5,5,5,5,5,5,5,5,5,5,5,5,5,5,5,5,5,5
xgboost,50,7.0,5,retain,4,0.22839413729999997,90751.4,0.12148445552,0.16573784348,14462.6,-0.17609722062,-0.53945917868,14458.2,14462.4,-0.40385992771999996,14462.0,-0.64604168634,12890.6,28.048717105079998,996.2096875098599,28.4,683.6,0.63881087676,90751.4,142.35999999999999,2174.08,0.01131053044,6.29129482866,5.5646031358000005,14458.2,14462.4,5.83579555498,14462.0,5.19991117972,12890.6,0.83426215652,0.0,5,5,5,5,5,5,5,5,5,5,5,5,5,5,5,5,5,5,5,5,5,5,5,5,5,5,5,5,5,5,5,5,5
xgboost,50,7.0,5,retain,5,0.22946318996,90754.4,0.11720604116,0.15970177026000001,14077.8,-0.20018387133999999,-0.5684310258,14075.2,14077.2,-0.42338899216000003,14076.8,-0.7280684324,12516.2,28.16728898216,960.65528039208,28.2,647.4,0.64209432698,90754.4,145.8,2116.8,0.011236441900000001,6.11405635682,5.37756781996,14075.2,14077.2,5.667443710640001,14076.8,4.8926025931799995,12516.2,0.8402982297399999,0.0,5,5,5,5,5,5,5,5,5,5,5,5,5,5,5,5,5,5,5,5,5,5,5,5,5,5,5,5,5,5,5,5,5
xgboost,50,7.0,5,retain,6,0.22805165058000001,90755.6,0.11521286796,0.15817779692,14015.0,-0.15604735838,-0.5520750519,14009.6,14014.6,-0.37383360072,14013.4,-0.67820127304,12458.0,28.287195034620005,949.7352386819599,28.6,651.6,0.64571403272,90755.6,148.4,2070.6,0.01102144876,6.10140574244,5.3098473976600005,14009.6,14014.6,5.6656773963,14013.4,4.88519789514,12458.0,0.8418222030800001,0.0,5,5,5,5,5,5,5,5,5,5,5,5,5,5,5,5,5,5,5,5,5,5,5,5,5,5,5,5,5,5,5,5,5
xgboost,50,7.0,5,retain,7,0.22148263204,90753.0,0.12121504268000001,0.16270661836,14439.4,-0.16457723672000002,-0.56893572206,14431.6,14439.4,-0.36596595564,14434.2,-0.6666249119,12812.2,28.482676117160004,960.9484127134399,28.8,665.6,0.64625292012,90753.0,154.6,2104.2799999999997,0.01104940518,6.32755140542,5.51790337968,14431.6,14439.4,5.92439358926,14434.2,5.15323906714,12812.2,0.83729338164,0.0,5,5,5,5,5,5,5,5,5,5,5,5,5,5,5,5,5,5,5,5,5,5,5,5,5,5,5,5,5,5,5,5,5
xgboost,50,7.0,5,retain,8,0.21840033184000002,90750.4,0.12200781304,0.16219470746,14400.0,-0.17257782829999999,-0.58996794966,14392.6,14398.8,-0.41150074212,14397.2,-0.70098468426,12780.4,28.61060854662,984.37320297068,28.6,696.8,0.64964193608,90750.4,160.0,2135.8,0.00994991904,6.28289408114,5.446679303,14392.6,14398.8,5.80522907804,14397.2,5.07092393078,12780.4,0.83780529254,0.0,5,5,5,5,5,5,5,5,5,5,5,5,5,5,5,5,5,5,5,5,5,5,5,5,5,5,5,5,5,5,5,5,5
xgboost,50,7.0,5,retain,9,0.21876184552,90752.6,0.1191328207,0.1611936811,14427.2,-0.167296883,-0.5947700795599999,14425.2,14427.2,-0.43676772453999996,14426.6,-0.70613500734,12857.8,28.49400553452,1001.737861132,28.6,707.0,0.6516220712,90752.6,158.0,2175.6,0.01048326254,6.33314702928,5.47712155068,14425.2,14427.2,5.79392288922,14426.6,5.08152398182,12857.8,0.8388063189,0.0,5,5,5,5,5,5,5,5,5,5,5,5,5,5,5,5,5,5,5,5,5,5,5,5,5,5,5,5,5,5,5,5,5
xgboost,50,7.0,5,retain,10,0.2296818605,90753.8,0.1192648956,0.1618443024,14574.8,-0.13876890120000002,-0.45800019544000004,14573.8,14574.8,-0.31221311694000004,14574.6,-0.57846586812,12976.6,28.30607351204,992.05841287516,28.8,684.4,0.6409552897399999,90753.8,134.8,2163.8,0.01009795416,7.188418523299999,6.5489768023599995,14573.8,14574.8,6.8414534619600005,14574.6,6.0910857145,12976.6,0.8381556976000001,0.0,5,5,5,5,5,5,5,5,5,5,5,5,5,5,5,5,5,5,5,5,5,5,5,5,5,5,5,5,5,5,5,5,5
xgboost,50,,0,reset,1,0.10996828992,83561.3,0.061410845945,0.0773581955,6330.7,-0.23172708499,-0.673719793125,6329.2,6330.7,-0.511884962085,6330.1,-0.8093971231099999,6330.7,32.114015955785,2188.06520884942,33.3,1518.3,0.823055054395,83561.3,501.04499999999996,4160.43,0.005565809745,4.705378774305,3.8215226006350003,6329.2,6330.7,4.145126377435,6330.1,3.55034383247,6330.7,0.9226418045000001,0.0,20,20,20,20,20,20,20,20,20,20,20,20,20,20,20,20,20,20,20,20,20,20,20,20,20,20,20,20,20,20,20,20,20
xgboost,50,,0,reset,2,0.13907267493,83558.65,0.06783252368,0.086882462255,7054.0,-0.271498983515,-0.74902431824,7051.85,7053.9,-0.56051137896,7053.35,-0.89253546822,7054.0,31.730421493805,1699.44252226823,32.7,1254.0,0.786933332685,83558.65,472.40500000000003,3250.13,0.0061614687100000004,5.228248394265,4.2738206095099995,7051.85,7053.9,4.65007448824,7053.35,3.9867285436049995,7054.0,0.9131175377449999,0.0,20,20,20,20,20,20,20,20,20,20,20,20,20,20,20,20,20,20,20,20,20,20,20,20,20,20,20,20,20,20,20,20,20
xgboost,50,,0,reset,3,0.160031063295,83550.1,0.080324860335,0.10461459439000001,8471.95,-0.224346320295,-0.6775187164800001,8470.05,8471.9,-0.526957324465,8471.35,-0.8441395067350002,8471.95,31.192938035420003,1386.658930745265,32.0,1048.05,0.75186514806,83550.1,373.28000000000003,2662.55,0.00777892831,5.571659600725,4.66581987271,8470.05,8471.9,4.966732810255,8471.35,4.33241990458,8471.95,0.8953854056100001,0.0,20,20,20,20,20,20,20,20,20,20,20,20,20,20,20,20,20,20,20,20,20,20,20,20,20,20,20,20,20,20,20,20,20
xgboost,50,,0,reset,4,0.178837376595,83560.5,0.095214683745,0.123278216945,9943.5,-0.261203946225,-0.7331715399650001,9940.5,9943.45,-0.5785147615449999,9942.5,-0.87919316251,9943.5,30.794437750545,1164.5610194816,31.65,897.375,0.716937963695,83560.5,299.875,2265.105,0.009009975965,5.79928538324,4.855737476985,9940.5,9943.45,5.164727220485,9942.5,4.563689017235,9943.5,0.8767217830549999,0.0,20,20,20,20,20,20,20,20,20,20,20,20,20,20,20,20,20,20,20,20,20,20,20,20,20,20,20,20,20,20,20,20,20
xgboost,50,,0,reset,5,0.1969993715,83557.5,0.10555394310999999,0.13835967238,11170.65,-0.22315537391,-0.6773156259950001,11167.4,11170.6,-0.507177332155,11169.9,-0.831539370175,11170.65,30.17303594082,972.722447675305,30.75,749.325,0.687321366675,83557.5,233.65,1908.455,0.010125318705,5.753864153185,4.84626526264,11167.4,11170.6,5.1856379297399995,11169.9,4.537366899405,11170.65,0.86164032762,0.0,20,20,20,20,20,20,20,20,20,20,20,20,20,20,20,20,20,20,20,20,20,20,20,20,20,20,20,20,20,20,20,20,20
xgboost,50,,0,reset,6,0.19616152354,83553.4,0.10270693383,0.13432556652,10902.45,-0.19813434884999997,-0.64177728894,10900.55,10902.4,-0.45807189508499996,10901.7,-0.777118220255,10902.45,30.239027469415,939.91345798224,31.0,730.55,0.691910723945,83553.4,221.49499999999998,1864.83,0.00922081869,5.680899183415,4.79324544784,10900.55,10902.4,5.16074786947,10901.7,4.522640174695001,10902.45,0.8656744334800001,0.0,20,20,20,20,20,20,20,20,20,20,20,20,20,20,20,20,20,20,20,20,20,20,20,20,20,20,20,20,20,20,20,20,20
xgboost,50,,0,reset,7,0.17759804266,83556.45,0.090569106195,0.1165551638,9415.0,-0.23144533181,-0.66405633436,9412.95,9414.95,-0.49646997637499996,9414.15,-0.793280876825,9415.0,30.751630986715004,1104.5345294512501,31.5,861.6,0.723618067245,83556.45,284.95,2187.415,0.0082147839,5.63822583507,4.772538272915,9412.95,9414.95,5.107965131575,9414.15,4.514249158865001,9415.0,0.8834448362,0.0,20,20,20,20,20,20,20,20,20,20,20,20,20,20,20,20,20,20,20,20,20,20,20,20,20,20,20,20,20,20,20,20,20
xgboost,50,,0,reset,8,0.16496772869,83554.4,0.07530154632,0.09782772334499999,7935.0,-0.23706514495,-0.70012172115,7932.95,7934.85,-0.510001856915,7934.35,-0.841258476905,7935.0,31.138342685890002,1304.6132569638398,32.05,1022.725,0.75205381935,83554.4,356.34499999999997,2541.075,0.007676905624999999,5.66854463307,4.7420032846749995,7932.95,7934.85,5.12249485238,7934.35,4.459728687385001,7935.0,0.9021722766549999,0.0,20,20,20,20,20,20,20,20,20,20,20,20,20,20,20,20,20,20,20,20,20,20,20,20,20,20,20,20,20,20,20,20,20
xgboost,50,,0,reset,9,0.14225703565,83556.15,0.062848770855,0.08153165243,6637.5,-0.24021172063,-0.72870904226,6635.25,6637.4,-0.526163846285,6637.05,-0.8737126465599999,6637.5,31.750730769929998,1587.0096996034001,32.7,1222.55,0.788879169405,83556.15,452.59499999999997,3049.945,0.006015024065,5.3628772397299995,4.385764511275,6635.25,6637.4,4.790822441815,6637.05,4.09550259553,6637.5,0.91846834757,0.0,20,20,20,20,20,20,20,20,20,20,20,20,20,20,20,20,20,20,20,20,20,20,20,20,20,20,20,20,20,20,20,20,20
xgboost,50,,0,reset,10,0.109009142795,83545.65,0.056727588855,0.070918289425,5872.75,-0.22262866238,-0.65682952417,5871.8,5872.75,-0.49150745345499997,5872.55,-0.787021530355,5872.75,31.97053232519,1945.180592768615,32.95,1463.675,0.829649891865,83545.65,474.395,3761.85,0.004613376505,5.048246032915,4.179055556585,5871.8,5872.75,4.510546752655,5872.55,3.919227895145,5872.75,0.929081710575,0.0,20,20,20,20,20,20,20,20,20,20,20,20,20,20,20,20,20,20,20,20,20,20,20,20,20,20,20,20,20,20,20,20,20
xgboost,50,,0,retain,1,0.10996828992,83561.3,0.061410845945,0.0773581955,6330.7,-0.23172708499,-0.673719793125,6329.2,6330.7,-0.511884962085,6330.1,-0.8093971231099999,6330.7,32.114015955785,2188.06520884942,33.3,1518.3,0.823055054395,83561.3,501.04499999999996,4160.43,0.005565809745,4.705378774305,3.8215226006350003,6329.2,6330.7,4.145126377435,6330.1,3.55034383247,6330.7,0.9226418045000001,0.0,20,20,20,20,20,20,20,20,20,20,20,20,20,20,20,20,20,20,20,20,20,20,20,20,20,20,20,20,20,20,20,20,20
xgboost,50,,0,retain,2,0.13907267493,83558.65,0.06783252368,0.086882462255,7054.0,-0.271498983515,-0.74902431824,7051.85,7053.9,-0.56051137896,7053.35,-0.89253546822,7054.0,31.730421493805,1699.44252226823,32.7,1254.0,0.786933332685,83558.65,472.40500000000003,3250.13,0.0061614687100000004,5.228248394265,4.2738206095099995,7051.85,7053.9,4.65007448824,7053.35,3.9867285436049995,7054.0,0.9131175377449999,0.0,20,20,20,20,20,20,20,20,20,20,20,20,20,20,20,20,20,20,20,20,20,20,20,20,20,20,20,20,20,20,20,20,20
xgboost,50,,0,retain,3,0.160031063295,83550.1,0.080324860335,0.10461459439000001,8471.95,-0.224346320295,-0.6775187164800001,8470.05,8471.9,-0.526957324465,8471.35,-0.8441395067350002,8471.95,31.192938035420003,1386.658930745265,32.0,1048.05,0.75186514806,83550.1,373.28000000000003,2662.55,0.00777892831,5.571659600725,4.66581987271,8470.05,8471.9,4.966732810255,8471.35,4.33241990458,8471.95,0.8953854056100001,0.0,20,20,20,20,20,20,20,20,20,20,20,20,20,20,20,20,20,20,20,20,20,20,20,20,20,20,20,20,20,20,20,20,20
xgboost,50,,0,retain,4,0.178837376595,83560.5,0.095214683745,0.123278216945,9943.5,-0.261203946225,-0.7331715399650001,9940.5,9943.45,-0.5785147615449999,9942.5,-0.87919316251,9943.5,30.794437750545,1164.5610194816,31.65,897.375,0.716937963695,83560.5,299.875,2265.105,0.009009975965,5.79928538324,4.855737476985,9940.5,9943.45,5.164727220485,9942.5,4.563689017235,9943.5,0.8767217830549999,0.0,20,20,20,20,20,20,20,20,20,20,20,20,20,20,20,20,20,20,20,20,20,20,20,20,20,20,20,20,20,20,20,20,20
xgboost,50,,0,retain,5,0.1969993715,83557.5,0.10555394310999999,0.13835967238,11170.65,-0.22315537391,-0.6773156259950001,11167.4,11170.6,-0.507177332155,11169.9,-0.831539370175,11170.65,30.17303594082,972.722447675305,30.75,749.325,0.687321366675,83557.5,233.65,1908.455,0.010125318705,5.753864153185,4.84626526264,11167.4,11170.6,5.1856379297399995,11169.9,4.537366899405,11170.65,0.86164032762,0.0,20,20,20,20,20,20,20,20,20,20,20,20,20,20,20,20,20,20,20,20,20,20,20,20,20,20,20,20,20,20,20,20,20
xgboost,50,,0,retain,6,0.19616152354,83553.4,0.10270693383,0.13432556652,10902.45,-0.19813434884999997,-0.64177728894,10900.55,10902.4,-0.45807189508499996,10901.7,-0.777118220255,10902.45,30.239027469415,939.91345798224,31.0,730.55,0.691910723945,83553.4,221.49499999999998,1864.83,0.00922081869,5.680899183415,4.79324544784,10900.55,10902.4,5.16074786947,10901.7,4.522640174695001,10902.45,0.8656744334800001,0.0,20,20,20,20,20,20,20,20,20,20,20,20,20,20,20,20,20,20,20,20,20,20,20,20,20,20,20,20,20,20,20,20,20
xgboost,50,,0,retain,7,0.17759804266,83556.45,0.090569106195,0.1165551638,9415.0,-0.23144533181,-0.66405633436,9412.95,9414.95,-0.49646997637499996,9414.15,-0.793280876825,9415.0,30.751630986715004,1104.5345294512501,31.5,861.6,0.723618067245,83556.45,284.95,2187.415,0.0082147839,5.63822583507,4.772538272915,9412.95,9414.95,5.107965131575,9414.15,4.514249158865001,9415.0,0.8834448362,0.0,20,20,20,20,20,20,20,20,20,20,20,20,20,20,20,20,20,20,20,20,20,20,20,20,20,20,20,20,20,20,20,20,20
xgboost,50,,0,retain,8,0.16496772869,83554.4,0.07530154632,0.09782772334499999,7935.0,-0.23706514495,-0.70012172115,7932.95,7934.85,-0.510001856915,7934.35,-0.841258476905,7935.0,31.138342685890002,1304.6132569638398,32.05,1022.725,0.75205381935,83554.4,356.34499999999997,2541.075,0.007676905624999999,5.66854463307,4.7420032846749995,7932.95,7934.85,5.12249485238,7934.35,4.459728687385001,7935.0,0.9021722766549999,0.0,20,20,20,20,20,20,20,20,20,20,20,20,20,20,20,20,20,20,20,20,20,20,20,20,20,20,20,20,20,20,20,20,20
xgboost,50,,0,retain,9,0.14225703565,83556.15,0.062848770855,0.08153165243,6637.5,-0.24021172063,-0.72870904226,6635.25,6637.4,-0.526163846285,6637.05,-0.8737126465599999,6637.5,31.750730769929998,1587.0096996034001,32.7,1222.55,0.788879169405,83556.15,452.59499999999997,3049.945,0.006015024065,5.3628772397299995,4.385764511275,6635.25,6637.4,4.790822441815,6637.05,4.09550259553,6637.5,0.91846834757,0.0,20,20,20,20,20,20,20,20,20,20,20,20,20,20,20,20,20,20,20,20,20,20,20,20,20,20,20,20,20,20,20,20,20
xgboost,50,,0,retain,10,0.109009142795,83545.65,0.056727588855,0.070918289425,5872.75,-0.22262866238,-0.65682952417,5871.8,5872.75,-0.49150745345499997,5872.55,-0.787021530355,5872.75,31.97053232519,1945.180592768615,32.95,1463.675,0.829649891865,83545.65,474.395,3761.85,0.004613376505,5.048246032915,4.179055556585,5871.8,5872.75,4.510546752655,5872.55,3.919227895145,5872.75,0.929081710575,0.0,20,20,20,20,20,20,20,20,20,20,20,20,20,20,20,20,20,20,20,20,20,20,20,20,20,20,20,20,20,20,20,20,20
xgboost,50,,1,reset,1,0.1170992447,83561.3,0.064279920735,0.08155986241499999,6678.85,-0.22205046990000002,-0.6450717406049999,6676.85,6678.75,-0.489667667195,6678.0,-0.76569827057,6482.55,31.680034182645,2159.24419257,32.75,1497.95,0.81279530397,83561.3,465.2,4132.305,0.0058255306,4.710357784579999,3.8644387432850005,6676.85,6678.75,4.175005185045,6678.0,3.6016172423299997,6482.55,0.918440137585,0.0,20,20,20,20,20,20,20,20,20,20,20,20,20,20,20,20,20,20,20,20,20,20,20,20,20,20,20,20,20,20,20,20,20
xgboost,50,,1,reset,2,0.142837622085,83558.65,0.0708009927,0.09103391691,7398.2,-0.259549785975,-0.7198878249,7395.6,7398.0,-0.53787420508,7397.3,-0.8534662310250001,7190.15,31.307567858465,1677.557631003135,32.4,1236.8,0.7800086292649999,83558.65,437.55,3229.875,0.0063527559499999995,5.22837572601,4.30816693286,7395.6,7398.0,4.671528750515,7397.3,4.017997829175,7190.15,0.9089660830899999,0.0,20,20,20,20,20,20,20,20,20,20,20,20,20,20,20,20,20,20,20,20,20,20,20,20,20,20,20,20,20,20,20,20,20
xgboost,50,,1,reset,3,0.162701191245,83550.1,0.082921644195,0.108296413875,8773.7,-0.21569870240000003,-0.66235715311,8771.2,8773.5,-0.5120209703249999,8772.75,-0.815228216345,8529.3,30.877012459364998,1370.5779271894248,31.75,1034.95,0.746470158405,83550.1,351.95,2649.770000000005,0.00790700616,5.55898651183,4.666325361755,8771.2,8773.5,4.966677058375,8772.75,4.33074338111,8529.3,0.891703586125,0.0,20,20,20,20,20,20,20,20,20,20,20,20,20,20,20,20,20,20,20,20,20,20,20,20,20,20,20,20,20,20,20,20,20
xgboost,50,,1,reset,4,0.18124439353,83560.5,0.09729158339,0.12637132713000002,10198.9,-0.25589972780500003,-0.723520007155,10195.1,10198.8,-0.568345667255,10197.45,-0.861135599495,9936.2,30.51448124111,1153.81660477993,31.35,886.45,0.7123434224649999,83560.5,286.9,2258.3650000000002,0.009120600615,5.75702775331,4.82239583213,10195.1,10198.8,5.13223811348,10197.45,4.516495284725,9936.2,0.87362867287,0.0,20,20,20,20,20,20,20,20,20,20,20,20,20,20,20,20,20,20,20,20,20,20,20,20,20,20,20,20,20,20,20,20,20
xgboost,50,,1,reset,5,0.198745414535,83557.5,0.1070624541,0.140942988795,11374.35,-0.220208578545,-0.667270245455,11370.75,11374.3,-0.49731971890499993,11373.3,-0.814016049175,11092.3,29.92473258893,966.36527630526,30.5,743.175,0.6839717668149999,83557.5,223.85,1904.1650000000002,0.010220364555,5.700128636845,4.8064387631,11370.75,11374.3,5.1455142690199995,11373.3,4.477227684644999,11092.3,0.8590570112049999,0.0,20,20,20,20,20,20,20,20,20,20,20,20,20,20,20,20,20,20,20,20,20,20,20,20,20,20,20,20,20,20,20,20,20
xgboost,50,,1,reset,6,0.19785556492,83553.4,0.10391087662000001,0.1362155344,11050.15,-0.19528107886499999,-0.63891537788,11047.7,11050.0,-0.45399831444,11049.1,-0.76480730819,10771.75,30.057022492405004,935.0223194286449,30.65,724.1,0.6889286024000001,83553.4,212.6,1863.5,0.00930495606,5.642855340515,4.755145543359999,11047.7,11050.0,5.12504655267,11049.1,4.470439161825,10771.75,0.8637844656,0.0,20,20,20,20,20,20,20,20,20,20,20,20,20,20,20,20,20,20,20,20,20,20,20,20,20,20,20,20,20,20,20,20,20
xgboost,50,,1,reset,7,0.179920432865,83556.45,0.09231383002,0.11918730881499999,9629.9,-0.225071347695,-0.65789877124,9627.7,9629.85,-0.48903737074500003,9628.9,-0.777841636525,9377.85,30.51128790958,1095.52998772206,31.2,852.05,0.719410603695,83556.45,273.05,2179.41,0.008355133419999999,5.6135717960400005,4.747536998235001,9627.7,9629.85,5.085431915125,9628.9,4.477579974805,9377.85,0.8808126911849999,0.0,20,20,20,20,20,20,20,20,20,20,20,20,20,20,20,20,20,20,20,20,20,20,20,20,20,20,20,20,20,20,20,20,20
xgboost,50,,1,reset,8,0.167584688775,83554.4,0.07752126548,0.10108871077499999,8208.8,-0.22677062672499998,-0.68028644094,8206.25,8208.5,-0.493353251225,8207.9,-0.80933172435,7992.3,30.80442589991,1289.2599305021,31.5,1009.95,0.7470768772399999,83554.4,336.18,2527.975,0.007817168495,5.63205207344,4.724613095305,8206.25,8208.5,5.0987131813749995,8207.9,4.436998920424999,7992.3,0.8989112892250001,0.0,20,20,20,20,20,20,20,20,20,20,20,20,20,20,20,20,20,20,20,20,20,20,20,20,20,20,20,20,20,20,20,20,20
xgboost,50,,1,reset,9,0.14608765779,83556.15,0.065506166135,0.085304637465,6949.05,-0.228460080205,-0.70390084337,6946.15,6948.85,-0.50554937398,6948.3,-0.83644680316,6752.4,31.350515267154996,1566.8212272169098,32.35,1206.0,0.78223898747,83556.15,424.15,3029.75,0.0061671886,5.344061278875,4.392990874244999,6946.15,6948.85,4.789777705160001,6948.3,4.09940584089,6752.4,0.914695362535,0.0,20,20,20,20,20,20,20,20,20,20,20,20,20,20,20,20,20,20,20,20,20,20,20,20,20,20,20,20,20,20,20,20,20
xgboost,50,,1,reset,10,0.117280808805,83545.65,0.058979753795,0.07439920727,6158.1,-0.21232157757999998,-0.630293328905,6156.95,6158.05,-0.47227035718500004,6157.75,-0.747162124445,5982.85,31.586823643675,1920.98653663895,32.7,1445.0,0.8188804713250001,83545.65,444.61,3735.72,0.004858966075,5.05156510617,4.2149839915100005,6156.95,6158.05,4.53185702815,6157.75,3.9531091661700004,5982.85,0.9256007927300001,0.0,20,20,20,20,20,20,20,20,20,20,20,20,20,20,20,20,20,20,20,20,20,20,20,20,20,20,20,20,20,20,20,20,20
xgboost,50,,1,retain,1,0.1170992447,83561.3,0.064279920735,0.08155986241499999,6678.85,-0.22205046990000002,-0.6450717406049999,6676.85,6678.75,-0.489667667195,6678.0,-0.76569827057,6482.55,31.680034182645,2159.24419257,32.75,1497.95,0.81279530397,83561.3,465.2,4132.305,0.0058255306,4.710357784579999,3.8644387432850005,6676.85,6678.75,4.175005185045,6678.0,3.6016172423299997,6482.55,0.918440137585,0.0,20,20,20,20,20,20,20,20,20,20,20,20,20,20,20,20,20,20,20,20,20,20,20,20,20,20,20,20,20,20,20,20,20
xgboost,50,,1,retain,2,0.142837622085,83558.65,0.0708009927,0.09103391691,7398.2,-0.259549785975,-0.7198878249,7395.6,7398.0,-0.53787420508,7397.3,-0.8534662310250001,7190.15,31.307567858465,1677.557631003135,32.4,1236.8,0.7800086292649999,83558.65,437.55,3229.875,0.0063527559499999995,5.22837572601,4.30816693286,7395.6,7398.0,4.671528750515,7397.3,4.017997829175,7190.15,0.9089660830899999,0.0,20,20,20,20,20,20,20,20,20,20,20,20,20,20,20,20,20,20,20,20,20,20,20,20,20,20,20,20,20,20,20,20,20
xgboost,50,,1,retain,3,0.162701191245,83550.1,0.082921644195,0.108296413875,8773.7,-0.21569870240000003,-0.66235715311,8771.2,8773.5,-0.5120209703249999,8772.75,-0.815228216345,8529.3,30.877012459364998,1370.5779271894248,31.75,1034.95,0.746470158405,83550.1,351.95,2649.770000000005,0.00790700616,5.55898651183,4.666325361755,8771.2,8773.5,4.966677058375,8772.75,4.33074338111,8529.3,0.891703586125,0.0,20,20,20,20,20,20,20,20,20,20,20,20,20,20,20,20,20,20,20,20,20,20,20,20,20,20,20,20,20,20,20,20,20
xgboost,50,,1,retain,4,0.18124439353,83560.5,0.09729158339,0.12637132713000002,10198.9,-0.25589972780500003,-0.723520007155,10195.1,10198.8,-0.568345667255,10197.45,-0.861135599495,9936.2,30.51448124111,1153.81660477993,31.35,886.45,0.7123434224649999,83560.5,286.9,2258.3650000000002,0.009120600615,5.75702775331,4.82239583213,10195.1,10198.8,5.13223811348,10197.45,4.516495284725,9936.2,0.87362867287,0.0,20,20,20,20,20,20,20,20,20,20,20,20,20,20,20,20,20,20,20,20,20,20,20,20,20,20,20,20,20,20,20,20,20
xgboost,50,,1,retain,5,0.198745414535,83557.5,0.1070624541,0.140942988795,11374.35,-0.220208578545,-0.667270245455,11370.75,11374.3,-0.49731971890499993,11373.3,-0.814016049175,11092.3,29.92473258893,966.36527630526,30.5,743.175,0.6839717668149999,83557.5,223.85,1904.1650000000002,0.010220364555,5.700128636845,4.8064387631,11370.75,11374.3,5.1455142690199995,11373.3,4.477227684644999,11092.3,0.8590570112049999,0.0,20,20,20,20,20,20,20,20,20,20,20,20,20,20,20,20,20,20,20,20,20,20,20,20,20,20,20,20,20,20,20,20,20
xgboost,50,,1,retain,6,0.19785556492,83553.4,0.10391087662000001,0.1362155344,11050.15,-0.19528107886499999,-0.63891537788,11047.7,11050.0,-0.45399831444,11049.1,-0.76480730819,10771.75,30.057022492405004,935.0223194286449,30.65,724.1,0.6889286024000001,83553.4,212.6,1863.5,0.00930495606,5.642855340515,4.755145543359999,11047.7,11050.0,5.12504655267,11049.1,4.470439161825,10771.75,0.8637844656,0.0,20,20,20,20,20,20,20,20,20,20,20,20,20,20,20,20,20,20,20,20,20,20,20,20,20,20,20,20,20,20,20,20,20
xgboost,50,,1,retain,7,0.179920432865,83556.45,0.09231383002,0.11918730881499999,9629.9,-0.225071347695,-0.65789877124,9627.7,9629.85,-0.48903737074500003,9628.9,-0.777841636525,9377.85,30.51128790958,1095.52998772206,31.2,852.05,0.719410603695,83556.45,273.05,2179.41,0.008355133419999999,5.6135717960400005,4.747536998235001,9627.7,9629.85,5.085431915125,9628.9,4.477579974805,9377.85,0.8808126911849999,0.0,20,20,20,20,20,20,20,20,20,20,20,20,20,20,20,20,20,20,20,20,20,20,20,20,20,20,20,20,20,20,20,20,20
xgboost,50,,1,retain,8,0.167584688775,83554.4,0.07752126548,0.10108871077499999,8208.8,-0.22677062672499998,-0.68028644094,8206.25,8208.5,-0.493353251225,8207.9,-0.80933172435,7992.3,30.80442589991,1289.2599305021,31.5,1009.95,0.7470768772399999,83554.4,336.18,2527.975,0.007817168495,5.63205207344,4.724613095305,8206.25,8208.5,5.0987131813749995,8207.9,4.436998920424999,7992.3,0.8989112892250001,0.0,20,20,20,20,20,20,20,20,20,20,20,20,20,20,20,20,20,20,20,20,20,20,20,20,20,20,20,20,20,20,20,20,20
xgboost,50,,1,retain,9,0.14608765779,83556.15,0.065506166135,0.085304637465,6949.05,-0.228460080205,-0.70390084337,6946.15,6948.85,-0.50554937398,6948.3,-0.83644680316,6752.4,31.350515267154996,1566.8212272169098,32.35,1206.0,0.78223898747,83556.15,424.15,3029.75,0.0061671886,5.344061278875,4.392990874244999,6946.15,6948.85,4.789777705160001,6948.3,4.09940584089,6752.4,0.914695362535,0.0,20,20,20,20,20,20,20,20,20,20,20,20,20,20,20,20,20,20,20,20,20,20,20,20,20,20,20,20,20,20,20,20,20
xgboost,50,,1,retain,10,0.117280808805,83545.65,0.058979753795,0.07439920727,6158.1,-0.21232157757999998,-0.630293328905,6156.95,6158.05,-0.47227035718500004,6157.75,-0.747162124445,5982.85,31.586823643675,1920.98653663895,32.7,1445.0,0.8188804713250001,83545.65,444.61,3735.72,0.004858966075,5.05156510617,4.2149839915100005,6156.95,6158.05,4.53185702815,6157.75,3.9531091661700004,5982.85,0.9256007927300001,0.0,20,20,20,20,20,20,20,20,20,20,20,20,20,20,20,20,20,20,20,20,20,20,20,20,20,20,20,20,20,20,20,20,20
xgboost,50,,5,reset,1,0.13426869930000002,83561.3,0.07491595838500001,0.09624681675499999,7878.45,-0.20448159440499997,-0.57958359607,7874.7,7878.0,-0.440398015045,7876.2,-0.6499265856750001,6799.65,30.73558609009,2065.081301949615,31.8,1425.95,0.784334596615,83561.3,340.65,4055.9,0.006480745715,4.63044479013,3.8801624871800002,7874.7,7878.0,4.1580365531200005,7876.2,3.6126208031399996,6799.65,0.903753183245,0.0,20,20,20,20,20,20,20,20,20,20,20,20,20,20,20,20,20,20,20,20,20,20,20,20,20,20,20,20,20,20,20,20,20
xgboost,50,,5,reset,2,0.15558216994500002,83558.65,0.07919079165500001,0.102468299985,8335.95,-0.240953736695,-0.664975434435,8331.9,8335.5,-0.497713909585,8334.2,-0.754991114605,7225.1,30.622575303820003,1611.125648287795,31.6,1184.775,0.758353749785,83558.65,343.11,3166.065,0.006873288599999999,5.195413488335,4.34786126004,8331.9,8335.5,4.681732414495,8334.2,4.04725529425,7225.1,0.8975317000149999,0.0,20,20,20,20,20,20,20,20,20,20,20,20,20,20,20,20,20,20,20,20,20,20,20,20,20,20,20,20,20,20,20,20,20
xgboost,50,,5,reset,3,0.17263528290500002,83550.1,0.089763921935,0.11779139012499999,9542.75,-0.209109991005,-0.64750057745,9538.55,9542.15,-0.49691853410000003,9540.8,-0.7447521776349999,8291.45,30.334257780765,1324.86091281782,31.05,990.025,0.729244609065,83550.1,294.40500000000003,2613.2799999999997,0.008356186094999999,5.510026427125,4.633790323335,9538.55,9542.15,4.93433889634,9540.8,4.297100397035,8291.45,0.882208609875,0.0,20,20,20,20,20,20,20,20,20,20,20,20,20,20,20,20,20,20,20,20,20,20,20,20,20,20,20,20,20,20,20,20,20
xgboost,50,,5,reset,4,0.18882847140499998,83560.5,0.102455271415,0.133764758435,10799.65,-0.244324741875,-0.70166615411,10792.95,10799.05,-0.545243456605,10797.1,-0.798680232855,9444.5,30.033730807429997,1128.11573187218,30.8,855.75,0.6993330238900001,83560.5,251.89499999999998,2249.005,0.00938323328,5.703528031905,4.78988969346,10792.95,10799.05,5.10192481212,10797.1,4.427958271625,9444.5,0.866235241565,0.0,20,20,20,20,20,20,20,20,20,20,20,20,20,20,20,20,20,20,20,20,20,20,20,20,20,20,20,20,20,20,20,20,20
xgboost,50,,5,reset,5,0.20255634643500003,83557.5,0.109988860815,0.14514569513,11710.4,-0.21729662137,-0.65801887342,11704.7,11710.2,-0.489437045525,11708.05,-0.765278675075,10282.75,29.610614979989997,957.06228750379,30.15,728.025,0.6771362998,83557.5,200.6,1914.4900000000002,0.010318492944999999,5.64928262786,4.768105322089999,11704.7,11710.2,5.104382958035,11708.05,4.378136604125,10282.75,0.8548543048700001,0.0,20,20,20,20,20,20,20,20,20,20,20,20,20,20,20,20,20,20,20,20,20,20,20,20,20,20,20,20,20,20,20,20,20
xgboost,50,,5,reset,6,0.20227717582000002,83553.4,0.10697605167999999,0.14086135992999999,11422.1,-0.19272291327,-0.63327844285,11417.45,11421.6,-0.45320931338500003,11419.6,-0.715474937435,10006.75,29.728810017155002,928.00216966339,30.25,709.9,0.681188530655,83553.4,196.37,1879.6299999999999,0.009558241835,5.585354374085,4.703601603065,11417.45,11421.6,5.0637637056800004,11419.6,4.357888539965,10006.75,0.85913864007,0.0,20,20,20,20,20,20,20,20,20,20,20,20,20,20,20,20,20,20,20,20,20,20,20,20,20,20,20,20,20,20,20,20,20
xgboost,50,,5,reset,7,0.187892481575,83556.45,0.096828669785,0.12585859604,10177.0,-0.21595468525,-0.6414147265550001,10173.3,10176.6,-0.47392772798499994,10175.15,-0.719909075345,8897.1,30.045192778645003,1072.88726833731,30.75,825.8,0.7066156609800001,83556.45,235.15,2169.455,0.00866318766,5.531849003145,4.680753516025,10173.3,10176.6,5.015607526665,10175.15,4.37581981416,8897.1,0.8741414039600001,0.0,20,20,20,20,20,20,20,20,20,20,20,20,20,20,20,20,20,20,20,20,20,20,20,20,20,20,20,20,20,20,20,20,20
xgboost,50,,5,reset,8,0.17715381684,83554.4,0.08348782121000001,0.10940467162,8892.75,-0.224435987595,-0.65531013269,8888.05,8891.9,-0.47857267983499996,8890.85,-0.734339409065,7758.2,30.241044799875,1248.7209523997349,30.9,967.9,0.7311720968400001,83554.4,288.0,2495.59,0.00818626512,5.54684894517,4.68489733097,8888.05,8891.9,5.03838757833,8890.85,4.36135755785,7758.2,0.8905953283800001,0.0,20,20,20,20,20,20,20,20,20,20,20,20,20,20,20,20,20,20,20,20,20,20,20,20,20,20,20,20,20,20,20,20,20
xgboost,50,,5,reset,9,0.15986567346,83556.15,0.073092718485,0.09641941850499999,7858.7,-0.21476668489,-0.66382785866,7853.7,7858.4,-0.478889072085,7857.05,-0.741002238975,6812.8,30.592915263045,1504.76651507549,31.45,1155.75,0.76028988723,83556.15,330.1,2977.925,0.0067517208199999994,5.212434746415,4.31403572261,7853.7,7858.4,4.684098722005,7857.05,4.01946807096,6812.8,0.9035805814950001,0.0,20,20,20,20,20,20,20,20,20,20,20,20,20,20,20,20,20,20,20,20,20,20,20,20,20,20,20,20,20,20,20,20,20
xgboost,50,,5,reset,10,0.13565507956,83545.65,0.068516697555,0.088176966955,7279.35,-0.19525192479,-0.55994347077,7276.8,7279.0,-0.421283867795,7278.05,-0.617650685725,6316.45,30.52016643043,1835.1161546938552,31.475,1373.1,0.790257055045,83545.65,325.5,3655.9199999999996,0.00557116784,4.8430988491699996,4.113049866245,7276.8,7279.0,4.391383574284999,7278.05,3.8395837310650003,6316.45,0.911823033045,0.0,20,20,20,20,20,20,20,20,20,20,20,20,20,20,20,20,20,20,20,20,20,20,20,20,20,20,20,20,20,20,20,20,20
xgboost,50,,5,retain,1,0.13426869930000002,83561.3,0.07491595838500001,0.09624681675499999,7878.45,-0.20448159440499997,-0.57958359607,7874.7,7878.0,-0.440398015045,7876.2,-0.6499265856750001,6799.65,30.73558609009,2065.081301949615,31.8,1425.95,0.784334596615,83561.3,340.65,4055.9,0.006480745715,4.63044479013,3.8801624871800002,7874.7,7878.0,4.1580365531200005,7876.2,3.6126208031399996,6799.65,0.903753183245,0.0,20,20,20,20,20,20,20,20,20,20,20,20,20,20,20,20,20,20,20,20,20,20,20,20,20,20,20,20,20,20,20,20,20
xgboost,50,,5,retain,2,0.15558216994500002,83558.65,0.07919079165500001,0.102468299985,8335.95,-0.240953736695,-0.664975434435,8331.9,8335.5,-0.497713909585,8334.2,-0.754991114605,7225.1,30.622575303820003,1611.125648287795,31.6,1184.775,0.758353749785,83558.65,343.11,3166.065,0.006873288599999999,5.195413488335,4.34786126004,8331.9,8335.5,4.681732414495,8334.2,4.04725529425,7225.1,0.8975317000149999,0.0,20,20,20,20,20,20,20,20,20,20,20,20,20,20,20,20,20,20,20,20,20,20,20,20,20,20,20,20,20,20,20,20,20
xgboost,50,,5,retain,3,0.17263528290500002,83550.1,0.089763921935,0.11779139012499999,9542.75,-0.209109991005,-0.64750057745,9538.55,9542.15,-0.49691853410000003,9540.8,-0.7447521776349999,8291.45,30.334257780765,1324.86091281782,31.05,990.025,0.729244609065,83550.1,294.40500000000003,2613.2799999999997,0.008356186094999999,5.510026427125,4.633790323335,9538.55,9542.15,4.93433889634,9540.8,4.297100397035,8291.45,0.882208609875,0.0,20,20,20,20,20,20,20,20,20,20,20,20,20,20,20,20,20,20,20,20,20,20,20,20,20,20,20,20,20,20,20,20,20
xgboost,50,,5,retain,4,0.18882847140499998,83560.5,0.102455271415,0.133764758435,10799.65,-0.244324741875,-0.70166615411,10792.95,10799.05,-0.545243456605,10797.1,-0.798680232855,9444.5,30.033730807429997,1128.11573187218,30.8,855.75,0.6993330238900001,83560.5,251.89499999999998,2249.005,0.00938323328,5.703528031905,4.78988969346,10792.95,10799.05,5.10192481212,10797.1,4.427958271625,9444.5,0.866235241565,0.0,20,20,20,20,20,20,20,20,20,20,20,20,20,20,20,20,20,20,20,20,20,20,20,20,20,20,20,20,20,20,20,20,20
xgboost,50,,5,retain,5,0.20255634643500003,83557.5,0.109988860815,0.14514569513,11710.4,-0.21729662137,-0.65801887342,11704.7,11710.2,-0.489437045525,11708.05,-0.765278675075,10282.75,29.610614979989997,957.06228750379,30.15,728.025,0.6771362998,83557.5,200.6,1914.4900000000002,0.010318492944999999,5.64928262786,4.768105322089999,11704.7,11710.2,5.104382958035,11708.05,4.378136604125,10282.75,0.8548543048700001,0.0,20,20,20,20,20,20,20,20,20,20,20,20,20,20,20,20,20,20,20,20,20,20,20,20,20,20,20,20,20,20,20,20,20
xgboost,50,,5,retain,6,0.20227717582000002,83553.4,0.10697605167999999,0.14086135992999999,11422.1,-0.19272291327,-0.63327844285,11417.45,11421.6,-0.45320931338500003,11419.6,-0.715474937435,10006.75,29.728810017155002,928.00216966339,30.25,709.9,0.681188530655,83553.4,196.37,1879.6299999999999,0.009558241835,5.585354374085,4.703601603065,11417.45,11421.6,5.0637637056800004,11419.6,4.357888539965,10006.75,0.85913864007,0.0,20,20,20,20,20,20,20,20,20,20,20,20,20,20,20,20,20,20,20,20,20,20,20,20,20,20,20,20,20,20,20,20,20
xgboost,50,,5,retain,7,0.187892481575,83556.45,0.096828669785,0.12585859604,10177.0,-0.21595468525,-0.6414147265550001,10173.3,10176.6,-0.47392772798499994,10175.15,-0.719909075345,8897.1,30.045192778645003,1072.88726833731,30.75,825.8,0.7066156609800001,83556.45,235.15,2169.455,0.00866318766,5.531849003145,4.680753516025,10173.3,10176.6,5.015607526665,10175.15,4.37581981416,8897.1,0.8741414039600001,0.0,20,20,20,20,20,20,20,20,20,20,20,20,20,20,20,20,20,20,20,20,20,20,20,20,20,20,20,20,20,20,20,20,20
xgboost,50,,5,retain,8,0.17715381684,83554.4,0.08348782121000001,0.10940467162,8892.75,-0.224435987595,-0.65531013269,8888.05,8891.9,-0.47857267983499996,8890.85,-0.734339409065,7758.2,30.241044799875,1248.7209523997349,30.9,967.9,0.7311720968400001,83554.4,288.0,2495.59,0.00818626512,5.54684894517,4.68489733097,8888.05,8891.9,5.03838757833,8890.85,4.36135755785,7758.2,0.8905953283800001,0.0,20,20,20,20,20,20,20,20,20,20,20,20,20,20,20,20,20,20,20,20,20,20,20,20,20,20,20,20,20,20,20,20,20
xgboost,50,,5,retain,9,0.15986567346,83556.15,0.073092718485,0.09641941850499999,7858.7,-0.21476668489,-0.66382785866,7853.7,7858.4,-0.478889072085,7857.05,-0.741002238975,6812.8,30.592915263045,1504.76651507549,31.45,1155.75,0.76028988723,83556.15,330.1,2977.925,0.0067517208199999994,5.212434746415,4.31403572261,7853.7,7858.4,4.684098722005,7857.05,4.01946807096,6812.8,0.9035805814950001,0.0,20,20,20,20,20,20,20,20,20,20,20,20,20,20,20,20,20,20,20,20,20,20,20,20,20,20,20,20,20,20,20,20,20
xgboost,50,,5,retain,10,0.13565507956,83545.65,0.068516697555,0.088176966955,7279.35,-0.19525192479,-0.55994347077,7276.8,7279.0,-0.421283867795,7278.05,-0.617650685725,6316.45,30.52016643043,1835.1161546938552,31.475,1373.1,0.790257055045,83545.65,325.5,3655.9199999999996,0.00557116784,4.8430988491699996,4.113049866245,7276.8,7279.0,4.391383574284999,7278.05,3.8395837310650003,6316.45,0.911823033045,0.0,20,20,20,20,20,20,20,20,20,20,20,20,20,20,20,20,20,20,20,20,20,20,20,20,20,20,20,20,20,20,20,20,20
