symbol,day,role,source_rows,snapshot_rows,snapshot_bytes,feature_bytes,features_sha256,snapshots_sha256,config_hash
KGHM,2017-01-02,scientific_cache,96330,75922,1305278,1227781,ca9b63f727f13282c7e55890b124c3b117ff9e289e2c742180456f8b97892f68,fda4b5d89644f0a5c51b7c2960194f09046e8e5167300f97f1f9ccbcb0e4ba6f,2457a7f5f20dc552bbe9479d9c8769e38256c209ff699f00b2b4690287bc6cc7
KGHM,2017-01-03,scientific_cache,191484,130518,2063553,2030856,6642c5f2513ad96a3118aa2781421a3a4d320f6a519f042d7354b7f5f1f2b581,47e69d7af0980d20f75b86dc00d4c88339d2ffe7753462706d8f0457d4beed1d,2457a7f5f20dc552bbe9479d9c8769e38256c209ff699f00b2b4690287bc6cc7
KGHM,2017-01-04,scientific_cache,206321,140620,2291705,2323784,0a9f5f3d4181a006720c7dde28086deae4318a119aca03e2bef3e751e1febafb,5097e28aad32929594740eee29aa5077cb6b609087ff038c707110c50fb05fba,2457a7f5f20dc552bbe9479d9c8769e38256c209ff699f00b2b4690287bc6cc7
KGHM,2017-01-05,scientific_cache,129281,95031,1583662,1703336,538ff6919854e330da7fd1adf11e23450b62b63726a5895b0e51e605871b81f7,8dde7c57ab204827b51a9fca81211ad2467d1a04027d7407fc9f0ab02a4571f7,2457a7f5f20dc552bbe9479d9c8769e38256c209ff699f00b2b4690287bc6cc7
KGHM,2017-01-09,scientific_cache,104369,72671,1219388,1311566,abf61a182af1f478c529dd54d2dfa980e23118ef34980ca8a814e028581b96d1,b6777c63da35d079e3bf4648b615072cab24535146641d77f06ac980d2ac5d79,2457a7f5f20dc552bbe9479d9c8769e38256c209ff699f00b2b4690287bc6cc7
KGHM,2017-01-10,scientific_cache,218864,161800,2451619,2604989,366e23f3f75c836799c8f0ad553ab34adf4ab7f15775bcedafabb1f0ef840ac6,c723e82f911c4acd82f8351310ce5fb259fe7d9401c7d40bc46f3b32c6cde948,2457a7f5f20dc552bbe9479d9c8769e38256c209ff699f00b2b4690287bc6cc7
KGHM,2017-01-11,scientific_cache,144260,80447,1169147,1692132,998b566d7ef9b876efe3dcd6047f9ebf0ca561c327a3c2abfcb4cf8e66883b97,3807062281a528ad02fc23b898d150aeb92d27bb9d6174519a6153ba5df8d3d4,2457a7f5f20dc552bbe9479d9c8769e38256c209ff699f00b2b4690287bc6cc7
KGHM,2017-01-12,scientific_cache,199666,114623,1690053,2323269,2607b013fa750db1c8e0e3982e4756e422da2e51840cc10af18382f85fa99139,8a9ef737749df99d1826a248f50b7f4cbb2a35824992d54312dd79a670db2e37,2457a7f5f20dc552bbe9479d9c8769e38256c209ff699f00b2b4690287bc6cc7
KGHM,2017-01-13,scientific_cache,114039,69872,1104959,1412895,aa0947942ffa33fd3b6b39f0448f6c31de0e168cbdcdc72085fe93518fff9e81,269f8553b8e9007d33de77212615a77845ef3a03d40c16964fec59734fbc4a3e,2457a7f5f20dc552bbe9479d9c8769e38256c209ff699f00b2b4690287bc6cc7
KGHM,2017-01-16,scientific_cache,122506,78573,1227978,1486770,daa680ce1b2a82b297db6ef9bec1d23e3b4fc541e1f4a4b05c3909901816d248,b3746a22f2468d59fe9c3b99e7b9954d44af20877136e9947894095cc6cd1c6a,2457a7f5f20dc552bbe9479d9c8769e38256c209ff699f00b2b4690287bc6cc7
KGHM,2017-01-17,scientific_cache,124854,69274,1112670,1369524,e947532d1975ef6ca81bd5ca44ca1481822fc2c84d53110894b5e96ac3a1a06d,9109e3e5f083ef672d01357a5cbf70a427f744dad4098d1afb51c6e370ee8330,2457a7f5f20dc552bbe9479d9c8769e38256c209ff699f00b2b4690287bc6cc7
KGHM,2017-01-18,scientific_cache,167219,119697,2153835,2625960,e8fdc0fa6761314e0f8d7618ef2064029619dc9f64e59b1b6892ce78fa8a31a0,e0ac41875b3b34ddc217f1836965f38176f7e4b4881202fb853ec2be951c7ba5,2457a7f5f20dc552bbe9479d9c8769e38256c209ff699f00b2b4690287bc6cc7
KGHM,2017-01-19,scientific_cache,146624,106227,1739809,2068620,dc9739e2fc5740c741662d2854e3f0c84659c6431a85ad7a55d18662d98280ef,6abdbad27124b6f6b6be3e08d432616af7729cdd8f1889d56d87a7f1af25fa58,2457a7f5f20dc552bbe9479d9c8769e38256c209ff699f00b2b4690287bc6cc7
KGHM,2017-01-20,scientific_cache,76759,42898,809163,991834,47fa5cc93aff994cd6c7613aafbd9ce73662bb4dcd7963d11469d2373e96ae9f,9594cc2ce6d55c5805b9581753cd59eb9222a3870ab56db5da199160f25ecacf,2457a7f5f20dc552bbe9479d9c8769e38256c209ff699f00b2b4690287bc6cc7
KGHM,2017-01-23,scientific_cache,62981,41086,716361,896056,b8960ccf9c8d2cf84c0c1f672d7fc961505693df608c77a8892dd1dd604f49da,222b46303a2c05b9510dfa9a02d4fee85f7b6dc7e656c915a03a2993c68a9ec4,2457a7f5f20dc552bbe9479d9c8769e38256c209ff699f00b2b4690287bc6cc7
KGHM,2017-01-24,scientific_cache,119771,83529,1295967,1730304,e4e908d3e4122ab7f3efcd25b59c4a64ac3ebe679d55b98a78cc8ad9e82de6e9,623fc1becaf7d38e8fed1ad40befd6fe472dcd40af61f5d029209f4ba1a9903f,2457a7f5f20dc552bbe9479d9c8769e38256c209ff699f00b2b4690287bc6cc7
KGHM,2017-01-25,scientific_cache,139723,83415,1270506,1606901,3a899ff1c20153ff1dda882babf467a8fcd6ae6a38d57eb6bad12d92f55d51a4,e726cca2f72ee6849a34c2a7f798e047aca134077e039fd8de9ee7815e5e22ab,2457a7f5f20dc552bbe9479d9c8769e38256c209ff699f00b2b4690287bc6cc7
KGHM,2017-01-26,scientific_cache,167726,93048,1519404,1776845,a11397bb72f502834e3af4ef228c8cac1be05947dbe3e833cbb439090f788639,7d8cab6d2234e9b6ff0731be891a63d00f8864897fd3d50f1db1e6bb9ab3073a,2457a7f5f20dc552bbe9479d9c8769e38256c209ff699f00b2b4690287bc6cc7
KGHM,2017-01-27,scientific_cache,151902,102004,1600371,1848216,924adddb981bc916fae96717ac3e487baad9db5ebe1c0ef51361b114d5368357,6fc8afaff79459980f2f0b76ef3b4baebde0cceacfc11788d021fc271b1d4837,2457a7f5f20dc552bbe9479d9c8769e38256c209ff699f00b2b4690287bc6cc7
KGHM,2017-01-30,scientific_cache,132606,74451,1133233,1411034,cc7c6eb7f413e1fdbf6fc10aa299edf55af8a39f3999105be77a2987816f3276,21fe8f0a90913e28c9587e03471e97a18e758a27daa3d24644f6eb3ea4a2784f,2457a7f5f20dc552bbe9479d9c8769e38256c209ff699f00b2b4690287bc6cc7
KGHM,2017-01-31,scientific_cache,112705,70014,1066601,1327800,9966dbbf6a081a6a9b86caf9266192062aca5e86551ec0cfc1f9fc84b7655d9c,7acdac4e643859cff7b471c4880c33ade4a36ec4446c6f7adedcec91e4f7a891,2457a7f5f20dc552bbe9479d9c8769e38256c209ff699f00b2b4690287bc6cc7
KGHM,2017-02-01,scientific_cache,107529,60130,925333,1187692,579a29f126ed7af2b8cc2ffcfb2f12e6730a86460bb419155eddd64744b33350,a0b693c764e8293383dba9cad88e6d12bf442bd85952fee16abfd4a56f7e28c7,2457a7f5f20dc552bbe9479d9c8769e38256c209ff699f00b2b4690287bc6cc7
KGHM,2017-02-02,scientific_cache,98339,68638,1050298,1321108,9b91039565ea148876fa7409229422d912aee3ff6e9959a032877ad4c81ec4a1,c3cdf554f1180b9231f2cd94a099ff84ddacafcedbb2615252ffd303c569d07a,2457a7f5f20dc552bbe9479d9c8769e38256c209ff699f00b2b4690287bc6cc7
KGHM,2017-02-03,scientific_cache,103523,63735,906739,1188184,9670d4b72257c9c1b193f52c172c2a0b9cf88d5cbe85e05a50fc0a7f3daaed7a,fbe75103739207f70d030d4e250c50d1c99a960b290d7f9ec59c3775b677ef97,2457a7f5f20dc552bbe9479d9c8769e38256c209ff699f00b2b4690287bc6cc7
KGHM,2017-02-06,scientific_cache,74637,52904,866600,1046704,26506187af1a2bc9f793e5ecf3fd9a2fe37d82f00214a2924759d71d80164642,7a4b18c533e4ad5b0bfc1404a55114bea896777fc7da7019207cc4b1b6a1f395,2457a7f5f20dc552bbe9479d9c8769e38256c209ff699f00b2b4690287bc6cc7
KGHM,2017-02-07,scientific_cache,72399,46907,694023,912506,55f3e2def3b45a9e3e915051958d7c166bc3a48e922273a34ed4e209ed29e9f3,dc172470fe5f8cc2eef7c7c2d192a2e5735ed5b52fb94cabea739c1501f2c961,2457a7f5f20dc552bbe9479d9c8769e38256c209ff699f00b2b4690287bc6cc7
KGHM,2017-02-08,scientific_cache,82681,45980,654790,892953,11670e5917a56430b9f8811d2ac83583560084f9e94fe01bd927ca2038c07ed2,bcd3c9e4f1ddabb8fd6179d6bb16c132b732ef61d0fe22bd683dd69825ba91bf,2457a7f5f20dc552bbe9479d9c8769e38256c209ff699f00b2b4690287bc6cc7
KGHM,2017-02-09,scientific_cache,105571,76997,1201025,1543992,cf5b361914402b775d1b60bf817bf372c85f57508dc65e9aae62d54ce284eb4b,a30be0bace3e66bd14a0b6eccb372e8cae0eddc8e91749bba59af7f9b639a1d1,2457a7f5f20dc552bbe9479d9c8769e38256c209ff699f00b2b4690287bc6cc7
KGHM,2017-02-10,scientific_cache,103002,68724,1087860,1438525,1b9f78d78186417cbc99083458cef8ca5704927b372317722b800ae787bd6fc4,6814dbc1b879629bd9199acad3af2d382d95b0fae0948661b05e6472d233e90d,2457a7f5f20dc552bbe9479d9c8769e38256c209ff699f00b2b4690287bc6cc7
KGHM,2017-02-13,scientific_cache,80046,45640,695640,918116,d9f88fd66bb865db674fa66f5d9e95793104811873b7832d3a092ff6a390f5d2,b877869b622eaf4747eca9dddcb1281bd837e30402c34914c54227309b0d4807,2457a7f5f20dc552bbe9479d9c8769e38256c209ff699f00b2b4690287bc6cc7
KGHM,2017-02-14,scientific_cache,97027,62592,895551,1210710,baf8c9bd1ac15acf41334ea38161b0b0099f911b8c333b3ddcbc4ae4a9ac93be,776e9e2607612fd8201b4e1c68cb3aa2f4014b42dddf9e26c2095d6421151d88,2457a7f5f20dc552bbe9479d9c8769e38256c209ff699f00b2b4690287bc6cc7
KGHM,2017-02-15,scientific_cache,124321,81788,1191275,1517504,4be962d9d972a982793027c76ef71fb64724c2a3c62f6c648b0ea89074207c4f,e95376d8b0b05ffad2f5ddb4f55f2ab230d9bf2f8f4d1b28545ebf6c891f5044,2457a7f5f20dc552bbe9479d9c8769e38256c209ff699f00b2b4690287bc6cc7
KGHM,2017-02-16,scientific_cache,88195,59086,890382,1137331,e39c022531dc40557458d9dc670da9129b0cf45c507a2f4b44892d1f94c1d2f5,ef7b787f7f1ed0920a3ad57bc87dcd8baf89a1b4c6c1fb55595949f8eca6c97a,2457a7f5f20dc552bbe9479d9c8769e38256c209ff699f00b2b4690287bc6cc7
KGHM,2017-02-17,scientific_cache,100023,74624,1099249,1404438,8390e174e26ecdf635ba46a06ca10db467ba4bae396d8b634174a90544a8ea36,ccb0bd9e06583299a7d2cb3bac60aec92ded8e8998da154680197d6ee67a8e19,2457a7f5f20dc552bbe9479d9c8769e38256c209ff699f00b2b4690287bc6cc7
KGHM,2017-02-20,scientific_cache,43794,25719,383927,542678,5fd40e316ec160bfd7bcacb1b772c47e9ae83621f7adbf9e34a105f108c24f3e,dd56c4147f55a112c140b17a428844cc24eec10b36a15914aa51a987dd785977,2457a7f5f20dc552bbe9479d9c8769e38256c209ff699f00b2b4690287bc6cc7
KGHM,2017-02-21,scientific_cache,104628,65967,1041616,1368940,70f2c76ace35bc8ff42d80d712f5353da01febea40290adb31eda970f11fb9a0,3477b7f04a4edc1b9cfebe3d79fb414631c4a3335e8debd720f96b1b3ef04fc0,2457a7f5f20dc552bbe9479d9c8769e38256c209ff699f00b2b4690287bc6cc7
KGHM,2017-02-22,scientific_cache,91242,59012,933445,1316364,ea547c2ec080611e50da237eae099c0ae0a604f1e21bef68555ae5802538fa31,7eed58960a1ab3c10fb28c6d0b1310c154250b53574d359cbf3df1c6e9b4b2e8,2457a7f5f20dc552bbe9479d9c8769e38256c209ff699f00b2b4690287bc6cc7
KGHM,2017-02-23,scientific_cache,123132,82471,1263640,1621978,0cd1283cf3e8931e4fcc5cdaec86d2dd78ea00a98f09980122e02d68b2944280,21b5e3e97dfdb4b96387baabea710c4ab2d72fa48b1e568d5218c1cf70dedb27,2457a7f5f20dc552bbe9479d9c8769e38256c209ff699f00b2b4690287bc6cc7
KGHM,2017-02-24,scientific_cache,153275,100323,1509316,2015619,13cc24a590c101679d128f420c0fe5479199f99a92bd56078315a8530dabc409,4db4ced71c559f3620482d0392e451f6a7d560570fd92130cfdffa182d854ac0,2457a7f5f20dc552bbe9479d9c8769e38256c209ff699f00b2b4690287bc6cc7
KGHM,2017-02-27,scientific_cache,104305,67982,1203788,1463317,cb019d53046886f1edc59b0eac82e74ec069fa0db234444e8e10ff6d0b4b2e4f,46df845a7d995ac73ecaabadd4523abd70254dba9497b42c673688fc2fe0b6b9,2457a7f5f20dc552bbe9479d9c8769e38256c209ff699f00b2b4690287bc6cc7
KGHM,2017-02-28,scientific_cache,136015,81256,1329929,1613549,660bac0076dfe9fb419891980660a81377dc8656788195599d9cd6a186459b5a,94ea5ae48ae4a05b05f4090e11ceca469d5bbd7daf32ef7a3e9e0f5b3b1add1f,2457a7f5f20dc552bbe9479d9c8769e38256c209ff699f00b2b4690287bc6cc7
KGHM,2017-03-01,scientific_cache,96329,59226,900128,1154402,d573c830796a8bc50b5106198098310c3693c0b3d5b7e2525ab701339e57773e,b5fe8facd8944483caf3bcd724aad4b7160644b35b8ac10597014c9c47ad7d54,2457a7f5f20dc552bbe9479d9c8769e38256c209ff699f00b2b4690287bc6cc7
KGHM,2017-03-02,scientific_cache,85063,51604,888083,1101627,81f0c076925aae7c58690badce873015dbdb8a4796ea1e6e4d466e4ee0155090,14c0f2e37bf555d23476b1dd429be88bc0f4eb70a00688b716ab443f96eac7be,2457a7f5f20dc552bbe9479d9c8769e38256c209ff699f00b2b4690287bc6cc7
KGHM,2017-03-03,scientific_cache,93874,59627,1024685,1272561,029046d95586bd47fb0834205d070ab9c1929e7e399c258f62326da5704b663a,40301d16463e0bbd45d9b9641595aaacc6a99843d2f4bf90e3326f01082f62bb,2457a7f5f20dc552bbe9479d9c8769e38256c209ff699f00b2b4690287bc6cc7
KGHM,2017-03-06,scientific_cache,73321,40862,605180,785210,f0dbcf05f38f44d97464cd3de82c099127dcd4b149b569f173ac9042d2d58dd9,f50fda4adf4c785d8b75c6f9015b7c53e8ebc5e902095669325c5cbee5f41a38,2457a7f5f20dc552bbe9479d9c8769e38256c209ff699f00b2b4690287bc6cc7
KGHM,2017-03-07,scientific_cache,167819,114815,1870128,2539606,f6a478cb0842888d805e350dc88db9c777564225d6f8aa6b1e41821a8fe1d069,b069d38df617d4ccc78e05d65bd97e41b3c44efc32cb146cab845bf0732f3025,2457a7f5f20dc552bbe9479d9c8769e38256c209ff699f00b2b4690287bc6cc7
KGHM,2017-03-08,scientific_cache,95368,58293,854260,1106374,eba46f606a34696ff7c945034e5cb002ffcb8bc4562825408eb687c977fb73e7,4248f9272907fa62ca33f098abab58ea62eb537598878ae8374c71f4778d7a66,2457a7f5f20dc552bbe9479d9c8769e38256c209ff699f00b2b4690287bc6cc7
KGHM,2017-03-09,scientific_cache,120342,81497,1169944,1588890,c6bac7b1e71bce69f9f2f72251858a8a2745c103a9929be32568da43ada62ca8,e7783ea17b7db31b240c92bc23e76ae2fa5662aa2c6303bd2f268b9a4e72acb8,2457a7f5f20dc552bbe9479d9c8769e38256c209ff699f00b2b4690287bc6cc7
KGHM,2017-03-10,scientific_cache,103357,65573,1046761,1292488,6e985328463dac06b69acb4a395696e0be67d9c6c6e60d825b86658d1b1f5e0c,671855daabeb3b0fc6bd879462cc6215dd8902871c8ec790c098ba7f5aabeed7,2457a7f5f20dc552bbe9479d9c8769e38256c209ff699f00b2b4690287bc6cc7
KGHM,2017-03-13,scientific_cache,69698,35650,600099,808247,8f92056c0c78fd801ecca19bad43db9d65ca1eac3d82d00ba87bdbeac8e1f565,9af488d9b561404a402923c91692a12e359d4395593038cdc51b7a5dcaa53cc7,2457a7f5f20dc552bbe9479d9c8769e38256c209ff699f00b2b4690287bc6cc7
KGHM,2017-03-14,scientific_cache,147877,93710,1518104,1828201,f6cf0fcacf597c940c15ef7f72475c9e4ff030a573a4f289d4afc4120e1af8a5,23fc83861766d26c4e83e6b54176a938d3d790ec563760767b43a53d909a6d1a,2457a7f5f20dc552bbe9479d9c8769e38256c209ff699f00b2b4690287bc6cc7
KGHM,2017-03-15,scientific_cache,110772,70069,1275058,1553359,4b2796b8486a3dc2f63f8b2cd288861481f56596aa310be16b5f7dd5f7b5ef0d,faea2efd8a186813e41014aca93573d8736bb7de27aacfabe4dda89d0599831c,2457a7f5f20dc552bbe9479d9c8769e38256c209ff699f00b2b4690287bc6cc7
KGHM,2017-03-16,scientific_cache,88462,61137,855264,1131958,0086a6ee77b723a8ba3ed23824067efa96c64b09b0e824a94115c9ee5b16ef05,fa70a90010e70cd649f536664793e2b5e8f3e0ae005fa6a5b3696bd44584bb4e,2457a7f5f20dc552bbe9479d9c8769e38256c209ff699f00b2b4690287bc6cc7
KGHM,2017-03-17,scientific_cache,98188,64341,1064556,1373245,dde0814b36d1c1d173f267b0e0c19350ef089caebd8d51a9f16c0272e076a34e,6399b658a1adc70e835398071964a7691855acf372d1c5c26e35b2d0f2eb6b6e,2457a7f5f20dc552bbe9479d9c8769e38256c209ff699f00b2b4690287bc6cc7
KGHM,2017-03-20,scientific_cache,92901,65203,997945,1220925,2ab76297123c731f57da9a701cb6d356657d4a9ab1dba5c70e1e32530c4bd2b3,fa8cb90f2c4a2600163bbf853a2aa983a7acd93c22a81320a0738c43c005039b,2457a7f5f20dc552bbe9479d9c8769e38256c209ff699f00b2b4690287bc6cc7
KGHM,2017-03-21,scientific_cache,97404,59839,879519,1199282,ebb7803dbe2eea92f850f878e52099300c38529623c388307c7db7b75245f3ee,0d1db5cd76b4be704657a0793fcfdfa2c04cbd9caabe90cd65d7c6cff35bce42,2457a7f5f20dc552bbe9479d9c8769e38256c209ff699f00b2b4690287bc6cc7
KGHM,2017-03-22,scientific_cache,107982,69966,1106513,1328915,41c470f5cf195732f1fc755f27b9864a0a3cc65ba890a3382af187573f0a2246,4731682bf71fad065b742be548b3e2f0689d60257b06e6e48dc75a0b65048bc1,2457a7f5f20dc552bbe9479d9c8769e38256c209ff699f00b2b4690287bc6cc7
KGHM,2017-03-23,scientific_cache,126640,91665,1573467,1867244,6bdebe41245de042ea05a2531cae33f6f2802dd1a3879c72b6dbf5fca17871e9,4754d304c6811140b7136071e2634ceb3cedfd66019e7159e7c27c43e75b62eb,2457a7f5f20dc552bbe9479d9c8769e38256c209ff699f00b2b4690287bc6cc7
KGHM,2017-03-24,scientific_cache,84179,58779,890350,1124335,603dccea13187d01585e4fad20223da3303ceb476af147aca7d78b16455c1b2f,d6fb4bee3885183c2b85870d7246426714a13c542e0aa66a4dc9ca462d6d90d5,2457a7f5f20dc552bbe9479d9c8769e38256c209ff699f00b2b4690287bc6cc7
KGHM,2017-03-27,scientific_cache,81452,50904,907142,1184332,0f1d575d9a8cdec8b09e2330d24ae8bf7ba473a8695911736bf8f3d4c0208af8,c1ba9ae4fc2b87b71f68074254f94d691f3a52910c978253518a8e8ceba70e68,2457a7f5f20dc552bbe9479d9c8769e38256c209ff699f00b2b4690287bc6cc7
KGHM,2017-03-28,scientific_cache,61875,35583,613731,765340,330f2c8aa49483e3ef28d128bd0d4df11a3d440c530cc7ffc26fd9782cfb137f,0be74a6355207d910985dd8a2ecf0bfc88f1d55cb6dac5c5c31fdf167fe7c66f,2457a7f5f20dc552bbe9479d9c8769e38256c209ff699f00b2b4690287bc6cc7
KGHM,2017-03-29,scientific_cache,119479,82451,1333114,1691353,4df0202b2c9b9f8f4bba3ca2ffd2905e83225275f5b05ef485786dedb27d0683,475a4e0e4105a2ddbd0a2b2617c4fae2cde9f63515a3debb5e5a4a822d41b78b,2457a7f5f20dc552bbe9479d9c8769e38256c209ff699f00b2b4690287bc6cc7
KGHM,2017-03-30,scientific_cache,93924,66024,1055695,1304722,d9bc16bef1a8690a57e5fde6a0388e78027dd4368987a9b49eb8af36e31227a7,9fc172af3502ff9dcefeb6e9c803aefeb70b866008f8b83795498a5aa29662d9,2457a7f5f20dc552bbe9479d9c8769e38256c209ff699f00b2b4690287bc6cc7
KGHM,2017-03-31,scientific_cache,87288,45600,727760,938960,b3a4d7b0ccc27ad02b358ac2e88cb29db4b2d6ae1531c0368952335626db593b,099398a98ccd221e841bcbed32b2d9c5166c38be41711f8ddf8a45f690838c13,2457a7f5f20dc552bbe9479d9c8769e38256c209ff699f00b2b4690287bc6cc7
KGHM,2017-04-03,scientific_cache,73632,37241,574152,713861,47e2c9771be0e88986720fc7235c99a5d5db9fc7d293b8f978e37a16a6bf7cc5,2fda953a91f4e50e1b29d8a3c95963ce218d72ba4688c974b77bc65d2e2b12a3,2457a7f5f20dc552bbe9479d9c8769e38256c209ff699f00b2b4690287bc6cc7
KGHM,2017-04-04,scientific_cache,105902,64672,1102689,1376425,880515e0492623ac9da4ff78daa73452941fab3f6113beb23bfd082cfe301470,0997bafd11614a8ae5003caf993465dd4293788db229aa2b3441b009bbae727f,2457a7f5f20dc552bbe9479d9c8769e38256c209ff699f00b2b4690287bc6cc7
KGHM,2017-04-05,scientific_cache,120771,77421,1356197,1699943,5eda032333da3acb665476ac1217056d2a06859897d2e8a32b5bf552a5d294ff,5edec9307663c513562b59410259eb94ea66cb3c194447bf48796a67f5db6c9d,2457a7f5f20dc552bbe9479d9c8769e38256c209ff699f00b2b4690287bc6cc7
KGHM,2017-04-06,scientific_cache,95160,57676,828172,1126668,28faa201cbb644e981c14561e311530031b7e5e4fa90af744adb7433d3f4f513,a79eef8b392640551b634e7f79c469f4add8e5b452202747274d2c1b0b251460,2457a7f5f20dc552bbe9479d9c8769e38256c209ff699f00b2b4690287bc6cc7
KGHM,2017-04-07,scientific_cache,92539,58498,892247,1212693,7d8fc95bbf85ea77a92dfd2894857bbd55d1d9f259492c07c591d106932b3fa9,dfebf4a607178442cea1cea7b177953364a54ade2b0530ee085f10bfc05c3a88,2457a7f5f20dc552bbe9479d9c8769e38256c209ff699f00b2b4690287bc6cc7
KGHM,2017-04-10,scientific_cache,81298,53188,908422,1102431,d99a3f9c73150f9841453b25f55da63d70479e39c92c087349b8e715ba7ddddf,3ab84eff04eedba3a2baf3df92fe11820a41016d720901bcd48ff981dad16cfc,2457a7f5f20dc552bbe9479d9c8769e38256c209ff699f00b2b4690287bc6cc7
KGHM,2017-04-11,scientific_cache,105324,53858,808370,1037896,006f491b96f9331fb2c1ef4296b51e6413a74572372a9db83e94020eff78a9d1,136d58bf4099e49a3fb90d8e658fd19fc5fd08bda6990f806b66c21729218373,2457a7f5f20dc552bbe9479d9c8769e38256c209ff699f00b2b4690287bc6cc7
KGHM,2017-04-12,scientific_cache,95347,63069,1011255,1233107,64b71291bceeffe8e0e7bfb0341a678ca9043b639bbce56a0887109f1cfb01d9,4d545daf54755e586c2d57dfbd468f5ffaf9e0b3457a07531ac1961da57a331f,2457a7f5f20dc552bbe9479d9c8769e38256c209ff699f00b2b4690287bc6cc7
KGHM,2017-04-13,scientific_cache,94043,66701,1032068,1233584,df22587ce7c287096e44fbfad5e980e29756dcd8bae1bbc0a7f7692e64c94a8f,d5483a418551488304e5338e96ecba94d45d3cb97ee00c0dc3dd5d35ccc4beea,2457a7f5f20dc552bbe9479d9c8769e38256c209ff699f00b2b4690287bc6cc7
KGHM,2017-04-18,scientific_cache,99868,63934,1015637,1280146,f680826773d1606749e706eab74c69025f9d684614d84f44a4a21d69f3d2caaa,e4e77aacb13db6794382901b8b0763e5e70adec2baee5ab62d0f7043c87af328,2457a7f5f20dc552bbe9479d9c8769e38256c209ff699f00b2b4690287bc6cc7
KGHM,2017-04-19,scientific_cache,112150,78652,1210300,1544739,0d7e64d67e275c4dbad779d21151d034daaf700e835d31409405036974b549c6,591a1b10b3a63c3a067392b2c6d5533f0a429428a5f0a4031ac88a7999764713,2457a7f5f20dc552bbe9479d9c8769e38256c209ff699f00b2b4690287bc6cc7
KGHM,2017-04-20,scientific_cache,120683,88824,1433479,1760815,8248c447aaf313035e56920203b0c456a07dcfd9548daad65b51010aa43ca8b9,d2acc45f24ebe07a480c273878b5e44696e5e2d452b89d62a4d8acdfdacad276,2457a7f5f20dc552bbe9479d9c8769e38256c209ff699f00b2b4690287bc6cc7
KGHM,2017-04-21,scientific_cache,84707,56966,900511,1112418,05d5ba70c6a0cec21938193abf8c619121ff90fb02b3086a3d312be93f7a3558,b072e7baeddbd34cb2b7c68acb750460e3efce963415f109591639d342e67bb6,2457a7f5f20dc552bbe9479d9c8769e38256c209ff699f00b2b4690287bc6cc7
KGHM,2017-04-24,scientific_cache,52035,32479,497467,598083,bb2f38d6ed02c0e65563f22e429102730beb11aa53c52a0eee710cf75266952a,800ef4b01830104d48c1d73ea2168ae8866f1579e57b41d428614b2f2d3f6ffb,2457a7f5f20dc552bbe9479d9c8769e38256c209ff699f00b2b4690287bc6cc7
KGHM,2017-04-25,scientific_cache,83354,59184,999995,1204013,6c13bf3feda0fa01d5a5faebb1876b8a7019ba3098d0789f13ac68cf6040f784,eddc488a94aef590d36f57e75bf22544a113b5e9f5872a0bac8d812eb8bfdf83,2457a7f5f20dc552bbe9479d9c8769e38256c209ff699f00b2b4690287bc6cc7
KGHM,2017-04-26,scientific_cache,105014,72566,1299777,1622411,2353225092588630cc9a75198b6a5dac5c3063b6aaa56427ae4554c166fdc4e9,c2b635d6c51674c8673ed452677effd4b4d180433c0200186da6daf510d9b9bf,2457a7f5f20dc552bbe9479d9c8769e38256c209ff699f00b2b4690287bc6cc7
KGHM,2017-04-27,scientific_cache,97713,64903,1025670,1225719,2b2a1a90b2ad8115cf3be4aacadb3f1fe018aaf93c67f1d596047bfda790c4ce,7f4e7538b5e66e3361cddf5e213dcaa685650998941888571addd2f913d3f843,2457a7f5f20dc552bbe9479d9c8769e38256c209ff699f00b2b4690287bc6cc7
KGHM,2017-04-28,scientific_cache,70841,49522,852843,1023567,87dfbf4a9171ea9b3a5ab196a3de9dc3c9e0ee81f7d032dd87beba460326771a,6b69bb4fa128557b47335d12e4116d3f3fbe667167d83651b4860fc5a101255d,2457a7f5f20dc552bbe9479d9c8769e38256c209ff699f00b2b4690287bc6cc7
KGHM,2017-05-02,scientific_cache,44186,27237,426251,558938,7e54dece1fef6332c91b62ae59393bc3737a4c919ded9cf505b3770979f94ed3,a5fbe95efaa1a022e700ed37613ea20e7a1fe00b2fe75b950a1565bcdc9e697a,2457a7f5f20dc552bbe9479d9c8769e38256c209ff699f00b2b4690287bc6cc7
KGHM,2017-05-04,scientific_cache,126297,72122,1085323,1509796,02a37873b6f4d5fd35d513067664b584cca2bcfbe4a9c8e9c9de5143ff8ed08b,ff65c25695e8116ec3e7b9fb8a3267397b7d0b94fefb83e61430ad1925878f67,2457a7f5f20dc552bbe9479d9c8769e38256c209ff699f00b2b4690287bc6cc7
KGHM,2017-05-05,scientific_cache,149238,88495,1459915,1769890,c25cb174e8e2dfbef5196f549ab9e6246ac81e1ed1cbe85d45161756170b16f9,dbce227193f2dec1e2585b69e262d58605404c2a179abb34750605d37d29b406,2457a7f5f20dc552bbe9479d9c8769e38256c209ff699f00b2b4690287bc6cc7
KGHM,2017-05-08,scientific_cache,167671,111290,1676967,2088128,cc4f64ad0b63b1853670ac814b51a49cfdd8b85336834cee799db1976714c3cb,856b1099ee5d7ccf8fe51a02158c7e74f1cd37e80e3fb1a41317d0bf3b4a04fe,2457a7f5f20dc552bbe9479d9c8769e38256c209ff699f00b2b4690287bc6cc7
KGHM,2017-05-09,scientific_cache,115835,72269,1173217,1442419,e83f625d35069da19b005b3969e624752f8a2ea7c71f815cc501280a235db3e0,9da186033b9b54f787fd36ecd9181190a58f1d7750dbfbaf4d5c2e3137aa9dfa,2457a7f5f20dc552bbe9479d9c8769e38256c209ff699f00b2b4690287bc6cc7
KGHM,2017-05-10,scientific_cache,105961,73731,1212792,1458284,b44c5bc500452ca7a07ec21306f88e3908a648a7c045ecb74b630c41ff3357f3,faad87810880ee5c26f2dc775c1c2b391988f542dbf66735affcc43cfbe41270,2457a7f5f20dc552bbe9479d9c8769e38256c209ff699f00b2b4690287bc6cc7
KGHM,2017-05-11,scientific_cache,113985,81290,1269679,1569996,e97be9a525555e64efb5db1e327f48250801e1e1045c2310965206e742d1963f,c3c5cc876d63620703bae4633ca5e50d7312bc2920443966e5c0425dbacfe577,2457a7f5f20dc552bbe9479d9c8769e38256c209ff699f00b2b4690287bc6cc7
KGHM,2017-05-12,scientific_cache,102523,79842,1329099,1509522,9711f581bbba5b113c8cf714642bfca7cd30b086ab799537aba18d17cb1ef51b,8386f953698d8163a9d1ba4621b3e765450959a79ed302e7fd17f29d16f52c50,2457a7f5f20dc552bbe9479d9c8769e38256c209ff699f00b2b4690287bc6cc7
KGHM,2017-05-15,scientific_cache,86479,60031,946478,1164262,adfdccc4f242b1d64a924fe31f9cc1a740a7ebdaf18b9f79e4d262da61e79b38,9171b6e50ef816210af83bd13a45deb4ecd8e24d364161870a18d39fc6e7dbec,2457a7f5f20dc552bbe9479d9c8769e38256c209ff699f00b2b4690287bc6cc7
KGHM,2017-05-16,scientific_cache,77043,53491,1043603,1212418,8be84184c5e59acfad8d856bc837202c0252d83dfbaf91a09c877d5a676c3327,e273052ae973dacd28af7847d55faa78170aeb311da40beae2cbfe3d92ef3c8a,2457a7f5f20dc552bbe9479d9c8769e38256c209ff699f00b2b4690287bc6cc7
KGHM,2017-05-17,scientific_cache,91667,57070,892793,1161497,294cf4f1cb568ca9d70ed8462163b6c873b2e769aa8380b6a28358109cc74f52,0f178a2376ff6f6393c66fc628dede64b4c28cbf3ecaa81abc873c237feff950,2457a7f5f20dc552bbe9479d9c8769e38256c209ff699f00b2b4690287bc6cc7
KGHM,2017-05-18,scientific_cache,100986,60728,1165947,1299731,1507d2eac86bf37d6933984e446f05a34b40375ad3ad7247298fee615ff1e8c0,66606191d84b04313afb5b36729a54a57a56dd047c5d9bcef7d3d57bc8699860,2457a7f5f20dc552bbe9479d9c8769e38256c209ff699f00b2b4690287bc6cc7
KGHM,2017-05-19,scientific_cache,99530,69831,1225085,1387274,727638c4f828c512ae9f752d49b16e2dbe61488106224b38792a6f1ada425baf,79880121bff46ef0e6746087d2209d558c8269a7594ea77dbe2ef1f961d14a78,2457a7f5f20dc552bbe9479d9c8769e38256c209ff699f00b2b4690287bc6cc7
KGHM,2017-05-22,scientific_cache,74748,54223,1031235,1095056,20b8686a7ba5d9710ea93b313aeb2402ea11390ff52d578db897b0c403f06935,e5c3c8f8bfdf497076463efdda21b5d81088bb74e7afe92c66b3952e8d25d9b4,2457a7f5f20dc552bbe9479d9c8769e38256c209ff699f00b2b4690287bc6cc7
KGHM,2017-05-23,scientific_cache,107399,75673,1310530,1610867,c67defbc60b2942ca5dc8c072b5f1a43a9ae66f5d488019b0eee264bd5ff2e55,d03034e5c247ea7a6fd1ec840ddbee5df229dc5c3c1c299942f0d11134a5f4a9,2457a7f5f20dc552bbe9479d9c8769e38256c209ff699f00b2b4690287bc6cc7
KGHM,2017-05-24,scientific_cache,142384,98564,1542791,1879909,1c717383119b5cbe9f875fa9a25838a5a2f032d47dcaaf0cfc9ac7e31d2e38db,a88ec3775672e194f076be75b554c36368cdf6a98b15c155d6c9e73da297dbfb,2457a7f5f20dc552bbe9479d9c8769e38256c209ff699f00b2b4690287bc6cc7
KGHM,2017-05-25,scientific_cache,111386,68289,1167059,1388088,e3c23b313dd0be4c59b4d1855644b325187549c56b5a52d5a2fb961d13c913a0,eac1b3a325533d1f598225857505a1fdab8ff099f2e243c100bea9ed5cba884b,2457a7f5f20dc552bbe9479d9c8769e38256c209ff699f00b2b4690287bc6cc7
KGHM,2017-05-26,scientific_cache,110920,74299,1279992,1477089,72f3e7b0a621f0c8bd8fb69b43da575c514341bd4a28392803eadfeb6f703304,4b39c865ce2e68a8cc95b01b96e9a1a0b3e89d7ec268aed2058966cb16f5c312,2457a7f5f20dc552bbe9479d9c8769e38256c209ff699f00b2b4690287bc6cc7
KGHM,2017-05-29,scientific_cache,32781,16811,271092,326087,43525052547e4e5f9af1589f98672f2b58a3b6c6147e104467e2d06a937d4df0,8e74d500ce54abf0b84fc773b2cc98fab2510a082d8cd0e7795ba8254379bc09,2457a7f5f20dc552bbe9479d9c8769e38256c209ff699f00b2b4690287bc6cc7
KGHM,2017-05-30,scientific_cache,78765,47667,767724,983502,d4076397c3cee7941647bfc8b775019619be2e1fb077bfb5a1b48d608c643962,bdc913443329448030098fb2c6a1839411aa7e98e2a3bf4ff9fca9a5f6ea044f,2457a7f5f20dc552bbe9479d9c8769e38256c209ff699f00b2b4690287bc6cc7
KGHM,2017-05-31,scientific_cache,129612,86099,1439997,1698969,34da0497c4bf7e3a41d19c0ec0f601a2e7bfca7c04d9bcf6c963863efa0b61d7,67549afc1b36d083b7867544c641b213c5e7b64e0198ebb6c61f3cbe768bafec,2457a7f5f20dc552bbe9479d9c8769e38256c209ff699f00b2b4690287bc6cc7
KGHM,2017-06-01,scientific_cache,83515,53096,957402,1210185,92ce75e018b0587f4e75148dc2d868e5235cd9aa536d6872402a894099aee464,a7cd0d0daba7617bef9450fddb801279406dc93e6c95fa6f2d8d50f049c603e4,2457a7f5f20dc552bbe9479d9c8769e38256c209ff699f00b2b4690287bc6cc7
KGHM,2017-06-02,scientific_cache,73621,49593,820529,1045458,0fad4e5bd8d6e9d290ce5ef38e759e0cb45300b69c136bb02b487f45018eb73b,91a8fe44b1c61af8ca05313b7923b5aa72a06d825062ded455de5d44413b1f60,2457a7f5f20dc552bbe9479d9c8769e38256c209ff699f00b2b4690287bc6cc7
KGHM,2017-06-05,scientific_cache,45921,26606,462911,532896,cccba6a830b054c5f4e04a8065f29cb37b108a0e6490536fb81a63df11c562d1,cac96d6a66cdf2103a3bdf0b3e562bb436dab61b8e5e954e8ae4b46badfcfab2,2457a7f5f20dc552bbe9479d9c8769e38256c209ff699f00b2b4690287bc6cc7
KGHM,2017-06-06,scientific_cache,73370,43902,837464,1064445,c4c67b1d94deca5779b63831dae35a9d316766aa9336ef41ecdc8346c507c04c,f0f888f66d2287cb1ffd307cf9532917bd1467ae1179971289d2e076b29c7774,2457a7f5f20dc552bbe9479d9c8769e38256c209ff699f00b2b4690287bc6cc7
KGHM,2017-06-07,scientific_cache,97060,68071,1173758,1314503,f3c8bd406cbb239662a11ca5f2a3eefe6f803dfac8ff4d83df1aed4251f1b7b0,af8167b4b261e9823ca38742e0cad829bb6785983a642decc332ceb6e438be8e,2457a7f5f20dc552bbe9479d9c8769e38256c209ff699f00b2b4690287bc6cc7
KGHM,2017-06-08,scientific_cache,90097,63868,1136225,1407766,734db1b838b5adf6dd4a28b58c5bb68e09fcad9d268c3fefcfc7b4e156f7f668,e06a8f128aeb3153f5a80a40453b13c567da33128e50b55c6ae6e5ae91f63506,2457a7f5f20dc552bbe9479d9c8769e38256c209ff699f00b2b4690287bc6cc7
KGHM,2017-06-09,scientific_cache,104186,60723,953396,1224741,5c3a5e30f379a1b7bbe7f46f414d542d5fa72814d09e4115e86fc82452310192,58e1c35653b77634233ffb03f3b84cbbd09cd00caa59bfbfbdf37d57dc3f61c7,2457a7f5f20dc552bbe9479d9c8769e38256c209ff699f00b2b4690287bc6cc7
KGHM,2017-06-12,scientific_cache,85929,60156,997265,1207905,ebc26b770de367ba26ddcb57179bb53e1c351b8d9ae8af2434a3d0d736ced7cf,5a1016a00625f741c383c5e7b045168119444d10471af89d11de1a8b56650e1f,2457a7f5f20dc552bbe9479d9c8769e38256c209ff699f00b2b4690287bc6cc7
KGHM,2017-06-13,scientific_cache,69372,45911,853685,1103184,351ce64df49c3fb07113795327fa8a3f0ef0354c599df49f5cacbdd09352dc8e,f967103355b6a074e639d9f6eda28c26957ddb49c402928317a10c80f320e2c4,2457a7f5f20dc552bbe9479d9c8769e38256c209ff699f00b2b4690287bc6cc7
KGHM,2017-06-14,scientific_cache,48702,31837,515622,668395,4ce30916821a0e952e9f4c902d76274352e2482eedac004e6ad18bbbd628336d,27f9edcfd4d8590535ef3788ed545fa74862fb93518d312c6163363ac8bd780a,2457a7f5f20dc552bbe9479d9c8769e38256c209ff699f00b2b4690287bc6cc7
KGHM,2017-06-16,scientific_cache,70307,42678,837251,1040781,0efa784247c76681e25c65386d2a9da43820ab2cef95e26cc188774f05a9d3fb,93f2090392f3ae6b27e7c959dfd3cd78435967457ec55e4de0f3c411971f3bf4,2457a7f5f20dc552bbe9479d9c8769e38256c209ff699f00b2b4690287bc6cc7
KGHM,2017-06-19,scientific_cache,53783,34156,603359,723681,ee26e85cfc4cc67e51d7eb0ec2c15f2ae55fc59d510ae70bdfcf731b9df3e50a,732ff6cefccd2aa65a087b80fd10da88288e474e471972761d123bb0228b0226,2457a7f5f20dc552bbe9479d9c8769e38256c209ff699f00b2b4690287bc6cc7
KGHM,2017-06-20,scientific_cache,73815,51260,917569,1187339,5679a17d1f314297ed094bf1dc698d65eee0275cf55f8547cc2a93d896623503,19b5c90ff26c983721a6930caedcf69ea48dd7e06ac34f8c77f3ea9c2402fd14,2457a7f5f20dc552bbe9479d9c8769e38256c209ff699f00b2b4690287bc6cc7
KGHM,2017-06-21,scientific_cache,89893,59695,1089514,1297367,71ab6b00b04638fe34e54ea64f37bf04e9d135deab73ced4a0fa5d374ba188ae,c58b1eca7adeff321df06139bfe797b79e327c25861946331d70c14e130eeb0d,2457a7f5f20dc552bbe9479d9c8769e38256c209ff699f00b2b4690287bc6cc7
KGHM,2017-06-22,scientific_cache,77230,46794,831356,995165,9c9b1923a3930777967517798eea020b90e9a00f2c080c43a78f5a8713a17d8e,0479f2142db8d98a528b32e041ffa1621774966b6e1ceeed5d82653fe0b42233,2457a7f5f20dc552bbe9479d9c8769e38256c209ff699f00b2b4690287bc6cc7
KGHM,2017-06-23,scientific_cache,81766,51166,876431,1133768,6e7882033619028afc08ad13f5a71e3ef20b190815e3b306af493f9ee2234959,6fd51783825c0b916322160d1b478d88daf12ff6b4af09bb016ef1c01f554d92,2457a7f5f20dc552bbe9479d9c8769e38256c209ff699f00b2b4690287bc6cc7
KGHM,2017-06-26,scientific_cache,53087,27164,446717,570327,47b7c33b195a7ee30f7d879cd7f131556d85ee8421d1890a49b5027ea869e599,6f349b4d0641040d27a4d783f35013eb2b2fbdc1c56756fe6798a91964afa002,2457a7f5f20dc552bbe9479d9c8769e38256c209ff699f00b2b4690287bc6cc7
KGHM,2017-06-27,scientific_cache,97520,64890,1061412,1383095,e758cfd9e13ad7f2002011b4b2b9ade13ba9ee2d9a1d848a94b111ec96316624,b19d73b958c9bbd773b743b063c75eac2bacfa6e31494b46bcd00a89ec717f1a,2457a7f5f20dc552bbe9479d9c8769e38256c209ff699f00b2b4690287bc6cc7
KGHM,2017-06-28,scientific_cache,98368,68444,1251872,1506297,fd140eaab747fb6225865843a84e400baa183034f665cf16651dd1d68589a843,f8eeeae331a59becbcf2716953120f811c84b2b93af1e0689a64d36b17cedc35,2457a7f5f20dc552bbe9479d9c8769e38256c209ff699f00b2b4690287bc6cc7
KGHM,2017-06-29,scientific_cache,60078,32504,530198,616550,fb201035a5c5aa396dbdd1e5d426cff9f147faaeb23a287f9359f072fd9d0568,e04d59f6be0341a968b50aef426bd47f616bc99f25b8f44b9890c1d631cc6657,2457a7f5f20dc552bbe9479d9c8769e38256c209ff699f00b2b4690287bc6cc7
KGHM,2017-06-30,scientific_cache,52291,32492,525612,670073,80aa939342e1cd7ffcd8a699ddc6c3d4ac764887601a5ac59922961a222d35e6,f5397f17a1693db1bfa7c399abfeaa4cdf4746e1d9d286702b1b4402f0d2f23c,2457a7f5f20dc552bbe9479d9c8769e38256c209ff699f00b2b4690287bc6cc7
KGHM,2017-07-03,scientific_cache,76844,52320,1028388,1212174,afeb1256172a8a22bcdc1c46d3966674905362004600a5d6358616da4bb57a7e,0d85f6ade962bda4c881abec44e3fcd62886a78b9896b377f0d017d5bd951b17,2457a7f5f20dc552bbe9479d9c8769e38256c209ff699f00b2b4690287bc6cc7
KGHM,2017-07-04,scientific_cache,55415,35808,669657,799233,e2d1d60046a26954b47ad811b8249cca364872b5f71141b181b26d72b96b003f,5220bd9d7ffdac290a11a945c76a70acaaa9f3545f4c222d6cb23ae3cd9c311a,2457a7f5f20dc552bbe9479d9c8769e38256c209ff699f00b2b4690287bc6cc7
KGHM,2017-07-05,scientific_cache,67452,36694,743060,850886,58fa1a04831875f91c9082cb259af2f980a923c16db89e724ba6c1e04485b477,a3dd558db907b11331ec6528a69771df84af51ab3a4d99605a58daf74e6f60e5,2457a7f5f20dc552bbe9479d9c8769e38256c209ff699f00b2b4690287bc6cc7
KGHM,2017-07-06,scientific_cache,57316,38123,653820,776866,01ffe1e1f936eee97bab80282bca69e7d73191154f0e711e06d4d1d764fd5252,c2904d70fb40e94348f6da653719144564560fa7ddd158fe966639b2f1ae36c1,2457a7f5f20dc552bbe9479d9c8769e38256c209ff699f00b2b4690287bc6cc7
KGHM,2017-07-07,scientific_cache,80968,56442,912633,1217281,7bc26e8fd82b4f8526b023112ca7bf19834ee67c26d20ac7290d8797c67ca989,7b24898073a5f7bf366a0388eaec44b6b4f076f3613c933617ba6f40c2359565,2457a7f5f20dc552bbe9479d9c8769e38256c209ff699f00b2b4690287bc6cc7
KGHM,2017-07-10,scientific_cache,53200,29447,479008,620312,062c4b99463c288ef55a3075033275c8efd2abc5c676ed8e26b2c2e29956c2dc,93cc08b63222b9e996009d16f83da2a2f5afb1cd75a38e732cf6fa52e46737da,2457a7f5f20dc552bbe9479d9c8769e38256c209ff699f00b2b4690287bc6cc7
KGHM,2017-07-11,scientific_cache,52760,32907,528166,688941,4f87b19a20a3ae1c8486863295d3ac82f948144f3ed12fcf00c4cfb9f6d9ad47,0909f9791024e0770c94461bffc31adf826dbb6a63a3897191883b4e11bdd197,2457a7f5f20dc552bbe9479d9c8769e38256c209ff699f00b2b4690287bc6cc7
KGHM,2017-07-12,scientific_cache,85443,47006,917493,1159974,9281930124d8ef4d032a2553b8740e463cec5485764f8bcf3949cf6d1fe071e9,84c26aab464528554f2e9091b6cf68c1013a86f9e274d9a8bd59a85ef5612d76,2457a7f5f20dc552bbe9479d9c8769e38256c209ff699f00b2b4690287bc6cc7
KGHM,2017-07-13,scientific_cache,72596,46510,748686,1003959,b84dfafec8e488446c52bdc67834ff73c07db92188e07ff4a872b41b368b3197,bd674c73aad3c39f6a1e685cfe0c77443864055ed56d5ea2bd987cc2928c4bb4,2457a7f5f20dc552bbe9479d9c8769e38256c209ff699f00b2b4690287bc6cc7
KGHM,2017-07-14,scientific_cache,54067,38979,684013,889347,a9fee772c5aeb11f6b07687b6bdef4aa7d0ae247451206d54c52d90996e65930,ed3f65eaba1fbb0527a9efe1dee1e73db33093f3626c482d3b4c7c1bc2628854,2457a7f5f20dc552bbe9479d9c8769e38256c209ff699f00b2b4690287bc6cc7
KGHM,2017-07-17,scientific_cache,77806,49781,782736,1072560,251d39129912e7804441565aea139344441524667e58485f7f4cafde80cd6969,a885f4f4916716e7b7b99b0bdf78b1d514629fc1a4616ebe4c84baf2c84dcd45,2457a7f5f20dc552bbe9479d9c8769e38256c209ff699f00b2b4690287bc6cc7
KGHM,2017-07-18,scientific_cache,67175,46257,760576,1018104,c06dc7f94d749dbcbd4275672fc2895d463696b64a2a028f66198b2cba148a37,3299f31e79173d2d38297aa70f0994adf6bc39a3686bc047bcff7969ed1f58c3,2457a7f5f20dc552bbe9479d9c8769e38256c209ff699f00b2b4690287bc6cc7
KGHM,2017-07-19,scientific_cache,56772,30352,486705,596471,7b68437267e041f353963e903ae7433a878369990a1ffb4db2804d0bae8d1d29,cc1f97c95c32a694e3b8a814bb93cb2d86b00252610da4fe4e2cf56626fe6184,2457a7f5f20dc552bbe9479d9c8769e38256c209ff699f00b2b4690287bc6cc7
KGHM,2017-07-20,scientific_cache,92481,67496,1040492,1353819,cd4bcc69e0e797937db8bf331599e0b98aff4749688d03db63518410374c5d82,76b8bd367e29d20f43c2a06c0528500bcfe4e8bd59ba38d96d63e02c6676fa95,2457a7f5f20dc552bbe9479d9c8769e38256c209ff699f00b2b4690287bc6cc7
KGHM,2017-07-21,scientific_cache,80266,59731,927309,1157651,7a1423574e6662e4b2b2f2bb7da23375d3f8d8e611ae322fdfccf5b338f0fbb8,158a53855af6476caa4cc69592bb3d19ddc730d23701fccdad2abd85f0b88251,2457a7f5f20dc552bbe9479d9c8769e38256c209ff699f00b2b4690287bc6cc7
KGHM,2017-07-24,scientific_cache,68435,41793,774906,984682,e267c0a633c4cabbf773640ef1497a2503cbfec6c15feabd26f2fac660cbd77f,ce01cdd425b1a3bae4b8542dd97270c964d85b16d855510e2aa5ff1f7ef6f24e,2457a7f5f20dc552bbe9479d9c8769e38256c209ff699f00b2b4690287bc6cc7
KGHM,2017-07-25,scientific_cache,82287,51131,844786,1137324,ec72421f7218612333012bbe31d7bd8162dc504db25212e75df8dcabae6306ab,1e14cc5f85771773b68c6666ceffcf68cf5a150d75687d71d47fdd69a86cbd93,2457a7f5f20dc552bbe9479d9c8769e38256c209ff699f00b2b4690287bc6cc7
KGHM,2017-07-26,scientific_cache,85546,57461,848037,1170697,91420ee8562d3a7ff3e96a315d9d35513f707a544a25f33f0a001fd8cde5ba0c,a74b95262765c08b65c1512b25162e967c2bea6670b4e0ba485982c8b0bde5aa,2457a7f5f20dc552bbe9479d9c8769e38256c209ff699f00b2b4690287bc6cc7
KGHM,2017-07-27,scientific_cache,57777,39557,674086,880007,21065698380754485dac16db64f98ac9579df4b11aaf3c61885de6c772be118d,854bb972351ff12bdf60e50db43475c028c911d6956d2f254166b22e1854bb06,2457a7f5f20dc552bbe9479d9c8769e38256c209ff699f00b2b4690287bc6cc7
KGHM,2017-07-28,scientific_cache,53041,35678,644009,824511,826b1b91bf4780fa74e4ac40154aba9704b138278e91f4df146746e43deae9c1,6b4e8057be0e5b767dac1718643ff5f9308d2c367efea2035ec7d0a32f95feb7,2457a7f5f20dc552bbe9479d9c8769e38256c209ff699f00b2b4690287bc6cc7
KGHM,2017-07-31,scientific_cache,81036,49497,743685,1036931,9147766097f3e1d8bd3519f02b75882d638bb50986732e6b4334cf6af1ba3684,5d0773e590ffb4918520e9a0689cba183a48a1c10e07fa112d703f6603b16f47,2457a7f5f20dc552bbe9479d9c8769e38256c209ff699f00b2b4690287bc6cc7
KGHM,2017-08-01,scientific_cache,64733,41087,635410,859026,f33990065b933129715d2594b48de42a828262781d7470614b2067cf15bdb7f6,270e8ea09ab535d40ed49c439235a659003f4c6a38925c44c53e8fedd152087f,2457a7f5f20dc552bbe9479d9c8769e38256c209ff699f00b2b4690287bc6cc7
KGHM,2017-08-02,scientific_cache,61289,38801,582829,788156,aa62f2d7ba69ae597ce8364b5ed6c13e030adb6ece0a7192fb2415adc191b103,dd63d8b6afe8c173917f38d4595e58b40537c0a80c81430acbb4e12a7b1b8a15,2457a7f5f20dc552bbe9479d9c8769e38256c209ff699f00b2b4690287bc6cc7
KGHM,2017-08-03,scientific_cache,74508,56455,957214,1199517,5c3e483bc3cfbed82931657fd93b3f0fe93c84e07285807afaa4c48f5cc7dc51,1f3b03ef5d5efab3b2f5daa6f29e6832fdf5ec3931d9f9c0c7b9c399b736cd15,2457a7f5f20dc552bbe9479d9c8769e38256c209ff699f00b2b4690287bc6cc7
KGHM,2017-08-04,scientific_cache,51710,30510,493344,662594,727c3aae41a26158071aa3856b12e009c0aa8d14a2f6d8ee240a684e54035a97,ed647ea75ab09244497d6317d8103b5dd50c9ae2c9fad89c53744be4fc14d72a,2457a7f5f20dc552bbe9479d9c8769e38256c209ff699f00b2b4690287bc6cc7
KGHM,2017-08-07,scientific_cache,69053,42449,677627,917597,bfdf0f050d1d7836231ce77a347f7ab1c03f1aa81715ad19827df357a3109f3c,fb4a700a846684026e4cf63c28a98187735798a7527a73e356b12cb1bc684b0b,2457a7f5f20dc552bbe9479d9c8769e38256c209ff699f00b2b4690287bc6cc7
KGHM,2017-08-08,scientific_cache,91660,64549,1053551,1346602,fdddec3eb2bae932faaa79e6ed46aaa75a9a918e26fb53a4ebc0e578785b8b54,27567d8f2422df80ec9a686caa88e50bce3426f899b2a213611446c0f271e009,2457a7f5f20dc552bbe9479d9c8769e38256c209ff699f00b2b4690287bc6cc7
KGHM,2017-08-09,scientific_cache,73183,51458,791991,1007289,f7a2155bcaef3b80ca492e77b86eaef764087b6cee285507129c8e0ebaea9dd8,1b0de7788cd543f50ed671aef71b3adc00e2308ffacbbb43126bddd94967717f,2457a7f5f20dc552bbe9479d9c8769e38256c209ff699f00b2b4690287bc6cc7
KGHM,2017-08-10,scientific_cache,65995,39774,774690,918433,d23bfe2fa66f6cc05c403bde5e5d618cfdd5e83d6b5d0805b022bb5c30f7e630,fbe4ad39c32ba19d5f0aadb937508cd71b43374f4a7f34769f144a7fdeb41db4,2457a7f5f20dc552bbe9479d9c8769e38256c209ff699f00b2b4690287bc6cc7
KGHM,2017-08-11,scientific_cache,54837,34239,637510,857043,ccacccdcf4b3be725e92c1a89884bf6f458b367f7f27c9721897b195f7073e1d,2cb7a4c58207227ba5f2dc91c124433206a69d952df547945f928515bb5bc877,2457a7f5f20dc552bbe9479d9c8769e38256c209ff699f00b2b4690287bc6cc7
KGHM,2017-08-14,scientific_cache,45598,30918,494763,642699,6ebd983eca6c6f269b2f994a9423460adbdbcdac55f53b1868d76484179679d9,3c2f8a4caf523faf81a643e8d28c1f51b4cdd92044a74805a51d1c4477532f86,2457a7f5f20dc552bbe9479d9c8769e38256c209ff699f00b2b4690287bc6cc7
KGHM,2017-08-16,scientific_cache,93741,62039,988252,1297788,a763d04ba5ec8f6ff6140d8c6eed2b0ec6a3593c85bb031f6899ce02cf49d91d,bc5ccd2a898386b78553f454c5c44b05e8ba9b8f7e7b4ceb19b88a1aa0b098ac,2457a7f5f20dc552bbe9479d9c8769e38256c209ff699f00b2b4690287bc6cc7
KGHM,2017-08-17,scientific_cache,61910,40556,644566,836889,6bf67d7590672e2b7faabb132ee548b09ccc0b1b9c55e9cbc71a7d3fb506d6cc,ba893acf7f7f078587bc4af5cb50f758afdbc12c78cd90d59ccb12104cb2e9aa,2457a7f5f20dc552bbe9479d9c8769e38256c209ff699f00b2b4690287bc6cc7
KGHM,2017-08-18,scientific_cache,95778,71190,1106840,1528783,8af16bef3ce77bf060b7bc61dd8cf9d6d32f1a0c4a0122ccd52f2ed85aa0a038,e88c04bc04b1c10221a62100b3bafd832dba2f32f1e9d05e2045bd3ceab9d252,2457a7f5f20dc552bbe9479d9c8769e38256c209ff699f00b2b4690287bc6cc7
KGHM,2017-08-21,scientific_cache,41775,27275,447173,537653,412567abd5094c6f8068a1272d94408a59de6fe1052ca46b9923f85dd395669a,796e971bf81077a4a1b232ecbd90ce978f1b5c6dfb910025faa8f4f0674340f8,2457a7f5f20dc552bbe9479d9c8769e38256c209ff699f00b2b4690287bc6cc7
KGHM,2017-08-22,scientific_cache,65437,42573,642921,952395,77ba6f421fe8f9ccd513704d31aac57944bf96f7023f6f9ef23e14f405e0d70d,d14f06e1283a513d5bd10c010d43c05aa0b0393dd2fdf20c6d76f836e5ef5950,2457a7f5f20dc552bbe9479d9c8769e38256c209ff699f00b2b4690287bc6cc7
KGHM,2017-08-23,scientific_cache,52462,38091,623545,777135,3c10b0c04377174d49b5f6a251db9802e171d9411ef07c4d21f1cf696c0022b8,b5c3a87b0ac99c67c003cbcd7ec092af6ae650d7cc1b4b5a04fd97676cf1db91,2457a7f5f20dc552bbe9479d9c8769e38256c209ff699f00b2b4690287bc6cc7
KGHM,2017-08-24,scientific_cache,51393,34141,651210,850817,cbb8916f9db98e6e99f02687da35e0d089a5dc91abc01b8574cd202b125e9fd7,29b7225e14b2e84661d8b8fe2d5fb3a77faff39b8393f1e0b24cd73264dee190,2457a7f5f20dc552bbe9479d9c8769e38256c209ff699f00b2b4690287bc6cc7
KGHM,2017-08-25,scientific_cache,65665,43546,700442,929957,4fac5c472798674b0f795b245be4089cd076ba938fd2f9947c885f38517fff70,ebc3e9bfd6f89a6f3077887ac6c31c06efd2fb2a26a7efc0ae65ebb9167e4be8,2457a7f5f20dc552bbe9479d9c8769e38256c209ff699f00b2b4690287bc6cc7
KGHM,2017-08-28,scientific_cache,60386,37588,713773,898564,9ed9d31233d9491793489a8aba45e4cd5510d055f47093cea7b6e13cdc08f898,6e50ef70f92b43cd16f3065a68fbb66e95afde61e6ba65203d826601135cfc21,2457a7f5f20dc552bbe9479d9c8769e38256c209ff699f00b2b4690287bc6cc7
KGHM,2017-08-29,scientific_cache,65752,43260,844936,1041959,0dc83706b9b1fab3dad9b6bd80c2337ebd86fc4f685c352cb5fe880420fdbc17,cf1129666a517c50b4005d6ec79b08e50f0a979f857a1f31b4f7770e3b64d827,2457a7f5f20dc552bbe9479d9c8769e38256c209ff699f00b2b4690287bc6cc7
KGHM,2017-08-30,scientific_cache,81195,59697,927487,1207415,b56b14575f83eef3c45a42a862c33eb40888a500b0d22365d0bbe6850ce52818,a90dc7a760bc9dbeed1690de185ad299aa243f7b39918ee9f18c9901309692a8,2457a7f5f20dc552bbe9479d9c8769e38256c209ff699f00b2b4690287bc6cc7
KGHM,2017-08-31,scientific_cache,71718,44206,797227,999560,d41f2e9a6d19d35f09dafc7c3a61604b336598f9c8dbcb5545abf0662211caf5,16bda87b7d6f7da7ed7511b0936f55478ee5522e9b7c319719e314a348c026a2,2457a7f5f20dc552bbe9479d9c8769e38256c209ff699f00b2b4690287bc6cc7
KGHM,2017-09-01,scientific_cache,50307,35659,666539,857570,8a676a1f13843468a8c7e4a604a88d3b1f98ab00064d90c6a8120b526a3c4285,4213fa9f22c9bdc961b7f7f83b788ac5d4250c98ba91d1601179be0d51f33536,2457a7f5f20dc552bbe9479d9c8769e38256c209ff699f00b2b4690287bc6cc7
KGHM,2017-09-04,scientific_cache,40624,22394,329468,433583,b14e82cbc93588f998909bfbed9be4bce0ba28e518a5e63304d59dc8f86afef1,8bc1d8fd3ba4714129f10112e4ef63cd787303e5503a3440b935a4d1753f3e26,2457a7f5f20dc552bbe9479d9c8769e38256c209ff699f00b2b4690287bc6cc7
KGHM,2017-09-05,scientific_cache,107650,53129,824011,1112514,07d783780295638cd119011135d25d3fa29c5c0398dcff261e72e11b7a963325,e53c8e3e49f4178c1d62e34553d1f70eef84a0ac137adc022e8bfbd2e9dc218f,2457a7f5f20dc552bbe9479d9c8769e38256c209ff699f00b2b4690287bc6cc7
KGHM,2017-09-06,scientific_cache,96960,57774,857247,1204759,21f9fe774da1690e544f8e626d1ed8d90e34d5ed8a1f4d0c499f8e3cbc2d1ea8,43b5f00f893301ff1c33bef5b9337420b6460f72757db5a3e56966494c6d4329,2457a7f5f20dc552bbe9479d9c8769e38256c209ff699f00b2b4690287bc6cc7
KGHM,2017-09-07,scientific_cache,87423,65517,1057895,1338726,109ce9328f612ce65e7f7d098f464caa27df1692a3884f16841d1d8590834ba3,2499e90e8cffa27ff100d20bae8fc0c426fc222e381294883b3feae3f1128731,2457a7f5f20dc552bbe9479d9c8769e38256c209ff699f00b2b4690287bc6cc7
KGHM,2017-09-08,scientific_cache,107058,72583,1121369,1411448,4b63577c74ae3e7f5cbc03ff8932df3081b0e69ca3a58c05084444bb3d594b6d,a14ae37d1db1a12c6de654661a03373efe2ee645771a4cb41791eb7a80023871,2457a7f5f20dc552bbe9479d9c8769e38256c209ff699f00b2b4690287bc6cc7
KGHM,2017-09-11,scientific_cache,60617,38972,580674,786548,60c729c55b26b41616120a28ded9baac1b86f7405e13eee110869ba3e81abb5f,9e876c6826504537bc9fe0b5ed12ab5d8389678d516caf9642c2d79ff1cac148,2457a7f5f20dc552bbe9479d9c8769e38256c209ff699f00b2b4690287bc6cc7
KGHM,2017-09-12,scientific_cache,78113,58709,873283,1115997,003b2989f881430a3df4f06d70f21a8b09da94bb2d922b6b02400657f306399d,273ce223d4d1fb555c57a6b870e4902ea0cdd454a8595225a1287cbe7a309e4d,2457a7f5f20dc552bbe9479d9c8769e38256c209ff699f00b2b4690287bc6cc7
KGHM,2017-09-13,scientific_cache,95502,60919,947587,1256980,222de5495e3a93976e4659317dba7c9ff6538cd1b7158cc7aa72430ff6412252,62ba78b549d74ab45bd4604047fd5fcb2db3d0235d6e7de61a2aea8106b07602,2457a7f5f20dc552bbe9479d9c8769e38256c209ff699f00b2b4690287bc6cc7
KGHM,2017-09-14,scientific_cache,75844,45428,682521,889586,479203ecb7cdf89337a04ef44bac52ca889366fcbf2a72e72fa6b1cb99faca28,4dd30b3f69ddd8d2ac1a84e00c7c94c9726fb50a6a7a1cbe9f83b92339ef99b6,2457a7f5f20dc552bbe9479d9c8769e38256c209ff699f00b2b4690287bc6cc7
KGHM,2017-09-15,scientific_cache,76900,55553,885419,1171847,842a6936694d0606b98ba922d2bc15cd4e2b3234128731f10468e940f6c8d8da,307d3253514f05e51a028b12a8f411a5bfd512c1b6fba0cede00a8cea9aa9fad,2457a7f5f20dc552bbe9479d9c8769e38256c209ff699f00b2b4690287bc6cc7
KGHM,2017-09-18,scientific_cache,52374,31416,491907,632454,33752613ab37f0e040f20a5cdc2ecc631e7e3637a410854b7b0f2eae651f685a,566f9f73c21d419fe6597caba17a893edfedd2ab73ce92646b99daf84046aba4,2457a7f5f20dc552bbe9479d9c8769e38256c209ff699f00b2b4690287bc6cc7
KGHM,2017-09-19,scientific_cache,33690,21123,326064,398481,150699cbd91e207cc6e38d2fd52b9ca404f2dfe46015b616280a39beee11e180,f5c36f89553dc763e6cf84390fbd2314a7c73e488748e1d304940ae9f7a4cbb7,2457a7f5f20dc552bbe9479d9c8769e38256c209ff699f00b2b4690287bc6cc7
KGHM,2017-09-20,scientific_cache,34573,20105,335558,406086,8666f8d169d78854a52831c4489c19e27461ebaccffd5a8b1c41f21a4c3ddccc,7ef268cf48880328af59eba20cc385f7c9a608e72d97be1f4c580114c42ac1d4,2457a7f5f20dc552bbe9479d9c8769e38256c209ff699f00b2b4690287bc6cc7
KGHM,2017-09-21,scientific_cache,88700,54153,786512,1127508,09e3308da0ed3e0f02fe3410ecdab18ff0dea9e6ccdbfc18c65b3b9643cd3030,4bc56bfc86600f966c8f70003ddceadd15a80b4426a551ef2987eb2c0f7ec96f,2457a7f5f20dc552bbe9479d9c8769e38256c209ff699f00b2b4690287bc6cc7
KGHM,2017-09-22,scientific_cache,71737,44856,764196,1035943,57c6025c54f5292e0be48c151103f30ea890b4c29d491df7bf1513d1627ddf60,1e8f6fbe52042805d076ef7c98a6cca86a2f7d50474fa174db5e54ff1c690ae6,2457a7f5f20dc552bbe9479d9c8769e38256c209ff699f00b2b4690287bc6cc7
KGHM,2017-09-25,scientific_cache,57516,37233,644724,850262,60a8bf88d72fd5ff48fd67bb6f9a4db52091fb7258a8a93c1a3a470a92e085a1,6748bd1a75f2e18037011ac990d942a09d85cfcdfdf642e3785fbf4ad3fcb31b,2457a7f5f20dc552bbe9479d9c8769e38256c209ff699f00b2b4690287bc6cc7
KGHM,2017-09-26,scientific_cache,63726,41756,779107,1038841,9ca39f5df4844b3fa15f8e502bd43c1c55bb8b1805d1d61e046ea69698f298a6,3fcaeaa731294f254c4d2cf71ff7d10b0462617e422163a1e1bf9b0462b595f6,2457a7f5f20dc552bbe9479d9c8769e38256c209ff699f00b2b4690287bc6cc7
KGHM,2017-09-27,scientific_cache,61893,40443,737746,969190,629105e50d036773d716d13d822147cd3fc8ff67906d57bad7ef4bab4fa99e37,864eee289f013a8942d318cbf5bc334bb7d69246bc361209cf4a9d32796c5b75,2457a7f5f20dc552bbe9479d9c8769e38256c209ff699f00b2b4690287bc6cc7
KGHM,2017-09-28,scientific_cache,46534,29830,462102,615326,526026e871e38bdc8e3a04d569b7ad98b851d5ead409f84b3a4cdd794554b886,b151269a5b7a89700317df7d6949d8463a9891c786dc09215ade1c4f77ac33ae,2457a7f5f20dc552bbe9479d9c8769e38256c209ff699f00b2b4690287bc6cc7
KGHM,2017-09-29,scientific_cache,59536,29429,467947,595027,949d29a664eed6a8237d5e82650d790c432f8216996145d8688d4b9251c01e48,de9851f5927b0abdd9bfca619a47d990225224959ede088090ab06c6ecb4b89c,2457a7f5f20dc552bbe9479d9c8769e38256c209ff699f00b2b4690287bc6cc7
KGHM,2017-10-02,scientific_cache,66255,45305,736108,917361,1a3dd80c4fdf81c9948bcb6bd5f6b3f07d9b4303985ec0f10dde0debc4e9d03c,4514e6662b0c08006fe5e85b56af991ad5c5d923760ee17c8270daf64c5ef2e0,2457a7f5f20dc552bbe9479d9c8769e38256c209ff699f00b2b4690287bc6cc7
KGHM,2017-10-03,scientific_cache,62533,44102,711397,860623,ca1913d6a32286cd6e76e71be0d4e02024d59d34c51f4b714f244fced4fc390c,4e63c2a2796eaaaf783bfe5a3a30c936982d6ae6dbe810e474c45534d8890797,2457a7f5f20dc552bbe9479d9c8769e38256c209ff699f00b2b4690287bc6cc7
KGHM,2017-10-04,scientific_cache,75419,52594,865882,1075247,c9d0c3a6bee9e4aeceac040d8c6821fe8456842e0172471b16c01c99666dea21,f5f56b6965bf75d0580d939fdef72efa0acf953dd06cb87fa3fcb6effc8fc858,2457a7f5f20dc552bbe9479d9c8769e38256c209ff699f00b2b4690287bc6cc7
KGHM,2017-10-05,scientific_cache,111640,75045,1244212,1600323,e8461c6ca761f5f21732e565ea613e350b407806cd03e7d739566696d869b505,483c76caaff9a829e8b0250acc8563c586195b2d83f69c011fadd8d202837605,2457a7f5f20dc552bbe9479d9c8769e38256c209ff699f00b2b4690287bc6cc7
KGHM,2017-10-06,scientific_cache,84525,58748,948340,1211220,9580612b1fe61fccaf2dc6e9b504375c142f5a22bcf19effe5bf5b383893f394,955165e303565c93060090a318573a734a3b854fe9ea126b1dfd916932061cff,2457a7f5f20dc552bbe9479d9c8769e38256c209ff699f00b2b4690287bc6cc7
KGHM,2017-10-09,scientific_cache,63961,41338,673209,832676,a8e7a6ce0562fda07e74b66952a4c8dad11fe56753b60dc83e1cdc97d41451bd,d9a4adefe1d9779e0e09b72a0f2b45b0a4e3c2090806afaf8fe586b147534065,2457a7f5f20dc552bbe9479d9c8769e38256c209ff699f00b2b4690287bc6cc7
KGHM,2017-10-10,scientific_cache,65380,40126,726468,903397,b87626a3e5351129276f52a89896f2e9800ce0e7da3f300f5ef9b87d8d7d82ef,fe6b607cc0d11a8865e8baed998f0e6f858059f60d500ed4ba10f9fb7f9bb79e,2457a7f5f20dc552bbe9479d9c8769e38256c209ff699f00b2b4690287bc6cc7
KGHM,2017-10-11,scientific_cache,70957,47536,756438,990393,a4de0211c873b7dc5d705e897d2457c522d426459a010dbfe03a4f8e2f44a2ee,5a1b92abeb16c9ca9f6cccc8f75dc270050a2c74feac2570be66a57fe4dbab6a,2457a7f5f20dc552bbe9479d9c8769e38256c209ff699f00b2b4690287bc6cc7
KGHM,2017-10-12,scientific_cache,60965,36200,660681,835432,cf808022e2234ec0dc7a0f82950c67369da373570c8bc956cdae8a68727f8bc9,d98440951805f308123be2b870aa110c7e19a9cb36098e9b540133f7899d5118,2457a7f5f20dc552bbe9479d9c8769e38256c209ff699f00b2b4690287bc6cc7
KGHM,2017-10-13,scientific_cache,95007,70608,1163652,1433776,357dff4a2cee90d4b9503a57d4b5f54f58da307c08cbc477ffe1a6a51825149e,f2feae13ed8b22ca5f0a9fa0943fefcf80ef02c58651617de97b7e97c347bda6,2457a7f5f20dc552bbe9479d9c8769e38256c209ff699f00b2b4690287bc6cc7
KGHM,2017-10-16,scientific_cache,88838,54558,896012,1191975,db4af3c61b5c6d80620e9e61987bf1dc9e2d2e25a83c1dd9b0b355e28de66c36,76151cd19f2cf40b2065922df4be91c903d50956e0a40bc92125c2753183b17c,2457a7f5f20dc552bbe9479d9c8769e38256c209ff699f00b2b4690287bc6cc7
KGHM,2017-10-17,scientific_cache,71239,42782,759698,996855,0aae2d451e855ce7f02e1d8768a6574671919be6f7c49028da36e4e264c76823,729f52242bf1bee48474d93634b2ec3aba4e6f8c6e69f9f65baedf70adc3aabc,2457a7f5f20dc552bbe9479d9c8769e38256c209ff699f00b2b4690287bc6cc7
KGHM,2017-10-18,scientific_cache,91132,53585,809994,1077901,0d5ccb58441fc5d48fee1058a6720f1e9068b4df17dd17ae9dac6ae1dc558204,3b7ccb1c9421fecf642e4b65810bbfc00c6ed4b0787b51556889bff479b9ee83,2457a7f5f20dc552bbe9479d9c8769e38256c209ff699f00b2b4690287bc6cc7
KGHM,2017-10-19,scientific_cache,98061,74598,1170635,1418390,216e0ce0f1bc48f014ed36cfcca9d7b92d9af13dd2b5969ded6c2acc04e85ae9,c7d3cfcea4699d18643dec71d3066aae9c9d7c5bae296b6ab9be91fbe494f8ef,2457a7f5f20dc552bbe9479d9c8769e38256c209ff699f00b2b4690287bc6cc7
KGHM,2017-10-20,scientific_cache,59654,28311,444081,534682,aca2c609fa23c0cf97bd7e0fac255616a7e966b889201162eaaf6d03e519eb9a,1ec50f7f1aba775e7af05247ca5050b38559bac7d72bd845d571d503824f84b2,2457a7f5f20dc552bbe9479d9c8769e38256c209ff699f00b2b4690287bc6cc7
KGHM,2017-10-23,scientific_cache,61984,39796,717722,891811,95edcf4563f8973120f636dc12c65a8d5d4f64f4876ffb50df7b463907322d0f,9604525c51139b365136819d8e0e27869871c2fc91304cf3b79fb2287374831b,2457a7f5f20dc552bbe9479d9c8769e38256c209ff699f00b2b4690287bc6cc7
KGHM,2017-10-24,scientific_cache,107383,83438,1490545,1796711,26662f078afc4a05805659e89797d47d7149a0df79306034fe593606781cfaf6,d835563f7ff2a0a0ee5d7f44ce89ecd2ac2e2e5202c995b07bef198eec4147ba,2457a7f5f20dc552bbe9479d9c8769e38256c209ff699f00b2b4690287bc6cc7
KGHM,2017-10-25,scientific_cache,76337,50845,783136,977723,8daabd60f52b5e1c28604f5861aaba9d6be764dd1c7c964199f44789b6402534,8d2a556fa7faa0e3cc594ff5b4c86fd4faa0793046aba1a61d6228320e6c18d9,2457a7f5f20dc552bbe9479d9c8769e38256c209ff699f00b2b4690287bc6cc7
KGHM,2017-10-26,scientific_cache,68896,47867,754866,956033,415876569d463e2720a3b837d62ead219cee0e14ebb025d807aaa88c7d477339,a79dff3fe8f74b2803fc3fc468d0db7f6a83cd488edc9dca5130182c6933b9bb,2457a7f5f20dc552bbe9479d9c8769e38256c209ff699f00b2b4690287bc6cc7
KGHM,2017-10-27,scientific_cache,88277,57619,942723,1244482,90cb1286a14612387401f115ef22eed63734f80ff02d5d69d865a853ae98a81c,d0b175f54802f2ab0ee3c93dad8aa0c726e92494a61f909feaaa83d2ecbeb340,2457a7f5f20dc552bbe9479d9c8769e38256c209ff699f00b2b4690287bc6cc7
KGHM,2017-10-30,scientific_cache,34534,20433,330060,381835,199e8ccd2b77ae135b453133a60bfbbabbabd984a12ffefd038244a8584845b0,651022d17d78909b60b258ac47b25eabaf3877d536d6fbbe82a8471b4bffb8b1,2457a7f5f20dc552bbe9479d9c8769e38256c209ff699f00b2b4690287bc6cc7
KGHM,2017-10-31,scientific_cache,38851,25322,482578,591701,5e706c529c9d0ae935270cf2a7299a1eaae061743cb601ac2af4f1aa5fa2060e,bc1faf2535476be4c333c9dd09e92c96f23f0bd850d1fb61a59e16068b4aa725,2457a7f5f20dc552bbe9479d9c8769e38256c209ff699f00b2b4690287bc6cc7
KGHM,2017-11-02,scientific_cache,61688,38124,712558,854829,0a3ee5bc1cdfc678a4e6d30e8b6e1be5f4e4f65a269f329baaa6f10cbe175095,b464bc78c315129a93603ebb94fe2d5cc1275c623651f0cf4a533c791d8ad481,2457a7f5f20dc552bbe9479d9c8769e38256c209ff699f00b2b4690287bc6cc7
KGHM,2017-11-03,scientific_cache,31553,20438,333721,383870,80f21d10c457483b0b3a5d8b312c72e2e776e2fa3f00fdf106cc5b0a95dd2399,517220e1b16fe337f7253a93fa13a5e6d34947340d5ec1bef7398bebfbfa2f86,2457a7f5f20dc552bbe9479d9c8769e38256c209ff699f00b2b4690287bc6cc7
KGHM,2017-11-06,scientific_cache,50776,32709,502293,618433,7cf42b408f0bf4790942039d886036670539bee618f19dd43549ba392e61332e,cb73a0ae09dc0f8ae67be648735bec115dd6900a6764f1fdae55f7aa1584b77e,2457a7f5f20dc552bbe9479d9c8769e38256c209ff699f00b2b4690287bc6cc7
KGHM,2017-11-07,scientific_cache,81265,52999,805305,1003176,d34993ae3a06cd62ec208d151052836303cce0411381a6182eb70d49b58be208,54c03491797308a06abfacc711596ceaa56772ff3607636b6d38d5b1c7d3c6d4,2457a7f5f20dc552bbe9479d9c8769e38256c209ff699f00b2b4690287bc6cc7
KGHM,2017-11-08,scientific_cache,58010,38702,631875,780448,15224098e31a487d7d25207be1949bf485c03c54c54dba4a3651a36ba5d039a1,f08f0bbe9f9f43a074cf1e98c5174c20a311b68627f8c8c4536d4e0012d4a18c,2457a7f5f20dc552bbe9479d9c8769e38256c209ff699f00b2b4690287bc6cc7
KGHM,2017-11-09,scientific_cache,66592,41230,766606,948616,c891640281c1829271c321aad8cc4fa4d45067344578f664dc5b58cec95375cb,7460f5dd89381112d46518f48ab1b75a2d9d6949ff72806e8c9be366cb810bf9,2457a7f5f20dc552bbe9479d9c8769e38256c209ff699f00b2b4690287bc6cc7
KGHM,2017-11-10,scientific_cache,51327,33424,546054,607720,ad9c6723f4fcfea8c32d54d18e6ed942fed0bc45acfeddf3a310d77af204e916,9478465616518429a50cc1f9859ddc2c20347927e8489b11c9ed965d18f11673,2457a7f5f20dc552bbe9479d9c8769e38256c209ff699f00b2b4690287bc6cc7
KGHM,2017-11-13,scientific_cache,53766,36248,598608,734229,071ab9c5567f3752fe3aa81b212a1f55494e004581c076c1c7c09b80cf262c23,962abafc1454efcbf83db1996891eba49f7d4c2c17327011e2414f16f100064d,2457a7f5f20dc552bbe9479d9c8769e38256c209ff699f00b2b4690287bc6cc7
KGHM,2017-11-14,scientific_cache,63540,33429,515373,689522,4d6459fb8e01ec9d22f8d2aa4140fe945ab6279c5a7fc69374fa2b207f76982c,8de9d347436244690c6e485f9dede03d5dcda1c8f501407c9c9bacbc9e1f5340,2457a7f5f20dc552bbe9479d9c8769e38256c209ff699f00b2b4690287bc6cc7
KGHM,2017-11-15,scientific_cache,147219,84927,1298283,1751026,f99ba29fea1af4fd99c517c9fae2fbac6f8083d85567eb1953ef7f0a1cf40001,4f5bf1e3b50a5c21f334d82337c19b07d82ffb465a1f7f90786e3de20283c1b8,2457a7f5f20dc552bbe9479d9c8769e38256c209ff699f00b2b4690287bc6cc7
KGHM,2017-11-16,scientific_cache,76102,46453,742606,979840,fe6f0d53dc965445f90896d4f88901dc705fddc22b120a9bcb658990d84d8c6b,5b5688dd698d25aee41c3e33b62db1f7fe31c395909207083cf839893aefb4b1,2457a7f5f20dc552bbe9479d9c8769e38256c209ff699f00b2b4690287bc6cc7
KGHM,2017-11-17,scientific_cache,54595,33661,531930,704876,200484d38ab963da2ed49f3338ccd96c45dbdcd62b76e1773b0af07a13c346e2,ae21e015c6fc890bbb7300c1767848db09f919036e280b297303209d5fb923a9,2457a7f5f20dc552bbe9479d9c8769e38256c209ff699f00b2b4690287bc6cc7
KGHM,2017-11-20,scientific_cache,49819,31961,504537,665473,6b362537450818bb60e970b831ceaafd9039d8a6f56a416ede0184407949ea89,3bb6d954a6a8a9367295806160899d87605696400cafc5bae4871d7fbf037b8e,2457a7f5f20dc552bbe9479d9c8769e38256c209ff699f00b2b4690287bc6cc7
KGHM,2017-11-21,scientific_cache,64312,40820,690915,882664,a6261fc64d0af220fba896080d5fa05edbff085bbdcea16f39443382c15106b8,a40b77c5e257a047f3035bbac45a5c2ff44d14733fb8ff2de9e92ce507addf21,2457a7f5f20dc552bbe9479d9c8769e38256c209ff699f00b2b4690287bc6cc7
KGHM,2017-11-22,scientific_cache,55934,29208,479180,592115,02f30adca0b079f13e239f949fb7225b23cd9ca7477a0d8e21569fb9fe168b26,72095eccadc4b68a2f35409b886d9ca075166fbcc72363959b41dea7ad71763e,2457a7f5f20dc552bbe9479d9c8769e38256c209ff699f00b2b4690287bc6cc7
KGHM,2017-11-23,scientific_cache,45246,29195,481693,600784,b81a55ca834129a91eaec47d16f8d524424bbd7e9d7cb85acedd3606d1128f91,75b2a37d5218c8eeb58efa6399d37bf0d03573b4310d7384e038e51325c60988,2457a7f5f20dc552bbe9479d9c8769e38256c209ff699f00b2b4690287bc6cc7
KGHM,2017-11-24,scientific_cache,48251,29255,457894,606361,8b9e216293714c01e68a41ce55cebb11ce625fb444bfac4419f1c8d703668a20,483372c05366df1e51cc176568928f9085c08ef084d50a8712633241d4532f0e,2457a7f5f20dc552bbe9479d9c8769e38256c209ff699f00b2b4690287bc6cc7
KGHM,2017-11-27,scientific_cache,48850,31764,490918,644510,1e1b3eae0da6d737043d3aa0e941110ab1b2416a3488828c2bb7f7814eef6507,bb4eb050d90844f541071daa11b852701547df738d56d0afdd8667db76272c27,2457a7f5f20dc552bbe9479d9c8769e38256c209ff699f00b2b4690287bc6cc7
KGHM,2017-11-28,scientific_cache,86723,53316,961317,1308909,f20210e44ff6047f8a5d4af67717dfc860a3b79e45c57622431ca34e04baccb9,b074423ee1652650c78fd6a9ce4251436bd36da3b9e43eeb755ea913e7a95015,2457a7f5f20dc552bbe9479d9c8769e38256c209ff699f00b2b4690287bc6cc7
KGHM,2017-11-29,scientific_cache,75542,50812,831252,1188679,7162a4d890b70d6b810458d93f0bc255e2277baa67a84c0a29f18bfc406b16a2,00bd402b8433a217ad52a450a0eb41689be9a1b1bc7fe49f08641fd71ec0cd03,2457a7f5f20dc552bbe9479d9c8769e38256c209ff699f00b2b4690287bc6cc7
KGHM,2017-11-30,scientific_cache,71370,44059,795474,1118092,2cbb0e9a6c2f26498f6ad2abe794c0bebef23a39d94c7e636ffcb01728eba5ed,f7e218def58b031fda3873c28093715b5be300b108855dd50a6d6e5b626fa4c6,2457a7f5f20dc552bbe9479d9c8769e38256c209ff699f00b2b4690287bc6cc7
KGHM,2017-12-01,scientific_cache,73679,50071,916903,1202660,89735b169d808d3fd96aefb28dc428da93aff2b45b01a180f1009c3fe86ff5fd,2c2cc3cc4079ca53e68fe9d7224ac612a22d030b493ebebcc37c548f88c902d1,2457a7f5f20dc552bbe9479d9c8769e38256c209ff699f00b2b4690287bc6cc7
KGHM,2017-12-04,scientific_cache,59517,34991,565610,726474,84db16a5302180b068bfcc56446f88f152056683aeaaeeb86a976b19820a6f17,d1e7a0c8ac1e31668d8307198636733291059854788308ea1c50f39248c3fd24,2457a7f5f20dc552bbe9479d9c8769e38256c209ff699f00b2b4690287bc6cc7
KGHM,2017-12-05,scientific_cache,99021,68967,1149586,1470352,a1868610724316d708879a79f5ce585df7d62ffed39bd0940620a6df3f8a615c,7c314749f782dafb960a58270c062145531f6c0bc88b80c6fa80c80aa078095e,2457a7f5f20dc552bbe9479d9c8769e38256c209ff699f00b2b4690287bc6cc7
KGHM,2017-12-06,scientific_cache,114172,77625,1260621,1578020,7956bfdc625ab7c651dbbd791b7ecb678bf195f943c0c3dc7c101095ccc5ec2f,d420fe647ed0ab48cb56ec51c551bc60a9794d7d822c060809127758d01b4f67,2457a7f5f20dc552bbe9479d9c8769e38256c209ff699f00b2b4690287bc6cc7
KGHM,2017-12-07,scientific_cache,90083,68332,1169687,1488592,696d67f2f1a259decc46ded5b2943765ce76dfe8fdbebec0508a0b1b017d5f2e,700cd638ffbf3bff20fffd003651a071211e88534af6ddfe19b6ea9a336e4750,2457a7f5f20dc552bbe9479d9c8769e38256c209ff699f00b2b4690287bc6cc7
KGHM,2017-12-08,scientific_cache,64866,39330,601794,796274,c1fdc6999bfff7f91893f647f7755ad5d3e442ebaae33c27d1d62e58005dae3b,8b1b030b8fbf138ed597f84c11589e07e9dfb0eae0f36c24ffaeb1881ac414b8,2457a7f5f20dc552bbe9479d9c8769e38256c209ff699f00b2b4690287bc6cc7
KGHM,2017-12-11,scientific_cache,49523,30368,478290,649405,13b2af032cdf5b9e2d632a34249e9a9a7f18547d150b2e32bbecfbae4a245f74,1a9cef0929a9805ebd9c2d3a19bca49a310eb96d731ab4adf1048e8a00e203d7,2457a7f5f20dc552bbe9479d9c8769e38256c209ff699f00b2b4690287bc6cc7
KGHM,2017-12-12,scientific_cache,61223,41394,716620,888936,7495445b279605bc585ff81bb0c8b9c0e7f4c87859e520e379b666ad6f56ef52,5637b355d0b1c589d280f35bf6b036368606483b5d28c4479e8721038d688122,2457a7f5f20dc552bbe9479d9c8769e38256c209ff699f00b2b4690287bc6cc7
KGHM,2017-12-13,scientific_cache,53137,33430,526785,728910,c93247ea2f52347179cc86a4264219c29c75c759f9e97192246efd3e2e56b767,d004abc2738d4cdc5b0396e4c236ac7bc5f4c9d1a61b55db5d39de9925ecbf43,2457a7f5f20dc552bbe9479d9c8769e38256c209ff699f00b2b4690287bc6cc7
KGHM,2017-12-14,scientific_cache,65050,34828,547831,733219,d556334464c9247a31377f0bf5104f6f0daea1d156c441f2a48c9e37df060b1e,ad682914d52028bc60a761d1e1d25d7cc5313c7b9a434aaf70fd336f9bcf49d3,2457a7f5f20dc552bbe9479d9c8769e38256c209ff699f00b2b4690287bc6cc7
KGHM,2017-12-15,scientific_cache,72424,43944,763833,988903,e7c4dae6e99c00441d8a250946d53c778b4d1cd503574dfc7fb046b10cc4e08b,667d5e61986343ad200588141ef3094b28d7fe2be29d960c5e0cf2c1b9f2be5c,2457a7f5f20dc552bbe9479d9c8769e38256c209ff699f00b2b4690287bc6cc7
KGHM,2017-12-18,scientific_cache,52509,26398,450729,611592,ce736503d1184f30e72d4ba65fd482b4e6d65d5a6660137de8af34c3f75ea8c0,5d0aba434f87b5d84abc5c88567a5036e6478bdd7c97755c0c3c39b1156f4748,2457a7f5f20dc552bbe9479d9c8769e38256c209ff699f00b2b4690287bc6cc7
KGHM,2017-12-19,scientific_cache,54836,34229,608732,819060,f6a4afc5b94d0347276aba8f4010045c32cb81f63f621dca4bb6cd7831f43962,34d0cb0bd5752afc3da2237711938da59c93cc52c37028b09b333290335ddc29,2457a7f5f20dc552bbe9479d9c8769e38256c209ff699f00b2b4690287bc6cc7
KGHM,2017-12-20,scientific_cache,57471,36752,602478,830005,1906944d47274ebaba938804e49ea1b1774465654e19b642261c24ad94864616,4164816d1fb6897821550c0036d284f61eb0bd6d00210af308f004889015c90e,2457a7f5f20dc552bbe9479d9c8769e38256c209ff699f00b2b4690287bc6cc7
KGHM,2017-12-21,scientific_cache,54517,36665,607374,795578,a43d68120c41358b575d00b1b4d029868aad82c593155c515e6056570dfe6b0d,a7b7ad8442c74faa529f6b94988b03157d0ac096ad44721c21e5d8be33f47fc3,2457a7f5f20dc552bbe9479d9c8769e38256c209ff699f00b2b4690287bc6cc7
KGHM,2017-12-22,scientific_cache,36685,24103,415396,479643,5410c2d4f7221344c294b35e2035f87771f5ba075b5d6916754fa90847ac22a6,c2d40d872606df1381fedfbc97cc97ec38f8f67837c17df3b5bd0059ba878d2f,2457a7f5f20dc552bbe9479d9c8769e38256c209ff699f00b2b4690287bc6cc7
KGHM,2017-12-27,engineering_only_tail,45386,22405,351477,472772,75fd8a1337911dc8fba3c842cdbce2d59bdc84b33c033323a45a86eeccb81d72,676ed7368844fea1bc719b6dd363f2d63ecb198a694ea179a1b76b55325daf1a,c4ad1eded24f96cdb7374cac23fad98f1e71f00e24c3abfd265f71ea132cac08
KGHM,2017-12-28,engineering_only_tail,53900,35101,553968,745582,c3accd4bc84351ccf9c238b88f87ab2aa4782949f3494172f3f2749320f40090,0361a709fa71dfcb574f5660aebc2f2088835864c01f8372c8edcceef4c99620,c4ad1eded24f96cdb7374cac23fad98f1e71f00e24c3abfd265f71ea132cac08
KGHM,2017-12-29,engineering_only_tail,43913,29710,494065,607062,222d5eaefac4706bfc14ea6d3f59c24707b820195367ce3fbc61b0a5381f9fe9,2227664a558fb692a4c6abc5afb5012eacdd192628ff749cd709d1ab7ae08d4f,c4ad1eded24f96cdb7374cac23fad98f1e71f00e24c3abfd265f71ea132cac08
PEKAO,2017-01-02,scientific_cache,26935,21789,355579,396412,50ac6e3468a7b65b28b33da0fc711ab4b2f4969f9b7b3a464e7d61c13935af79,f09cecbaab1724aee26cbe9447d9d3fe5d7cdc6cc2e5113088f2b51444c9d9c6,2457a7f5f20dc552bbe9479d9c8769e38256c209ff699f00b2b4690287bc6cc7
PEKAO,2017-01-03,scientific_cache,53733,40632,805546,999204,dd9ac09b26b9203dbe8fb9d691a2854ef2e1eb8c4df9fdf5da5a14132e8619cd,3cd3c0dff4d049dfc30156a92723612d3aab11df859d7969d22e135405b7a1f9,2457a7f5f20dc552bbe9479d9c8769e38256c209ff699f00b2b4690287bc6cc7
PEKAO,2017-01-04,scientific_cache,70230,45496,827170,1082762,858f71661c76dccbcecdfc6b1c626cf47cd568fd098f2fc74687d39a22e557fb,c856be150c953d0f1191c9ab75ab71c5b57f30f65b4b50e4f58c20d97110897a,2457a7f5f20dc552bbe9479d9c8769e38256c209ff699f00b2b4690287bc6cc7
PEKAO,2017-01-05,scientific_cache,32545,20702,347715,454416,984955595de8647a003b0971d364fb1d2cc4c41f13a524e0224161e753ad4810,cda62e5e2d231d013d36d86d335deaa67edfb967d830e51cf4dc98039fe61edd,2457a7f5f20dc552bbe9479d9c8769e38256c209ff699f00b2b4690287bc6cc7
PEKAO,2017-01-09,scientific_cache,53525,42020,644510,924408,e2a07a2734810a342919e73e4c0fbf2e229f1d9f31293b9e59ecf0b0913d3b09,63e573a9595d87688c5cbd4108db8e45e55c08a4f878bde8e76d98b86c51810d,2457a7f5f20dc552bbe9479d9c8769e38256c209ff699f00b2b4690287bc6cc7
PEKAO,2017-01-10,scientific_cache,52396,32375,512370,702973,f175f8d75979d5629e4f01363b6e72b86353b88606f4c1978ef86301fd595298,05084245d92e4784ef4340ba9c56ece3d05882a1b5934b84d3e39a6a49d76cb6,2457a7f5f20dc552bbe9479d9c8769e38256c209ff699f00b2b4690287bc6cc7
PEKAO,2017-01-11,scientific_cache,30834,18503,298002,398356,da4c55d8c7eb8ed258e872a8aeca89f87ac5ff64c83a05bbbfbe123c8d009e08,79a9d9f420721c83a84445ad4beeedd7cb996dac0e3760c5c2110766234a0936,2457a7f5f20dc552bbe9479d9c8769e38256c209ff699f00b2b4690287bc6cc7
PEKAO,2017-01-12,scientific_cache,51982,37031,708173,905189,c39be14d39b32dc70663cb7911f2e81af590e8362959cad8572d6bacabb6a82c,9ede5a8e479b0ed4649b08cf67eaf7f41b6b3717db6248b00724f5e60aa47f69,2457a7f5f20dc552bbe9479d9c8769e38256c209ff699f00b2b4690287bc6cc7
PEKAO,2017-01-13,scientific_cache,39575,19933,310671,409368,84ab7eb512623017790c2c11ff36e403f5d39fb692a55bd16730f4339c41eeb0,3fd0673cea4e2a2cb22cd3686a92a246d73e2aba96a1916ad6f1934d69d5f29d,2457a7f5f20dc552bbe9479d9c8769e38256c209ff699f00b2b4690287bc6cc7
PEKAO,2017-01-16,scientific_cache,68566,58121,1060650,1341728,2bc0906d6684a55658c46915e4727a537427f2583df93ab185323e011fec77ae,48feae49d98306488ab2145afac4028c666a1a37c67c16be059f4fa6fb1f95e5,2457a7f5f20dc552bbe9479d9c8769e38256c209ff699f00b2b4690287bc6cc7
PEKAO,2017-01-17,scientific_cache,30811,20461,324943,417696,6e95f083fe4ea0e7f2f81127a71da86c088b3ae69b2f857a0039dd8c747c9138,b128102b0abb40efd70610bff4764a01503dd6bf0f1ba517eeb57dba7aa82165,2457a7f5f20dc552bbe9479d9c8769e38256c209ff699f00b2b4690287bc6cc7
PEKAO,2017-01-18,scientific_cache,43255,27391,443343,609637,4a113d7a21c78c4f4e85f6da00c2e449d6108025abcfebdedf3df1f1a42e64da,d5040a9d6c385a44c79c95d96454469f930e3d1660666377c9362026e0d1b9bb,2457a7f5f20dc552bbe9479d9c8769e38256c209ff699f00b2b4690287bc6cc7
PEKAO,2017-01-19,scientific_cache,29967,21610,335805,475945,3621c61741a38e2ce4c102dd5bf5ab88b0161787b2227f0679a21c4048a27caf,e39c39b6435e8e1bc4f7319e323c0cf680b165f627495dc5de98b499c1760487,2457a7f5f20dc552bbe9479d9c8769e38256c209ff699f00b2b4690287bc6cc7
PEKAO,2017-01-20,scientific_cache,29653,21168,351342,479710,6fd8d442cc774057198a9d581dc2c405189aee00239c59be634cf50b869c2f3e,7e2b9c814ff07eae0e17a237f7c707a094d43272dfb6ed69cbd279889f64ac77,2457a7f5f20dc552bbe9479d9c8769e38256c209ff699f00b2b4690287bc6cc7
PEKAO,2017-01-23,scientific_cache,21372,14133,238745,289935,c790ad0dfa8763230cc6a93e8fca8abfcd003c92ac3cb56f4cf05750d7358aaa,80f844ff0f37d08eecb16021b53ad0a8b5d2d0af25994c275ae2d221cd8303be,2457a7f5f20dc552bbe9479d9c8769e38256c209ff699f00b2b4690287bc6cc7
PEKAO,2017-01-24,scientific_cache,29598,17618,281204,425233,54e0637ea8172352ec49bc2e920cd029560c6cbea5f7280c6d223f4d75ad9bb7,010fa4bcc6af6a5004356cc630ead3bd16009ead9e5a791b093549f59633cc96,2457a7f5f20dc552bbe9479d9c8769e38256c209ff699f00b2b4690287bc6cc7
PEKAO,2017-01-25,scientific_cache,63994,37667,756211,940759,d7446bd6bf442a913778868da23413c4aa6190cdb2a9a742b67bf2dd50db9b71,88f6d3ef53634e72777b77ec13b2cebbf3cf3aced01e1aefe0bec8806e6583b2,2457a7f5f20dc552bbe9479d9c8769e38256c209ff699f00b2b4690287bc6cc7
PEKAO,2017-01-26,scientific_cache,57855,36698,665400,828118,b779f8d082d90452d109b0e90bb1777391e83143471300b198d7eecac18292a6,4ec12b24260c3b0a7606fc6c5b57800bfb0c74bb5d037daf3c25f29887e3c6f2,2457a7f5f20dc552bbe9479d9c8769e38256c209ff699f00b2b4690287bc6cc7
PEKAO,2017-01-27,scientific_cache,44226,33714,611801,727365,18b5b656b29d98936a210e792da19f48e2ed7f1445fcb16c679c360f4ef6c3e0,3d83c8a93582d7696f38811e5ee2472349f7ddfb887d0adaca3744ee08671d80,2457a7f5f20dc552bbe9479d9c8769e38256c209ff699f00b2b4690287bc6cc7
PEKAO,2017-01-30,scientific_cache,50527,38621,779727,947957,8c81f2dff17a3bda68ffa2ec2392e7c1e4173461e11ae86cb06a07d92a579331,470d078e223aa7f4024e25349d0e29112fcf0afed29cba3b5acb894e845471a3,2457a7f5f20dc552bbe9479d9c8769e38256c209ff699f00b2b4690287bc6cc7
PEKAO,2017-01-31,scientific_cache,41967,26584,449090,542637,5ff9e2b8285d60a64cbc1d0088c7fcdcbcee3879b45fe961364a6e7d65634ff0,32d5f255c09629af134bd4b2e910395db8e1278475d05a5775714d1d1fb60cd4,2457a7f5f20dc552bbe9479d9c8769e38256c209ff699f00b2b4690287bc6cc7
PEKAO,2017-02-01,scientific_cache,43882,30884,482874,637987,cdf0d2f252bfeaad82da3c1e321d15e646f62df6a0152b086eacf608f0e2773f,1337a6e879cdb12229f686fbed1aa7a4607c3e70a188886687d40770e49e7231,2457a7f5f20dc552bbe9479d9c8769e38256c209ff699f00b2b4690287bc6cc7
PEKAO,2017-02-02,scientific_cache,26241,17425,284216,366964,c01b4c62de8331c4b6ba796dbab50f5493bad42491a3f87500dfa9f0a8e31979,ec28cbf15f3e66d7c37673bde61c04f723da9cfb0aea58ce5f004530aa48aeca,2457a7f5f20dc552bbe9479d9c8769e38256c209ff699f00b2b4690287bc6cc7
PEKAO,2017-02-03,scientific_cache,50414,34662,647475,820781,665753b0d568a586fdda3bc6c9284cc6ede7c1cffa96cf2dbb4715a4cd3b8a99,b3066dd53d9c04697112546c1abe9a6c142e90afd0ed29fe25c9010bc3c48fc0,2457a7f5f20dc552bbe9479d9c8769e38256c209ff699f00b2b4690287bc6cc7
PEKAO,2017-02-06,scientific_cache,51213,38037,611932,780504,07dbf94eb7e8c6f68b9cae931d5fba846f8ddc0973d199f9aa051ef217b20ac8,911a5a3402e20da2ddeffa2fd7758328baaf50d8c67c8d8d25d78661923dc564,2457a7f5f20dc552bbe9479d9c8769e38256c209ff699f00b2b4690287bc6cc7
PEKAO,2017-02-07,scientific_cache,46718,28807,481991,623997,e35de91fafe877f4da92936dc1024b9e34ca1557368b4de78734701d3967a69e,565b3e53c2f78d52435bfde85d2e86217f15af2ef55fff4418389ace347f645e,2457a7f5f20dc552bbe9479d9c8769e38256c209ff699f00b2b4690287bc6cc7
PEKAO,2017-02-08,scientific_cache,40846,24679,379174,561988,ccf333637783d38d2f243e79107ff112d267dafcfe087bd99da495a538a75e91,0b6f02114d4bcb51590d37c41c6211348ec87caaa02ea3ecbaec6fda7d584e36,2457a7f5f20dc552bbe9479d9c8769e38256c209ff699f00b2b4690287bc6cc7
PEKAO,2017-02-09,scientific_cache,65685,44644,752988,980978,7be4143529d1399bbaa44a9effff62792d37558c0dc60902de4bc753463ffd64,1cba2c54062c50f9e2398e0039a811a2769b56131e57dcb617256b0ed4d79609,2457a7f5f20dc552bbe9479d9c8769e38256c209ff699f00b2b4690287bc6cc7
PEKAO,2017-02-10,scientific_cache,56483,30093,464197,629281,77a3644145a72844dd4c251d7fa024f0d29b6e47acbefd0c9103077ef9bda204,84a1eef0e220702ce7bffc4744dd89742444385ef66e3dac1d6fd0ece2678c6f,2457a7f5f20dc552bbe9479d9c8769e38256c209ff699f00b2b4690287bc6cc7
PEKAO,2017-02-13,scientific_cache,41096,30700,479711,640392,7f0064cdb0753c64d74a0f1dec84615d4c46cc9db1d2247a7ca90d86d25b168b,8c17a830d59e6260ee8e5dbe307666b408bd4fb9bcbad9c750dae5a3d089200c,2457a7f5f20dc552bbe9479d9c8769e38256c209ff699f00b2b4690287bc6cc7
PEKAO,2017-02-14,scientific_cache,41472,25446,383561,555102,b83a31a53b4d2afc78c40b7c464c7576d8edcaae8b55cfeefe334ae06e8c3a1b,60dd0cf40a1d85079d6275adf4c2272259a5c26c221f9ec84a93b56076b31f10,2457a7f5f20dc552bbe9479d9c8769e38256c209ff699f00b2b4690287bc6cc7
PEKAO,2017-02-15,scientific_cache,48582,27825,436059,600010,0a59749df57b12ab8d82667927cbb9b2c39628ae55a4b59e5677f7d3c499579f,19875d54d58a38d6990a198186c872b0902c7a3af681093c0d2afc627a56013e,2457a7f5f20dc552bbe9479d9c8769e38256c209ff699f00b2b4690287bc6cc7
PEKAO,2017-02-16,scientific_cache,46097,29300,441011,612984,8fe2534f92b52f1dee2c922a8863c8e3a740fd93dcf9d2641ac842614e0c0977,15ab9aeb27df9e609c530d1125da2e2aef0cb74db1c073c6fd57d59b5af895c4,2457a7f5f20dc552bbe9479d9c8769e38256c209ff699f00b2b4690287bc6cc7
PEKAO,2017-02-17,scientific_cache,55984,41212,686685,868422,b901182f2385faf9abeafcea4ec1da0c94ea1372ae6557327415b3e36740d6a5,49a8e75b53f8626112728b0520bf7ef015b4cf40eabe050e461ce1db98972824,2457a7f5f20dc552bbe9479d9c8769e38256c209ff699f00b2b4690287bc6cc7
PEKAO,2017-02-20,scientific_cache,28610,16746,294835,371114,e2a61260592ffc4c97d219f1c75b4f2bc4323b30352cddb8eb081fdc19195711,bb18520aa23c9f0c5731ffb4daa81c19567e073a048f15192c4ce960e04d72f1,2457a7f5f20dc552bbe9479d9c8769e38256c209ff699f00b2b4690287bc6cc7
PEKAO,2017-02-21,scientific_cache,41328,25944,405492,501880,53c75fc4dd9004585687ceecaef631e4e25845faff62e4836dc5210d0518b996,18a54ebacf38f41179311e613aa13e8839605c265077205a7ba9205eec742542,2457a7f5f20dc552bbe9479d9c8769e38256c209ff699f00b2b4690287bc6cc7
PEKAO,2017-02-22,scientific_cache,42705,31091,491314,665145,01d56ccc7a06670f020cedee9570df5dce9df55ec83d9e1036e327587e505617,b1fd9cc02520b1fd104129306c64cc2014da8d102d2a1e85c171202fed832b2c,2457a7f5f20dc552bbe9479d9c8769e38256c209ff699f00b2b4690287bc6cc7
PEKAO,2017-02-23,scientific_cache,47684,32912,537851,721556,98592fbf6f74efc63b4a659c15cc8914b49f81f661a38730555312f0f81b1d8c,880ec4b49ada58cc0bcb70303996d2ee343d8750080416087a64ef737874b52f,2457a7f5f20dc552bbe9479d9c8769e38256c209ff699f00b2b4690287bc6cc7
PEKAO,2017-02-24,scientific_cache,58758,38293,660548,905451,beaedfaf850f29ea93baac4f32d1a13b3e2f65ef7abe65f2b454ec36702e8578,7fb3915fad7bb89c7da2f86250efe8c0a36f4cf83aa3f44cc47eeeb786557e8b,2457a7f5f20dc552bbe9479d9c8769e38256c209ff699f00b2b4690287bc6cc7
PEKAO,2017-02-27,scientific_cache,31461,19605,315626,430368,714f235bea20ba6d4472279107751ca3a22ac6e95808af3e8f4231680ba4e526,0681916e8255c90732305c026a4b82233a889fbbb7ed88359c1b9f0df671d89f,2457a7f5f20dc552bbe9479d9c8769e38256c209ff699f00b2b4690287bc6cc7
PEKAO,2017-02-28,scientific_cache,45137,34835,606374,762630,c414ec2fbb766530e326b8ae7cad36371204bba86b792d3eaec64555c6f53cf4,53b6ce35f8441d4032aacab32871e04cb6d6ad0aea773dd3c2502036d8623e14,2457a7f5f20dc552bbe9479d9c8769e38256c209ff699f00b2b4690287bc6cc7
PEKAO,2017-03-01,scientific_cache,49880,33559,525224,656165,37046a2ee75c5f4d6fdd5037c37727e3260dae143621fffc60cf3adce3dfbac1,cab44d7a1aeae73a1213820f39bacadb03698fb3b71b406718be2864f9d46ada,2457a7f5f20dc552bbe9479d9c8769e38256c209ff699f00b2b4690287bc6cc7
PEKAO,2017-03-02,scientific_cache,47208,30558,493715,614511,0bb95571c9c4aebdd29e98de72298a0bd96e28b7313e78591bdf9cacefab628d,531168a01c37d51ce844749a17dfd7a62bfb2960f7f9ae0ba74c471c5a40b216,2457a7f5f20dc552bbe9479d9c8769e38256c209ff699f00b2b4690287bc6cc7
PEKAO,2017-03-03,scientific_cache,47278,29716,468042,582693,25fd7260a31355a74864b14cbc5a0796bf92ea536bc324c1f80edd6cf401b917,74fff7ee4aa62b00c4247aa520a4b625eaef279946b57213fdef97fd1ea19aa1,2457a7f5f20dc552bbe9479d9c8769e38256c209ff699f00b2b4690287bc6cc7
PEKAO,2017-03-06,scientific_cache,44127,26993,418321,569053,bc0e0dc9f695c43f183fe2161088d35c674e61a9aa311e75f8b00ffc9d1ec22a,365cc2a835a9f712fd42fc7766220dcbfc3418ae13a04d058f9aea0f0e6e6485,2457a7f5f20dc552bbe9479d9c8769e38256c209ff699f00b2b4690287bc6cc7
PEKAO,2017-03-07,scientific_cache,46116,26484,425184,552334,5d5006e3ea64995a9741acfd98b5c6d31d6e85f13b17be63bf075934cdc09e16,b6ab8863a5a6f410fea97be42e654c84fdf3133c80f89d8a8514d7dc50460276,2457a7f5f20dc552bbe9479d9c8769e38256c209ff699f00b2b4690287bc6cc7
PEKAO,2017-03-08,scientific_cache,48279,30363,471539,618931,18ab3aed0cb6509fb63114fc8e66350274a1c0cb65c27006a1debf0db140b253,0b9cad5df09f327973e5d61c20c07a27c4c575e14563cfddcbd4964b86db3bf8,2457a7f5f20dc552bbe9479d9c8769e38256c209ff699f00b2b4690287bc6cc7
PEKAO,2017-03-09,scientific_cache,71581,49707,807551,1085373,82003fde983da1a295321dab037da45170bce3c6ff0aa97c3c890ab91cf079a2,aa0d62353a75d3f2f3f290f28f25665f951ebee9ffaeb7e863bda90e261bf62a,2457a7f5f20dc552bbe9479d9c8769e38256c209ff699f00b2b4690287bc6cc7
PEKAO,2017-03-10,scientific_cache,49312,31371,502932,657408,b9e9ef2a22326a52458c052ca4242be03940ed48e30558cf277960af25957be8,c4e03ae3bc725901c9097312ea3dab11c9702f77b2e50cb8cb78a51f8736b038,2457a7f5f20dc552bbe9479d9c8769e38256c209ff699f00b2b4690287bc6cc7
PEKAO,2017-03-13,scientific_cache,59608,37270,629066,818581,78e9f9b0c2b80ba4d73ba898e017a5c1abbd855e2f5c41c82db3c6ad6387c75b,ec6fa4f0c943786982f464334bf836c776b83684dd777cec798896f729a0b7be,2457a7f5f20dc552bbe9479d9c8769e38256c209ff699f00b2b4690287bc6cc7
PEKAO,2017-03-14,scientific_cache,65325,42508,765974,968473,ac715231b947a662114a468d17caf2d7458187ae9e743f3374d45d42e227d4da,a4e86f373abb09372e3f3cd20d8867b62bc5552ce60ebdf61eb180a802cd2247,2457a7f5f20dc552bbe9479d9c8769e38256c209ff699f00b2b4690287bc6cc7
PEKAO,2017-03-15,scientific_cache,53884,39308,630775,831372,0c16cff17ec350bd5e4dc9663e35321e8d246e06c08c724d5cfc4b48c89d00ba,4aa8c0d9a2e35f504726637718e6f1c2c525b0fd49752a96f15ccd79c64a6a36,2457a7f5f20dc552bbe9479d9c8769e38256c209ff699f00b2b4690287bc6cc7
PEKAO,2017-03-16,scientific_cache,45601,33188,517047,628461,efb31c608b120939fa01524ca8aa56170a64716b5196710bde820fd516f123d4,2a4ec829c26a46df46d3a5d6174e991107bcc7dd5efc1004efb903674c5a7693,2457a7f5f20dc552bbe9479d9c8769e38256c209ff699f00b2b4690287bc6cc7
PEKAO,2017-03-17,scientific_cache,45079,29073,494250,634418,65efcf65599c36d598b4fef17b033372a38a7a07c3274e6b89752bb4584aa5e8,3b51c75f18a8fc24279d4fe93cc9a0f92a89c87ed017a6f2b0584569bda77bc5,2457a7f5f20dc552bbe9479d9c8769e38256c209ff699f00b2b4690287bc6cc7
PEKAO,2017-03-20,scientific_cache,22567,13466,244641,285592,0ea32977d8f2a5d1e5dfe12bddf375df6b4da5445e0fe18e34de520f144c82f8,f70ba008107e23ee385be24d134f12122495c8facb2b24b0a165c3ae1f131205,2457a7f5f20dc552bbe9479d9c8769e38256c209ff699f00b2b4690287bc6cc7
PEKAO,2017-03-21,scientific_cache,57999,38154,712664,874501,f680d3dc9e750db364c4d9a6b416dc25c607d9e28b8d67d19e618e1134ac0dac,faa9c19ce478db5cd41d317f22d181bbf1e06c592d9509ad2ff7573e4019dbc9,2457a7f5f20dc552bbe9479d9c8769e38256c209ff699f00b2b4690287bc6cc7
PEKAO,2017-03-22,scientific_cache,49539,35799,595032,759177,a76932ec0df60f269b0109ba3a4d327804f52825748e19bd475c15fbfc617592,5b720255e8e2050b5ad52f7c8d843c55f8cfa24ca3cbb03f081a0bda8e347767,2457a7f5f20dc552bbe9479d9c8769e38256c209ff699f00b2b4690287bc6cc7
PEKAO,2017-03-23,scientific_cache,41666,28554,500464,593445,8bfd15916ed30a99f205b9f28a5cd97a979a04b815828b1707b06892a2b3f0ce,bc95ff1376288a3da89a7f42271179659c253939ff8dbc1a55e01c48a11cec47,2457a7f5f20dc552bbe9479d9c8769e38256c209ff699f00b2b4690287bc6cc7
PEKAO,2017-03-24,scientific_cache,24867,16001,288283,375919,3dfe24e7a136cd7fe5ade2c56ad248b812990af36eca4f0859fc835c22235981,e13a143f0803b0a9e5313aac5293a51468e67a0461833cfaa6e996ba05b54cf2,2457a7f5f20dc552bbe9479d9c8769e38256c209ff699f00b2b4690287bc6cc7
PEKAO,2017-03-27,scientific_cache,31842,20635,381687,455046,7b7d365f020fb52df4f4cb254ad2739ff5f3b0b96f441a3bcf7e1c51bf45c4e2,cd39da4f0d00a2491877ebb5bfba48cf118e2f9b7450fe1f76f845b882f45a8d,2457a7f5f20dc552bbe9479d9c8769e38256c209ff699f00b2b4690287bc6cc7
PEKAO,2017-03-28,scientific_cache,37008,19440,344023,471069,18a98d26ca7050b60905bcf769a5530c107815681beae9a98dc648687e707cad,0dc3c2bafd79b57d62e2c2c638577a6851aa13dd692a31376667cfd802c2ee03,2457a7f5f20dc552bbe9479d9c8769e38256c209ff699f00b2b4690287bc6cc7
PEKAO,2017-03-29,scientific_cache,35082,21984,377124,479191,0abe51bf2e0a73141d5ffd4e0f614aede167097ae2cf4bd82ee5c0602c77d6b0,e89f4ae31e03b36376acd8b49c5878b9e944ede4128f17c678a34c975aafef24,2457a7f5f20dc552bbe9479d9c8769e38256c209ff699f00b2b4690287bc6cc7
PEKAO,2017-03-30,scientific_cache,41560,25275,409741,501394,35ed2e56ca623244316802ee4d550f77e19e49341b6fac712c09c0d08e10ddd4,ad487071b98e6217d12dc25257e02e65e21f31a4abc4a0d81015c3da3923bea0,2457a7f5f20dc552bbe9479d9c8769e38256c209ff699f00b2b4690287bc6cc7
PEKAO,2017-03-31,scientific_cache,30726,21199,356387,525572,031ea4f1de65ec940c4a2e6c05db36b78a68f618bccf3a43b473274b9133b341,3561e3d96ec2462907de1b580b2ea4b182237be932029815a333bdb7ac1e6cee,2457a7f5f20dc552bbe9479d9c8769e38256c209ff699f00b2b4690287bc6cc7
PEKAO,2017-04-03,scientific_cache,41662,24001,415675,522367,d27cd6445352562aa140825436e7605f4debffdcb92f08f99571a14218270722,7c74220ea3a267e24d29851398ae9d95f0746c8fd24e94da74c27998e33a88a5,2457a7f5f20dc552bbe9479d9c8769e38256c209ff699f00b2b4690287bc6cc7
PEKAO,2017-04-04,scientific_cache,37268,21546,384500,462391,d6d827a71e5b53fd5db15f164725c2295583e752ecc02f46d86ea60a695ca137,3e82c924279b958cc321214b7692b4fc7193c8f91c55f6c3c882e9839eac02da,2457a7f5f20dc552bbe9479d9c8769e38256c209ff699f00b2b4690287bc6cc7
PEKAO,2017-04-05,scientific_cache,27893,20353,319277,439344,57f162b86cc70802f01ae6e10ed1132c1eeb7b94ee1269fc039c679c3de16e46,f341ba4402965ae46b55b9c9809127e337cf96cd54bd8dc88abb6358c27e505d,2457a7f5f20dc552bbe9479d9c8769e38256c209ff699f00b2b4690287bc6cc7
PEKAO,2017-04-06,scientific_cache,23605,15014,260415,316654,ca315d8b145b01c664eb129933ae5837f3c9746ec51c7711a553e26ca38116b7,e8cdd85f4476342e2136c23132e8481f653868fa5577ceba13f9fb1e45789e67,2457a7f5f20dc552bbe9479d9c8769e38256c209ff699f00b2b4690287bc6cc7
PEKAO,2017-04-07,scientific_cache,42342,27698,412759,566389,6d07a756e48f5f82e8e5dd92236c2f3a522c15cd20b7a2554ab854a3a4c1d97b,297998c49df5b5ef3f0869cf5dc868402680784c3732c98d6ebdc746ae28ad99,2457a7f5f20dc552bbe9479d9c8769e38256c209ff699f00b2b4690287bc6cc7
PEKAO,2017-04-10,scientific_cache,39026,28591,492986,614524,0527dbd510acaeb07f4dab9ca88f3ccef5bc24fdc730e4bc24cc6dc9f6a978a3,a13ba76dc408b0e47b3195d4ddd682369df59c60a7594eddf1b1be9957239231,2457a7f5f20dc552bbe9479d9c8769e38256c209ff699f00b2b4690287bc6cc7
PEKAO,2017-04-11,scientific_cache,44142,27400,436554,547620,8af9ac1c642df7649774f16d7b0d50a7758057234295e1078c0ee0c48718bd5b,7421fa72af6a1a2a601c194038395f3ac3fc37ab98e904fa640158248b16c374,2457a7f5f20dc552bbe9479d9c8769e38256c209ff699f00b2b4690287bc6cc7
PEKAO,2017-04-12,scientific_cache,64826,42632,730238,1054890,e406079b79d3535ea42b50f7c707ae6d9d1c168bdf18151a3d32fbd0c9e20205,08b2fc0e8fd0b61eab92bc034fd507253da19ee85fc1e775c1cf29b18533f7de,2457a7f5f20dc552bbe9479d9c8769e38256c209ff699f00b2b4690287bc6cc7
PEKAO,2017-04-13,scientific_cache,33940,24909,383126,531523,5d4712656efe1479085953c09827c2e567a8657e7ed8fd43ab6a22596d87ab44,8c3d29eed0e4540d7fcca13c88ff16ba2db0d9a037412c91f534a9899899577b,2457a7f5f20dc552bbe9479d9c8769e38256c209ff699f00b2b4690287bc6cc7
PEKAO,2017-04-18,scientific_cache,43210,32320,517320,671139,39fe9b85fd25479e37129286644867bb72959c3f59784895d8271397bee5af9c,867f2de229de861122146437d57921c37b0c1b6f67b45d9328f0a7a77217fd04,2457a7f5f20dc552bbe9479d9c8769e38256c209ff699f00b2b4690287bc6cc7
PEKAO,2017-04-19,scientific_cache,61809,47922,925301,1207273,8f46d6c355f57780b2b395a2a9b39cdb0e9605932460fcefdbdbba624756e987,bf16b3a236692f46b117bb3d1e3ee5681b5e3fb238e76be8b5171584eecbecf3,2457a7f5f20dc552bbe9479d9c8769e38256c209ff699f00b2b4690287bc6cc7
PEKAO,2017-04-20,scientific_cache,47617,38120,669318,834390,9c9f05547592021f964781e5f73aafc6221d1883512fd7cb83c5989cfdc4c7e2,7fa8b39d12d1d00ad69157ef016fb3fc57298cd0cc5aadd7c40c654446363775,2457a7f5f20dc552bbe9479d9c8769e38256c209ff699f00b2b4690287bc6cc7
PEKAO,2017-04-21,scientific_cache,49692,36099,676243,860974,0c8bd0be8f3a20445471d2b3edce0ab55c837817696a2450617c71e71ed59bf2,74469cb74c694743259c015d3f0c414a58b02dbf41aae57bab1675d6c79ff32a,2457a7f5f20dc552bbe9479d9c8769e38256c209ff699f00b2b4690287bc6cc7
PEKAO,2017-04-24,scientific_cache,31970,18543,310387,420990,903dfa02733d5b604e0a15abf4ac6a7b511e2b8956304d905dbee96c271847a5,58dea60e3cdf97dcc22ca96d0bfc53e8b2612cebed55c4e24ad29e82139f3ed6,2457a7f5f20dc552bbe9479d9c8769e38256c209ff699f00b2b4690287bc6cc7
PEKAO,2017-04-25,scientific_cache,67917,50760,840488,1104031,50643779934fe447fab6a33007d0812b48b0151bd32393a781aa84b59166d8eb,aa769b04bb5d8f5e4b718e1a9cf8a7591bffffd168953053fa14bc8eb1b08958,2457a7f5f20dc552bbe9479d9c8769e38256c209ff699f00b2b4690287bc6cc7
PEKAO,2017-04-26,scientific_cache,81904,62042,1128708,1429318,8ccd3524ac5d50c44f64f5be122dd290825d4638b0fa9afeaf4d6f4e581b5593,a37f4c43a8df3e9abecef927963ec37dc3359f1924f234adea47b5dac684b11c,2457a7f5f20dc552bbe9479d9c8769e38256c209ff699f00b2b4690287bc6cc7
PEKAO,2017-04-27,scientific_cache,55448,30023,468827,644504,c16bdb19cb1e83ad5352798bb90fdf7e6c41b0bcb02d09c08c0cc0b1da740b9e,a1676f157854ad16c1cf8f7a8dd94e0bd78d9ab09a872a2d47fe1c38160c7efd,2457a7f5f20dc552bbe9479d9c8769e38256c209ff699f00b2b4690287bc6cc7
PEKAO,2017-04-28,scientific_cache,49911,31761,496781,623466,7808cab3b3892193b2d2c83056e1a58c1cdce46b1dea364cc69a26bd02ee719d,f1f6d4c1df94921d428248eb8dfa55dba84dfcff88a4e9787a481aedba6a6620,2457a7f5f20dc552bbe9479d9c8769e38256c209ff699f00b2b4690287bc6cc7
PEKAO,2017-05-02,scientific_cache,26841,15880,285843,340758,62fc058118044c384e748bb01f76ee65587efe3e11e14674b17c967a27bc2bd3,5a5c68cdc7ffc3cc6e0363ea60c7fda1b2ce7802187348790e75921ecd1d2a43,2457a7f5f20dc552bbe9479d9c8769e38256c209ff699f00b2b4690287bc6cc7
PEKAO,2017-05-04,scientific_cache,78537,47056,763567,1053528,de719be4f8f9bdb2edf9e55e534271b147678e2c8e7438ecb9d2b6cd24e5b68c,378cbc454b6b3b4c0c218b06083bee448320cd22c02a2326dcb928d8a1a16f8c,2457a7f5f20dc552bbe9479d9c8769e38256c209ff699f00b2b4690287bc6cc7
PEKAO,2017-05-05,scientific_cache,51717,34727,634792,788881,e06089d1f1b153f5ba63d10b75a383c361759f8772766b8d9035bf7914a265f9,9cb92d6a7df7dcaf84fd8540247799fa03ce12037916529a52f5c073bbf323b7,2457a7f5f20dc552bbe9479d9c8769e38256c209ff699f00b2b4690287bc6cc7
PEKAO,2017-05-08,scientific_cache,31516,20254,309087,430799,976fdd2ebfe358845b47e4405f51dcbd0adfebee67f40a4842a0b831e1bf8759,a81fd58fa8f4b6c0c51d504c28960718f2ca2f2e3cc4a703c00229ec413cc98b,2457a7f5f20dc552bbe9479d9c8769e38256c209ff699f00b2b4690287bc6cc7
PEKAO,2017-05-09,scientific_cache,52283,32655,519311,698416,dc3d29417a425f3ecc06aa7f8d29924156726008f8bc1395490d2e0c2f02ac47,784c46a95a078d8fbe480423440d2a8a642d30767b2001e15bc5d52e436fb97a,2457a7f5f20dc552bbe9479d9c8769e38256c209ff699f00b2b4690287bc6cc7
PEKAO,2017-05-10,scientific_cache,85100,64411,1226896,1455926,29a1b7ba195fb48767ebed6dd325a3fefd8e9e51e040d1c67c5e6bbbf0edc5fb,838b4a5246afdc3bc03a995b3b9d45c07cad6f008403ca9da2aac83414fbb21b,2457a7f5f20dc552bbe9479d9c8769e38256c209ff699f00b2b4690287bc6cc7
PEKAO,2017-05-11,scientific_cache,40237,23926,371178,482346,a46a4783a6ff322ae836978e22624b5bf1700010602b445de7bf186a62d40ee6,1f10bc6c4ee11a925cbb1897c52216ca719e8f2819d379d614d4a64a10e4c1f6,2457a7f5f20dc552bbe9479d9c8769e38256c209ff699f00b2b4690287bc6cc7
PEKAO,2017-05-12,scientific_cache,48585,37092,722890,883020,461dfad05035fa5231743a93c9d96bf7ae400f0fab0bb0d82b14264eba1cff16,3558fa17d40eb78053217ba80966fbbb47c0e65cf79e184eeb21c3ba755a2ec9,2457a7f5f20dc552bbe9479d9c8769e38256c209ff699f00b2b4690287bc6cc7
PEKAO,2017-05-15,scientific_cache,32468,22435,385358,449359,360391acab4a8ac9109429593616809acdf5e387548ae473f3a64139fb31a061,0ac909b679eb4bea9dde7c47e5c4b5f72882cf263cb48f2b92cf126db782e8e4,2457a7f5f20dc552bbe9479d9c8769e38256c209ff699f00b2b4690287bc6cc7
PEKAO,2017-05-16,scientific_cache,44034,30621,490516,588062,bd0b0fc5e102dbdfec0678e18c0c2b6722d270c4ab144d3ed3fa138a989db5d7,59fa8b36054716822df6ec0e7a7d8d2acdba61e321eaba289fb2f58124ed4338,2457a7f5f20dc552bbe9479d9c8769e38256c209ff699f00b2b4690287bc6cc7
PEKAO,2017-05-17,scientific_cache,62212,44598,749712,971078,eb503c7226f89dd862515ecd59905fb30e0b126901c32bf2f41129cc1ef6475e,82622b14d9cbe8a242c63acfbe6423d8358b5fd6782e5a3aa0e85a8dcaa19190,2457a7f5f20dc552bbe9479d9c8769e38256c209ff699f00b2b4690287bc6cc7
PEKAO,2017-05-18,scientific_cache,61416,32748,531679,728023,d0f825972524de10fd6e2501526ab5163acecd766a35e3208b36e283209bd499,aa545a65ca84888c36c95e89d6a69acbd8aedc66e2f52b1e648465c0005e7c1c,2457a7f5f20dc552bbe9479d9c8769e38256c209ff699f00b2b4690287bc6cc7
PEKAO,2017-05-19,scientific_cache,38735,22617,375297,521218,d6f5c5cd06363f2f2c885d3d9668b91557285f2e39d76f1602b4fc0b36d82e53,4557e480854e16957e0b37bdbcc7675e7e01c0f6f55047618e853444912f82d5,2457a7f5f20dc552bbe9479d9c8769e38256c209ff699f00b2b4690287bc6cc7
PEKAO,2017-05-22,scientific_cache,58852,43658,712737,910758,8ada3cee5b7b64534d6bec8eaaa1271809c4741b6421578a744f5fbf2c618794,1d3a2be4ce95e15796381e1f772e12af84dde60b28c49d15bc6a7f07aa0fbfcb,2457a7f5f20dc552bbe9479d9c8769e38256c209ff699f00b2b4690287bc6cc7
PEKAO,2017-05-23,scientific_cache,46252,32572,590408,731796,99d69f2b4665be51e1f400139e9ac3a2d856f32e8f3e131db8c1cc7b6712fed1,20fef340185c79147a0c095d54a925ed7f0cd051eb868224964923cb45146b55,2457a7f5f20dc552bbe9479d9c8769e38256c209ff699f00b2b4690287bc6cc7
PEKAO,2017-05-24,scientific_cache,53751,32719,523367,654338,227566fb73616a0ad4a68302a9d77133c04e98884638c143b356f592a1d95b11,a3e84837a762c623c99e49ca70601a23eccd282ace2e6168dbfcde010fb5ca70,2457a7f5f20dc552bbe9479d9c8769e38256c209ff699f00b2b4690287bc6cc7
PEKAO,2017-05-25,scientific_cache,59920,40561,654743,838457,3776b50689db776e7c76e8bcd1c478b6140948b75e5822992f3dbc91ab515045,93c745de1dfcec86b0c2e32203a53fc511827228c2c7deb5c33bdb06090950f6,2457a7f5f20dc552bbe9479d9c8769e38256c209ff699f00b2b4690287bc6cc7
PEKAO,2017-05-26,scientific_cache,51552,36194,645025,839049,d97e9e7dae4033031e143f05d662f0b9233cf40ca712180da8633755070e25c2,f2378721e5d6bb742de6a0ef24e86e84a77afcab538a4070264d367379029c6f,2457a7f5f20dc552bbe9479d9c8769e38256c209ff699f00b2b4690287bc6cc7
PEKAO,2017-05-29,scientific_cache,9546,5104,113397,112648,bf42204d23ad9472b2632338d937c01a2b27884631c80b95ddee4585349cee4d,f227f910a7c7bbfdb38fe5dd6909b023a40d3acb611bc9873f0e400dd13caf9a,2457a7f5f20dc552bbe9479d9c8769e38256c209ff699f00b2b4690287bc6cc7
PEKAO,2017-05-30,scientific_cache,26960,17863,311122,408694,763359bf6b10fbfd94c0c8e6c285a38e59d90d0c1ab8f33a7c532513dcb27800,0c97ee2902ade89a4f8c0050246798419dfa2952e930ea02303e0c0a4c807d30,2457a7f5f20dc552bbe9479d9c8769e38256c209ff699f00b2b4690287bc6cc7
PEKAO,2017-05-31,scientific_cache,64396,48592,844817,1108460,9f1708b7c560aabf9e74dbb7cffd5d75b74eadac4962aa73769e93cc1e998146,510e3d8376ba4873e72deee7fcf0e13210bc83cf736402181eb185697067161e,2457a7f5f20dc552bbe9479d9c8769e38256c209ff699f00b2b4690287bc6cc7
PEKAO,2017-06-01,scientific_cache,34362,21132,346920,439959,4736837ef58cea87922723f8feb57f3b1395abfd72b9986507acd9eac99a80b6,10400fa6a3946ba41b1f567f06ae8edacab22f22f57da8feb9967bda43ace054,2457a7f5f20dc552bbe9479d9c8769e38256c209ff699f00b2b4690287bc6cc7
PEKAO,2017-06-02,scientific_cache,34679,23835,420757,539271,fa678547609ca4c810182df7ef9b61d85c094f915c34d304dceb653240f536b0,d7adf494cded6fdf62088bc5f810920428a20fef9b919ffdf303efbbbf3f78d5,2457a7f5f20dc552bbe9479d9c8769e38256c209ff699f00b2b4690287bc6cc7
PEKAO,2017-06-05,scientific_cache,55735,43791,756827,1047247,87a0a9ea722fd965137900c3f37aa40ef9ef962f52a2fe23fdb3f70903912241,9f13786dc742ae6efaa2c17498ba52455d59c24727fde0e74f3f200f7fb8f562,2457a7f5f20dc552bbe9479d9c8769e38256c209ff699f00b2b4690287bc6cc7
PEKAO,2017-06-06,scientific_cache,66739,45501,739180,995745,e47639c17c935585315b41dff16291aeb2fdad9e8c69fc50813cc8353b5fe779,8655dd47b448abb53a4ad68d4f1a8413a0339241e697880eb6e2b8e91c25515c,2457a7f5f20dc552bbe9479d9c8769e38256c209ff699f00b2b4690287bc6cc7
PEKAO,2017-06-07,scientific_cache,84672,58668,1092533,1471134,b1c128c7779a97934a2e17dac3f0ed97d8ebf940e8b9a9cc4a9a37bc1a1a6439,3a6a7c47d6ef300dfe8a10ed7c88eda206c247ea77adee61cc339c2dd1833179,2457a7f5f20dc552bbe9479d9c8769e38256c209ff699f00b2b4690287bc6cc7
PEKAO,2017-06-08,scientific_cache,36647,21771,349472,515635,b63842cea5e61fdcbbfd490c6a126989425063e73d42cae07c705c2262e88271,195844c5038555522439952e6865e279e1e5bc4ed9dd358102d58a94ca01c22c,2457a7f5f20dc552bbe9479d9c8769e38256c209ff699f00b2b4690287bc6cc7
PEKAO,2017-06-09,scientific_cache,41931,25895,416769,617884,bb519d1f94aaec5f2d526977f19cccd0068473379fc3509fc2ddae5972e06590,f3f02e8f9e39654de8c7753f7499a39d7a7fad05a27d79fa502e42d96b3c2143,2457a7f5f20dc552bbe9479d9c8769e38256c209ff699f00b2b4690287bc6cc7
PEKAO,2017-06-12,scientific_cache,57729,41352,722750,934916,cbd96a94935d601d91ca3771d34025a9ca08d06702513e2eb331e0c929a403db,47c91cf3b5038610ceeb572c414dd5f7c59fc8a527cb353f71923f01a79b71ef,2457a7f5f20dc552bbe9479d9c8769e38256c209ff699f00b2b4690287bc6cc7
PEKAO,2017-06-13,scientific_cache,58699,40917,703210,967844,323dd5109cb41494124ca8760ffb3b674508819a8eb273ea23901d50b4047091,557f4bab2683a2fb5810ff3f64c03088ecb571b35a328eab390b38697bf97537,2457a7f5f20dc552bbe9479d9c8769e38256c209ff699f00b2b4690287bc6cc7
PEKAO,2017-06-14,scientific_cache,90524,63423,1014362,1437417,98c84cabd8ca81db61b0876fc11d9800e8e51781f44b001ad121f63a22a6060e,dce203eb1ba0f9fac3efa5425adf38ebd8279111000afbee7c712334b56b62e4,2457a7f5f20dc552bbe9479d9c8769e38256c209ff699f00b2b4690287bc6cc7
PEKAO,2017-06-16,scientific_cache,58937,37976,612817,918176,013ce4dc444882f902ddf9730d632cf5d34f5c16646ea75e74da1cf0aaeb4b3d,231ac4ce79dab92c6831823c6f2bfa036e4f381e1f2486d9640b25855334cea3,2457a7f5f20dc552bbe9479d9c8769e38256c209ff699f00b2b4690287bc6cc7
PEKAO,2017-06-19,scientific_cache,51421,32575,535723,842089,449230b502176e8dec2075d3dd64dc7a07d71597595c6af52c3ff79bec73c984,322d5525b5628e0f56bd810986c05d92bf19914341a97a40abe83e0ba0acd17d,2457a7f5f20dc552bbe9479d9c8769e38256c209ff699f00b2b4690287bc6cc7
PEKAO,2017-06-20,scientific_cache,39533,23205,384134,590656,80431d74cebf196a4ff694f1fe182c7c943b1915b2894b0be481d43fe109d129,4d92e962f80f9dbe55578e43416b5f4502466e28876dc6a5f601752875f013ba,2457a7f5f20dc552bbe9479d9c8769e38256c209ff699f00b2b4690287bc6cc7
PEKAO,2017-06-21,scientific_cache,36668,20514,340286,551671,2013302a13e2277556dd588afb5e948923575b68f40fa107aa371ff1baceef1a,00fbc2601d3d444ee5a4b84930989b0abc032441a4d256443d843ac003af989b,2457a7f5f20dc552bbe9479d9c8769e38256c209ff699f00b2b4690287bc6cc7
PEKAO,2017-06-22,scientific_cache,54525,39166,699618,905346,920fde6348b55cbbbf7126d4ece2212bc9afc20d0f6b7d5b20e52573b9a38ecf,6c08c525bb7dbc632147f1236e4a242fef89c128c4eb8614eb1da6ddf9689ab0,2457a7f5f20dc552bbe9479d9c8769e38256c209ff699f00b2b4690287bc6cc7
PEKAO,2017-06-23,scientific_cache,25308,15620,280812,372621,d0e956cedbb32689f7af331c4aad28b90ba9c430d11f1b50a14283c68fcfe4e7,17a127a820575da123e188e111290644855c4ca17958cda41bde4bde86ef78e7,2457a7f5f20dc552bbe9479d9c8769e38256c209ff699f00b2b4690287bc6cc7
PEKAO,2017-06-26,scientific_cache,57568,28588,466091,655518,bd4e5b8f6293f8b379993fa54317a76a88799ae2678273c372b0407fbcc0ef0c,067dd002d8aec230159f1e002e5e3df3b9f884b866c5e8c03a36d8c44611aea9,2457a7f5f20dc552bbe9479d9c8769e38256c209ff699f00b2b4690287bc6cc7
PEKAO,2017-06-27,scientific_cache,32323,19016,317680,459953,9c82e3bbfd46f84767216def78b7b57a642d405df1afb5a353dbe9a2b2c0b3bc,746000be6cde16e8b714656033be857247ea5376ebe10a4c6a6c6c25f9880b7b,2457a7f5f20dc552bbe9479d9c8769e38256c209ff699f00b2b4690287bc6cc7
PEKAO,2017-06-28,scientific_cache,29882,16350,288784,440730,7eda6d4fc2867bfedc89cd6d80f06d691c4a6e6bbdba0d78724fcecede8fe1d1,fda2a970336d76c23a1fb1274284b64640ae7f47df2b55ee658c408b8c8680cd,2457a7f5f20dc552bbe9479d9c8769e38256c209ff699f00b2b4690287bc6cc7
PEKAO,2017-06-29,scientific_cache,37843,27005,470393,651018,0ddd10cb2f55f179560ba626d453a7d5080b0aa361b55edcb09d6e04384d86ec,3d78d2c2d5e05c57052e16d768b8b0e5e8bc492be5da50be140cfa27e9f7530b,2457a7f5f20dc552bbe9479d9c8769e38256c209ff699f00b2b4690287bc6cc7
PEKAO,2017-06-30,scientific_cache,18046,11619,207377,313857,2a11aea3ef83c18919396e973d4e4cb4a17a455a755b8657197596fe2d435bbe,c67f4ea3f1984e469a27c4c4ac4e201e57a34b4870be66b043ef59097f9f4a81,2457a7f5f20dc552bbe9479d9c8769e38256c209ff699f00b2b4690287bc6cc7
PEKAO,2017-07-03,scientific_cache,16968,9904,173482,275144,aa2182d8dabe26bd5acddf06176a5a7eb939ba1663cb02783ab0083b719c8a49,72c2812cac5fbf1e48df63c7f70cd7f964b5a4b33c884d266e9b27ca73cd5f3c,2457a7f5f20dc552bbe9479d9c8769e38256c209ff699f00b2b4690287bc6cc7
PEKAO,2017-07-04,scientific_cache,26676,14418,273243,343336,9d67c30a562c3996a94fa9718ed7634e2302c289c48fd4ea24ab553b4db54b80,bd77b323ebe4d0c74fbdce1ad7d1056d743c69adb679dc6d3718298bc7c50db4,2457a7f5f20dc552bbe9479d9c8769e38256c209ff699f00b2b4690287bc6cc7
PEKAO,2017-07-05,scientific_cache,46418,34604,668967,862882,a2ce1466bfe169a0f0723b04914f936c40d087b6c1b56970e289fd7b3d6a6e11,11ef507ceb152f4bfa7128338df7fa400a6c345af076ba86b1082dd260025338,2457a7f5f20dc552bbe9479d9c8769e38256c209ff699f00b2b4690287bc6cc7
PEKAO,2017-07-06,scientific_cache,33448,22099,443969,545608,60e4a7567f97e00d5c47c213be5db8ad2433c801c4b36d28eae760d11d381bbd,3053e49ec8324fd200f8db264d284e2d9f99320d9ed93a02c6f04e09e3ef9faa,2457a7f5f20dc552bbe9479d9c8769e38256c209ff699f00b2b4690287bc6cc7
PEKAO,2017-07-07,scientific_cache,24361,13964,259560,344514,7338e0ea421dc9725ac3da9c606663b523ad65ad82d0d08246872fcb4ff56c4f,26277576dc62747766230d8b29764146018f0eb22929c778cab4ab543472b852,2457a7f5f20dc552bbe9479d9c8769e38256c209ff699f00b2b4690287bc6cc7
PEKAO,2017-07-10,scientific_cache,28164,18531,310124,447094,e8f14ab43672153d18bc133ea0ec4c6315961b3ece3c966a100acfc05d9a6cab,f34dbbff2d42cae50460b13cf6f342dc954a34774cd2393f84cf0e6ac3143613,2457a7f5f20dc552bbe9479d9c8769e38256c209ff699f00b2b4690287bc6cc7
PEKAO,2017-07-11,scientific_cache,42739,26377,401731,473321,b6cb41b06f55980c0626e6b8b9c9313bfc3be57774deae333055548be3909a92,f7994945ffa840d3d3f407a19617041c0264073819304658872e4ddf109a9863,2457a7f5f20dc552bbe9479d9c8769e38256c209ff699f00b2b4690287bc6cc7
PEKAO,2017-07-12,scientific_cache,33745,19849,339858,468592,505abd3e8dbe00868b76bbf103fcea29f24ffe5b8d62ddf41b70cb2884d703c3,ec12a70c655f08a3bbe74117402a77dd1e595a69ec312c49c8acbe6de880ce47,2457a7f5f20dc552bbe9479d9c8769e38256c209ff699f00b2b4690287bc6cc7
PEKAO,2017-07-13,scientific_cache,41736,31209,505199,672527,821c5f02b728d346c4f9a762fe61f28e4712d1d70f93efbdbec0062a14943307,6a7fe3a1d6cea850558d5f19905feac6ceabd507fe03b52cc0aa1397201b8213,2457a7f5f20dc552bbe9479d9c8769e38256c209ff699f00b2b4690287bc6cc7
PEKAO,2017-07-14,scientific_cache,28584,21237,367680,485676,f64c95c35de063460c4c733952d9bf8cdc53159e788b4f15981526bc75099df4,dd14985ef3b418b3d6c0bec776a2c1038b63ec4eb4a86be0bb2f1359aae3966f,2457a7f5f20dc552bbe9479d9c8769e38256c209ff699f00b2b4690287bc6cc7
PEKAO,2017-07-17,scientific_cache,25910,17369,328192,422511,1b1eebf0dc19b734f5b3bddc5dfbd6b6efbc108c8e7beca928e033778c082089,09f023d5def77afbfe59f52c258e91e848a71692983cf1bbb70b6fe9b11eb2ae,2457a7f5f20dc552bbe9479d9c8769e38256c209ff699f00b2b4690287bc6cc7
PEKAO,2017-07-18,scientific_cache,28601,21442,386965,526100,c241592a810fce2c3f38949a07448c3bab460d74ccc39f6a22bc935373f3966c,389b64ad9b12479add6f5a291174278a00b492ddf99d65bb36c0628a4976328c,2457a7f5f20dc552bbe9479d9c8769e38256c209ff699f00b2b4690287bc6cc7
PEKAO,2017-07-19,scientific_cache,21190,11173,208564,278061,c4dfcfe3c56870c3d416f133696a701c0086c7cebe858c220fdc7f4b9150a2b4,842feb5c81e9ebcfac5ed5226f3596d217b5a5c522929080edb1e25d07628971,2457a7f5f20dc552bbe9479d9c8769e38256c209ff699f00b2b4690287bc6cc7
PEKAO,2017-07-20,scientific_cache,24109,16108,281014,417624,c9acfe148e8904ac63d00c23fd08bb16701067af8d32276009f00f0f3855a06e,27e1a9e666677110217348b41af41346a1de76c98092b2ab177be2895187a5da,2457a7f5f20dc552bbe9479d9c8769e38256c209ff699f00b2b4690287bc6cc7
PEKAO,2017-07-21,scientific_cache,25906,16248,280632,384174,d8d930b54aa3ed4bdba6d39b90d97412b469ed8fd45d3a3ae67023fcd64d8acd,fe6d32e7e7461eee671dc4f76ee05217a44822a881e1ec774c0ef15af8edd196,2457a7f5f20dc552bbe9479d9c8769e38256c209ff699f00b2b4690287bc6cc7
PEKAO,2017-07-24,scientific_cache,29052,22167,392565,524140,37c334d9035f1d11d69f47c83d7a83d18cb904fd3b7e03d245ebb58d79333a6d,ba4bc4e567f2de63658b7d47beaa08c153d67dc08a677825cc2d4e3ef2d3d9ae,2457a7f5f20dc552bbe9479d9c8769e38256c209ff699f00b2b4690287bc6cc7
PEKAO,2017-07-25,scientific_cache,40547,29804,476180,659031,5b4bb8919774209c2970afd9d631c7da3d0ace293389de921a265beb46da6683,a30f162c71cf20cb67cfa353ee2a90fed4312e356738a941556aa4360332001d,2457a7f5f20dc552bbe9479d9c8769e38256c209ff699f00b2b4690287bc6cc7
PEKAO,2017-07-26,scientific_cache,33495,25614,436201,553473,3ac7f0f3a3216e851709d6a7564ecfa306251d06fe6558a7d58d7e83b15e4ba8,00c54fa8a68e09f7f04ea046efeba36333967c7f012d94670c3a232325b3ac8c,2457a7f5f20dc552bbe9479d9c8769e38256c209ff699f00b2b4690287bc6cc7
PEKAO,2017-07-27,scientific_cache,24633,17157,325303,373478,456ce14fb5805d9889342f9c1e53e2561e48b5b06dbcbf263b19b4bb8838fa20,0f7293c617dd24f7c7619e9a89157d5592e178616a34a5c3b1bc07421f9073d9,2457a7f5f20dc552bbe9479d9c8769e38256c209ff699f00b2b4690287bc6cc7
PEKAO,2017-07-28,scientific_cache,20340,13247,249091,277113,8decde2bd7650d0e8d944e8a4a5cd2b8ced188d622b7ba23ca802939cea95a3b,f715068ef6e296f46589003636ddea71804fee44c96a666700f671caeeeb4834,2457a7f5f20dc552bbe9479d9c8769e38256c209ff699f00b2b4690287bc6cc7
PEKAO,2017-07-31,scientific_cache,38620,26713,416321,584260,1ac03e550640acc38a796e7f91c8c00b15cf312c3e4e23e501c004f6e8d280f6,4379ac4c32a8a4aced190010f34bf4446f78ab49c2177ec98fdb35e0aff6bdc0,2457a7f5f20dc552bbe9479d9c8769e38256c209ff699f00b2b4690287bc6cc7
PEKAO,2017-08-01,scientific_cache,44204,25502,403746,611494,ac4d5cf9f9e25b13b4079c97c516e023a3277fb160d0172b5f4298acb5c83c7a,785c87043d89af16d5f7b56fc823c11eb7b0e90800b63beb3b1677a3b0bc90d7,2457a7f5f20dc552bbe9479d9c8769e38256c209ff699f00b2b4690287bc6cc7
PEKAO,2017-08-02,scientific_cache,49119,34014,573784,816485,395e3dea387a5c5f4b4cfacd4ff0427dbcc7b504b9a4cf277baadbbc5d68f82e,339bd20a46872b949f434377b87299a86fbd06cc57524452252462af3677e5fb,2457a7f5f20dc552bbe9479d9c8769e38256c209ff699f00b2b4690287bc6cc7
PEKAO,2017-08-03,scientific_cache,26300,16130,271996,386611,e0b509d4e2eba6d9f5246c2aeb4d71b5aa4c1716c3da8a16db835a57c2af530b,dd3766ba097bac1cbd71a8a37c738e3bbf7ca73d69d899cbd4d2c249f7b8e9ec,2457a7f5f20dc552bbe9479d9c8769e38256c209ff699f00b2b4690287bc6cc7
PEKAO,2017-08-04,scientific_cache,23026,11720,200539,291361,92d1817898386393840c7b9dbcc5a1d1decc1122bd2259bf118801af2929a786,a1c7611089af05da79c629cc0417f490044d497f155c50367bcd89b861e58f4a,2457a7f5f20dc552bbe9479d9c8769e38256c209ff699f00b2b4690287bc6cc7
PEKAO,2017-08-07,scientific_cache,19374,11963,204269,283374,61da8d720c1136a213f435e2c0d27e80d9e28b3f279d1aaf6145cf80def7673a,892b1bbc78b2b1495acd35ab56e3dcea52999cf2bcff124ceb7d8de79666f12b,2457a7f5f20dc552bbe9479d9c8769e38256c209ff699f00b2b4690287bc6cc7
PEKAO,2017-08-08,scientific_cache,29740,19276,317186,415704,502c095024aa90fd6a76af123cb84f28f6276dc18b00688977e2c721514eb317,eda620cb6dafb98141bd50a8ee47edec9d11795477248c456216376f6ab73819,2457a7f5f20dc552bbe9479d9c8769e38256c209ff699f00b2b4690287bc6cc7
PEKAO,2017-08-09,scientific_cache,34038,22255,384283,523045,c367e0185338b7dbf714f93b75eca29eb5218f81fe536e15e4e026c9b6ac744f,dafa3aa00b69ff91196e6136f1234bdfe087f6ac19c6299b13a0a7733955fdbc,2457a7f5f20dc552bbe9479d9c8769e38256c209ff699f00b2b4690287bc6cc7
PEKAO,2017-08-10,scientific_cache,29360,17465,295280,442090,0e7d8ba0f36a84d990f787805ba457b8a75b5a4bca9684601f5a61de792e0043,0cbd46b486ce4f0d29153203f5e11c47f9e891c6c7a72bd84e4d8bf2e39a8672,2457a7f5f20dc552bbe9479d9c8769e38256c209ff699f00b2b4690287bc6cc7
PEKAO,2017-08-11,scientific_cache,12287,7424,141760,205682,5beabd39a96aa1f305013dd8433f04c8168f08b258a02229adf7789aaa6d8049,91a4291fe19b5b911fda4d008026ff60bb9bef63e9f39edfa62bacc8ec1d583a,2457a7f5f20dc552bbe9479d9c8769e38256c209ff699f00b2b4690287bc6cc7
PEKAO,2017-08-14,scientific_cache,13493,8253,164308,206460,e5db90a96fa24811bb90324130e5b1db05c34edd6fea9299fc1a2fab61abf471,26ca6c2d4b8f54e94109d0f333873c299e45ad0576ef491e5aad7ed684c594f9,2457a7f5f20dc552bbe9479d9c8769e38256c209ff699f00b2b4690287bc6cc7
PEKAO,2017-08-16,scientific_cache,19462,11434,190822,282854,45f10897a5d8c4c0ff81d544f045c0bf29ce87d29be8f348bdabdfe80903e18d,0a69bcd9fb78c9aea1f4cb911f6ab336abab8c74a21217e47c7cdee5365d34a8,2457a7f5f20dc552bbe9479d9c8769e38256c209ff699f00b2b4690287bc6cc7
PEKAO,2017-08-17,scientific_cache,30736,18612,334712,412843,c24d7b3e8e1a2f99258ac1b19b0535664317953253570b2dc0c03f4c29c7a562,15f831b84c4c22403447afaba82c7af912f937b22930449c738138132365c1a4,2457a7f5f20dc552bbe9479d9c8769e38256c209ff699f00b2b4690287bc6cc7
PEKAO,2017-08-18,scientific_cache,40120,27681,516015,653396,885fdd8b4bf4f289a591e03638b90e4fe11964cf69a5e1823174485acf03e9f0,313c7565f55d0c7425442d7e3f69be2fd5a92c3e33a30d27c3984e019ed0b564,2457a7f5f20dc552bbe9479d9c8769e38256c209ff699f00b2b4690287bc6cc7
PEKAO,2017-08-21,scientific_cache,21937,13712,245421,314869,b54f184f897583604d4b860ff259cf4fccfe9410ef3c0910b0a9d8bb1131a981,abfc8593fc11971c6e69efe01aa52232a9b7e7cebe62efae0622fa546a2077f6,2457a7f5f20dc552bbe9479d9c8769e38256c209ff699f00b2b4690287bc6cc7
PEKAO,2017-08-22,scientific_cache,18889,12002,208547,335067,764dc03cea55809f08930a17f90936f3eb0024ef2423093772dfa859f9268be5,85b9bf86c7e7696a343ddd5fcf3737bf2c9e944a416cb9a11870a334c40f89ae,2457a7f5f20dc552bbe9479d9c8769e38256c209ff699f00b2b4690287bc6cc7
PEKAO,2017-08-23,scientific_cache,26439,18773,364096,437786,2ca115e78e98689736b86e3c8ddfb44adfc27cecf9621b9255793843d61abab4,8665b512a69cfa0f964af48fce80c037ea3b24e901ab94ac70e0cf5a7f33b8fb,2457a7f5f20dc552bbe9479d9c8769e38256c209ff699f00b2b4690287bc6cc7
PEKAO,2017-08-24,scientific_cache,35024,21915,401944,530737,348b0f5c15c79b42c1d804984caa720e17abd3e25843193c92f270eb4ec2bae5,da17229f40652fed4f51c152808f4aa54c56b502119cb87e2682ad77d1ba71a0,2457a7f5f20dc552bbe9479d9c8769e38256c209ff699f00b2b4690287bc6cc7
PEKAO,2017-08-25,scientific_cache,27066,16946,297905,391083,609ded2fcdf8ac912c854077bacf03b3bd0001bcc38b07415b6f7dbdad2cf710,d4eb07a226d9ef43344443552fc93dd8649e76d9f2e8c863b9044b08703e8193,2457a7f5f20dc552bbe9479d9c8769e38256c209ff699f00b2b4690287bc6cc7
PEKAO,2017-08-28,scientific_cache,35918,21268,400374,469294,8233ea7b31d774d7c25f57c08dded401fd0061d73587779351b89751bcbd3d8b,dc412a0ccdddc712824dbc4b38b77dfe54afb1bea6b12067802b928ccb939a30,2457a7f5f20dc552bbe9479d9c8769e38256c209ff699f00b2b4690287bc6cc7
PEKAO,2017-08-29,scientific_cache,34615,23255,432845,519676,59c0f2ec66e8979968813d13140e8dd8a6379c6739361a6fa99c992fc136ec6e,c737753f0aa4e57dc67897e166bf0b34ce9ef74ecde84f0511037a88410f78c2,2457a7f5f20dc552bbe9479d9c8769e38256c209ff699f00b2b4690287bc6cc7
PEKAO,2017-08-30,scientific_cache,33406,24387,431243,555408,cf76927f6470201c3360b7b916605e18492ede16e938da06a3cff4dc67a60a3a,9ed9230b8d29d888751e0989e10253aad1505940a7a12ed66b3077d2962a7834,2457a7f5f20dc552bbe9479d9c8769e38256c209ff699f00b2b4690287bc6cc7
PEKAO,2017-08-31,scientific_cache,26588,18000,310047,460405,63f5a61bd80cc59a716f0994c1dd8082cb78b913807dae378dee8da4ffdab18d,8f348993bf3e1135c4525f92bf22e9667b6b6c8db6998709b3462fca98f4a527,2457a7f5f20dc552bbe9479d9c8769e38256c209ff699f00b2b4690287bc6cc7
PEKAO,2017-09-01,scientific_cache,17238,11119,206677,266512,ed626e98188e1391eca9a1e573041f43f60833448d4b1d899018d8787bf0ca94,44b1ef020ffacae53c9b0420411a69044a0b247ea50e18f8278dd7a22c89a004,2457a7f5f20dc552bbe9479d9c8769e38256c209ff699f00b2b4690287bc6cc7
PEKAO,2017-09-04,scientific_cache,21484,14067,246396,298865,c85518e25d7407ede62786384dfec35c653b497345618e1bcdaf023eda513d28,79eb7be036589ab5aa7f6e46566009393c1ec4abb97bbc292825515483086bbf,2457a7f5f20dc552bbe9479d9c8769e38256c209ff699f00b2b4690287bc6cc7
PEKAO,2017-09-05,scientific_cache,23357,11656,196890,252724,e70a5c236ca985d422874e4e4607e5fb4464c53026674a03f1aed7990065a991,4952c335d74e6d99b9ca7583f95b5936e73749fb8bca2107aec1e79c9b24dd8a,2457a7f5f20dc552bbe9479d9c8769e38256c209ff699f00b2b4690287bc6cc7
PEKAO,2017-09-06,scientific_cache,28503,17560,277076,426020,0cbd28d415bbb24e58054b12f61251e7fc68307f8ec5c5964760cdb098b124f3,b13d8af862d4e6a34a4b225ad2ec9b6695ed688e5429ec319dfe990e0341baf4,2457a7f5f20dc552bbe9479d9c8769e38256c209ff699f00b2b4690287bc6cc7
PEKAO,2017-09-07,scientific_cache,45610,33359,555103,717384,bba604f68948c88ca14db5e81b786ede1b38fbcede4e940da8fb3ed5725e0483,668a6cfb25f82d0f74fedfbaf83c6e0eecf2b92ac4345c3615588f31a40bff0c,2457a7f5f20dc552bbe9479d9c8769e38256c209ff699f00b2b4690287bc6cc7
PEKAO,2017-09-08,scientific_cache,50001,33033,524330,719496,944071d54cd404510f34422e7167436e27203d600186c83b1e049cc20a4b458c,52f991566084d8c24ab85e2811f57aa817eca009e05e1bfd4195ca90034a6117,2457a7f5f20dc552bbe9479d9c8769e38256c209ff699f00b2b4690287bc6cc7
PEKAO,2017-09-11,scientific_cache,31064,21499,363718,491239,535337e817b7654b24e768c9154c262a79a1c43ad66e9466af26e3a2e3e1f8f4,bb6dcadbace2177bf8c3a04db8eff527ba9e8111075a2bb9175c7935ead6a3f0,2457a7f5f20dc552bbe9479d9c8769e38256c209ff699f00b2b4690287bc6cc7
PEKAO,2017-09-12,scientific_cache,46704,31518,498076,701132,85fd9a1e120a381f61c2cdb955cb12aa93f81e8e430e19452f941b3415ae2df0,c7432a235b97cd2894b7feca1e0115d748ff32b6cb7a3e26d2ba401645d6038f,2457a7f5f20dc552bbe9479d9c8769e38256c209ff699f00b2b4690287bc6cc7
PEKAO,2017-09-13,scientific_cache,34732,22764,385825,491607,6a946d97dad7c1cc70b91c1bba3d0bcd4c05344b8f8b983f630311f8e592ab8c,62f9d39bb512a48e478957be73ffad92e37e731970b7f6b78632a84fb7bd7768,2457a7f5f20dc552bbe9479d9c8769e38256c209ff699f00b2b4690287bc6cc7
PEKAO,2017-09-14,scientific_cache,30383,19485,338989,427007,1c4797d0e47240f5282ecfe545045db51d965e5b5accf263940894c16c8d6563,9cc98c64c5e8d82945cb90d24c73b7f3d1cd3bad95bcb71d3a664f12571a804b,2457a7f5f20dc552bbe9479d9c8769e38256c209ff699f00b2b4690287bc6cc7
PEKAO,2017-09-15,scientific_cache,36774,19936,314819,480881,953389cbc4c85b6c0a3b0360147f745041f6288b2e42d3f20b3bd45e22682438,af6205fb7a08632a5eb3accd9d6cfe450897bd284ec348686e83a823455dd7a6,2457a7f5f20dc552bbe9479d9c8769e38256c209ff699f00b2b4690287bc6cc7
PEKAO,2017-09-18,scientific_cache,27669,17917,297624,423438,68b736e18970d0206e3642729492678ac8dc99f6da5762cc469564fa7c894d59,63ea6358e74e3d6c17e370a80f5dc70630ccc956f824884a54d6fcbb52bdfcfa,2457a7f5f20dc552bbe9479d9c8769e38256c209ff699f00b2b4690287bc6cc7
PEKAO,2017-09-19,scientific_cache,18951,10472,191223,225652,1cbb08aec8793cd06f0e94adce9bfb139bc6732137e76b68f6efb6dea2e63c35,b476eef711fd6072c14c6766b2384026ba296317902dce4cfb903a8ad262594e,2457a7f5f20dc552bbe9479d9c8769e38256c209ff699f00b2b4690287bc6cc7
PEKAO,2017-09-20,scientific_cache,32868,24121,429854,570581,05b7f1276a688f1f1a4c6c540db3d5e1d10ac64c5a7fa6e82461e2648b433628,053776c6cfe33eea1a1423abec57a1c8737ad0e81febe6142e38a41984c8843c,2457a7f5f20dc552bbe9479d9c8769e38256c209ff699f00b2b4690287bc6cc7
PEKAO,2017-09-21,scientific_cache,19878,12456,233418,301830,3928d35926635d4a127b607a03ff82c1b8ef585b49f66795b2d82a3354a0c954,3e59f03df339307a0897d1e680dde8e09a00edfdbfc330ad684497fadb871155,2457a7f5f20dc552bbe9479d9c8769e38256c209ff699f00b2b4690287bc6cc7
PEKAO,2017-09-22,scientific_cache,21149,13577,250378,301599,416ab0c0a70d9dc243e4b7eee5bda7d1f9b79a81438671f745f8fc8e9b248fae,07cb4c7f124ffd505770d8f7db8abc5bce9070021c716fd0963c45093fc800c4,2457a7f5f20dc552bbe9479d9c8769e38256c209ff699f00b2b4690287bc6cc7
PEKAO,2017-09-25,scientific_cache,19567,12623,240159,297680,26c2574fa8a6aa5c1f7f956b428b543148a800835234acd2012111c8b71da217,fabd363b4dc95a133f229451f8cf3d766e177ba19818e7e7a1e9e9aa77a2c8d1,2457a7f5f20dc552bbe9479d9c8769e38256c209ff699f00b2b4690287bc6cc7
PEKAO,2017-09-26,scientific_cache,21731,14365,246208,325196,9497de142fd4b9f39818e486ad3938e7dbf973dfdf23505b19f3480fe8a54d9b,c7de45baee0f58ff70105099d149b192096a7a734e9aaa3332f4f53f673f4d7f,2457a7f5f20dc552bbe9479d9c8769e38256c209ff699f00b2b4690287bc6cc7
PEKAO,2017-09-27,scientific_cache,20868,12760,235827,284567,7938dcfda6894d179612fdbcf9bb5fe0ba248cb158db79c7bbc261010fb64a84,d1ba7f9391432676ba98d029f49f33be061da332e0ce4f4b52b09ef2748cdb07,2457a7f5f20dc552bbe9479d9c8769e38256c209ff699f00b2b4690287bc6cc7
PEKAO,2017-09-28,scientific_cache,40452,28773,486709,652017,40ae1174a8590895de3fad8adf3b1285517bb03dc306d5771558f07fe97e3994,f49bf5555b98c8a54dc8e43156dba751cd24787fae5efa106c45d666df4411dd,2457a7f5f20dc552bbe9479d9c8769e38256c209ff699f00b2b4690287bc6cc7
PEKAO,2017-09-29,scientific_cache,38498,21282,359720,497393,b8776df93635242f94e872d2400cd01e0a843ff06f2d48ae1dbd11e238f755b3,3cdbb60a8c2c1bfb3f4b730aa06f101e21ced9902272cb7ca875430cba786315,2457a7f5f20dc552bbe9479d9c8769e38256c209ff699f00b2b4690287bc6cc7
PEKAO,2017-10-02,scientific_cache,38332,26224,458603,545474,b1f69811844637a7a260eb77147f25536e84aa6be0815da734533d6b8fb7c990,20211d8cb42fdc1ed0e711ab89170aa1b57acdd1249e20e0293726753f23fd01,2457a7f5f20dc552bbe9479d9c8769e38256c209ff699f00b2b4690287bc6cc7
PEKAO,2017-10-03,scientific_cache,25395,17762,299747,376538,afbc1c7ba0bb13e8bb7fc07ae355a86c89c86b41f6b238d4c201c7a96da9ba10,d6bfda0d5fd2907a26bff0291198c4d82899d8b8d35df4c902ec1ddf9a14ba14,2457a7f5f20dc552bbe9479d9c8769e38256c209ff699f00b2b4690287bc6cc7
PEKAO,2017-10-04,scientific_cache,29273,17919,296736,384986,a296ab027a9c0ed5316841c426bd91a70a33eaf8daf80e2dabc489a61f7a7f4d,dee805f0c7fb8955275eccdcc5b80400876cea804514de24e8c3f9e532ff9a27,2457a7f5f20dc552bbe9479d9c8769e38256c209ff699f00b2b4690287bc6cc7
PEKAO,2017-10-05,scientific_cache,42605,33562,548092,682467,5b44ef9c74ca68a594a648574d3b44cbf9f9c4ae8390660e33c5b8d3a4c9a925,05cadde8827e9bcb91704e449e2c585dac0d59eb7e38571dd2f991968ff457fb,2457a7f5f20dc552bbe9479d9c8769e38256c209ff699f00b2b4690287bc6cc7
PEKAO,2017-10-06,scientific_cache,38247,27514,423260,562873,f852b1d7eb9a1687b49deeb2636b468f4115018bd364e7ff7b252a58e9734772,f287e21dcacb6f26f6c3afcefbe243aab017be89bebb0879f618d872d28d6378,2457a7f5f20dc552bbe9479d9c8769e38256c209ff699f00b2b4690287bc6cc7
PEKAO,2017-10-09,scientific_cache,28073,17690,300382,390669,6f57bc226af71ba64e3c605cc1715beda7ad5f79d35ed3119994c040d9459d85,24e44d40b6001c759f523765f325466ffec719eddef91a67841a171ee1b0a6d0,2457a7f5f20dc552bbe9479d9c8769e38256c209ff699f00b2b4690287bc6cc7
PEKAO,2017-10-10,scientific_cache,33247,23476,397671,532597,9a227a71f32c0382d8d78e962bc3823d1624840ccf94f3b1ec23a47b2bee18a6,36d66749a27224ccdcc5ab0e0f4eebe02ae1e2a44d2ae897caa78c993ef8888f,2457a7f5f20dc552bbe9479d9c8769e38256c209ff699f00b2b4690287bc6cc7
PEKAO,2017-10-11,scientific_cache,37635,28412,436347,617822,106ec5874cbffe019bc4c102cff5a25604004ef78aaffa3a9e354a55446807c3,a7a82ae22427eb9d908ec1c99a624f952d4cedee3fca635a3ae3edff17497d42,2457a7f5f20dc552bbe9479d9c8769e38256c209ff699f00b2b4690287bc6cc7
PEKAO,2017-10-12,scientific_cache,42566,25988,404794,543234,fb52582125c2e7f618452129bc4a3e9bb1adb96d4b88cfdef87be31550713f53,30a3c5eeeb97013a7ee5070a65d6d26d2d3afa38e9cfdff495d5ebb3813f956d,2457a7f5f20dc552bbe9479d9c8769e38256c209ff699f00b2b4690287bc6cc7
PEKAO,2017-10-13,scientific_cache,58940,43957,675909,924568,5edf0a9a83b8968a7274185f47d6516089f36d787cadd6dc5d30ec090d53d880,01dfc4d6d4495db54141c9e363a8ebad08fb1946baa2c9feddcc377d1e1f7cb1,2457a7f5f20dc552bbe9479d9c8769e38256c209ff699f00b2b4690287bc6cc7
PEKAO,2017-10-16,scientific_cache,38945,26739,466341,601452,9d77b56a425dc91cf57613ae5cc293a92e887ec2fd5252bccc9c5ea4b56a2b60,40996c0bfeb9f97385731e4a246f867724a9c169281b20d86d022939e2eb3e5d,2457a7f5f20dc552bbe9479d9c8769e38256c209ff699f00b2b4690287bc6cc7
PEKAO,2017-10-17,scientific_cache,33051,17728,307026,441438,8e2c31bae553234e619cb4f3405cc8813fd8cc836393e11777e3e0b891214e8f,e3ba2d4b227a9834a4e3395175b7341834918dcb9e6dabea1668d27543e2cc4a,2457a7f5f20dc552bbe9479d9c8769e38256c209ff699f00b2b4690287bc6cc7
PEKAO,2017-10-18,scientific_cache,26137,15370,248472,318625,26e997c2cf78fde36b52f48fb0f5246cbf2ec36cdcabe65f81dc441613a8f458,c715079c6f8d811c17112c5acb6ab925cd304ca509822c233c0772735af8e267,2457a7f5f20dc552bbe9479d9c8769e38256c209ff699f00b2b4690287bc6cc7
PEKAO,2017-10-19,scientific_cache,33020,19357,334104,458614,383f2942939b77c0330b906f69ba720c752605649ae7b753d42d9e84ab34b129,c56f2faa425d73e30035a94fe496c69c74a74c21b7c14e922d0d07502305cd82,2457a7f5f20dc552bbe9479d9c8769e38256c209ff699f00b2b4690287bc6cc7
PEKAO,2017-10-20,scientific_cache,27494,15351,267995,353457,a61c7dc6d01a1032911b5c5f2df5b016ccfd9e7f5578ec5f01e90b45093b119e,f932b460d0f80f6badb19cf9eba834e7830b2bc2f556dd4a69135f73e35bde08,2457a7f5f20dc552bbe9479d9c8769e38256c209ff699f00b2b4690287bc6cc7
PEKAO,2017-10-23,scientific_cache,32695,18002,288236,347944,64df2fd6879c0705dd78ce30babf214c75e6e2f6ad8ef10314f4a5bab17f0130,e386820d2888fde58ec04797b9cac47d8f83e3e5470413f99845356b0bb4a031,2457a7f5f20dc552bbe9479d9c8769e38256c209ff699f00b2b4690287bc6cc7
PEKAO,2017-10-24,scientific_cache,110445,89737,1496723,1970735,b311e1602ed70e2166f2e07ce5678abd37d6d0d7fd6e2e481311bbf195a9c338,2ed397314bb007da8423280f183e427908853d030fedf4f5d71f291066551c5e,2457a7f5f20dc552bbe9479d9c8769e38256c209ff699f00b2b4690287bc6cc7
PEKAO,2017-10-25,scientific_cache,40161,24479,405573,625654,3ec808795c618df70ce46eb71ef99b9c1801cb81558adad2a61eb0b30ce2d052,e39cc252fdccebd4c700a2297b819d9dd4fbebb3719782a0cf841b3012ae841a,2457a7f5f20dc552bbe9479d9c8769e38256c209ff699f00b2b4690287bc6cc7
PEKAO,2017-10-26,scientific_cache,38480,24057,383219,593550,7f32317c622b8f9c12092f3a5b69034bf184bd0836c677826f647d74f5ec89c0,30e3ccb952dbd79847a2c5349ad39c0d43550baaec9aa55b4be50438b7742203,2457a7f5f20dc552bbe9479d9c8769e38256c209ff699f00b2b4690287bc6cc7
PEKAO,2017-10-27,scientific_cache,24247,16383,268855,396037,7a2bd903059e4c3f3b6a2114fb4ec838d6ebacd4e7947f834eddb808c5673a6c,d536fd5627547f4c2e85e13712277dda91c5865c4624974f6c7993c22b555a1c,2457a7f5f20dc552bbe9479d9c8769e38256c209ff699f00b2b4690287bc6cc7
PEKAO,2017-10-30,scientific_cache,28793,17401,299572,402044,86359dddbf13bc93e6ad3133a5e669004fa35c149d5e6daa11306117309db071,38f5f297e3887d65871aa8924ab32443b8dbc1ccc843958bc070b44bf23f90dc,2457a7f5f20dc552bbe9479d9c8769e38256c209ff699f00b2b4690287bc6cc7
PEKAO,2017-10-31,scientific_cache,21530,13481,238893,354593,6a48c3a68d5f8beeb0030e1cb46129f143b87da15441b0449459d4f767fd01b3,78354a06f561d502ffb8984cfc9e6cdd78cd045dcb97820251a40360220e0002,2457a7f5f20dc552bbe9479d9c8769e38256c209ff699f00b2b4690287bc6cc7
PEKAO,2017-11-02,scientific_cache,25513,14026,224669,338620,2e3639817954f949e6518f945c4e913259cec1d9bc8565d8126115d0f8e9d9b5,beebd96059ddd963b9365ce171870e1832c10451dccd421d70c475a1ff21b630,2457a7f5f20dc552bbe9479d9c8769e38256c209ff699f00b2b4690287bc6cc7
PEKAO,2017-11-03,scientific_cache,26206,17839,312647,410186,185622f43d05627396503dc2c82d86fe05757a0f65ce7b5603231592b295e9c0,bb63c44fccf1c0a955b94794d70ec159937bd187ca05278f591826f4b962ba07,2457a7f5f20dc552bbe9479d9c8769e38256c209ff699f00b2b4690287bc6cc7
PEKAO,2017-11-06,scientific_cache,34426,18554,321687,431300,8047e218fc9949288a8011b33a6f6045ff45018b673cd71f4163c43166c4ad27,877828bcb3646da0cceb49dd358109a859f1f0492969da85694b1039634a9a3d,2457a7f5f20dc552bbe9479d9c8769e38256c209ff699f00b2b4690287bc6cc7
PEKAO,2017-11-07,scientific_cache,54254,33252,530581,748073,5da3f32bf4cfa6d679245cb3b6208f2298e366f3cd289d8c2a310ea22579bb4e,a2e49143ebfe07171f87e3f12f18bc31d47b9c7561d0b3161587868f1fb0b4ee,2457a7f5f20dc552bbe9479d9c8769e38256c209ff699f00b2b4690287bc6cc7
PEKAO,2017-11-08,scientific_cache,45011,31768,521265,726913,bd84a7ebf509ab9b718e51a4461cff037b7666fa406daec4dd717c524e5e44a3,4274d4cdaf23ceca3f3490022aca4f0fd387d764d3b86700cf563404568b3d9b,2457a7f5f20dc552bbe9479d9c8769e38256c209ff699f00b2b4690287bc6cc7
PEKAO,2017-11-09,scientific_cache,39318,25474,453964,578687,e2a3275dc2566ed132285a6f3c73d38e1cf346e9a6207a24edd3af7c713d8921,f55aff487bcf1f0d6fd8f097893ec1ff6cccc2963fb0e2c441aa5fe2239a9d6f,2457a7f5f20dc552bbe9479d9c8769e38256c209ff699f00b2b4690287bc6cc7
PEKAO,2017-11-10,scientific_cache,34834,23024,392552,506652,7ad261a1ce85f6c1ce688a613b89082f847debcd658c5838d09c3ea3526c9385,80223d9b8e308ebd152caa585ee9697cbb2ba7fdb5eb189f57ca955d5d02ba7b,2457a7f5f20dc552bbe9479d9c8769e38256c209ff699f00b2b4690287bc6cc7
PEKAO,2017-11-13,scientific_cache,28535,14545,242198,317978,78a3781441d38d5d4ee20cc0fc1954159c7d12406f8d23619dcb0bef0bfdbf59,70108f44b9806541e014e8680448fee44551414d74c53c012895270c1c495b40,2457a7f5f20dc552bbe9479d9c8769e38256c209ff699f00b2b4690287bc6cc7
PEKAO,2017-11-14,scientific_cache,29057,17965,318459,386923,415fdf4f941ea9ba11d7222f5405536b6c346d103e278d69ea65cc3c904612c0,7fc56e5b60fe5aab0ee5eb7c8bd611d7a634e35fac65ebedce52e1dd71a91b7e,2457a7f5f20dc552bbe9479d9c8769e38256c209ff699f00b2b4690287bc6cc7
PEKAO,2017-11-15,scientific_cache,32314,16578,279784,354791,aec483deda9242baf4b5f66744b423eb47a62d59e2a01a51ee2676eaa9dc8931,e1eb6c11fcdbcac36013778ae0849ad66894963cc411bcc7b34ec36b43e1dc0c,2457a7f5f20dc552bbe9479d9c8769e38256c209ff699f00b2b4690287bc6cc7
PEKAO,2017-11-16,scientific_cache,36526,20842,386597,468368,3e0ce09a03b12d7e719f93b632607788b64610c634bc1810451939fa950b97ed,b1aa575dba52933546c757160c285bc22e34294cdde85d84b9747a948d454f28,2457a7f5f20dc552bbe9479d9c8769e38256c209ff699f00b2b4690287bc6cc7
PEKAO,2017-11-17,scientific_cache,25120,15002,254506,336395,ae52756d15135ee7b7cfb0aa55b894604b45ade71a6379e7e4dde43dc0f94ec8,b513a340a58455449c82faf4bd23a1206af4b1a38ad72db5c6145c44099f1295,2457a7f5f20dc552bbe9479d9c8769e38256c209ff699f00b2b4690287bc6cc7
PEKAO,2017-11-20,scientific_cache,23313,17293,326629,440274,3141cea52b1c49278d40c98318340929e6170b4aed80fd689c191264de05bf42,aec0c6f4ed1a40bb4262be3a46105402e32a720112210bd1babbcaadef3a14e5,2457a7f5f20dc552bbe9479d9c8769e38256c209ff699f00b2b4690287bc6cc7
PEKAO,2017-11-21,scientific_cache,65018,49646,957119,1284009,e34149257365330a3f4a2ac2df3b5ca30c2c2c87026621ce62f2e50dd1cf3455,968d951abafcba80a9bb5054abf139c28fb9c915b40c650d05e2dc697c76d16b,2457a7f5f20dc552bbe9479d9c8769e38256c209ff699f00b2b4690287bc6cc7
PEKAO,2017-11-22,scientific_cache,37253,21820,363123,505860,0ed59cde205f3732371e0b00d0d97011f11bd9ee03704eeeaae15cdee34aef9c,a57e7be51056ddf3bf5029fa4b7c079cb5616e1a3387b3ea250c978d03a8abfb,2457a7f5f20dc552bbe9479d9c8769e38256c209ff699f00b2b4690287bc6cc7
PEKAO,2017-11-23,scientific_cache,39179,30053,504675,738020,ec7f90fb8b36cc70561c21ad9a682791744637ac806b160a2d052f228b6576b9,7937b404a2b4e1927cae293819784f07403f2ca6fa504359518986dbc0d923b3,2457a7f5f20dc552bbe9479d9c8769e38256c209ff699f00b2b4690287bc6cc7
PEKAO,2017-11-24,scientific_cache,32491,23698,416802,532743,b794605382432651b5fe422778278bdb313a465b9d2ef6c4a7614e7266ae02c7,e64f5ea4b73c049b42afac6cfcbfc342a14b59b2ec56969daa1f5d33311937ac,2457a7f5f20dc552bbe9479d9c8769e38256c209ff699f00b2b4690287bc6cc7
PEKAO,2017-11-27,scientific_cache,35310,25182,420818,532116,15edbfd7931d7d1ae2c3c06870e6a2581ada6bb1027dfdf13b0335c28589a926,d250c2e0f40f9ec38e8ddfc1c3f7cffe1d6bc835c6df543ecb6c88637c8bf32f,2457a7f5f20dc552bbe9479d9c8769e38256c209ff699f00b2b4690287bc6cc7
PEKAO,2017-11-28,scientific_cache,39146,23273,393595,527828,243ad4a00110fd1b4ed64b208d9fb933ec2f02c41e7cc5b43808df4688453894,6b420c1e066210161c06db064ac93849f5bfb77197660b365bfa2b87058d393e,2457a7f5f20dc552bbe9479d9c8769e38256c209ff699f00b2b4690287bc6cc7
PEKAO,2017-11-29,scientific_cache,32295,20564,342243,432710,f6ed7c4cdcafaa37f8aa097ffae397d243faa098bd22c13cb036a761e1e59fb2,f2eede3ad212afa79edfd2f53386fc25914744ebb05e30e87c3c57fb307a4a38,2457a7f5f20dc552bbe9479d9c8769e38256c209ff699f00b2b4690287bc6cc7
PEKAO,2017-11-30,scientific_cache,33105,21573,398476,473277,68edad3b1dff49b1f4447672f23725d36d4a708bbb53cb03b5ebfad444798443,664f259cc8b81d855388901d079130ebe9fa66b129d354d4a0ec7d9ac579436f,2457a7f5f20dc552bbe9479d9c8769e38256c209ff699f00b2b4690287bc6cc7
PEKAO,2017-12-01,scientific_cache,47958,35193,690210,780193,9e4a2d0613e74ae12c53a67a4b00a8d643f2230fc7f220501fd4b2cb5a549cc3,8ed95c0d918cf12e8c35ff9a0fd29eaa0838ba2d1fea6ced7079c43d043017b0,2457a7f5f20dc552bbe9479d9c8769e38256c209ff699f00b2b4690287bc6cc7
PEKAO,2017-12-04,scientific_cache,25968,16545,286169,330323,d5e36f703274a170afdc9530ae9820add8708962a272d791cd7f5b958eb37b24,2a270c14fbc69cf7b7dd67d65ea4657f179b642264168fedbf3a2554a6b5c253,2457a7f5f20dc552bbe9479d9c8769e38256c209ff699f00b2b4690287bc6cc7
PEKAO,2017-12-05,scientific_cache,28559,16741,292435,328384,b9013d7393c1c48ebaba911d3fedf3b50397eee70ac3cb71ff342195664e243c,b313fb453f3c0790a6ae0b2033ddb5c4e58210a8f357ccad757ccea0a5ee0386,2457a7f5f20dc552bbe9479d9c8769e38256c209ff699f00b2b4690287bc6cc7
PEKAO,2017-12-06,scientific_cache,43406,29871,497759,618603,bff2605e9a4b0a94d3c42e345890b86bd4f0f33e642a3bfb5fc583e94b060241,57f108bb917f7ee604a87b95bb522e32bb49af716423376757633b6ea2107477,2457a7f5f20dc552bbe9479d9c8769e38256c209ff699f00b2b4690287bc6cc7
PEKAO,2017-12-07,scientific_cache,45396,32248,563897,699975,ac650a1d4b4d381a3ff042c7aebef629daff4fa2a00ec9c57f7d664cd4bf1c8e,820047fe56eb0ff0b62f96c30d01086cc2e119126be7593291309b5090a2caf3,2457a7f5f20dc552bbe9479d9c8769e38256c209ff699f00b2b4690287bc6cc7
PEKAO,2017-12-08,scientific_cache,35160,19438,312220,405643,df13c148c46119c00e67e276955aa2068954f2745ffca964740d71856168de8d,6ce3b4cceb77d5f96de7a7d66051dca43defe875953cd944b027ac1f89117045,2457a7f5f20dc552bbe9479d9c8769e38256c209ff699f00b2b4690287bc6cc7
PEKAO,2017-12-11,scientific_cache,43682,27462,498074,580909,245b2218e37424a322eb994b9a7ae51a632cbc7afceafa27df0c8e1c0fd460df,fc59b4ba4c2c7d9a2b82f8202e8ce0c398fb4651e801deae94c864fa1943a99c,2457a7f5f20dc552bbe9479d9c8769e38256c209ff699f00b2b4690287bc6cc7
PEKAO,2017-12-12,scientific_cache,50441,34763,573056,726929,6405e7203b37c2ddd023813fe3176cf88b331d99a034f2b5d5cb397d6706b8b2,d53e9687f34d2ede1a2667ed1609be349b5121e98d8157b98f8b6e094ec7b960,2457a7f5f20dc552bbe9479d9c8769e38256c209ff699f00b2b4690287bc6cc7
PEKAO,2017-12-13,scientific_cache,27998,16855,266235,366946,ff4eba0c862547982f7484357590dbc7deab178b52af714a187f36d48d82adfe,5107f165d06e8623883d82863a9641d415d7d7ab900460986d191f128486e337,2457a7f5f20dc552bbe9479d9c8769e38256c209ff699f00b2b4690287bc6cc7
PEKAO,2017-12-14,scientific_cache,24306,14908,247884,314577,0663dea55f2a295b0093de625ab11bd7dade14eec7ba50d42fad0b342707adeb,a582fa3c01e1dc55cf59381ca1b4043afa4156c3207821850e70edbfaaa002a4,2457a7f5f20dc552bbe9479d9c8769e38256c209ff699f00b2b4690287bc6cc7
PEKAO,2017-12-15,scientific_cache,52341,23771,402837,506728,4d6d962f26997ebe9067a4bb8d1eaf5970bef33567cc63af02c3248ae5ce6607,8f33c560a2eb368afa3622287c365c968b7f0faa69145124c1fc2265dabdaa90,2457a7f5f20dc552bbe9479d9c8769e38256c209ff699f00b2b4690287bc6cc7
PEKAO,2017-12-18,scientific_cache,32485,19103,330386,455466,44fef515313abae9b16ccef82a03b4cdc9a5a924dd166ad38295bad7fc3cfd9c,c44dd5f2c1be2ee5700842f50719902eb55368c24c53431d835dd73cc9981d69,2457a7f5f20dc552bbe9479d9c8769e38256c209ff699f00b2b4690287bc6cc7
PEKAO,2017-12-19,scientific_cache,24170,14841,250123,351699,f50badd99adc28b7dc795eee6b776426f763478db7fe3abd91c92c6e2e17e84b,6fdf7f7802c2079ad2e395e7760c0e4813c6a7b0d5b68c8aedc49a65e90f1807,2457a7f5f20dc552bbe9479d9c8769e38256c209ff699f00b2b4690287bc6cc7
PEKAO,2017-12-20,scientific_cache,30014,19990,333568,487158,fbff1656cdbab2783074fc35466b3bcdf55462a606b96070a57118d59add0246,1a12189e184cd4d0c3372f765517b5991c43b6ff0233cfc52c79a4531949db23,2457a7f5f20dc552bbe9479d9c8769e38256c209ff699f00b2b4690287bc6cc7
PEKAO,2017-12-21,scientific_cache,31468,20228,337195,433975,ce2d9a67d0a0c3f9d7e0cba8967d4704a9f6c275967345226b0bfbeb5833aea2,100d924b3c00f71cc5bb228f67d65ae3f6a821a34ff43930e1b9662f2f2670d7,2457a7f5f20dc552bbe9479d9c8769e38256c209ff699f00b2b4690287bc6cc7
PEKAO,2017-12-22,scientific_cache,24598,16062,295613,342738,3c20d20d1da752974e5adf934650b4a63245aae9256e971b63a5ffd873c2ceb6,caebe7c44f2af31951f15ec1f0e19c53aeaf597238b3365f28334032ea70f3fc,2457a7f5f20dc552bbe9479d9c8769e38256c209ff699f00b2b4690287bc6cc7
PEKAO,2017-12-27,engineering_only_tail,26704,13613,224503,298284,54fd3a6560856de6e1b4f9ae0c7cc3b0ddb21b03330b161a4a9ae704d26aa310,3ac8b2fbf07bc8991985a722e4379df26f54fbf61e71b75e2f53197697c2f545,c4ad1eded24f96cdb7374cac23fad98f1e71f00e24c3abfd265f71ea132cac08
PEKAO,2017-12-28,engineering_only_tail,28217,16347,265693,360964,f782090ee0d6830a42f0ffffe8eecb478e1883195e17a9ee99e7fa029018c94f,55254c08a33aa3d932dcffb965210db4ed79c1be04d4705406be3572d944f24b,c4ad1eded24f96cdb7374cac23fad98f1e71f00e24c3abfd265f71ea132cac08
PEKAO,2017-12-29,engineering_only_tail,22370,13053,227890,281385,b431caea386d3820d78f5b0ae28cffd0b0f48b2ba421fc4c9f7604b91c840c9c,aaac1d4b74d7257df70d3efab0c6d5635e25042252850e6d3d0e6e438f812e75,c4ad1eded24f96cdb7374cac23fad98f1e71f00e24c3abfd265f71ea132cac08
PKNORLEN,2017-01-02,scientific_cache,76464,66375,1201537,1115749,ef8023f7dcad58ce198c5678ac6c5de6fc8f311dfa424a91d1c0e924648e8811,5fccad62bb350da9c342fa6a0458518ad03880cd258e25d38a717f405247c8e2,2457a7f5f20dc552bbe9479d9c8769e38256c209ff699f00b2b4690287bc6cc7
PKNORLEN,2017-01-03,scientific_cache,83277,62872,1338567,1383275,e2dcd0e6a27db305618eede753bbae613a1c5d204b2b3ef51e10acd987a24baa,39083a9323044f488a3e5080ecb87f1aee7b6885e66d913b18cd4ed6096e6d41,2457a7f5f20dc552bbe9479d9c8769e38256c209ff699f00b2b4690287bc6cc7
PKNORLEN,2017-01-04,scientific_cache,92385,62257,1171851,1320176,999c9cd763fea45776d86cd19898d1d7850c993dc1a8e1642837cfa4ca2f4f1e,08da3bcd5f5807f72bb09a0cb0004c44702f0ce871567444214366be0cb73caa,2457a7f5f20dc552bbe9479d9c8769e38256c209ff699f00b2b4690287bc6cc7
PKNORLEN,2017-01-05,scientific_cache,120073,80835,1450656,1690035,59aad2a7b288cd27b5f08c819042131d4f7d81bf415ce019bd27bc5e72d960d9,913c8721d1ffb80be5ea56e044c13107a782876d968efdd792dfcd9c7641b006,2457a7f5f20dc552bbe9479d9c8769e38256c209ff699f00b2b4690287bc6cc7
PKNORLEN,2017-01-09,scientific_cache,111305,75130,1273559,1394780,e597190d9db161e48eb1d0e3af660669912dd162c3767fb36a32aa9ece769e15,708413473baf784ef7918429611f37049b4684b5d47fc315341bdbb8498989b9,2457a7f5f20dc552bbe9479d9c8769e38256c209ff699f00b2b4690287bc6cc7
PKNORLEN,2017-01-10,scientific_cache,119904,83434,1496713,1602914,7aaa1bbf9a641af9e76d3018d927719ac9d2fbaebcae250bae5cc816a6145186,3a294d646e9f83f894e0fa1da45980105785bdf6faf9380f1574d858558058f6,2457a7f5f20dc552bbe9479d9c8769e38256c209ff699f00b2b4690287bc6cc7
PKNORLEN,2017-01-11,scientific_cache,138834,95802,1703447,1918960,9c0a09143ca91b8fa30977932c7ba723b2fc7d8593b001331faefd2aaaa49cf2,df514e9d95953599784100da39c85bef73f2069acc31ed905bffe539af407058,2457a7f5f20dc552bbe9479d9c8769e38256c209ff699f00b2b4690287bc6cc7
PKNORLEN,2017-01-12,scientific_cache,123341,84159,1624116,1805351,20f76166471bc22f36740211b3f40575362048681fcfe2a67e73cf4dc05339e2,3a354fd0e72697fc9429fc7149ee81cd03fdde57ac1af6277341c6cf6b44d5f4,2457a7f5f20dc552bbe9479d9c8769e38256c209ff699f00b2b4690287bc6cc7
PKNORLEN,2017-01-13,scientific_cache,90863,58692,1139265,1199784,1c3bc142555c254298b29ed83a1088fae76dce1f01f2550f3247d444b458c608,7a2bf7b18022d9dc2957266dae7a1f08c4c09216f650cfa4bb0e418231f37e8c,2457a7f5f20dc552bbe9479d9c8769e38256c209ff699f00b2b4690287bc6cc7
PKNORLEN,2017-01-16,scientific_cache,103206,69830,1319445,1378230,8cf10dec41abb3931553c6532d1d1bafdebd9148cc17b044bd07c2f4f90567b0,36e7150394a4702fff9cd6ef3da614d2eb76001cf999689f83f51358d30677ba,2457a7f5f20dc552bbe9479d9c8769e38256c209ff699f00b2b4690287bc6cc7
PKNORLEN,2017-01-17,scientific_cache,91931,58309,1105394,1179617,6b3853212e7c5d9d3827936ed9b85578d84d07e52aff9f3dd5a05f3670ff29ca,d43599f2ca31c9f58a6e8b4805430c0734aecf900f322ed3732b4d7ca347b652,2457a7f5f20dc552bbe9479d9c8769e38256c209ff699f00b2b4690287bc6cc7
PKNORLEN,2017-01-18,scientific_cache,86981,57779,1119967,1204223,f640d345925fd66532e5159a606bbda0279de13d5db2316cfeea8429e218b864,0f2b73368746c91547721e75d68f40028a1248b12a502e964f036e75ad54bb2a,2457a7f5f20dc552bbe9479d9c8769e38256c209ff699f00b2b4690287bc6cc7
PKNORLEN,2017-01-19,scientific_cache,46683,30940,571917,636380,8f52071bb38c6973dc9a65a08f6c85aa7b24f8f1c5a7f8f63c72e8af3dde475b,10fd78464fda05b0aeaeb80a9f695b7e49deb78c1ea8d3ccd47f05395456b74f,2457a7f5f20dc552bbe9479d9c8769e38256c209ff699f00b2b4690287bc6cc7
PKNORLEN,2017-01-20,scientific_cache,209130,182134,3345076,3781327,f82f30943646cd075ee9b7eb055f2b73c21dc569a7e7b7d94e6e4e0f1cd3cbf9,3188f374cfe4543dd8274b7f8e420e8c36e27bfb02e4076cae12692c1e63c4f9,2457a7f5f20dc552bbe9479d9c8769e38256c209ff699f00b2b4690287bc6cc7
PKNORLEN,2017-01-23,scientific_cache,85990,49655,1006123,1198818,2039fcf667bc6fe77e7ea37f30bdf15a9b835dfdc0e551dfeeff466d89d2e86a,b74940b1eeb1598ecabd810803f77705ec05c8899f201c46c35884bc5f8e453c,2457a7f5f20dc552bbe9479d9c8769e38256c209ff699f00b2b4690287bc6cc7
PKNORLEN,2017-01-24,scientific_cache,103103,58127,1043629,1290716,a1c406a413cfa4c5f2787056684876d5df68b487fbff59fa5b55763380eb423f,32be959b07563163e4939b723dc4aa775bd3751d67d4a2ee07d601e2d46aa48b,2457a7f5f20dc552bbe9479d9c8769e38256c209ff699f00b2b4690287bc6cc7
PKNORLEN,2017-01-25,scientific_cache,109808,68661,1263000,1514906,817d52dc1688135a3146777bbc09f7f8506a6d339d7cdc9bbebabf13331f3643,764dc27e721089f582291f0829f7c7a26560c909343161f59263cd13bb6eb1ad,2457a7f5f20dc552bbe9479d9c8769e38256c209ff699f00b2b4690287bc6cc7
PKNORLEN,2017-01-26,scientific_cache,119636,77304,1355620,1588610,5695982340f2da6cf99a44e90254f9d02e0d4786421ba4b119f1cf17305d0251,c00bf6e807929899ce2f53c343f1eb020132421832c51b507862e89190ece2be,2457a7f5f20dc552bbe9479d9c8769e38256c209ff699f00b2b4690287bc6cc7
PKNORLEN,2017-01-27,scientific_cache,72390,50392,869887,951571,103a12921dafcfcfd311c8ec74c3c3fba43fc05aababc940cdfd4f03777c5d4e,89d8aa8346b4186986a90eba86f07d6d7b2a9ede617acd8375d6b822d1b6b014,2457a7f5f20dc552bbe9479d9c8769e38256c209ff699f00b2b4690287bc6cc7
PKNORLEN,2017-01-30,scientific_cache,82736,55081,983476,1014022,bc7a31691795c5529ec9f94ae97a41321ac7438d1136d1310be8e910ce0fe164,a01c1b88761dcc6c038dbea0639dcc2f0fca13309eeb56863ba719c5c0c5f082,2457a7f5f20dc552bbe9479d9c8769e38256c209ff699f00b2b4690287bc6cc7
PKNORLEN,2017-01-31,scientific_cache,55958,34933,594164,666599,225b67fbb72793399fd83cc55c0ab817f8021f7f0d65747d39b228e9d0a6d519,58e04b934320ba47c1acc6a26c28ed2fb8288039c3614e43abbeb5ac0eda16f9,2457a7f5f20dc552bbe9479d9c8769e38256c209ff699f00b2b4690287bc6cc7
PKNORLEN,2017-02-01,scientific_cache,89811,55314,1128262,1206021,7e70a5fdf9f013b4580dbe301c5d7e1931bb90465c9f0ef806970098900f19c6,5683694400dca6e303515e39c0fe6704a3df2ba1961961baeeae5db12545d11b,2457a7f5f20dc552bbe9479d9c8769e38256c209ff699f00b2b4690287bc6cc7
PKNORLEN,2017-02-02,scientific_cache,66347,40011,689527,808198,dbb7c6993ecbc6b226b0178b08d18b43aa6e0caaf9bc037ebc680ab725efa1ea,5e52a7f0a81ca754cdf217a6fee4b7fcd58632517efad6a4b1540b2fca009ea1,2457a7f5f20dc552bbe9479d9c8769e38256c209ff699f00b2b4690287bc6cc7
PKNORLEN,2017-02-03,scientific_cache,71915,44140,753865,836559,71cd4ade7a0bc9efcb60f495beb61ababd541419e72c26f763464ce346988989,4fdb342c2d2503a6b53a66d0c1a88efa4e0b108a084f1f2aa2a91c3ea53b6ab9,2457a7f5f20dc552bbe9479d9c8769e38256c209ff699f00b2b4690287bc6cc7
PKNORLEN,2017-02-06,scientific_cache,99152,68793,1234382,1361252,42dc454d53083091f955b85e93ab7b9d33a6e4127fff3e630a4f1a0506832b49,b3a70437bec420c1511f0c264d7bb2890e7ab0089fb318c9cf048c360854113f,2457a7f5f20dc552bbe9479d9c8769e38256c209ff699f00b2b4690287bc6cc7
PKNORLEN,2017-02-07,scientific_cache,85683,62041,1096221,1221115,cabb1191e38035939fedd838112627f86800ee6e39054c2a66f48b44ba308776,43c703fc2c9502298e44ddf01cd1b6490becd7125014c79a2007d754cba4fcbc,2457a7f5f20dc552bbe9479d9c8769e38256c209ff699f00b2b4690287bc6cc7
PKNORLEN,2017-02-08,scientific_cache,59749,40065,679534,767744,18a9e5411ad089c2a9c14cc2469405a3f48b82d33992c5aa14e12e21d8834965,0fc47c7a909cd693f3636b39bf2e1d32b051e7674713a24e7930fe3556f0a2e7,2457a7f5f20dc552bbe9479d9c8769e38256c209ff699f00b2b4690287bc6cc7
PKNORLEN,2017-02-09,scientific_cache,138395,95880,1843552,1998578,44cfd5f8cd7d1aefbc45f1021b3aa66080d2bef555a407300d2f9def7206d571,49af72e4dbdaee330abda90312908a7f5cb546853a140e038468c8e0d2562342,2457a7f5f20dc552bbe9479d9c8769e38256c209ff699f00b2b4690287bc6cc7
PKNORLEN,2017-02-10,scientific_cache,121735,76047,1409150,1520208,054d85e8deaba9532ca1c0b39ade615421fb6433af5f3c64280d209a21ddb0f6,b8014103ba34bcf4a5810da92b1f2bd7e23a941e9bd047b43e3c842f6f09e563,2457a7f5f20dc552bbe9479d9c8769e38256c209ff699f00b2b4690287bc6cc7
PKNORLEN,2017-02-13,scientific_cache,86817,60049,1129830,1100541,3ce9d1d73db7b4902fd586eaa9ffb763605f0cbbed38266822ca2775d99658a6,dc4b85108da37395cdb1332cbaca43815e5b3c170fc147503db95559338ba188,2457a7f5f20dc552bbe9479d9c8769e38256c209ff699f00b2b4690287bc6cc7
PKNORLEN,2017-02-14,scientific_cache,148766,104601,1869451,1962060,b6fbb6007c4c73e0659ec0f53e266d635a9ae83b7c88943480f222e4a627b25e,648c7815c0a083c6b375d4adab948f043662058c42d488d505ade7cfa611537c,2457a7f5f20dc552bbe9479d9c8769e38256c209ff699f00b2b4690287bc6cc7
PKNORLEN,2017-02-15,scientific_cache,169033,131985,2317067,2435964,13026ec0db14e1ec528c9b80f348f4a814dd5271b86d735cb3bddb0778c8ca79,c85dcb1f0c4a474c51044b28480e3ca7ff1fbcd141c6b1320ff1c945bfda7408,2457a7f5f20dc552bbe9479d9c8769e38256c209ff699f00b2b4690287bc6cc7
PKNORLEN,2017-02-16,scientific_cache,240958,182356,3336993,3600077,73d4b5622c7ea466bd07ec036ed1cc2eb400b3d7bb4efead9662785635623f3d,7dec749f8b425c29af8c4a98be90ea696fb03c5aaf562693c00e13e3cb7dd797,2457a7f5f20dc552bbe9479d9c8769e38256c209ff699f00b2b4690287bc6cc7
PKNORLEN,2017-02-17,scientific_cache,252507,180629,3275252,3429320,d30ea3191a71e8055dbdae940101a9880ec45871c2e504e49fb9fcd7430ee2ab,114f4a1a8b963fc0882ca1e71ffa09376206996b99ef0cd3cbe69db2ad6cafc4,2457a7f5f20dc552bbe9479d9c8769e38256c209ff699f00b2b4690287bc6cc7
PKNORLEN,2017-02-20,scientific_cache,100259,70271,1477285,1485949,0353f3528401b3c03d8484a931b8199f9ab82365c62f11dff950f7fea8745261,82bfba0f194be7da6b4e5f311c254b3fdd2111a834da0c3fee51270ab3bcc002,2457a7f5f20dc552bbe9479d9c8769e38256c209ff699f00b2b4690287bc6cc7
PKNORLEN,2017-02-21,scientific_cache,137758,107196,2024050,2071188,652e98a0f53b10fa12b1550c72f508c3af748afbed1a8ffde64b088f5f9b5787,f5346c4fe31816a051463ea5a3ac964ce2be95be58222ee61a6072f1311d39d8,2457a7f5f20dc552bbe9479d9c8769e38256c209ff699f00b2b4690287bc6cc7
PKNORLEN,2017-02-22,scientific_cache,123308,85324,1818190,1905698,9c2fd82f331079011d1eb75600c458194cd8ebfde48ebf1ca8325965f1953ed4,9d999df37fb847b21862d97affbbe3130ebf800852a5b5c12c4f5db7125ff948,2457a7f5f20dc552bbe9479d9c8769e38256c209ff699f00b2b4690287bc6cc7
PKNORLEN,2017-02-23,scientific_cache,154961,107119,1938310,2006262,c94b1da329cd4319a5b504c35bc2145f8d05802a8a450284cd1187e40418b2f0,4c129f7392ec97afd62c17f78ea8445f194fecc59f407ba6ef8bb037def9fb2e,2457a7f5f20dc552bbe9479d9c8769e38256c209ff699f00b2b4690287bc6cc7
PKNORLEN,2017-02-24,scientific_cache,171378,130318,2460891,2547927,164b2a76c0b3a2833095cc485bcd0ce2010efe4612551d1c9f574364bc68eac9,875254a82e4f5839db9f367b6ed36f29ccec9926f4183b5e417e2b78bb6bddbf,2457a7f5f20dc552bbe9479d9c8769e38256c209ff699f00b2b4690287bc6cc7
PKNORLEN,2017-02-27,scientific_cache,143181,103128,1869542,1884890,ba81bbe68766ce10ec58b43631a85e7c44862dc69a4aef22463eb5457a7f49ab,48f3a1705287490862e37a8096e8726f3ce9fde9760493b1adb2368109ba5813,2457a7f5f20dc552bbe9479d9c8769e38256c209ff699f00b2b4690287bc6cc7
PKNORLEN,2017-02-28,scientific_cache,84640,60924,1082711,1133975,948e11904781de9172ebaee62d9c89892d144e44ece281f755841bbd3465a35c,534b1bc343e421d5d98081e45221c34e554217f6f122c04e023b44f09729152e,2457a7f5f20dc552bbe9479d9c8769e38256c209ff699f00b2b4690287bc6cc7
PKNORLEN,2017-03-01,scientific_cache,180041,122974,2174795,2262545,585ed459ded066464ae99143fe1283e56991f12c800691f793cde58d93589cf0,dc97c129fa1fb19451bcc8ad491e14b740a81d44ee0c9da1e2535126362c987d,2457a7f5f20dc552bbe9479d9c8769e38256c209ff699f00b2b4690287bc6cc7
PKNORLEN,2017-03-02,scientific_cache,160127,83110,1466162,1536927,5dce39944fa14a8b0b857bb7057da14c475dfc7e88467be9a156f609a5cbd87a,e5722f26c5ed95a17a4f0b97b7d4c2c465cbcf5236ce5be5328ce1043afa7bcb,2457a7f5f20dc552bbe9479d9c8769e38256c209ff699f00b2b4690287bc6cc7
PKNORLEN,2017-03-03,scientific_cache,344585,273604,4377034,4029201,5095b5ea8fc458ffed26ec67b18c7868cd481ffb1f5d6c0e183a85c935aea840,e2428dc5672595724d7f86b6d146756118f49edf0da76f5773f4004be4f42f86,2457a7f5f20dc552bbe9479d9c8769e38256c209ff699f00b2b4690287bc6cc7
PKNORLEN,2017-03-06,scientific_cache,187229,102689,1705595,1677767,8a8566e8d52cf4a0e902ca929c796a9b81b01dbaac0fde2f824a1ccf03f044a7,bdf20b2724918bfea7fa3af15e9a3eeb7c51414b41520068725d00f335a3a3a6,2457a7f5f20dc552bbe9479d9c8769e38256c209ff699f00b2b4690287bc6cc7
PKNORLEN,2017-03-07,scientific_cache,242780,168537,2798220,2948347,2e5a9644700b0a47c2cab524671787adf33510b8f8c811367fc3054bba523e5e,7cd2584ac65868b2684755333024490d5c5baaabc139453474cc78b5f6eca5e0,2457a7f5f20dc552bbe9479d9c8769e38256c209ff699f00b2b4690287bc6cc7
PKNORLEN,2017-03-08,scientific_cache,154307,106932,1786728,1874071,94f68a46da0759a78015e412f47f9cfc1b6c46fea354068b4c3fe5fa4e65991d,605119cbfe44bcafc8f41c4751f230887afd9dd4351ea773ba096a75b187b0c6,2457a7f5f20dc552bbe9479d9c8769e38256c209ff699f00b2b4690287bc6cc7
PKNORLEN,2017-03-09,scientific_cache,116649,70314,1216382,1369028,a0f2650e389a73003594f238f33e517bbd240050e06d2f744c3849722a2c8dfb,f25cedf51064d3e47ee20f387ae53ce468052b27ba5da698ed78ca028f4164d3,2457a7f5f20dc552bbe9479d9c8769e38256c209ff699f00b2b4690287bc6cc7
PKNORLEN,2017-03-10,scientific_cache,108124,74798,1422688,1575649,e5424369079befe6b03619a49797bd3ef2b572aee63df03c13c7ec2f1de5822f,acbe791bfebe1422e2c96242316fe4c46e79de30b71bc8b8203563637ecb34fa,2457a7f5f20dc552bbe9479d9c8769e38256c209ff699f00b2b4690287bc6cc7
PKNORLEN,2017-03-13,scientific_cache,76480,44209,729328,826937,6022ecedbb744a22238c4885b01b1a43e460f6fbff3ac94cd0f41e25b5488f7c,324a3102334157367f77e0ce94dae3ab9b9b70d10dcffa5ba56b14564fe85724,2457a7f5f20dc552bbe9479d9c8769e38256c209ff699f00b2b4690287bc6cc7
PKNORLEN,2017-03-14,scientific_cache,105690,74515,1268203,1569640,2b17e048ec38c1a8fdc1965cd422ff08ff5300724ceae38055ace689c6f0599f,40eddf5565ab1f9b5f6f41ece0ca26f119e93da21ddfd6119a3ae8b1d789a538,2457a7f5f20dc552bbe9479d9c8769e38256c209ff699f00b2b4690287bc6cc7
PKNORLEN,2017-03-15,scientific_cache,76355,50106,968768,1116847,e1d9ab5a3cbcc89b09bdefe646cf69c6f3fc958fe51dad1872d0deab5e5f2766,5c442e03e16071f97c99163e47459b2a80f3432b7c4c78024992d79fa5db6858,2457a7f5f20dc552bbe9479d9c8769e38256c209ff699f00b2b4690287bc6cc7
PKNORLEN,2017-03-16,scientific_cache,60044,42249,754283,925312,156bfd1fd51ca6dc71411cb9422864f13f9672aa06149e7e36b93b6a27fa0166,25db35aa9a4c20ffea97055b370e6b4e42ec50892b65a267cacf4e35961bd244,2457a7f5f20dc552bbe9479d9c8769e38256c209ff699f00b2b4690287bc6cc7
PKNORLEN,2017-03-17,scientific_cache,100831,65060,1131173,1473288,fdf65fa687492f01ca8787854e6eb4aac1ccd3798189b868c778ba49b2e5579d,82f65094b6493c6f78f9337f3a64c0df5bcddd2306b82af9cb056a9205f63c1e,2457a7f5f20dc552bbe9479d9c8769e38256c209ff699f00b2b4690287bc6cc7
PKNORLEN,2017-03-20,scientific_cache,46607,33113,572567,708551,2155b77d687d21508749e4734d9d475b18ee357820677448bcd1d4d4ec03f02e,91e201e31cc85c81e832672480582465b6fa5ec04d6e8cc8557f4d1c019e3e7c,2457a7f5f20dc552bbe9479d9c8769e38256c209ff699f00b2b4690287bc6cc7
PKNORLEN,2017-03-21,scientific_cache,63313,34705,670649,853359,ab22c85161fae364cd9bdc01f298d8290919c717a2ecd694117f1a57a3934446,ca56eb92f8a4108605919b78014b214d2678c0d465623a6f7341e8a6e0331a40,2457a7f5f20dc552bbe9479d9c8769e38256c209ff699f00b2b4690287bc6cc7
PKNORLEN,2017-03-22,scientific_cache,67168,42920,864689,1072650,33001f445a6d05345f34bc65071e25e04315ca2a6831cfd0836b83880225fd85,8ac055c8ed59e0ad894758c11766119719f226131b082016f153152d8a071d4b,2457a7f5f20dc552bbe9479d9c8769e38256c209ff699f00b2b4690287bc6cc7
PKNORLEN,2017-03-23,scientific_cache,64503,45495,786443,1032230,1826a21525a0ea3ec0d070aeb9989e1db0775c4b065809d439911fc17f08fbbb,32b86236d730b0f721d4a0faa321c9c7c13f1835d9c3d14f619b9eabc2b291bd,2457a7f5f20dc552bbe9479d9c8769e38256c209ff699f00b2b4690287bc6cc7
PKNORLEN,2017-03-24,scientific_cache,45967,33922,721699,883855,616d5180900bcee9ce8307be3d05dc9daeebc393a8476fcccac4600a86ef089e,a8a5d69ea4af5d2df0c2c0e77a06374d1cfe89f3f20a9759461e6e77ae7d327e,2457a7f5f20dc552bbe9479d9c8769e38256c209ff699f00b2b4690287bc6cc7
PKNORLEN,2017-03-27,scientific_cache,63406,49563,936120,1074858,7ebbc70776c6f5ccee937b47090c28b3df6a0a10db010897a19d1bcf6ee0f87f,5b10725c33b1d103147b6422e626877d4682efc8dd07f176926be25c755efc8a,2457a7f5f20dc552bbe9479d9c8769e38256c209ff699f00b2b4690287bc6cc7
PKNORLEN,2017-03-28,scientific_cache,38350,20827,405436,459930,2a5d3584b81aab2d76eb6374b9efc7ca44842667ab16318591d88108b4416228,f6ca8f1fac4a95a28625c15d019531bdfa2f245655f8b7f4507d3418725f380b,2457a7f5f20dc552bbe9479d9c8769e38256c209ff699f00b2b4690287bc6cc7
PKNORLEN,2017-03-29,scientific_cache,69292,55991,1080737,1270835,a93164ac8c005cb7630aef28fd1def65e2162acef8dd2e274ca666ff4b1839cc,ceeaa370b0e2ae47c610b39ac39af1fedfa72e83192295f6b81bd8dff162e03d,2457a7f5f20dc552bbe9479d9c8769e38256c209ff699f00b2b4690287bc6cc7
PKNORLEN,2017-03-30,scientific_cache,58328,41825,725108,955876,b821f6818989007db135133db305091e8ff3179bb1e3fd902f8ee8390ddd4438,a3c7bb4d487b7226ce87813635b641f2e8bc9deabb4dac2991de166dd24ce4d0,2457a7f5f20dc552bbe9479d9c8769e38256c209ff699f00b2b4690287bc6cc7
PKNORLEN,2017-03-31,scientific_cache,47978,30821,562434,739072,b4f5333c4f5d50eed205acb1815d0d4791beaa5f8700254e8afb59a8ef62b6e6,adb500f4d723f1ef775301726099854c26242e6b67a139aab5171cdbd50080e4,2457a7f5f20dc552bbe9479d9c8769e38256c209ff699f00b2b4690287bc6cc7
PKNORLEN,2017-04-03,scientific_cache,59878,35945,668904,799690,307834752463e122ced71b5853dc361a671c147f921dbe852db0c1e7ab1d4e68,8b5e27401a8249b50b7713fb6a43537e116dc6ec3d6474deecf1684e7a8ce16a,2457a7f5f20dc552bbe9479d9c8769e38256c209ff699f00b2b4690287bc6cc7
PKNORLEN,2017-04-04,scientific_cache,61006,36569,667969,816054,fb10a49f435481527b606fd83fba983cf6d5cde0c58c4d19c61902e43fa69fab,ae1b6db9cf4fc142893b2228af62e912de0a0b7c3e1e3917fa6c18926155563e,2457a7f5f20dc552bbe9479d9c8769e38256c209ff699f00b2b4690287bc6cc7
PKNORLEN,2017-04-05,scientific_cache,50204,35595,627333,817464,d992901f66e56609c8231bde5d9db8e29785274ef13c9800d4e028d72416800f,ca885cee8b4f6564b9502438e1679832689b91deda75f01c4bfc635d1c2aea66,2457a7f5f20dc552bbe9479d9c8769e38256c209ff699f00b2b4690287bc6cc7
PKNORLEN,2017-04-06,scientific_cache,73708,48851,916518,1188629,85361dd4fec5a09cd88059418ec480ca2c85a7061efb5ee09a811aed4a9037b0,097ea2671a6f0858996fdb565934b33f5e0ec01d53f0c61035d221deed6924f0,2457a7f5f20dc552bbe9479d9c8769e38256c209ff699f00b2b4690287bc6cc7
PKNORLEN,2017-04-07,scientific_cache,68758,46112,814545,1031737,8f126c036aa7bf61232facbd88a8ca66d71dfac8bac9a6a91332c5c765dd92e1,97d1c91f1ef8c78245993972e62ed2b6542223f932ce4c51027dcca0315d6782,2457a7f5f20dc552bbe9479d9c8769e38256c209ff699f00b2b4690287bc6cc7
PKNORLEN,2017-04-10,scientific_cache,59448,41423,816336,996752,0366399a1a24df8947e6d2b326f78b12315f9fd4d0d55d6a288c891c3f322b9a,f50654593cf0026b3d42f89977ecd22787354f176584ddaf146d4290c84fab1b,2457a7f5f20dc552bbe9479d9c8769e38256c209ff699f00b2b4690287bc6cc7
PKNORLEN,2017-04-11,scientific_cache,60417,33054,543079,680265,f8c58121024e223964cfd98651e78f13c6085d71ee5101285c37ad7f6d59f732,738d02f77a667fd37d42ee0a90dd8133fe28fa8f17332907520bf734369d4249,2457a7f5f20dc552bbe9479d9c8769e38256c209ff699f00b2b4690287bc6cc7
PKNORLEN,2017-04-12,scientific_cache,58991,37775,708015,918917,af391ac2b78791b45ea923df90d6809d000b93ad78ce9c4dd5f4fe56e9536283,3b2b516067a8454040dfa149319c6092c951c49a10b5f09b7aae12c6ab373fdb,2457a7f5f20dc552bbe9479d9c8769e38256c209ff699f00b2b4690287bc6cc7
PKNORLEN,2017-04-13,scientific_cache,47607,34463,697092,848729,cbed426766cf9f7121e8244e27a77c31fb7b3f2e5727b62d6d26dbbb4252b3f5,087c2b23d7ec54900dde827cdaf70201dbe0cfae9e339c1aa3521d48d7df6977,2457a7f5f20dc552bbe9479d9c8769e38256c209ff699f00b2b4690287bc6cc7
PKNORLEN,2017-04-18,scientific_cache,33808,15474,251780,364280,80124b2f2eb1b30894c9c4e0f2218dea565dbd353268da48b5199844132ee478,7c41d1c99bc3599df87e47da5c62be7604931cbcf318bcc30f925e08a67b15cd,2457a7f5f20dc552bbe9479d9c8769e38256c209ff699f00b2b4690287bc6cc7
PKNORLEN,2017-04-19,scientific_cache,35508,26091,440425,630500,972f7749befce341ec7a9bfe3dd717240c6ffaab957c12512013adaf86ed8faf,202513cdd310758116331ba95513a2abc55bc4c89ffdba921e5df7e2b104ab22,2457a7f5f20dc552bbe9479d9c8769e38256c209ff699f00b2b4690287bc6cc7
PKNORLEN,2017-04-20,scientific_cache,37481,26120,433928,575621,2002934dc413b54067aa85b34ded6cc72d97f7899f37edce34c3abaefa12125a,990aec1948d46f074bfeb075d5dbea23d0059f86aa1f22f6fb21b6613fb88a2a,2457a7f5f20dc552bbe9479d9c8769e38256c209ff699f00b2b4690287bc6cc7
PKNORLEN,2017-04-21,scientific_cache,30078,16173,261268,357470,d0386b41d45e7089e33e64a03c764e3523f24981d12daaeca9c6058c49ce0eb8,1bd343f51a74b1cd9c92e8c9a5476d2650f3c678b2b516833f27b01aa8f7326c,2457a7f5f20dc552bbe9479d9c8769e38256c209ff699f00b2b4690287bc6cc7
PKNORLEN,2017-04-24,scientific_cache,59633,39563,728500,878368,d28be305612dec90724050040424cb608e20dabbe77ee2681c2d426577f74e69,98733b2c1145638392e410684a6fa5117c7908195ef05b74c89f0d70797c028a,2457a7f5f20dc552bbe9479d9c8769e38256c209ff699f00b2b4690287bc6cc7
PKNORLEN,2017-04-25,scientific_cache,48611,32982,531303,747625,147ce494ee99736cb4be791ae781d732e412dcde48c99a46ee4a48d956485b1e,0b40fe68174d924438e5318b77a7ea281be94a5a307be3746752ddc78d58fe38,2457a7f5f20dc552bbe9479d9c8769e38256c209ff699f00b2b4690287bc6cc7
PKNORLEN,2017-04-26,scientific_cache,78777,53405,880425,1140410,c84b1288701adf6114ccd9f0797aca30338b08074b2313a04568901f32eed4e1,eeac9bc2a17ab22ea55687c8e0b8fcb653297d76648973065f143a02a3d8d5df,2457a7f5f20dc552bbe9479d9c8769e38256c209ff699f00b2b4690287bc6cc7
PKNORLEN,2017-04-27,scientific_cache,118879,84718,1466555,1745923,6540d96f1a9161dc7227170d43cdfcaab96722058c8fc6b13c00914e30908e03,41c7cc18a98f663ceec9d0c22dd4d73fb5730ba0873562c8aefbf8b7fa548ea7,2457a7f5f20dc552bbe9479d9c8769e38256c209ff699f00b2b4690287bc6cc7
PKNORLEN,2017-04-28,scientific_cache,48641,31993,556680,705816,862e4d5261dcd8edeaa97d0adba35be222b052d30a286e2b0c9f2fcd706b946c,b642ac3b90ac8c55994acd7a719b0e62fe7dd3b0882b7676f3326e9a2aa82619,2457a7f5f20dc552bbe9479d9c8769e38256c209ff699f00b2b4690287bc6cc7
PKNORLEN,2017-05-02,scientific_cache,50780,29759,512688,693183,b3ef11e70e5f6c0190a6582b70dda49a7c93587816e63e72ded9102be3145b83,888651aa400f13125e1226f81416911825480a3b299c359a635d308c8f512326,2457a7f5f20dc552bbe9479d9c8769e38256c209ff699f00b2b4690287bc6cc7
PKNORLEN,2017-05-04,scientific_cache,80973,52896,975521,1316089,88cb30104faa35cf6103749fa4aa432fb47bb2f28a3d80a925db816e555ad8e5,acabeec4d37c1872a7b79058f7ed6ea37a23724b0a5dac5abd7a08a7574d7431,2457a7f5f20dc552bbe9479d9c8769e38256c209ff699f00b2b4690287bc6cc7
PKNORLEN,2017-05-05,scientific_cache,48457,26375,432015,561842,9d39eb95155500ae5d6ac9e0ce063bef0e277d70736bb8df7eac10c3cde885ff,5b7a3ae75ed44af8e32ecf47bad3738b4158a6343cd04f98e2f940b8480a6f06,2457a7f5f20dc552bbe9479d9c8769e38256c209ff699f00b2b4690287bc6cc7
PKNORLEN,2017-05-08,scientific_cache,59485,36062,596570,768389,e7bf05e5cd82c214d50a9bb14d04a5014158dd9f86404430cd88463bbd1eca0e,98aba1dd6bedb710c2a245256795c54a999d65f5eb4273d643b838349c47b834,2457a7f5f20dc552bbe9479d9c8769e38256c209ff699f00b2b4690287bc6cc7
PKNORLEN,2017-05-09,scientific_cache,81589,58442,935827,1207431,94bb655ee6e93b7f79ffe47ab66c9d5421e91913e060d8537b72e1a76b37964e,a0592f8720dbd4f4c0eb1cdc51150c5fcef0c5cc6064349b7a9b1cc2ebcf7dac,2457a7f5f20dc552bbe9479d9c8769e38256c209ff699f00b2b4690287bc6cc7
PKNORLEN,2017-05-10,scientific_cache,59746,40630,772908,1005523,ad2f2f84bcc7a83523156d5bdb6721f601ff0f0deee73b17cfc9e82a23c7dc55,a981620153d45312e6c244268db32fe88583a7f818102304409cda9557636c13,2457a7f5f20dc552bbe9479d9c8769e38256c209ff699f00b2b4690287bc6cc7
PKNORLEN,2017-05-11,scientific_cache,95057,57710,941068,1224684,f30ae42c891c56155148e60929658d15bc8be3d185ff86903ce2cac36791010d,17facd4fdf5672b906bb6fbbc558b3fb86f93635badc2fb88d777b5fda2d488d,2457a7f5f20dc552bbe9479d9c8769e38256c209ff699f00b2b4690287bc6cc7
PKNORLEN,2017-05-12,scientific_cache,57753,32464,514651,665972,a9a47f17448d98be5ad200a91a1fe660ca53a324132581a2102fe8680cae0fb7,ea960f60db8e35d6d3bce7ce2fb0eb298a07d40eb5abb8b5477b0dc1777802ad,2457a7f5f20dc552bbe9479d9c8769e38256c209ff699f00b2b4690287bc6cc7
PKNORLEN,2017-05-15,scientific_cache,41897,26728,433078,569759,234e4516d9b7715cc206ead4b3cb579857645dd49b5307d166d9ed59e8645672,391fe5548c42b909a32474da83b95b749af80312aa996ccac5cc0567e5175fff,2457a7f5f20dc552bbe9479d9c8769e38256c209ff699f00b2b4690287bc6cc7
PKNORLEN,2017-05-16,scientific_cache,117587,87013,1411242,1842862,06e720ad4b0f08b0d0281b9a881389582d7f6676d6a9181d4f5fa5068c7f3240,e49c7d37a462f8e860c290bb1bdab634348405fe6384b5b7e04de51ce54bef2a,2457a7f5f20dc552bbe9479d9c8769e38256c209ff699f00b2b4690287bc6cc7
PKNORLEN,2017-05-17,scientific_cache,90520,63073,1030239,1421038,0d4822aa7f10793968126f3774f86009a1b72185a622eba731f1d4b80ca8cf96,c41cb88f4f9d7ea7a3688648abcc0eafa37e3cc01f0a9ad475f3020ea5a079c9,2457a7f5f20dc552bbe9479d9c8769e38256c209ff699f00b2b4690287bc6cc7
PKNORLEN,2017-05-18,scientific_cache,109030,70444,1354199,1565627,d7e44b7471a19deb8606c1bc30372d771299602c9b48342e12922393b7b6523e,172aec3d279ed6949f03d751969aa26e95c6af1162f774fe71da73cf96f0abbe,2457a7f5f20dc552bbe9479d9c8769e38256c209ff699f00b2b4690287bc6cc7
PKNORLEN,2017-05-19,scientific_cache,88245,53614,1025378,1280599,4bf81fb2a5790fa7a34b12fb32bd150e7af619c121fca61989e3af895b62c07d,1c97c6a058ef7b89e73fc5daae7aea82ba539e0e46a95f795204451c830656f3,2457a7f5f20dc552bbe9479d9c8769e38256c209ff699f00b2b4690287bc6cc7
PKNORLEN,2017-05-22,scientific_cache,94335,65309,1190722,1304453,2290ad419ce5851df7951ab922e75ea3f3660e5f77a9fdf6d80252e27f1d706f,4ce7bb70e1a970dc3e9fb5f1dde601bb566203d5f572a3b90be78ea2e53dd38a,2457a7f5f20dc552bbe9479d9c8769e38256c209ff699f00b2b4690287bc6cc7
PKNORLEN,2017-05-23,scientific_cache,107074,86149,1489343,1739626,23a92ea8251a06128712f32ea5db00e0e83193082b1515e6c66983e575cff4fe,69c55874870c233a75690c8273c8fbf1d798d444fa4aa6550005cb135a2ea249,2457a7f5f20dc552bbe9479d9c8769e38256c209ff699f00b2b4690287bc6cc7
PKNORLEN,2017-05-24,scientific_cache,110617,72607,1265273,1562879,c850453fa73cd6f9157abd15665f16e9faf5bd62194aeddf85a443815f43de96,96281d96a545256aa3cd2f805b1fa393b79a03fe4521c3a34c872fd2173bb7d4,2457a7f5f20dc552bbe9479d9c8769e38256c209ff699f00b2b4690287bc6cc7
PKNORLEN,2017-05-25,scientific_cache,100133,57036,964019,1143066,7f5a7f9b6604c5c00ea0b5429337951791d9f67b7861e60971adc93d80c441d9,3f94d3295e8576326534066ff7e4de54e5536641227c16331f2901a7c5db2b3a,2457a7f5f20dc552bbe9479d9c8769e38256c209ff699f00b2b4690287bc6cc7
PKNORLEN,2017-05-26,scientific_cache,66518,39756,758357,955903,b5c48eb77d22d6c2c5ffa4838588334951b564d049876929e884363ad0668233,35c025fa4575d91da907054da10b185f4034eaf5fed41e75631ecc4ec31c0190,2457a7f5f20dc552bbe9479d9c8769e38256c209ff699f00b2b4690287bc6cc7
PKNORLEN,2017-05-29,scientific_cache,32661,20147,339803,430685,50528df25a80c2d7ca1d69b9166c0e1a9ade9ed5ba972b8c9ef6abced2b44882,d8a7d297b34e16f041c1eccc509bf16cf65fb27d54885f8b40960141ab6e9e6b,2457a7f5f20dc552bbe9479d9c8769e38256c209ff699f00b2b4690287bc6cc7
PKNORLEN,2017-05-30,scientific_cache,67631,39357,698867,870523,f0b21b76078b833c77c8b303117c46afdeeb63d1128c67cd2b8d6e707813ad3c,a96bf74bf90456bf444c6c49143b067d82b11513a00ba3b0087fbb227bc38398,2457a7f5f20dc552bbe9479d9c8769e38256c209ff699f00b2b4690287bc6cc7
PKNORLEN,2017-05-31,scientific_cache,76172,53480,1015694,1249748,335dab9fc01bda3fc052f830ef55bd25988c826b6085c8f82ae50cd8c2e4a922,fbd3d02113ac5fb63f893fa1eed6ded72dd72e8885ff337dea8e5eb189773942,2457a7f5f20dc552bbe9479d9c8769e38256c209ff699f00b2b4690287bc6cc7
PKNORLEN,2017-06-01,scientific_cache,69689,42390,754851,929325,aef5d625394a05e2eb389b8ff81e23a25d3d3d1e8650ae92dec1d5a0e6f9c28b,e98ec2bc6573c9f0dd14097ebb5008ac1ca40878eb909efc263ae480e82ada76,2457a7f5f20dc552bbe9479d9c8769e38256c209ff699f00b2b4690287bc6cc7
PKNORLEN,2017-06-02,scientific_cache,44697,26724,433578,589930,65a8defaabdb1ecd68e9575f4c9ba9f6e3155a9d303b93c2ebf9b689ec20082b,650698071a70ea4f53ba84aae97a3090c3a7c61c57f13073e1e03f2ae6c8a5f3,2457a7f5f20dc552bbe9479d9c8769e38256c209ff699f00b2b4690287bc6cc7
PKNORLEN,2017-06-05,scientific_cache,51863,33049,550987,724232,2edb8d2f879c593538b0d219ccb97a1b5c2f41cbbdd33cdf93f5888a829ae186,55a4747683513834412679c996b418b89bd6be846166cfdf12075389de953061,2457a7f5f20dc552bbe9479d9c8769e38256c209ff699f00b2b4690287bc6cc7
PKNORLEN,2017-06-06,scientific_cache,68224,41887,807321,1019763,2ee6c157ac4bb9942353c5fdb5e9e3df51f597e5d06fcec95809aee7f7897b70,fe2f3b26711e43ded5c9cdb6420aa7b7b8e16ec4aeca069aec4899f07fd61d59,2457a7f5f20dc552bbe9479d9c8769e38256c209ff699f00b2b4690287bc6cc7
PKNORLEN,2017-06-07,scientific_cache,67847,39638,745500,976314,38d131bdc833c2d2d10d81824190d146dc1615d713d757c9b6be0a83964c57c7,f60377164d898f8696bc3ed95f5657289f8c648ad8c7732e3c0cdc29afbb9ff8,2457a7f5f20dc552bbe9479d9c8769e38256c209ff699f00b2b4690287bc6cc7
PKNORLEN,2017-06-08,scientific_cache,58713,38809,630184,877756,d7881cc467b079d71bb08fa5173c5d8a2a445591416dbbbf813bfa37293cafb8,8f77d8507872d020da3ca7803b2c380f74031bd5a581945f5b22f492d1d6c746,2457a7f5f20dc552bbe9479d9c8769e38256c209ff699f00b2b4690287bc6cc7
PKNORLEN,2017-06-09,scientific_cache,43607,28505,469797,654623,95b60b279e8b95a1a4f2ab1da251a6376aa3f81c2a8bbfac6886a518dcb7d519,d596c5a4c1e92b058d300659eb5be04b3d7ce121cc2f4531a8339a852100c9c6,2457a7f5f20dc552bbe9479d9c8769e38256c209ff699f00b2b4690287bc6cc7
PKNORLEN,2017-06-12,scientific_cache,56036,38433,785330,959827,2a65b7b2cd1538711165bb90577a6f80fc2e53634c2e421643ae731e868b1847,dbe02a2314d1e47b252aa476e84e7d0b42b236c725923aff2a1d9b1169a5bae3,2457a7f5f20dc552bbe9479d9c8769e38256c209ff699f00b2b4690287bc6cc7
PKNORLEN,2017-06-13,scientific_cache,77250,58784,991152,1272663,db1fcb9217da6562da04d0cdf0993c255b56062c5df10ad319854da51ea49369,4b981be480283dad98588c145276577819e34a12ccc3bab6d6f3fb5373752a2c,2457a7f5f20dc552bbe9479d9c8769e38256c209ff699f00b2b4690287bc6cc7
PKNORLEN,2017-06-14,scientific_cache,44987,28582,480578,676347,f172b48f70338a67413434263ce52d3104ceeb1d11a5b3ebcc4bc4836f733ad9,11e77b65ec034bb83854b5d770a9abd84f53cdf9bce9ef2c2c4f715fba62384c,2457a7f5f20dc552bbe9479d9c8769e38256c209ff699f00b2b4690287bc6cc7
PKNORLEN,2017-06-16,scientific_cache,78900,56909,990400,1302577,5b0f41b288235eac825306eaf71ca05422f76e0597677cceb0b6ea054472c045,c5a45e316e4383034175aa0f5a1772c083dc439e80cb3776e418e90736dae549,2457a7f5f20dc552bbe9479d9c8769e38256c209ff699f00b2b4690287bc6cc7
PKNORLEN,2017-06-19,scientific_cache,44821,27112,470212,592857,d58fd115082704a5fffb61efa80521ed087baf39c97b62cc1594499336738229,dcb60a132f0b95d6e127dce70896eba2c5d9dfbd3a7ac7f0e6f47148ab0badc7,2457a7f5f20dc552bbe9479d9c8769e38256c209ff699f00b2b4690287bc6cc7
PKNORLEN,2017-06-20,scientific_cache,44022,28651,497070,623534,a5bc12f7482a901547a20cae9aaab0ae6e5ef57991e6ebf030fb181bf5534de5,597ed68da7913c623e4afe63b1f9e6d10452b9198ef3d7d3fb159261f3a64d26,2457a7f5f20dc552bbe9479d9c8769e38256c209ff699f00b2b4690287bc6cc7
PKNORLEN,2017-06-21,scientific_cache,62913,36677,693106,919360,6da0c3be8e88e882b628ade1cf162e15a45473a01df82413854b941680dbacd6,eca26bacfcefcadab8a91ed49f6de79ef138f01105c2a50c78f500128068eb0d,2457a7f5f20dc552bbe9479d9c8769e38256c209ff699f00b2b4690287bc6cc7
PKNORLEN,2017-06-22,scientific_cache,75023,45131,854412,1062662,3f485f19cf3446cbfdbfafbca118b59f9d642ea6faba5a680321bcb40d54d3fa,b149abcd764c1465ee38b2ee5eb621971045a2e1fb24e3662d1d4678a7db9a0a,2457a7f5f20dc552bbe9479d9c8769e38256c209ff699f00b2b4690287bc6cc7
PKNORLEN,2017-06-23,scientific_cache,62237,45492,922863,1049076,6b0466d4927ecc054f34e751e4d925cd28b7fb2dfe7d5d4ef99c11411079eb16,c153da8010bca0e2ff5daef538a2f82046c2250c5765729d60f7bd0703d6933b,2457a7f5f20dc552bbe9479d9c8769e38256c209ff699f00b2b4690287bc6cc7
PKNORLEN,2017-06-26,scientific_cache,102947,85293,1524678,1760475,3b64d251eb61481030aab9a21333ae95abd4c72fd34a37e3826bec2fe7be2367,94705623538d130d862e28a9399e5234690243a26aae86cb8d50162de4ce380c,2457a7f5f20dc552bbe9479d9c8769e38256c209ff699f00b2b4690287bc6cc7
PKNORLEN,2017-06-27,scientific_cache,65258,39013,753978,936823,ca94c8a21c4641d26f5bfe27f0ca4176643e9ebaab7fa35322116a6821687607,1da257d60990dacb834048ab6be3e19964b1f26d111de0cc766ecde4a635dce0,2457a7f5f20dc552bbe9479d9c8769e38256c209ff699f00b2b4690287bc6cc7
PKNORLEN,2017-06-28,scientific_cache,46419,32767,543137,706817,439fab19db64ef6542aa1b6e306606a59ca60ac221b72feb5aea868fe7e3f8d3,dc5687fb1533f9e7192c407d8e19c93bd1e75607a2fac61e33559516f1f5dc98,2457a7f5f20dc552bbe9479d9c8769e38256c209ff699f00b2b4690287bc6cc7
PKNORLEN,2017-06-29,scientific_cache,66069,49407,904016,1221772,0561477c1c9c98e043fb0e23eba64a895fd2e4f8208c505385100ed7184163e7,fdf927b88ee2b175143c32683ac0c95033ffb7dce9aac0160aa124596b625a21,2457a7f5f20dc552bbe9479d9c8769e38256c209ff699f00b2b4690287bc6cc7
PKNORLEN,2017-06-30,scientific_cache,60051,40168,759917,969757,0face213e93d32c1a4a779dd0e0396990831939fa12394b1f0d6dfe5f341bfd6,187addf817aa387228c9dc53aa2ae8ba2c97b1ecceb318bcf0d4d496ca7b5df7,2457a7f5f20dc552bbe9479d9c8769e38256c209ff699f00b2b4690287bc6cc7
PKNORLEN,2017-07-03,scientific_cache,36879,22593,362452,479696,5a190dac3d10ce0a9f745305ff9f89521696bba60a39f65801f5f137dbce9f9e,df399c7a92598fb333be6f7270703fe1c6ec5e72d919de8bdae0948b14c38a39,2457a7f5f20dc552bbe9479d9c8769e38256c209ff699f00b2b4690287bc6cc7
PKNORLEN,2017-07-04,scientific_cache,53766,36090,601301,817117,055aa653b4998eb632a99051b373c40253117d0978a81543460e5b8b861f70df,353a74cc465d7dd346cf2ef67ea4ac6cba29ac33c2108a72026bbb0631743706,2457a7f5f20dc552bbe9479d9c8769e38256c209ff699f00b2b4690287bc6cc7
PKNORLEN,2017-07-05,scientific_cache,59329,40164,775607,985338,6c5b8307a9fe8ee6f68093ec30676cc6fc9953095f89df5c5fa361003dc18a09,b3873aa7033adcac8a18cf01c4a3a2a422dcf6cc0fa1597b9744c5b7d46d5b48,2457a7f5f20dc552bbe9479d9c8769e38256c209ff699f00b2b4690287bc6cc7
PKNORLEN,2017-07-06,scientific_cache,79530,61664,1112334,1381223,d571e427d4f9a4a750ef7dfe3aa2408bb817f4067cacc66e0564e366bac9d7a4,ba32572f06ceee1fd28b9976d3b01e837db9e88641a41d8a6ae8b55ea428c9bf,2457a7f5f20dc552bbe9479d9c8769e38256c209ff699f00b2b4690287bc6cc7
PKNORLEN,2017-07-07,scientific_cache,53194,40373,792924,964409,c7f0220d3644718d2825380bf9c0c7ea1f27346644ac0e022605c32b450183cc,e404f4a9f38cb5cd3362459370715c29184869858b8e6b2136859d6ef72263f4,2457a7f5f20dc552bbe9479d9c8769e38256c209ff699f00b2b4690287bc6cc7
PKNORLEN,2017-07-10,scientific_cache,48356,32594,519744,660259,2a184c554a195f925a14fdf75132b4d2d8e45cf742f2697c9021de3b934b973f,1789d1763ea7ca2fb046e30c107f9015255d2b932191b5239c087ef65ce947ad,2457a7f5f20dc552bbe9479d9c8769e38256c209ff699f00b2b4690287bc6cc7
PKNORLEN,2017-07-11,scientific_cache,42955,28798,458645,610557,10010c02fc6053530fb173d3b4af4b53ba30422674fc9357eda873d7646fa8f9,6df7e6a4fdc7e10aa8de5fee2faf6f6dc1870a038bd83485c33840d0984c92f4,2457a7f5f20dc552bbe9479d9c8769e38256c209ff699f00b2b4690287bc6cc7
PKNORLEN,2017-07-12,scientific_cache,48793,33157,557268,695925,61177cf46a1ccc71e5045d5c53443057ebaa61b477244db475b56a09c4b75784,39a51bf00a7176a8a5fd98c40a6aa2d76f1f248107ad3519f62e88b1b1295c80,2457a7f5f20dc552bbe9479d9c8769e38256c209ff699f00b2b4690287bc6cc7
PKNORLEN,2017-07-13,scientific_cache,60187,37578,600629,827097,8e2077622f8bbeaefe4f7d00fc160a2e3b783ec650102401015b016687d3404e,efce8a310e9af4dfd7d19dbf3fa6375e530b91a1e6fb683ca3b936cff30fb57c,2457a7f5f20dc552bbe9479d9c8769e38256c209ff699f00b2b4690287bc6cc7
PKNORLEN,2017-07-14,scientific_cache,54681,40605,710340,916300,fe002da8e69f4d5b58c5a39d79d6b37e4a962120ff272aca8f75f17a01c5af2a,f3f07c7551de27fc69b9cc0546f9ba955dc7abc34ab067dbb2a4a01884740926,2457a7f5f20dc552bbe9479d9c8769e38256c209ff699f00b2b4690287bc6cc7
PKNORLEN,2017-07-17,scientific_cache,53086,37340,668766,860374,480b561a936f2bd7cfacfc2689bc6b415f293e8e52298cd60b721f517f75512e,089a4f1534223af6274412c950152de2cdba0044159f0b50987ee5133bb4ca6f,2457a7f5f20dc552bbe9479d9c8769e38256c209ff699f00b2b4690287bc6cc7
PKNORLEN,2017-07-18,scientific_cache,34824,22102,399828,526052,9cef5e3fce381337c5a2d8a3b81428eab6865e39c0d544d6eec236b663c3f04f,d7e6a7c1d1dcaa7e66f631428b41a4ec1ec33b2b2a215eded87619510e7ce3c7,2457a7f5f20dc552bbe9479d9c8769e38256c209ff699f00b2b4690287bc6cc7
PKNORLEN,2017-07-19,scientific_cache,39521,23510,396634,578780,23e46004e4a3738e07ab8e7163e0c635750ed44bbf8561bb8d729700d89bc17d,8bbc4bb702ebabc88e364c34589120479951b1611f214a3824c7a432a200e715,2457a7f5f20dc552bbe9479d9c8769e38256c209ff699f00b2b4690287bc6cc7
PKNORLEN,2017-07-20,scientific_cache,51287,37006,754616,952314,d5b215c225572d664a6364c25bca4a7b52db5ac7af1daff59eb77bc6fd0bb964,5c93fe542ec880700bdc09ed26b3fc2637dcf27c61593da759ec4d7a84633b6c,2457a7f5f20dc552bbe9479d9c8769e38256c209ff699f00b2b4690287bc6cc7
PKNORLEN,2017-07-21,scientific_cache,55463,36550,712851,925711,10d279f73fbcd2614382649c89d14b6d083450d2238e276a6845c68d7a7279e3,f73424b629a1a6a0a2f971851e69a68d69807c5cb8f9ee86326cac7186703851,2457a7f5f20dc552bbe9479d9c8769e38256c209ff699f00b2b4690287bc6cc7
PKNORLEN,2017-07-24,scientific_cache,61870,42683,823392,1077261,e7a7316aacf05c4f9d93299fb59eb3bc9fdec4497251f3d3341491c6e1b8ea2f,64b7d488f703e3e742e47339a9335f7071477359a5066db200863304b850cf90,2457a7f5f20dc552bbe9479d9c8769e38256c209ff699f00b2b4690287bc6cc7
PKNORLEN,2017-07-25,scientific_cache,45725,25770,412396,609831,1e6330a03ca9fde252c144c94ecb532a8900c560f95756f97f75830f540780e8,1363196f2af6af276ba37ad85e1935681d0797a2702bb0ba7f9da68c7fec6e4e,2457a7f5f20dc552bbe9479d9c8769e38256c209ff699f00b2b4690287bc6cc7
PKNORLEN,2017-07-26,scientific_cache,51165,36933,626563,740639,7bb2d3cd29330e4761ee0822fc093eed33fcce692141e91cf3f2159e5024702a,f97ec44b81aeb3eacdabf7ad2c1c9adf1c39160d3e32193c01b822b1097276d8,2457a7f5f20dc552bbe9479d9c8769e38256c209ff699f00b2b4690287bc6cc7
PKNORLEN,2017-07-27,scientific_cache,40452,26089,486562,561767,a74b7423ae7b3e9344fa16a0892e8986f46591d5a5114bde64e03b9fc27a3e18,d8f193a801764b5f7046ffcb0caa6fc8398efd414d4fe6174fa2a0ac50e198d4,2457a7f5f20dc552bbe9479d9c8769e38256c209ff699f00b2b4690287bc6cc7
PKNORLEN,2017-07-28,scientific_cache,35523,23576,418194,510298,f0439fa50ffbad9b6a9618f28e1d676ed0125c70bda966a4e7648834f9f591e9,3f1652634dc7d65d2ab48ede64d0e46bd474da431d1d8824a2e6696219f5c992,2457a7f5f20dc552bbe9479d9c8769e38256c209ff699f00b2b4690287bc6cc7
PKNORLEN,2017-07-31,scientific_cache,64969,44409,785563,1032454,8f07e23b0525465283bc526c5999ec330bc882f8a8ee11a14e4e88d651cef07c,d07ed39c172209f53d9cf91ecb52bc38306c0eff0f61d7dbd35d20f66fcb4552,2457a7f5f20dc552bbe9479d9c8769e38256c209ff699f00b2b4690287bc6cc7
PKNORLEN,2017-08-01,scientific_cache,48701,27395,476960,563307,3328a3a71bbbd249f0d183341b372f15c72c8c7a446b4f4612116f9f26f429f6,78ada34b25938e01d7064e5c941f06bb2168ac8bb2f3260fa4788b7caa22ca48,2457a7f5f20dc552bbe9479d9c8769e38256c209ff699f00b2b4690287bc6cc7
PKNORLEN,2017-08-02,scientific_cache,42008,26485,436117,541913,8bce119a83ab54070a78f1d85007e4a9e8b0417817f5e896e204e1c951d622d0,04bda00b2f3e061afb0f5b0146a0b8d720d29fea7ff76292b78576e3eff2ab72,2457a7f5f20dc552bbe9479d9c8769e38256c209ff699f00b2b4690287bc6cc7
PKNORLEN,2017-08-03,scientific_cache,41220,27328,463427,599022,7476fb21d91ac31437e3976578c26471118e6d9837c7790d581a617543a72b84,0d8afa3ace09421e23ca32a3519657f2530409052937b88187b196dda49fd84e,2457a7f5f20dc552bbe9479d9c8769e38256c209ff699f00b2b4690287bc6cc7
PKNORLEN,2017-08-04,scientific_cache,27776,15503,265559,357926,389948aafbae1df7ef9ae8e587b190a0e1642df2e3ce5c7f0efbf5eed47b7c59,03c76baf713ea1262f39ecc79f3d3964ee40dc821b7bbe46089609e466640bd9,2457a7f5f20dc552bbe9479d9c8769e38256c209ff699f00b2b4690287bc6cc7
PKNORLEN,2017-08-07,scientific_cache,34750,24384,383842,534338,0f2787effafc7ad26e0a9f0339592e9f5f912bf41622faec4ba4282a4894eb06,8912135aa6f220c0a2c58ebe937c7977c132244b29efc1e19d95f89833463223,2457a7f5f20dc552bbe9479d9c8769e38256c209ff699f00b2b4690287bc6cc7
PKNORLEN,2017-08-08,scientific_cache,44463,32257,509764,740724,ca32f2bd5850126d753fceea5de135af70f9f2d5e6f196b95acc51d5eb16d66d,6b91a960be881e9d5c2bccb713987077c2f4cb50c1fd53f60debbbad8b7ba540,2457a7f5f20dc552bbe9479d9c8769e38256c209ff699f00b2b4690287bc6cc7
PKNORLEN,2017-08-09,scientific_cache,31504,20987,342669,431422,c78c589d05738d3ea48c72a6c4192b1ade34988cea88fea6581ac7fd6a0ea4bf,bdd3e5790c209305b77ee56e451303b06a35ddf0f3e196a262e2158d2a6ccf7d,2457a7f5f20dc552bbe9479d9c8769e38256c209ff699f00b2b4690287bc6cc7
PKNORLEN,2017-08-10,scientific_cache,27417,17248,277755,366258,366c247d0c290dafa79a7a38aedd9bb34d831c512b23a49a0bf38554cc154c4f,6ce14cead37a57b17d4e5a1c6b535a1ea91671951800d2406d36fb9e6bd660e1,2457a7f5f20dc552bbe9479d9c8769e38256c209ff699f00b2b4690287bc6cc7
PKNORLEN,2017-08-11,scientific_cache,29838,19699,321066,460262,2b58b4c37b2e3bda20a4f9c2da3c3135493dd5ec8c620d9ae22b1d0467df31cc,ad30d633d6a509b8c02ef58ea5ecc36e1e4f97dabe747a8c36538779e10146af,2457a7f5f20dc552bbe9479d9c8769e38256c209ff699f00b2b4690287bc6cc7
PKNORLEN,2017-08-14,scientific_cache,24592,16492,280085,366685,86172070e2ed72601762a8acebf38e029db74b5fa9401ea99f89a4297792d569,fe0cf94fd4b9ad87de5abada6a394cd14a45442a04643b07d1ea53f6d68a9af4,2457a7f5f20dc552bbe9479d9c8769e38256c209ff699f00b2b4690287bc6cc7
PKNORLEN,2017-08-16,scientific_cache,53775,34364,646314,907034,d88ac1f73f5f618ffa4c9d5ee0ce7a0fcdd065edcbdeb836b8f400db514cac2c,7e6ee28f3e884a22900a9f2018bb6850338d0940f9aa70d5a114be3152c172b6,2457a7f5f20dc552bbe9479d9c8769e38256c209ff699f00b2b4690287bc6cc7
PKNORLEN,2017-08-17,scientific_cache,61350,42055,813846,1079761,d159445265efd3197f013cd5f57c912c2240c5222d6d8df2fa163d0fbb0bada0,c62f23db4de830e56dc56f82a3b07d80ae4c70c43c2c201df6737050f55b1b0d,2457a7f5f20dc552bbe9479d9c8769e38256c209ff699f00b2b4690287bc6cc7
PKNORLEN,2017-08-18,scientific_cache,42998,29543,508756,698172,625024c108fb82264d5ec412960b2d08f3c1a2ac9927941fabd68bd3a1a07cec,a8788db78dbdbf89a3b47be985861878b34deeff8b831127f49507465255a337,2457a7f5f20dc552bbe9479d9c8769e38256c209ff699f00b2b4690287bc6cc7
PKNORLEN,2017-08-21,scientific_cache,51553,37312,715934,980459,9403ff5b502b27ca9ee6e698529f944da7184deea2ea85530686cc8312e63a4c,eb54d6e2b5f5548c16a8d14265e0de4e9c4923cd51b4b571c760ae0c53d5eb97,2457a7f5f20dc552bbe9479d9c8769e38256c209ff699f00b2b4690287bc6cc7
PKNORLEN,2017-08-22,scientific_cache,40754,28467,466520,668769,e57b2fa15495fbde9ebbec92c7f8938e1af6767eda9b9a3842e57ad594e6fe73,cd5d9cd240d479f8811c37720360c91dea8dc87907ef54e48c991e28f51e8c79,2457a7f5f20dc552bbe9479d9c8769e38256c209ff699f00b2b4690287bc6cc7
PKNORLEN,2017-08-23,scientific_cache,41992,28101,463016,689542,0b6a0757e6b92ad9ad35b9f861f693ec0a0b49dfcf71c4801f6d1e98d75e14b8,d548b890545eedebc5bccfec0382636a7f76cc588f27a6405e085dc2ccaa686d,2457a7f5f20dc552bbe9479d9c8769e38256c209ff699f00b2b4690287bc6cc7
PKNORLEN,2017-08-24,scientific_cache,80955,57124,996029,1448174,df4fa7254bf4d8fda1295dbbd2f934c654d89024d945f65bb0809dd4def922d4,05521068a3911166c9ccc3a2deb6bd45363a96627adb3118616b3ea75f560b37,2457a7f5f20dc552bbe9479d9c8769e38256c209ff699f00b2b4690287bc6cc7
PKNORLEN,2017-08-25,scientific_cache,62311,44582,822954,1168183,11327bba44b2170d0dae6cfd5dfaba95a6d3102b7c66a826697d431ec499a0db,16f32bfe4263e63031976ef499a147d3e3d0daeb058e157244dd8c9f4e1479e4,2457a7f5f20dc552bbe9479d9c8769e38256c209ff699f00b2b4690287bc6cc7
PKNORLEN,2017-08-28,scientific_cache,86233,66825,1086125,1530816,9d8a71abda176b5439c3945c20ed8f7263e428cbcf2b9c60d599468abf8076cf,fe94054e2a1aa05ec5168905913633daa20e2f73382db5e1349172f17faf2ea3,2457a7f5f20dc552bbe9479d9c8769e38256c209ff699f00b2b4690287bc6cc7
PKNORLEN,2017-08-29,scientific_cache,116482,95382,1716579,2247785,29ce228e1c067d36b7c0a6e6a8baa617fcb4b55b40591cc409d89be21d5e73e1,176132a5af59d58bd73ab7a294563ac1d48ebff7ac9ec83693388b0bcfe8823b,2457a7f5f20dc552bbe9479d9c8769e38256c209ff699f00b2b4690287bc6cc7
PKNORLEN,2017-08-30,scientific_cache,113021,94517,1674804,2151229,33c72a43549472784a4d47cedcd69a7cf93befcbfdd9b8cac10b99840fdf367f,fb563934f8fa491e0cf6a54e2023fdc5ef195dc7acadc76e8e97b55b44bc5e3f,2457a7f5f20dc552bbe9479d9c8769e38256c209ff699f00b2b4690287bc6cc7
PKNORLEN,2017-08-31,scientific_cache,73896,51956,875313,1229190,85e8581f8918504775c8570cf0ae85252cef8c596177d5378577256a128b4e7e,47649624aed71517d3150b7494b17fc56b29d8f0a38b8e84b4bf6e16d76256e5,2457a7f5f20dc552bbe9479d9c8769e38256c209ff699f00b2b4690287bc6cc7
PKNORLEN,2017-09-01,scientific_cache,75507,59371,975052,1269659,ceae1928a44c362c1621a0d33c0ef651daa7d3a7c75af47dcd9b93b1b2df1675,60234b21d15b4e851a02864e01e0d8a6111dfa42aa392e2bcb92b48a08f4a4c1,2457a7f5f20dc552bbe9479d9c8769e38256c209ff699f00b2b4690287bc6cc7
PKNORLEN,2017-09-04,scientific_cache,51345,39112,659084,899988,22cbfb8ebdbfbe8848992b3c03f1eb324fa7b24f644736376ecb1a54170c0f6a,0eafea7cd51b61e400e12c4334ee2b91d85ce5bfda711d73648808ba15e8781e,2457a7f5f20dc552bbe9479d9c8769e38256c209ff699f00b2b4690287bc6cc7
PKNORLEN,2017-09-05,scientific_cache,66000,44151,839590,1123351,ba86a25d885e2928786bc17dc6acca7347596581d1887fc547dd68ce0001ae49,78640750edc42cbea33bbc0dc9ffd483415de7e3c9e7ce3c9555acb05998716e,2457a7f5f20dc552bbe9479d9c8769e38256c209ff699f00b2b4690287bc6cc7
PKNORLEN,2017-09-06,scientific_cache,69474,46524,753785,1100181,0b12999f7fa36fd39d54b96bc487911118803c9425d8b29f4b5411dccd5dbd51,c55ed1eb10aebba3e84357046f6e2dea2e024c8b58041edbebfe2ba5ff887dd8,2457a7f5f20dc552bbe9479d9c8769e38256c209ff699f00b2b4690287bc6cc7
PKNORLEN,2017-09-07,scientific_cache,88137,67433,1254538,1664121,387a89e4b07869ce1bbfa6b3cdc6e350e35f34d0f42ff8876cc213d00a41e16a,2d9d5de4e39e38cdc227df57d9d61c2eb718ef453920cb9fae0aca860d9d1319,2457a7f5f20dc552bbe9479d9c8769e38256c209ff699f00b2b4690287bc6cc7
PKNORLEN,2017-09-08,scientific_cache,49604,37240,634533,848232,49c7b55a87728329cdd228c6965d12e766ae566c05b9db30158b2593b6cdc99d,7ead082d7425827ce2db92fe4574242557cf847bf78d74be3fc90ac20017ad05,2457a7f5f20dc552bbe9479d9c8769e38256c209ff699f00b2b4690287bc6cc7
PKNORLEN,2017-09-11,scientific_cache,91860,73543,1197086,1690771,6e13bc0f9967d8dd20aa54e1ee08b03b4bc1bb7996bb6557ed14f3f7df43cfc2,7be2e4ecde03940249582716ee6254ca5dd96d247b36eeb1d940504cfeb1eaf5,2457a7f5f20dc552bbe9479d9c8769e38256c209ff699f00b2b4690287bc6cc7
PKNORLEN,2017-09-12,scientific_cache,63182,45866,722666,1086017,554ddc0c80f202ec82149d04acc173cdf85d27a1d31e37faea8c405da40c70f6,c9954694e031e38ff1c062800130bce6d82e36c6ef913e5cf0e80f23ceb0380b,2457a7f5f20dc552bbe9479d9c8769e38256c209ff699f00b2b4690287bc6cc7
PKNORLEN,2017-09-13,scientific_cache,85033,71372,1093977,1547524,00b84388dcfd0f9d00f0569949d0a00c748373b0be7464dcad8adb36df4bf207,c36ea122aa2ef183921c599a4ce23ea20be3e26ebb0b6593b5588fe284cb2e2a,2457a7f5f20dc552bbe9479d9c8769e38256c209ff699f00b2b4690287bc6cc7
PKNORLEN,2017-09-14,scientific_cache,80507,63802,985721,1361147,af19fe6db057a9ad7f8cd33758ba735084d0d0daa5ffa6f3ebc3da3ec19b6ffd,795eb3f11f7dfb1a3664a3fd66ff975cd140ac51700a787c7860b984aba5356f,2457a7f5f20dc552bbe9479d9c8769e38256c209ff699f00b2b4690287bc6cc7
PKNORLEN,2017-09-15,scientific_cache,109270,81939,1422595,1876970,e733ea1014c393a7324a22112d89053af50acf0686a6c3c9b870010bb03bf18c,3b10c54e54e527a55623f72d8396f31c68a28fe4ecac59883888f5fc37f5e51e,2457a7f5f20dc552bbe9479d9c8769e38256c209ff699f00b2b4690287bc6cc7
PKNORLEN,2017-09-18,scientific_cache,35205,21009,319723,434755,74734e41fea35e2dcfbac38c7ef0df7461a360c6c80cb0de9bd3e0c26bc03fff,b6ecbdbf53bc56b7e9b143ce5d2212d3b7ad382f33ba7ff592e83169b47e5c14,2457a7f5f20dc552bbe9479d9c8769e38256c209ff699f00b2b4690287bc6cc7
PKNORLEN,2017-09-19,scientific_cache,60275,47114,721175,998711,a7e4176a5f4468b282552be06705f2b8f07f3a5823191c680267bfcc60af8aad,38a09969ce07f5c2ac802c4c03d1e4f6d47a4f1ee96af6e2f1645975525c1ce2,2457a7f5f20dc552bbe9479d9c8769e38256c209ff699f00b2b4690287bc6cc7
PKNORLEN,2017-09-20,scientific_cache,33800,25933,419863,563544,4a8f0fe69277ff9c2d6c1e2bdcd208b26a6916e20d19e9cb251749fdfb3d4d8d,06dd2997cf0b1cfaaca1b7ecd693e6e845193d31ac41d6ece07d758d894341d4,2457a7f5f20dc552bbe9479d9c8769e38256c209ff699f00b2b4690287bc6cc7
PKNORLEN,2017-09-21,scientific_cache,77642,64508,1137934,1524189,d9a6db34d5aaa7557926ba03f01aa52269b57302d93dad8d790bf6cdc57092af,59951bc54744324f229c1a4fc59fffa8fd0aa26e22cc47bc1ea256b38edae43d,2457a7f5f20dc552bbe9479d9c8769e38256c209ff699f00b2b4690287bc6cc7
PKNORLEN,2017-09-22,scientific_cache,76370,57531,887592,1311436,42c0abf0ec185c35fa31a1d1c484374704faebb81836d66bcf10d1e392dd314d,22ff81a4c202986a77202e31062042edd0376db5709b63610ca5bbc6fc4c8d7b,2457a7f5f20dc552bbe9479d9c8769e38256c209ff699f00b2b4690287bc6cc7
PKNORLEN,2017-09-25,scientific_cache,35898,22161,373933,465151,17d6ae85532909baf98545727a5610a132a29949fe83d0a060b56a360b2acdcd,3a9c95d786522e493af348918d76579bf200510bbc2a3caccc8d972083c32fab,2457a7f5f20dc552bbe9479d9c8769e38256c209ff699f00b2b4690287bc6cc7
PKNORLEN,2017-09-26,scientific_cache,63910,48071,859615,1192915,f922469b263fd93947b24e78cde3cd4a8eadcc89dbe4a6a7c59839013b369cd3,7457867694faa0eb92bcf3709555d7a28a79ff2190b466d108e5e4516cbdcff5,2457a7f5f20dc552bbe9479d9c8769e38256c209ff699f00b2b4690287bc6cc7
PKNORLEN,2017-09-27,scientific_cache,44279,28029,461093,595888,841dd7d96317d06829252c32df9d94a01e2221beb2e81a459f449867eab0af03,b4947d90a5a7cbbc14b3b00a0a3277b9cc1e17c24aa82f5ce4f29af4d68fc49f,2457a7f5f20dc552bbe9479d9c8769e38256c209ff699f00b2b4690287bc6cc7
PKNORLEN,2017-09-28,scientific_cache,66997,49531,780035,1104069,ccb1d021212ee60b01cd80fa8142eb46dca666bb98cde3dbb13171cae481c7a2,74f4ca3a3ec39f0f5dca30ee7e83c006397dbe3032d01123bf2f1622edb9624e,2457a7f5f20dc552bbe9479d9c8769e38256c209ff699f00b2b4690287bc6cc7
PKNORLEN,2017-09-29,scientific_cache,29785,20096,365508,450113,f617c36f5398bcb74558ebb1c69c1b719ccd7d856a671bf4a5aa86d9e1366540,570f3485801e85e0c2ab80651da948cff99a9eb60349046edb553d7e443793ef,2457a7f5f20dc552bbe9479d9c8769e38256c209ff699f00b2b4690287bc6cc7
PKNORLEN,2017-10-02,scientific_cache,51853,35965,761316,923654,fb77260d3841790cd0aac4e186de2e5772096d1ecdd460e71837a85ed60e61a2,d14724f56fc6115e6f67b83b5087a921c9e1dcd22ac42b06a86bb052f229f622,2457a7f5f20dc552bbe9479d9c8769e38256c209ff699f00b2b4690287bc6cc7
PKNORLEN,2017-10-03,scientific_cache,60590,40549,761014,956200,9f01b2dc9ec6b89ce93f63c132685a21fa7526fd509acd9d942f736b482613ef,5e71d1cdf18fc9615ea7c91edd3a8d8883dbe8f5083b3ae743ab3a0bbafb04f0,2457a7f5f20dc552bbe9479d9c8769e38256c209ff699f00b2b4690287bc6cc7
PKNORLEN,2017-10-04,scientific_cache,45698,33089,589754,695851,b5614ee2216345780744b3b60a741c85c237119389e99b1bcb27927ed6e37dcd,2a003e82c75e443d42fd3ea0203c58f8e9178847dcf5dfe4343aaf23ce5230cb,2457a7f5f20dc552bbe9479d9c8769e38256c209ff699f00b2b4690287bc6cc7
PKNORLEN,2017-10-05,scientific_cache,56561,43016,668544,829529,ff9b919767c23ae3b2c4194ff322ba856a3eba74b49b5f6d432de8f226e8079a,caa610a176af049df059df64ccbe2f4a1ae9f2ebbf082115bde323ab436d1516,2457a7f5f20dc552bbe9479d9c8769e38256c209ff699f00b2b4690287bc6cc7
PKNORLEN,2017-10-06,scientific_cache,90561,70290,1122110,1580269,811e5804bf047e6296e201cc919b423c4f6d04adec42d9d465b147bcd6c83960,fcb64db6bdef1d5cf0ad129ed17fc5ec0a0be860cfe1081785574816b25869a2,2457a7f5f20dc552bbe9479d9c8769e38256c209ff699f00b2b4690287bc6cc7
PKNORLEN,2017-10-09,scientific_cache,73411,52224,780021,1074293,e245df7360441cadf75fa5f9871a92c1d0d334aff7f8a4536b879198f0e8e1d1,01a2fab8c29d6d0dca3f399c94333dacae1e26c71aab27d743d545ac4105e4da,2457a7f5f20dc552bbe9479d9c8769e38256c209ff699f00b2b4690287bc6cc7
PKNORLEN,2017-10-10,scientific_cache,64497,43568,786495,1048365,98d41aafc5190f59c7f404c27bc7550a17311ef70cb5a2612f7bdbea2bb8fd17,e2b7fb64b51ccada28d3cef13491c61050d11d3f15bb9219be9f81408c47bb29,2457a7f5f20dc552bbe9479d9c8769e38256c209ff699f00b2b4690287bc6cc7
PKNORLEN,2017-10-11,scientific_cache,101444,78686,1144933,1601893,3e9bc83d63ddcff1dd8d2197b61a7965cdf7a04da49ad2054e7411c3a24e3b6d,f9791b950cf41736695acfc747c1c3bf617b755b000c45dce96c2bcae85d971d,2457a7f5f20dc552bbe9479d9c8769e38256c209ff699f00b2b4690287bc6cc7
PKNORLEN,2017-10-12,scientific_cache,89254,64591,1190963,1581827,08f5a5bc31242be09a04e4619f570175c947a4cdd3b1f8bfca3ba60b25b2ab39,9df87cf6c0c9ce4e37ffc4ac5eec265c78a5cce1cd0ca3b51b98dfc539923ae0,2457a7f5f20dc552bbe9479d9c8769e38256c209ff699f00b2b4690287bc6cc7
PKNORLEN,2017-10-13,scientific_cache,60972,44894,783512,995165,cd1cca59b9bfcd3966dab8edab32695b0fe2578b09203034d1bcceeb3365a644,68963b355e12450c0de3a7bab5baa4d62d4ecbb7b6f18c03778ba3b12a34f46a,2457a7f5f20dc552bbe9479d9c8769e38256c209ff699f00b2b4690287bc6cc7
PKNORLEN,2017-10-16,scientific_cache,84537,56959,918068,1244209,d73c417ef6a2a63a248f63ac7e0a736c0277b731a2c4b75f98e62143b288eeab,12b295e3b41b37c06c7371128968b31fd007ee70854903d0bfe110f34dd44c46,2457a7f5f20dc552bbe9479d9c8769e38256c209ff699f00b2b4690287bc6cc7
PKNORLEN,2017-10-17,scientific_cache,78191,42564,760921,1014383,5b335a550508b65fec078445a8ce95268738f3a5b29adc70df0b4acfe0c33f9b,10410b85b5453dd15ae5253983e74117d73801e6b0733b6206f0ffff49d16e6a,2457a7f5f20dc552bbe9479d9c8769e38256c209ff699f00b2b4690287bc6cc7
PKNORLEN,2017-10-18,scientific_cache,79055,56598,980675,1326647,2a7d7531981b29e10106a364ce82bcf2437af34e42ab3b2c85fcfa3940bdb7e3,067b236d2745202f842023874df303ba9fce27e5eab11a6be242b7a56ceef127,2457a7f5f20dc552bbe9479d9c8769e38256c209ff699f00b2b4690287bc6cc7
PKNORLEN,2017-10-19,scientific_cache,93262,57107,848195,1187819,2fdf0717904121457115e6978c002917ca7369ae0ebd3da76a5a9f5a5fae1d3f,38c439c6c60d477b6592d7cc01582b3f0171cbdd2a0b960bf671d2642b24891a,2457a7f5f20dc552bbe9479d9c8769e38256c209ff699f00b2b4690287bc6cc7
PKNORLEN,2017-10-20,scientific_cache,109945,74736,1144154,1345772,978257336365d514d2953ae97db77fddd734cc9ae8960f1eb6ab2f6255adf91a,3e696bc2ff47cf0b399d981ad1f8c2a33363a208adc00589b89415653da709ff,2457a7f5f20dc552bbe9479d9c8769e38256c209ff699f00b2b4690287bc6cc7
PKNORLEN,2017-10-23,scientific_cache,108609,77072,1254805,1599902,84dd617d53e80f7a0b264b6304363f715a645fe115196e02a19723baa6a12fdb,45819584ea0a3b5177e4875a692f2256f8bda27ff06bf8c2d60e7ee78c8dd30e,2457a7f5f20dc552bbe9479d9c8769e38256c209ff699f00b2b4690287bc6cc7
PKNORLEN,2017-10-24,scientific_cache,94621,68421,1056810,1430279,fe023689efb7b1a56009670454f71b9998fd6f9002a73830b383a19845691462,c064307677accbc9da7ee56c53548d53469c8217a41f9f1423e8de41d263604c,2457a7f5f20dc552bbe9479d9c8769e38256c209ff699f00b2b4690287bc6cc7
PKNORLEN,2017-10-25,scientific_cache,63085,40962,632359,882068,311fa924a471460cf1dfae295270b0a2bdd33201421d9e6675bc5a88fbd971f6,4d364b558023126308ba080808dc6f64f6c6ca050420ecba23560964a7d8766b,2457a7f5f20dc552bbe9479d9c8769e38256c209ff699f00b2b4690287bc6cc7
PKNORLEN,2017-10-26,scientific_cache,69971,49892,882912,1226424,e7ab04fb1fc5d8cbdca12cfcd0d6df7e470b316477b9a44af4ae4d9213d5a15e,d4dcc3acdad368f4fea86acde36e0b6f9834d598e0f49039c403db439afb7ac3,2457a7f5f20dc552bbe9479d9c8769e38256c209ff699f00b2b4690287bc6cc7
PKNORLEN,2017-10-27,scientific_cache,101295,73003,1123459,1504743,8042853fac62ae7b17e4acb49b352885f35ecd18b7dd07763ddf49fc0f590a2e,041f1a295155527e21e7b731f3e4e7fc6e9981a5d6547b08faef079113e8b29f,2457a7f5f20dc552bbe9479d9c8769e38256c209ff699f00b2b4690287bc6cc7
PKNORLEN,2017-10-30,scientific_cache,44921,31534,499043,668683,b729255745dc3f87ae432650f43b4739b0189a82407d2f0f68e81c6313fab130,b5da57d754dcb0b312145919acc76810f3b0620f2dc5350bc75754ff2a7041e2,2457a7f5f20dc552bbe9479d9c8769e38256c209ff699f00b2b4690287bc6cc7
PKNORLEN,2017-10-31,scientific_cache,55458,42818,791412,1085392,c22c75828fddbb22ee1bbefdabc2f340694d55e51a5b06b182d359d04c4ae6b5,f0c9ee209b07e99d030ee7cb86dae7e6ad3de641f52c5496cf552dfe0f5c7dc2,2457a7f5f20dc552bbe9479d9c8769e38256c209ff699f00b2b4690287bc6cc7
PKNORLEN,2017-11-02,scientific_cache,99487,68793,1107877,1627874,06ff12b8c0755af0ed43d98f7759e94893d645e9c03e5634ae03412cc68b71f1,63f27222629673aabd99ddb2f7fc4122bbb2692596e62c079380cbdd868ecd8e,2457a7f5f20dc552bbe9479d9c8769e38256c209ff699f00b2b4690287bc6cc7
PKNORLEN,2017-11-03,scientific_cache,57564,40558,656625,942790,840e892ba7704ac13f88ab108ad4b625f0a46927e6b3d19f32ec6ee5d1f4e7ea,93fc96c5c119aa2a15eb8d45ac9648cc6b1eeb73d3887c1b9871f783e19d14d8,2457a7f5f20dc552bbe9479d9c8769e38256c209ff699f00b2b4690287bc6cc7
PKNORLEN,2017-11-06,scientific_cache,78680,59172,1011556,1411400,a63f83f9e83856bac066f96f722827d3a9cba1a3e14d56b83a0a2f6f6c5bf25f,73586c3029b887edc2582e3991e9a2aa36f01a5d1f0625992a9ceda1a5630341,2457a7f5f20dc552bbe9479d9c8769e38256c209ff699f00b2b4690287bc6cc7
PKNORLEN,2017-11-07,scientific_cache,78781,51522,788391,1177983,a41cb6e66364dc3c71ee90600cd52e9297d16d143aa433b0924e909700ef9ec7,9c6defa2c65e49876a395e3f7a6270571c2b0fca043f839743628498a7e2da6b,2457a7f5f20dc552bbe9479d9c8769e38256c209ff699f00b2b4690287bc6cc7
PKNORLEN,2017-11-08,scientific_cache,56054,41106,766771,1040669,c8aae4c1d332639778b64019d7fbcdbf3754190c3a32bc996fbe3c4837adc349,999be47f1b28f94188c8423b3349d8f2f090e8d3dad6b95d1629ce1b33a294ea,2457a7f5f20dc552bbe9479d9c8769e38256c209ff699f00b2b4690287bc6cc7
PKNORLEN,2017-11-09,scientific_cache,78154,63958,1096877,1448937,93dc419c053f45191045275de823d3a47686088fb47b0e77d8b940f1c6091c19,3d8876c3b04688bbf110ebad421790c2f92667f1511a0d4b3ae0112139316ba0,2457a7f5f20dc552bbe9479d9c8769e38256c209ff699f00b2b4690287bc6cc7
PKNORLEN,2017-11-10,scientific_cache,57477,40328,734971,1018086,f4d9e16cb8eaf08a3efedfb3735c9dad16e47e1bbb1a346a475eaf67faf1874e,3b2af660e3479b07cfb09bfa835dd18c991c82e2e4cbee6a4eda51690cca84d7,2457a7f5f20dc552bbe9479d9c8769e38256c209ff699f00b2b4690287bc6cc7
PKNORLEN,2017-11-13,scientific_cache,63573,43045,700022,896869,40df96a6edf1b815d67af886fa4a10fee82624348ff65b368d782d44dd12e687,7c6a5649e12d05066de8fed3abb4cc629583af06d0429a51edcaec9de73ee1d2,2457a7f5f20dc552bbe9479d9c8769e38256c209ff699f00b2b4690287bc6cc7
PKNORLEN,2017-11-14,scientific_cache,57268,39507,745412,958645,0951f324c8909e85b74107eea6c1a12e737247bf29768d9462846bb3e2c46955,083d251d3ad9015e6204ee75e154356a0c56ff66aafaecc3c41b81d01f33643a,2457a7f5f20dc552bbe9479d9c8769e38256c209ff699f00b2b4690287bc6cc7
PKNORLEN,2017-11-15,scientific_cache,53834,34923,724059,847522,671c803e4a2753eaaf0983e6bae5271a306edb171b2fdc3b16b8221d57b3773c,6971e56794a376d02ae6d034997447410aff9648a5e7366d9eb3b22ba08efc83,2457a7f5f20dc552bbe9479d9c8769e38256c209ff699f00b2b4690287bc6cc7
PKNORLEN,2017-11-16,scientific_cache,93866,63577,1355244,1577436,2248866c0adcbb8d7af25a0e0f774bd87fb9442f8d0b9819e8d57ec10c38348f,b6a20feb6943a496d5d407c2d6ded9ae2d0370c3dabf7a1b2134eb16addce56f,2457a7f5f20dc552bbe9479d9c8769e38256c209ff699f00b2b4690287bc6cc7
PKNORLEN,2017-11-17,scientific_cache,60408,41099,742567,892049,81286396cd9f46d4a55acc3a5d361235b0d040ede11c87445b3c62a84f804252,b8e50a94b5bb5064fc59799e5482066d17f8f673ac235a15a806aaab96dfb4a5,2457a7f5f20dc552bbe9479d9c8769e38256c209ff699f00b2b4690287bc6cc7
PKNORLEN,2017-11-20,scientific_cache,55668,44226,892755,1069121,b83dfadb29189fe09a14bde02222d8fc141ac03e4f92704ea0c8ecf186502fce,fc69aed67f0df87f2f9109e64ab642aae5f9faea66d053185fa808111a02844a,2457a7f5f20dc552bbe9479d9c8769e38256c209ff699f00b2b4690287bc6cc7
PKNORLEN,2017-11-21,scientific_cache,51388,37098,709321,855795,470aff42fc3043f2c654f3aca9943f5fa7623176f35eafb058d1a324ff07709f,8022bc29035521eb170d333cc46b0037ddb0b052eff79a7596e153c97bf223ac,2457a7f5f20dc552bbe9479d9c8769e38256c209ff699f00b2b4690287bc6cc7
PKNORLEN,2017-11-22,scientific_cache,54826,40477,830043,1029122,b80f9222bded83ca4a82304b222cd50a8928cf926598f0c000de05b7b6834aaa,d0d8ce9e3b010d86a2f46d0990199a7d0c451b6f2bb2df30c4bf455dcd4df7b5,2457a7f5f20dc552bbe9479d9c8769e38256c209ff699f00b2b4690287bc6cc7
PKNORLEN,2017-11-23,scientific_cache,42338,31512,565169,690126,dde549d7dfdd2f5f8524e866c6f0f5b75fbd24b52310833aa0c9204f27f56014,8d4d036684d6c155b79579dc2190edca5efe7650956030d89d3a5e128a53b0b2,2457a7f5f20dc552bbe9479d9c8769e38256c209ff699f00b2b4690287bc6cc7
PKNORLEN,2017-11-24,scientific_cache,50210,37963,744811,900046,fc446a8359aefe1729a4ac124e64431caed6bbff76adcd4fb9ca1ce97049e66a,00118fc23a03f905a8ce7e1f5e058422d140317f8cb93159a12c9675f1365274,2457a7f5f20dc552bbe9479d9c8769e38256c209ff699f00b2b4690287bc6cc7
PKNORLEN,2017-11-27,scientific_cache,65960,51438,1024897,1196331,d62381958170bbdd6d23c9a214ceab14643f37d043d51ef4d260ee00ed58cc4a,fb62c8aa128851ac1c316927efb3b38a2a9dc8beb88369a71b45b2fdc7c99dcb,2457a7f5f20dc552bbe9479d9c8769e38256c209ff699f00b2b4690287bc6cc7
PKNORLEN,2017-11-28,scientific_cache,94071,72126,1262855,1500804,a4730b589e56b80404a4e2df6e92928f04985cc8653e80be9ad71173acbe4063,566fbf58d748bb3efcdfd62e7a8d807eaf085026e76341c1f131b1b49b34c0b0,2457a7f5f20dc552bbe9479d9c8769e38256c209ff699f00b2b4690287bc6cc7
PKNORLEN,2017-11-29,scientific_cache,90124,64651,1166431,1478940,1a51959e126512ee5811ffebee13bf2cf5ac5594244e4ac72409a0de94351c89,d2ce215f7077d9de5608dc9e3d3e8d7c8df8f9279a62533007011b476f87fbf9,2457a7f5f20dc552bbe9479d9c8769e38256c209ff699f00b2b4690287bc6cc7
PKNORLEN,2017-11-30,scientific_cache,104111,74675,1356938,1720517,988e55967cdd4c4a31ec87f8147aab041be7985defc1e0d3d5b36f63d4f7b17f,9041992b27ae11c2f70cf9791b8a1fe128b55e7e8eec21dde74d156f9c75d21e,2457a7f5f20dc552bbe9479d9c8769e38256c209ff699f00b2b4690287bc6cc7
PKNORLEN,2017-12-01,scientific_cache,103739,77060,1331134,1666006,23175c6e093a241ce1e1b1021872c646940119a2d6b598905e7615ec7d9184ae,3b5e29f933e5930f24fe9da1e2188a75ca92d7f5d2f11d450add82cb613bd68f,2457a7f5f20dc552bbe9479d9c8769e38256c209ff699f00b2b4690287bc6cc7
PKNORLEN,2017-12-04,scientific_cache,98547,63701,1043919,1314922,5d197730ad99026a062c8e2d05402bcf48e406ba80e7fce6abf4a9bd7af984e2,3924c81e2f515239d4fc46831912726f6ba6150fd265a080f216ecd95e4b8ba0,2457a7f5f20dc552bbe9479d9c8769e38256c209ff699f00b2b4690287bc6cc7
PKNORLEN,2017-12-05,scientific_cache,94282,69295,1238360,1491326,22eda6c1a4d6307d2a0b828cdb010ed83f2a0521f4b1de2b1ff207d233d3af18,fd3617aaa8dbc88bc6f67acacb42917120e5de4caa5307b9ceeb280e572d5875,2457a7f5f20dc552bbe9479d9c8769e38256c209ff699f00b2b4690287bc6cc7
PKNORLEN,2017-12-06,scientific_cache,99101,71090,1270712,1626014,a550deebc3ad72928d64edbba0833f471557018f2f3199a93f690f0502c94f9e,6721485c975bcb027ffb340d5e5bab2aba6da0db1cc94219171e4948849cea44,2457a7f5f20dc552bbe9479d9c8769e38256c209ff699f00b2b4690287bc6cc7
PKNORLEN,2017-12-07,scientific_cache,106127,87549,1536743,1909914,8a0e0a0588bf58b92980c8098be4381e184e51d797c9d09bbfcefee062d57f78,3924427c5ad4c45b3e9f13f9aad67ea5e50ff1a86466750f85ee0076bbb53320,2457a7f5f20dc552bbe9479d9c8769e38256c209ff699f00b2b4690287bc6cc7
PKNORLEN,2017-12-08,scientific_cache,56302,40774,697693,835129,f3c48bd58644a5460c4bb6300e53d7f10670dba00e957d4e6e4715d7eaf58961,e555f7721ff24bb8f2b8fad71ca3e2e76e89cd589238abb0066e64c5af5bea20,2457a7f5f20dc552bbe9479d9c8769e38256c209ff699f00b2b4690287bc6cc7
PKNORLEN,2017-12-11,scientific_cache,101759,73950,1277134,1658820,3de1e3a2ab9696a4905d3faff665db1a547a8b29cb46c37c40e82e9bf491ed24,652977189b9a23546113b861e148fe29ee46e4634d6e3664321e7159aebabba6,2457a7f5f20dc552bbe9479d9c8769e38256c209ff699f00b2b4690287bc6cc7
PKNORLEN,2017-12-12,scientific_cache,139938,100142,1841996,2362008,a17f02192ef1d81d189c46869383dac8568e0632aef8eae9c42d05dc00860ec6,f22f722f637f48b390fb93622b289bccc6ef716a704d35b4ba2993cd95aea05f,2457a7f5f20dc552bbe9479d9c8769e38256c209ff699f00b2b4690287bc6cc7
PKNORLEN,2017-12-13,scientific_cache,69325,47130,772871,1029311,0680c6b5b1da95ee50dc4386d71b55d1730c9b3480dd2e65b5bb0daf31156283,1f8939a2044c7641a53408707fd2e478ec9d3f3373d7f0244495856263b07fb2,2457a7f5f20dc552bbe9479d9c8769e38256c209ff699f00b2b4690287bc6cc7
PKNORLEN,2017-12-14,scientific_cache,78331,58802,1002296,1283809,0c25a34e485f9776f867db2ceabab8da42b884ae968cf2f4b125aa836ce04463,69220bfe0db21335aac19c4937fbc2a6c17cdfb0b38bd3554abaf0f88dc19e2b,2457a7f5f20dc552bbe9479d9c8769e38256c209ff699f00b2b4690287bc6cc7
PKNORLEN,2017-12-15,scientific_cache,109874,71508,1269111,1497519,2c33499f7b00dee58ffa5d1ed1a4648a470f2dfb7ac39cc841a83edc099556c0,6efaabea463ef0fe8f66b2b9844d6d60ab10974574637ac1039e77aa063d3111,2457a7f5f20dc552bbe9479d9c8769e38256c209ff699f00b2b4690287bc6cc7
PKNORLEN,2017-12-18,scientific_cache,53857,38689,707532,879816,b9163cc57cec6e67a158a01bcc8e418106017fd38b6b84e48d7eac6c45adc697,347b95087558a10a37ade892c9dcd42eee9d6dbf5338be52003ac0d0d0853dad,2457a7f5f20dc552bbe9479d9c8769e38256c209ff699f00b2b4690287bc6cc7
PKNORLEN,2017-12-19,scientific_cache,51829,37173,702427,916768,651503f66b629c9953c58cc99c384e61fe3c3dc7fd7b8b0b59289454787393b7,1e8434c62d883b5ae631d94b9ca72d1cda1679f8cc896e75e032dde150a378a8,2457a7f5f20dc552bbe9479d9c8769e38256c209ff699f00b2b4690287bc6cc7
PKNORLEN,2017-12-20,scientific_cache,55426,41648,700798,896280,d9bd3fa23309c8928434532e5634e12fb97a806c34751dce3b273dba0f542ea8,64ca5642e81702d8d3a0f6691afef6938c53071456ad4854968a3bc16de63bde,2457a7f5f20dc552bbe9479d9c8769e38256c209ff699f00b2b4690287bc6cc7
PKNORLEN,2017-12-21,scientific_cache,48849,31901,530744,709631,9b8d2bd0b0501430863117bf2acd5555c4f4644c06758d8f453f596f74841e76,4ae54e42fe46e993fb03bfd47944d2b80cfa9f9ebcf76a1f4f3f9547958f5b09,2457a7f5f20dc552bbe9479d9c8769e38256c209ff699f00b2b4690287bc6cc7
PKNORLEN,2017-12-22,scientific_cache,33223,23960,402717,494273,c6b126e213b62d3daaa1f0c108d16ae84f0c2a1df56522b9fff42b89dc3283f7,66312b7c7ae4d9901a821701270439ddbb0cb4a4485b49f4a11975414e183fcd,2457a7f5f20dc552bbe9479d9c8769e38256c209ff699f00b2b4690287bc6cc7
PKNORLEN,2017-12-27,engineering_only_tail,42842,29566,470231,605246,492bcaf5b52132d951f338db8e98b8ba0892bf09a646dd42d5ac3145c113a8fd,09e8d72df6d762f310350a02da523617fad8adfb2ad6ecd03b12ac7dd6d0cd93,c4ad1eded24f96cdb7374cac23fad98f1e71f00e24c3abfd265f71ea132cac08
PKNORLEN,2017-12-28,engineering_only_tail,54745,27594,467312,579565,04c68e6b1e56b4b82e0471efa8aea51e082b9bc476f970700e438ee730853893,5c25fcb1363051001da673dd6c58aa452ad2434f5ffc0fba32355246e81e9319,c4ad1eded24f96cdb7374cac23fad98f1e71f00e24c3abfd265f71ea132cac08
PKNORLEN,2017-12-29,engineering_only_tail,53874,41023,804967,997298,7066393c42f32d8da1c5d8d43f35b7be22f6263d04042339361e1e8dbde37cc6,6ba51221ff111d9646e8fe025a7ef3167222ed86c02e4047b087dc445757972a,c4ad1eded24f96cdb7374cac23fad98f1e71f00e24c3abfd265f71ea132cac08
PKOBP,2017-01-02,scientific_cache,25732,17556,265261,295997,39b2138007608fc169147d5a6cd51a82d0c5db0c9ba9c4173beb4309b4fc45a4,20b6570c8e8dcda87498abeabdbef44ad5ca6ea7e64789afb39eb6bc410a3296,2457a7f5f20dc552bbe9479d9c8769e38256c209ff699f00b2b4690287bc6cc7
PKOBP,2017-01-03,scientific_cache,93206,56242,795202,984784,e23227c2b48e8db83d33ad19f5fcbd39f17d5a664d6161b270014e9983504290,14f819187019aa2a59640d30fda60c6b010083881066f97c8f170a961c9cd5fa,2457a7f5f20dc552bbe9479d9c8769e38256c209ff699f00b2b4690287bc6cc7
PKOBP,2017-01-04,scientific_cache,84517,56524,790192,1134621,998141318629c1b3a8ff0d86bed57225e0cf06ab824ba530cf38f021dc526aa2,fb5a7a8add5a6afd99a8b17b60e7b9b7e994fe8b8af649d69535c792ae5c1eb6,2457a7f5f20dc552bbe9479d9c8769e38256c209ff699f00b2b4690287bc6cc7
PKOBP,2017-01-05,scientific_cache,68668,43352,709321,925769,e6d2a035a085e69058d92dc714beb7096920425563acd52da0964ab5f1c79dfc,9b1bebf880debdaf690b655585475da40a359b39f919b5cd53f8db0a965443c2,2457a7f5f20dc552bbe9479d9c8769e38256c209ff699f00b2b4690287bc6cc7
PKOBP,2017-01-09,scientific_cache,78415,58524,874464,1185068,ffd0bd721ecd36c8a7acbac711d173768d17d4d3f86227a0d20522b8d11344d6,18f183757c5e7468de1dd1414310d17823fd970d8224cdd0b9f328895c30b3e9,2457a7f5f20dc552bbe9479d9c8769e38256c209ff699f00b2b4690287bc6cc7
PKOBP,2017-01-10,scientific_cache,57153,36190,538635,664616,1e6c3942e62e2ef3fbb647c402e9158b34fc40439b0a69f535fe57c1aeeba17c,5ea05a54de84e9cd41963ad51a2492239c8a8e20cf2a8b47a566e645eb33bef7,2457a7f5f20dc552bbe9479d9c8769e38256c209ff699f00b2b4690287bc6cc7
PKOBP,2017-01-11,scientific_cache,65029,37143,574774,706753,300a3480ce9fc0d3a46f889b261d179dc12310bf456f8f595d4683b525e4a1c3,9b87b424013b118064c45e0c3e746006118a7e6c3219684cc40b41308d30b9dd,2457a7f5f20dc552bbe9479d9c8769e38256c209ff699f00b2b4690287bc6cc7
PKOBP,2017-01-12,scientific_cache,65296,43102,755952,895429,e0d7cc0421a4e39ec4d098ea023ec8258ae6909bb05b256d4668311e10ab1a16,44979492528203f7fd22edb3bda65d0c27f6782da40e81a67f8d09a317a1ce80,2457a7f5f20dc552bbe9479d9c8769e38256c209ff699f00b2b4690287bc6cc7
PKOBP,2017-01-13,scientific_cache,69474,46871,742418,911751,7b9237e688d047cf7a5961d613121f8c0a9932a9d8928a0b299bfe7e6cc17be0,ef153e3dd40ffd8a3e82b71e999116e96084671e63f2ec357730b648d11185e9,2457a7f5f20dc552bbe9479d9c8769e38256c209ff699f00b2b4690287bc6cc7
PKOBP,2017-01-16,scientific_cache,79006,56089,866472,1087276,fca4e6741118226c4f0fa9387782a7a7790f2b2b1471049458a91030a01d0adf,e2cb6add51b4438655bacf013b075f9127b988bf1708f31270263fbff6c32ae4,2457a7f5f20dc552bbe9479d9c8769e38256c209ff699f00b2b4690287bc6cc7
PKOBP,2017-01-17,scientific_cache,69891,48712,772015,959402,794b313d32ad87dd15cf45b4e20d0df74596278c99cda8e68aa18367937673bd,674e68fb508b4862c8619eae2f8d6d9bbbfee94524ba8f0a80c626e5c4d91a54,2457a7f5f20dc552bbe9479d9c8769e38256c209ff699f00b2b4690287bc6cc7
PKOBP,2017-01-18,scientific_cache,68228,48610,845765,1084390,0900d244e2956dc11831519391e8329a40668a766a0b622362713bca6086326d,377734c11c03649048a5a61092e86c130d3cc825fd43bf0356006afd9a482af4,2457a7f5f20dc552bbe9479d9c8769e38256c209ff699f00b2b4690287bc6cc7
PKOBP,2017-01-19,scientific_cache,67361,48636,750903,942010,9d838e504e7225f2a43bab177235d4cfa05194dc89213291423400474a6d9e63,958cccbd4a293b65cb231330063ec4a540d018752a0ac86bf1f73316317c9b42,2457a7f5f20dc552bbe9479d9c8769e38256c209ff699f00b2b4690287bc6cc7
PKOBP,2017-01-20,scientific_cache,59488,33687,512841,632753,08d84f95726cfff6094375a11b0a3a4bda54bc17bdb3a394fd885963fb3e384a,ac1b9c57d2864fe072b8b7990f178085abae074c57ae69fe63402cca67a0b540,2457a7f5f20dc552bbe9479d9c8769e38256c209ff699f00b2b4690287bc6cc7
PKOBP,2017-01-23,scientific_cache,46937,29496,459643,503579,d600eb55b080da98987e6dac3735bb2cd59d8874fc5cbcfb32aa8b4656510b60,6a92edc0477642022da58c711cc674f7fb6abd4445694866a1df44b9084139f1,2457a7f5f20dc552bbe9479d9c8769e38256c209ff699f00b2b4690287bc6cc7
PKOBP,2017-01-24,scientific_cache,72848,41105,630786,809942,366ea55b1c4725c5fc06d9ed733fcd27f00875f0281564bbca7b9b102a968446,d8ed0eb74bcca5d340a164cc13f98edd5bd83cc24cd55242bb7ae814ccaf569b,2457a7f5f20dc552bbe9479d9c8769e38256c209ff699f00b2b4690287bc6cc7
PKOBP,2017-01-25,scientific_cache,95816,68661,1085167,1375457,a0faa0aa86db5110fad449cd7540b58ebe5e6888a4b0bb3841b448a13eee1b22,fbc45200649565f508d4186fd64f43b88586684c17ab9f56e6e971c65b5549d6,2457a7f5f20dc552bbe9479d9c8769e38256c209ff699f00b2b4690287bc6cc7
PKOBP,2017-01-26,scientific_cache,96948,59991,891291,1226407,224de39689c78f3be43de43167f1fed2d9e9805c91e5e8c2cf6b55ec89716e48,64631467a17a4deb611cecd626230e64929af966b3a7784f7f14dc2f4404bcfa,2457a7f5f20dc552bbe9479d9c8769e38256c209ff699f00b2b4690287bc6cc7
PKOBP,2017-01-27,scientific_cache,71132,47039,867050,971712,8dc4e258ac3cfc53b2e0c863b0a10a776a635a65c5f26c65136a0a4b09d12854,207f61f0525e2a7502628632daa489f65e06c3a67c2f9c4ae6fb28f2f7613077,2457a7f5f20dc552bbe9479d9c8769e38256c209ff699f00b2b4690287bc6cc7
PKOBP,2017-01-30,scientific_cache,57327,32960,482071,575855,8efb4ed526dd891a672f8f9f69c8b82643deed0f62726b80495297ba1676753a,c1602e0f066fe47aae37d4d6d99f794f857423cf9661eeea9bd093b9eeee5437,2457a7f5f20dc552bbe9479d9c8769e38256c209ff699f00b2b4690287bc6cc7
PKOBP,2017-01-31,scientific_cache,63597,43653,655681,747493,0dcaaef2d30d485eda1a4aedce5f101c8dfc389546b4c237c83f4a415249bc9a,95f13d41043fcaf46d818cd0561dfcfe459561cbef0e7411a5819181c28bce9c,2457a7f5f20dc552bbe9479d9c8769e38256c209ff699f00b2b4690287bc6cc7
PKOBP,2017-02-01,scientific_cache,62238,36371,523966,687116,d59e98af3d3506b26a9c4385b208acbd61ff1619fd7c0fada6a1a00ecb0b7b23,c2f4335836b0ddb49d32e5413ab8d00176adb531fbdcfe52c488c65faeaa6b53,2457a7f5f20dc552bbe9479d9c8769e38256c209ff699f00b2b4690287bc6cc7
PKOBP,2017-02-02,scientific_cache,56277,35062,566111,691677,d33c6e0b2ab6fb0bf36243ade7a108993931e46a4f17733b4d51c78424e4c066,a6213e842cabe0556e0691181b3c3421bd7bd971cdb966f3aca226a766a96cb0,2457a7f5f20dc552bbe9479d9c8769e38256c209ff699f00b2b4690287bc6cc7
PKOBP,2017-02-03,scientific_cache,60168,35364,579498,726110,1b7ec56a9082944a9327ee275c58065d032d4bdd506694d1cf69d00b5ca6bcbb,a46aa7f17f1a00cf191ea3b7d3d031f5022b9d8fa7e8ae2b20c54eab90d9d121,2457a7f5f20dc552bbe9479d9c8769e38256c209ff699f00b2b4690287bc6cc7
PKOBP,2017-02-06,scientific_cache,101752,70561,1177339,1418682,47b9b9692748bacca17e28c45c744d061323009c4f9de86a6308ce5acb1e4e1f,97f5ead50623cdcc2dbb338a3414563ed19815352405acc683ff2c9fa07ff1d1,2457a7f5f20dc552bbe9479d9c8769e38256c209ff699f00b2b4690287bc6cc7
PKOBP,2017-02-07,scientific_cache,52478,30873,453533,574604,5c95131db7de10d18e21147f1d1ba142d78e72f4c707b5b41af251ad82e46050,c4daa8ef0c0fbb515392d29cf8d95c9ac620bd2c602550400e4a02e6490648c0,2457a7f5f20dc552bbe9479d9c8769e38256c209ff699f00b2b4690287bc6cc7
PKOBP,2017-02-08,scientific_cache,63382,38891,569866,696365,5f7ac99bfd02e2eaee6017a282f11ef4c381f9e99f7f84cfc85d213b0ae726a4,8120ea4202abb57d89dec637936d08385f07a2a355e3a1f555ed55b566702445,2457a7f5f20dc552bbe9479d9c8769e38256c209ff699f00b2b4690287bc6cc7
PKOBP,2017-02-09,scientific_cache,72745,45083,676716,791906,e9ab6aab2f29faaf8a37ccddfc70650d36a8ff5b779c6e7fc1210423ad2a881c,1a9bef95d6cbd0a10bb60cd55baf359a2c45e5b0b00020a5506e43449681a2f1,2457a7f5f20dc552bbe9479d9c8769e38256c209ff699f00b2b4690287bc6cc7
PKOBP,2017-02-10,scientific_cache,85223,39624,574042,850850,22c360c8257845d349305d6763a4745b4f02d0f73c0c4bb89c391adc2cead74a,562bbf2641fc82f9af9a2240299b48922dbb0f2547af92c1510ce14114d9fb70,2457a7f5f20dc552bbe9479d9c8769e38256c209ff699f00b2b4690287bc6cc7
PKOBP,2017-02-13,scientific_cache,99783,68822,1080896,1370885,2fcade7974355ee8f0fe693f70107650c30e7a269602148564ed6b60cf244dc5,e0821c675a1f321d48353cb0ae2c590f366e1e03ca61c7baab89a098fcce1daf,2457a7f5f20dc552bbe9479d9c8769e38256c209ff699f00b2b4690287bc6cc7
PKOBP,2017-02-14,scientific_cache,75762,40782,662817,829125,0517f76fe4ed0f74d742b42056c4b7aab1e26c47df6bb931705371dc68bf8402,f264f47bf8afb077ce89e5f613d4b2c4367f76ad105d30b5bb932795ae17e575,2457a7f5f20dc552bbe9479d9c8769e38256c209ff699f00b2b4690287bc6cc7
PKOBP,2017-02-15,scientific_cache,126615,76109,1157993,1415608,7ba7cfff8d8ecdd0808cbac88cc3d1c2b85a7def2a7a4597c69050310c291ed0,ddfe0731a1414d0ef3c625b76a4ea2f3a1d032bd252118852e08e182ee1f6966,2457a7f5f20dc552bbe9479d9c8769e38256c209ff699f00b2b4690287bc6cc7
PKOBP,2017-02-16,scientific_cache,122280,86990,1433647,1786752,e0403f93ccc41962f3ec1d19ae122e82f05a3d4ab8d3c1d0a8f1ed711efd133c,6ca7367e06031274af5addaacad14724356b3f9a254148c2fc30ff55d084a502,2457a7f5f20dc552bbe9479d9c8769e38256c209ff699f00b2b4690287bc6cc7
PKOBP,2017-02-17,scientific_cache,150398,113570,1632726,2124388,771fc074eaebadaa20005c8734d4e4e34115a1cc9f05beffbad5653e96191dee,719e54484f2923159661c289489e5ac7b41d6176db6aae9d4d10f3237ab47f16,2457a7f5f20dc552bbe9479d9c8769e38256c209ff699f00b2b4690287bc6cc7
PKOBP,2017-02-20,scientific_cache,32805,19123,336586,383401,067879ea81a94dda0ceaef36af33ae9450298e1e8522c80a5d4785ba32cac7ca,fbb4b5c0004a6f5f97bfb748d223962969e96c6f152b39a70701e14e16fd964e,2457a7f5f20dc552bbe9479d9c8769e38256c209ff699f00b2b4690287bc6cc7
PKOBP,2017-02-21,scientific_cache,97286,67025,1130999,1415016,50ecd35dd1b23d8bb95edc13c62caccd98bb95c9bd008fb95a4b756151906027,4fec804fc4947d520fae14319c4aac22e8ad7f274d6e5d9bfba40d7e2055b488,2457a7f5f20dc552bbe9479d9c8769e38256c209ff699f00b2b4690287bc6cc7
PKOBP,2017-02-22,scientific_cache,95384,59122,847565,1125517,f63c572bf9ac01e9cfb28d4b22b50d4ea2f3cdcf11daf143b79f9c89ae060745,3aab34f1c48152bb0d231592e2f5099e6d16acd2d663c68e32a8f6b0aede0393,2457a7f5f20dc552bbe9479d9c8769e38256c209ff699f00b2b4690287bc6cc7
PKOBP,2017-02-23,scientific_cache,71565,47688,703107,936983,840d60271d1c5b93dec9eac9f50166b2e3780464b6f9e0fbf599cb8c2e676189,b9761f08cafbd176e6a99ef046ab2bcbb1f767b7f29c500d42172e7269be77d9,2457a7f5f20dc552bbe9479d9c8769e38256c209ff699f00b2b4690287bc6cc7
PKOBP,2017-02-24,scientific_cache,91777,62827,1159736,1419722,0b6f522d8aca1d2749578dd0863ae081a838d8f2a1c0bd8bf8658bffc60e9733,abd1d5127b3aac0ed831c58ceb5cf82562ca52fb093e99deb67031f926a8409f,2457a7f5f20dc552bbe9479d9c8769e38256c209ff699f00b2b4690287bc6cc7
PKOBP,2017-02-27,scientific_cache,76848,51132,773917,964863,fd029a19bce13ac83cb19c581e2398186d601e354a806ea38c497c3254c34782,0a2491694bee8fec0557e238d62bb8e7a7c87467759f2aeca54ac307af85ee86,2457a7f5f20dc552bbe9479d9c8769e38256c209ff699f00b2b4690287bc6cc7
PKOBP,2017-02-28,scientific_cache,70032,49373,769481,952543,aa42a0668dadaabd5ca2feb269c1067c838072c38132593eb59359c5b8e7b7a9,4d05b960c28cc07ea398a26697ae36687463dce3ff44ae2c46122986dff4ff93,2457a7f5f20dc552bbe9479d9c8769e38256c209ff699f00b2b4690287bc6cc7
PKOBP,2017-03-01,scientific_cache,104190,67578,992091,1272466,142806ddd9356a1c562a25f025b4e10657fa14ade87635b6ccdc2816d2e3db7b,4a3b6c2460755d827a6c94f1eda056ae0617b20c93f9f0e26f5aa61007883a7e,2457a7f5f20dc552bbe9479d9c8769e38256c209ff699f00b2b4690287bc6cc7
PKOBP,2017-03-02,scientific_cache,106861,64999,972083,1204028,a1bf731f3fec0cec57c18896367593308ca0f76ee966d163ec9a208e3ad0ab7c,b72efc103f16d031cf4911eab2f63b54fc6ef8d00fbfd04e26ab189007cb0443,2457a7f5f20dc552bbe9479d9c8769e38256c209ff699f00b2b4690287bc6cc7
PKOBP,2017-03-03,scientific_cache,104889,65772,1077710,1370152,aae49fa082c146ddeda1f0925740e9ca7e60fe6581ff949028ab741e3b0c4638,ebbd34cc01d83d81760ac0afcfeea52917062487bdafd4ef1a4944c112dd5575,2457a7f5f20dc552bbe9479d9c8769e38256c209ff699f00b2b4690287bc6cc7
PKOBP,2017-03-06,scientific_cache,94919,57988,865328,1056642,653ef92f329894e60eb7d5ee7672ef4dc08322554abfe4f3523452c99dfa7cbf,4bce2816c95b0a5847d685a6216d43e98c284acd82eed6dacefea5fe5081dc15,2457a7f5f20dc552bbe9479d9c8769e38256c209ff699f00b2b4690287bc6cc7
PKOBP,2017-03-07,scientific_cache,101791,66234,1123530,1417670,78f91925d92b7308abfa7ad40fdb6a643217288ac59040f64ccdb59e42cb35d6,6129b95b4888a41c559c5dff9bc88562b4a5df549bfe36b77d0a4c9fa6032fba,2457a7f5f20dc552bbe9479d9c8769e38256c209ff699f00b2b4690287bc6cc7
PKOBP,2017-03-08,scientific_cache,104010,70608,1125914,1349545,054792ada5841a0defa7dd4676405035694f5ee3ca1ff9b70fb99c901c27ccef,644be71e1c89e31c45d5d6de119e33bc7f40585586d5c69402e551b47ed942f6,2457a7f5f20dc552bbe9479d9c8769e38256c209ff699f00b2b4690287bc6cc7
PKOBP,2017-03-09,scientific_cache,137863,90711,1663766,1905447,86af7b559526e7fd076392b876be467e6f8194da667400b63fc3c9e0144c29ef,b655a0768b31b0f8de365ee25ed9089efde06df8a5c6723cfa66e8174017dc3f,2457a7f5f20dc552bbe9479d9c8769e38256c209ff699f00b2b4690287bc6cc7
PKOBP,2017-03-10,scientific_cache,123073,79887,1429549,1678823,08b7411a761130a404a9c1920fd3a81d9d332272834390659fd53c3ad8114eeb,d78c534ba552de64dab5c5e36ceb846eb1ac872580f22777dfc27dcb229f881e,2457a7f5f20dc552bbe9479d9c8769e38256c209ff699f00b2b4690287bc6cc7
PKOBP,2017-03-13,scientific_cache,77042,45459,688651,842785,1afdbf2a06f50a380fdf88564fe0535b5de50806a7a896b7d5f485f42af032d6,aa20e51760668daf654b1066097704e346494bc4fa927db7b380778156644b41,2457a7f5f20dc552bbe9479d9c8769e38256c209ff699f00b2b4690287bc6cc7
PKOBP,2017-03-14,scientific_cache,93753,58357,878470,1143309,e02a5a0465da83fea97c53fb5c26d3ce2b622c9b7b31c4112ff00543d2337ec4,f09d9f12251a6c051dd0901d01f420024706b2aa55a177c65fa265a0ecad64c2,2457a7f5f20dc552bbe9479d9c8769e38256c209ff699f00b2b4690287bc6cc7
PKOBP,2017-03-15,scientific_cache,102419,65395,983700,1291968,9f7c5464f7093aaccbea3625b7a8c6c69d9f6ba5468e7a0a7d7ca3efa30fab3c,621289c6306d481ecb0dd1067ecdc701e32e973191d806ee897fdc5b0b55939e,2457a7f5f20dc552bbe9479d9c8769e38256c209ff699f00b2b4690287bc6cc7
PKOBP,2017-03-16,scientific_cache,85145,52272,756651,1002434,cee6d6ca85adeba4ea0c82253a64730f5ac6593767d0c443bbf7f1dee4510a5a,3baae739b4fd7e64b0619b27351af67e54051c3c1e6b76d497b486827f711db2,2457a7f5f20dc552bbe9479d9c8769e38256c209ff699f00b2b4690287bc6cc7
PKOBP,2017-03-17,scientific_cache,92081,51806,947352,1206538,73b4593985c0c5b2e5a8904ea4c80edbb4a2617e8553de3c5be55f6909728283,098634c2c7634832ebfb6e0785727aed03e9f0f8c4a24a54f4d77e657e1a2e8f,2457a7f5f20dc552bbe9479d9c8769e38256c209ff699f00b2b4690287bc6cc7
PKOBP,2017-03-20,scientific_cache,106406,77239,990368,1211547,c5e0b2843d2561aba23e0c8400cf734e51cc14a446fe06e3f016a9e8bb3abad3,61ef752222e15c2a43298698d9291e6789a64f68cdf06037be5040e3a292417f,2457a7f5f20dc552bbe9479d9c8769e38256c209ff699f00b2b4690287bc6cc7
PKOBP,2017-03-21,scientific_cache,113712,70858,993849,1235233,b2c25bb0ecd873f23cf5edfb2ecd338f9dd8490e0decb12be618fd09b4c1350a,cb0481c06da2c2a21ce041784f17e20e024cbaef079ec4a51c61343d029fa590,2457a7f5f20dc552bbe9479d9c8769e38256c209ff699f00b2b4690287bc6cc7
PKOBP,2017-03-22,scientific_cache,99732,69392,1076254,1355106,0b68f44c6180da2dbec9e993e64fe4c67a7cc3323681da0300702923f25f9f58,a3239bc57f029673e9811882ab5bd0b1f4b35cfa65f6d05ef01ae50e42bd5b81,2457a7f5f20dc552bbe9479d9c8769e38256c209ff699f00b2b4690287bc6cc7
PKOBP,2017-03-23,scientific_cache,85787,61189,905933,1125773,e536ed10409823d79c438a77caa17ede020c99dfbcd7e59472256179ddbe5514,6d60c9b325445863a9913a2dc1a32c237a7505ccd5439d1badf41583c898e251,2457a7f5f20dc552bbe9479d9c8769e38256c209ff699f00b2b4690287bc6cc7
PKOBP,2017-03-24,scientific_cache,52859,34180,594111,737750,4912b1a508916e6179a0a29c0f35880d65fd7efaecb5c757e2346c4b89344a35,cf5bf2b6f83ab7f13fce8f886f0c3aecaace89745dc11ead5c52583fdd42117e,2457a7f5f20dc552bbe9479d9c8769e38256c209ff699f00b2b4690287bc6cc7
PKOBP,2017-03-27,scientific_cache,65136,45699,754759,864787,714611af045d9c483c7577013aa2891bcb0b18f7b503fcc9483d5f13ebb02538,d77aa25567483a537232fcb28cd31b4471ba959478665ec1a3faa815fbc4aaf0,2457a7f5f20dc552bbe9479d9c8769e38256c209ff699f00b2b4690287bc6cc7
PKOBP,2017-03-28,scientific_cache,49767,31216,471429,571449,4d994f108d64ee0704e68d0071ad754141c586b55b16cf35000d2ad49de193fd,af74925513e4433c21b03a8bb1e139c5c544f633396463059c74f02637f89797,2457a7f5f20dc552bbe9479d9c8769e38256c209ff699f00b2b4690287bc6cc7
PKOBP,2017-03-29,scientific_cache,77510,51296,767234,940873,c00513510d0e638a2cfcbcd11eb18ea18610912d267c8b7d68f721980ea950ac,20a4292e1d52ceef0659cef0361de4184f9f16f7d63a9a6fd30bb0b7447e8f9c,2457a7f5f20dc552bbe9479d9c8769e38256c209ff699f00b2b4690287bc6cc7
PKOBP,2017-03-30,scientific_cache,76141,55677,781580,1014992,d557c633474e556504584116ee37d1ef81f6c91ef76a0ff443be19fe6c354112,02193827dad1caafc5f62c0f228ac522c1b024daef80b10e5e8c470a145d5911,2457a7f5f20dc552bbe9479d9c8769e38256c209ff699f00b2b4690287bc6cc7
PKOBP,2017-03-31,scientific_cache,75673,54978,818199,1069779,7782577c6cf05e2c1e736c2eb550016f86db8ccd6d2e810def8c9cfbba0d23ef,51d5d118d3fc9fb54aaf8252b60a4bc5aa3e9c77747eb7a22c63cb2b0fc43789,2457a7f5f20dc552bbe9479d9c8769e38256c209ff699f00b2b4690287bc6cc7
PKOBP,2017-04-03,scientific_cache,61007,36750,562881,628160,2254d6576a0e9fc6b5e518a982224d0e509ea526cdbb3e470e948fee5a6ffee0,9daf28f5c5f9d8c7c1dc2072b43746777c474915e6d3406e443fc4dae79aad82,2457a7f5f20dc552bbe9479d9c8769e38256c209ff699f00b2b4690287bc6cc7
PKOBP,2017-04-04,scientific_cache,78932,45688,664901,833086,28a5d7cd53abb5529727bd3065750c4ac6622814b896d380142c34edad7c392c,a16145de9d65699ff30373623d49e83e7be0cb56b5e1ac1b654a56c1d648c605,2457a7f5f20dc552bbe9479d9c8769e38256c209ff699f00b2b4690287bc6cc7
PKOBP,2017-04-05,scientific_cache,63755,41717,719919,916637,cf7849f9299cf6b933286fe4f59b89d15e10cea018356e4537b83d5493b80c74,9cf7bdd9dcfca52a6dbfa6a4999cb0e1bdf90b5b845085055ea4c1f10c0d0394,2457a7f5f20dc552bbe9479d9c8769e38256c209ff699f00b2b4690287bc6cc7
PKOBP,2017-04-06,scientific_cache,64935,39642,572350,728558,3612795fc5bc71382433328d04544e720f7b5b0cfa5cf9081a75224917855492,04f9239ff07ef1f44f2b887652f696b608b7031af186f3951508020f546ffd91,2457a7f5f20dc552bbe9479d9c8769e38256c209ff699f00b2b4690287bc6cc7
PKOBP,2017-04-07,scientific_cache,75496,49162,854552,1056168,92f359bcb984ff42052bd559fad516c0f12ec3815fb04a991472931cec634a23,ad2c0f08695ef9c9e7264fd071453bac314bcbdd5e83ecf10db8c2b77084abfc,2457a7f5f20dc552bbe9479d9c8769e38256c209ff699f00b2b4690287bc6cc7
PKOBP,2017-04-10,scientific_cache,53922,31225,451813,545364,7560c9973d2be1039ac970f5503d20e2219e1e93d27cc2677071cdf260d23160,32810062e847d23b5a3403d1b6a98755f5f37429f13a708b3b3cfb5b9909a6ec,2457a7f5f20dc552bbe9479d9c8769e38256c209ff699f00b2b4690287bc6cc7
PKOBP,2017-04-11,scientific_cache,72117,40009,574857,663799,a8890fa3cdd53da1fe30e448dae1947d9bbf6d48aa991eea797ece6fc750e35d,45103ab716ef2cd2bf9c079d34d25c1ef989daa97a2abebcae62b9a970d48c7c,2457a7f5f20dc552bbe9479d9c8769e38256c209ff699f00b2b4690287bc6cc7
PKOBP,2017-04-12,scientific_cache,76032,43658,694571,863250,6a81e2e897e5a4dd97c0d72ee0592b0b68511d8d9c91fc6e537407917012f134,9ccf90f19177f1c180edf1fb9d9c840fe6925ca1ddd0a22d2e99ab87da6caf95,2457a7f5f20dc552bbe9479d9c8769e38256c209ff699f00b2b4690287bc6cc7
PKOBP,2017-04-13,scientific_cache,109934,83393,1226009,1561359,dbcd73b78413d6f9060ea3f15abada505226d0a3d0859d60c6410ca60f7a3012,50af12558ec644ca7d30929b33a5f9fb3c537d148a48f87d55e5efb7b7759956,2457a7f5f20dc552bbe9479d9c8769e38256c209ff699f00b2b4690287bc6cc7
PKOBP,2017-04-18,scientific_cache,89620,61908,965745,1187458,e695f7568ce0c3072e785a903babddfcf7c203e7607eec9031d7695889e329d5,7d340c083cbb4b536998c697116b3cc1fca5dc9f4b23b6fccfe7ad1f45c899c7,2457a7f5f20dc552bbe9479d9c8769e38256c209ff699f00b2b4690287bc6cc7
PKOBP,2017-04-19,scientific_cache,83939,60876,983927,1278392,ed4af5c8022f863d9324625d8a659cb297b4810aab288cdc193fee8e9521a066,100018aaaa4ea0d49a17ae193207a0a9fdb13147d8a79ab75b962f334299bc65,2457a7f5f20dc552bbe9479d9c8769e38256c209ff699f00b2b4690287bc6cc7
PKOBP,2017-04-20,scientific_cache,66814,47526,866287,1048116,22e78cd119a8a068f16c4c68042c596dbae46e8cedbb6fa2f1072ce3d077f9c4,23b3df55c05eacee53c87102ab0b518a8056a52a905b90e744500f7991aa161a,2457a7f5f20dc552bbe9479d9c8769e38256c209ff699f00b2b4690287bc6cc7
PKOBP,2017-04-21,scientific_cache,61335,39225,722464,818716,dc1388d123324d8b48f3a4b1681f00b686aa9e78421aa98a3680309a31e74de9,b0ad36133f0682535fb8f4265b9e15f8afe9c5874e3c48977c263bbe2aa99bc2,2457a7f5f20dc552bbe9479d9c8769e38256c209ff699f00b2b4690287bc6cc7
PKOBP,2017-04-24,scientific_cache,88280,50537,848223,1033890,80fe9d4c30c64495ed7e3619648b8455940834ffa6347f1ea25187c3c64d54a2,1ff97d0898c0597cc63a8c074a1572f234377d62ee75c9221ba1907dcb617132,2457a7f5f20dc552bbe9479d9c8769e38256c209ff699f00b2b4690287bc6cc7
PKOBP,2017-04-25,scientific_cache,83848,53542,885126,1117412,5fe3830e5bab987e086409e07ebcd52db80221f23a9c4dc81909f20b755b690b,1cde23bd45a0c773e27686203baf9a36d465d50f8450608c71db407fe4a95047,2457a7f5f20dc552bbe9479d9c8769e38256c209ff699f00b2b4690287bc6cc7
PKOBP,2017-04-26,scientific_cache,174093,125362,2013210,2559268,ca96e75e0e2a84fa337c481ea186199be862f250251035cced67964e677fbfd9,49766ef15509ccbea6f6b0e91c28ab32a0df0339ab4a179e3cd5e489d536860d,2457a7f5f20dc552bbe9479d9c8769e38256c209ff699f00b2b4690287bc6cc7
PKOBP,2017-04-27,scientific_cache,93437,63162,916938,1172497,45daa8816d8952044d4c93603e66c3a16ec8e2804558f8bf797921568aceb5a5,0e3ad453ec86bd689c53b3f77dd9a0117d4b48a213f69d5969c31029b6c8f780,2457a7f5f20dc552bbe9479d9c8769e38256c209ff699f00b2b4690287bc6cc7
PKOBP,2017-04-28,scientific_cache,74552,49041,910965,1056516,c968a15428f1f8ab6c8cc67339e8faf835aa9634d6793606bbbd808e972b97f4,a90baab7c4fa512a0453b22fdcc6b61acfd1d18e3c09e0bbdde814985ad10aa0,2457a7f5f20dc552bbe9479d9c8769e38256c209ff699f00b2b4690287bc6cc7
PKOBP,2017-05-02,scientific_cache,61355,39313,621311,779782,008bcb91deac05d36c761519b9b96f33f53728a452f7eaeb384c3ac730f4bab9,c0f1f7c7f5622fb1fed8ebe70e8b15f6e724cbe82660d1eea5eb15d2d7c08aaf,2457a7f5f20dc552bbe9479d9c8769e38256c209ff699f00b2b4690287bc6cc7
PKOBP,2017-05-04,scientific_cache,164924,106371,1604446,2036150,fe91f0dfc7d0fd82a4135648758633d094a7035139804cac4464bd9b26369a04,bdaee17193ac234861fea1fcabc008ce8c8a43097e76f607b01f49a615e54dd9,2457a7f5f20dc552bbe9479d9c8769e38256c209ff699f00b2b4690287bc6cc7
PKOBP,2017-05-05,scientific_cache,134206,90026,1324156,1641806,3de1a2dde99bcea425a1f29d98a33ef269b4393cb7386f8cffb4e44b6a61c544,d01decd266000773a9ad3445794c21c2a089c11ecc0dd886db31b066f47b4076,2457a7f5f20dc552bbe9479d9c8769e38256c209ff699f00b2b4690287bc6cc7
PKOBP,2017-05-08,scientific_cache,85503,60150,846321,1141791,0a446390b1ba7a4b591d740178e3040d43e0ada89d66249bafbfa9960bdce860,0ddc6afa086f2f111f874e3078bacbbcf245b72d80456ebb5456a6b315dd1843,2457a7f5f20dc552bbe9479d9c8769e38256c209ff699f00b2b4690287bc6cc7
PKOBP,2017-05-09,scientific_cache,110775,65706,960041,1208821,845044253ad73736a7853554c664529a8234209afaf65becb40bfb9f1ab90e02,d9f3c729321a7f351588dea2b5a6a1fe225b2bd976f8f26b44f372f3813c8daa,2457a7f5f20dc552bbe9479d9c8769e38256c209ff699f00b2b4690287bc6cc7
PKOBP,2017-05-10,scientific_cache,131117,93246,1366758,1726478,7228f96ade664b9bdd0e0cff122cb67df4cf6d82948fe84598b30fa84381250f,a82eeca656c13f28cb590a745406e254f287e15f19c3705d38672809b9649165,2457a7f5f20dc552bbe9479d9c8769e38256c209ff699f00b2b4690287bc6cc7
PKOBP,2017-05-11,scientific_cache,103342,65830,1117909,1324410,85d0e8075c4f200da55983092d95c320df7714be5739fd18cbc7b5aa6964c378,b250dfe287dded7eeaa7493292ac3a120c25d159bf80d4f17cf5fbd295611a97,2457a7f5f20dc552bbe9479d9c8769e38256c209ff699f00b2b4690287bc6cc7
PKOBP,2017-05-12,scientific_cache,80545,53050,834787,1030784,a7592864b730a3741ea4e88874a98aa2ae0fef82975df4a31b9e28948947ac60,828561b0d0ae542db5a9fc8a40f1510e5f4b1676a83c22e1fafe50c4476d255c,2457a7f5f20dc552bbe9479d9c8769e38256c209ff699f00b2b4690287bc6cc7
PKOBP,2017-05-15,scientific_cache,84385,52888,878343,1011073,0cea1ceb10f62fc38c3980e17e879904e0c2fdadd451cfbc336c30690fb4fbb0,d0a637fffff57ed7f1cb01675f84b01e77c3d0f63b39f406ba728bdfafd4ac9a,2457a7f5f20dc552bbe9479d9c8769e38256c209ff699f00b2b4690287bc6cc7
PKOBP,2017-05-16,scientific_cache,139763,98358,1426647,1814462,3d7ab8ca273b8d7e5b310700c0e10f0ec1f1001eedbf6a76eda9a505627160fe,d98f1da5488fb60fcd82befa4da32d15c257dbdfedd71f8bf75bdbece977c205,2457a7f5f20dc552bbe9479d9c8769e38256c209ff699f00b2b4690287bc6cc7
PKOBP,2017-05-17,scientific_cache,118341,69060,1009435,1364359,f732db3371c94966c8653ba57d9e51e683723fd9e7e30f4ca1359b5d957173eb,d411c34a796063aaca2cd8f7bcc93aa566d9c842d01beb55765cf982ef844262,2457a7f5f20dc552bbe9479d9c8769e38256c209ff699f00b2b4690287bc6cc7
PKOBP,2017-05-18,scientific_cache,87961,57626,933128,1144140,affb65e3cd11b575df249659bb8ea51a8386503dd64ca24436e801bd4299c93a,81b3fecb928c8581572dbc6b79f09c2e6a44741e778c18088b452d929960ad5d,2457a7f5f20dc552bbe9479d9c8769e38256c209ff699f00b2b4690287bc6cc7
PKOBP,2017-05-19,scientific_cache,99847,70175,1081001,1354885,49360d0fb70d5cc3fee5706d24657f6e4776609484eb982ffd788193aef36902,bd3013c1c5cf20a1fbed25e82cf8dcb999a8a6ef311e261bb155a5168bfd18ad,2457a7f5f20dc552bbe9479d9c8769e38256c209ff699f00b2b4690287bc6cc7
PKOBP,2017-05-22,scientific_cache,129311,89573,1410944,1630226,442dccdcfe05ce3ce78744585c4adf2805a80847ef18171c8f884cea19e8bc81,155a0b92600ba224aeb4374977c46ef7b79af77df0a2b498339613cb93ca58e8,2457a7f5f20dc552bbe9479d9c8769e38256c209ff699f00b2b4690287bc6cc7
PKOBP,2017-05-23,scientific_cache,95401,67792,1066699,1267433,efe3816ce73cdd6af1f2003304f76c71efb55234c8491fcbd7c66be87bdf72cf,29eccac4829682b410a62e71d312eb9137288097b7dcbd7a3e258ff2b00c9778,2457a7f5f20dc552bbe9479d9c8769e38256c209ff699f00b2b4690287bc6cc7
PKOBP,2017-05-24,scientific_cache,119612,79702,1443032,1693124,70851d8ea02cd91fe99ebed813fd9e7c60a6b0a59ccbe665db7e8256c9d74519,a7c3f40e433bfc520fac913823b8124477b5a0fe21dcfd9ad66b546434bbbec7,2457a7f5f20dc552bbe9479d9c8769e38256c209ff699f00b2b4690287bc6cc7
PKOBP,2017-05-25,scientific_cache,109285,72946,1225814,1478860,84861751788f6cd83082a5547a01b02da98713a5027269206a35ab092a41275f,041db1626d4e3908398146cf93f2768cb7148f92565dd8a6af714b04d02ce3a4,2457a7f5f20dc552bbe9479d9c8769e38256c209ff699f00b2b4690287bc6cc7
PKOBP,2017-05-26,scientific_cache,125565,98574,1504727,1821486,9c72acead91309478bed449eb06cfcae10ad9d70323528a6b6a96d75ab792587,6c2360d1180707581d5adfe6b26b2f3e14353e169bf30f332834dcd161c3a660,2457a7f5f20dc552bbe9479d9c8769e38256c209ff699f00b2b4690287bc6cc7
PKOBP,2017-05-29,scientific_cache,42069,28066,425777,481967,9a1726c7c2dd7449ebbe9fc8f846d3ac79af3b08e7a8e683452f08f7da517b9a,e2b68e3eec1e337a7d5c1cc8349a23baa09821142765a611a24c0c3d4fc34e03,2457a7f5f20dc552bbe9479d9c8769e38256c209ff699f00b2b4690287bc6cc7
PKOBP,2017-05-30,scientific_cache,113516,85320,1424734,1636032,ccc11fa497e7534f9b525052a3ec4277b94d0a1e445f3251a2ad6e418d5eefab,2ab76f6060339aea3c3ff43a1b18a753dba7ca3e80db97edef86bc1fad075a7f,2457a7f5f20dc552bbe9479d9c8769e38256c209ff699f00b2b4690287bc6cc7
PKOBP,2017-05-31,scientific_cache,108524,72888,1117385,1377435,09d8a4ad2eb184bf225cf129d7a7b7e71333283d53606afac2d03dacf131b71f,b653f6149e11631ae46ddcf2714a325a327897568dab7cce1e2076f80631b44f,2457a7f5f20dc552bbe9479d9c8769e38256c209ff699f00b2b4690287bc6cc7
PKOBP,2017-06-01,scientific_cache,91047,51386,729678,992962,d3c3f18d4d74621b4f3e6cce7bb230979fdcd26eb077a97c7bf0dd8699a63b7b,33a5c16f9807c14a2521ee92fd0984557b603a2620b6dfeb8a3283982b641920,2457a7f5f20dc552bbe9479d9c8769e38256c209ff699f00b2b4690287bc6cc7
PKOBP,2017-06-02,scientific_cache,75813,50428,855552,1048926,80b4e1bbc810cd801f916c2dcf84ae794495e0c9649c61fab6d5521947b1d14a,94f003d38aaa753dabca5bcf60c32daf534d696377deb607aa0ed6c0d84569c9,2457a7f5f20dc552bbe9479d9c8769e38256c209ff699f00b2b4690287bc6cc7
PKOBP,2017-06-05,scientific_cache,69834,42972,832545,982310,2e31e4a7ac28b30f28f7b34bf9dca0549c8e98624fe2a6e8cbed42b6c7f92d0a,e4ae1583f051b669982e1c30a5d7227296f6b02a95ae47c3dc2eebc833e1b547,2457a7f5f20dc552bbe9479d9c8769e38256c209ff699f00b2b4690287bc6cc7
PKOBP,2017-06-06,scientific_cache,104535,65073,1108754,1290777,9fac4bbdbf1c17981b210367c394d53094d776785ce9dcea25c28224995777e5,b334f82c97795e3bb157a26d5835a8404378f11c60aba8243527d79d03c98a31,2457a7f5f20dc552bbe9479d9c8769e38256c209ff699f00b2b4690287bc6cc7
PKOBP,2017-06-07,scientific_cache,82511,49846,843874,1006111,a87a00a37385ee5103f555ba0fbd334916a77313a71e5bd34208e3dc12eaad06,a7385a08266ddc2a74945b48668bd4e040dea4ead98cd7cec620b0ddd0b1c60f,2457a7f5f20dc552bbe9479d9c8769e38256c209ff699f00b2b4690287bc6cc7
PKOBP,2017-06-08,scientific_cache,63455,44431,784516,931159,0b8abba11bba84fda2ed8d23965d9f46a2d4a905e5d235a90ee7a5105c8712da,20ccd2cd6f7eeac6c68931acfa465e5bd7b4de9c7efe1b33c4b037a2d1b69ae2,2457a7f5f20dc552bbe9479d9c8769e38256c209ff699f00b2b4690287bc6cc7
PKOBP,2017-06-09,scientific_cache,83813,48119,767037,963375,0153d56e282cef4eaf1cc21125964c4926da808a56b7b57030bc5ac44b94010e,4fe2c3abc55d692eda07d7e7d2fdbdc31e8a2b8c553efe75a08938d4bd3fdaa0,2457a7f5f20dc552bbe9479d9c8769e38256c209ff699f00b2b4690287bc6cc7
PKOBP,2017-06-12,scientific_cache,100011,76677,1199775,1515800,40e202e0aa029ccc77e34c79aa0a3d98fe351601215d5b7765a42bc32102ee3e,572fda81eb6079a6a4653ee3e938efcc99b08f4f0968ed6754a8492f80c40b58,2457a7f5f20dc552bbe9479d9c8769e38256c209ff699f00b2b4690287bc6cc7
PKOBP,2017-06-13,scientific_cache,87649,63447,1037014,1312047,a3f8f591ea9178486d76680f554ee59a9f8e4c5db6397ebedb577bb0f12add4e,e448dea1ff8d65522638aeb693e62aa1933dda854d717174e836d920ba8c4229,2457a7f5f20dc552bbe9479d9c8769e38256c209ff699f00b2b4690287bc6cc7
PKOBP,2017-06-14,scientific_cache,90269,59803,1007798,1239451,a66bbeae4d6279ef8f779071e1855b28cf3179d12a417cdf7c4435da50a41c47,fd08e127d7de0cda073e02e44f2b94e0d18f03c94b242844e41976f8137138de,2457a7f5f20dc552bbe9479d9c8769e38256c209ff699f00b2b4690287bc6cc7
PKOBP,2017-06-16,scientific_cache,90319,56733,951165,1187927,b6e671585c256376823cdd891cc621627be557f44522149e7a309d6b1b51a807,919e99e6e6296c2710a486a248348b485b18c9198457fc691fa86bf67bb68fa9,2457a7f5f20dc552bbe9479d9c8769e38256c209ff699f00b2b4690287bc6cc7
PKOBP,2017-06-19,scientific_cache,51537,35197,597289,680474,dce3d1501ca6d6a586f404549b72627a600ba8e6478247b6daea1cf298745031,4c11196d0d33a52f6b94d9e13481babb7f3cddf64f57dc530d0de5148e3eec0b,2457a7f5f20dc552bbe9479d9c8769e38256c209ff699f00b2b4690287bc6cc7
PKOBP,2017-06-20,scientific_cache,75892,52943,993609,1250652,e13ffad5c58803036d56054647efe8954dbe46ad7828e431dd050310b833875c,bd2b473a065fee7fd267a346c82143ea0c1eb58da48cfb44154f5460f23cc06f,2457a7f5f20dc552bbe9479d9c8769e38256c209ff699f00b2b4690287bc6cc7
PKOBP,2017-06-21,scientific_cache,91174,61999,1048481,1266898,beea0619224bf0943d4a3e73ef2f90fac928f630eca29e39fd4175d1d11a751e,9b65ca373f42d1438c24502223204129bb2e78c1b54dd13d5a97e8675ad3eec8,2457a7f5f20dc552bbe9479d9c8769e38256c209ff699f00b2b4690287bc6cc7
PKOBP,2017-06-22,scientific_cache,44340,27281,461756,532288,2b75457cf88ada623d0f27d866910c087ab67ba68246660aa5253f1374bf67b4,c34560d8f6e66e0f77963fddf4104b941fef43bbe492a2527082a69894feaeb2,2457a7f5f20dc552bbe9479d9c8769e38256c209ff699f00b2b4690287bc6cc7
PKOBP,2017-06-23,scientific_cache,66869,48027,853980,979224,2db9719ec5c18492baf2f2a583c99f6967f2c755102b5faad6ece7c32c461fe6,9a4de613f2f34c8dc2c22e4a2120cd8e22353220fd24be1ed005bfe11b5a8515,2457a7f5f20dc552bbe9479d9c8769e38256c209ff699f00b2b4690287bc6cc7
PKOBP,2017-06-26,scientific_cache,83496,51619,789500,998163,cd0fc36462b148f15eca4c9bf2e94a040ed78940aaae267f2db510b887b11130,4519bd96c5e3eb19bee7a8cf443f8617045549e09c7e9006dc8c07ccdf3d58fe,2457a7f5f20dc552bbe9479d9c8769e38256c209ff699f00b2b4690287bc6cc7
PKOBP,2017-06-27,scientific_cache,82587,43641,698039,813798,e14e91d5d0a927b880e2cc5cd5a23716d1e8afd461c7f61d0eff882df29d70a4,385c39f0655630e133af0e8f72672037194c24ab1f4dcb523f9b37d49ca6f174,2457a7f5f20dc552bbe9479d9c8769e38256c209ff699f00b2b4690287bc6cc7
PKOBP,2017-06-28,scientific_cache,87295,58699,886127,1126197,5fb26c152fca39cdfa77c005a54e82b675a57e452b2cceb2cfd5abe1a31f861c,fe4f359d46fcd8ceada5dd5ebf94e5eabdeca41312038c23b20d19623ef10ec7,2457a7f5f20dc552bbe9479d9c8769e38256c209ff699f00b2b4690287bc6cc7
PKOBP,2017-06-29,scientific_cache,70665,46024,885535,1020376,861ed97222073981c1953f14324f1c7cdd6e88bcb8f3ba610c4eec8ff254a65e,3002cdcdba8f9e68b71edb0d06e041286d6b640d928ff938255b33fdb9adddd9,2457a7f5f20dc552bbe9479d9c8769e38256c209ff699f00b2b4690287bc6cc7
PKOBP,2017-06-30,scientific_cache,63144,40583,658533,833395,3a9e3ca7f620bfe0f6f1f8fb9ed55fd6025ee6bd67c934ae6642ad633908bcc4,0999afa06428a341a8a791e2db5608db7787010eaedec006e13584013fafd8ca,2457a7f5f20dc552bbe9479d9c8769e38256c209ff699f00b2b4690287bc6cc7
PKOBP,2017-07-03,scientific_cache,43074,26569,431454,511483,1bd2e1eb915324d7fc1cd6d387e88b2047d515b7795be53cc2c633706762aab2,ef0f3daeb76ee68ba11ea15faf23d015b527268100e1a6148bead81b81cd057b,2457a7f5f20dc552bbe9479d9c8769e38256c209ff699f00b2b4690287bc6cc7
PKOBP,2017-07-04,scientific_cache,62226,39816,699502,843831,1148c77187a65412769b7851f4500b8d381a4403c96ddd45aa84079a0e8f4ea7,67152eeb8c03c61a5044df8058336d6e27d90319396e6061d98bbe1a6bcf5b75,2457a7f5f20dc552bbe9479d9c8769e38256c209ff699f00b2b4690287bc6cc7
PKOBP,2017-07-05,scientific_cache,54773,36646,614022,723467,4643a7c6988b8522d12eb2184267efa89d979a118b940ab21c48f5636d3441c3,22617c5b68d321f73c76cf3b12787bc698d1be64fa9b2ca2f88f25921b650219,2457a7f5f20dc552bbe9479d9c8769e38256c209ff699f00b2b4690287bc6cc7
PKOBP,2017-07-06,scientific_cache,65073,41841,795299,913857,55c1d8eeaec65925e0a04d4fd5b036c5b594f709a174b0c67b1b67f70a6fb71b,c912d31e87f9c6d7dc6a3fc37cbc8cd5f7e89eda3fc997b53a7e45f69b83af5b,2457a7f5f20dc552bbe9479d9c8769e38256c209ff699f00b2b4690287bc6cc7
PKOBP,2017-07-07,scientific_cache,37891,23728,357644,425433,472dee76e8adf9248b58976cd051340b6e31b3628409c4b12c955bbe64563165,9573cf4bfba216f4a28bba2e3260e6a5c16e73c6f54ef454911b6388b6474b95,2457a7f5f20dc552bbe9479d9c8769e38256c209ff699f00b2b4690287bc6cc7
PKOBP,2017-07-10,scientific_cache,43958,24367,386362,427536,51de40e1f85ae82077090ea7b4263caf5dfe5ba53cb9e95e450e4002919f79b3,679c3a75900d5f4379b20f57012258efcc2655638e7a860cef12302b7d65303b,2457a7f5f20dc552bbe9479d9c8769e38256c209ff699f00b2b4690287bc6cc7
PKOBP,2017-07-11,scientific_cache,52295,31759,475393,588686,761d34ae23344575df5216424cec31104afc77143a572694bb09324a627c52f2,e03a82fedbf36dced04deb13030b7339d1e326143b8cfcf6cd855a2649e1c424,2457a7f5f20dc552bbe9479d9c8769e38256c209ff699f00b2b4690287bc6cc7
PKOBP,2017-07-12,scientific_cache,68755,40331,624753,758331,7259c4d2de83fe6295b244410944674850160566423c9b43878814479cc67c1a,89758e8d663ef2421d66cf403dfd8cd25be9660ec6addee10bcee1f8064dba62,2457a7f5f20dc552bbe9479d9c8769e38256c209ff699f00b2b4690287bc6cc7
PKOBP,2017-07-13,scientific_cache,58070,38089,581401,715082,de06f5e3d4826fb88d346b70e9338d955e0a459ce4696774c34e26e9bd89fbad,04f192ef2900d5a064ca5a36a63c67a2ae0a837341c7cbea48777494ca512101,2457a7f5f20dc552bbe9479d9c8769e38256c209ff699f00b2b4690287bc6cc7
PKOBP,2017-07-14,scientific_cache,45019,31669,466188,543996,26c3b3221e7d7e09860aa9c9d79070af22a83e52fa924504a04cb49417f34ae7,7b0acaf9389effdd78a4decceec9fc9b4567304274c59720572d7a0ba168d7de,2457a7f5f20dc552bbe9479d9c8769e38256c209ff699f00b2b4690287bc6cc7
PKOBP,2017-07-17,scientific_cache,64589,37515,581000,797679,b3cf018f4be4ce83e7a9589f91f5bf7e9aef2b1dfb95a6ae834630a02948c51f,9c061cef4c3b791825dcd47eea256d06701040f70bae4399eaabc888317b350e,2457a7f5f20dc552bbe9479d9c8769e38256c209ff699f00b2b4690287bc6cc7
PKOBP,2017-07-18,scientific_cache,47268,32594,512680,646223,710a3ca5b6d960b95bcc41d4ff0cce343a8dfedb209b1edda28b296c9e9febc9,47dc5dde294fe6b0e39474d85b8d89b73b11242d1b314934278e6e15e7e4b1d4,2457a7f5f20dc552bbe9479d9c8769e38256c209ff699f00b2b4690287bc6cc7
PKOBP,2017-07-19,scientific_cache,48826,31965,464228,625989,1b3bf692690a7ec64406195dd854350dd5655030a66b6f1bef35ba74089ed91d,51bf8412c34fe87f82e70da01397c3e0e3a34ae1be51249fcc5acabc258ca435,2457a7f5f20dc552bbe9479d9c8769e38256c209ff699f00b2b4690287bc6cc7
PKOBP,2017-07-20,scientific_cache,56892,36771,650203,832291,7da33b3d2db9fc193d482ece5cdd4d18f03f163973e8d6da6ae6e531d8a8857b,790ca95c71fd3f4f032e748e6e253a0c86fe36c4542079f4da0d8b36e1c8012a,2457a7f5f20dc552bbe9479d9c8769e38256c209ff699f00b2b4690287bc6cc7
PKOBP,2017-07-21,scientific_cache,62287,41217,663644,839948,42e79d9b98cc89317393547c5cc4e4acc3d3dcf5e28b59e4fee20f14d2326bc9,fa68b953fb1b82baa39a45577800b2369702f24e3d2dba47b87fddaf4c9ed390,2457a7f5f20dc552bbe9479d9c8769e38256c209ff699f00b2b4690287bc6cc7
PKOBP,2017-07-24,scientific_cache,52752,32686,532260,662121,e8c3c4142297d001ca5c84ed6c61cd5349e14bd31423fce721e04b24e3b458a2,3e67c74065a1a31b1e2a841d7f9cfe6a235101b27f72e9df5d955b45dbdd808f,2457a7f5f20dc552bbe9479d9c8769e38256c209ff699f00b2b4690287bc6cc7
PKOBP,2017-07-25,scientific_cache,39227,22541,360975,450416,c84991a19463fbb9d80e4c7432e5a758162d15ddd3625d6fce21b2f7050d1e98,c6d3c10fd7b56e0f87782d98798255bfa3ecc0b9f4961f93ab5031a8cc10a6a3,2457a7f5f20dc552bbe9479d9c8769e38256c209ff699f00b2b4690287bc6cc7
PKOBP,2017-07-26,scientific_cache,49048,33053,492067,605102,2dd7be30f5487d5ebb5eab764e9dd3290fbb44d9725b141a25a7e8b3a62e0e24,7b01fa7726bc1d2cdb8ab312d43e816e5dd1785cc16cac8a861f177b5e8fefd3,2457a7f5f20dc552bbe9479d9c8769e38256c209ff699f00b2b4690287bc6cc7
PKOBP,2017-07-27,scientific_cache,46164,32127,537073,667187,a8bf8995eecacce28c9e612c5a035cb7b4215e5003a543f5e5940c9a5c32c44d,a736b6468b3ef3a7fd661c0020cc17214c128ccfab4d8ee3544a49967b9d86d4,2457a7f5f20dc552bbe9479d9c8769e38256c209ff699f00b2b4690287bc6cc7
PKOBP,2017-07-28,scientific_cache,27727,14620,240791,277051,5eadc1cfc9f7e6a3774444f9245dc5731442ea8c81d3154024458376c4b2a93a,6de16d128bdfaa534eace3183bd738352e962fb18bbcf7e9e6167e124168a302,2457a7f5f20dc552bbe9479d9c8769e38256c209ff699f00b2b4690287bc6cc7
PKOBP,2017-07-31,scientific_cache,62191,43659,721542,916408,e7e975cf07db9b144ff1e20de477e7c112b7afddce25107367e1eb0596fcbd2d,c19c856bfa3e904a97592e47809493250bb9f25634eb772fda8d0532e504641a,2457a7f5f20dc552bbe9479d9c8769e38256c209ff699f00b2b4690287bc6cc7
PKOBP,2017-08-01,scientific_cache,50139,24583,402321,532161,1d51d3ac541954931d7a4f1a2ce245e90ef3943eeb7a8a544b5666e8616ca4be,7f9abaf13fae13af323aeecec0ed0dafc6f53d6d5972f0df70ccf93dcb5b72dc,2457a7f5f20dc552bbe9479d9c8769e38256c209ff699f00b2b4690287bc6cc7
PKOBP,2017-08-02,scientific_cache,82346,57643,989906,1221609,b4176f60381175ef635726ecc21d55a42c5332c838e1bca976f45c158de99933,c70a2cba7cbc6bab1cd55b2b51a4ba8b75b5b04ea66ba1f44da323120b1889d6,2457a7f5f20dc552bbe9479d9c8769e38256c209ff699f00b2b4690287bc6cc7
PKOBP,2017-08-03,scientific_cache,60205,35847,649061,822655,715116e8bc5a3bb0b03f54ca020d9984044f280d700332719ef222ca69208c2f,d01aa57f7b3bf0c36195030c93c9011a45b7be48d567fc31e288d779b192e3bf,2457a7f5f20dc552bbe9479d9c8769e38256c209ff699f00b2b4690287bc6cc7
PKOBP,2017-08-04,scientific_cache,53698,32518,491937,688820,e53de0b2163680c45a4afedb32cb8bc55f1de0b41a94611a79fa094bfcb4c3b4,8c62f729c113970094904459d5d089afc9ae6147cb6e4614275281ebddf1dd54,2457a7f5f20dc552bbe9479d9c8769e38256c209ff699f00b2b4690287bc6cc7
PKOBP,2017-08-07,scientific_cache,36836,21103,307344,409031,906e5331d498eb900cf856b71ab54ac07ae34c53df624bfdfadd5a33f7896a46,3403f4caa368b38562d569fa07223466b744c8f9662289f68cd69fe56283f211,2457a7f5f20dc552bbe9479d9c8769e38256c209ff699f00b2b4690287bc6cc7
PKOBP,2017-08-08,scientific_cache,59034,40002,640527,782853,c826e1e8668a7eeb2d2fc7647a0387141feff7ca47435cec35309d7bfa2ca475,2e4ec2ad987afdcb71220942980e7b3109c07e1c57fa7faf93d0ff3c9785e8c0,2457a7f5f20dc552bbe9479d9c8769e38256c209ff699f00b2b4690287bc6cc7
PKOBP,2017-08-09,scientific_cache,86226,60601,1022177,1333033,5c47360f6d032cb7b167250df1b021d758136e881c1a63068e458eef8f182aec,0d60b0ac4ecf1593b50eecc7edff1e21130a90e543e3c82ec068a99db53b1239,2457a7f5f20dc552bbe9479d9c8769e38256c209ff699f00b2b4690287bc6cc7
PKOBP,2017-08-10,scientific_cache,62615,34890,537558,650296,74f71b2ce87ee1daa7ac94697cb1e19edbc2414c8c64f3b89a418c6112916253,cd168586ad7845aecf3626786e7e181ef0c3d9c8ec73c44bfde76fe8457aa7f0,2457a7f5f20dc552bbe9479d9c8769e38256c209ff699f00b2b4690287bc6cc7
PKOBP,2017-08-11,scientific_cache,38795,22458,349351,467643,27e6562539587acbada57d03d3d6b5e3d36f02372ed5fd2dde0dadb0e0ac5c9c,b0becf2de87692a24caab0f9e20df27a60e8c8b6fd363b858e8be4154e2fd08e,2457a7f5f20dc552bbe9479d9c8769e38256c209ff699f00b2b4690287bc6cc7
PKOBP,2017-08-14,scientific_cache,45985,31618,490636,611072,28fd564eda78ed333e8fc72ec5d79afd8b0042422f6936dcbe91ebe5ff3f52ee,83b768858fa34381fc87c46ab5e058f8d2e4295c0eb0420907af4e414dc985f6,2457a7f5f20dc552bbe9479d9c8769e38256c209ff699f00b2b4690287bc6cc7
PKOBP,2017-08-16,scientific_cache,58175,36800,648888,821999,8d195b292d468463e5ee6c19659dd30654527b3e003527cd7b0905fa8a432b32,aa79c8115eea6c2a8d9d491da381aa51850201db1a3e629a11fc79c678307764,2457a7f5f20dc552bbe9479d9c8769e38256c209ff699f00b2b4690287bc6cc7
PKOBP,2017-08-17,scientific_cache,58657,37831,679728,818662,586fe735357356870036ba2c16bc8f881aba4f67231b9af918656674ecc1caab,1743e527e666491c1f51c5ec9f15c1d40b444fc0944f8c2c7b600cf27ae973bf,2457a7f5f20dc552bbe9479d9c8769e38256c209ff699f00b2b4690287bc6cc7
PKOBP,2017-08-18,scientific_cache,59350,37046,692614,805401,2306e2f816d2a1bcfeccc80cae3a1a0fc6e4e3961b3236aecd7f53d99eb4525b,688225bc561d1c5a349ca22ba7eba8026db34b52f60ff57f5b58f255f9bf75bc,2457a7f5f20dc552bbe9479d9c8769e38256c209ff699f00b2b4690287bc6cc7
PKOBP,2017-08-21,scientific_cache,30411,17932,290091,320949,28a74e4cd7f413e867b6649d3855ab999e4bcaaa13a9ccf8239e11774973ecfb,f75e5eef0f5629c6f39232b6355165c997fe942b4c0087b24085eba2b8e3c810,2457a7f5f20dc552bbe9479d9c8769e38256c209ff699f00b2b4690287bc6cc7
PKOBP,2017-08-22,scientific_cache,35642,20952,303121,363174,caaa58042eeb012d5af686c070ea776dbb3ab1393e07693626924feaa40b5fb4,765114e73347dbd27e0ebbfcd2610e489f126eaaa816f5d7c85da1fcf6b2c51a,2457a7f5f20dc552bbe9479d9c8769e38256c209ff699f00b2b4690287bc6cc7
PKOBP,2017-08-23,scientific_cache,43112,29819,477191,578341,4ca1969d5d9aa8451d8015773d48ff33318349e0f094cf719f146d4336fda2ce,b8f1129c333d2e6374d6d8ea1b877b2bac5384164780c093137fd17ce85b976b,2457a7f5f20dc552bbe9479d9c8769e38256c209ff699f00b2b4690287bc6cc7
PKOBP,2017-08-24,scientific_cache,55458,35698,585069,704425,3e6c68276d21b7f4955f7b5b1a9e1f74e996f7bddf4dc22e7abf16093f4e84a7,115fd8e3008a458b0199b7ff1473c7b5c31d2fd07deafce90c251e79bae48779,2457a7f5f20dc552bbe9479d9c8769e38256c209ff699f00b2b4690287bc6cc7
PKOBP,2017-08-25,scientific_cache,38986,23556,404701,460683,110c2f6485794b4364daa9ba2da2eeb5c6ead1aedaee47592cd0e28d1cb1022f,2d38709bd69b3459a6f1824db1a11353a0b7f37ce8563fbe59a4f8e37467956c,2457a7f5f20dc552bbe9479d9c8769e38256c209ff699f00b2b4690287bc6cc7
PKOBP,2017-08-28,scientific_cache,72600,47223,808337,988775,1196dc2197287b3578a345c17026a426f7f19b761c023aacfef60c070813506a,b1c57def7411313c51da500474fe0f59b88f2ae951af3de390fb5b00a2378bae,2457a7f5f20dc552bbe9479d9c8769e38256c209ff699f00b2b4690287bc6cc7
PKOBP,2017-08-29,scientific_cache,77762,52072,1021451,1205433,593b55c1d6cc835780f5209707c677c06a92c26d0e41346fc45b0219002cb794,9eafa2b27c79b0767b74bd6765846f681fba0a4c4733c1555212dc9756334728,2457a7f5f20dc552bbe9479d9c8769e38256c209ff699f00b2b4690287bc6cc7
PKOBP,2017-08-30,scientific_cache,63546,44517,767162,953499,948376f7133e324256bf2e3f90eb04d23f9387a596e1a917bc38877bf84332ae,bddf22cc73fefe1040867c6a6b6cfc9fe1dc6aae5eab6956a760bdba1ffbfb44,2457a7f5f20dc552bbe9479d9c8769e38256c209ff699f00b2b4690287bc6cc7
PKOBP,2017-08-31,scientific_cache,59307,34180,594996,684939,29f03b7b9e1d78e99241506c805211954dc153c0ca432b6662221e18bca52afd,753716130e6cf5ecb9d4a376498a6b4d76f2c671c0e04b9f6f023e6d79d1e5c7,2457a7f5f20dc552bbe9479d9c8769e38256c209ff699f00b2b4690287bc6cc7
PKOBP,2017-09-01,scientific_cache,39516,23803,390879,501406,47bd7e1c3279cc3ab021c835e24517be230d51cc4c38fbcf46178d6ac2aa49da,b92db134dc98e38d65685f29de9c3f604ebe26672df6cc7a712cd9d8f0e8d229,2457a7f5f20dc552bbe9479d9c8769e38256c209ff699f00b2b4690287bc6cc7
PKOBP,2017-09-04,scientific_cache,42592,26558,407943,495094,f3d268faa503353f172e0158b336f2b68a213138300b2b089359fb3fac9b2ff5,e3dc07533070951b8fd137855c9101895599fc52de0b1b9d4c1b1aa549f24c5e,2457a7f5f20dc552bbe9479d9c8769e38256c209ff699f00b2b4690287bc6cc7
PKOBP,2017-09-05,scientific_cache,37906,20956,347338,411382,c416a5f1adf48fbb8bf286b225e126b64dbaacce112531dbe5b7217ffa0ae708,70805c5dc29817ad831971ae229fc16677742092ae8eb9920db870063214f346,2457a7f5f20dc552bbe9479d9c8769e38256c209ff699f00b2b4690287bc6cc7
PKOBP,2017-09-06,scientific_cache,45800,29406,425959,552060,448de30e6a54355c6fa20f770211d9bcb1a0e920a019e36619ad326273cae63c,f18738d09d38aaefb051b6efb2987375e902a9da5a2c1cb817dc8d7406294af6,2457a7f5f20dc552bbe9479d9c8769e38256c209ff699f00b2b4690287bc6cc7
PKOBP,2017-09-07,scientific_cache,92297,65254,989798,1296366,e39393965e7d77ca857c22d9c0e69a90d7acad321e97d1d6f4f7fd31ccf9af98,5a04a5b39afac93c2ca6bda119895e9c5940d3017cfb8594749afa2b62d6970e,2457a7f5f20dc552bbe9479d9c8769e38256c209ff699f00b2b4690287bc6cc7
PKOBP,2017-09-08,scientific_cache,76899,47340,837511,1027227,7caca2f1e060765a50caf56a2c6125a1ac1ce31ed8c8fdb64ddac74871c9fc46,1e43f4ef8ee4ea58d3862f61957c3b74fdb682e20834728d6f69ca242723e325,2457a7f5f20dc552bbe9479d9c8769e38256c209ff699f00b2b4690287bc6cc7
PKOBP,2017-09-11,scientific_cache,69100,41576,698388,901240,582fe02936ae41b320e5aec994915e6e5ab93b58b475ddf1f7b6ec0cdffd3934,f3c5da564bec113fa3a5124fb473f00057e745fec97b1bc9c5aecdaf18300991,2457a7f5f20dc552bbe9479d9c8769e38256c209ff699f00b2b4690287bc6cc7
PKOBP,2017-09-12,scientific_cache,115811,76272,1157884,1523943,677aaa2c3771ee8ce59fced80c2d5d2efcb8b6c295d9a12b1686bea5925358f6,308a636d164f088193ab8da8f9fff9474dab9fb12cf99edc05681e3330779282,2457a7f5f20dc552bbe9479d9c8769e38256c209ff699f00b2b4690287bc6cc7
PKOBP,2017-09-13,scientific_cache,96589,63437,906453,1247971,233bb1b41719458f39578c2974c5049b640041743b32a39584cafbdae230e296,9b1c6039ffdcb5ea6f6a24090dd0a47a788843d7ff221fe42f2167cae242ecc1,2457a7f5f20dc552bbe9479d9c8769e38256c209ff699f00b2b4690287bc6cc7
PKOBP,2017-09-14,scientific_cache,76146,51111,783747,1081818,4ae436a89d2ab2f2298ed0d87a7e742b2a2e8aee44442965224de6e209b1cc50,1984e92d0cf5592574fb4063ef800d289c85bad29f54df54a7c619f16a7d3317,2457a7f5f20dc552bbe9479d9c8769e38256c209ff699f00b2b4690287bc6cc7
PKOBP,2017-09-15,scientific_cache,100802,62174,1041902,1365001,e743c6b5558c7c7a9b22384c3acde1616aae850dc77f3dbf6be74941d29d7119,1c7695da23244d0116974f2b77166ca2a1a49bf6f9dbcd92a0d074ee2fc3a240,2457a7f5f20dc552bbe9479d9c8769e38256c209ff699f00b2b4690287bc6cc7
PKOBP,2017-09-18,scientific_cache,37331,19419,294831,368197,180e2453b9f71dd7bdc161632a763f5fec75214acf2a6dd55e82b68166bf7828,843d321b5d9127a7e763d16958dcd48366302fac25058dd7f6571500c9cda354,2457a7f5f20dc552bbe9479d9c8769e38256c209ff699f00b2b4690287bc6cc7
PKOBP,2017-09-19,scientific_cache,60178,37503,565481,714208,6218946532bdcfb845a8d23cd20791c0e71d385d42b671103e0d3918e9a4e52b,159fb1d886e6a64fb61ba3f3867afe33645e4749622c41ff06f122072adc6168,2457a7f5f20dc552bbe9479d9c8769e38256c209ff699f00b2b4690287bc6cc7
PKOBP,2017-09-20,scientific_cache,42268,26880,424770,483789,140e9dbc28009e27b2e6623e304f9487d4bddbca437c3b2dc6e9f6c102dcf24b,dd8c66e194645d6c80d4320fcf5b1acce434dbe934b7e4a39213557aadc8f817,2457a7f5f20dc552bbe9479d9c8769e38256c209ff699f00b2b4690287bc6cc7
PKOBP,2017-09-21,scientific_cache,34544,20913,371118,434707,c4b006210211898f988771b3f0781660077681e2d25682b4832f43ac15ccf667,a53e289db74bf44473a00eb1c4bbeb1d55decfc4defd482d56732f887bc61b0a,2457a7f5f20dc552bbe9479d9c8769e38256c209ff699f00b2b4690287bc6cc7
PKOBP,2017-09-22,scientific_cache,51785,33039,496157,629623,8b689ec0f001f8348bee77947b4634aff80bc4b1b90c0bc9e2a3403b8882b2cf,8633f2510c3c12cb0a1de9509d0da11e608148e1b7923766d09e31374536fb56,2457a7f5f20dc552bbe9479d9c8769e38256c209ff699f00b2b4690287bc6cc7
PKOBP,2017-09-25,scientific_cache,31829,21483,390960,414701,ee5f238905fddea7430d329492e342d2d7a0b49aaa36da73fd23897b2b93c52c,af5ad0a6a616131a336b0863ea371be630be0df5361c9c2fd74d11661396015e,2457a7f5f20dc552bbe9479d9c8769e38256c209ff699f00b2b4690287bc6cc7
PKOBP,2017-09-26,scientific_cache,38944,26636,423945,485437,fb4d19fff438ddfe1d0e4c390c5d6bccb47c0835ee31c0179a3c827fabfa03f0,d0a54dcbd59a772bbd5e3946b31570cb1c367b4371d4f8c3b698c07697efdd1b,2457a7f5f20dc552bbe9479d9c8769e38256c209ff699f00b2b4690287bc6cc7
PKOBP,2017-09-27,scientific_cache,41433,19721,316068,380164,53920bc0e9a7e88df2d7c4867d6fc18524eff8d8cbda188d6ac480d88e3947d4,4c0537583f50354a89c32b62c61a86bb26f1ba0a8324c5176725cc7c284917b4,2457a7f5f20dc552bbe9479d9c8769e38256c209ff699f00b2b4690287bc6cc7
PKOBP,2017-09-28,scientific_cache,52301,33392,510078,611378,1c543520eeb423c7322a88bf8e7b045d50bc2fcb7aed0eb11552b6990cbbfcb1,d4d5fe34bf28072777ea8cbf9fa2f0d5c71eb4f31d4e3358f8e0cb765db6474f,2457a7f5f20dc552bbe9479d9c8769e38256c209ff699f00b2b4690287bc6cc7
PKOBP,2017-09-29,scientific_cache,61344,38356,602066,749548,5d419acd490cad6c8d73e4f7030d7031efb5eb9f07aaea410d396b6c1392944a,13b31fc57731e4cff37eecc7be075647f9e2b476fc30b0b31a6264213de0848b,2457a7f5f20dc552bbe9479d9c8769e38256c209ff699f00b2b4690287bc6cc7
PKOBP,2017-10-02,scientific_cache,77854,54429,918230,1107196,e792fccdf51efde40e1e46d87fa9f9ce0ebe210fbd4a80b568a97315f66ddf7e,c05fe4a9742910fc7835f617542ba5fc5e165d512f8d9a5f09b963f8a38095c7,2457a7f5f20dc552bbe9479d9c8769e38256c209ff699f00b2b4690287bc6cc7
PKOBP,2017-10-03,scientific_cache,49632,31907,489487,558262,fdf334afbfc7cd41c39a05aec3440bdb8c2bd1579cdb465b0adbdc3e3e94798c,7d30f3c3ca6d1d48b7db9edc32bad9e754ab0f0fb3ac7833dd160264b090e8ec,2457a7f5f20dc552bbe9479d9c8769e38256c209ff699f00b2b4690287bc6cc7
PKOBP,2017-10-04,scientific_cache,55446,39744,621520,793041,536b2e088179419feeaa063be18eeb61b4b4e474598f8a0753656e5c8a535e61,28dafe3f7d9e59f8b70ef73a98ea8944e370461717adf566b7f93851753137e7,2457a7f5f20dc552bbe9479d9c8769e38256c209ff699f00b2b4690287bc6cc7
PKOBP,2017-10-05,scientific_cache,42116,28331,440044,532763,89a37bb87e991589bebda7d3e385e8e0626a8a47fd7a0c3e93f9d6f14938e5a2,1d4dc0079630b09c43272620c8a509b69ac8a35a241c78f5865381b0ce850dd4,2457a7f5f20dc552bbe9479d9c8769e38256c209ff699f00b2b4690287bc6cc7
PKOBP,2017-10-06,scientific_cache,54996,38147,648059,816688,be8d8857a54273ef12d390c9e7947b007aa2e0eab6da9efbe88312b57ecafb8e,4f4ad3be49244b80c1c06ef93594fe844422d644894eec6ff4f269d0419ba74d,2457a7f5f20dc552bbe9479d9c8769e38256c209ff699f00b2b4690287bc6cc7
PKOBP,2017-10-09,scientific_cache,38099,22921,345805,449879,0c529fa8a377a72769d8d15e5b06ff9d833ff3257ec831d7be178998092ab70c,6210e7b9210459954958127f957eea3c6d6ae5b36c0cfed34ba8e5e361626653,2457a7f5f20dc552bbe9479d9c8769e38256c209ff699f00b2b4690287bc6cc7
PKOBP,2017-10-10,scientific_cache,62949,36391,579477,788584,3cee71f719999b8c91f0bf34b45d800743616c44984bd7bc40de2a66818eb061,6c37475f5f2a839364a969e0a0fde560112868eba14ecba89e10a1d32479ff8c,2457a7f5f20dc552bbe9479d9c8769e38256c209ff699f00b2b4690287bc6cc7
PKOBP,2017-10-11,scientific_cache,117743,75079,1236199,1658711,17d045b0a0a7534602d3ef5185dd243b6fabd6dada92ed8df42fc0004cffd1dd,32db842f5752dd5489f675674654a5e758c4556244179d053b2877a715040f34,2457a7f5f20dc552bbe9479d9c8769e38256c209ff699f00b2b4690287bc6cc7
PKOBP,2017-10-12,scientific_cache,64387,42291,633716,867084,343fae41095cc2989323855b5ae011b13028fc692eef6b3c02bde584861e255b,93c4915d697332135959b6da653586a904c93cf48b7899b7748b45db4d8f9d5f,2457a7f5f20dc552bbe9479d9c8769e38256c209ff699f00b2b4690287bc6cc7
PKOBP,2017-10-13,scientific_cache,57145,34556,489304,628352,2e7d300855e45f5d6fcf110ec7be29e16766f419a0f82c846ae11e3336ab3057,093807beb97576abe17e46d25619e7b1c626e0c9949f91076c55d3f091bceeac,2457a7f5f20dc552bbe9479d9c8769e38256c209ff699f00b2b4690287bc6cc7
PKOBP,2017-10-16,scientific_cache,47668,26486,382237,487895,3814cc6cf8915855b13b0c1ab0435bdebf7bfaa66c991fcaaf342948d85dc287,bd3396eaaa3a532d989a4316421b5df591092c0fdfb4978bbba0a986fe7b7ed3,2457a7f5f20dc552bbe9479d9c8769e38256c209ff699f00b2b4690287bc6cc7
PKOBP,2017-10-17,scientific_cache,75215,42204,666989,861229,6492cfe21ceadbabfb3e97db3a295a9225967cef04fd9067107243f432e6fd30,34a5c48dd1f587dce76e07bf325e95b1bd96590ac76f40db2c97b5e57ecfefe6,2457a7f5f20dc552bbe9479d9c8769e38256c209ff699f00b2b4690287bc6cc7
PKOBP,2017-10-18,scientific_cache,67549,37990,546003,699777,67dc7f2d461a7679e9b011c5369995eee47a679c342b89f84871c47cd4767949,d9211aa53a4e32f5a3cea5daa230e3fb0e56365037190a1cf552268e0d615ec1,2457a7f5f20dc552bbe9479d9c8769e38256c209ff699f00b2b4690287bc6cc7
PKOBP,2017-10-19,scientific_cache,106745,73876,1170449,1548051,71518cb150a8308b169ddd12e5820a22c195252e5890405e4610611ab0427799,8e040c6679cc50954def43b748cbc37c3d37a7c5ef6bd2ede0b5364b77546e47,2457a7f5f20dc552bbe9479d9c8769e38256c209ff699f00b2b4690287bc6cc7
PKOBP,2017-10-20,scientific_cache,73129,43147,665276,836342,799ea753324e7678c31c52bd41a5e65a59d783d6d0a86bdf414c1f3edb7ef61c,3da0c1251b122b431ce4ff516df17e009c8001ec4c3957a05665d2b93e2cb294,2457a7f5f20dc552bbe9479d9c8769e38256c209ff699f00b2b4690287bc6cc7
PKOBP,2017-10-23,scientific_cache,65030,40552,692311,863648,888fc2d90f9ae77f1c00fe7f7a9c0fea77ce4a9a5f8c77f66f7a9e23b853f533,79e4a8bb8446d21a18227bedaebafa9c8051af0dc230ab5c06465d42688d9605,2457a7f5f20dc552bbe9479d9c8769e38256c209ff699f00b2b4690287bc6cc7
PKOBP,2017-10-24,scientific_cache,101629,69280,1051861,1301428,f67bfcfefb6c9bc4b7d168299ffbca8c61d6d5ba38ad8f504c7f695108075341,31d97ec6f46256e4a0e50a75641b63b5ecb79beb5cb0978c467fdb091245c892,2457a7f5f20dc552bbe9479d9c8769e38256c209ff699f00b2b4690287bc6cc7
PKOBP,2017-10-25,scientific_cache,59992,31056,476366,606875,bf3ff8c76652f2983bcd856db136af0d68774185d54945c0539d9839c12eb5ba,6722d90de7204de50c4a45706ed041a9d81a504623a08d559eb789272c2e9a05,2457a7f5f20dc552bbe9479d9c8769e38256c209ff699f00b2b4690287bc6cc7
PKOBP,2017-10-26,scientific_cache,50361,34741,573075,684275,3889f4d1aeb18c26af0979e22650b1de6f343ed958c1f37f471477b48706234e,48cae87417e693304ed029f0c88487b9c2fc0e82d2e72ecd904e8652b5b4b491,2457a7f5f20dc552bbe9479d9c8769e38256c209ff699f00b2b4690287bc6cc7
PKOBP,2017-10-27,scientific_cache,85462,63966,947827,1242129,1f5d47e6bfbeb5361ba7b45eea5bfa0aca0f2b43250dc29c04b5fa516d563ae1,25ff018d117c9b7a090756cb82e572ce34b9c314ee5493172c88ffa105b516f4,2457a7f5f20dc552bbe9479d9c8769e38256c209ff699f00b2b4690287bc6cc7
PKOBP,2017-10-30,scientific_cache,64487,40192,586920,805092,8d4ac2809260d451fb5a0d5020067c526816ed5d5cb40d43123858b9791bd32c,193cdcc05d09041029a70c7370e522c8b3695ae53ee89ff54b4ae633b63d87d0,2457a7f5f20dc552bbe9479d9c8769e38256c209ff699f00b2b4690287bc6cc7
PKOBP,2017-10-31,scientific_cache,42911,26714,418292,605202,ddd7bc86bd11784ff6db9a1433fcfc5d6f72889d29912018d6e9ed65d4b55568,ed4f12f243d30970f9f22dd16ac8afb6e8c1d12947131c16c790769bae6778a8,2457a7f5f20dc552bbe9479d9c8769e38256c209ff699f00b2b4690287bc6cc7
PKOBP,2017-11-02,scientific_cache,94546,66125,1070504,1336068,52b546d044c98d2b942c8e8948c578eadffae968d555e0e3446729b96e583c85,344c3d92415cca18a3c73e6954a422d7ac15a315cab3a63a08b627b01b0d529e,2457a7f5f20dc552bbe9479d9c8769e38256c209ff699f00b2b4690287bc6cc7
PKOBP,2017-11-03,scientific_cache,54075,36890,694640,841377,f94c2f7315e9e4dda0fa3ca1883d048312f56b46fbb62dc40f9b81d9971db944,c4bc0b2a383aa5a2568460876b08556c91e476380a05bdb8c141fb429270b3ed,2457a7f5f20dc552bbe9479d9c8769e38256c209ff699f00b2b4690287bc6cc7
PKOBP,2017-11-06,scientific_cache,80314,54775,820963,1124532,48cafc5b4fd670dc563d4ff54a77b55fb4580ad42d588efd162291f1f6c50f77,255b9895d2fa8f37b947b15955c6dae88236877bfdd92abe94ef9da6bf506344,2457a7f5f20dc552bbe9479d9c8769e38256c209ff699f00b2b4690287bc6cc7
PKOBP,2017-11-07,scientific_cache,105283,71086,1050830,1411431,a7a23ecf5fec6b1389aa0a6a064f3f60188886e931e74c0476e7e2c87891be25,830bc110cfcf4295a80038bd6fbb552787a25a5bfa70954310b1c92c4b4a3355,2457a7f5f20dc552bbe9479d9c8769e38256c209ff699f00b2b4690287bc6cc7
PKOBP,2017-11-08,scientific_cache,58868,34380,609933,821115,54f8a98239e4be96d4e125104ae7503b39f9b66b16902aed1c83983d7db2fabb,760f163addefa1ee3711384c341d26f188f6c65928242005e15b669a77e89e93,2457a7f5f20dc552bbe9479d9c8769e38256c209ff699f00b2b4690287bc6cc7
PKOBP,2017-11-09,scientific_cache,91245,58581,953907,1246459,467b8ae2637d5af63fc32b23bb0dc6f2b6dc6953ffaa8c16cb5c5d85e915af5e,cccc9d440fabc2769f26b4bae3e2cae8c682e9bff53dd75ce38e4ba99d86cbba,2457a7f5f20dc552bbe9479d9c8769e38256c209ff699f00b2b4690287bc6cc7
PKOBP,2017-11-10,scientific_cache,98320,65900,1098139,1389520,26aa80cf00d05701dcde3a4b54206f7a2094c1e3ec074be4e20a34b0ceffa3f4,997b551bdd61703633c282396847dcd4428f238dd0c22e778f455366c9396c6a,2457a7f5f20dc552bbe9479d9c8769e38256c209ff699f00b2b4690287bc6cc7
PKOBP,2017-11-13,scientific_cache,77618,46360,831868,1007160,d4ccb9dc8b0e8d5cf94de833a0edcf79c195ce6e6ab264003e9c327b0bf852e5,ca58acb057703f979b63c95a40fdab1a80174d50a6d447dbf2e9433e477cf306,2457a7f5f20dc552bbe9479d9c8769e38256c209ff699f00b2b4690287bc6cc7
PKOBP,2017-11-14,scientific_cache,63223,40977,641854,817643,bf774a56d7e882c7f14dbe40c3cab5dc5bc72bb11d6e4de26c5cb30b2aeb0408,6dc1919bc10c06810773c121ce7c8bcff1909d84bf51dd879b7a8820ac41b186,2457a7f5f20dc552bbe9479d9c8769e38256c209ff699f00b2b4690287bc6cc7
PKOBP,2017-11-15,scientific_cache,50267,32767,505958,584503,8678603a9e44cf397ede09ce323c08d3f229ab755e9b74badc5b899c502d99bb,f95bec3263346e1ee8175215974af2d432c0757c5d17ef72d2d38dc111e31c15,2457a7f5f20dc552bbe9479d9c8769e38256c209ff699f00b2b4690287bc6cc7
PKOBP,2017-11-16,scientific_cache,68528,37933,695475,829039,eb9601bec0f9793f10d51d7a67bb1d1da4985e7aa13cade2d5902c2a0e4fd02a,38c995ac32654873fb82e5912e3b9975dd69c9371389a30d1f2623d61069e760,2457a7f5f20dc552bbe9479d9c8769e38256c209ff699f00b2b4690287bc6cc7
PKOBP,2017-11-17,scientific_cache,58529,34820,685016,758451,358446f8916ff5bd934a4d6ef167c0169969c5c0c93b0a07698c7daf3695094a,5c3f8f738ebfe358a124f212c9c31f4e40527971a55f439b7bf15d33fa15acd2,2457a7f5f20dc552bbe9479d9c8769e38256c209ff699f00b2b4690287bc6cc7
PKOBP,2017-11-20,scientific_cache,46832,34375,649834,723826,b24a9371df4b04e0df393ff1c6515aa690e9a5bf4e33c890c6dcdecb699f7b2b,431420bcd5f8d49ffa4833bfcad97b3e02194b79fccbab9c3e85cfc5847f1f11,2457a7f5f20dc552bbe9479d9c8769e38256c209ff699f00b2b4690287bc6cc7
PKOBP,2017-11-21,scientific_cache,69748,44118,767807,928360,4fffe5839d263ab4887501af4a590a5c759a98465bd0ea7c7cc88fa79407e273,7b9534cdecf8d7ff9d2cd8c195f22b97892363014977a6941330bd45ecc7aed2,2457a7f5f20dc552bbe9479d9c8769e38256c209ff699f00b2b4690287bc6cc7
PKOBP,2017-11-22,scientific_cache,37174,21945,336894,413644,0d1839a403bc73228b6d9f48e5ee94120502308c365cf91d10615d4c14c83be0,5d848ca70b6caa51c46290be84d3a325fd472b1957cdf25109f089539c211647,2457a7f5f20dc552bbe9479d9c8769e38256c209ff699f00b2b4690287bc6cc7
PKOBP,2017-11-23,scientific_cache,44541,32125,512941,591764,9650c57afacfc3b4938db9863f59c99ae12e925906ef5d3714cdf35bf9a036ea,e5ff141e80990f2e3adc651b059dde4334742b740cb7f6c0b84d447f5ab26d20,2457a7f5f20dc552bbe9479d9c8769e38256c209ff699f00b2b4690287bc6cc7
PKOBP,2017-11-24,scientific_cache,34924,23300,366623,436195,b8e7a00c4ff1badb2e164bb1bd0dbcd175637553f6b1146f102f7f8b77d0fc1c,105ea572a3aebc4212ca255a6dbedcede4342c3f3f5d89d9c85e4953d4d7c4df,2457a7f5f20dc552bbe9479d9c8769e38256c209ff699f00b2b4690287bc6cc7
PKOBP,2017-11-27,scientific_cache,62423,42078,691185,818955,83dad058cbbad0ecc701f826975e7f29285d98c705a6fc62a2fe4f45513d9d5c,ad606cbd3a86b07878c9f69c0f530e37e524947354ef7b416f58c0bb6f679735,2457a7f5f20dc552bbe9479d9c8769e38256c209ff699f00b2b4690287bc6cc7
PKOBP,2017-11-28,scientific_cache,74563,48651,787112,947421,77419ce28ca6389667a0f887447751b80ac8459d3a8478ec18117fee42dcbaa7,aa514c6e25c12479f54a54d3e7f812b0041f7338c969bfe8bf9c5d773981740f,2457a7f5f20dc552bbe9479d9c8769e38256c209ff699f00b2b4690287bc6cc7
PKOBP,2017-11-29,scientific_cache,70303,45719,730496,863378,cd4542c4c90183a67dbb1d0a4cb5d83d4240d7dd887299d37cb6b5c4e879778b,6cb1c49b809eff536388bc7302fd6fbe4eac6b6a08341a35d1d083b80f7712f4,2457a7f5f20dc552bbe9479d9c8769e38256c209ff699f00b2b4690287bc6cc7
PKOBP,2017-11-30,scientific_cache,73130,48850,923722,1037754,cda5b9757ca2fe5b782b6fa356a37d4efec5ff5f63f45d58ad4245428d7873a9,578d1627b762b6fe307ba42279ef78296089d7298ff74d9a324c155a8968d3a0,2457a7f5f20dc552bbe9479d9c8769e38256c209ff699f00b2b4690287bc6cc7
PKOBP,2017-12-01,scientific_cache,75726,56079,902782,1035785,b86bebe4d174e5b362c690437c5ae9e5d8459f18a413cadc09c898e1c851010f,89720968cae5275b4794b3487141c547cfa44059b6570ff5046d9b3f56493bbb,2457a7f5f20dc552bbe9479d9c8769e38256c209ff699f00b2b4690287bc6cc7
PKOBP,2017-12-04,scientific_cache,77791,51130,872777,949561,1fa15d678e3b8ed9c150e21f46048d6ba2ce6b3653e26c0859837f80b6926d34,23e35b71d6d1e09b1c1f9cd8ac2eb59ef5f15eaa5eb325c062f959718256d1d6,2457a7f5f20dc552bbe9479d9c8769e38256c209ff699f00b2b4690287bc6cc7
PKOBP,2017-12-05,scientific_cache,63607,33088,523697,586977,8376bfbe372f7fb38e6a41af708d4c706ddc976e6dfce48bf44a458966e04fb0,a5b8573c890660c9ab65bc132f2448293e6f8368bd72a65f46b15e66297725c2,2457a7f5f20dc552bbe9479d9c8769e38256c209ff699f00b2b4690287bc6cc7
PKOBP,2017-12-06,scientific_cache,95365,59708,930116,1125341,dba413a0900ace5d1c78e6b1b9a618bfe9b4a906cbf217b3cd197c39f3f8e1fe,0e1b621279e9bbdbef9e49379c1aabcb17673ae56904fdd4fbf0e07900d256ca,2457a7f5f20dc552bbe9479d9c8769e38256c209ff699f00b2b4690287bc6cc7
PKOBP,2017-12-07,scientific_cache,86494,64203,1070040,1362998,b2572ddafdf09914886ab54fcd3adc396ef6cff4a6db113487b352e154fa85c4,88bbe0c0719d6707b70f06f72c2c961cdbd792d1cbef514dceba9dbae56f83e5,2457a7f5f20dc552bbe9479d9c8769e38256c209ff699f00b2b4690287bc6cc7
PKOBP,2017-12-08,scientific_cache,65713,37647,613492,802119,94909cc8a250336043deba1ac9484a19a287600ad7e90c13a9460f5386f8e20c,d2e689259828aead1e125b28aec95561fa6ac5c86a5d2ef14b6dc32106a1f6ef,2457a7f5f20dc552bbe9479d9c8769e38256c209ff699f00b2b4690287bc6cc7
PKOBP,2017-12-11,scientific_cache,58924,42206,794163,935948,6cdce61ee212b811951c532b39cef21b17bdc3c9ea8c7ab0f838cac1c1836024,5b1121e8166e0ea9a28ac8dc000fe4b5c278175d914a77eddef8401c6782a923,2457a7f5f20dc552bbe9479d9c8769e38256c209ff699f00b2b4690287bc6cc7
PKOBP,2017-12-12,scientific_cache,99647,74517,1285520,1487782,8794f4114123bf8c6a9fa514e6a24a0e30e8f2fadfe5510d1a624a89ab9a9f7a,3bbe9bbcc105808b31b4d64656e4fcca94da6b7561d07dca3824f9850d2f4fab,2457a7f5f20dc552bbe9479d9c8769e38256c209ff699f00b2b4690287bc6cc7
PKOBP,2017-12-13,scientific_cache,60317,41871,660052,817051,7d4c0ee660a842c2ce3061f43d2d1b4b8b71a40d376f00ad296bda80f356a61c,f2a4c9da45658342337b6415acc659fd51ce267d5f8e0191b52b6fe42d6dff0d,2457a7f5f20dc552bbe9479d9c8769e38256c209ff699f00b2b4690287bc6cc7
PKOBP,2017-12-14,scientific_cache,61079,39627,721574,878925,53b6f7951982246d3e3d99315b4f635693b0dfa1ae7968331111ac29a3db5ab2,63469cfdd897b28e6745ce367294a8efad24cb859cb7c431714162219748c00f,2457a7f5f20dc552bbe9479d9c8769e38256c209ff699f00b2b4690287bc6cc7
PKOBP,2017-12-15,scientific_cache,82080,40798,652711,839428,a07481d1a245b84df0d3fd56795bf47b6b19154cfcda7a37bb62915518841b26,050da38aef57d99d8efe14740030ca2ac28519fd1b3ea687291e62d22213d9f0,2457a7f5f20dc552bbe9479d9c8769e38256c209ff699f00b2b4690287bc6cc7
PKOBP,2017-12-18,scientific_cache,39463,22096,348746,423690,a5089fd0fed715024b006010492b39b6afe118d3f68bfe5170dc51eaaed2a34f,c92af8489341fab69d7971d7860a504136093a82fa34cc79c9db76d79234f0c4,2457a7f5f20dc552bbe9479d9c8769e38256c209ff699f00b2b4690287bc6cc7
PKOBP,2017-12-19,scientific_cache,63524,46242,727589,856741,b6f4614d7ee1d09d29e0bb4af9c92b945357a0df1e2d8addd277af4ad5c4137f,8843a353ea6347cbe6d59f6bc5a55fee9a76fb8b61e9cc612c5950b1fec2c5f6,2457a7f5f20dc552bbe9479d9c8769e38256c209ff699f00b2b4690287bc6cc7
PKOBP,2017-12-20,scientific_cache,59077,41450,761084,920728,92aabe3673f372e76edbaeb6322f31e9cd7cd507b5dbd96f899116d6993a37c2,402b9a72af34aae367e3a4edc095f237a01976fe9d1cbd0bd13a6db67ac341ce,2457a7f5f20dc552bbe9479d9c8769e38256c209ff699f00b2b4690287bc6cc7
PKOBP,2017-12-21,scientific_cache,52047,33543,515681,639358,5ffb441180da1671679d377788e8adc0354bcb0d9fce2bb0e7112bb0fb838011,4f126536e8970b9f6ab5c685a6ed85eb94c6ad92eb8ba6c0b5223b4715261b35,2457a7f5f20dc552bbe9479d9c8769e38256c209ff699f00b2b4690287bc6cc7
PKOBP,2017-12-22,scientific_cache,30979,19846,340953,372099,af5528e721530655bca8a65c34c53a7cb95fabf1947ebd37b6d7b4262b204ea3,9f7872b0d27cf9af99d5076ec96eff48b0e792c5ec43966d41b15ae4cb488b16,2457a7f5f20dc552bbe9479d9c8769e38256c209ff699f00b2b4690287bc6cc7
PKOBP,2017-12-27,engineering_only_tail,38297,22639,340237,449366,19e93b0f4d41653a9a1a7da0e3dee2a7c365b7456635001c15b09777e0f9496a,18eb6092594aff164dcb1a1afe050e2859805b9390fb81146d1564183621eb41,c4ad1eded24f96cdb7374cac23fad98f1e71f00e24c3abfd265f71ea132cac08
PKOBP,2017-12-28,engineering_only_tail,61201,37734,636528,777001,904f4196cb17ce1cb97b41a21c3b8d328e67142e7e0743d4b04404d20fb36104,ae2a9b7341a6cb3ff8118daddf029c5915b49fd288b899a9efa038bc0095b1ef,c4ad1eded24f96cdb7374cac23fad98f1e71f00e24c3abfd265f71ea132cac08
PKOBP,2017-12-29,engineering_only_tail,62425,42187,659931,786684,c216610b46058669fe9967516639a20c509bc7d1d4a8e635e61f46fe0b391da8,78c29c57350dd4fc6aba1b50ffdee15f1e712e86e017b613955a39a26873ab70,c4ad1eded24f96cdb7374cac23fad98f1e71f00e24c3abfd265f71ea132cac08
PZU,2017-01-02,scientific_cache,50897,33962,616402,653954,7c181ae78da74c60ec8c740bac64d0e60b04e5548d9d6e639fc733ca3edadc53,eb707007b7ba85b6c3f8f177387dbcd227a50d41e3ae007828cd33c7f1f015a1,2457a7f5f20dc552bbe9479d9c8769e38256c209ff699f00b2b4690287bc6cc7
PZU,2017-01-03,scientific_cache,74010,49993,821347,998930,cf131237799bc5579a41db480bd2f62bd3291aa7cd5904a5e60e617bb324eadf,1bf2fb32f33a82b464d55cef5a56a795455437125bc32faafbc1ae4daf13086c,2457a7f5f20dc552bbe9479d9c8769e38256c209ff699f00b2b4690287bc6cc7
PZU,2017-01-04,scientific_cache,93490,58870,1107700,1389026,56bfb72ebcd1729189dffcc0323cb29148a9b635ab2b9eabc12af403807450f9,e54ea5be3dc80fee9e4308c35e6bb707fd191e6cd6564864d46acd75574b8854,2457a7f5f20dc552bbe9479d9c8769e38256c209ff699f00b2b4690287bc6cc7
PZU,2017-01-05,scientific_cache,61838,35317,650140,862209,2e7385b2b7ca0b3fea49a7e15ac4b3c7cfa500be1230fa44667d9d769b4d91c5,81ce10de71b1d01191fda79c7ec8c03b8001c8a845e741974a9d10f5d15cdcfd,2457a7f5f20dc552bbe9479d9c8769e38256c209ff699f00b2b4690287bc6cc7
PZU,2017-01-09,scientific_cache,94957,52059,784088,1096022,297d396eae2cb9ba60c4b5d40704fe5d36e2453ecf6a0a43b936d945c9e6654c,d37add307cdc4d6b4fd15605bad997c92a34fe75e208db94c10e0d7111b85eac,2457a7f5f20dc552bbe9479d9c8769e38256c209ff699f00b2b4690287bc6cc7
PZU,2017-01-10,scientific_cache,66893,37554,669241,864287,7a26cfd6d53cdd0fcfdb001770213db76815dd291d0ff46e4da0ae376619ba8d,18487aea07c639c2600f7adb924c7e1767cbf626f7b87cdd1c194991d4a3a1aa,2457a7f5f20dc552bbe9479d9c8769e38256c209ff699f00b2b4690287bc6cc7
PZU,2017-01-11,scientific_cache,63551,38799,716901,893077,8c6b132ed2bb5076c48e1f2a59230954c329c5cd217f9a5cff3607a40799e315,4868a4f6642c86b6a75ef3d254f144cc2ed393e7bf053186368f143e166a59d6,2457a7f5f20dc552bbe9479d9c8769e38256c209ff699f00b2b4690287bc6cc7
PZU,2017-01-12,scientific_cache,76123,50699,878782,1073263,cd5ee0ed225fe4246adc5eda5fc49bf3018535dfe0c9fe0e0e22eccdec783c56,39e01044b4d578f615a59c96c29976d817c406dd803af654d8a249bc5ad9b09f,2457a7f5f20dc552bbe9479d9c8769e38256c209ff699f00b2b4690287bc6cc7
PZU,2017-01-13,scientific_cache,56401,35793,709088,846943,ca8252e3b8c469989ac3e1a90663b0122db238cc8c5c025ac8604e0abce32982,5a0e92f1cc1ac970a87ac5269027aef99b948bcf72654c420debbb825d208eb6,2457a7f5f20dc552bbe9479d9c8769e38256c209ff699f00b2b4690287bc6cc7
PZU,2017-01-16,scientific_cache,56799,34235,570241,697921,a3188f0631c1cd1125b5182ba556b1fb835dd32993fa7bfbd0d2c7307781e749,ff7054237766da6c77b3e41f2be89d0b6fbf1acb383e528326359c8408c54b7f,2457a7f5f20dc552bbe9479d9c8769e38256c209ff699f00b2b4690287bc6cc7
PZU,2017-01-17,scientific_cache,64651,40780,697651,852561,912c686fa84924292b3ba56fa6e9cc5047ea8d59beaae7c5a5f0d7af646cc704,1eb23c72fa26c9e93e38d9448161e9151df7655afe8df81f98ac96a21b8b3297,2457a7f5f20dc552bbe9479d9c8769e38256c209ff699f00b2b4690287bc6cc7
PZU,2017-01-18,scientific_cache,47003,26554,435054,519125,013583d95ab57d616008126e5bf05ee4c8b945aab7aca007df2d2346e57e5e2d,eb4abc13d966fa8a1febdcd11493a5e5f7cc305b27dce6072e6634039834ba4d,2457a7f5f20dc552bbe9479d9c8769e38256c209ff699f00b2b4690287bc6cc7
PZU,2017-01-19,scientific_cache,46123,28204,451076,513673,01d373c83443341d980f892d9998d987251df48c4d7f0105fb73fbd4a89af66c,d704c788f1e8e01efcffb255f603b2b85250783acb0f8715c3b0c612c575da0b,2457a7f5f20dc552bbe9479d9c8769e38256c209ff699f00b2b4690287bc6cc7
PZU,2017-01-20,scientific_cache,48489,26734,439913,553240,f3f83875f3f89987d1177533c5d279510e868ac44c3193c4e3616b66ef94c630,35705e2b90066baa4e95bad4dee0f3d7336784364620d72d077822ebadadad7e,2457a7f5f20dc552bbe9479d9c8769e38256c209ff699f00b2b4690287bc6cc7
PZU,2017-01-23,scientific_cache,26856,15577,263911,304935,7ab9315addfa9412f8dbaf199a5013923a182e1090854263eafd6f234bb61409,79f1c7e72ba48c167587a1e08f469b02ae69b4ee4f4bc09823a459a7928ae370,2457a7f5f20dc552bbe9479d9c8769e38256c209ff699f00b2b4690287bc6cc7
PZU,2017-01-24,scientific_cache,46627,24059,394454,488659,31608ae7d0964a494946922989b7d451c20194c1569a784bad3b867ef0457ee2,a90bc1590586d83e574798bd62a8cdc1300c4e3dda5257ee42d54666087462c8,2457a7f5f20dc552bbe9479d9c8769e38256c209ff699f00b2b4690287bc6cc7
PZU,2017-01-25,scientific_cache,75362,45900,866287,1015678,676ec415e9503e023fadf0bd4c216fea57b19f25f50e556d720934d026cc08ef,7cafd9182b2f50b4b900f6c7bec61457474edb3cfa0fa29edc5410dd2e261900,2457a7f5f20dc552bbe9479d9c8769e38256c209ff699f00b2b4690287bc6cc7
PZU,2017-01-26,scientific_cache,64577,36766,609416,759379,75e5c1b65fd02c5d2b35ec21fa27404aa71fbe342453cb75a18288129139e481,7093a79b47ce65cfd313cb015d17d41295fc185b87f94e5514054d38eac28f85,2457a7f5f20dc552bbe9479d9c8769e38256c209ff699f00b2b4690287bc6cc7
PZU,2017-01-27,scientific_cache,50423,33116,528613,588462,a8eabfae4d537ee5bf2691739ef35abb7c2b6a87be5f376b3fce5564aedf7a5a,73c88eb7dc8ebcb62019046ec2f891d8f6d2f31885e7f128a325ba415244fb84,2457a7f5f20dc552bbe9479d9c8769e38256c209ff699f00b2b4690287bc6cc7
PZU,2017-01-30,scientific_cache,38239,20526,327767,384000,26d32941d44eedc39cf132ac66da4bc793e44dd59bbbe14e1d95e79f0ee18c61,e5ec0806424cac7480533072dfc818b27f3327ebdca888816b7c60df8d010957,2457a7f5f20dc552bbe9479d9c8769e38256c209ff699f00b2b4690287bc6cc7
PZU,2017-01-31,scientific_cache,45604,30202,480813,590605,2611efb4ca6331f798df89a363051a622eb7d30fa49603b4569d88c7e00c6430,31b5f209c3ef6edc9136c07d372a08df90300eee80e61f3d4a88dec4455ba706,2457a7f5f20dc552bbe9479d9c8769e38256c209ff699f00b2b4690287bc6cc7
PZU,2017-02-01,scientific_cache,50237,28774,440636,560552,33280d54aef27ff0d2f68e643faa5576cce3a8e89efbc082822426e4f92ff4bd,6ce5179da5e09ec11ee4a4e84376a33f1bc15894c47ec44094f8e058b6f19961,2457a7f5f20dc552bbe9479d9c8769e38256c209ff699f00b2b4690287bc6cc7
PZU,2017-02-02,scientific_cache,40505,23585,383648,461935,07ea9e66854b01181be38518b66dd91eebfac2ecd8d2f34ba1b91f5099d7a7bd,257dfcc53d408b714097cc92af2a40efe10ca1456ba38c430e30e60550a277c2,2457a7f5f20dc552bbe9479d9c8769e38256c209ff699f00b2b4690287bc6cc7
PZU,2017-02-03,scientific_cache,54248,33666,535391,666832,632eded5c716b55d25cff85133b07e6695ce7b1a8fd58ce21d424ebf98dd6b28,6f5b0ac8fee90ea2a803ee452543161360e30e957f2fbc95034cd716c2374366,2457a7f5f20dc552bbe9479d9c8769e38256c209ff699f00b2b4690287bc6cc7
PZU,2017-02-06,scientific_cache,38774,25290,405704,489321,8116ddbb1c0b11fb9ad07ed7ae4f4bd182e853f2a0070d951ca6d95f9a7b82da,6ed146a6b0f047cd9fd156cde130aa4360a992ad7f1994e1cd49d92d9b1e0b28,2457a7f5f20dc552bbe9479d9c8769e38256c209ff699f00b2b4690287bc6cc7
PZU,2017-02-07,scientific_cache,38342,23654,390274,465271,d1b3e19948dd6aa3a9e098a80a93b545c5eb3409ad0445aac3c0a55f901db9a1,cd8e6dc5b2bd4c630533e21d8ef1fbd55d7980d3ac66da624733a3e230ea5262,2457a7f5f20dc552bbe9479d9c8769e38256c209ff699f00b2b4690287bc6cc7
PZU,2017-02-08,scientific_cache,50015,28238,444334,558581,4afef25a112f6f7920d1c52e35790b294eba57599fa7160c60267e50f47cf091,8cc95863ae9f35ffc823ad8f81778c8909f2cdf84921c52a11eed0be7f34638e,2457a7f5f20dc552bbe9479d9c8769e38256c209ff699f00b2b4690287bc6cc7
PZU,2017-02-09,scientific_cache,46584,30630,472741,608376,08d5ef5fa20da846b4d06f2a4773cadf49066c8acd99053dab63da805c8ee0d0,c5cfbfb8d4025e7137048e7a845e3a31064e28ec23c36b049096b57049741a13,2457a7f5f20dc552bbe9479d9c8769e38256c209ff699f00b2b4690287bc6cc7
PZU,2017-02-10,scientific_cache,65923,38414,636500,812662,3a5dac21473cd8c47f2c9e0a182fb32cb59dd779ff9de8b4c6ac1eb44482a4fc,7f54aed7a19d23cb55e27e13c373463995936f38780afe3c4c5a6d6adfb9a6cc,2457a7f5f20dc552bbe9479d9c8769e38256c209ff699f00b2b4690287bc6cc7
PZU,2017-02-13,scientific_cache,55373,34976,539948,639598,fc24b55260a5fa869c8c290a8bae536a77c5ef7f3258480957235ae460c3935e,ef5d26184f02b2ca97151bcd1a1ff04a4d5e6f33db7e50f729bd1950c3679ba8,2457a7f5f20dc552bbe9479d9c8769e38256c209ff699f00b2b4690287bc6cc7
PZU,2017-02-14,scientific_cache,49847,29317,457453,587276,ec53570367ad684bbbbb416ba3f3266c65db2bbf867b75e69e68575aa587b079,fb41fea6fc52c6182ca43a66211183f891377e4974383ef4bd6b5812533212ca,2457a7f5f20dc552bbe9479d9c8769e38256c209ff699f00b2b4690287bc6cc7
PZU,2017-02-15,scientific_cache,103176,71652,1185792,1499795,efa91352aab7392a38627b728f9c983fc5b1fe3fa2ccad569bda0259c9eb2a40,43b324faa88025720f15eeff0bb841e0dd481068e5668d42b9f7d107a7e97ece,2457a7f5f20dc552bbe9479d9c8769e38256c209ff699f00b2b4690287bc6cc7
PZU,2017-02-16,scientific_cache,66550,44834,731027,912972,ff9d50ece76f0c0440de7115c0b480b6208a56db88aad47d790ca01abaa96754,3010fbf5c6568150ecb3b31797c0d83d946b758b4b734e06d678cd3628c84360,2457a7f5f20dc552bbe9479d9c8769e38256c209ff699f00b2b4690287bc6cc7
PZU,2017-02-17,scientific_cache,59241,42243,757097,947582,46105325c7d05ca183e701b8766280bf6d3c22c47dfe1535ead0c2e82f27dd81,be63f734cd0fd1d6a08a8485bce9a40eb0799dd73e488a7a535a8c87c8898c2b,2457a7f5f20dc552bbe9479d9c8769e38256c209ff699f00b2b4690287bc6cc7
PZU,2017-02-20,scientific_cache,29652,17722,295984,349459,21f7755d0fdaa374a84d5c2ffb823f52341880c60d3ea98ea1bbb36374aa04c1,06e13fe73b9d09cc4c818fe2480d91fcd7ce297d734a0482ba05ffd38b45c82b,2457a7f5f20dc552bbe9479d9c8769e38256c209ff699f00b2b4690287bc6cc7
PZU,2017-02-21,scientific_cache,60074,40960,732385,892067,b851e657ab8cf822fb8374e7fea87efd90bd031e8310b50e76b5814818a6ed19,8264bfa6f0fe61e07fdde31a7b0e8e466d35c6d6ae6dfc47b38b9219cc28a7bd,2457a7f5f20dc552bbe9479d9c8769e38256c209ff699f00b2b4690287bc6cc7
PZU,2017-02-22,scientific_cache,43694,26141,412219,531414,493c620016be776a2632c8ccaf02fd2ad3df58b48112b609a6cc641311d0afab,14bdcb4463b9da4bd081ec9739f1aeecd8e967b15a15bc06e75d9e747bd35973,2457a7f5f20dc552bbe9479d9c8769e38256c209ff699f00b2b4690287bc6cc7
PZU,2017-02-23,scientific_cache,62476,41529,814135,971743,5b45ab360ce580f1258ab6c66d1b77be2058b01e1d5c275c0997819296ffdfb6,2c9c30a684dfb04d0b5325af8f7fa64ac7ff7e8e44d8a188b601cc767e92ed76,2457a7f5f20dc552bbe9479d9c8769e38256c209ff699f00b2b4690287bc6cc7
PZU,2017-02-24,scientific_cache,73192,50077,906449,1071504,124317bd6d22da72cd9465a2e19ce605978b6eeddb742c7ac1dd96c4aa7d5536,effbbf79aaf66e6879d8ec2f3f78e1a52dd92bfe23d403ed2c7cbb8018a1aa75,2457a7f5f20dc552bbe9479d9c8769e38256c209ff699f00b2b4690287bc6cc7
PZU,2017-02-27,scientific_cache,48686,29026,488423,554912,a745945c047198496628543b982f7bb6dab640751e01de6fc863805375772d56,1782a0419d92569915e593ecaaeefbbdb61e637791c81c02b68ca1d8a4e547bb,2457a7f5f20dc552bbe9479d9c8769e38256c209ff699f00b2b4690287bc6cc7
PZU,2017-02-28,scientific_cache,76854,50260,898549,1060557,f3441427ddf7f54010cb0601c22430a8fd41545b8ee9dd78eb1f1754d980b314,fcbb8f2ba8ca2ed3c8f2fd5e427df314db3f9e9fb4c6edfc2170a21c2ea8cf82,2457a7f5f20dc552bbe9479d9c8769e38256c209ff699f00b2b4690287bc6cc7
PZU,2017-03-01,scientific_cache,67213,45774,809753,949271,2ba782371cf92e658ada762c810b0bfdd037426ec5b83cb45c6f23178fd10901,e2d9e545d5f62f996d7221dc18cc178040b5149a3ac5cf448f28c98f99e53d4e,2457a7f5f20dc552bbe9479d9c8769e38256c209ff699f00b2b4690287bc6cc7
PZU,2017-03-02,scientific_cache,45550,27784,420364,508905,fec45fa052541fcd5fa0bdfbd38e0e67901a9166664fdc3c8934489154ccbf5b,01e5959a576d4698ee90cb3b9e25d20c539ef12fec86c1ff1a7b12a2aa44e35c,2457a7f5f20dc552bbe9479d9c8769e38256c209ff699f00b2b4690287bc6cc7
PZU,2017-03-03,scientific_cache,63195,42335,705313,848823,c0a83aa6ba20974972a2460dd8082fa0759fbc208d1e069985ee45254af1928c,421a3adef57d3607fff7a5a0548134d5c9de180cc875979c777d7ccaea4b6064,2457a7f5f20dc552bbe9479d9c8769e38256c209ff699f00b2b4690287bc6cc7
PZU,2017-03-06,scientific_cache,47448,27045,431582,516262,3e3e492394118e3bc736459eea84b63fce12eee6253dc37a38efcfb83c05f492,904a6f4149029de01ec9b10c8c58947566621ac689ae3f0108d52eec917aa073,2457a7f5f20dc552bbe9479d9c8769e38256c209ff699f00b2b4690287bc6cc7
PZU,2017-03-07,scientific_cache,49886,28835,438838,553659,3ae0c191672eb89d04f8304ce43a517ab1b8d7ac7736299b3ee984808870034b,1a61c8816ac561a830f9880573402dcdd2d5162cc95c355dbe16a18507040daf,2457a7f5f20dc552bbe9479d9c8769e38256c209ff699f00b2b4690287bc6cc7
PZU,2017-03-08,scientific_cache,52116,29316,505714,597712,9c0ca52553f0d77b8eeecc790d088adcae8338a80b7d38ca3c9955b0d9dd1cbf,e7af4e56caacf3aaa4b2c4bfa41153f83d85748890c92bee956ebc090e7ae5a9,2457a7f5f20dc552bbe9479d9c8769e38256c209ff699f00b2b4690287bc6cc7
PZU,2017-03-09,scientific_cache,87071,60118,960046,1198787,870df9dad23083001dcb3c21041d88cf7270768d56a687ee0f534dcb1212e58b,0de13f5d8c9e52f0d65f58b591de3fbd5c956fcf53495110123de273eba485c3,2457a7f5f20dc552bbe9479d9c8769e38256c209ff699f00b2b4690287bc6cc7
PZU,2017-03-10,scientific_cache,59240,34330,622644,730630,985595686578fce0b842c6d8a5ada00251ed230d97f703adf2b6bbfcfe72613e,0d3be7b6c1bd6566a54bbd24894d5acee7099d817168097d692f775694244735,2457a7f5f20dc552bbe9479d9c8769e38256c209ff699f00b2b4690287bc6cc7
PZU,2017-03-13,scientific_cache,85065,53889,978064,1132275,a1a331ef89fff588f8817fcf3eb4360f9ec3db2b961fd18a43a837959938a3cb,d6166bae363b851af80870276b69a48e9536ebadbd4d8d9219b7ce9932f6c7bf,2457a7f5f20dc552bbe9479d9c8769e38256c209ff699f00b2b4690287bc6cc7
PZU,2017-03-14,scientific_cache,115758,74969,1224252,1474462,41a5df667eadf9b0f622ab5f6cfa7b1f12596c6025504b158b18fc9749b2e295,0cacf491ac43497a946143b5abd4249cde6b2092935e15e39dc7e8c472553d4b,2457a7f5f20dc552bbe9479d9c8769e38256c209ff699f00b2b4690287bc6cc7
PZU,2017-03-15,scientific_cache,99018,66067,1073497,1265226,6b49a089bc5dc2f3222ad9fdb7a6d984be88c1d36cadd251bd43d4612ff92b8b,3d1c90d6dbfb5eef958d4b330418fe72be62d6c7c2d123b77061ea1b0e8cb07e,2457a7f5f20dc552bbe9479d9c8769e38256c209ff699f00b2b4690287bc6cc7
PZU,2017-03-16,scientific_cache,44523,27966,425286,570929,83971a1e86ea5c445d9c9b7c3f46c1afe7c95245765ee28e00d1fee5c42c64bc,d892c60c8d9354e139ee4e3451a323adf04a7f899b62a8231415f08d6f81a58d,2457a7f5f20dc552bbe9479d9c8769e38256c209ff699f00b2b4690287bc6cc7
PZU,2017-03-17,scientific_cache,64296,37653,695777,959306,594f5c376f8d3fba7e4ab926babdec7b8450276c891877eb7eceaa823b9e1af4,180d84f458e3d37c0bfb747b8da1d4330e3b2226e38b08d5e2f588e331d22ed6,2457a7f5f20dc552bbe9479d9c8769e38256c209ff699f00b2b4690287bc6cc7
PZU,2017-03-20,scientific_cache,54089,32822,545848,680524,08971769a844863aaebd4cad212a60ecb3ac3e018549ae507b0ed3e8c7ea3d07,d7c5751e6e2accb24291d22993d6b6c86ccd24666c8fcfc18d79ad8498f744a2,2457a7f5f20dc552bbe9479d9c8769e38256c209ff699f00b2b4690287bc6cc7
PZU,2017-03-21,scientific_cache,82066,49423,794841,933051,5fc083abfe337f16a25f6cf7d88c7bcb9c2e70b0ec54f14b8ac670d5cf74c96f,9739f62781ac5a8a4730fc84eca3fb4b616b17da7db40e260ac898b1b2011a57,2457a7f5f20dc552bbe9479d9c8769e38256c209ff699f00b2b4690287bc6cc7
PZU,2017-03-22,scientific_cache,101622,68303,1488511,1608066,d3628517cf805e4d6c2a2a106125054d483dd1dab741a3a3d6a418c81d298f93,04bf195003a3a54d1fb64e76f9208150749c48b554a157c049601a034b9944b7,2457a7f5f20dc552bbe9479d9c8769e38256c209ff699f00b2b4690287bc6cc7
PZU,2017-03-23,scientific_cache,142007,87377,1490637,1882236,4940a7aeca673d5c0ff3fbfeed2c938e18a7d2f218b594ea012daf456f6f82af,581403470834d5639b681785abf6142e75de1907132a7f19974944261cc7ff0c,2457a7f5f20dc552bbe9479d9c8769e38256c209ff699f00b2b4690287bc6cc7
PZU,2017-03-24,scientific_cache,81433,55431,815731,1102178,06ba3db7944014dba335fd89fb482f1c46ccc4fcb92d48c5f9c38fc1f24d050a,e1325e8ba23c32e816bda0665f291a1e84fd3f5c08336e86ba7465065ec05bc3,2457a7f5f20dc552bbe9479d9c8769e38256c209ff699f00b2b4690287bc6cc7
PZU,2017-03-27,scientific_cache,56434,35589,552700,700700,9830350871673a7226caa109c793e125b9400b4e09570781cea518abf45acacd,4eb89d4c96ed01722d9a339cdcde82785eae0674618d0638fb6dc689e236c7ea,2457a7f5f20dc552bbe9479d9c8769e38256c209ff699f00b2b4690287bc6cc7
PZU,2017-03-28,scientific_cache,66863,38624,768398,908485,894659bcbae9a2f0a6de0abf033ab8baca21656a6a641e0a915915340a639f57,56c5f089ecca91447f5caf7454943a673741b4a535964e5819a4179fb2d24391,2457a7f5f20dc552bbe9479d9c8769e38256c209ff699f00b2b4690287bc6cc7
PZU,2017-03-29,scientific_cache,77862,45162,755302,877760,29ac7dba38541946bf8c7589d85af4c950831b138b1e697fa0aeff9451c3e207,f22d9295635cbe301f552a9483dbac1cb5ad95e23e99d390245112354b92600a,2457a7f5f20dc552bbe9479d9c8769e38256c209ff699f00b2b4690287bc6cc7
PZU,2017-03-30,scientific_cache,81664,50887,1032082,1236610,b010d6db324327fbd07a25e69f30bbdd41413a77eae34b9ce9861fbc79bb7364,f9fef9d236d52645521cc20b0c293bba368ab17e04bbb7db7ae37e8173e64866,2457a7f5f20dc552bbe9479d9c8769e38256c209ff699f00b2b4690287bc6cc7
PZU,2017-03-31,scientific_cache,84193,60472,1214287,1483700,4d917f7b1ad5fd4f7cd04d7f806ec97600138980927815f63aaad9cb9f9eda9a,7fc64a0c1229431ae2c1068ec85c5bae49c98cc83a2cc8054cef4eb11a0477a6,2457a7f5f20dc552bbe9479d9c8769e38256c209ff699f00b2b4690287bc6cc7
PZU,2017-04-03,scientific_cache,60995,36604,748439,849104,e4f50ff3a9a4e704c0b952d9bbf8d0f6b04cad76935cd97dfe0149825b935718,cd74b5baec36eb8cb1f200f19140fa1a671c7300b869633cba6f6b7cac2de1bd,2457a7f5f20dc552bbe9479d9c8769e38256c209ff699f00b2b4690287bc6cc7
PZU,2017-04-04,scientific_cache,85451,56965,955436,1147238,8442fc911a9a57b369840a301b46b41250d9ceb1c43406d5b2911eb7832ddaca,4a4abfe36ad6024f12db9e9a821fe8717ebe1511bd51851c9f08204dc8885c74,2457a7f5f20dc552bbe9479d9c8769e38256c209ff699f00b2b4690287bc6cc7
PZU,2017-04-05,scientific_cache,45087,29541,497409,648413,0cc6a78fc334413470b7f77571938cf0ff69a64cca2d0060c9def124e929f2c5,075706b2408f4f2c392a5b2ffdc19d9f7bc99429e45201136f87a031db6a5750,2457a7f5f20dc552bbe9479d9c8769e38256c209ff699f00b2b4690287bc6cc7
PZU,2017-04-06,scientific_cache,46772,24698,428452,555360,23cf855a6d6811a05baa3bee157445ad036bd1e4fe0e0624ac56cebaa8eb44d9,77b5050deec5f214d4f24c6b785ea5887abca0a1dc9ee7e6c84ec400c18efdea,2457a7f5f20dc552bbe9479d9c8769e38256c209ff699f00b2b4690287bc6cc7
PZU,2017-04-07,scientific_cache,67361,43313,767357,959324,8e15b292f28e82ce1a72eb812d723af569cf8c7b005cdf94fb3561c9e7234d8b,a4c16c45ead87767968767c00d0ad036c6e90723cc6d7310bdc71fd20980a4e3,2457a7f5f20dc552bbe9479d9c8769e38256c209ff699f00b2b4690287bc6cc7
PZU,2017-04-10,scientific_cache,69309,44723,746850,923268,30f3237cb7cd5cdfa8f60c2138fe8768aa4131c485fc3a1be8d8299650130cd8,639d2c441ebf8cb4ea9e290750228a0c07a87f8efe0925db835f6168b305b58a,2457a7f5f20dc552bbe9479d9c8769e38256c209ff699f00b2b4690287bc6cc7
PZU,2017-04-11,scientific_cache,78893,50948,792071,1080438,5e1971db024a4fb84e2c5c98e533a4669e84e863fe036031bbfd6a9853d8f5f0,a309af3108e9c6f4fd8e840152d2f9489818b733a6eae1ae6fad0016f1c86044,2457a7f5f20dc552bbe9479d9c8769e38256c209ff699f00b2b4690287bc6cc7
PZU,2017-04-12,scientific_cache,81953,53140,879196,1135630,cd829475d4747174a87fedf7a4c92a2edc278f727bf2d1d82965ebddc26c1d2e,08c66df30a25efe85e717dd2cf4bd528094c81aae5f73f09e3349585bafeaffe,2457a7f5f20dc552bbe9479d9c8769e38256c209ff699f00b2b4690287bc6cc7
PZU,2017-04-13,scientific_cache,30725,16913,270938,315489,68fc0f2750c3f114a278727818083cceae674b03d6ee2364eff31a148b30955f,5d79d87f6b8cb68681b9daa3937335c205c33e5ad260220be510bd19f451786f,2457a7f5f20dc552bbe9479d9c8769e38256c209ff699f00b2b4690287bc6cc7
PZU,2017-04-18,scientific_cache,50604,35966,716908,813055,766be05d88e4844174d0c4e5379886036e03a2646767a9b923da0b6aa90d98da,1a5e0655f85308e4157d5652c4a0e566b46ef2733c33ad6ccc40316e01497b1f,2457a7f5f20dc552bbe9479d9c8769e38256c209ff699f00b2b4690287bc6cc7
PZU,2017-04-19,scientific_cache,68896,45575,847767,1109624,7f4843a2d78707173d3238b4ff304f9f94457868feab0f73efbde39578ccb32b,41f69a9f2addcac24a8a5a0bb1df56f24a9ace4e9273c1af7f8b1a36424a092f,2457a7f5f20dc552bbe9479d9c8769e38256c209ff699f00b2b4690287bc6cc7
PZU,2017-04-20,scientific_cache,82377,59786,1071566,1338704,ec2acc8dcc1842db3e44d007fcd30628e96d539df26aea0066f0646a48eb69d3,a913621e37013871ee21d569a0153ef41e0c268078fa28f5a5d32951ceb063ec,2457a7f5f20dc552bbe9479d9c8769e38256c209ff699f00b2b4690287bc6cc7
PZU,2017-04-21,scientific_cache,117473,77817,1291041,1510010,9d08314a4402bd9289cf08aaa78a8bafb0f219e2e55aedadd7a0476490de2b06,818b907b6a03fb65f3219207b636bcba55095205e9e785afb36562012c4cbd13,2457a7f5f20dc552bbe9479d9c8769e38256c209ff699f00b2b4690287bc6cc7
PZU,2017-04-24,scientific_cache,90617,57524,1050959,1175673,0810084547107e634b6098faecc8313d99dbe23b88f4136b7bfc027b87943f14,36d6279abfb0d8d92c3119e8056c530778d25f4310f74c9d13ff363f6d77c93c,2457a7f5f20dc552bbe9479d9c8769e38256c209ff699f00b2b4690287bc6cc7
PZU,2017-04-25,scientific_cache,72892,54438,866817,1039410,58b50ca5abc422941ccf54da08dba5ac551f22199799e2b9c38bb55b6a3930c5,843241b8ddbb576ae672ee07250ee881199a42c297b81f35c7d2c7762976cf21,2457a7f5f20dc552bbe9479d9c8769e38256c209ff699f00b2b4690287bc6cc7
PZU,2017-04-26,scientific_cache,133780,106053,1759521,2148534,fecfd5ef4f674afc2da3dc4ab3c896390e01d06d050a784d43d3ac3b30f67aad,d560622cd126aab3541637de95bd9f85d251266f2862e3dae06de06a32803552,2457a7f5f20dc552bbe9479d9c8769e38256c209ff699f00b2b4690287bc6cc7
PZU,2017-04-27,scientific_cache,168907,120320,2038373,2478021,e51cb97ae2d55f231d663fdcca5ba1bedef625b517aecf8e9e921f28622ded67,a9aa0efddd638a0190f8bbce9830545f7360859cc0e46a46e647e6d42c73be0a,2457a7f5f20dc552bbe9479d9c8769e38256c209ff699f00b2b4690287bc6cc7
PZU,2017-04-28,scientific_cache,77612,52383,897646,1080928,b4229cd490bc6bf9fabb550bfc6c1d13a663397f5c9b422338ed250f0029e6a9,c28a724d824ec9610d4e1b20763edbeb24a3951bc662f4c8cbfb3e60e7ba7490,2457a7f5f20dc552bbe9479d9c8769e38256c209ff699f00b2b4690287bc6cc7
PZU,2017-05-02,scientific_cache,64105,41376,812091,1003878,3ad117f0382f1246476d6c9c891a45619ab3f240d5e2a84a543af67c9fef8f16,2346203b30d6a9e921a1707d4c015e49d1698250c0be25588ea0a51f694c3759,2457a7f5f20dc552bbe9479d9c8769e38256c209ff699f00b2b4690287bc6cc7
PZU,2017-05-04,scientific_cache,155516,104094,1920420,2214519,ac56f87960f1ecf90cd9af06cfb25c12e902c99cc026b8eeef2672559e3fc8a3,b2df82d20ff75bd357316d08578ef5fd96baa15c9224555a390716600dfb4cf0,2457a7f5f20dc552bbe9479d9c8769e38256c209ff699f00b2b4690287bc6cc7
PZU,2017-05-05,scientific_cache,145829,106016,1996438,1953422,47417e132dcc153ed99704f0f54b27d2956d2115fe9086cb3d0e051818086b2f,cc3d46b4a730a7aef5148d477e5175cf55468de93f72941fba692d41d6d27a3d,2457a7f5f20dc552bbe9479d9c8769e38256c209ff699f00b2b4690287bc6cc7
PZU,2017-05-08,scientific_cache,103081,72502,1351238,1426681,3456989e6328c80539fb491bf640c0f66f1ac8967f0edbdbda784f42ff4266c4,ce7f70e3dbd069f5630b0c8d1f1904bcedb4dbf870fafdda462b72e576e82bf2,2457a7f5f20dc552bbe9479d9c8769e38256c209ff699f00b2b4690287bc6cc7
PZU,2017-05-09,scientific_cache,75037,53439,1082474,1254050,4a78c2689b0045d50493aad8d5a4f57818a6ef17532d81b29c57ee0b13a02d0f,71b8ed6604fd8ce84c946b95b6ed43d78e500420dbb409d6f975234a8c0fe2ba,2457a7f5f20dc552bbe9479d9c8769e38256c209ff699f00b2b4690287bc6cc7
PZU,2017-05-10,scientific_cache,82746,62823,1117335,1258311,03a0dadab5f833e11a549f6f088a6501927d20c5c488f6b2993616b25e840368,55114d88171fdc568085dc780acb9522058122f9bd7143df7a1e3b583ef4946a,2457a7f5f20dc552bbe9479d9c8769e38256c209ff699f00b2b4690287bc6cc7
PZU,2017-05-11,scientific_cache,97790,63669,1272826,1295609,eb21430126da4fc69d074b63fdb46967b768a01bb281d16161f3a3d0ad410b9c,c2992b621a5fae594925b58a7bcb4e1bafaf563051728080426ba1a38d573977,2457a7f5f20dc552bbe9479d9c8769e38256c209ff699f00b2b4690287bc6cc7
PZU,2017-05-12,scientific_cache,75586,51152,952067,1107034,1dd0d823c95c15377ac3b3b572708bfb06c5dfd5287ccc55cc18e683665c3eeb,6507397f10e5301ece191c9c9723bf13b7a80b112836c1d5a748350d45266bbb,2457a7f5f20dc552bbe9479d9c8769e38256c209ff699f00b2b4690287bc6cc7
PZU,2017-05-15,scientific_cache,68773,49254,965136,1086051,8c4c1cde8c7ebe3e3430f70da655ad614ab0fedb13b3236f90907f872df4a2c3,cb2b94e3da3b74d5f184d08300ced1f87f9e2e2ba130dfa1d0521d205dd8a8db,2457a7f5f20dc552bbe9479d9c8769e38256c209ff699f00b2b4690287bc6cc7
PZU,2017-05-16,scientific_cache,89931,66195,1284844,1463892,63282822ca1083f420f64d7ac92bd6dcd2644be60fb5dc09efadc02b6d19568d,8bf96734bee50f98ad67e0e441584d3837a912740bde81da4f164ab926d9fcb6,2457a7f5f20dc552bbe9479d9c8769e38256c209ff699f00b2b4690287bc6cc7
PZU,2017-05-17,scientific_cache,130125,70978,1191017,1443412,258c199dac9f6056fbf4d00f30979a2202cd0462123ff0f8d297494587fb3e8d,91e1268948d497281ce0abb13d9acbedb9bad3bff35f22f342b4db742616c3c5,2457a7f5f20dc552bbe9479d9c8769e38256c209ff699f00b2b4690287bc6cc7
PZU,2017-05-18,scientific_cache,195449,135843,2676996,2722456,7c2bd01619ebec6882e6e1e3a2d7507c224d8517290ea8ae4770db099047ae78,e3e1336b56ed240484f50fef8b5edca8da6fc289b779e22217872f9f6b8f7473,2457a7f5f20dc552bbe9479d9c8769e38256c209ff699f00b2b4690287bc6cc7
PZU,2017-05-19,scientific_cache,98009,69847,1379780,1503343,e830b7460f7877c62439bb2e156fe1e0df6b46f014ff181da1ce89c7b82f93dc,d4fbeb6cb8af2f2fbebad5e86eaaae424469b2e751d04a99c7075339d1f16bb1,2457a7f5f20dc552bbe9479d9c8769e38256c209ff699f00b2b4690287bc6cc7
PZU,2017-05-22,scientific_cache,80856,60122,1152178,1265851,9f63f51d76f50e74cd6bf9e36174276e51f36f32b652e6e3509997b5de3b5fdb,8c9864ac1d3576a5fc927f3b6bafb169d53c0bf3e462b9730498387eefccf360,2457a7f5f20dc552bbe9479d9c8769e38256c209ff699f00b2b4690287bc6cc7
PZU,2017-05-23,scientific_cache,108524,71338,1472355,1623932,b96527af935a67cf479ccbb2df8f9ed9537ad8c4fb3185990dfb8e50b9f6db7c,6e2325e94854935ba9b91ebf63a3ce38ee7da81f330b5eabb47f41be8837d304,2457a7f5f20dc552bbe9479d9c8769e38256c209ff699f00b2b4690287bc6cc7
PZU,2017-05-24,scientific_cache,116894,84322,1877031,1841071,ea4d054e42f48bbb34fd9b67ac5763665b53265458028356769eb1459f801662,547c97fd75e734f4e7d97359c11218c3301a6fa37d989fc2235bb7bbd89e3aab,2457a7f5f20dc552bbe9479d9c8769e38256c209ff699f00b2b4690287bc6cc7
PZU,2017-05-25,scientific_cache,84673,55432,1031772,1140297,4211a513495631000b1752f71d85b6b88ec280659f586c73c234e6670d425838,f88ea52b2e1ae6e2280ff0416d68e2bca1f8c28304d925acf474910873228a5f,2457a7f5f20dc552bbe9479d9c8769e38256c209ff699f00b2b4690287bc6cc7
PZU,2017-05-26,scientific_cache,95729,74067,1472837,1528930,607c52946ebde0dc5f4999f82cc668c69a1ad4c12e2ad4e433a3af80e438bab7,99ede70a7d3ec8e21c300e34b335131ba7fe38f132e9770e031d8bd45e576830,2457a7f5f20dc552bbe9479d9c8769e38256c209ff699f00b2b4690287bc6cc7
PZU,2017-05-29,scientific_cache,35130,22646,451342,480655,e38364809fd48e6640c0317c608e6e43ed7fea53d79a5947592b39f185289334,252c25ffbd62d9be97b1edb47c29ca25103a14609dbfa053f5d282db7f5c2a8a,2457a7f5f20dc552bbe9479d9c8769e38256c209ff699f00b2b4690287bc6cc7
PZU,2017-05-30,scientific_cache,121088,73462,1405750,1580140,be3c62c7f58d82f5df8ddc4dd32d1477343f0ad5f5a5b218c252721e50f9c318,7242379ce7040a13e98ac73bd0b282573388d1c08cdb02da57720a8da414b66c,2457a7f5f20dc552bbe9479d9c8769e38256c209ff699f00b2b4690287bc6cc7
PZU,2017-05-31,scientific_cache,94880,67087,1258910,1418318,baf6bd770f5fe32b8d30a248e96a9e47f2a4b7ce9bf326a65925a6ab038671c1,f8a3edc09ce5ce55b465c42e3c2f98e61514f6e92c99e45f14fab894697952f9,2457a7f5f20dc552bbe9479d9c8769e38256c209ff699f00b2b4690287bc6cc7
PZU,2017-06-01,scientific_cache,60129,37221,829031,856693,695e67ac319933399dda1f5f1ecfef0c11253e14ea8120446fdf7e4a51a18630,cbb6dafc60216dc25c3275cb5c689e31c890213e5b71ae594532d2157bc1b133,2457a7f5f20dc552bbe9479d9c8769e38256c209ff699f00b2b4690287bc6cc7
PZU,2017-06-02,scientific_cache,44546,28504,495291,588455,5d96f9e3dda571d714865a9eab7eca5923267bb266b8f95543ab0ea2d11bba75,45379b5cf1e13575d67eaf231f9869cba764930da11a5a36c733d6562b0747bf,2457a7f5f20dc552bbe9479d9c8769e38256c209ff699f00b2b4690287bc6cc7
PZU,2017-06-05,scientific_cache,66888,40537,874620,953006,018c83e253eebe7d39f1ed23b894969a3e0f2e21986ba3d168ad70bcc0dfa205,828d0fb88214693bca02ade036777c451723bdb872829fc383df10fa9e28ca9e,2457a7f5f20dc552bbe9479d9c8769e38256c209ff699f00b2b4690287bc6cc7
PZU,2017-06-06,scientific_cache,84105,53692,1077935,1158681,d141216c4e4da4b36a2a0a12116afb18e620b5b123b7ddfd07045cfe78ed0dd1,e266a43ad75e3acf7d7698514cc249967393ef6a05028fca98566724f90eb6e5,2457a7f5f20dc552bbe9479d9c8769e38256c209ff699f00b2b4690287bc6cc7
PZU,2017-06-07,scientific_cache,61222,35686,763802,833495,47b6cde3b94e1805082de981ffd55bd89444f965ffba646543495a4454754140,3ca02953683250c36ebc88a75dca92bbf62e116e817210798ed1e3509e6815cc,2457a7f5f20dc552bbe9479d9c8769e38256c209ff699f00b2b4690287bc6cc7
PZU,2017-06-08,scientific_cache,69885,45481,889594,920214,3a2587f1bb4f952a2fcadf5c51579b72d688f7ed3be5f83b53962ee8e5b32d07,57215cd7e181d933f8f90917ab6a5ef982d3a0eba59b0a54e1d6c937db31ce94,2457a7f5f20dc552bbe9479d9c8769e38256c209ff699f00b2b4690287bc6cc7
PZU,2017-06-09,scientific_cache,57222,34684,702068,785054,ce99a04036754cecbb90d0e12badb186849d2233696d430f0f165c45645b0f26,31c06393de09b4291d7ad1502bdcd7032c25b4457ccd7c7f7b061bdbc9a82bc4,2457a7f5f20dc552bbe9479d9c8769e38256c209ff699f00b2b4690287bc6cc7
PZU,2017-06-12,scientific_cache,63727,41881,835123,858720,1332fead17f0c7d7cbc8d5d4c09ecd0fbcf3bd5377fb2f2f7155db9105e7ae7d,51e870e52920dd1e7b645aaffbb032837c1a78b756b127e2e2583cc582d267bf,2457a7f5f20dc552bbe9479d9c8769e38256c209ff699f00b2b4690287bc6cc7
PZU,2017-06-13,scientific_cache,73879,53425,1036825,1148680,8c76c05caa7337c8734968b932858fdfb804ccbb8c8ceb7b9e461bbf32e3aa78,09d93ff587dcd03c7f82ac27e199b4044428e36538d344fbed11b4bcc7e37eec,2457a7f5f20dc552bbe9479d9c8769e38256c209ff699f00b2b4690287bc6cc7
PZU,2017-06-14,scientific_cache,58244,39351,790275,909841,69688ab187a5e619563c73a9d9a413e73b6a10ebc80882e4bad6be895cc092d0,f880d2da55e562c85c5c7516e101c4d9d26333685b1619c4e9a1381ee7f92af4,2457a7f5f20dc552bbe9479d9c8769e38256c209ff699f00b2b4690287bc6cc7
PZU,2017-06-16,scientific_cache,73257,44661,791649,1090250,6f24c595d801b0e0ac64c919112943b5ca725dcb0e2cd04a5e5d0e3303c245e3,b4a368b90466602286a3f1a1073c13b86a65254d8385ee7e720b741836b04d7a,2457a7f5f20dc552bbe9479d9c8769e38256c209ff699f00b2b4690287bc6cc7
PZU,2017-06-19,scientific_cache,79010,58166,1366993,1357643,0408eca32c77d479772e3528d4557b7262a1f32c04bd0483f9062a4f60e67f44,743a886ef21554e1ffb13213b239129c515f7f1537931b3f879b21b8a6a7fc6d,2457a7f5f20dc552bbe9479d9c8769e38256c209ff699f00b2b4690287bc6cc7
PZU,2017-06-20,scientific_cache,48735,31543,604584,680148,52db40ba80af784f3c535d275e6526c55128fe01997d39a90e2a47cd70c018d7,b8a9825274232e4afe10bb3451db037f8eb558ea84cebb3a39bbd46951fbbf7a,2457a7f5f20dc552bbe9479d9c8769e38256c209ff699f00b2b4690287bc6cc7
PZU,2017-06-21,scientific_cache,120316,80201,1623220,1658460,70bfe47807c59ac0bb322f8e79f273155f058988b76637b7be92bda9bc991be8,5cd43937e6fad4149e2fc27f11ccfcdc5811be02600cd0822931e533db1082f4,2457a7f5f20dc552bbe9479d9c8769e38256c209ff699f00b2b4690287bc6cc7
PZU,2017-06-22,scientific_cache,81498,59826,1043938,1101188,0d4603db735c6ba1086f6046791e4da97381ed99d346b8a0e120260664942ced,66e8d88fae8a0409fdccd8c145368eda7c4a51b281d33a5b11321d7baafa65e0,2457a7f5f20dc552bbe9479d9c8769e38256c209ff699f00b2b4690287bc6cc7
PZU,2017-06-23,scientific_cache,72338,51788,1055996,1123256,eced4e24321cbd41f3ef47e91bb600d245f48ac1d9b0eed8b391a9e000a851b2,d0a255b543bb0d23578550ba887bafd0381df6f4efe98b7388b700d09985500b,2457a7f5f20dc552bbe9479d9c8769e38256c209ff699f00b2b4690287bc6cc7
PZU,2017-06-26,scientific_cache,45085,25709,434437,513055,b0ad502e949d06a3ef7a5e566a3df4a778f44907147986cdbd23515ef7c1f1da,9dada182d8348dec7fc67798886bafa582a2bdfd5c47de4c8e6f8a2e2456743c,2457a7f5f20dc552bbe9479d9c8769e38256c209ff699f00b2b4690287bc6cc7
PZU,2017-06-27,scientific_cache,69534,43202,864034,935239,184de5061be6912565571dbbafde8709379b433fe5ac5eb9e5dbf4b8ab814ef1,767582f144503f843a8f4c7736b5e110c036fdd4008a02d57168cbd2451fad17,2457a7f5f20dc552bbe9479d9c8769e38256c209ff699f00b2b4690287bc6cc7
PZU,2017-06-28,scientific_cache,75445,55345,980906,1076803,519315660e71ef34510b051eab66a4ff50efc7e14f33a3d38af23d2e03fafaf9,58c249f264df8afde5366fdf28b7b0ba94c0ceb097cf8fe528aab0295aed9482,2457a7f5f20dc552bbe9479d9c8769e38256c209ff699f00b2b4690287bc6cc7
PZU,2017-06-29,scientific_cache,74797,49552,1076881,1161967,c42d00a61f6ed05a3390bf3c76732d7b5cc566c3370fbd09caac4272490249ec,2e4dbf96392e4b1d11431ba18a9dfb9730af70ddb45bf15cba19148b366bad1f,2457a7f5f20dc552bbe9479d9c8769e38256c209ff699f00b2b4690287bc6cc7
PZU,2017-06-30,scientific_cache,87703,60239,1184248,1242319,bd5ed88712f9e2238e10ca172d61e15651cd5ef20411f1a353384068b59fa5d7,5b9d5952d8b365714f898e42ed3ba970a52c21a0f2a8c05939b0d49c142ab9cb,2457a7f5f20dc552bbe9479d9c8769e38256c209ff699f00b2b4690287bc6cc7
PZU,2017-07-03,scientific_cache,31293,18249,298972,342063,3615a4baa1a1ee0433f5e256835109fd82b9ea9da086daf8bf0383ab829baa1c,3610c8b2d957bd0411fdcca049cbecca2de6e28fe328ae2417feabc39cd56a18,2457a7f5f20dc552bbe9479d9c8769e38256c209ff699f00b2b4690287bc6cc7
PZU,2017-07-04,scientific_cache,43212,31091,516774,549639,58770942d308c4753b5664bcd14fd42692d0493136be7814f6eb1437e960e986,79fd0b116ccd0fb1b1859f6a40d6379289bfb66def2dedeb80fcc5ed62691fcc,2457a7f5f20dc552bbe9479d9c8769e38256c209ff699f00b2b4690287bc6cc7
PZU,2017-07-05,scientific_cache,77058,55563,1021865,1180990,a880ebb4bfcb0af58762a593e18294ad2ad3366dd8367f885fb09e7256f10847,dd29a202cb479861957344311bd7287d62a27a2c5de77352f11eeac943b3863d,2457a7f5f20dc552bbe9479d9c8769e38256c209ff699f00b2b4690287bc6cc7
PZU,2017-07-06,scientific_cache,62900,32420,553677,659454,bd5b8cdba0978cf36e41e795334b2ff5ad3d6fd5279ce875c8a7662df4ce9181,b79ea9e1de65e7e6be5d87a8837549c30443e7285b6cbb4fe157cfb8a59f7848,2457a7f5f20dc552bbe9479d9c8769e38256c209ff699f00b2b4690287bc6cc7
PZU,2017-07-07,scientific_cache,54746,36637,709347,762401,977b57bbe988355839f8e8d6fe5fabcdfe190614ab8f4612705dda860ab4c722,388d5e8da139d745324362de65b82a052036fc233ef29a1b3704b7ff50ef290c,2457a7f5f20dc552bbe9479d9c8769e38256c209ff699f00b2b4690287bc6cc7
PZU,2017-07-10,scientific_cache,84711,58730,959949,1098344,e5351da8514f632cd51a43124e0f46c9babd042071c6fd71048a320d290315c6,176ee9b52696ccd420c9c8517522c68e4023101ad76f2882daee9cd63f008233,2457a7f5f20dc552bbe9479d9c8769e38256c209ff699f00b2b4690287bc6cc7
PZU,2017-07-11,scientific_cache,68900,44925,798576,946339,adc6844ddffc630d6e0d443c591a813a64a28f61eeda9579aacf7c5727592b9a,476eb37b54b68919555e78628e6a5ed4b5a1ba0c27fe6120c4b2147b4e4d409d,2457a7f5f20dc552bbe9479d9c8769e38256c209ff699f00b2b4690287bc6cc7
PZU,2017-07-12,scientific_cache,73784,47992,747156,951794,7495606cbb7288118ae97acd7b418c3ad446ceefa7fedfc0bb288309016a04d9,4be7c6a69186c7c1a2b7ef1c02f726a947da7e6017f847ebf9b625d1bf354113,2457a7f5f20dc552bbe9479d9c8769e38256c209ff699f00b2b4690287bc6cc7
PZU,2017-07-13,scientific_cache,79746,57651,1113594,1274871,caad43c175eb60b81ef275e6b3269095758f60c03ab96dfdc709403e13a51560,ce6412cb6b5e6bcc8d4533e8ce338fb0732cfb8b44c544ac31e2534805ef2c49,2457a7f5f20dc552bbe9479d9c8769e38256c209ff699f00b2b4690287bc6cc7
PZU,2017-07-14,scientific_cache,50619,36951,617107,845226,6184ed1db88eb7a50034563f5ec5c365d2291136acdc69a516754c89f26afdfc,62c83dd837153b737927cba5fa876d7c29596fd3512719f010b558639083e834,2457a7f5f20dc552bbe9479d9c8769e38256c209ff699f00b2b4690287bc6cc7
PZU,2017-07-17,scientific_cache,55860,39299,662705,778838,d92146494ca996e45eb302a10911213a67d4b05715d1862656369ad51c5029b8,24eb81563385926c664d409d8d6f3ed173782469c8467a7fa53094bc37871ae5,2457a7f5f20dc552bbe9479d9c8769e38256c209ff699f00b2b4690287bc6cc7
PZU,2017-07-18,scientific_cache,61324,45252,714912,832926,d91b3b5439fdd7edacd3d5e0c7cd42d8414617d98ed2aaf189ad88f2ffd34c74,78dd6c58b7ea21708b1f27b0a2c14a6854f3d5eb1d1dc21bd552184bc7fc21ae,2457a7f5f20dc552bbe9479d9c8769e38256c209ff699f00b2b4690287bc6cc7
PZU,2017-07-19,scientific_cache,41577,25340,428565,487825,83643ae65c5f8724861f36dad87f69025ea9ec4ea99d7544ff75b18550676b35,b43ded147a590f35a36797ad165781c14ecd3e21bf3b483c51f3b17196e76c90,2457a7f5f20dc552bbe9479d9c8769e38256c209ff699f00b2b4690287bc6cc7
PZU,2017-07-20,scientific_cache,65219,47231,825433,978680,dc3a190ad0a21157df7cbfcd5cb2c74254575f8bacaa6b928df0d22481be10bd,ecccfae75d96441d5d9a5c1387b3f91102ee6ae71813f171ce35f333cda6b17b,2457a7f5f20dc552bbe9479d9c8769e38256c209ff699f00b2b4690287bc6cc7
PZU,2017-07-21,scientific_cache,74132,55248,997711,1094676,e3dce52cfd0abbaef49ecc0d3c05686e59027cccf2f33466213c187c8084179a,aa111483b05a4ad47682adf34ccc1e14cd68b2bd1548a1b6a8d4f08af8c75813,2457a7f5f20dc552bbe9479d9c8769e38256c209ff699f00b2b4690287bc6cc7
PZU,2017-07-24,scientific_cache,63127,48075,880201,925541,a4159f9886c8ebd171e78f973c5b01542d8f68a7a547dac8b3c850062ecbc5c4,fa544c9920e4100a89e83006bdc51c4ca1717fad4c80ccf1657bbe6cc6d49b97,2457a7f5f20dc552bbe9479d9c8769e38256c209ff699f00b2b4690287bc6cc7
PZU,2017-07-25,scientific_cache,84193,60182,925865,1147730,72fcabe2cb6b7f780906f6dfb74f3bd3c07ccc201ce0f21614641684f916b347,5d1b0e49a90afbea753985af916a65139baa4d0a5a4cedd6d1e0902643b61d2f,2457a7f5f20dc552bbe9479d9c8769e38256c209ff699f00b2b4690287bc6cc7
PZU,2017-07-26,scientific_cache,79202,48659,765457,896634,55ceae2163809dedf0799f8e1e110640e273812fccf87fdbb7c06cbaabccebce,218449bc693f75b62a04d14eb83a530503d4f0a5325c83e0ed521d3f09b0d490,2457a7f5f20dc552bbe9479d9c8769e38256c209ff699f00b2b4690287bc6cc7
PZU,2017-07-27,scientific_cache,59457,39362,621002,771103,62dfb0c636d4319ace02724f2dbdbc9dafe1f4d9fa1f61559537b0734fbffa8b,691f07b903d61f5f23f6799e2b5def33fc00049fe3d49b1687f3e83483e1186f,2457a7f5f20dc552bbe9479d9c8769e38256c209ff699f00b2b4690287bc6cc7
PZU,2017-07-28,scientific_cache,49249,32432,509459,606407,802e25f47c0214df80861b0a5926ab12c0911778d4b2dc114081760f94d41017,5264ad6f044906da68f2fcb1d99eaf721d0cbfa289d169d306021b373743a3ad,2457a7f5f20dc552bbe9479d9c8769e38256c209ff699f00b2b4690287bc6cc7
PZU,2017-07-31,scientific_cache,75076,48933,787878,963682,2f3f7a9730a2f954abe43409d6da7303206e462cb921d2c8434480c121ce352a,5cba7e883325cd43a63521067acbc9ba55de957d74b3fb74fbbfcd4a438548ec,2457a7f5f20dc552bbe9479d9c8769e38256c209ff699f00b2b4690287bc6cc7
PZU,2017-08-01,scientific_cache,54999,36191,603384,794286,925c39244f4a5e8994f370ccd3c9e463b32159ea7189c9b1a02df3164a0cf2c2,22e5588c58dae791544a666b672cc67ac5b66edeaef299b9bd6cd29828e459bd,2457a7f5f20dc552bbe9479d9c8769e38256c209ff699f00b2b4690287bc6cc7
PZU,2017-08-02,scientific_cache,61360,40841,643217,840595,764e45f0400db9f18c12f5cb054c3f4c9e9d02b9b2413bcb24f007463cc82410,e975c6ff0790b9a73b9b109e160224c08063288ff91d286ce81255e198cb5542,2457a7f5f20dc552bbe9479d9c8769e38256c209ff699f00b2b4690287bc6cc7
PZU,2017-08-03,scientific_cache,64769,46604,873066,1103724,d335213b9a1e46b4fe7a6a898d1e04e6dc1fe3b8d1b04f82fa751f2a03402a5c,6cd61ee64219a53176ae85192cbee1eb58c8d091447655a786341d2340b730b9,2457a7f5f20dc552bbe9479d9c8769e38256c209ff699f00b2b4690287bc6cc7
PZU,2017-08-04,scientific_cache,72382,48279,767814,940075,b6099546ddca7afa20d84d6c4ec8d25dc1016afc1fae10d320dad2c656e07a89,4db4473262e6364ffcbfe8d60a9337bafc00c73b20ffd8e9aadda06c13cfefa4,2457a7f5f20dc552bbe9479d9c8769e38256c209ff699f00b2b4690287bc6cc7
PZU,2017-08-07,scientific_cache,55928,36419,675986,806694,867a801c13116544fc36b9598794b3efbafb0d63c4e92e3303a7b929bd4a0bfb,9792d6e5fc713521d8359e1d27c7f4940593f61f8e9beee46042de29c8d840b1,2457a7f5f20dc552bbe9479d9c8769e38256c209ff699f00b2b4690287bc6cc7
PZU,2017-08-08,scientific_cache,70355,42037,656766,804758,f2ab15dd788156943c7cfe181255ad5f1e7ae3b44a6c5d87d152c4d18ec3e9b8,4530043f8b123dea3bbbec4005050f94b2d50387ae9dcc2529e454d44b8d6137,2457a7f5f20dc552bbe9479d9c8769e38256c209ff699f00b2b4690287bc6cc7
PZU,2017-08-09,scientific_cache,46268,31351,489642,557974,1b3d44d2efd665dc3e88a3050b9a340ebe10f2e3c61cb3381191060d4f05aea2,704fe82c77a83d5d64be89f2463d9b3b3b9a1fe96dd9c25a314f7c8eb8917f7d,2457a7f5f20dc552bbe9479d9c8769e38256c209ff699f00b2b4690287bc6cc7
PZU,2017-08-10,scientific_cache,62585,44041,767222,862194,2434821f5a5cd4d67582d3b00d4ed9b4c8b6b4042fbeaec88513574158a6917f,ad2fe02d2ce4b9841bcb8fd8bc8be659f914eba243dd3ab83ff8bac449143229,2457a7f5f20dc552bbe9479d9c8769e38256c209ff699f00b2b4690287bc6cc7
PZU,2017-08-11,scientific_cache,52793,33840,567701,645170,b41ad47bbeacd54100d289c4e290729af50ee18ac00504f927cfcb17b3111c51,9f103a8a38023e4bbae6b808fcc34216cd7b9688ce1921a5ff1e0811108add03,2457a7f5f20dc552bbe9479d9c8769e38256c209ff699f00b2b4690287bc6cc7
PZU,2017-08-14,scientific_cache,44504,25527,441601,496202,1e75e0b1642c449537be18146cd243f7157a770a739731f9d82f6fd30afbc62c,3e804d863d138af35dfad4460b7c1b027f0b81c359f08a673dc313447dce45cb,2457a7f5f20dc552bbe9479d9c8769e38256c209ff699f00b2b4690287bc6cc7
PZU,2017-08-16,scientific_cache,71162,47243,816304,929201,af3b70eaba77cc76305c22bbbaa0da375a440cb7a1ed06106d6f68812e5e3aaf,04b0aaad64c724832edc7c8457ead6b7817c909d93c477d535d94ae462a9bc34,2457a7f5f20dc552bbe9479d9c8769e38256c209ff699f00b2b4690287bc6cc7
PZU,2017-08-17,scientific_cache,84881,60646,1076881,1235418,6289154cbfca59b0e68ab1a0f71548f230ecc9408a1784f52bbcc3ad2e9ee008,5821ddc416665f4d5015660e4fbf4b93fef315d6a10a0fe69385a4532e0160e4,2457a7f5f20dc552bbe9479d9c8769e38256c209ff699f00b2b4690287bc6cc7
PZU,2017-08-18,scientific_cache,48844,29802,541564,621802,2b3c5e55c59bbfabeefd7142784eeb1995c0ddbabe472200e8746038dc5ce3bf,3105f4ac264b365145e254d50dbcecd7cbf0c4d6cbf43fab2cdcbd50ca41039a,2457a7f5f20dc552bbe9479d9c8769e38256c209ff699f00b2b4690287bc6cc7
PZU,2017-08-21,scientific_cache,48471,37056,634480,714902,eb6359b97b485598d25c4e73dbe6145a77fa5f7dd518a80a5f54c00766852935,a7d7644e91f86ae299a0403e3b8ffd647f565ce0054a5aefce23d351e57d9d5d,2457a7f5f20dc552bbe9479d9c8769e38256c209ff699f00b2b4690287bc6cc7
PZU,2017-08-22,scientific_cache,35606,21314,361214,391631,997078c2307143f6712ca59e830633285ce28e717a7dd423fbb1de199e5f1ef3,b820effd8e4f4a82031d011b6d5a8a9c68f846a707fb6aa21d869d7db32955c8,2457a7f5f20dc552bbe9479d9c8769e38256c209ff699f00b2b4690287bc6cc7
PZU,2017-08-23,scientific_cache,64628,50296,889704,1080596,5d71206cb08444ba2d5ce6061925b8abc751aca40e1ec526fc8640bcc22f91f4,8580c124e9fd50ead7446daa3576e96299376880d5a781e3ac9d0ef617ef56a5,2457a7f5f20dc552bbe9479d9c8769e38256c209ff699f00b2b4690287bc6cc7
PZU,2017-08-24,scientific_cache,57715,38545,751422,914837,2a302fa9186a2f8b461174a73d752261cf11ffd2d3f931b9b036fe4146a4ff94,9a449659cb7647677136c8be8b49a412b74111fcbc3575b5bf562be3fca3552a,2457a7f5f20dc552bbe9479d9c8769e38256c209ff699f00b2b4690287bc6cc7
PZU,2017-08-25,scientific_cache,62803,39361,646043,787218,43fdccae29788e68bd95f05326f45819a36286711e0d80397556250870e007dc,ae1fbc11ec18d31dd73fe79d38be2fe08700a61b06618db6337ed084cfee6c96,2457a7f5f20dc552bbe9479d9c8769e38256c209ff699f00b2b4690287bc6cc7
PZU,2017-08-28,scientific_cache,76275,52131,931283,1067340,f7be9510aef0123489e3525ec91e048db0e1ef70df28e64e41351138db019f1e,1653957ffaa2962e23f9e91ac67d161691ac4e23610d873f49cee476e3663efa,2457a7f5f20dc552bbe9479d9c8769e38256c209ff699f00b2b4690287bc6cc7
PZU,2017-08-29,scientific_cache,75125,56331,1125599,1188504,8c6741d1be462b70b7262953ff1a3b096d89781be306c9c658a261bd242a0b53,294639318f9c04ea09e81772715fb1baf78250eeb5fd712c6cf068cf2dded0fe,2457a7f5f20dc552bbe9479d9c8769e38256c209ff699f00b2b4690287bc6cc7
PZU,2017-08-30,scientific_cache,56521,43188,792132,883156,dd942fc8ce600640191ee954729f1499548be1a910c3e05655704f657d580546,5dde00c47a6eaa2ede86cfffae6a110cf86c8e8bb69ede8aa347388df64fbaa1,2457a7f5f20dc552bbe9479d9c8769e38256c209ff699f00b2b4690287bc6cc7
PZU,2017-08-31,scientific_cache,63425,35808,621703,709172,34e489b241468bfcca509e1b78dca0c75bac3d726f96b248ebe014cb4a6f0b50,50a586eb306933e7af9e5611e8d72cf310ed3e387c675b789c9b4c291fc1dd1b,2457a7f5f20dc552bbe9479d9c8769e38256c209ff699f00b2b4690287bc6cc7
PZU,2017-09-01,scientific_cache,55241,38564,632717,781787,214336822d9a53791bab50d082213a5b82bf485ad7304a3739558f5b84404576,47da1106704a82a4ce56974c70355ad1b9f5a44e4ace11f95c561130279cdb88,2457a7f5f20dc552bbe9479d9c8769e38256c209ff699f00b2b4690287bc6cc7
PZU,2017-09-04,scientific_cache,55792,40257,800725,903917,4542025243c0dc82c9ad724d7478ffc658cf99bc1101a06254bfa8a179c17038,7c64c0d0da1c70b009f74e171288c40dc9fea290349c8c641520dfd1d7d4e049,2457a7f5f20dc552bbe9479d9c8769e38256c209ff699f00b2b4690287bc6cc7
PZU,2017-09-05,scientific_cache,44377,25100,389042,483879,578842e7450e47584754e585077abc71b6466f5d37c3a48e657cdefaeb71bd85,0726a3e4bf07815633a3597bdf7e24cc76e6f55c446f92e67c48fe5453d2c4bd,2457a7f5f20dc552bbe9479d9c8769e38256c209ff699f00b2b4690287bc6cc7
PZU,2017-09-06,scientific_cache,51318,33765,574002,696955,5c571e6d9033a405c5f952d74a4d51c2b9db767492ceb88c05d984806ea41a80,16b41d5790f1717d451e96de5019357f749f4be179d097cd94e3991aa65bbf79,2457a7f5f20dc552bbe9479d9c8769e38256c209ff699f00b2b4690287bc6cc7
PZU,2017-09-07,scientific_cache,87147,64196,1123970,1366613,3997519f8e3ef51c42824d5090385e1e41209f38837d3a8c220581d83cb1516d,673290629662712ba10d3b27b7f31b12bffe0fb91377aa11d6c36a7d81ee0189,2457a7f5f20dc552bbe9479d9c8769e38256c209ff699f00b2b4690287bc6cc7
PZU,2017-09-08,scientific_cache,63875,40058,772555,889655,90d86b69120af7ef60d5cbcafacf895545752bec7c098c66a250bf234b9585e7,91928ffbcdae316c691b23f9f1cbe2ddbf91826d623a8b225bf6f656da8ccba3,2457a7f5f20dc552bbe9479d9c8769e38256c209ff699f00b2b4690287bc6cc7
PZU,2017-09-11,scientific_cache,62999,44175,851512,1051694,7cadfc94d2f06954aaad8ebd4454b5de844b4caca3911e9fce467a1c79370eb5,0b9a5dc7b62939dda54e208edcbcf5ad8c2df5a1c5a2850c035722f66cd55042,2457a7f5f20dc552bbe9479d9c8769e38256c209ff699f00b2b4690287bc6cc7
PZU,2017-09-12,scientific_cache,51096,29939,492097,612499,6c7d354fb32e6cc1e237b783f43173855a012e76c8c3162fbf658242d582f6ce,3487d59d4f30fdf48d27bddb29f66aebc6759de68ae961a9bfebe4509463e9fe,2457a7f5f20dc552bbe9479d9c8769e38256c209ff699f00b2b4690287bc6cc7
PZU,2017-09-13,scientific_cache,46849,32122,535762,640049,f47fdb185ceb603f4cd972ce1a8c67579fba780f37d97f10c6fbd05b0f2b1065,40aad9c0e9017cecb9fdc2845d14a317c9553a4de7026258a2137ddfd5c3c9f8,2457a7f5f20dc552bbe9479d9c8769e38256c209ff699f00b2b4690287bc6cc7
PZU,2017-09-14,scientific_cache,27798,17333,280670,371270,ee727ddb25deba86f881de87b6b51ce148adc6bd91203a343f351b2ab8333b06,7edb4dd4ed437318b24a22dd175d26a52d7273ccb2cc1160ad0467ee7f3e8e26,2457a7f5f20dc552bbe9479d9c8769e38256c209ff699f00b2b4690287bc6cc7
PZU,2017-09-15,scientific_cache,49963,27316,445720,550275,d897eac8504d869527911dcc79dbada76a6766016366e4fa47b18dee9a2572e2,90ee0903d6222d2f4901b6b3e4ef89bf049606bb03255596759b4ff6904b8d9d,2457a7f5f20dc552bbe9479d9c8769e38256c209ff699f00b2b4690287bc6cc7
PZU,2017-09-18,scientific_cache,40495,23631,411145,454881,cae0873a7b566930cb5ea9cc831831d90ac34820bee3d0442dc4fc8b1e9ef03e,b34e8f38e914ff3d23e6694dfc385e88268ce29730cae1602e05969a074deaad,2457a7f5f20dc552bbe9479d9c8769e38256c209ff699f00b2b4690287bc6cc7
PZU,2017-09-19,scientific_cache,46150,28205,478314,554786,b853d858d3065b37e634d78a6c5cb54f1677ef08d62cdd1749ee56cb7c7d9d6e,fc04c5c375d7fef1f3ff76c783cc296f8632cd329c7b47060d6bb4d6b8a8cd32,2457a7f5f20dc552bbe9479d9c8769e38256c209ff699f00b2b4690287bc6cc7
PZU,2017-09-20,scientific_cache,92102,69994,1233439,1604371,60b9f3e133d5f6fc6057feef04b10dca31b612b93ca7009e75de4b4e17c8a381,d4f553a0b564abb88b09951c445e4a3f59a93a05b6da34bf140188787e6dd3b0,2457a7f5f20dc552bbe9479d9c8769e38256c209ff699f00b2b4690287bc6cc7
PZU,2017-09-21,scientific_cache,42004,28516,502455,579859,280701a7b1b38f4a86f9ba91d9ce0cb3fda047931cfc9c1491bf6fd3f2c030b7,f1ec7844bd8fe886f19823ba78cf27654ef573e2592a85372da72ca085f4caab,2457a7f5f20dc552bbe9479d9c8769e38256c209ff699f00b2b4690287bc6cc7
PZU,2017-09-22,scientific_cache,52146,31400,532252,607600,4103884fce55a9c7c14166408296b434ff884354e8e247cf2cdc9eb99b0061fc,7a36200ae263862d68f65c4292f3b86db2336d04f8d60dc29b9b624b1f3d5dbc,2457a7f5f20dc552bbe9479d9c8769e38256c209ff699f00b2b4690287bc6cc7
PZU,2017-09-25,scientific_cache,43668,28976,512822,557287,22f8ccade49f9544e7d30781ccd8ded1fa0af0013c0ed059632db719488b260f,bbe8f05fbf5f57bf824aab86041cd845a06a80c4e93946e7b9260c29b59b389d,2457a7f5f20dc552bbe9479d9c8769e38256c209ff699f00b2b4690287bc6cc7
PZU,2017-09-26,scientific_cache,67113,45025,832792,1010833,7c69a1d5b2a885db248c6a3eb0613017e94a6d34eb367c6e930041dc572eebfe,4481906285c835f9acf8169003d3bf1218f33a530296034585596b01912ca25a,2457a7f5f20dc552bbe9479d9c8769e38256c209ff699f00b2b4690287bc6cc7
PZU,2017-09-27,scientific_cache,50604,33732,562261,742541,6b7edc0831900559e4d4a4aff0d0f23532c2617cb3abf407751d0b5333c3458e,1d0aa69c7de33decf3ac894f8a9d79f1e8bc13d7e084cb5322d1d126bff6e9be,2457a7f5f20dc552bbe9479d9c8769e38256c209ff699f00b2b4690287bc6cc7
PZU,2017-09-28,scientific_cache,70026,44127,792075,959316,45b56a6e4994ba83fd7a77b36d769069909fc687508c2563892a661ca4b94d6d,076a75cf4b95d23611bcdca1be45134d56ca13390f0a8bca3bff0c385c9b84e6,2457a7f5f20dc552bbe9479d9c8769e38256c209ff699f00b2b4690287bc6cc7
PZU,2017-09-29,scientific_cache,63109,44971,853172,1033887,08b7c63343399bcf5416366d9f200659d2ec49491a85e78e0a6ae1449d567379,728a611cb507234173ac9506af49f515a2b1b526fafb68ccc18a309af8b1fe25,2457a7f5f20dc552bbe9479d9c8769e38256c209ff699f00b2b4690287bc6cc7
PZU,2017-10-02,scientific_cache,64931,43879,819701,950502,e084597965b33e19b46f0c5d72da1e8b87c85ffcf5cd183a3e86b275ade3b784,a8018dc5dba5faa6043110ae7ac13b748e3060d5e67a468a93f506f68c6067c8,2457a7f5f20dc552bbe9479d9c8769e38256c209ff699f00b2b4690287bc6cc7
PZU,2017-10-03,scientific_cache,39942,24819,369611,455044,cc2c870dd655b2d2215be0d1b82fe9c0abb452f94b6da89d4fe27de02d822932,a06ddf5750c24f4828779a1608e35ed3e9bac0acddfbb2b9c34a39491ea04b96,2457a7f5f20dc552bbe9479d9c8769e38256c209ff699f00b2b4690287bc6cc7
PZU,2017-10-04,scientific_cache,71432,47079,824811,935144,10608b3a9e2d1c81843691e5113bee736c737377ba2d6b9461ba817fc424a6d6,be35eb958822a047b546fb0db378df7a39411c74b216d40b5dd7cac45dd15c3b,2457a7f5f20dc552bbe9479d9c8769e38256c209ff699f00b2b4690287bc6cc7
PZU,2017-10-05,scientific_cache,57293,42553,687934,727816,70864781ece398ef27316eb242a0d5c26cc76299f5262d6a843264a3baffb2e1,cd50e7adc440e5ecec87098ccd240cdc2c1f2f1ff817d26fdcd9b131d023ea95,2457a7f5f20dc552bbe9479d9c8769e38256c209ff699f00b2b4690287bc6cc7
PZU,2017-10-06,scientific_cache,70932,52749,994011,1150947,c4b0c84b0d9a4dd6e23a58a33d3fadf63478919fd8e6a83719087c458c62b551,2ac1b64828440e9e912cfa5afdcf560854c6cabb840ee90a0172413cdc80c1f7,2457a7f5f20dc552bbe9479d9c8769e38256c209ff699f00b2b4690287bc6cc7
PZU,2017-10-09,scientific_cache,38260,25647,399451,452033,4fd84b228199f9dfd15504ce2d03cf61c82e838413517c3f6e89e11bca10329e,21f14e8566d309dff818c56bfc8aa7e27eca6aa6fc3b41df807a80c2a09497be,2457a7f5f20dc552bbe9479d9c8769e38256c209ff699f00b2b4690287bc6cc7
PZU,2017-10-10,scientific_cache,45524,32119,517976,621549,24d398f754ee8a48dfbc60819d7efcb07a34fd9bd27c7e1b13913f5eb47f159b,c0e6a98c91dcad1ca35633a22f587b181b4b4580384968c0e841d69731e1a99a,2457a7f5f20dc552bbe9479d9c8769e38256c209ff699f00b2b4690287bc6cc7
PZU,2017-10-11,scientific_cache,69713,45134,692223,800781,be04894922b24d8ce678feea2af3b9782cbb494f56372c2eb6ba1b3b3c3f8e4d,689c6a9ac6d43c961d9c9a3102faf58c60c7b47fbba550cf6ca0774c2121f320,2457a7f5f20dc552bbe9479d9c8769e38256c209ff699f00b2b4690287bc6cc7
PZU,2017-10-12,scientific_cache,79510,49956,794540,1011717,24d3cdf292695593adb6adfc4d151aa543d9134bdf511abf4a26aa837828cf27,65edfcb3cee61f4b8f2a294139bbf6baf50a1c0ded7958e74fb8da597cef1c47,2457a7f5f20dc552bbe9479d9c8769e38256c209ff699f00b2b4690287bc6cc7
PZU,2017-10-13,scientific_cache,93300,73102,1226226,1418826,91e28dd31635d5f02bdccd6bcd810ebd0494ece915f84803fb071050ceae2d6e,dcbc677d60c0dc0c2348da6d450744d7471ba112fce7b5f4ba38f0883833b396,2457a7f5f20dc552bbe9479d9c8769e38256c209ff699f00b2b4690287bc6cc7
PZU,2017-10-16,scientific_cache,55848,34084,580421,674676,3c9a42496d7643bfdfe94ae43d8eb46275875e250de5c8cfff7d497425b938c9,cb8eb2962a49725bd9419da48f47838c02d42061af609f75b2a47791bf38c8e7,2457a7f5f20dc552bbe9479d9c8769e38256c209ff699f00b2b4690287bc6cc7
PZU,2017-10-17,scientific_cache,63825,38189,614994,716687,3d002a967a75d94f7b298cabb3590a32225f5ba8b6aa13d02607e2c27e303063,8c9050fe1e311d4789351359b8baffc9e8df28c803b78230214eed20a7db3e1f,2457a7f5f20dc552bbe9479d9c8769e38256c209ff699f00b2b4690287bc6cc7
PZU,2017-10-18,scientific_cache,71673,48021,838282,982040,6b4568c6b51027d479c5fa30716ea137c07ca254d4de5b8afcd0046da385d7d6,b167e16cb5588014d9b8c3d4e37a024cea25334f9b676fef3e7003c9e954e0d2,2457a7f5f20dc552bbe9479d9c8769e38256c209ff699f00b2b4690287bc6cc7
PZU,2017-10-19,scientific_cache,109177,77201,1357331,1627569,d16d1ca13dd1fd0353efde35044f236d2d289043c62e829bd196f1fd945d90ef,d768c961aa0806521680cea1539d3649cc9d17a5cf5b220ff90d6f6fc86a6006,2457a7f5f20dc552bbe9479d9c8769e38256c209ff699f00b2b4690287bc6cc7
PZU,2017-10-20,scientific_cache,61234,36610,663221,764005,f10276cc1956f76a7990d82fed946cd2e9a9e3b1a7d69c771ef0b638fd12c763,7d8b8a4dc6e7b4feca15233a7fa092232fc030b9f6e5d7162f6e300ce6dfbd20,2457a7f5f20dc552bbe9479d9c8769e38256c209ff699f00b2b4690287bc6cc7
PZU,2017-10-23,scientific_cache,56491,40489,681993,769345,a99e4d247c22a8477ac470a82797a5a8dbcc1501b8d7210dd6b36696734db6d9,ad629ec7fec568fa8cbe6ce91a17179fbbc3e31bdef10109c72cac198e440ba8,2457a7f5f20dc552bbe9479d9c8769e38256c209ff699f00b2b4690287bc6cc7
PZU,2017-10-24,scientific_cache,67913,45004,709758,893233,c5dca63b1b8df5e29373f2c189acd4d518b1adac61003ce3aeca1a038c36011f,3da0b3f622f5b3dc77685f933e7efa035cef4d355b081e4ce3a0846e017f865e,2457a7f5f20dc552bbe9479d9c8769e38256c209ff699f00b2b4690287bc6cc7
PZU,2017-10-25,scientific_cache,86967,58142,956816,1180006,4839dc0237d305d74e91ab6499cffb77f3f8f87334ca04c8188a50c08e8cb07a,8a8a7f921c007f56149d724f945c83213f35a3a3f09de84e6e0b7817242b89aa,2457a7f5f20dc552bbe9479d9c8769e38256c209ff699f00b2b4690287bc6cc7
PZU,2017-10-26,scientific_cache,107379,83437,1424849,1822843,883965ef77d4591c4643cee9e3eb7accc05fca301ea4d631f38f11b03815294a,da4cb6983305eb781a8a6ce1e8abacbf0d4e27f5d2b88650dc8b2dc74e46aeba,2457a7f5f20dc552bbe9479d9c8769e38256c209ff699f00b2b4690287bc6cc7
PZU,2017-10-27,scientific_cache,100185,76477,1352139,1640331,4c6fe5eaf9e36d676fb80c49792ece14f814f5a27914a503d0500035c9c831d9,9e3579833915b6ada3d55fec418c8fe1e841ae342421bd44a64a8340a5d9f069,2457a7f5f20dc552bbe9479d9c8769e38256c209ff699f00b2b4690287bc6cc7
PZU,2017-10-30,scientific_cache,41896,28756,501479,581368,5209c9ca4478f806adc4f6d6b538e436a1655eb3b08257127953fe65cc18c3ce,9ad35622656cee6794918433d377e399e6dbe58f9c0d1d8ecb7c5037905e690a,2457a7f5f20dc552bbe9479d9c8769e38256c209ff699f00b2b4690287bc6cc7
PZU,2017-10-31,scientific_cache,33958,22797,388402,502064,4dc08ef025d500da595fe8174f0863e59511e7291edcf6e57610b6483ca84f49,13b929e47d2ba152fba13ad2ef2e7fc39bbe1ef0eb9c791b6b04103a0037e755,2457a7f5f20dc552bbe9479d9c8769e38256c209ff699f00b2b4690287bc6cc7
PZU,2017-11-02,scientific_cache,65080,40720,747262,914679,e39eb1e14f8b14adbc714f857027ad07e36790ad89f2503e654932e2ca2d4b8d,1081839737f3d7ee28f84de5b57eacf9e98ce34b1d1f416114c1da3ad4f9cc1f,2457a7f5f20dc552bbe9479d9c8769e38256c209ff699f00b2b4690287bc6cc7
PZU,2017-11-03,scientific_cache,49769,37710,735666,835180,bf76406cfab9da2c10affde96a6fed5389b14875e660281603f20f84e3b7d9f0,527dae4a0eac08a2435a0f38c2e4262d6c8026e6a1f98a5b976813d3c7746491,2457a7f5f20dc552bbe9479d9c8769e38256c209ff699f00b2b4690287bc6cc7
PZU,2017-11-06,scientific_cache,72929,48208,919482,1055428,f24518e50027ef97b07c3422e9258fd8a005d565b1556d1755be2e5added172f,7d6ab30b845e02a6d2961611724b774ddbb213487e118ba07d22139eb9394f90,2457a7f5f20dc552bbe9479d9c8769e38256c209ff699f00b2b4690287bc6cc7
PZU,2017-11-07,scientific_cache,73301,51146,962579,1134625,1bc4bf3eaa38dc7ca53668a65965d0295c809630491df51a8f8fc0ac317cc437,61303b479840a94cf50bed2ff32417ea84d5659af9bd646f6b2f677143951610,2457a7f5f20dc552bbe9479d9c8769e38256c209ff699f00b2b4690287bc6cc7
PZU,2017-11-08,scientific_cache,51310,29421,466661,569120,cf8899e16c29ec0c98d9cec6701dedd20684a9ee68561a241ef049fe2ae5e904,2507a4766d7248560c50085a4c0437750446c044a8076a458fdd8fc2c7eb81f7,2457a7f5f20dc552bbe9479d9c8769e38256c209ff699f00b2b4690287bc6cc7
PZU,2017-11-09,scientific_cache,70798,53046,1030248,1186030,3e76a1e0770a1096ba84237de4ff8c0d63dc92d7f4a6a0561fce03e50ab248ae,1aa7c413179c49fa52309e5dddab2774216d9361c300f1edb192367ab63cc0e8,2457a7f5f20dc552bbe9479d9c8769e38256c209ff699f00b2b4690287bc6cc7
PZU,2017-11-10,scientific_cache,51425,28317,462085,499051,6e803c25f86b30092e918f4d41986e2b9d667b1f13e60b0f6613c037b73c18ac,900c992222b012217980bf3e920129f1369ceec0ece02c763f5a57df90cac85c,2457a7f5f20dc552bbe9479d9c8769e38256c209ff699f00b2b4690287bc6cc7
PZU,2017-11-13,scientific_cache,62654,44840,732065,814079,c6acec847b1587a0ac8aa9ca8da9e426cbf132126a0001cd56fe24f9f416eb85,de8d18e16cfd9c9ad21a728d7a567b1dc177612cb2f21714c5816029f3cc8c8a,2457a7f5f20dc552bbe9479d9c8769e38256c209ff699f00b2b4690287bc6cc7
PZU,2017-11-14,scientific_cache,58848,36715,735342,824484,5accaa3c12a2f6bd33ec7d536cbca8c75b05cedb7d9f0aa30ae6dbcbf1d43f93,8791ba14d0c1b290ca050cd26d14a8cdfb6e39b1b6d686032626753ed7ebec18,2457a7f5f20dc552bbe9479d9c8769e38256c209ff699f00b2b4690287bc6cc7
PZU,2017-11-15,scientific_cache,72471,48415,832510,885179,d5095eb9bb2f3bd34d0a112f54317e4fe0bc7ecd856e5f74ac336f3326a45f27,6fbf0e3af716a8e9cbac6c4d21b7385ee14e9f7d4cbf8e7b9d844f9b3975ca1d,2457a7f5f20dc552bbe9479d9c8769e38256c209ff699f00b2b4690287bc6cc7
PZU,2017-11-16,scientific_cache,87747,52635,1002210,1114680,d44f1a79f3ca2e73f545ea7204e468e3afa3474655d0cd1f4574eb63402c42d4,c091ea51ed4183e5e1c9fd97cd61a94c4bd364ccfb15dc8e3fd8a0f226250c82,2457a7f5f20dc552bbe9479d9c8769e38256c209ff699f00b2b4690287bc6cc7
PZU,2017-11-17,scientific_cache,80381,49998,908877,1011218,b6ee2f3c04ed4f6c538fb15b4f71a59654ac93bb274076c43d99c955e2eeb7f0,7cd74cfe799348c3bc64b07d9500c7153a1fb3409e00de8858998e0341a1333b,2457a7f5f20dc552bbe9479d9c8769e38256c209ff699f00b2b4690287bc6cc7
PZU,2017-11-20,scientific_cache,58329,39209,802309,882451,1733d3c6d37cd0a36a60190e5d54145b61690dd66644beece479217e8386dc52,a2f496e85f3e389ade28493d113ff4274d6d440d0efd10470964f65b3b46c0ca,2457a7f5f20dc552bbe9479d9c8769e38256c209ff699f00b2b4690287bc6cc7
PZU,2017-11-21,scientific_cache,83192,64464,1097569,1349688,133e203166533631d8e8e6de8a7b53fd2c09eb0bdce3cdabc1374149c23c78ac,759811d91444f070687dae873586dde271f3fd834c00a19617c06483906ab0db,2457a7f5f20dc552bbe9479d9c8769e38256c209ff699f00b2b4690287bc6cc7
PZU,2017-11-22,scientific_cache,59421,35449,602308,694846,2851a5dbbd204fbb09fdd03ef5cd0834267bc9846a55e639024901db0ef2d92c,3e523cd2d6bedf9c02b7b0fb2d57726bad0dd2f3730673ad34342572dbae7d9c,2457a7f5f20dc552bbe9479d9c8769e38256c209ff699f00b2b4690287bc6cc7
PZU,2017-11-23,scientific_cache,44463,28330,484797,521514,75755319d1a084c78dc23e60e660536691e41fb30fbcd2545660129820a9b680,5b83d60aa04110b437fced7356812b81d45bcf2e41e22fa9b51e0908af105d49,2457a7f5f20dc552bbe9479d9c8769e38256c209ff699f00b2b4690287bc6cc7
PZU,2017-11-24,scientific_cache,56426,38989,692158,724601,163de4adc6212d3f3acbbab26516aebc875ebbd2f1ef33711c5b6e47d50b8543,75797d14df37c284f3a3b43f02029162a1b0e5684889eaed538d3cbd56e9f331,2457a7f5f20dc552bbe9479d9c8769e38256c209ff699f00b2b4690287bc6cc7
PZU,2017-11-27,scientific_cache,44237,32166,547622,551278,f037b66eeb403f4b32fee06a377d336a37505e3a376b0683fbd91e583ada63d5,e2d7b0bd971ac47168bc89e8873bed08c70c15ecc72ed8a81a04a3804447ac3f,2457a7f5f20dc552bbe9479d9c8769e38256c209ff699f00b2b4690287bc6cc7
PZU,2017-11-28,scientific_cache,69853,42424,683005,774542,09d99b8e9b32a7039b4c74710a0411eeb6f4bdef61bc8ba2a8fa71d3d4ff7386,ac709e4988dc9a98082e0b0a15e5e3740284034b64a7ff567a05aab62ff3b314,2457a7f5f20dc552bbe9479d9c8769e38256c209ff699f00b2b4690287bc6cc7
PZU,2017-11-29,scientific_cache,60600,33904,530402,637450,e13ade584f7e63e5c98e6a2a0135a13201b1860bc296f23651003f6afbc057cd,9c6568170ef65ee40e0477a1bec56203871687991c2ffd22dcf8707af5392410,2457a7f5f20dc552bbe9479d9c8769e38256c209ff699f00b2b4690287bc6cc7
PZU,2017-11-30,scientific_cache,71174,47710,908895,1043273,e1bf19098c72921c8f94b399d27b1ff9e77f9a423544b7c67dbae12dbdaffd38,4cd5c8911579512670b257194cebacdd32757a492b1fc5bd34daecccbcd6aa77,2457a7f5f20dc552bbe9479d9c8769e38256c209ff699f00b2b4690287bc6cc7
PZU,2017-12-01,scientific_cache,72155,51799,915563,997608,33a52f456721bc5e8d1ed1f6f65df957edc5e084f6441efe0f4a565e463e3861,1a9a66bafe00fc6e8d2a9ecf1587dcf29fe87b9fa3980ac99ab9cfb6f0ba7c70,2457a7f5f20dc552bbe9479d9c8769e38256c209ff699f00b2b4690287bc6cc7
PZU,2017-12-04,scientific_cache,91427,63287,1101411,1090097,e2e288c537b809bb63faf88141e5cf96b7a28fb234d928a9e2249d16dfdc9186,74d5fd7c2276c3a095521d21010f4de3fa94dd8693cf53b32044a3b5b695151a,2457a7f5f20dc552bbe9479d9c8769e38256c209ff699f00b2b4690287bc6cc7
PZU,2017-12-05,scientific_cache,77811,49173,825818,884902,0d3b122377f2ab95043e00a2af4d11cff18187d8f9d05a117f0f6561a7380656,f65034fde3af4d2ad8b6e4852bbeacf09928f2be32bb1d2e85e3bc8819acb84e,2457a7f5f20dc552bbe9479d9c8769e38256c209ff699f00b2b4690287bc6cc7
PZU,2017-12-06,scientific_cache,92850,56703,951249,1091092,7a8bfdd5bd6968155972143e2c6062f612f70423768134466cc6e5e46edd0f94,a303e431fe9d20681aa6258317793d6cb2108a2c8ac537ac8a114f5d82027380,2457a7f5f20dc552bbe9479d9c8769e38256c209ff699f00b2b4690287bc6cc7
PZU,2017-12-07,scientific_cache,124189,101835,2108405,2190894,b407591481605ff5983ef07637ad123f4a3993327a5667a1e9cb5788916f2846,43f3a16e05ee282b0b3239ca2b53c7bd0e45a767790716e321db65ce3ddab805,2457a7f5f20dc552bbe9479d9c8769e38256c209ff699f00b2b4690287bc6cc7
PZU,2017-12-08,scientific_cache,66409,36411,584901,693913,b02b50272c413e88dcad3575eaf350f4f5f387fbff00dcae48f8ea831514be1d,ee1b49cec17d2a8a05f7cb30f37c1aca7c64921aa2e05f80203e3cdd019cb6b3,2457a7f5f20dc552bbe9479d9c8769e38256c209ff699f00b2b4690287bc6cc7
PZU,2017-12-11,scientific_cache,63822,43250,834388,978147,ba3286190c3102b48913061e17dbc03767daff2420bc651fb38e9d772022cd5f,ff54380620fb40d4fad8fea15e9fe0ee127584f6df87922253f54dde05d32e9e,2457a7f5f20dc552bbe9479d9c8769e38256c209ff699f00b2b4690287bc6cc7
PZU,2017-12-12,scientific_cache,86319,58914,885013,1089601,b5e5dc99f1fbaf72f4605dbd7470ffef3af638a0de064916cb07c1cfeaf85891,0bb26a65a705d5376254eb2036458c2db5e4eccd66b8834718205c1c3b154b8d,2457a7f5f20dc552bbe9479d9c8769e38256c209ff699f00b2b4690287bc6cc7
PZU,2017-12-13,scientific_cache,63493,39193,690623,821114,988733b65bdb1569c08ad5546befddddf3bb27364102b5606b3a72bd19d21e67,2607a0a54ee9f1b2b8c5e9ed658fc099d1861a7955331d9d957213be024bee25,2457a7f5f20dc552bbe9479d9c8769e38256c209ff699f00b2b4690287bc6cc7
PZU,2017-12-14,scientific_cache,73956,45355,772421,912133,5ef5a5536aeb1d72c84939dea40f046d153a7a8fd0c966d5426eccbd3ef1abfa,cd631b2fa430fc7edff7cc8a87454b783a9a38c955abb24accce9c5297cffc7e,2457a7f5f20dc552bbe9479d9c8769e38256c209ff699f00b2b4690287bc6cc7
PZU,2017-12-15,scientific_cache,81736,41090,708931,861388,45b15901b6d7da0544a83a261cfcc10f48e27e3739b82d00dc9e2d5c4a2eec62,1027d5af98239abf950331ff31b1249c71d105109eef4fe88f0e042cd2bcbbba,2457a7f5f20dc552bbe9479d9c8769e38256c209ff699f00b2b4690287bc6cc7
PZU,2017-12-18,scientific_cache,61728,33636,573046,691145,3a3aad2689c0ec74a6780c85659995fe0b19fd21db78fba97eba31515eb479f8,2c4e4f7f6487a08414c1c3621a22e6369cc051c3e0013128041ee90e9c1d1fc8,2457a7f5f20dc552bbe9479d9c8769e38256c209ff699f00b2b4690287bc6cc7
PZU,2017-12-19,scientific_cache,47465,28116,467192,568298,2489a1a0e03259c572319f80cdb00a19a8236d5ac836f7435256300cf9d084a9,4b0f0457f74745570eef2ca32039ad074f6f54e9f7b8a90f38a8f10ee856880e,2457a7f5f20dc552bbe9479d9c8769e38256c209ff699f00b2b4690287bc6cc7
PZU,2017-12-20,scientific_cache,49937,34393,619139,689986,e78d570310d8fb55db1f0f1fdad6e8d7e9266171916468dd30d907a7a99f133a,0ecb4095abd2537f13c7be861a6a790829c6973c766ddfaf028ea5247f776bcd,2457a7f5f20dc552bbe9479d9c8769e38256c209ff699f00b2b4690287bc6cc7
PZU,2017-12-21,scientific_cache,63338,40558,771774,887685,55a1ce93ad5b5912e0eacf0e620398cd9619e5a3307211dddc0de329ad1c25a0,0a5457530b2de1cac6d540aab19934fd0fbcd6489d087ea806aa7f26c206e721,2457a7f5f20dc552bbe9479d9c8769e38256c209ff699f00b2b4690287bc6cc7
PZU,2017-12-22,scientific_cache,60307,40283,669285,865930,58ec760d92bea9873ab075771e4e4ed90cc0030ef0c0f9a7285a2689db600d54,03469bc0464dd19392f5a210b5b58c84cc2975566a0f058710b9710468cbe4ee,2457a7f5f20dc552bbe9479d9c8769e38256c209ff699f00b2b4690287bc6cc7
PZU,2017-12-27,engineering_only_tail,139549,82706,1384188,1695841,151eff5068aaa3120e42e2fa17dec176ca116e89f744cee7584467081baa013a,5db6fa3974f3215790b2acc51e1894f1c8659089c46fea3ce5bc39cf9a04abae,c4ad1eded24f96cdb7374cac23fad98f1e71f00e24c3abfd265f71ea132cac08
PZU,2017-12-28,engineering_only_tail,54595,34943,587570,679237,31a28dbc08e172516f4bbb6aedb00306dcc19e577decb88aacde334d895a7a34,0359b488f7cc3f8a07ab9dace4e9dafe94e5838ac38c2e3fc7faaf8bec0ac386,c4ad1eded24f96cdb7374cac23fad98f1e71f00e24c3abfd265f71ea132cac08
PZU,2017-12-29,engineering_only_tail,55870,38127,623912,707513,da03a9c54a4557beed0a3877f5796b7bd8a68887462610bd588010daa65f5137,03cb817b41e18f27e555f6b1ba3492e7254666be1497726199cf3df33b5b765a,c4ad1eded24f96cdb7374cac23fad98f1e71f00e24c3abfd265f71ea132cac08
