symbol,month,horizon,model,control_seed,task_id,latency,decile,rows,prediction_bps,long_crossed_bps,short_crossed_bps,sign_selected_bps
KGHM,2017-04,10,linear,,a676ed0528733f33dc6e3eee4911056eb99a8ce35e019e79545e78ca41c295bc,0,1,109907,-0.4450251306564424,-7.71534487225477,-6.601185106233804,-6.601185106233804
KGHM,2017-04,10,linear,,a676ed0528733f33dc6e3eee4911056eb99a8ce35e019e79545e78ca41c295bc,0,2,109912,-0.29527603456482737,-9.920413746643591,-9.13808389951996,-9.13808389951996
KGHM,2017-04,10,linear,,a676ed0528733f33dc6e3eee4911056eb99a8ce35e019e79545e78ca41c295bc,0,3,109904,-0.19017643206747917,-10.555977160004236,-10.073547499658721,-10.073547499658721
KGHM,2017-04,10,linear,,a676ed0528733f33dc6e3eee4911056eb99a8ce35e019e79545e78ca41c295bc,0,4,109904,-0.09680079168848453,-10.694630960764409,-10.396759990786043,-10.396759990786043
KGHM,2017-04,10,linear,,a676ed0528733f33dc6e3eee4911056eb99a8ce35e019e79545e78ca41c295bc,0,5,109910,-0.007037989098474747,-10.671009290131634,-10.626355420385014,-10.622821031814
KGHM,2017-04,10,linear,,a676ed0528733f33dc6e3eee4911056eb99a8ce35e019e79545e78ca41c295bc,0,6,109905,0.07777262744979656,-10.580483201069608,-10.665001644307951,-10.580483201069608
KGHM,2017-04,10,linear,,a676ed0528733f33dc6e3eee4911056eb99a8ce35e019e79545e78ca41c295bc,0,7,109906,0.1618292671491468,-10.40303383162772,-10.674887327310003,-10.40303383162772
KGHM,2017-04,10,linear,,a676ed0528733f33dc6e3eee4911056eb99a8ce35e019e79545e78ca41c295bc,0,8,109907,0.24771010590860681,-10.184174679726535,-10.659273504616719,-10.184174679726535
KGHM,2017-04,10,linear,,a676ed0528733f33dc6e3eee4911056eb99a8ce35e019e79545e78ca41c295bc,0,9,109905,0.33912100477798296,-8.993451574616124,-9.77741533037187,-8.993451574616124
KGHM,2017-04,10,linear,,a676ed0528733f33dc6e3eee4911056eb99a8ce35e019e79545e78ca41c295bc,0,10,109906,0.47686736523253354,-6.366526091145539,-7.590519187757202,-6.366526091145539
KGHM,2017-04,10,linear,,a676ed0528733f33dc6e3eee4911056eb99a8ce35e019e79545e78ca41c295bc,1,1,109907,-0.4450251306564424,-7.743584402482495,-6.782602643409671,-6.782602643409671
KGHM,2017-04,10,linear,,a676ed0528733f33dc6e3eee4911056eb99a8ce35e019e79545e78ca41c295bc,1,2,109912,-0.29527603456482737,-9.894079918755839,-9.178176415233516,-9.178176415233516
KGHM,2017-04,10,linear,,a676ed0528733f33dc6e3eee4911056eb99a8ce35e019e79545e78ca41c295bc,1,3,109904,-0.19017643206747917,-10.510337238151635,-10.059456501648103,-10.059456501648103
KGHM,2017-04,10,linear,,a676ed0528733f33dc6e3eee4911056eb99a8ce35e019e79545e78ca41c295bc,1,4,109904,-0.09680079168848453,-10.637096264030449,-10.35631750994167,-10.35631750994167
KGHM,2017-04,10,linear,,a676ed0528733f33dc6e3eee4911056eb99a8ce35e019e79545e78ca41c295bc,1,5,109910,-0.007037989098474747,-10.615398022383564,-10.5722044752449,-10.570050939003767
KGHM,2017-04,10,linear,,a676ed0528733f33dc6e3eee4911056eb99a8ce35e019e79545e78ca41c295bc,1,6,109905,0.07777262744979656,-10.529927172460257,-10.616864410074836,-10.529927172460257
KGHM,2017-04,10,linear,,a676ed0528733f33dc6e3eee4911056eb99a8ce35e019e79545e78ca41c295bc,1,7,109906,0.1618292671491468,-10.35251630769719,-10.616061268964677,-10.35251630769719
KGHM,2017-04,10,linear,,a676ed0528733f33dc6e3eee4911056eb99a8ce35e019e79545e78ca41c295bc,1,8,109907,0.24771010590860681,-10.166079307660384,-10.61967446946925,-10.166079307660384
KGHM,2017-04,10,linear,,a676ed0528733f33dc6e3eee4911056eb99a8ce35e019e79545e78ca41c295bc,1,9,109905,0.33912100477798296,-9.037760455101617,-9.765851130680026,-9.037760455101617
KGHM,2017-04,10,linear,,a676ed0528733f33dc6e3eee4911056eb99a8ce35e019e79545e78ca41c295bc,1,10,109906,0.47686736523253354,-6.59848027929568,-7.63577251268025,-6.59848027929568
KGHM,2017-04,10,linear,,a676ed0528733f33dc6e3eee4911056eb99a8ce35e019e79545e78ca41c295bc,5,1,109907,-0.4450251306564424,-7.797122385742326,-7.093405400445533,-7.093405400445533
KGHM,2017-04,10,linear,,a676ed0528733f33dc6e3eee4911056eb99a8ce35e019e79545e78ca41c295bc,5,2,109912,-0.29527603456482737,-9.797886186133224,-9.267878024706393,-9.267878024706393
KGHM,2017-04,10,linear,,a676ed0528733f33dc6e3eee4911056eb99a8ce35e019e79545e78ca41c295bc,5,3,109904,-0.19017643206747917,-10.414323238187691,-10.058711530318746,-10.058711530318746
KGHM,2017-04,10,linear,,a676ed0528733f33dc6e3eee4911056eb99a8ce35e019e79545e78ca41c295bc,5,4,109904,-0.09680079168848453,-10.519714802575809,-10.316868494368805,-10.316868494368805
KGHM,2017-04,10,linear,,a676ed0528733f33dc6e3eee4911056eb99a8ce35e019e79545e78ca41c295bc,5,5,109910,-0.007037989098474747,-10.521053249170823,-10.472599905473663,-10.480622605341035
KGHM,2017-04,10,linear,,a676ed0528733f33dc6e3eee4911056eb99a8ce35e019e79545e78ca41c295bc,5,6,109905,0.07777262744979656,-10.452506685413708,-10.545623578300724,-10.452506685413708
KGHM,2017-04,10,linear,,a676ed0528733f33dc6e3eee4911056eb99a8ce35e019e79545e78ca41c295bc,5,7,109906,0.1618292671491468,-10.292357410623067,-10.505327981426634,-10.292357410623067
KGHM,2017-04,10,linear,,a676ed0528733f33dc6e3eee4911056eb99a8ce35e019e79545e78ca41c295bc,5,8,109907,0.24771010590860681,-10.158635641560814,-10.525381900463866,-10.158635641560814
KGHM,2017-04,10,linear,,a676ed0528733f33dc6e3eee4911056eb99a8ce35e019e79545e78ca41c295bc,5,9,109905,0.33912100477798296,-9.153885390164023,-9.709841956149019,-9.153885390164023
KGHM,2017-04,10,linear,,a676ed0528733f33dc6e3eee4911056eb99a8ce35e019e79545e78ca41c295bc,5,10,109906,0.47686736523253354,-6.978472956903622,-7.7075413736234095,-6.978472956903622
KGHM,2017-04,10,xgboost,,34c7df96585827be1f73a096e12a5c2260f9a902fdf9a06bf78d6b690ed47a6a,0,1,109919,-0.5389657020568848,-8.271080949924864,-7.02222072031404,-7.02222072031404
KGHM,2017-04,10,xgboost,,34c7df96585827be1f73a096e12a5c2260f9a902fdf9a06bf78d6b690ed47a6a,0,2,109895,-0.25958681106567383,-9.678204661893917,-8.979699622576325,-8.979699622576325
KGHM,2017-04,10,xgboost,,34c7df96585827be1f73a096e12a5c2260f9a902fdf9a06bf78d6b690ed47a6a,0,3,109910,-0.13745401799678802,-10.21247562791412,-9.711135872993205,-9.711135872993205
KGHM,2017-04,10,xgboost,,34c7df96585827be1f73a096e12a5c2260f9a902fdf9a06bf78d6b690ed47a6a,0,4,109903,-0.05411814525723457,-10.26878717326064,-10.017264082260098,-10.017264082260098
KGHM,2017-04,10,xgboost,,34c7df96585827be1f73a096e12a5c2260f9a902fdf9a06bf78d6b690ed47a6a,0,5,109906,0.016782276332378387,-10.330375348255801,-10.27793193609317,-10.307668401895153
KGHM,2017-04,10,xgboost,,34c7df96585827be1f73a096e12a5c2260f9a902fdf9a06bf78d6b690ed47a6a,0,6,109907,0.0827835276722908,-10.255867057180218,-10.333207367796533,-10.255867057180218
KGHM,2017-04,10,xgboost,,34c7df96585827be1f73a096e12a5c2260f9a902fdf9a06bf78d6b690ed47a6a,0,7,109919,0.15087111294269562,-10.093453392451915,-10.362368034905298,-10.093453392451915
KGHM,2017-04,10,xgboost,,34c7df96585827be1f73a096e12a5c2260f9a902fdf9a06bf78d6b690ed47a6a,0,8,109903,0.23282644152641296,-10.105082058243084,-10.577611708912512,-10.105082058243084
KGHM,2017-04,10,xgboost,,34c7df96585827be1f73a096e12a5c2260f9a902fdf9a06bf78d6b690ed47a6a,0,9,109902,0.34300920367240906,-9.577515209004382,-10.29502205565129,-9.577515209004382
KGHM,2017-04,10,xgboost,,34c7df96585827be1f73a096e12a5c2260f9a902fdf9a06bf78d6b690ed47a6a,0,10,109902,0.5986355543136597,-7.292233473518543,-8.626697458204067,-7.292233473518543
KGHM,2017-04,10,xgboost,,34c7df96585827be1f73a096e12a5c2260f9a902fdf9a06bf78d6b690ed47a6a,1,1,109919,-0.5389657020568848,-8.265463501495207,-7.202426358359354,-7.202426358359354
KGHM,2017-04,10,xgboost,,34c7df96585827be1f73a096e12a5c2260f9a902fdf9a06bf78d6b690ed47a6a,1,2,109895,-0.25958681106567383,-9.660603707414067,-8.994926634805042,-8.994926634805042
KGHM,2017-04,10,xgboost,,34c7df96585827be1f73a096e12a5c2260f9a902fdf9a06bf78d6b690ed47a6a,1,3,109910,-0.13745401799678802,-10.191725908741581,-9.705564421304807,-9.705564421304807
KGHM,2017-04,10,xgboost,,34c7df96585827be1f73a096e12a5c2260f9a902fdf9a06bf78d6b690ed47a6a,1,4,109903,-0.05411814525723457,-10.228953059278163,-9.991053781954912,-9.991053781954912
KGHM,2017-04,10,xgboost,,34c7df96585827be1f73a096e12a5c2260f9a902fdf9a06bf78d6b690ed47a6a,1,5,109906,0.016782276332378387,-10.28855854050598,-10.23778346901612,-10.266567208736106
KGHM,2017-04,10,xgboost,,34c7df96585827be1f73a096e12a5c2260f9a902fdf9a06bf78d6b690ed47a6a,1,6,109907,0.0827835276722908,-10.219510601120536,-10.300193236747369,-10.219510601120536
KGHM,2017-04,10,xgboost,,34c7df96585827be1f73a096e12a5c2260f9a902fdf9a06bf78d6b690ed47a6a,1,7,109919,0.15087111294269562,-10.060305135566562,-10.327218448273488,-10.060305135566562
KGHM,2017-04,10,xgboost,,34c7df96585827be1f73a096e12a5c2260f9a902fdf9a06bf78d6b690ed47a6a,1,8,109903,0.23282644152641296,-10.080882184584173,-10.54078247613671,-10.080882184584173
KGHM,2017-04,10,xgboost,,34c7df96585827be1f73a096e12a5c2260f9a902fdf9a06bf78d6b690ed47a6a,1,9,109902,0.34300920367240906,-9.588992516807444,-10.274378514994687,-9.588992516807444
KGHM,2017-04,10,xgboost,,34c7df96585827be1f73a096e12a5c2260f9a902fdf9a06bf78d6b690ed47a6a,1,10,109902,0.5986355543136597,-7.500302473388661,-8.628769461244877,-7.500302473388661
KGHM,2017-04,10,xgboost,,34c7df96585827be1f73a096e12a5c2260f9a902fdf9a06bf78d6b690ed47a6a,5,1,109919,-0.5389657020568848,-8.260408511556925,-7.537603276004261,-7.537603276004261
KGHM,2017-04,10,xgboost,,34c7df96585827be1f73a096e12a5c2260f9a902fdf9a06bf78d6b690ed47a6a,5,2,109895,-0.25958681106567383,-9.616792540884356,-9.081961398326076,-9.081961398326076
KGHM,2017-04,10,xgboost,,34c7df96585827be1f73a096e12a5c2260f9a902fdf9a06bf78d6b690ed47a6a,5,3,109910,-0.13745401799678802,-10.10879999690865,-9.720757451083028,-9.720757451083028
KGHM,2017-04,10,xgboost,,34c7df96585827be1f73a096e12a5c2260f9a902fdf9a06bf78d6b690ed47a6a,5,4,109903,-0.05411814525723457,-10.135093023403284,-9.941807172281244,-9.941807172281244
KGHM,2017-04,10,xgboost,,34c7df96585827be1f73a096e12a5c2260f9a902fdf9a06bf78d6b690ed47a6a,5,5,109906,0.016782276332378387,-10.19654029368549,-10.165653668010869,-10.177806577170879
KGHM,2017-04,10,xgboost,,34c7df96585827be1f73a096e12a5c2260f9a902fdf9a06bf78d6b690ed47a6a,5,6,109907,0.0827835276722908,-10.14714393972349,-10.230700903500557,-10.14714393972349
KGHM,2017-04,10,xgboost,,34c7df96585827be1f73a096e12a5c2260f9a902fdf9a06bf78d6b690ed47a6a,5,7,109919,0.15087111294269562,-9.999931249820651,-10.236149070658339,-9.999931249820651
KGHM,2017-04,10,xgboost,,34c7df96585827be1f73a096e12a5c2260f9a902fdf9a06bf78d6b690ed47a6a,5,8,109903,0.23282644152641296,-10.071729135519467,-10.448017207764867,-10.071729135519467
KGHM,2017-04,10,xgboost,,34c7df96585827be1f73a096e12a5c2260f9a902fdf9a06bf78d6b690ed47a6a,5,9,109902,0.34300920367240906,-9.684877281451367,-10.219497919453762,-9.684877281451367
KGHM,2017-04,10,xgboost,,34c7df96585827be1f73a096e12a5c2260f9a902fdf9a06bf78d6b690ed47a6a,5,10,109902,0.5986355543136597,-7.8646964704423645,-8.621126439413652,-7.8646964704423645
KGHM,2017-04,20,linear,,dbb94b13eeb562c870be2b8722d3be01abbe7c6af2d8b11227b2289ca9197fe4,0,1,109889,-0.6982461083434907,-8.422030343220156,-6.7400177648130475,-6.7400177648130475
KGHM,2017-04,20,linear,,dbb94b13eeb562c870be2b8722d3be01abbe7c6af2d8b11227b2289ca9197fe4,0,2,109889,-0.4746455590256994,-10.330704858307808,-9.129248616107168,-9.129248616107168
KGHM,2017-04,20,linear,,dbb94b13eeb562c870be2b8722d3be01abbe7c6af2d8b11227b2289ca9197fe4,0,3,109888,-0.308868435919849,-10.659385497260601,-9.900631001730297,-9.900631001730297
KGHM,2017-04,20,linear,,dbb94b13eeb562c870be2b8722d3be01abbe7c6af2d8b11227b2289ca9197fe4,0,4,109893,-0.157607769906173,-10.542539954201613,-10.097326121680876,-10.097326121680876
KGHM,2017-04,20,linear,,dbb94b13eeb562c870be2b8722d3be01abbe7c6af2d8b11227b2289ca9197fe4,0,5,109884,-0.011827012154801843,-10.488111577675037,-10.375120824098195,-10.394967894549678
KGHM,2017-04,20,linear,,dbb94b13eeb562c870be2b8722d3be01abbe7c6af2d8b11227b2289ca9197fe4,0,6,109889,0.1261433230767827,-10.327524026859551,-10.52644883768657,-10.327524026859551
KGHM,2017-04,20,linear,,dbb94b13eeb562c870be2b8722d3be01abbe7c6af2d8b11227b2289ca9197fe4,0,7,109890,0.2630985591950166,-10.136393147286633,-10.563802770113544,-10.136393147286633
KGHM,2017-04,20,linear,,dbb94b13eeb562c870be2b8722d3be01abbe7c6af2d8b11227b2289ca9197fe4,0,8,109891,0.4016653919617859,-9.898982726329185,-10.687553609551399,-9.898982726329185
KGHM,2017-04,20,linear,,dbb94b13eeb562c870be2b8722d3be01abbe7c6af2d8b11227b2289ca9197fe4,0,9,109888,0.5470035221979397,-8.850612012331947,-10.0659991916394,-8.850612012331947
KGHM,2017-04,20,linear,,dbb94b13eeb562c870be2b8722d3be01abbe7c6af2d8b11227b2289ca9197fe4,0,10,109885,0.7591008461160552,-6.371250078854854,-8.176597379429493,-6.371250078854854
KGHM,2017-04,20,linear,,dbb94b13eeb562c870be2b8722d3be01abbe7c6af2d8b11227b2289ca9197fe4,1,1,109889,-0.6982461083434907,-8.429970184778023,-6.925768259819944,-6.925768259819944
KGHM,2017-04,20,linear,,dbb94b13eeb562c870be2b8722d3be01abbe7c6af2d8b11227b2289ca9197fe4,1,2,109889,-0.4746455590256994,-10.291684354251029,-9.174795115838359,-9.174795115838359
KGHM,2017-04,20,linear,,dbb94b13eeb562c870be2b8722d3be01abbe7c6af2d8b11227b2289ca9197fe4,1,3,109888,-0.308868435919849,-10.60524510057323,-9.890839735754712,-9.890839735754712
KGHM,2017-04,20,linear,,dbb94b13eeb562c870be2b8722d3be01abbe7c6af2d8b11227b2289ca9197fe4,1,4,109893,-0.157607769906173,-10.489055051515516,-10.062293458759553,-10.062293458759553
KGHM,2017-04,20,linear,,dbb94b13eeb562c870be2b8722d3be01abbe7c6af2d8b11227b2289ca9197fe4,1,5,109884,-0.011827012154801843,-10.431579125758795,-10.338320842040927,-10.349847278955753
KGHM,2017-04,20,linear,,dbb94b13eeb562c870be2b8722d3be01abbe7c6af2d8b11227b2289ca9197fe4,1,6,109889,0.1261433230767827,-10.284458648233075,-10.477471749006519,-10.284458648233075
KGHM,2017-04,20,linear,,dbb94b13eeb562c870be2b8722d3be01abbe7c6af2d8b11227b2289ca9197fe4,1,7,109890,0.2630985591950166,-10.098273959046576,-10.506003739819311,-10.098273959046576
KGHM,2017-04,20,linear,,dbb94b13eeb562c870be2b8722d3be01abbe7c6af2d8b11227b2289ca9197fe4,1,8,109891,0.4016653919617859,-9.891335189808132,-10.643369150313422,-9.891335189808132
KGHM,2017-04,20,linear,,dbb94b13eeb562c870be2b8722d3be01abbe7c6af2d8b11227b2289ca9197fe4,1,9,109888,0.5470035221979397,-8.900864991982393,-10.041387317488498,-8.900864991982393
KGHM,2017-04,20,linear,,dbb94b13eeb562c870be2b8722d3be01abbe7c6af2d8b11227b2289ca9197fe4,1,10,109885,0.7591008461160552,-6.605211197881491,-8.202605513477119,-6.605211197881491
KGHM,2017-04,20,linear,,dbb94b13eeb562c870be2b8722d3be01abbe7c6af2d8b11227b2289ca9197fe4,5,1,109889,-0.6982461083434907,-8.411030589660475,-7.250719377270649,-7.250719377270649
KGHM,2017-04,20,linear,,dbb94b13eeb562c870be2b8722d3be01abbe7c6af2d8b11227b2289ca9197fe4,5,2,109889,-0.4746455590256994,-10.169260338769949,-9.284282324216209,-9.284282324216209
KGHM,2017-04,20,linear,,dbb94b13eeb562c870be2b8722d3be01abbe7c6af2d8b11227b2289ca9197fe4,5,3,109888,-0.308868435919849,-10.483307098795652,-9.91912967768724,-9.91912967768724
KGHM,2017-04,20,linear,,dbb94b13eeb562c870be2b8722d3be01abbe7c6af2d8b11227b2289ca9197fe4,5,4,109893,-0.157607769906173,-10.370099159470941,-10.048234392220444,-10.048234392220444
KGHM,2017-04,20,linear,,dbb94b13eeb562c870be2b8722d3be01abbe7c6af2d8b11227b2289ca9197fe4,5,5,109884,-0.011827012154801843,-10.336993796911596,-10.277094266501454,-10.27633350743199
KGHM,2017-04,20,linear,,dbb94b13eeb562c870be2b8722d3be01abbe7c6af2d8b11227b2289ca9197fe4,5,6,109889,0.1261433230767827,-10.231645476217224,-10.389712525006804,-10.231645476217224
KGHM,2017-04,20,linear,,dbb94b13eeb562c870be2b8722d3be01abbe7c6af2d8b11227b2289ca9197fe4,5,7,109890,0.2630985591950166,-10.06082415100404,-10.395368651844256,-10.06082415100404
KGHM,2017-04,20,linear,,dbb94b13eeb562c870be2b8722d3be01abbe7c6af2d8b11227b2289ca9197fe4,5,8,109891,0.4016653919617859,-9.922602905106595,-10.53475639259648,-9.922602905106595
KGHM,2017-04,20,linear,,dbb94b13eeb562c870be2b8722d3be01abbe7c6af2d8b11227b2289ca9197fe4,5,9,109888,0.5470035221979397,-9.044823922998246,-9.944842609447935,-9.044823922998246
KGHM,2017-04,20,linear,,dbb94b13eeb562c870be2b8722d3be01abbe7c6af2d8b11227b2289ca9197fe4,5,10,109885,0.7591008461160552,-6.99750535901361,-8.219286786836838,-6.99750535901361
KGHM,2017-04,20,xgboost,,9860cae15aefbf8b195731e7ef014b24ae7d75bd889dc6b34d318c8540370477,0,1,109889,-0.812301516532898,-8.861081416841136,-7.076804380917043,-7.076804380917043
KGHM,2017-04,20,xgboost,,9860cae15aefbf8b195731e7ef014b24ae7d75bd889dc6b34d318c8540370477,0,2,109889,-0.43208032846450806,-10.005186794396966,-8.822876713001218,-8.822876713001218
KGHM,2017-04,20,xgboost,,9860cae15aefbf8b195731e7ef014b24ae7d75bd889dc6b34d318c8540370477,0,3,109896,-0.24243682622909546,-10.340017454098188,-9.57025917261447,-9.57025917261447
KGHM,2017-04,20,xgboost,,9860cae15aefbf8b195731e7ef014b24ae7d75bd889dc6b34d318c8540370477,0,4,109890,-0.10065478831529617,-10.172127758922311,-9.750459793737956,-9.750459793737956
KGHM,2017-04,20,xgboost,,9860cae15aefbf8b195731e7ef014b24ae7d75bd889dc6b34d318c8540370477,0,5,109881,0.024975942447781563,-10.38068402205302,-10.299926714456415,-10.324813073816932
KGHM,2017-04,20,xgboost,,9860cae15aefbf8b195731e7ef014b24ae7d75bd889dc6b34d318c8540370477,0,6,109904,0.14544150233268738,-9.946322479857203,-10.103188940226811,-9.946322479857203
KGHM,2017-04,20,xgboost,,9860cae15aefbf8b195731e7ef014b24ae7d75bd889dc6b34d318c8540370477,0,7,109871,0.26741206645965576,-9.940898319215584,-10.386012185041372,-9.940898319215584
KGHM,2017-04,20,xgboost,,9860cae15aefbf8b195731e7ef014b24ae7d75bd889dc6b34d318c8540370477,0,8,109903,0.40195977687835693,-9.821491290467641,-10.622211337985794,-9.821491290467641
KGHM,2017-04,20,xgboost,,9860cae15aefbf8b195731e7ef014b24ae7d75bd889dc6b34d318c8540370477,0,9,109881,0.5739041566848755,-9.442345814049784,-10.55353647220573,-9.442345814049784
KGHM,2017-04,20,xgboost,,9860cae15aefbf8b195731e7ef014b24ae7d75bd889dc6b34d318c8540370477,0,10,109882,0.9056071043014526,-7.1173130113932,-9.077544092448635,-7.1173130113932
KGHM,2017-04,20,xgboost,,9860cae15aefbf8b195731e7ef014b24ae7d75bd889dc6b34d318c8540370477,1,1,109889,-0.812301516532898,-8.846773517565007,-7.265562393661548,-7.265562393661548
KGHM,2017-04,20,xgboost,,9860cae15aefbf8b195731e7ef014b24ae7d75bd889dc6b34d318c8540370477,1,2,109889,-0.43208032846450806,-9.976615110908,-8.852130735192835,-8.852130735192835
KGHM,2017-04,20,xgboost,,9860cae15aefbf8b195731e7ef014b24ae7d75bd889dc6b34d318c8540370477,1,3,109896,-0.24243682622909546,-10.305160959339513,-9.561249580627237,-9.561249580627237
KGHM,2017-04,20,xgboost,,9860cae15aefbf8b195731e7ef014b24ae7d75bd889dc6b34d318c8540370477,1,4,109890,-0.10065478831529617,-10.132436418044271,-9.733025349127951,-9.733025349127951
KGHM,2017-04,20,xgboost,,9860cae15aefbf8b195731e7ef014b24ae7d75bd889dc6b34d318c8540370477,1,5,109881,0.024975942447781563,-10.33973005927154,-10.264714210715791,-10.28693088225908
KGHM,2017-04,20,xgboost,,9860cae15aefbf8b195731e7ef014b24ae7d75bd889dc6b34d318c8540370477,1,6,109904,0.14544150233268738,-9.910417368528059,-10.07387995793582,-9.910417368528059
KGHM,2017-04,20,xgboost,,9860cae15aefbf8b195731e7ef014b24ae7d75bd889dc6b34d318c8540370477,1,7,109871,0.26741206645965576,-9.915193564234487,-10.347625210914302,-9.915193564234487
KGHM,2017-04,20,xgboost,,9860cae15aefbf8b195731e7ef014b24ae7d75bd889dc6b34d318c8540370477,1,8,109903,0.40195977687835693,-9.808717410820254,-10.579209345373433,-9.808717410820254
KGHM,2017-04,20,xgboost,,9860cae15aefbf8b195731e7ef014b24ae7d75bd889dc6b34d318c8540370477,1,9,109881,0.5739041566848755,-9.457117809122849,-10.515576541569738,-9.457117809122849
KGHM,2017-04,20,xgboost,,9860cae15aefbf8b195731e7ef014b24ae7d75bd889dc6b34d318c8540370477,1,10,109882,0.9056071043014526,-7.33545827290228,-9.069951791729979,-7.33545827290228
KGHM,2017-04,20,xgboost,,9860cae15aefbf8b195731e7ef014b24ae7d75bd889dc6b34d318c8540370477,5,1,109889,-0.812301516532898,-8.783929699711932,-7.613274126524989,-7.613274126524989
KGHM,2017-04,20,xgboost,,9860cae15aefbf8b195731e7ef014b24ae7d75bd889dc6b34d318c8540370477,5,2,109889,-0.43208032846450806,-9.890405516278362,-8.982983727127063,-8.982983727127063
KGHM,2017-04,20,xgboost,,9860cae15aefbf8b195731e7ef014b24ae7d75bd889dc6b34d318c8540370477,5,3,109896,-0.24243682622909546,-10.203504708637144,-9.574009997695812,-9.574009997695812
KGHM,2017-04,20,xgboost,,9860cae15aefbf8b195731e7ef014b24ae7d75bd889dc6b34d318c8540370477,5,4,109890,-0.10065478831529617,-10.042947290752046,-9.738776330750568,-9.738776330750568
KGHM,2017-04,20,xgboost,,9860cae15aefbf8b195731e7ef014b24ae7d75bd889dc6b34d318c8540370477,5,5,109881,0.024975942447781563,-10.24037272723281,-10.190094043147404,-10.20989394298469
KGHM,2017-04,20,xgboost,,9860cae15aefbf8b195731e7ef014b24ae7d75bd889dc6b34d318c8540370477,5,6,109904,0.14544150233268738,-9.858633732998145,-10.017337995203345,-9.858633732998145
KGHM,2017-04,20,xgboost,,9860cae15aefbf8b195731e7ef014b24ae7d75bd889dc6b34d318c8540370477,5,7,109871,0.26741206645965576,-9.876009887886605,-10.250560736414426,-9.876009887886605
KGHM,2017-04,20,xgboost,,9860cae15aefbf8b195731e7ef014b24ae7d75bd889dc6b34d318c8540370477,5,8,109903,0.40195977687835693,-9.839167102523398,-10.464808864491387,-9.839167102523398
KGHM,2017-04,20,xgboost,,9860cae15aefbf8b195731e7ef014b24ae7d75bd889dc6b34d318c8540370477,5,9,109881,0.5739041566848755,-9.563081399646883,-10.415524373695224,-9.563081399646883
KGHM,2017-04,20,xgboost,,9860cae15aefbf8b195731e7ef014b24ae7d75bd889dc6b34d318c8540370477,5,10,109882,0.9056071043014526,-7.729998815275472,-9.016115730204408,-7.729998815275472
KGHM,2017-04,50,linear,,f2cb205aaf4cacc3a03fb01e7ac58af10aaff8ae531f1ea9d1095c57b2b9f709,0,1,109835,-1.1404733759747732,-9.822654672010891,-7.291956476973928,-7.291956476973928
KGHM,2017-04,50,linear,,f2cb205aaf4cacc3a03fb01e7ac58af10aaff8ae531f1ea9d1095c57b2b9f709,0,2,109839,-0.8059696657606303,-10.818187814204595,-8.971748581022455,-8.971748581022455
KGHM,2017-04,50,linear,,f2cb205aaf4cacc3a03fb01e7ac58af10aaff8ae531f1ea9d1095c57b2b9f709,0,3,109830,-0.528422840311794,-10.597974382320938,-9.412735808547701,-9.412735808547701
KGHM,2017-04,50,linear,,f2cb205aaf4cacc3a03fb01e7ac58af10aaff8ae531f1ea9d1095c57b2b9f709,0,4,109841,-0.26593242101399583,-10.248374504653587,-9.60105703755577,-9.60105703755577
KGHM,2017-04,50,linear,,f2cb205aaf4cacc3a03fb01e7ac58af10aaff8ae531f1ea9d1095c57b2b9f709,0,5,109828,-0.015201844461276322,-10.155542601653238,-10.053496538456788,-10.09318608631152
KGHM,2017-04,50,linear,,f2cb205aaf4cacc3a03fb01e7ac58af10aaff8ae531f1ea9d1095c57b2b9f709,0,6,109836,0.22361217500002661,-9.88627480451792,-10.216871021222621,-9.88627480451792
KGHM,2017-04,50,linear,,f2cb205aaf4cacc3a03fb01e7ac58af10aaff8ae531f1ea9d1095c57b2b9f709,0,7,109833,0.4605889841787112,-9.595228276536087,-10.404399570784529,-9.595228276536087
KGHM,2017-04,50,linear,,f2cb205aaf4cacc3a03fb01e7ac58af10aaff8ae531f1ea9d1095c57b2b9f709,0,8,109835,0.6974419884501466,-9.429588859674288,-10.637187681530607,-9.429588859674288
KGHM,2017-04,50,linear,,f2cb205aaf4cacc3a03fb01e7ac58af10aaff8ae531f1ea9d1095c57b2b9f709,0,9,109838,0.9392167233413748,-8.690485829155863,-10.550186898700767,-8.690485829155863
KGHM,2017-04,50,linear,,f2cb205aaf4cacc3a03fb01e7ac58af10aaff8ae531f1ea9d1095c57b2b9f709,0,10,109831,1.267259672071026,-6.609778273746843,-9.302868029702475,-6.609778273746843
KGHM,2017-04,50,linear,,f2cb205aaf4cacc3a03fb01e7ac58af10aaff8ae531f1ea9d1095c57b2b9f709,1,1,109835,-1.1404733759747732,-9.79203354304451,-7.462005022926253,-7.462005022926253
KGHM,2017-04,50,linear,,f2cb205aaf4cacc3a03fb01e7ac58af10aaff8ae531f1ea9d1095c57b2b9f709,1,2,109839,-0.8059696657606303,-10.768738162796343,-9.028397650340146,-9.028397650340146
KGHM,2017-04,50,linear,,f2cb205aaf4cacc3a03fb01e7ac58af10aaff8ae531f1ea9d1095c57b2b9f709,1,3,109830,-0.528422840311794,-10.542438549846008,-9.417683527479301,-9.417683527479301
KGHM,2017-04,50,linear,,f2cb205aaf4cacc3a03fb01e7ac58af10aaff8ae531f1ea9d1095c57b2b9f709,1,4,109841,-0.26593242101399583,-10.200993954690357,-9.58206460439957,-9.58206460439957
KGHM,2017-04,50,linear,,f2cb205aaf4cacc3a03fb01e7ac58af10aaff8ae531f1ea9d1095c57b2b9f709,1,5,109828,-0.015201844461276322,-10.10334780662773,-10.025721548530068,-10.056149210064076
KGHM,2017-04,50,linear,,f2cb205aaf4cacc3a03fb01e7ac58af10aaff8ae531f1ea9d1095c57b2b9f709,1,6,109836,0.22361217500002661,-9.853688302326574,-10.17646346089657,-9.853688302326574
KGHM,2017-04,50,linear,,f2cb205aaf4cacc3a03fb01e7ac58af10aaff8ae531f1ea9d1095c57b2b9f709,1,7,109833,0.4605889841787112,-9.570452145128561,-10.355866430124864,-9.570452145128561
KGHM,2017-04,50,linear,,f2cb205aaf4cacc3a03fb01e7ac58af10aaff8ae531f1ea9d1095c57b2b9f709,1,8,109835,0.6974419884501466,-9.434299614317439,-10.590233431391207,-9.434299614317439
KGHM,2017-04,50,linear,,f2cb205aaf4cacc3a03fb01e7ac58af10aaff8ae531f1ea9d1095c57b2b9f709,1,9,109838,0.9392167233413748,-8.753732322312201,-10.50932281366684,-8.753732322312201
KGHM,2017-04,50,linear,,f2cb205aaf4cacc3a03fb01e7ac58af10aaff8ae531f1ea9d1095c57b2b9f709,1,10,109831,1.267259672071026,-6.834395238544066,-9.29477507966678,-6.834395238544066
KGHM,2017-04,50,linear,,f2cb205aaf4cacc3a03fb01e7ac58af10aaff8ae531f1ea9d1095c57b2b9f709,5,1,109835,-1.1404733759747732,-9.658493303344779,-7.774139167665341,-7.774139167665341
KGHM,2017-04,50,linear,,f2cb205aaf4cacc3a03fb01e7ac58af10aaff8ae531f1ea9d1095c57b2b9f709,5,2,109839,-0.8059696657606303,-10.614269352136972,-9.164727785020476,-9.164727785020476
KGHM,2017-04,50,linear,,f2cb205aaf4cacc3a03fb01e7ac58af10aaff8ae531f1ea9d1095c57b2b9f709,5,3,109830,-0.528422840311794,-10.407736795516469,-9.491715110275432,-9.491715110275432
KGHM,2017-04,50,linear,,f2cb205aaf4cacc3a03fb01e7ac58af10aaff8ae531f1ea9d1095c57b2b9f709,5,4,109841,-0.26593242101399583,-10.094911621607055,-9.59283842438142,-9.59283842438142
KGHM,2017-04,50,linear,,f2cb205aaf4cacc3a03fb01e7ac58af10aaff8ae531f1ea9d1095c57b2b9f709,5,5,109828,-0.015201844461276322,-10.02164337323149,-9.998500595885528,-10.006843550514711
KGHM,2017-04,50,linear,,f2cb205aaf4cacc3a03fb01e7ac58af10aaff8ae531f1ea9d1095c57b2b9f709,5,6,109836,0.22361217500002661,-9.820945006826166,-10.106539290938743,-9.820945006826166
KGHM,2017-04,50,linear,,f2cb205aaf4cacc3a03fb01e7ac58af10aaff8ae531f1ea9d1095c57b2b9f709,5,7,109833,0.4605889841787112,-9.586192978667151,-10.265164280616617,-9.586192978667151
KGHM,2017-04,50,linear,,f2cb205aaf4cacc3a03fb01e7ac58af10aaff8ae531f1ea9d1095c57b2b9f709,5,8,109835,0.6974419884501466,-9.501403087372733,-10.473956359811574,-9.501403087372733
KGHM,2017-04,50,linear,,f2cb205aaf4cacc3a03fb01e7ac58af10aaff8ae531f1ea9d1095c57b2b9f709,5,9,109838,0.9392167233413748,-8.926935935114106,-10.380693153520937,-8.926935935114106
KGHM,2017-04,50,linear,,f2cb205aaf4cacc3a03fb01e7ac58af10aaff8ae531f1ea9d1095c57b2b9f709,5,10,109831,1.267259672071026,-7.221808563603316,-9.194517432655763,-7.221808563603316
KGHM,2017-04,50,xgboost,,ddcc1d1f78046b61dca1a9e8414e41bd6a4da017f486e247e8b3be852364e9ad,0,1,109835,-1.326602578163147,-10.081637525268105,-7.466836302613396,-7.466836302613396
KGHM,2017-04,50,xgboost,,ddcc1d1f78046b61dca1a9e8414e41bd6a4da017f486e247e8b3be852364e9ad,0,2,109837,-0.725007951259613,-10.583741750581101,-8.659028155964169,-8.659028155964169
KGHM,2017-04,50,xgboost,,ddcc1d1f78046b61dca1a9e8414e41bd6a4da017f486e247e8b3be852364e9ad,0,3,109836,-0.43067044019699097,-10.280506159025256,-9.007650315425527,-9.007650315425527
KGHM,2017-04,50,xgboost,,ddcc1d1f78046b61dca1a9e8414e41bd6a4da017f486e247e8b3be852364e9ad,0,4,109831,-0.16157452762126923,-10.231707909367127,-9.626767033818215,-9.626767033818215
KGHM,2017-04,50,xgboost,,ddcc1d1f78046b61dca1a9e8414e41bd6a4da017f486e247e8b3be852364e9ad,0,5,109837,0.06205062195658684,-9.863284049029406,-9.72602207351427,-9.796926971274543
KGHM,2017-04,50,xgboost,,ddcc1d1f78046b61dca1a9e8414e41bd6a4da017f486e247e8b3be852364e9ad,0,6,109835,0.2707279920578003,-9.741097341630956,-10.10880359397665,-9.741097341630956
KGHM,2017-04,50,xgboost,,ddcc1d1f78046b61dca1a9e8414e41bd6a4da017f486e247e8b3be852364e9ad,0,7,109835,0.4754333794116974,-9.357057039976931,-10.200311380744532,-9.357057039976931
KGHM,2017-04,50,xgboost,,ddcc1d1f78046b61dca1a9e8414e41bd6a4da017f486e247e8b3be852364e9ad,0,8,109832,0.6957442760467529,-9.46407170549772,-10.645152201410209,-9.46407170549772
KGHM,2017-04,50,xgboost,,ddcc1d1f78046b61dca1a9e8414e41bd6a4da017f486e247e8b3be852364e9ad,0,9,109837,0.991369366645813,-8.778778016851193,-10.700170014949105,-8.778778016851193
KGHM,2017-04,50,xgboost,,ddcc1d1f78046b61dca1a9e8414e41bd6a4da017f486e247e8b3be852364e9ad,0,10,109831,1.5062364339828491,-7.472222071681695,-10.301806395468565,-7.472222071681695
KGHM,2017-04,50,xgboost,,ddcc1d1f78046b61dca1a9e8414e41bd6a4da017f486e247e8b3be852364e9ad,1,1,109835,-1.326602578163147,-10.038413045258196,-7.639864960069162,-7.639864960069162
KGHM,2017-04,50,xgboost,,ddcc1d1f78046b61dca1a9e8414e41bd6a4da017f486e247e8b3be852364e9ad,1,2,109837,-0.725007951259613,-10.541590378617638,-8.701291830256682,-8.701291830256682
KGHM,2017-04,50,xgboost,,ddcc1d1f78046b61dca1a9e8414e41bd6a4da017f486e247e8b3be852364e9ad,1,3,109836,-0.43067044019699097,-10.24442544212669,-9.022208545473694,-9.022208545473694
KGHM,2017-04,50,xgboost,,ddcc1d1f78046b61dca1a9e8414e41bd6a4da017f486e247e8b3be852364e9ad,1,4,109831,-0.16157452762126923,-10.188974649456284,-9.614596592985725,-9.614596592985725
KGHM,2017-04,50,xgboost,,ddcc1d1f78046b61dca1a9e8414e41bd6a4da017f486e247e8b3be852364e9ad,1,5,109837,0.06205062195658684,-9.831257462202531,-9.699238118107512,-9.764601973499959
KGHM,2017-04,50,xgboost,,ddcc1d1f78046b61dca1a9e8414e41bd6a4da017f486e247e8b3be852364e9ad,1,6,109835,0.2707279920578003,-9.717024639370305,-10.079833389672164,-9.717024639370305
KGHM,2017-04,50,xgboost,,ddcc1d1f78046b61dca1a9e8414e41bd6a4da017f486e247e8b3be852364e9ad,1,7,109835,0.4754333794116974,-9.342433377865689,-10.165077307514062,-9.342433377865689
KGHM,2017-04,50,xgboost,,ddcc1d1f78046b61dca1a9e8414e41bd6a4da017f486e247e8b3be852364e9ad,1,8,109832,0.6957442760467529,-9.456332316705872,-10.600979328069188,-9.456332316705872
KGHM,2017-04,50,xgboost,,ddcc1d1f78046b61dca1a9e8414e41bd6a4da017f486e247e8b3be852364e9ad,1,9,109837,0.991369366645813,-8.818816812010677,-10.654637917057453,-8.818816812010677
KGHM,2017-04,50,xgboost,,ddcc1d1f78046b61dca1a9e8414e41bd6a4da017f486e247e8b3be852364e9ad,1,10,109831,1.5062364339828491,-7.674866796185553,-10.264845087375813,-7.674866796185553
KGHM,2017-04,50,xgboost,,ddcc1d1f78046b61dca1a9e8414e41bd6a4da017f486e247e8b3be852364e9ad,5,1,109835,-1.326602578163147,-9.879694605589991,-7.960461670240035,-7.960461670240035
KGHM,2017-04,50,xgboost,,ddcc1d1f78046b61dca1a9e8414e41bd6a4da017f486e247e8b3be852364e9ad,5,2,109837,-0.725007951259613,-10.396216703858851,-8.85110634845706,-8.85110634845706
KGHM,2017-04,50,xgboost,,ddcc1d1f78046b61dca1a9e8414e41bd6a4da017f486e247e8b3be852364e9ad,5,3,109836,-0.43067044019699097,-10.133075967881949,-9.10079523846501,-9.10079523846501
KGHM,2017-04,50,xgboost,,ddcc1d1f78046b61dca1a9e8414e41bd6a4da017f486e247e8b3be852364e9ad,5,4,109831,-0.16157452762126923,-10.094376802149192,-9.628611166141209,-9.628611166141209
KGHM,2017-04,50,xgboost,,ddcc1d1f78046b61dca1a9e8414e41bd6a4da017f486e247e8b3be852364e9ad,5,5,109837,0.06205062195658684,-9.779368050975632,-9.673393876525951,-9.724183993192641
KGHM,2017-04,50,xgboost,,ddcc1d1f78046b61dca1a9e8414e41bd6a4da017f486e247e8b3be852364e9ad,5,6,109835,0.2707279920578003,-9.684181581045738,-10.0233768842458,-9.684181581045738
KGHM,2017-04,50,xgboost,,ddcc1d1f78046b61dca1a9e8414e41bd6a4da017f486e247e8b3be852364e9ad,5,7,109835,0.4754333794116974,-9.368990922202707,-10.083633271493996,-9.368990922202707
KGHM,2017-04,50,xgboost,,ddcc1d1f78046b61dca1a9e8414e41bd6a4da017f486e247e8b3be852364e9ad,5,8,109832,0.6957442760467529,-9.506040336753946,-10.495759437204683,-9.506040336753946
KGHM,2017-04,50,xgboost,,ddcc1d1f78046b61dca1a9e8414e41bd6a4da017f486e247e8b3be852364e9ad,5,9,109837,0.991369366645813,-8.972675574773776,-10.521701001154423,-8.972675574773776
KGHM,2017-04,50,xgboost,,ddcc1d1f78046b61dca1a9e8414e41bd6a4da017f486e247e8b3be852364e9ad,5,10,109831,1.5062364339828491,-8.039737712954986,-10.103988511111456,-8.039737712954986
KGHM,2017-06,10,linear,,83160cccd789a38e1916aef464a077422ae2f4ba8debd89783e562d5cb7a9a3a,0,1,101467,-0.4963068606573432,-8.406513843026607,-6.736734777324347,-6.736734777324347
KGHM,2017-06,10,linear,,83160cccd789a38e1916aef464a077422ae2f4ba8debd89783e562d5cb7a9a3a,0,2,101469,-0.3253995652346279,-10.744744518832292,-9.847703871765916,-9.847703871765916
KGHM,2017-06,10,linear,,83160cccd789a38e1916aef464a077422ae2f4ba8debd89783e562d5cb7a9a3a,0,3,101467,-0.21506092765055093,-11.653164687027362,-11.05463225425395,-11.05463225425395
KGHM,2017-06,10,linear,,83160cccd789a38e1916aef464a077422ae2f4ba8debd89783e562d5cb7a9a3a,0,4,101465,-0.11465223177715084,-11.663176034147249,-11.358373653627494,-11.358373653627494
KGHM,2017-06,10,linear,,83160cccd789a38e1916aef464a077422ae2f4ba8debd89783e562d5cb7a9a3a,0,5,101467,-0.01972884842241175,-11.891295306119753,-11.78132511976839,-11.780923125985614
KGHM,2017-06,10,linear,,83160cccd789a38e1916aef464a077422ae2f4ba8debd89783e562d5cb7a9a3a,0,6,101469,0.07131093994863667,-11.977167774318534,-12.109983407602877,-11.977167774318534
KGHM,2017-06,10,linear,,83160cccd789a38e1916aef464a077422ae2f4ba8debd89783e562d5cb7a9a3a,0,7,101465,0.1623184613065505,-12.00104401249794,-12.321570500857325,-12.00104401249794
KGHM,2017-06,10,linear,,83160cccd789a38e1916aef464a077422ae2f4ba8debd89783e562d5cb7a9a3a,0,8,101467,0.2555556280367031,-11.854098986303052,-12.444939772088446,-11.854098986303052
KGHM,2017-06,10,linear,,83160cccd789a38e1916aef464a077422ae2f4ba8debd89783e562d5cb7a9a3a,0,9,101467,0.35289498403795677,-10.659605071037488,-11.566220897699383,-10.659605071037488
KGHM,2017-06,10,linear,,83160cccd789a38e1916aef464a077422ae2f4ba8debd89783e562d5cb7a9a3a,0,10,101467,0.5081906613973054,-7.355325768564229,-8.95818011818341,-7.355325768564229
KGHM,2017-06,10,linear,,83160cccd789a38e1916aef464a077422ae2f4ba8debd89783e562d5cb7a9a3a,1,1,101467,-0.4963068606573432,-8.462230940531223,-7.055466044102642,-7.055466044102642
KGHM,2017-06,10,linear,,83160cccd789a38e1916aef464a077422ae2f4ba8debd89783e562d5cb7a9a3a,1,2,101469,-0.3253995652346279,-10.723367528319908,-9.904752670741605,-9.904752670741605
KGHM,2017-06,10,linear,,83160cccd789a38e1916aef464a077422ae2f4ba8debd89783e562d5cb7a9a3a,1,3,101467,-0.21506092765055093,-11.583747826527668,-11.023641272240857,-11.023641272240857
KGHM,2017-06,10,linear,,83160cccd789a38e1916aef464a077422ae2f4ba8debd89783e562d5cb7a9a3a,1,4,101465,-0.11465223177715084,-11.591916060886405,-11.294210142580695,-11.294210142580695
KGHM,2017-06,10,linear,,83160cccd789a38e1916aef464a077422ae2f4ba8debd89783e562d5cb7a9a3a,1,5,101467,-0.01972884842241175,-11.82301941912476,-11.703943156294772,-11.70644582977118
KGHM,2017-06,10,linear,,83160cccd789a38e1916aef464a077422ae2f4ba8debd89783e562d5cb7a9a3a,1,6,101469,0.07131093994863667,-11.910020112357923,-12.026149123192798,-11.910020112357923
KGHM,2017-06,10,linear,,83160cccd789a38e1916aef464a077422ae2f4ba8debd89783e562d5cb7a9a3a,1,7,101465,0.1623184613065505,-11.940006345005429,-12.240308490249586,-11.940006345005429
KGHM,2017-06,10,linear,,83160cccd789a38e1916aef464a077422ae2f4ba8debd89783e562d5cb7a9a3a,1,8,101467,0.2555556280367031,-11.807178194603324,-12.384817007002,-11.807178194603324
KGHM,2017-06,10,linear,,83160cccd789a38e1916aef464a077422ae2f4ba8debd89783e562d5cb7a9a3a,1,9,101467,0.35289498403795677,-10.709840015717571,-11.536294552618918,-10.709840015717571
KGHM,2017-06,10,linear,,83160cccd789a38e1916aef464a077422ae2f4ba8debd89783e562d5cb7a9a3a,1,10,101467,0.5081906613973054,-7.654224824916043,-9.009763992812797,-7.654224824916043
KGHM,2017-06,10,linear,,83160cccd789a38e1916aef464a077422ae2f4ba8debd89783e562d5cb7a9a3a,5,1,101467,-0.4963068606573432,-8.53897682149115,-7.574290591470475,-7.574290591470475
KGHM,2017-06,10,linear,,83160cccd789a38e1916aef464a077422ae2f4ba8debd89783e562d5cb7a9a3a,5,2,101469,-0.3253995652346279,-10.658968319320325,-10.074299297907505,-10.074299297907505
KGHM,2017-06,10,linear,,83160cccd789a38e1916aef464a077422ae2f4ba8debd89783e562d5cb7a9a3a,5,3,101467,-0.21506092765055093,-11.43905906162484,-11.027208639485863,-11.027208639485863
KGHM,2017-06,10,linear,,83160cccd789a38e1916aef464a077422ae2f4ba8debd89783e562d5cb7a9a3a,5,4,101465,-0.11465223177715084,-11.476363576297098,-11.24782088887277,-11.24782088887277
KGHM,2017-06,10,linear,,83160cccd789a38e1916aef464a077422ae2f4ba8debd89783e562d5cb7a9a3a,5,5,101467,-0.01972884842241175,-11.70004905794488,-11.629704726271555,-11.62059680073356
KGHM,2017-06,10,linear,,83160cccd789a38e1916aef464a077422ae2f4ba8debd89783e562d5cb7a9a3a,5,6,101469,0.07131093994863667,-11.803473317370182,-11.911717958175467,-11.803473317370182
KGHM,2017-06,10,linear,,83160cccd789a38e1916aef464a077422ae2f4ba8debd89783e562d5cb7a9a3a,5,7,101465,0.1623184613065505,-11.853409214737493,-12.079183786907283,-11.853409214737493
KGHM,2017-06,10,linear,,83160cccd789a38e1916aef464a077422ae2f4ba8debd89783e562d5cb7a9a3a,5,8,101467,0.2555556280367031,-11.793161338374288,-12.227906794977512,-11.793161338374288
KGHM,2017-06,10,linear,,83160cccd789a38e1916aef464a077422ae2f4ba8debd89783e562d5cb7a9a3a,5,9,101467,0.35289498403795677,-10.826509758292802,-11.417856805103643,-10.826509758292802
KGHM,2017-06,10,linear,,83160cccd789a38e1916aef464a077422ae2f4ba8debd89783e562d5cb7a9a3a,5,10,101467,0.5081906613973054,-8.113381450291646,-8.98853953241506,-8.113381450291646
KGHM,2017-06,10,xgboost,,6a367d79f64f0156a192e769c2ad50c54012787a0043380bda69133233dd4be3,0,1,101468,-0.6380928158760071,-9.547288169335816,-7.807709729902021,-7.807709729902021
KGHM,2017-06,10,xgboost,,6a367d79f64f0156a192e769c2ad50c54012787a0043380bda69133233dd4be3,0,2,101471,-0.3444052040576935,-11.445226946832477,-10.510771703980332,-10.510771703980332
KGHM,2017-06,10,xgboost,,6a367d79f64f0156a192e769c2ad50c54012787a0043380bda69133233dd4be3,0,3,101477,-0.21422918140888214,-11.286700810276814,-10.73684842436971,-10.73684842436971
KGHM,2017-06,10,xgboost,,6a367d79f64f0156a192e769c2ad50c54012787a0043380bda69133233dd4be3,0,4,101457,-0.10682366788387299,-11.102440614335062,-10.76288551410749,-10.76288551410749
KGHM,2017-06,10,xgboost,,6a367d79f64f0156a192e769c2ad50c54012787a0043380bda69133233dd4be3,0,5,101508,-0.026577487587928772,-11.586017983704053,-11.494211625869406,-11.488299493210102
KGHM,2017-06,10,xgboost,,6a367d79f64f0156a192e769c2ad50c54012787a0043380bda69133233dd4be3,0,6,101421,0.0506870411336422,-11.101153476657979,-11.203466024747398,-11.101153476657979
KGHM,2017-06,10,xgboost,,6a367d79f64f0156a192e769c2ad50c54012787a0043380bda69133233dd4be3,0,7,101468,0.1379975974559784,-11.390674750531543,-11.737724583356748,-11.390674750531543
KGHM,2017-06,10,xgboost,,6a367d79f64f0156a192e769c2ad50c54012787a0043380bda69133233dd4be3,0,8,101466,0.23172353208065033,-11.640911482734584,-12.195018337188262,-11.640911482734584
KGHM,2017-06,10,xgboost,,6a367d79f64f0156a192e769c2ad50c54012787a0043380bda69133233dd4be3,0,9,101467,0.35524287819862366,-11.261597386572717,-12.107711493977671,-11.261597386572717
KGHM,2017-06,10,xgboost,,6a367d79f64f0156a192e769c2ad50c54012787a0043380bda69133233dd4be3,0,10,101467,0.6763789057731628,-7.843895943528639,-9.623233352978943,-7.843895943528639
KGHM,2017-06,10,xgboost,,6a367d79f64f0156a192e769c2ad50c54012787a0043380bda69133233dd4be3,1,1,101468,-0.6380928158760071,-9.546099556806464,-8.084403727043634,-8.084403727043634
KGHM,2017-06,10,xgboost,,6a367d79f64f0156a192e769c2ad50c54012787a0043380bda69133233dd4be3,1,2,101471,-0.3444052040576935,-11.401287210815353,-10.520085091067411,-10.520085091067411
KGHM,2017-06,10,xgboost,,6a367d79f64f0156a192e769c2ad50c54012787a0043380bda69133233dd4be3,1,3,101477,-0.21422918140888214,-11.239277156220266,-10.71940282018926,-10.71940282018926
KGHM,2017-06,10,xgboost,,6a367d79f64f0156a192e769c2ad50c54012787a0043380bda69133233dd4be3,1,4,101457,-0.10682366788387299,-11.05997295589973,-10.739899508973298,-10.739899508973298
KGHM,2017-06,10,xgboost,,6a367d79f64f0156a192e769c2ad50c54012787a0043380bda69133233dd4be3,1,5,101508,-0.026577487587928772,-11.533072372517436,-11.444818298746263,-11.438554440166968
KGHM,2017-06,10,xgboost,,6a367d79f64f0156a192e769c2ad50c54012787a0043380bda69133233dd4be3,1,6,101421,0.0506870411336422,-11.057215563774486,-11.149031191876231,-11.057215563774486
KGHM,2017-06,10,xgboost,,6a367d79f64f0156a192e769c2ad50c54012787a0043380bda69133233dd4be3,1,7,101468,0.1379975974559784,-11.350003352947345,-11.692529257967246,-11.350003352947345
KGHM,2017-06,10,xgboost,,6a367d79f64f0156a192e769c2ad50c54012787a0043380bda69133233dd4be3,1,8,101466,0.23172353208065033,-11.619545060873175,-12.15164991714452,-11.619545060873175
KGHM,2017-06,10,xgboost,,6a367d79f64f0156a192e769c2ad50c54012787a0043380bda69133233dd4be3,1,9,101467,0.35524287819862366,-11.26924721466623,-12.072028639836972,-11.26924721466623
KGHM,2017-06,10,xgboost,,6a367d79f64f0156a192e769c2ad50c54012787a0043380bda69133233dd4be3,1,10,101467,0.6763789057731628,-8.129607146120822,-9.605408413159548,-8.129607146120822
KGHM,2017-06,10,xgboost,,6a367d79f64f0156a192e769c2ad50c54012787a0043380bda69133233dd4be3,5,1,101468,-0.6380928158760071,-9.498041891656644,-8.554607950167002,-8.554607950167002
KGHM,2017-06,10,xgboost,,6a367d79f64f0156a192e769c2ad50c54012787a0043380bda69133233dd4be3,5,2,101471,-0.3444052040576935,-11.332616097669204,-10.660838331941964,-10.660838331941964
KGHM,2017-06,10,xgboost,,6a367d79f64f0156a192e769c2ad50c54012787a0043380bda69133233dd4be3,5,3,101477,-0.21422918140888214,-11.147071092155963,-10.755792193964895,-10.755792193964895
KGHM,2017-06,10,xgboost,,6a367d79f64f0156a192e769c2ad50c54012787a0043380bda69133233dd4be3,5,4,101457,-0.10682366788387299,-10.963740271432806,-10.719390563395182,-10.719390563395182
KGHM,2017-06,10,xgboost,,6a367d79f64f0156a192e769c2ad50c54012787a0043380bda69133233dd4be3,5,5,101508,-0.026577487587928772,-11.402370172047082,-11.340457391085112,-11.32901460750423
KGHM,2017-06,10,xgboost,,6a367d79f64f0156a192e769c2ad50c54012787a0043380bda69133233dd4be3,5,6,101421,0.0506870411336422,-10.991985747045339,-11.06167308508806,-10.991985747045339
KGHM,2017-06,10,xgboost,,6a367d79f64f0156a192e769c2ad50c54012787a0043380bda69133233dd4be3,5,7,101468,0.1379975974559784,-11.258694230093631,-11.563627060505024,-11.258694230093631
KGHM,2017-06,10,xgboost,,6a367d79f64f0156a192e769c2ad50c54012787a0043380bda69133233dd4be3,5,8,101466,0.23172353208065033,-11.592907039787969,-12.017897175075989,-11.592907039787969
KGHM,2017-06,10,xgboost,,6a367d79f64f0156a192e769c2ad50c54012787a0043380bda69133233dd4be3,5,9,101467,0.35524287819862366,-11.36896410836898,-11.958738339183844,-11.36896410836898
KGHM,2017-06,10,xgboost,,6a367d79f64f0156a192e769c2ad50c54012787a0043380bda69133233dd4be3,5,10,101467,0.6763789057731628,-8.64676486570511,-9.545409249436949,-8.64676486570511
KGHM,2017-06,10,xgboost,7.0,c6279051db4b116c7689b57796dff7ae50dc350de02815b0964e72a972349cf9,0,1,101467,-0.020814044401049614,-14.883772102895708,-15.025732825663178,-15.025732825663178
KGHM,2017-06,10,xgboost,7.0,c6279051db4b116c7689b57796dff7ae50dc350de02815b0964e72a972349cf9,0,2,101469,-0.0071552651934325695,-12.192303044394956,-12.09633438881068,-12.09633438881068
KGHM,2017-06,10,xgboost,7.0,c6279051db4b116c7689b57796dff7ae50dc350de02815b0964e72a972349cf9,0,3,101466,-0.0028253491036593914,-10.91529711694528,-10.759541140231663,-10.759541140231663
KGHM,2017-06,10,xgboost,7.0,c6279051db4b116c7689b57796dff7ae50dc350de02815b0964e72a972349cf9,0,4,101477,0.00017182093870360404,-10.232343621272486,-10.088442880494368,-10.157986427940266
KGHM,2017-06,10,xgboost,7.0,c6279051db4b116c7689b57796dff7ae50dc350de02815b0964e72a972349cf9,0,5,101459,0.002641889965161681,-9.816520783309247,-9.73439484809093,-9.816520783309247
KGHM,2017-06,10,xgboost,7.0,c6279051db4b116c7689b57796dff7ae50dc350de02815b0964e72a972349cf9,0,6,101469,0.004930056631565094,-9.616280878597095,-9.572529120108065,-9.616280878597095
KGHM,2017-06,10,xgboost,7.0,c6279051db4b116c7689b57796dff7ae50dc350de02815b0964e72a972349cf9,0,7,101462,0.007249657064676285,-9.61251571922216,-9.622374152137798,-9.61251571922216
KGHM,2017-06,10,xgboost,7.0,c6279051db4b116c7689b57796dff7ae50dc350de02815b0964e72a972349cf9,0,8,101469,0.010023687966167927,-9.603912826426848,-9.640635142186769,-9.603912826426848
KGHM,2017-06,10,xgboost,7.0,c6279051db4b116c7689b57796dff7ae50dc350de02815b0964e72a972349cf9,0,9,101465,0.013988898135721684,-9.966110409205122,-10.065043815465616,-9.966110409205122
KGHM,2017-06,10,xgboost,7.0,c6279051db4b116c7689b57796dff7ae50dc350de02815b0964e72a972349cf9,0,10,101467,0.026479432359337807,-11.36698497840737,-11.574536803263129,-11.36698497840737
KGHM,2017-06,10,xgboost,7.0,c6279051db4b116c7689b57796dff7ae50dc350de02815b0964e72a972349cf9,1,1,101467,-0.020814044401049614,-14.775128065479441,-14.871762080682352,-14.871762080682352
KGHM,2017-06,10,xgboost,7.0,c6279051db4b116c7689b57796dff7ae50dc350de02815b0964e72a972349cf9,1,2,101469,-0.0071552651934325695,-12.161202128298745,-12.072591778182215,-12.072591778182215
KGHM,2017-06,10,xgboost,7.0,c6279051db4b116c7689b57796dff7ae50dc350de02815b0964e72a972349cf9,1,3,101466,-0.0028253491036593914,-10.907632599002232,-10.75942395733286,-10.75942395733286
KGHM,2017-06,10,xgboost,7.0,c6279051db4b116c7689b57796dff7ae50dc350de02815b0964e72a972349cf9,1,4,101477,0.00017182093870360404,-10.228912619478418,-10.098058961653708,-10.161288605921788
KGHM,2017-06,10,xgboost,7.0,c6279051db4b116c7689b57796dff7ae50dc350de02815b0964e72a972349cf9,1,5,101459,0.002641889965161681,-9.817449834844338,-9.74957456698327,-9.817449834844338
KGHM,2017-06,10,xgboost,7.0,c6279051db4b116c7689b57796dff7ae50dc350de02815b0964e72a972349cf9,1,6,101469,0.004930056631565094,-9.627031173950572,-9.599611600639259,-9.627031173950572
KGHM,2017-06,10,xgboost,7.0,c6279051db4b116c7689b57796dff7ae50dc350de02815b0964e72a972349cf9,1,7,101462,0.007249657064676285,-9.625172997883315,-9.64995499914003,-9.625172997883315
KGHM,2017-06,10,xgboost,7.0,c6279051db4b116c7689b57796dff7ae50dc350de02815b0964e72a972349cf9,1,8,101469,0.010023687966167927,-9.631668244759624,-9.683846907251375,-9.631668244759624
KGHM,2017-06,10,xgboost,7.0,c6279051db4b116c7689b57796dff7ae50dc350de02815b0964e72a972349cf9,1,9,101465,0.013988898135721684,-10.005356073648885,-10.100405145565984,-10.005356073648885
KGHM,2017-06,10,xgboost,7.0,c6279051db4b116c7689b57796dff7ae50dc350de02815b0964e72a972349cf9,1,10,101467,0.026479432359337807,-11.42590545942542,-11.594020922675236,-11.42590545942542
KGHM,2017-06,10,xgboost,7.0,c6279051db4b116c7689b57796dff7ae50dc350de02815b0964e72a972349cf9,5,1,101467,-0.020814044401049614,-14.579892224152227,-14.63148565174951,-14.63148565174951
KGHM,2017-06,10,xgboost,7.0,c6279051db4b116c7689b57796dff7ae50dc350de02815b0964e72a972349cf9,5,2,101469,-0.0071552651934325695,-12.061905897111584,-11.984044944529474,-11.984044944529474
KGHM,2017-06,10,xgboost,7.0,c6279051db4b116c7689b57796dff7ae50dc350de02815b0964e72a972349cf9,5,3,101466,-0.0028253491036593914,-10.885116021029601,-10.770840289218665,-10.770840289218665
KGHM,2017-06,10,xgboost,7.0,c6279051db4b116c7689b57796dff7ae50dc350de02815b0964e72a972349cf9,5,4,101477,0.00017182093870360404,-10.233825768373745,-10.147723843171901,-10.18156043082445
KGHM,2017-06,10,xgboost,7.0,c6279051db4b116c7689b57796dff7ae50dc350de02815b0964e72a972349cf9,5,5,101459,0.002641889965161681,-9.864333489009738,-9.800466668128061,-9.864333489009738
KGHM,2017-06,10,xgboost,7.0,c6279051db4b116c7689b57796dff7ae50dc350de02815b0964e72a972349cf9,5,6,101469,0.004930056631565094,-9.666100592425321,-9.664953603975464,-9.666100592425321
KGHM,2017-06,10,xgboost,7.0,c6279051db4b116c7689b57796dff7ae50dc350de02815b0964e72a972349cf9,5,7,101462,0.007249657064676285,-9.689534139471919,-9.72376637401905,-9.689534139471919
KGHM,2017-06,10,xgboost,7.0,c6279051db4b116c7689b57796dff7ae50dc350de02815b0964e72a972349cf9,5,8,101469,0.010023687966167927,-9.702577574135722,-9.754548955486118,-9.702577574135722
KGHM,2017-06,10,xgboost,7.0,c6279051db4b116c7689b57796dff7ae50dc350de02815b0964e72a972349cf9,5,9,101465,0.013988898135721684,-10.065490471897583,-10.130428742651251,-10.065490471897583
KGHM,2017-06,10,xgboost,7.0,c6279051db4b116c7689b57796dff7ae50dc350de02815b0964e72a972349cf9,5,10,101467,0.026479432359337807,-11.454491418579723,-11.570182116699565,-11.454491418579723
KGHM,2017-06,20,linear,,72b581a6456b8f1241618cbaec0b4ec58941001943c06d59df4907dfb8328c46,0,1,101449,-0.7592320966085156,-9.190705644803991,-6.782235488835472,-6.782235488835472
KGHM,2017-06,20,linear,,72b581a6456b8f1241618cbaec0b4ec58941001943c06d59df4907dfb8328c46,0,2,101444,-0.5071855221370334,-11.255764548598219,-9.900202560618457,-9.900202560618457
KGHM,2017-06,20,linear,,72b581a6456b8f1241618cbaec0b4ec58941001943c06d59df4907dfb8328c46,0,3,101445,-0.3391678055348478,-11.758593610406331,-10.881654874484793,-10.881654874484793
KGHM,2017-06,20,linear,,72b581a6456b8f1241618cbaec0b4ec58941001943c06d59df4907dfb8328c46,0,4,101446,-0.1824413646020345,-11.741899611063182,-11.216797613980043,-11.216797613980043
KGHM,2017-06,20,linear,,72b581a6456b8f1241618cbaec0b4ec58941001943c06d59df4907dfb8328c46,0,5,101663,-0.034167619424963956,-11.758167772435334,-11.609990191570914,-11.615845471812774
KGHM,2017-06,20,linear,,72b581a6456b8f1241618cbaec0b4ec58941001943c06d59df4907dfb8328c46,0,6,101230,0.10866892815325536,-11.725478886338973,-11.945929839064751,-11.725478886338973
KGHM,2017-06,20,linear,,72b581a6456b8f1241618cbaec0b4ec58941001943c06d59df4907dfb8328c46,0,7,101448,0.25202219239689055,-11.740896889408585,-12.243337775357974,-11.740896889408585
KGHM,2017-06,20,linear,,72b581a6456b8f1241618cbaec0b4ec58941001943c06d59df4907dfb8328c46,0,8,101443,0.39784980967406286,-11.522481566254827,-12.45039168525752,-11.522481566254827
KGHM,2017-06,20,linear,,72b581a6456b8f1241618cbaec0b4ec58941001943c06d59df4907dfb8328c46,0,9,101446,0.5500425785989745,-10.366126864734344,-11.712274051388738,-10.366126864734344
KGHM,2017-06,20,linear,,72b581a6456b8f1241618cbaec0b4ec58941001943c06d59df4907dfb8328c46,0,10,101446,0.790050173218876,-7.1597650808908595,-9.425851982548949,-7.1597650808908595
KGHM,2017-06,20,linear,,72b581a6456b8f1241618cbaec0b4ec58941001943c06d59df4907dfb8328c46,1,1,101449,-0.7592320966085156,-9.218325172555556,-7.104072878851293,-7.104072878851293
KGHM,2017-06,20,linear,,72b581a6456b8f1241618cbaec0b4ec58941001943c06d59df4907dfb8328c46,1,2,101444,-0.5071855221370334,-11.215160459282433,-9.966857735182787,-9.966857735182787
KGHM,2017-06,20,linear,,72b581a6456b8f1241618cbaec0b4ec58941001943c06d59df4907dfb8328c46,1,3,101445,-0.3391678055348478,-11.684891721216365,-10.854886263844111,-10.854886263844111
KGHM,2017-06,20,linear,,72b581a6456b8f1241618cbaec0b4ec58941001943c06d59df4907dfb8328c46,1,4,101446,-0.1824413646020345,-11.667574667439826,-11.166006498340348,-11.166006498340348
KGHM,2017-06,20,linear,,72b581a6456b8f1241618cbaec0b4ec58941001943c06d59df4907dfb8328c46,1,5,101663,-0.034167619424963956,-11.694555415168614,-11.533514337961646,-11.542490349480143
KGHM,2017-06,20,linear,,72b581a6456b8f1241618cbaec0b4ec58941001943c06d59df4907dfb8328c46,1,6,101230,0.10866892815325536,-11.667258688876219,-11.867092483999642,-11.667258688876219
KGHM,2017-06,20,linear,,72b581a6456b8f1241618cbaec0b4ec58941001943c06d59df4907dfb8328c46,1,7,101448,0.25202219239689055,-11.68961082081904,-12.168140823007064,-11.68961082081904
KGHM,2017-06,20,linear,,72b581a6456b8f1241618cbaec0b4ec58941001943c06d59df4907dfb8328c46,1,8,101443,0.39784980967406286,-11.48983665809724,-12.377307829590487,-11.48983665809724
KGHM,2017-06,20,linear,,72b581a6456b8f1241618cbaec0b4ec58941001943c06d59df4907dfb8328c46,1,9,101446,0.5500425785989745,-10.425945377839815,-11.674997807584031,-10.425945377839815
KGHM,2017-06,20,linear,,72b581a6456b8f1241618cbaec0b4ec58941001943c06d59df4907dfb8328c46,1,10,101446,0.790050173218876,-7.466188633469135,-9.455639928222986,-7.466188633469135
KGHM,2017-06,20,linear,,72b581a6456b8f1241618cbaec0b4ec58941001943c06d59df4907dfb8328c46,5,1,101449,-0.7592320966085156,-9.205085833025551,-7.642395052779604,-7.642395052779604
KGHM,2017-06,20,linear,,72b581a6456b8f1241618cbaec0b4ec58941001943c06d59df4907dfb8328c46,5,2,101444,-0.5071855221370334,-11.09282688515588,-10.153375910300895,-10.153375910300895
KGHM,2017-06,20,linear,,72b581a6456b8f1241618cbaec0b4ec58941001943c06d59df4907dfb8328c46,5,3,101445,-0.3391678055348478,-11.530680394983467,-10.879689491362074,-10.879689491362074
KGHM,2017-06,20,linear,,72b581a6456b8f1241618cbaec0b4ec58941001943c06d59df4907dfb8328c46,5,4,101446,-0.1824413646020345,-11.525473836903098,-11.164994219238523,-11.164994219238523
KGHM,2017-06,20,linear,,72b581a6456b8f1241618cbaec0b4ec58941001943c06d59df4907dfb8328c46,5,5,101663,-0.034167619424963956,-11.580673871728933,-11.471208697775635,-11.468677834253416
KGHM,2017-06,20,linear,,72b581a6456b8f1241618cbaec0b4ec58941001943c06d59df4907dfb8328c46,5,6,101230,0.10866892815325536,-11.59244800380682,-11.750546577722027,-11.59244800380682
KGHM,2017-06,20,linear,,72b581a6456b8f1241618cbaec0b4ec58941001943c06d59df4907dfb8328c46,5,7,101448,0.25202219239689055,-11.625208863833425,-12.013702522491457,-11.625208863833425
KGHM,2017-06,20,linear,,72b581a6456b8f1241618cbaec0b4ec58941001943c06d59df4907dfb8328c46,5,8,101443,0.39784980967406286,-11.525311681919616,-12.19695253530409,-11.525311681919616
KGHM,2017-06,20,linear,,72b581a6456b8f1241618cbaec0b4ec58941001943c06d59df4907dfb8328c46,5,9,101446,0.5500425785989745,-10.58489411586805,-11.516141649773528,-10.58489411586805
KGHM,2017-06,20,linear,,72b581a6456b8f1241618cbaec0b4ec58941001943c06d59df4907dfb8328c46,5,10,101446,0.790050173218876,-7.954699639565217,-9.378656575753649,-7.954699639565217
KGHM,2017-06,20,xgboost,,34c763d45a0fb4d2cff1b0ec70532664ff7630b8e5956f49fc15e87ec3179089,0,1,101462,-0.9256295561790466,-10.16475035600014,-7.7049912154808835,-7.7049912154808835
KGHM,2017-06,20,xgboost,,34c763d45a0fb4d2cff1b0ec70532664ff7630b8e5956f49fc15e87ec3179089,0,2,101444,-0.5434354543685913,-11.751535080112077,-10.301691547999514,-10.301691547999514
KGHM,2017-06,20,xgboost,,34c763d45a0fb4d2cff1b0ec70532664ff7630b8e5956f49fc15e87ec3179089,0,3,101432,-0.3408330976963043,-11.438809295680517,-10.580359244390138,-10.580359244390138
KGHM,2017-06,20,xgboost,,34c763d45a0fb4d2cff1b0ec70532664ff7630b8e5956f49fc15e87ec3179089,0,4,101449,-0.17451635003089905,-11.583146717077927,-11.080597301839397,-11.080597301839397
KGHM,2017-06,20,xgboost,,34c763d45a0fb4d2cff1b0ec70532664ff7630b8e5956f49fc15e87ec3179089,0,5,101445,-0.043104737997055054,-11.573389164596941,-11.409150070351867,-11.414230219498386
KGHM,2017-06,20,xgboost,,34c763d45a0fb4d2cff1b0ec70532664ff7630b8e5956f49fc15e87ec3179089,0,6,101444,0.09070772677659988,-11.451797096112271,-11.604259295775528,-11.451797096112271
KGHM,2017-06,20,xgboost,,34c763d45a0fb4d2cff1b0ec70532664ff7630b8e5956f49fc15e87ec3179089,0,7,101447,0.2302573323249817,-11.235321487503416,-11.837322039147232,-11.235321487503416
KGHM,2017-06,20,xgboost,,34c763d45a0fb4d2cff1b0ec70532664ff7630b8e5956f49fc15e87ec3179089,0,8,101445,0.3808163106441498,-11.34767658728243,-12.253595015005494,-11.34767658728243
KGHM,2017-06,20,xgboost,,34c763d45a0fb4d2cff1b0ec70532664ff7630b8e5956f49fc15e87ec3179089,0,9,101451,0.5670187473297119,-10.427606906440555,-11.705338182950026,-10.427606906440555
KGHM,2017-06,20,xgboost,,34c763d45a0fb4d2cff1b0ec70532664ff7630b8e5956f49fc15e87ec3179089,0,10,101441,0.9867159724235535,-7.245906703182542,-9.690899004062281,-7.245906703182542
KGHM,2017-06,20,xgboost,,34c763d45a0fb4d2cff1b0ec70532664ff7630b8e5956f49fc15e87ec3179089,1,1,101462,-0.9256295561790466,-10.148920837154565,-7.987507875471034,-7.987507875471034
KGHM,2017-06,20,xgboost,,34c763d45a0fb4d2cff1b0ec70532664ff7630b8e5956f49fc15e87ec3179089,1,2,101444,-0.5434354543685913,-11.69569988937836,-10.323505804074196,-10.323505804074196
KGHM,2017-06,20,xgboost,,34c763d45a0fb4d2cff1b0ec70532664ff7630b8e5956f49fc15e87ec3179089,1,3,101432,-0.3408330976963043,-11.381809024919528,-10.568757480023912,-10.568757480023912
KGHM,2017-06,20,xgboost,,34c763d45a0fb4d2cff1b0ec70532664ff7630b8e5956f49fc15e87ec3179089,1,4,101449,-0.17451635003089905,-11.530187203985395,-11.036320990980714,-11.036320990980714
KGHM,2017-06,20,xgboost,,34c763d45a0fb4d2cff1b0ec70532664ff7630b8e5956f49fc15e87ec3179089,1,5,101445,-0.043104737997055054,-11.521615099547214,-11.36646105125779,-11.3720453934357
KGHM,2017-06,20,xgboost,,34c763d45a0fb4d2cff1b0ec70532664ff7630b8e5956f49fc15e87ec3179089,1,6,101444,0.09070772677659988,-11.4080924101007,-11.55790272635851,-11.4080924101007
KGHM,2017-06,20,xgboost,,34c763d45a0fb4d2cff1b0ec70532664ff7630b8e5956f49fc15e87ec3179089,1,7,101447,0.2302573323249817,-11.209678058815587,-11.783718494245202,-11.209678058815587
KGHM,2017-06,20,xgboost,,34c763d45a0fb4d2cff1b0ec70532664ff7630b8e5956f49fc15e87ec3179089,1,8,101445,0.3808163106441498,-11.326623042611269,-12.200043522515902,-11.326623042611269
KGHM,2017-06,20,xgboost,,34c763d45a0fb4d2cff1b0ec70532664ff7630b8e5956f49fc15e87ec3179089,1,9,101451,0.5670187473297119,-10.45482987853237,-11.655910689347998,-10.45482987853237
KGHM,2017-06,20,xgboost,,34c763d45a0fb4d2cff1b0ec70532664ff7630b8e5956f49fc15e87ec3179089,1,10,101441,0.9867159724235535,-7.541948297027937,-9.687894760355668,-7.541948297027937
KGHM,2017-06,20,xgboost,,34c763d45a0fb4d2cff1b0ec70532664ff7630b8e5956f49fc15e87ec3179089,5,1,101462,-0.9256295561790466,-10.034105751227541,-8.484572978840824,-8.484572978840824
KGHM,2017-06,20,xgboost,,34c763d45a0fb4d2cff1b0ec70532664ff7630b8e5956f49fc15e87ec3179089,5,2,101444,-0.5434354543685913,-11.559428765689262,-10.492520036923016,-10.492520036923016
KGHM,2017-06,20,xgboost,,34c763d45a0fb4d2cff1b0ec70532664ff7630b8e5956f49fc15e87ec3179089,5,3,101432,-0.3408330976963043,-11.256341776752404,-10.633271846461016,-10.633271846461016
KGHM,2017-06,20,xgboost,,34c763d45a0fb4d2cff1b0ec70532664ff7630b8e5956f49fc15e87ec3179089,5,4,101449,-0.17451635003089905,-11.413031774422668,-11.019396670427351,-11.019396670427351
KGHM,2017-06,20,xgboost,,34c763d45a0fb4d2cff1b0ec70532664ff7630b8e5956f49fc15e87ec3179089,5,5,101445,-0.043104737997055054,-11.396637812240263,-11.297838947552586,-11.301587506569426
KGHM,2017-06,20,xgboost,,34c763d45a0fb4d2cff1b0ec70532664ff7630b8e5956f49fc15e87ec3179089,5,6,101444,0.09070772677659988,-11.329490544567474,-11.45118298845875,-11.329490544567474
KGHM,2017-06,20,xgboost,,34c763d45a0fb4d2cff1b0ec70532664ff7630b8e5956f49fc15e87ec3179089,5,7,101447,0.2302573323249817,-11.166007873887567,-11.637647352892952,-11.166007873887567
KGHM,2017-06,20,xgboost,,34c763d45a0fb4d2cff1b0ec70532664ff7630b8e5956f49fc15e87ec3179089,5,8,101445,0.3808163106441498,-11.332822340357815,-12.048043918362481,-11.332822340357815
KGHM,2017-06,20,xgboost,,34c763d45a0fb4d2cff1b0ec70532664ff7630b8e5956f49fc15e87ec3179089,5,9,101451,0.5670187473297119,-10.606791751455901,-11.51803546506523,-10.606791751455901
KGHM,2017-06,20,xgboost,,34c763d45a0fb4d2cff1b0ec70532664ff7630b8e5956f49fc15e87ec3179089,5,10,101441,0.9867159724235535,-8.122638184801781,-9.584722207587156,-8.122638184801781
KGHM,2017-06,20,xgboost,7.0,260ca69c07d7e00554e7d58abbabd24c898a512a2e3130b202ee048374e327a0,0,1,101450,-0.024568524211645126,-14.0814505933853,-14.143521735752222,-14.143521735752222
KGHM,2017-06,20,xgboost,7.0,260ca69c07d7e00554e7d58abbabd24c898a512a2e3130b202ee048374e327a0,0,2,101445,-0.007532244082540274,-12.119561329997474,-12.062738468778909,-12.062738468778909
KGHM,2017-06,20,xgboost,7.0,260ca69c07d7e00554e7d58abbabd24c898a512a2e3130b202ee048374e327a0,0,3,101443,-0.002104134066030383,-11.298416060092547,-11.209524258796463,-11.219735087649576
KGHM,2017-06,20,xgboost,7.0,260ca69c07d7e00554e7d58abbabd24c898a512a2e3130b202ee048374e327a0,0,4,101449,0.0020118155516684055,-10.691565617502043,-10.664113469486596,-10.691565617502043
KGHM,2017-06,20,xgboost,7.0,260ca69c07d7e00554e7d58abbabd24c898a512a2e3130b202ee048374e327a0,0,5,101443,0.005600690376013517,-10.100265218655275,-10.030049543679505,-10.100265218655275
KGHM,2017-06,20,xgboost,7.0,260ca69c07d7e00554e7d58abbabd24c898a512a2e3130b202ee048374e327a0,0,6,101446,0.009098046459257603,-9.877819852614257,-9.79637918423191,-9.877819852614257
KGHM,2017-06,20,xgboost,7.0,260ca69c07d7e00554e7d58abbabd24c898a512a2e3130b202ee048374e327a0,0,7,101455,0.012759136967360973,-9.55354030091419,-9.492717317342496,-9.55354030091419
KGHM,2017-06,20,xgboost,7.0,260ca69c07d7e00554e7d58abbabd24c898a512a2e3130b202ee048374e327a0,0,8,101438,0.01701534539461136,-9.474565735050655,-9.49669041071504,-9.474565735050655
KGHM,2017-06,20,xgboost,7.0,260ca69c07d7e00554e7d58abbabd24c898a512a2e3130b202ee048374e327a0,0,9,101445,0.022576790302991867,-9.586189153228531,-9.66667606241493,-9.586189153228531
KGHM,2017-06,20,xgboost,7.0,260ca69c07d7e00554e7d58abbabd24c898a512a2e3130b202ee048374e327a0,0,10,101446,0.03725268691778183,-11.43639178657899,-11.605302079481605,-11.43639178657899
KGHM,2017-06,20,xgboost,7.0,260ca69c07d7e00554e7d58abbabd24c898a512a2e3130b202ee048374e327a0,1,1,101450,-0.024568524211645126,-14.04079708354633,-14.071703334622468,-14.071703334622468
KGHM,2017-06,20,xgboost,7.0,260ca69c07d7e00554e7d58abbabd24c898a512a2e3130b202ee048374e327a0,1,2,101445,-0.007532244082540274,-12.099319865979698,-12.027319624716968,-12.027319624716968
KGHM,2017-06,20,xgboost,7.0,260ca69c07d7e00554e7d58abbabd24c898a512a2e3130b202ee048374e327a0,1,3,101443,-0.002104134066030383,-11.273777191875164,-11.199415752715709,-11.207986944017291
KGHM,2017-06,20,xgboost,7.0,260ca69c07d7e00554e7d58abbabd24c898a512a2e3130b202ee048374e327a0,1,4,101449,0.0020118155516684055,-10.688630282965532,-10.666093533219899,-10.688630282965532
KGHM,2017-06,20,xgboost,7.0,260ca69c07d7e00554e7d58abbabd24c898a512a2e3130b202ee048374e327a0,1,5,101443,0.005600690376013517,-10.107409069950814,-10.050279414163182,-10.107409069950814
KGHM,2017-06,20,xgboost,7.0,260ca69c07d7e00554e7d58abbabd24c898a512a2e3130b202ee048374e327a0,1,6,101446,0.009098046459257603,-9.897186292254482,-9.820519810969222,-9.897186292254482
KGHM,2017-06,20,xgboost,7.0,260ca69c07d7e00554e7d58abbabd24c898a512a2e3130b202ee048374e327a0,1,7,101455,0.012759136967360973,-9.568562485053729,-9.527238691041953,-9.568562485053729
KGHM,2017-06,20,xgboost,7.0,260ca69c07d7e00554e7d58abbabd24c898a512a2e3130b202ee048374e327a0,1,8,101438,0.01701534539461136,-9.500451443875345,-9.538158070851017,-9.500451443875345
KGHM,2017-06,20,xgboost,7.0,260ca69c07d7e00554e7d58abbabd24c898a512a2e3130b202ee048374e327a0,1,9,101445,0.022576790302991867,-9.61431511894761,-9.70193080910935,-9.61431511894761
KGHM,2017-06,20,xgboost,7.0,260ca69c07d7e00554e7d58abbabd24c898a512a2e3130b202ee048374e327a0,1,10,101446,0.03725268691778183,-11.428776102108536,-11.564920711471943,-11.428776102108536
KGHM,2017-06,20,xgboost,7.0,260ca69c07d7e00554e7d58abbabd24c898a512a2e3130b202ee048374e327a0,5,1,101450,-0.024568524211645126,-13.9266562720366,-13.883375392839055,-13.883375392839055
KGHM,2017-06,20,xgboost,7.0,260ca69c07d7e00554e7d58abbabd24c898a512a2e3130b202ee048374e327a0,5,2,101445,-0.007532244082540274,-11.988517648946381,-11.910219827759017,-11.910219827759017
KGHM,2017-06,20,xgboost,7.0,260ca69c07d7e00554e7d58abbabd24c898a512a2e3130b202ee048374e327a0,5,3,101443,-0.002104134066030383,-11.226040298109073,-11.139546113441916,-11.146193481642367
KGHM,2017-06,20,xgboost,7.0,260ca69c07d7e00554e7d58abbabd24c898a512a2e3130b202ee048374e327a0,5,4,101449,0.0020118155516684055,-10.669844972286537,-10.655755888061087,-10.669844972286537
KGHM,2017-06,20,xgboost,7.0,260ca69c07d7e00554e7d58abbabd24c898a512a2e3130b202ee048374e327a0,5,5,101443,0.005600690376013517,-10.13792536980453,-10.092734197840796,-10.13792536980453
KGHM,2017-06,20,xgboost,7.0,260ca69c07d7e00554e7d58abbabd24c898a512a2e3130b202ee048374e327a0,5,6,101446,0.009098046459257603,-9.955498046547834,-9.871290380794841,-9.955498046547834
KGHM,2017-06,20,xgboost,7.0,260ca69c07d7e00554e7d58abbabd24c898a512a2e3130b202ee048374e327a0,5,7,101455,0.012759136967360973,-9.653035712896745,-9.641214092389784,-9.653035712896745
KGHM,2017-06,20,xgboost,7.0,260ca69c07d7e00554e7d58abbabd24c898a512a2e3130b202ee048374e327a0,5,8,101438,0.01701534539461136,-9.578152959168786,-9.631805639723947,-9.578152959168786
KGHM,2017-06,20,xgboost,7.0,260ca69c07d7e00554e7d58abbabd24c898a512a2e3130b202ee048374e327a0,5,9,101445,0.022576790302991867,-9.673315642329545,-9.78897005964034,-9.673315642329545
KGHM,2017-06,20,xgboost,7.0,260ca69c07d7e00554e7d58abbabd24c898a512a2e3130b202ee048374e327a0,5,10,101446,0.03725268691778183,-11.408113104885874,-11.551948161290852,-11.408113104885874
KGHM,2017-06,50,linear,,1192947f77115b11bec8b45e313e69da009686c301cab22a218ca26ac62c61ef,0,1,101383,-1.1834111163556935,-10.819425140177705,-7.293282855500733,-7.293282855500733
KGHM,2017-06,50,linear,,1192947f77115b11bec8b45e313e69da009686c301cab22a218ca26ac62c61ef,0,2,101383,-0.830447351491434,-11.988570613310088,-9.986402331161509,-9.986402331161509
KGHM,2017-06,50,linear,,1192947f77115b11bec8b45e313e69da009686c301cab22a218ca26ac62c61ef,0,3,101383,-0.564358827239485,-11.773966434687512,-10.444869922136078,-10.444869922136078
KGHM,2017-06,50,linear,,1192947f77115b11bec8b45e313e69da009686c301cab22a218ca26ac62c61ef,0,4,101383,-0.305819488301014,-11.587643006491993,-10.89793166663527,-10.89793166663527
KGHM,2017-06,50,linear,,1192947f77115b11bec8b45e313e69da009686c301cab22a218ca26ac62c61ef,0,5,101383,-0.06191003675381302,-11.351406221138427,-11.170976496432424,-11.134517127952453
KGHM,2017-06,50,linear,,1192947f77115b11bec8b45e313e69da009686c301cab22a218ca26ac62c61ef,0,6,101386,0.17710709788866152,-11.139136177229455,-11.38636219234761,-11.139136177229455
KGHM,2017-06,50,linear,,1192947f77115b11bec8b45e313e69da009686c301cab22a218ca26ac62c61ef,0,7,101380,0.4182214273576714,-11.230681749767916,-11.952365389746888,-11.230681749767916
KGHM,2017-06,50,linear,,1192947f77115b11bec8b45e313e69da009686c301cab22a218ca26ac62c61ef,0,8,101383,0.6590749201254599,-10.995653454007025,-12.45653348973787,-10.995653454007025
KGHM,2017-06,50,linear,,1192947f77115b11bec8b45e313e69da009686c301cab22a218ca26ac62c61ef,0,9,101383,0.9042085027132482,-10.141757242962631,-12.12570796662578,-10.141757242962631
KGHM,2017-06,50,linear,,1192947f77115b11bec8b45e313e69da009686c301cab22a218ca26ac62c61ef,0,10,101383,1.2663218753374585,-7.225674753094877,-10.415963977019086,-7.225674753094877
KGHM,2017-06,50,linear,,1192947f77115b11bec8b45e313e69da009686c301cab22a218ca26ac62c61ef,1,1,101383,-1.1834111163556935,-10.798987886516862,-7.582222417730686,-7.582222417730686
KGHM,2017-06,50,linear,,1192947f77115b11bec8b45e313e69da009686c301cab22a218ca26ac62c61ef,1,2,101383,-0.830447351491434,-11.923084336361022,-10.063974738381587,-10.063974738381587
KGHM,2017-06,50,linear,,1192947f77115b11bec8b45e313e69da009686c301cab22a218ca26ac62c61ef,1,3,101383,-0.564358827239485,-11.700117906081784,-10.434196239094371,-10.434196239094371
KGHM,2017-06,50,linear,,1192947f77115b11bec8b45e313e69da009686c301cab22a218ca26ac62c61ef,1,4,101383,-0.305819488301014,-11.519545888560144,-10.852238203796718,-10.852238203796718
KGHM,2017-06,50,linear,,1192947f77115b11bec8b45e313e69da009686c301cab22a218ca26ac62c61ef,1,5,101383,-0.06191003675381302,-11.29887132233284,-11.114087561162844,-11.080503913280406
KGHM,2017-06,50,linear,,1192947f77115b11bec8b45e313e69da009686c301cab22a218ca26ac62c61ef,1,6,101386,0.17710709788866152,-11.104357345883129,-11.326174836213935,-11.104357345883129
KGHM,2017-06,50,linear,,1192947f77115b11bec8b45e313e69da009686c301cab22a218ca26ac62c61ef,1,7,101380,0.4182214273576714,-11.189638276654534,-11.88363988527627,-11.189638276654534
KGHM,2017-06,50,linear,,1192947f77115b11bec8b45e313e69da009686c301cab22a218ca26ac62c61ef,1,8,101383,0.6590749201254599,-10.985980709120792,-12.389955968472107,-10.985980709120792
KGHM,2017-06,50,linear,,1192947f77115b11bec8b45e313e69da009686c301cab22a218ca26ac62c61ef,1,9,101383,0.9042085027132482,-10.20477649774674,-12.07233790482729,-10.20477649774674
KGHM,2017-06,50,linear,,1192947f77115b11bec8b45e313e69da009686c301cab22a218ca26ac62c61ef,1,10,101383,1.2663218753374585,-7.5279249659661005,-10.411569163379882,-7.5279249659661005
KGHM,2017-06,50,linear,,1192947f77115b11bec8b45e313e69da009686c301cab22a218ca26ac62c61ef,5,1,101383,-1.1834111163556935,-10.640101273376882,-8.069929011894612,-8.069929011894612
KGHM,2017-06,50,linear,,1192947f77115b11bec8b45e313e69da009686c301cab22a218ca26ac62c61ef,5,2,101383,-0.830447351491434,-11.729270551693887,-10.27630842360896,-10.27630842360896
KGHM,2017-06,50,linear,,1192947f77115b11bec8b45e313e69da009686c301cab22a218ca26ac62c61ef,5,3,101383,-0.564358827239485,-11.54760215607887,-10.503395584824673,-10.503395584824673
KGHM,2017-06,50,linear,,1192947f77115b11bec8b45e313e69da009686c301cab22a218ca26ac62c61ef,5,4,101383,-0.305819488301014,-11.394052044227628,-10.870038824852362,-10.870038824852362
KGHM,2017-06,50,linear,,1192947f77115b11bec8b45e313e69da009686c301cab22a218ca26ac62c61ef,5,5,101383,-0.06191003675381302,-11.208089928268604,-11.08591359485546,-11.041241749998784
KGHM,2017-06,50,linear,,1192947f77115b11bec8b45e313e69da009686c301cab22a218ca26ac62c61ef,5,6,101386,0.17710709788866152,-11.06302978674731,-11.255801130703365,-11.06302978674731
KGHM,2017-06,50,linear,,1192947f77115b11bec8b45e313e69da009686c301cab22a218ca26ac62c61ef,5,7,101380,0.4182214273576714,-11.165431176550406,-11.749230850289024,-11.165431176550406
KGHM,2017-06,50,linear,,1192947f77115b11bec8b45e313e69da009686c301cab22a218ca26ac62c61ef,5,8,101383,0.6590749201254599,-11.053033502119316,-12.21975387200517,-11.053033502119316
KGHM,2017-06,50,linear,,1192947f77115b11bec8b45e313e69da009686c301cab22a218ca26ac62c61ef,5,9,101383,0.9042085027132482,-10.411942036797626,-11.883396252397242,-10.411942036797626
KGHM,2017-06,50,linear,,1192947f77115b11bec8b45e313e69da009686c301cab22a218ca26ac62c61ef,5,10,101383,1.2663218753374585,-8.038344987059237,-10.21720054785909,-8.038344987059237
KGHM,2017-06,50,xgboost,,459d8ee07a984d8b08dd16ca103dc0e386a56724a4bff76f660ae754b243c7e6,0,1,101389,-1.4079562425613403,-11.755917091960232,-8.240139196061047,-8.240139196061047
KGHM,2017-06,50,xgboost,,459d8ee07a984d8b08dd16ca103dc0e386a56724a4bff76f660ae754b243c7e6,0,2,101392,-0.8830214142799377,-12.373513569582862,-10.213278518795692,-10.213278518795692
KGHM,2017-06,50,xgboost,,459d8ee07a984d8b08dd16ca103dc0e386a56724a4bff76f660ae754b243c7e6,0,3,101373,-0.5583959817886353,-11.676014076707249,-10.34130078360267,-10.34130078360267
KGHM,2017-06,50,xgboost,,459d8ee07a984d8b08dd16ca103dc0e386a56724a4bff76f660ae754b243c7e6,0,4,101380,-0.28201422095298767,-11.759694686879545,-11.019259376452732,-11.019259376452732
KGHM,2017-06,50,xgboost,,459d8ee07a984d8b08dd16ca103dc0e386a56724a4bff76f660ae754b243c7e6,0,5,101382,-0.04827676713466644,-11.228190767688828,-11.036253092179871,-11.010700223087321
KGHM,2017-06,50,xgboost,,459d8ee07a984d8b08dd16ca103dc0e386a56724a4bff76f660ae754b243c7e6,0,6,101403,0.16991151869297028,-11.001982007459667,-11.299677540858074,-11.001982007459667
KGHM,2017-06,50,xgboost,,459d8ee07a984d8b08dd16ca103dc0e386a56724a4bff76f660ae754b243c7e6,0,7,101375,0.39417925477027893,-10.916796382943893,-11.823765114646196,-10.916796382943893
KGHM,2017-06,50,xgboost,,459d8ee07a984d8b08dd16ca103dc0e386a56724a4bff76f660ae754b243c7e6,0,8,101384,0.6467103958129883,-10.679481897918816,-12.018025401693828,-10.679481897918816
KGHM,2017-06,50,xgboost,,459d8ee07a984d8b08dd16ca103dc0e386a56724a4bff76f660ae754b243c7e6,0,9,101383,0.9511043429374695,-9.68152572231756,-11.682454539378018,-9.68152572231756
KGHM,2017-06,50,xgboost,,459d8ee07a984d8b08dd16ca103dc0e386a56724a4bff76f660ae754b243c7e6,0,10,101369,1.5636271238327026,-7.180189350721302,-10.456315868625248,-7.180189350721302
KGHM,2017-06,50,xgboost,,459d8ee07a984d8b08dd16ca103dc0e386a56724a4bff76f660ae754b243c7e6,1,1,101389,-1.4079562425613403,-11.700903545241006,-8.484619304938974,-8.484619304938974
KGHM,2017-06,50,xgboost,,459d8ee07a984d8b08dd16ca103dc0e386a56724a4bff76f660ae754b243c7e6,1,2,101392,-0.8830214142799377,-12.301135706715856,-10.242799085580641,-10.242799085580641
KGHM,2017-06,50,xgboost,,459d8ee07a984d8b08dd16ca103dc0e386a56724a4bff76f660ae754b243c7e6,1,3,101373,-0.5583959817886353,-11.622715857351348,-10.336812486940456,-10.336812486940456
KGHM,2017-06,50,xgboost,,459d8ee07a984d8b08dd16ca103dc0e386a56724a4bff76f660ae754b243c7e6,1,4,101380,-0.28201422095298767,-11.706323483107036,-10.989230496729872,-10.989230496729872
KGHM,2017-06,50,xgboost,,459d8ee07a984d8b08dd16ca103dc0e386a56724a4bff76f660ae754b243c7e6,1,5,101382,-0.04827676713466644,-11.183742657695719,-10.996919496640036,-10.973166254240525
KGHM,2017-06,50,xgboost,,459d8ee07a984d8b08dd16ca103dc0e386a56724a4bff76f660ae754b243c7e6,1,6,101403,0.16991151869297028,-10.972415336333215,-11.261934174573229,-10.972415336333215
KGHM,2017-06,50,xgboost,,459d8ee07a984d8b08dd16ca103dc0e386a56724a4bff76f660ae754b243c7e6,1,7,101375,0.39417925477027893,-10.895733732591506,-11.774414253037898,-10.895733732591506
KGHM,2017-06,50,xgboost,,459d8ee07a984d8b08dd16ca103dc0e386a56724a4bff76f660ae754b243c7e6,1,8,101384,0.6467103958129883,-10.656666871850305,-11.95676213011763,-10.656666871850305
KGHM,2017-06,50,xgboost,,459d8ee07a984d8b08dd16ca103dc0e386a56724a4bff76f660ae754b243c7e6,1,9,101383,0.9511043429374695,-9.733784310863772,-11.647700163925835,-9.733784310863772
KGHM,2017-06,50,xgboost,,459d8ee07a984d8b08dd16ca103dc0e386a56724a4bff76f660ae754b243c7e6,1,10,101369,1.5636271238327026,-7.479302686571151,-10.439261715635705,-7.479302686571151
KGHM,2017-06,50,xgboost,,459d8ee07a984d8b08dd16ca103dc0e386a56724a4bff76f660ae754b243c7e6,5,1,101389,-1.4079562425613403,-11.467909696922586,-8.905099943672207,-8.905099943672207
KGHM,2017-06,50,xgboost,,459d8ee07a984d8b08dd16ca103dc0e386a56724a4bff76f660ae754b243c7e6,5,2,101392,-0.8830214142799377,-12.087425206229412,-10.440534680056304,-10.440534680056304
KGHM,2017-06,50,xgboost,,459d8ee07a984d8b08dd16ca103dc0e386a56724a4bff76f660ae754b243c7e6,5,3,101373,-0.5583959817886353,-11.478315369602523,-10.44024547916608,-10.44024547916608
KGHM,2017-06,50,xgboost,,459d8ee07a984d8b08dd16ca103dc0e386a56724a4bff76f660ae754b243c7e6,5,4,101380,-0.28201422095298767,-11.591266735970725,-10.99261446674947,-10.99261446674947
KGHM,2017-06,50,xgboost,,459d8ee07a984d8b08dd16ca103dc0e386a56724a4bff76f660ae754b243c7e6,5,5,101382,-0.04827676713466644,-11.08924334983219,-10.960992634295938,-10.927312464231271
KGHM,2017-06,50,xgboost,,459d8ee07a984d8b08dd16ca103dc0e386a56724a4bff76f660ae754b243c7e6,5,6,101403,0.16991151869297028,-10.925235007371931,-11.21144523097741,-10.925235007371931
KGHM,2017-06,50,xgboost,,459d8ee07a984d8b08dd16ca103dc0e386a56724a4bff76f660ae754b243c7e6,5,7,101375,0.39417925477027893,-10.89625134591997,-11.643361434962362,-10.89625134591997
KGHM,2017-06,50,xgboost,,459d8ee07a984d8b08dd16ca103dc0e386a56724a4bff76f660ae754b243c7e6,5,8,101384,0.6467103958129883,-10.713428421263314,-11.818093204979078,-10.713428421263314
KGHM,2017-06,50,xgboost,,459d8ee07a984d8b08dd16ca103dc0e386a56724a4bff76f660ae754b243c7e6,5,9,101383,0.9511043429374695,-9.943130919851342,-11.490414069123412,-9.943130919851342
KGHM,2017-06,50,xgboost,,459d8ee07a984d8b08dd16ca103dc0e386a56724a4bff76f660ae754b243c7e6,5,10,101369,1.5636271238327026,-8.058232850063941,-10.228164579952471,-8.058232850063941
KGHM,2017-06,50,xgboost,7.0,2591e7bf406b45d4425f226a1e910fca83da9de49ed775e5877237c827abd193,0,1,101385,-0.04552364721894264,-14.043588459232627,-13.78653736007118,-13.78653736007118
KGHM,2017-06,50,xgboost,7.0,2591e7bf406b45d4425f226a1e910fca83da9de49ed775e5877237c827abd193,0,2,101381,-0.014989993534982204,-11.936356068222041,-11.651751027422856,-11.651751027422856
KGHM,2017-06,50,xgboost,7.0,2591e7bf406b45d4425f226a1e910fca83da9de49ed775e5877237c827abd193,0,3,101385,-0.004358058329671621,-11.744926519819218,-11.464303968889736,-11.467213776818651
KGHM,2017-06,50,xgboost,7.0,2591e7bf406b45d4425f226a1e910fca83da9de49ed775e5877237c827abd193,0,4,101382,0.004447455983608961,-11.40884923015925,-11.287753853843792,-11.40884923015925
KGHM,2017-06,50,xgboost,7.0,2591e7bf406b45d4425f226a1e910fca83da9de49ed775e5877237c827abd193,0,5,101382,0.013325278647243977,-11.1974972837533,-11.094474813734879,-11.1974972837533
KGHM,2017-06,50,xgboost,7.0,2591e7bf406b45d4425f226a1e910fca83da9de49ed775e5877237c827abd193,0,6,101394,0.022732658311724663,-10.606345095120437,-10.653479093603753,-10.606345095120437
KGHM,2017-06,50,xgboost,7.0,2591e7bf406b45d4425f226a1e910fca83da9de49ed775e5877237c827abd193,0,7,101374,0.03296428918838501,-10.003893318030096,-10.01590858408428,-10.003893318030096
KGHM,2017-06,50,xgboost,7.0,2591e7bf406b45d4425f226a1e910fca83da9de49ed775e5877237c827abd193,0,8,101389,0.04359951987862587,-9.370905458944415,-9.41982817708252,-9.370905458944415
KGHM,2017-06,50,xgboost,7.0,2591e7bf406b45d4425f226a1e910fca83da9de49ed775e5877237c827abd193,0,9,101375,0.055694371461868286,-8.944318908415463,-9.088913774790925,-8.944318908415463
KGHM,2017-06,50,xgboost,7.0,2591e7bf406b45d4425f226a1e910fca83da9de49ed775e5877237c827abd193,0,10,101383,0.07956865429878235,-8.997069943850077,-9.667274335740116,-8.997069943850077
KGHM,2017-06,50,xgboost,7.0,2591e7bf406b45d4425f226a1e910fca83da9de49ed775e5877237c827abd193,1,1,101385,-0.04552364721894264,-14.00127323772462,-13.703384615533386,-13.703384615533386
KGHM,2017-06,50,xgboost,7.0,2591e7bf406b45d4425f226a1e910fca83da9de49ed775e5877237c827abd193,1,2,101381,-0.014989993534982204,-11.915237525048662,-11.6252238468285,-11.6252238468285
KGHM,2017-06,50,xgboost,7.0,2591e7bf406b45d4425f226a1e910fca83da9de49ed775e5877237c827abd193,1,3,101385,-0.004358058329671621,-11.714885846274345,-11.438867297652326,-11.441334265578838
KGHM,2017-06,50,xgboost,7.0,2591e7bf406b45d4425f226a1e910fca83da9de49ed775e5877237c827abd193,1,4,101382,0.004447455983608961,-11.377702675185361,-11.258742798164546,-11.377702675185361
KGHM,2017-06,50,xgboost,7.0,2591e7bf406b45d4425f226a1e910fca83da9de49ed775e5877237c827abd193,1,5,101382,0.013325278647243977,-11.168758238548623,-11.075857582491802,-11.168758238548623
KGHM,2017-06,50,xgboost,7.0,2591e7bf406b45d4425f226a1e910fca83da9de49ed775e5877237c827abd193,1,6,101394,0.022732658311724663,-10.601994454049114,-10.646142807755819,-10.601994454049114
KGHM,2017-06,50,xgboost,7.0,2591e7bf406b45d4425f226a1e910fca83da9de49ed775e5877237c827abd193,1,7,101374,0.03296428918838501,-10.020926214231244,-10.032366681917365,-10.020926214231244
KGHM,2017-06,50,xgboost,7.0,2591e7bf406b45d4425f226a1e910fca83da9de49ed775e5877237c827abd193,1,8,101389,0.04359951987862587,-9.400478453093525,-9.467457541295543,-9.400478453093525
KGHM,2017-06,50,xgboost,7.0,2591e7bf406b45d4425f226a1e910fca83da9de49ed775e5877237c827abd193,1,9,101375,0.055694371461868286,-8.994473490812755,-9.157347554281124,-8.994473490812755
KGHM,2017-06,50,xgboost,7.0,2591e7bf406b45d4425f226a1e910fca83da9de49ed775e5877237c827abd193,1,10,101383,0.07956865429878235,-9.057395289940795,-9.724841134304347,-9.057395289940795
KGHM,2017-06,50,xgboost,7.0,2591e7bf406b45d4425f226a1e910fca83da9de49ed775e5877237c827abd193,5,1,101385,-0.04552364721894264,-13.838978364511194,-13.527811458257187,-13.527811458257187
KGHM,2017-06,50,xgboost,7.0,2591e7bf406b45d4425f226a1e910fca83da9de49ed775e5877237c827abd193,5,2,101381,-0.014989993534982204,-11.854151406346235,-11.562792584766385,-11.562792584766385
KGHM,2017-06,50,xgboost,7.0,2591e7bf406b45d4425f226a1e910fca83da9de49ed775e5877237c827abd193,5,3,101385,-0.004358058329671621,-11.642317121134026,-11.36836169556049,-11.368608363642476
KGHM,2017-06,50,xgboost,7.0,2591e7bf406b45d4425f226a1e910fca83da9de49ed775e5877237c827abd193,5,4,101382,0.004447455983608961,-11.317703241249838,-11.212066984861249,-11.317703241249838
KGHM,2017-06,50,xgboost,7.0,2591e7bf406b45d4425f226a1e910fca83da9de49ed775e5877237c827abd193,5,5,101382,0.013325278647243977,-11.12479244587971,-11.021556025659677,-11.12479244587971
KGHM,2017-06,50,xgboost,7.0,2591e7bf406b45d4425f226a1e910fca83da9de49ed775e5877237c827abd193,5,6,101394,0.022732658311724663,-10.590213412419304,-10.639208960508428,-10.590213412419304
KGHM,2017-06,50,xgboost,7.0,2591e7bf406b45d4425f226a1e910fca83da9de49ed775e5877237c827abd193,5,7,101374,0.03296428918838501,-10.05534920431544,-10.071698869012607,-10.05534920431544
KGHM,2017-06,50,xgboost,7.0,2591e7bf406b45d4425f226a1e910fca83da9de49ed775e5877237c827abd193,5,8,101389,0.04359951987862587,-9.461834796209926,-9.584933833665978,-9.461834796209926
KGHM,2017-06,50,xgboost,7.0,2591e7bf406b45d4425f226a1e910fca83da9de49ed775e5877237c827abd193,5,9,101375,0.055694371461868286,-9.12831226015305,-9.322580621670069,-9.12831226015305
KGHM,2017-06,50,xgboost,7.0,2591e7bf406b45d4425f226a1e910fca83da9de49ed775e5877237c827abd193,5,10,101383,0.07956865429878235,-9.237098640371748,-9.819806852744343,-9.237098640371748
KGHM,2017-09,10,linear,,2093d352f97a84a8dc49fbfb97038ae5f43c553a62fe5675e32fbf0679c10cf4,0,1,91665,-0.5592519696222755,-7.112252614088552,-5.703301799780533,-5.703301799780533
KGHM,2017-09,10,linear,,2093d352f97a84a8dc49fbfb97038ae5f43c553a62fe5675e32fbf0679c10cf4,0,2,91664,-0.3743527547077534,-8.743779703715779,-7.98363891822228,-7.98363891822228
KGHM,2017-09,10,linear,,2093d352f97a84a8dc49fbfb97038ae5f43c553a62fe5675e32fbf0679c10cf4,0,3,91668,-0.24304306019346933,-9.534264139421198,-9.064662905161187,-9.064662905161187
KGHM,2017-09,10,linear,,2093d352f97a84a8dc49fbfb97038ae5f43c553a62fe5675e32fbf0679c10cf4,0,4,91661,-0.1273191519504268,-9.811902399227147,-9.539084832249952,-9.539084832249952
KGHM,2017-09,10,linear,,2093d352f97a84a8dc49fbfb97038ae5f43c553a62fe5675e32fbf0679c10cf4,0,5,91666,-0.016296046619880038,-9.821927347667245,-9.687696968528527,-9.71207946213579
KGHM,2017-09,10,linear,,2093d352f97a84a8dc49fbfb97038ae5f43c553a62fe5675e32fbf0679c10cf4,0,6,91664,0.09088978380052204,-9.736853574070008,-9.805553170083003,-9.736853574070008
KGHM,2017-09,10,linear,,2093d352f97a84a8dc49fbfb97038ae5f43c553a62fe5675e32fbf0679c10cf4,0,7,91663,0.19747550653790255,-9.535741720402765,-9.781388885468433,-9.535741720402765
KGHM,2017-09,10,linear,,2093d352f97a84a8dc49fbfb97038ae5f43c553a62fe5675e32fbf0679c10cf4,0,8,91665,0.30677854446626773,-8.777205068268566,-9.27692236159214,-8.777205068268566
KGHM,2017-09,10,linear,,2093d352f97a84a8dc49fbfb97038ae5f43c553a62fe5675e32fbf0679c10cf4,0,9,91664,0.4265621676882601,-7.713416654734079,-8.372104455598002,-7.713416654734079
KGHM,2017-09,10,linear,,2093d352f97a84a8dc49fbfb97038ae5f43c553a62fe5675e32fbf0679c10cf4,0,10,91665,0.5834592083785433,-5.39260623802654,-6.7518681892213035,-5.39260623802654
KGHM,2017-09,10,linear,,2093d352f97a84a8dc49fbfb97038ae5f43c553a62fe5675e32fbf0679c10cf4,1,1,91665,-0.5592519696222755,-7.160053639565528,-5.931721383362487,-5.931721383362487
KGHM,2017-09,10,linear,,2093d352f97a84a8dc49fbfb97038ae5f43c553a62fe5675e32fbf0679c10cf4,1,2,91664,-0.3743527547077534,-8.72790465551439,-8.00556428176437,-8.00556428176437
KGHM,2017-09,10,linear,,2093d352f97a84a8dc49fbfb97038ae5f43c553a62fe5675e32fbf0679c10cf4,1,3,91668,-0.24304306019346933,-9.48481335630166,-9.026146635734838,-9.026146635734838
KGHM,2017-09,10,linear,,2093d352f97a84a8dc49fbfb97038ae5f43c553a62fe5675e32fbf0679c10cf4,1,4,91661,-0.1273191519504268,-9.756388149680857,-9.495546759108182,-9.495546759108182
KGHM,2017-09,10,linear,,2093d352f97a84a8dc49fbfb97038ae5f43c553a62fe5675e32fbf0679c10cf4,1,5,91666,-0.016296046619880038,-9.766030328154647,-9.629686326678282,-9.651334705991305
KGHM,2017-09,10,linear,,2093d352f97a84a8dc49fbfb97038ae5f43c553a62fe5675e32fbf0679c10cf4,1,6,91664,0.09088978380052204,-9.680723044225775,-9.742481431113404,-9.680723044225775
KGHM,2017-09,10,linear,,2093d352f97a84a8dc49fbfb97038ae5f43c553a62fe5675e32fbf0679c10cf4,1,7,91663,0.19747550653790255,-9.483612457000357,-9.723996968155218,-9.483612457000357
KGHM,2017-09,10,linear,,2093d352f97a84a8dc49fbfb97038ae5f43c553a62fe5675e32fbf0679c10cf4,1,8,91665,0.30677854446626773,-8.74877908776726,-9.240234164357203,-8.74877908776726
KGHM,2017-09,10,linear,,2093d352f97a84a8dc49fbfb97038ae5f43c553a62fe5675e32fbf0679c10cf4,1,9,91664,0.4265621676882601,-7.73591613494708,-8.36354792045491,-7.73591613494708
KGHM,2017-09,10,linear,,2093d352f97a84a8dc49fbfb97038ae5f43c553a62fe5675e32fbf0679c10cf4,1,10,91665,0.5834592083785433,-5.636069683613639,-6.807592930557445,-5.636069683613639
KGHM,2017-09,10,linear,,2093d352f97a84a8dc49fbfb97038ae5f43c553a62fe5675e32fbf0679c10cf4,5,1,91665,-0.5592519696222755,-7.217971881484152,-6.287321751021264,-6.287321751021264
KGHM,2017-09,10,linear,,2093d352f97a84a8dc49fbfb97038ae5f43c553a62fe5675e32fbf0679c10cf4,5,2,91664,-0.3743527547077534,-8.672494229397554,-8.088064372733394,-8.088064372733394
KGHM,2017-09,10,linear,,2093d352f97a84a8dc49fbfb97038ae5f43c553a62fe5675e32fbf0679c10cf4,5,3,91668,-0.24304306019346933,-9.363769801326939,-8.980418943274529,-8.980418943274529
KGHM,2017-09,10,linear,,2093d352f97a84a8dc49fbfb97038ae5f43c553a62fe5675e32fbf0679c10cf4,5,4,91661,-0.1273191519504268,-9.63529913395893,-9.410883999693873,-9.410883999693873
KGHM,2017-09,10,linear,,2093d352f97a84a8dc49fbfb97038ae5f43c553a62fe5675e32fbf0679c10cf4,5,5,91666,-0.016296046619880038,-9.65777321569849,-9.552593248303168,-9.565790325298698
KGHM,2017-09,10,linear,,2093d352f97a84a8dc49fbfb97038ae5f43c553a62fe5675e32fbf0679c10cf4,5,6,91664,0.09088978380052204,-9.58012188764509,-9.615805304888186,-9.58012188764509
KGHM,2017-09,10,linear,,2093d352f97a84a8dc49fbfb97038ae5f43c553a62fe5675e32fbf0679c10cf4,5,7,91663,0.19747550653790255,-9.416282758465583,-9.608575009776349,-9.416282758465583
KGHM,2017-09,10,linear,,2093d352f97a84a8dc49fbfb97038ae5f43c553a62fe5675e32fbf0679c10cf4,5,8,91665,0.30677854446626773,-8.741946626262099,-9.156542164652445,-8.741946626262099
KGHM,2017-09,10,linear,,2093d352f97a84a8dc49fbfb97038ae5f43c553a62fe5675e32fbf0679c10cf4,5,9,91664,0.4265621676882601,-7.834239450129423,-8.328711912833223,-7.834239450129423
KGHM,2017-09,10,linear,,2093d352f97a84a8dc49fbfb97038ae5f43c553a62fe5675e32fbf0679c10cf4,5,10,91665,0.5834592083785433,-6.06185123946168,-6.938547793179136,-6.06185123946168
KGHM,2017-09,10,xgboost,,3f3f4532e584b61b53ed602e857dfbc9643cad361ccbf76b7baaa627e299ebfa,0,1,91665,-0.6684510111808777,-7.499401092440004,-5.996222709549901,-5.996222709549901
KGHM,2017-09,10,xgboost,,3f3f4532e584b61b53ed602e857dfbc9643cad361ccbf76b7baaa627e299ebfa,0,2,91699,-0.3298819363117218,-9.246232318208728,-8.498582754152036,-8.498582754152036
KGHM,2017-09,10,xgboost,,3f3f4532e584b61b53ed602e857dfbc9643cad361ccbf76b7baaa627e299ebfa,0,3,91632,-0.1875232756137848,-9.14031719865665,-8.668806694762484,-8.668806694762484
KGHM,2017-09,10,xgboost,,3f3f4532e584b61b53ed602e857dfbc9643cad361ccbf76b7baaa627e299ebfa,0,4,91670,-0.0860084667801857,-9.47236997548812,-9.214555095662032,-9.214555095662032
KGHM,2017-09,10,xgboost,,3f3f4532e584b61b53ed602e857dfbc9643cad361ccbf76b7baaa627e299ebfa,0,5,91676,-0.003689385950565338,-9.785092732062248,-9.672772968068323,-9.691068998701837
KGHM,2017-09,10,xgboost,,3f3f4532e584b61b53ed602e857dfbc9643cad361ccbf76b7baaa627e299ebfa,0,6,91650,0.07760610431432724,-9.301672230615994,-9.366720580145458,-9.301672230615994
KGHM,2017-09,10,xgboost,,3f3f4532e584b61b53ed602e857dfbc9643cad361ccbf76b7baaa627e299ebfa,0,7,91671,0.16736365854740143,-9.08320619038077,-9.348680665143329,-9.08320619038077
KGHM,2017-09,10,xgboost,,3f3f4532e584b61b53ed602e857dfbc9643cad361ccbf76b7baaa627e299ebfa,0,8,91657,0.26861339807510376,-8.99617529453957,-9.406007192277206,-8.99617529453957
KGHM,2017-09,10,xgboost,,3f3f4532e584b61b53ed602e857dfbc9643cad361ccbf76b7baaa627e299ebfa,0,9,91662,0.4093221426010132,-7.73071746311438,-8.416142646868824,-7.73071746311438
KGHM,2017-09,10,xgboost,,3f3f4532e584b61b53ed602e857dfbc9643cad361ccbf76b7baaa627e299ebfa,0,10,91663,0.7049000859260559,-5.924527236860064,-7.377701805087142,-5.924527236860064
KGHM,2017-09,10,xgboost,,3f3f4532e584b61b53ed602e857dfbc9643cad361ccbf76b7baaa627e299ebfa,1,1,91665,-0.6684510111808777,-7.510520961695212,-6.2088300559853735,-6.2088300559853735
KGHM,2017-09,10,xgboost,,3f3f4532e584b61b53ed602e857dfbc9643cad361ccbf76b7baaa627e299ebfa,1,2,91699,-0.3298819363117218,-9.22499987476283,-8.498192369387624,-8.498192369387624
KGHM,2017-09,10,xgboost,,3f3f4532e584b61b53ed602e857dfbc9643cad361ccbf76b7baaa627e299ebfa,1,3,91632,-0.1875232756137848,-9.118343954869005,-8.651959488509002,-8.651959488509002
KGHM,2017-09,10,xgboost,,3f3f4532e584b61b53ed602e857dfbc9643cad361ccbf76b7baaa627e299ebfa,1,4,91670,-0.0860084667801857,-9.430516063137128,-9.168155444272937,-9.168155444272937
KGHM,2017-09,10,xgboost,,3f3f4532e584b61b53ed602e857dfbc9643cad361ccbf76b7baaa627e299ebfa,1,5,91676,-0.003689385950565338,-9.739841400122675,-9.629692025346442,-9.65009979834851
KGHM,2017-09,10,xgboost,,3f3f4532e584b61b53ed602e857dfbc9643cad361ccbf76b7baaa627e299ebfa,1,6,91650,0.07760610431432724,-9.259265668802135,-9.32620816823422,-9.259265668802135
KGHM,2017-09,10,xgboost,,3f3f4532e584b61b53ed602e857dfbc9643cad361ccbf76b7baaa627e299ebfa,1,7,91671,0.16736365854740143,-9.05437963191825,-9.31396634139743,-9.05437963191825
KGHM,2017-09,10,xgboost,,3f3f4532e584b61b53ed602e857dfbc9643cad361ccbf76b7baaa627e299ebfa,1,8,91657,0.26861339807510376,-8.970552965703119,-9.369481267370404,-8.970552965703119
KGHM,2017-09,10,xgboost,,3f3f4532e584b61b53ed602e857dfbc9643cad361ccbf76b7baaa627e299ebfa,1,9,91662,0.4093221426010132,-7.7378951481244895,-8.405833980664372,-7.7378951481244895
KGHM,2017-09,10,xgboost,,3f3f4532e584b61b53ed602e857dfbc9643cad361ccbf76b7baaa627e299ebfa,1,10,91663,0.7049000859260559,-6.133744201328756,-7.394166344173877,-6.133744201328756
KGHM,2017-09,10,xgboost,,3f3f4532e584b61b53ed602e857dfbc9643cad361ccbf76b7baaa627e299ebfa,5,1,91665,-0.6684510111808777,-7.518195106416573,-6.592877387895966,-6.592877387895966
KGHM,2017-09,10,xgboost,,3f3f4532e584b61b53ed602e857dfbc9643cad361ccbf76b7baaa627e299ebfa,5,2,91699,-0.3298819363117218,-9.148400264289744,-8.551846826486122,-8.551846826486122
KGHM,2017-09,10,xgboost,,3f3f4532e584b61b53ed602e857dfbc9643cad361ccbf76b7baaa627e299ebfa,5,3,91632,-0.1875232756137848,-9.06268900917232,-8.650931216851756,-8.650931216851756
KGHM,2017-09,10,xgboost,,3f3f4532e584b61b53ed602e857dfbc9643cad361ccbf76b7baaa627e299ebfa,5,4,91670,-0.0860084667801857,-9.317537416180935,-9.072752391206086,-9.072752391206086
KGHM,2017-09,10,xgboost,,3f3f4532e584b61b53ed602e857dfbc9643cad361ccbf76b7baaa627e299ebfa,5,5,91676,-0.003689385950565338,-9.601257402701341,-9.519451355398399,-9.541345521529689
KGHM,2017-09,10,xgboost,,3f3f4532e584b61b53ed602e857dfbc9643cad361ccbf76b7baaa627e299ebfa,5,6,91650,0.07760610431432724,-9.174693280186576,-9.237044168619551,-9.174693280186576
KGHM,2017-09,10,xgboost,,3f3f4532e584b61b53ed602e857dfbc9643cad361ccbf76b7baaa627e299ebfa,5,7,91671,0.16736365854740143,-8.98539055109547,-9.22404537328041,-8.98539055109547
KGHM,2017-09,10,xgboost,,3f3f4532e584b61b53ed602e857dfbc9643cad361ccbf76b7baaa627e299ebfa,5,8,91657,0.26861339807510376,-8.930688864484884,-9.287231414698466,-8.930688864484884
KGHM,2017-09,10,xgboost,,3f3f4532e584b61b53ed602e857dfbc9643cad361ccbf76b7baaa627e299ebfa,5,9,91662,0.4093221426010132,-7.866503126424263,-8.403757837607087,-7.866503126424263
KGHM,2017-09,10,xgboost,,3f3f4532e584b61b53ed602e857dfbc9643cad361ccbf76b7baaa627e299ebfa,5,10,91663,0.7049000859260559,-6.576199005299779,-7.427480886797001,-6.576199005299779
KGHM,2017-09,20,linear,,c0ca667be1d9887ac6cc45a85208e17870efcfcbf0095b3ceac63bd72c3bc284,0,1,91644,-0.8523724061036433,-7.7678302039315055,-5.609842462728369,-5.609842462728369
KGHM,2017-09,20,linear,,c0ca667be1d9887ac6cc45a85208e17870efcfcbf0095b3ceac63bd72c3bc284,0,2,91643,-0.5758523848898843,-9.074577186381998,-7.783211278707405,-7.783211278707405
KGHM,2017-09,20,linear,,c0ca667be1d9887ac6cc45a85208e17870efcfcbf0095b3ceac63bd72c3bc284,0,3,91644,-0.3769289382051703,-9.676372622084974,-8.863481426574829,-8.863481426574829
KGHM,2017-09,20,linear,,c0ca667be1d9887ac6cc45a85208e17870efcfcbf0095b3ceac63bd72c3bc284,0,4,91643,-0.19922148498493586,-9.729156742301281,-9.281236427212175,-9.281236427212175
KGHM,2017-09,20,linear,,c0ca667be1d9887ac6cc45a85208e17870efcfcbf0095b3ceac63bd72c3bc284,0,5,91645,-0.02944249927832932,-9.70321372025886,-9.472591372317313,-9.522937798111828
KGHM,2017-09,20,linear,,c0ca667be1d9887ac6cc45a85208e17870efcfcbf0095b3ceac63bd72c3bc284,0,6,91642,0.13585621310148818,-9.551886502727918,-9.671407095879887,-9.551886502727918
KGHM,2017-09,20,linear,,c0ca667be1d9887ac6cc45a85208e17870efcfcbf0095b3ceac63bd72c3bc284,0,7,91643,0.2996517320269782,-9.323335303544546,-9.70322950599513,-9.323335303544546
KGHM,2017-09,20,linear,,c0ca667be1d9887ac6cc45a85208e17870efcfcbf0095b3ceac63bd72c3bc284,0,8,91645,0.4671006243247474,-8.544710426689536,-9.407331732557775,-8.544710426689536
KGHM,2017-09,20,linear,,c0ca667be1d9887ac6cc45a85208e17870efcfcbf0095b3ceac63bd72c3bc284,0,9,91642,0.6489930407989883,-7.564500650043307,-8.621023880666161,-7.564500650043307
KGHM,2017-09,20,linear,,c0ca667be1d9887ac6cc45a85208e17870efcfcbf0095b3ceac63bd72c3bc284,0,10,91644,0.8858143583333623,-5.3540440052253615,-7.446634502740702,-5.3540440052253615
KGHM,2017-09,20,linear,,c0ca667be1d9887ac6cc45a85208e17870efcfcbf0095b3ceac63bd72c3bc284,1,1,91644,-0.8523724061036433,-7.791768148736065,-5.838274645193325,-5.838274645193325
KGHM,2017-09,20,linear,,c0ca667be1d9887ac6cc45a85208e17870efcfcbf0095b3ceac63bd72c3bc284,1,2,91643,-0.5758523848898843,-9.050599920614776,-7.811471008666564,-7.811471008666564
KGHM,2017-09,20,linear,,c0ca667be1d9887ac6cc45a85208e17870efcfcbf0095b3ceac63bd72c3bc284,1,3,91644,-0.3769289382051703,-9.62173813989439,-8.83082344454038,-8.83082344454038
KGHM,2017-09,20,linear,,c0ca667be1d9887ac6cc45a85208e17870efcfcbf0095b3ceac63bd72c3bc284,1,4,91643,-0.19922148498493586,-9.671647817949244,-9.24614181337665,-9.24614181337665
KGHM,2017-09,20,linear,,c0ca667be1d9887ac6cc45a85208e17870efcfcbf0095b3ceac63bd72c3bc284,1,5,91645,-0.02944249927832932,-9.650167067663258,-9.416738288314242,-9.46375523620937
KGHM,2017-09,20,linear,,c0ca667be1d9887ac6cc45a85208e17870efcfcbf0095b3ceac63bd72c3bc284,1,6,91642,0.13585621310148818,-9.501610168297573,-9.61329329089235,-9.501610168297573
KGHM,2017-09,20,linear,,c0ca667be1d9887ac6cc45a85208e17870efcfcbf0095b3ceac63bd72c3bc284,1,7,91643,0.2996517320269782,-9.277029218267764,-9.647320395288796,-9.277029218267764
KGHM,2017-09,20,linear,,c0ca667be1d9887ac6cc45a85208e17870efcfcbf0095b3ceac63bd72c3bc284,1,8,91645,0.4671006243247474,-8.526203103026745,-9.371326389165663,-8.526203103026745
KGHM,2017-09,20,linear,,c0ca667be1d9887ac6cc45a85208e17870efcfcbf0095b3ceac63bd72c3bc284,1,9,91642,0.6489930407989883,-7.594598559226679,-8.601637500768858,-7.594598559226679
KGHM,2017-09,20,linear,,c0ca667be1d9887ac6cc45a85208e17870efcfcbf0095b3ceac63bd72c3bc284,1,10,91644,0.8858143583333623,-5.604656340689948,-7.48324857825345,-5.604656340689948
KGHM,2017-09,20,linear,,c0ca667be1d9887ac6cc45a85208e17870efcfcbf0095b3ceac63bd72c3bc284,5,1,91644,-0.8523724061036433,-7.762393023273473,-6.217951225648374,-6.217951225648374
KGHM,2017-09,20,linear,,c0ca667be1d9887ac6cc45a85208e17870efcfcbf0095b3ceac63bd72c3bc284,5,2,91643,-0.5758523848898843,-8.965976765927481,-7.909698225604921,-7.909698225604921
KGHM,2017-09,20,linear,,c0ca667be1d9887ac6cc45a85208e17870efcfcbf0095b3ceac63bd72c3bc284,5,3,91644,-0.3769289382051703,-9.491893855668566,-8.80877438768476,-8.80877438768476
KGHM,2017-09,20,linear,,c0ca667be1d9887ac6cc45a85208e17870efcfcbf0095b3ceac63bd72c3bc284,5,4,91643,-0.19922148498493586,-9.542677451126968,-9.19140981327668,-9.19140981327668
KGHM,2017-09,20,linear,,c0ca667be1d9887ac6cc45a85208e17870efcfcbf0095b3ceac63bd72c3bc284,5,5,91645,-0.02944249927832932,-9.552755798678223,-9.34737289746809,-9.389893582356306
KGHM,2017-09,20,linear,,c0ca667be1d9887ac6cc45a85208e17870efcfcbf0095b3ceac63bd72c3bc284,5,6,91642,0.13585621310148818,-9.422718720117697,-9.490196134849818,-9.422718720117697
KGHM,2017-09,20,linear,,c0ca667be1d9887ac6cc45a85208e17870efcfcbf0095b3ceac63bd72c3bc284,5,7,91643,0.2996517320269782,-9.231525898856928,-9.533927371869925,-9.231525898856928
KGHM,2017-09,20,linear,,c0ca667be1d9887ac6cc45a85208e17870efcfcbf0095b3ceac63bd72c3bc284,5,8,91645,0.4671006243247474,-8.553987393609372,-9.270152704288085,-8.553987393609372
KGHM,2017-09,20,linear,,c0ca667be1d9887ac6cc45a85208e17870efcfcbf0095b3ceac63bd72c3bc284,5,9,91642,0.6489930407989883,-7.71962679054653,-8.549018311754566,-7.71962679054653
KGHM,2017-09,20,linear,,c0ca667be1d9887ac6cc45a85208e17870efcfcbf0095b3ceac63bd72c3bc284,5,10,91644,0.8858143583333623,-6.048018407109356,-7.542127221680278,-6.048018407109356
KGHM,2017-09,20,xgboost,,ce49496f44708e983430194a8367d06258db95a3302a0fdcf09653acb17f11aa,0,1,91647,-0.975334882736206,-8.140906024493797,-5.889124515802679,-5.889124515802679
KGHM,2017-09,20,xgboost,,ce49496f44708e983430194a8367d06258db95a3302a0fdcf09653acb17f11aa,0,2,91640,-0.5325868725776672,-9.5069496164106,-8.217091372524349,-8.217091372524349
KGHM,2017-09,20,xgboost,,ce49496f44708e983430194a8367d06258db95a3302a0fdcf09653acb17f11aa,0,3,91644,-0.3126567006111145,-9.325064684100129,-8.484109695066012,-8.484109695066012
KGHM,2017-09,20,xgboost,,ce49496f44708e983430194a8367d06258db95a3302a0fdcf09653acb17f11aa,0,4,91643,-0.1500285565853119,-9.405866133048333,-8.972304938264118,-8.972304938264118
KGHM,2017-09,20,xgboost,,ce49496f44708e983430194a8367d06258db95a3302a0fdcf09653acb17f11aa,0,5,91654,-0.011235360987484455,-9.580938827193371,-9.36133081414201,-9.434081894692792
KGHM,2017-09,20,xgboost,,ce49496f44708e983430194a8367d06258db95a3302a0fdcf09653acb17f11aa,0,6,91646,0.12564842402935028,-9.067128083908791,-9.204700094415204,-9.067128083908791
KGHM,2017-09,20,xgboost,,ce49496f44708e983430194a8367d06258db95a3302a0fdcf09653acb17f11aa,0,7,91632,0.2697003185749054,-9.09288040718217,-9.555748030912715,-9.09288040718217
KGHM,2017-09,20,xgboost,,ce49496f44708e983430194a8367d06258db95a3302a0fdcf09653acb17f11aa,0,8,91645,0.4307510554790497,-8.755277182085411,-9.501589266225254,-8.755277182085411
KGHM,2017-09,20,xgboost,,ce49496f44708e983430194a8367d06258db95a3302a0fdcf09653acb17f11aa,0,9,91640,0.6360385417938232,-7.593116157587558,-8.713759450071707,-7.593116157587558
KGHM,2017-09,20,xgboost,,ce49496f44708e983430194a8367d06258db95a3302a0fdcf09653acb17f11aa,0,10,91644,1.0084983110427856,-5.821453186106161,-7.96031553306804,-5.821453186106161
KGHM,2017-09,20,xgboost,,ce49496f44708e983430194a8367d06258db95a3302a0fdcf09653acb17f11aa,1,1,91647,-0.975334882736206,-8.138422791514829,-6.1068113021280634,-6.1068113021280634
KGHM,2017-09,20,xgboost,,ce49496f44708e983430194a8367d06258db95a3302a0fdcf09653acb17f11aa,1,2,91640,-0.5325868725776672,-9.469315361857744,-8.215475685678255,-8.215475685678255
KGHM,2017-09,20,xgboost,,ce49496f44708e983430194a8367d06258db95a3302a0fdcf09653acb17f11aa,1,3,91644,-0.3126567006111145,-9.295951025704248,-8.467246328417124,-8.467246328417124
KGHM,2017-09,20,xgboost,,ce49496f44708e983430194a8367d06258db95a3302a0fdcf09653acb17f11aa,1,4,91643,-0.1500285565853119,-9.367395428227741,-8.936388469543136,-8.936388469543136
KGHM,2017-09,20,xgboost,,ce49496f44708e983430194a8367d06258db95a3302a0fdcf09653acb17f11aa,1,5,91654,-0.011235360987484455,-9.53903410413691,-9.325832445710768,-9.397184986323072
KGHM,2017-09,20,xgboost,,ce49496f44708e983430194a8367d06258db95a3302a0fdcf09653acb17f11aa,1,6,91646,0.12564842402935028,-9.038023743561176,-9.16698036373163,-9.038023743561176
KGHM,2017-09,20,xgboost,,ce49496f44708e983430194a8367d06258db95a3302a0fdcf09653acb17f11aa,1,7,91632,0.2697003185749054,-9.058968137576912,-9.52052926789605,-9.058968137576912
KGHM,2017-09,20,xgboost,,ce49496f44708e983430194a8367d06258db95a3302a0fdcf09653acb17f11aa,1,8,91645,0.4307510554790497,-8.73864792712575,-9.461648070592174,-8.73864792712575
KGHM,2017-09,20,xgboost,,ce49496f44708e983430194a8367d06258db95a3302a0fdcf09653acb17f11aa,1,9,91640,0.6360385417938232,-7.603592228635012,-8.688379580217159,-7.603592228635012
KGHM,2017-09,20,xgboost,,ce49496f44708e983430194a8367d06258db95a3302a0fdcf09653acb17f11aa,1,10,91644,1.0084983110427856,-6.0406211537552625,-7.971061063969853,-6.0406211537552625
KGHM,2017-09,20,xgboost,,ce49496f44708e983430194a8367d06258db95a3302a0fdcf09653acb17f11aa,5,1,91647,-0.975334882736206,-8.06081719705061,-6.51153075839772,-6.51153075839772
KGHM,2017-09,20,xgboost,,ce49496f44708e983430194a8367d06258db95a3302a0fdcf09653acb17f11aa,5,2,91640,-0.5325868725776672,-9.370635346878624,-8.283525076062775,-8.283525076062775
KGHM,2017-09,20,xgboost,,ce49496f44708e983430194a8367d06258db95a3302a0fdcf09653acb17f11aa,5,3,91644,-0.3126567006111145,-9.203688359789052,-8.472779073978042,-8.472779073978042
KGHM,2017-09,20,xgboost,,ce49496f44708e983430194a8367d06258db95a3302a0fdcf09653acb17f11aa,5,4,91643,-0.1500285565853119,-9.252228012370455,-8.887153450329805,-8.887153450329805
KGHM,2017-09,20,xgboost,,ce49496f44708e983430194a8367d06258db95a3302a0fdcf09653acb17f11aa,5,5,91654,-0.011235360987484455,-9.4234521779947,-9.246964535913621,-9.31075625396183
KGHM,2017-09,20,xgboost,,ce49496f44708e983430194a8367d06258db95a3302a0fdcf09653acb17f11aa,5,6,91646,0.12564842402935028,-8.998764257510883,-9.075677795921397,-8.998764257510883
KGHM,2017-09,20,xgboost,,ce49496f44708e983430194a8367d06258db95a3302a0fdcf09653acb17f11aa,5,7,91632,0.2697003185749054,-9.00149721176749,-9.424031835038628,-9.00149721176749
KGHM,2017-09,20,xgboost,,ce49496f44708e983430194a8367d06258db95a3302a0fdcf09653acb17f11aa,5,8,91645,0.4307510554790497,-8.738251686339815,-9.368178550350972,-8.738251686339815
KGHM,2017-09,20,xgboost,,ce49496f44708e983430194a8367d06258db95a3302a0fdcf09653acb17f11aa,5,9,91640,0.6360385417938232,-7.750878867229579,-8.633561465955806,-7.750878867229579
KGHM,2017-09,20,xgboost,,ce49496f44708e983430194a8367d06258db95a3302a0fdcf09653acb17f11aa,5,10,91644,1.0084983110427856,-6.49132481943872,-7.9572914866619175,-6.49132481943872
KGHM,2017-09,50,linear,,32544ca32f84fa80c3cc3dccc341b4893608788603de895927362e972e74563c,0,1,91581,-1.3139418621467758,-8.976003396629661,-5.630012695514314,-5.630012695514314
KGHM,2017-09,50,linear,,32544ca32f84fa80c3cc3dccc341b4893608788603de895927362e972e74563c,0,2,91580,-0.9081755962309208,-9.748003675688372,-7.558199738599468,-7.558199738599468
KGHM,2017-09,50,linear,,32544ca32f84fa80c3cc3dccc341b4893608788603de895927362e972e74563c,0,3,91581,-0.6052719026965272,-9.761570062604406,-8.374111455782948,-8.374111455782948
KGHM,2017-09,50,linear,,32544ca32f84fa80c3cc3dccc341b4893608788603de895927362e972e74563c,0,4,91580,-0.32405336784166366,-9.433260424781626,-8.86452165489455,-8.86452165489455
KGHM,2017-09,50,linear,,32544ca32f84fa80c3cc3dccc341b4893608788603de895927362e972e74563c,0,5,91587,-0.05667562371701322,-9.418429482543635,-8.974347281095092,-9.028522112026502
KGHM,2017-09,50,linear,,32544ca32f84fa80c3cc3dccc341b4893608788603de895927362e972e74563c,0,6,91574,0.20570161816364135,-9.167506479570129,-9.305677604789546,-9.167506479570129
KGHM,2017-09,50,linear,,32544ca32f84fa80c3cc3dccc341b4893608788603de895927362e972e74563c,0,7,91583,0.46660957539826503,-8.817118015780187,-9.556310721630382,-8.817118015780187
KGHM,2017-09,50,linear,,32544ca32f84fa80c3cc3dccc341b4893608788603de895927362e972e74563c,0,8,91581,0.7258334968859457,-8.293391996630335,-9.558960759614813,-8.293391996630335
KGHM,2017-09,50,linear,,32544ca32f84fa80c3cc3dccc341b4893608788603de895927362e972e74563c,0,9,91577,0.9984057971223558,-7.446516373869739,-9.091706788177845,-7.446516373869739
KGHM,2017-09,50,linear,,32544ca32f84fa80c3cc3dccc341b4893608788603de895927362e972e74563c,0,10,91581,1.3475893183198897,-5.5587353147443705,-8.62410718255752,-5.5587353147443705
KGHM,2017-09,50,linear,,32544ca32f84fa80c3cc3dccc341b4893608788603de895927362e972e74563c,1,1,91581,-1.3139418621467758,-8.959935326741588,-5.850846419759537,-5.850846419759537
KGHM,2017-09,50,linear,,32544ca32f84fa80c3cc3dccc341b4893608788603de895927362e972e74563c,1,2,91580,-0.9081755962309208,-9.707234086072148,-7.603362738061819,-7.603362738061819
KGHM,2017-09,50,linear,,32544ca32f84fa80c3cc3dccc341b4893608788603de895927362e972e74563c,1,3,91581,-0.6052719026965272,-9.706763288047032,-8.367751204793157,-8.367751204793157
KGHM,2017-09,50,linear,,32544ca32f84fa80c3cc3dccc341b4893608788603de895927362e972e74563c,1,4,91580,-0.32405336784166366,-9.38714869519209,-8.836226640589182,-8.836226640589182
KGHM,2017-09,50,linear,,32544ca32f84fa80c3cc3dccc341b4893608788603de895927362e972e74563c,1,5,91587,-0.05667562371701322,-9.37172510184778,-8.939490682983537,-8.994200888078884
KGHM,2017-09,50,linear,,32544ca32f84fa80c3cc3dccc341b4893608788603de895927362e972e74563c,1,6,91574,0.20570161816364135,-9.13112635460553,-9.263257737164624,-9.13112635460553
KGHM,2017-09,50,linear,,32544ca32f84fa80c3cc3dccc341b4893608788603de895927362e972e74563c,1,7,91583,0.46660957539826503,-8.780214132105009,-9.508780698934759,-8.780214132105009
KGHM,2017-09,50,linear,,32544ca32f84fa80c3cc3dccc341b4893608788603de895927362e972e74563c,1,8,91581,0.7258334968859457,-8.289170371585058,-9.510997319222612,-8.289170371585058
KGHM,2017-09,50,linear,,32544ca32f84fa80c3cc3dccc341b4893608788603de895927362e972e74563c,1,9,91577,0.9984057971223558,-7.489863342358797,-9.04966909687248,-7.489863342358797
KGHM,2017-09,50,linear,,32544ca32f84fa80c3cc3dccc341b4893608788603de895927362e972e74563c,1,10,91581,1.3475893183198897,-5.797797656489042,-8.60750261565968,-5.797797656489042
KGHM,2017-09,50,linear,,32544ca32f84fa80c3cc3dccc341b4893608788603de895927362e972e74563c,5,1,91581,-1.3139418621467758,-8.802845153643887,-6.249933221066853,-6.249933221066853
KGHM,2017-09,50,linear,,32544ca32f84fa80c3cc3dccc341b4893608788603de895927362e972e74563c,5,2,91580,-0.9081755962309208,-9.576471532589645,-7.759516255131636,-7.759516255131636
KGHM,2017-09,50,linear,,32544ca32f84fa80c3cc3dccc341b4893608788603de895927362e972e74563c,5,3,91581,-0.6052719026965272,-9.566174429637352,-8.415128627400959,-8.415128627400959
KGHM,2017-09,50,linear,,32544ca32f84fa80c3cc3dccc341b4893608788603de895927362e972e74563c,5,4,91580,-0.32405336784166366,-9.283187261423711,-8.820643041689511,-8.820643041689511
KGHM,2017-09,50,linear,,32544ca32f84fa80c3cc3dccc341b4893608788603de895927362e972e74563c,5,5,91587,-0.05667562371701322,-9.28077797810863,-8.908697314352187,-8.955155142448575
KGHM,2017-09,50,linear,,32544ca32f84fa80c3cc3dccc341b4893608788603de895927362e972e74563c,5,6,91574,0.20570161816364135,-9.090143633697291,-9.194396145516816,-9.090143633697291
KGHM,2017-09,50,linear,,32544ca32f84fa80c3cc3dccc341b4893608788603de895927362e972e74563c,5,7,91583,0.46660957539826503,-8.778162547020655,-9.40711831222173,-8.778162547020655
KGHM,2017-09,50,linear,,32544ca32f84fa80c3cc3dccc341b4893608788603de895927362e972e74563c,5,8,91581,0.7258334968859457,-8.34065570065189,-9.380023816190093,-8.34065570065189
KGHM,2017-09,50,linear,,32544ca32f84fa80c3cc3dccc341b4893608788603de895927362e972e74563c,5,9,91577,0.9984057971223558,-7.6523069839980025,-8.918484291314197,-7.6523069839980025
KGHM,2017-09,50,linear,,32544ca32f84fa80c3cc3dccc341b4893608788603de895927362e972e74563c,5,10,91581,1.3475893183198897,-6.252054924378914,-8.483240547856765,-6.252054924378914
KGHM,2017-09,50,xgboost,,83322b676721b319536a0a0a2dfdfe6ec37f6e959fd7efde748447d6808267b3,0,1,91582,-1.4630749225616455,-9.403558230315019,-6.065286800910697,-6.065286800910697
KGHM,2017-09,50,xgboost,,83322b676721b319536a0a0a2dfdfe6ec37f6e959fd7efde748447d6808267b3,0,2,91580,-0.8604266047477722,-10.057954923582663,-7.740085030576374,-7.740085030576374
KGHM,2017-09,50,xgboost,,83322b676721b319536a0a0a2dfdfe6ec37f6e959fd7efde748447d6808267b3,0,3,91580,-0.5322223901748657,-9.46242624044686,-7.9982034873470385,-7.9982034873470385
KGHM,2017-09,50,xgboost,,83322b676721b319536a0a0a2dfdfe6ec37f6e959fd7efde748447d6808267b3,0,4,91607,-0.25607556104660034,-9.24848489670868,-8.56504557818314,-8.56504557818314
KGHM,2017-09,50,xgboost,,83322b676721b319536a0a0a2dfdfe6ec37f6e959fd7efde748447d6808267b3,0,5,91561,-0.03127972036600113,-9.154626210378476,-8.826103405525595,-8.80865336840972
KGHM,2017-09,50,xgboost,,83322b676721b319536a0a0a2dfdfe6ec37f6e959fd7efde748447d6808267b3,0,6,91614,0.17775925993919373,-8.981751762171806,-9.146991525267023,-8.981751762171806
KGHM,2017-09,50,xgboost,,83322b676721b319536a0a0a2dfdfe6ec37f6e959fd7efde748447d6808267b3,0,7,91548,0.40748146176338196,-8.474225676201703,-9.254100964082323,-8.474225676201703
KGHM,2017-09,50,xgboost,,83322b676721b319536a0a0a2dfdfe6ec37f6e959fd7efde748447d6808267b3,0,8,91572,0.6707535982131958,-8.452838351989659,-9.645560948141684,-8.452838351989659
KGHM,2017-09,50,xgboost,,83322b676721b319536a0a0a2dfdfe6ec37f6e959fd7efde748447d6808267b3,0,9,91580,0.9943926930427551,-7.397731574728097,-9.269337854421794,-7.397731574728097
KGHM,2017-09,50,xgboost,,83322b676721b319536a0a0a2dfdfe6ec37f6e959fd7efde748447d6808267b3,0,10,91581,1.5223742723464966,-5.986724196315855,-9.027438443888272,-5.986724196315855
KGHM,2017-09,50,xgboost,,83322b676721b319536a0a0a2dfdfe6ec37f6e959fd7efde748447d6808267b3,1,1,91582,-1.4630749225616455,-9.367770484477408,-6.272588516325334,-6.272588516325334
KGHM,2017-09,50,xgboost,,83322b676721b319536a0a0a2dfdfe6ec37f6e959fd7efde748447d6808267b3,1,2,91580,-0.8604266047477722,-10.00973363827407,-7.7558289107663185,-7.7558289107663185
KGHM,2017-09,50,xgboost,,83322b676721b319536a0a0a2dfdfe6ec37f6e959fd7efde748447d6808267b3,1,3,91580,-0.5322223901748657,-9.427567489841591,-7.999961745153397,-7.999961745153397
KGHM,2017-09,50,xgboost,,83322b676721b319536a0a0a2dfdfe6ec37f6e959fd7efde748447d6808267b3,1,4,91607,-0.25607556104660034,-9.212259507893117,-8.552868981724723,-8.552868981724723
KGHM,2017-09,50,xgboost,,83322b676721b319536a0a0a2dfdfe6ec37f6e959fd7efde748447d6808267b3,1,5,91561,-0.03127972036600113,-9.131176418599992,-8.804184008190497,-8.786544460740794
KGHM,2017-09,50,xgboost,,83322b676721b319536a0a0a2dfdfe6ec37f6e959fd7efde748447d6808267b3,1,6,91614,0.17775925993919373,-8.954903396387351,-9.116529267549662,-8.954903396387351
KGHM,2017-09,50,xgboost,,83322b676721b319536a0a0a2dfdfe6ec37f6e959fd7efde748447d6808267b3,1,7,91548,0.40748146176338196,-8.45857790230455,-9.215800336598685,-8.45857790230455
KGHM,2017-09,50,xgboost,,83322b676721b319536a0a0a2dfdfe6ec37f6e959fd7efde748447d6808267b3,1,8,91572,0.6707535982131958,-8.437865204475875,-9.598268003350176,-8.437865204475875
KGHM,2017-09,50,xgboost,,83322b676721b319536a0a0a2dfdfe6ec37f6e959fd7efde748447d6808267b3,1,9,91580,0.9943926930427551,-7.425378476445985,-9.225743907427145,-7.425378476445985
KGHM,2017-09,50,xgboost,,83322b676721b319536a0a0a2dfdfe6ec37f6e959fd7efde748447d6808267b3,1,10,91581,1.5223742723464966,-6.195538160014599,-8.996299854736478,-6.195538160014599
KGHM,2017-09,50,xgboost,,83322b676721b319536a0a0a2dfdfe6ec37f6e959fd7efde748447d6808267b3,5,1,91582,-1.4630749225616455,-9.160485166093311,-6.66538593129115,-6.66538593129115
KGHM,2017-09,50,xgboost,,83322b676721b319536a0a0a2dfdfe6ec37f6e959fd7efde748447d6808267b3,5,2,91580,-0.8604266047477722,-9.868365588276188,-7.906589153624909,-7.906589153624909
KGHM,2017-09,50,xgboost,,83322b676721b319536a0a0a2dfdfe6ec37f6e959fd7efde748447d6808267b3,5,3,91580,-0.5322223901748657,-9.312806175524573,-8.068387171082048,-8.068387171082048
KGHM,2017-09,50,xgboost,,83322b676721b319536a0a0a2dfdfe6ec37f6e959fd7efde748447d6808267b3,5,4,91607,-0.25607556104660034,-9.10921454492233,-8.560645778087999,-8.560645778087999
KGHM,2017-09,50,xgboost,,83322b676721b319536a0a0a2dfdfe6ec37f6e959fd7efde748447d6808267b3,5,5,91561,-0.03127972036600113,-9.075056923358735,-8.771027593730713,-8.75792406264881
KGHM,2017-09,50,xgboost,,83322b676721b319536a0a0a2dfdfe6ec37f6e959fd7efde748447d6808267b3,5,6,91614,0.17775925993919373,-8.912512517687787,-9.069791636777689,-8.912512517687787
KGHM,2017-09,50,xgboost,,83322b676721b319536a0a0a2dfdfe6ec37f6e959fd7efde748447d6808267b3,5,7,91548,0.40748146176338196,-8.466100676161583,-9.117919189106761,-8.466100676161583
KGHM,2017-09,50,xgboost,,83322b676721b319536a0a0a2dfdfe6ec37f6e959fd7efde748447d6808267b3,5,8,91572,0.6707535982131958,-8.47578391317347,-9.467489460724213,-8.47578391317347
KGHM,2017-09,50,xgboost,,83322b676721b319536a0a0a2dfdfe6ec37f6e959fd7efde748447d6808267b3,5,9,91580,0.9943926930427551,-7.6216066455736895,-9.083645879786644,-7.6216066455736895
KGHM,2017-09,50,xgboost,,83322b676721b319536a0a0a2dfdfe6ec37f6e959fd7efde748447d6808267b3,5,10,91581,1.5223742723464966,-6.620673235626905,-8.826449199951417,-6.620673235626905
KGHM,2017-11,10,linear,,b7acb68604d6c1fbeeb3a297b4bb5fb70b779bc658e000bef4ea06690f203a17,0,1,83240,-0.5807869928715994,-7.54482662926111,-6.070768985188942,-6.070768985188942
KGHM,2017-11,10,linear,,b7acb68604d6c1fbeeb3a297b4bb5fb70b779bc658e000bef4ea06690f203a17,0,2,83240,-0.4017914129719925,-9.379815248267002,-8.524987799335964,-8.524987799335964
KGHM,2017-11,10,linear,,b7acb68604d6c1fbeeb3a297b4bb5fb70b779bc658e000bef4ea06690f203a17,0,3,83245,-0.2784482984536489,-10.30295680853952,-9.790327487297237,-9.790327487297237
KGHM,2017-11,10,linear,,b7acb68604d6c1fbeeb3a297b4bb5fb70b779bc658e000bef4ea06690f203a17,0,4,83249,-0.17133821727660373,-10.682350406950452,-10.431210897463243,-10.431210897463243
KGHM,2017-11,10,linear,,b7acb68604d6c1fbeeb3a297b4bb5fb70b779bc658e000bef4ea06690f203a17,0,5,83230,-0.07092613755911376,-10.9257746216501,-10.886068860111955,-10.886068860111955
KGHM,2017-11,10,linear,,b7acb68604d6c1fbeeb3a297b4bb5fb70b779bc658e000bef4ea06690f203a17,0,6,83235,0.029759517511459183,-10.912520946887993,-11.05523023616287,-10.919082150385432
KGHM,2017-11,10,linear,,b7acb68604d6c1fbeeb3a297b4bb5fb70b779bc658e000bef4ea06690f203a17,0,7,83239,0.1360644937404445,-10.45704097576819,-10.77510120766318,-10.45704097576819
KGHM,2017-11,10,linear,,b7acb68604d6c1fbeeb3a297b4bb5fb70b779bc658e000bef4ea06690f203a17,0,8,83240,0.2492602769300648,-9.868642704718354,-10.33350225437224,-9.868642704718354
KGHM,2017-11,10,linear,,b7acb68604d6c1fbeeb3a297b4bb5fb70b779bc658e000bef4ea06690f203a17,0,9,83240,0.3782348257966687,-8.332264713566476,-9.078161380431192,-8.332264713566476
KGHM,2017-11,10,linear,,b7acb68604d6c1fbeeb3a297b4bb5fb70b779bc658e000bef4ea06690f203a17,0,10,83240,0.5629800686333578,-5.921379925994842,-7.308096301266672,-5.921379925994842
KGHM,2017-11,10,linear,,b7acb68604d6c1fbeeb3a297b4bb5fb70b779bc658e000bef4ea06690f203a17,1,1,83240,-0.5807869928715994,-7.601686563164461,-6.31917119382539,-6.31917119382539
KGHM,2017-11,10,linear,,b7acb68604d6c1fbeeb3a297b4bb5fb70b779bc658e000bef4ea06690f203a17,1,2,83240,-0.4017914129719925,-9.359212518221558,-8.5766190923622,-8.5766190923622
KGHM,2017-11,10,linear,,b7acb68604d6c1fbeeb3a297b4bb5fb70b779bc658e000bef4ea06690f203a17,1,3,83245,-0.2784482984536489,-10.25513493335212,-9.765650657276247,-9.765650657276247
KGHM,2017-11,10,linear,,b7acb68604d6c1fbeeb3a297b4bb5fb70b779bc658e000bef4ea06690f203a17,1,4,83249,-0.17133821727660373,-10.61549332146958,-10.382574028514924,-10.382574028514924
KGHM,2017-11,10,linear,,b7acb68604d6c1fbeeb3a297b4bb5fb70b779bc658e000bef4ea06690f203a17,1,5,83230,-0.07092613755911376,-10.853783059520103,-10.817503895643425,-10.817503895643425
KGHM,2017-11,10,linear,,b7acb68604d6c1fbeeb3a297b4bb5fb70b779bc658e000bef4ea06690f203a17,1,6,83235,0.029759517511459183,-10.845897239742374,-10.983261096275728,-10.85345740939542
KGHM,2017-11,10,linear,,b7acb68604d6c1fbeeb3a297b4bb5fb70b779bc658e000bef4ea06690f203a17,1,7,83239,0.1360644937404445,-10.40380136460196,-10.713188080556414,-10.40380136460196
KGHM,2017-11,10,linear,,b7acb68604d6c1fbeeb3a297b4bb5fb70b779bc658e000bef4ea06690f203a17,1,8,83240,0.2492602769300648,-9.844548074253623,-10.287272563751602,-9.844548074253623
KGHM,2017-11,10,linear,,b7acb68604d6c1fbeeb3a297b4bb5fb70b779bc658e000bef4ea06690f203a17,1,9,83240,0.3782348257966687,-8.371331316695796,-9.049268634906323,-8.371331316695796
KGHM,2017-11,10,linear,,b7acb68604d6c1fbeeb3a297b4bb5fb70b779bc658e000bef4ea06690f203a17,1,10,83240,0.5629800686333578,-6.177468907159015,-7.359254470959187,-6.177468907159015
KGHM,2017-11,10,linear,,b7acb68604d6c1fbeeb3a297b4bb5fb70b779bc658e000bef4ea06690f203a17,5,1,83240,-0.5807869928715994,-7.681013057920131,-6.735642342682956,-6.735642342682956
KGHM,2017-11,10,linear,,b7acb68604d6c1fbeeb3a297b4bb5fb70b779bc658e000bef4ea06690f203a17,5,2,83240,-0.4017914129719925,-9.291480568064635,-8.69854591084466,-8.69854591084466
KGHM,2017-11,10,linear,,b7acb68604d6c1fbeeb3a297b4bb5fb70b779bc658e000bef4ea06690f203a17,5,3,83245,-0.2784482984536489,-10.138348894817545,-9.769010684137218,-9.769010684137218
KGHM,2017-11,10,linear,,b7acb68604d6c1fbeeb3a297b4bb5fb70b779bc658e000bef4ea06690f203a17,5,4,83249,-0.17133821727660373,-10.49689643154805,-10.314242779074059,-10.314242779074059
KGHM,2017-11,10,linear,,b7acb68604d6c1fbeeb3a297b4bb5fb70b779bc658e000bef4ea06690f203a17,5,5,83230,-0.07092613755911376,-10.737403286571041,-10.691381250842614,-10.691381250842614
KGHM,2017-11,10,linear,,b7acb68604d6c1fbeeb3a297b4bb5fb70b779bc658e000bef4ea06690f203a17,5,6,83235,0.029759517511459183,-10.742828369568084,-10.846910745132327,-10.760143265009038
KGHM,2017-11,10,linear,,b7acb68604d6c1fbeeb3a297b4bb5fb70b779bc658e000bef4ea06690f203a17,5,7,83239,0.1360644937404445,-10.331600916345426,-10.598789230765322,-10.331600916345426
KGHM,2017-11,10,linear,,b7acb68604d6c1fbeeb3a297b4bb5fb70b779bc658e000bef4ea06690f203a17,5,8,83240,0.2492602769300648,-9.84433893314806,-10.178515357702667,-9.84433893314806
KGHM,2017-11,10,linear,,b7acb68604d6c1fbeeb3a297b4bb5fb70b779bc658e000bef4ea06690f203a17,5,9,83240,0.3782348257966687,-8.478739009076302,-8.967812507042376,-8.478739009076302
KGHM,2017-11,10,linear,,b7acb68604d6c1fbeeb3a297b4bb5fb70b779bc658e000bef4ea06690f203a17,5,10,83240,0.5629800686333578,-6.588373124688073,-7.4539937557336495,-6.588373124688073
KGHM,2017-11,10,xgboost,,13c22b20d1cae287deb4cf586669cf29497c3da9e0e4e29ba4a1f5ed563afe73,0,1,83241,-0.7342600226402283,-8.144790607912622,-6.544976140266933,-6.544976140266933
KGHM,2017-11,10,xgboost,,13c22b20d1cae287deb4cf586669cf29497c3da9e0e4e29ba4a1f5ed563afe73,0,2,83240,-0.40080273151397705,-10.32962128587977,-9.529660496973642,-9.529660496973642
KGHM,2017-11,10,xgboost,,13c22b20d1cae287deb4cf586669cf29497c3da9e0e4e29ba4a1f5ed563afe73,0,3,83240,-0.2504172623157501,-10.347906233990386,-9.79739533935631,-9.79739533935631
KGHM,2017-11,10,xgboost,,13c22b20d1cae287deb4cf586669cf29497c3da9e0e4e29ba4a1f5ed563afe73,0,4,83240,-0.14393924176692963,-10.429994416768036,-10.161474278671633,-10.161474278671633
KGHM,2017-11,10,xgboost,,13c22b20d1cae287deb4cf586669cf29497c3da9e0e4e29ba4a1f5ed563afe73,0,5,83266,-0.0605592206120491,-10.315314540904648,-10.29013736287133,-10.29013736287133
KGHM,2017-11,10,xgboost,,13c22b20d1cae287deb4cf586669cf29497c3da9e0e4e29ba4a1f5ed563afe73,0,6,83213,0.021493175998330116,-10.482250435004076,-10.640758477037673,-10.496537086930024
KGHM,2017-11,10,xgboost,,13c22b20d1cae287deb4cf586669cf29497c3da9e0e4e29ba4a1f5ed563afe73,0,7,83238,0.11213638633489609,-10.12008068298866,-10.398400793300517,-10.12008068298866
KGHM,2017-11,10,xgboost,,13c22b20d1cae287deb4cf586669cf29497c3da9e0e4e29ba4a1f5ed563afe73,0,8,83251,0.21856775879859924,-9.626885325401355,-10.111687056738548,-9.626885325401355
KGHM,2017-11,10,xgboost,,13c22b20d1cae287deb4cf586669cf29497c3da9e0e4e29ba4a1f5ed563afe73,0,9,83230,0.36633607745170593,-8.548619266349395,-9.30260198168811,-8.548619266349395
KGHM,2017-11,10,xgboost,,13c22b20d1cae287deb4cf586669cf29497c3da9e0e4e29ba4a1f5ed563afe73,0,10,83239,0.7019307613372803,-5.981940423006798,-7.4762578005940945,-5.981940423006798
KGHM,2017-11,10,xgboost,,13c22b20d1cae287deb4cf586669cf29497c3da9e0e4e29ba4a1f5ed563afe73,1,1,83241,-0.7342600226402283,-8.15445280158321,-6.785938307902793,-6.785938307902793
KGHM,2017-11,10,xgboost,,13c22b20d1cae287deb4cf586669cf29497c3da9e0e4e29ba4a1f5ed563afe73,1,2,83240,-0.40080273151397705,-10.28539403579013,-9.517401062464195,-9.517401062464195
KGHM,2017-11,10,xgboost,,13c22b20d1cae287deb4cf586669cf29497c3da9e0e4e29ba4a1f5ed563afe73,1,3,83240,-0.2504172623157501,-10.306720592350093,-9.791730159364285,-9.791730159364285
KGHM,2017-11,10,xgboost,,13c22b20d1cae287deb4cf586669cf29497c3da9e0e4e29ba4a1f5ed563afe73,1,4,83240,-0.14393924176692963,-10.382264209866365,-10.118892910409759,-10.118892910409759
KGHM,2017-11,10,xgboost,,13c22b20d1cae287deb4cf586669cf29497c3da9e0e4e29ba4a1f5ed563afe73,1,5,83266,-0.0605592206120491,-10.271367322865888,-10.25370626563286,-10.25370626563286
KGHM,2017-11,10,xgboost,,13c22b20d1cae287deb4cf586669cf29497c3da9e0e4e29ba4a1f5ed563afe73,1,6,83213,0.021493175998330116,-10.433159353837674,-10.594832738975537,-10.453383457972944
KGHM,2017-11,10,xgboost,,13c22b20d1cae287deb4cf586669cf29497c3da9e0e4e29ba4a1f5ed563afe73,1,7,83238,0.11213638633489609,-10.084725821391771,-10.355307877630436,-10.084725821391771
KGHM,2017-11,10,xgboost,,13c22b20d1cae287deb4cf586669cf29497c3da9e0e4e29ba4a1f5ed563afe73,1,8,83251,0.21856775879859924,-9.597478861858065,-10.069441775270548,-9.597478861858065
KGHM,2017-11,10,xgboost,,13c22b20d1cae287deb4cf586669cf29497c3da9e0e4e29ba4a1f5ed563afe73,1,9,83230,0.36633607745170593,-8.563218002283309,-9.268358555548641,-8.563218002283309
KGHM,2017-11,10,xgboost,,13c22b20d1cae287deb4cf586669cf29497c3da9e0e4e29ba4a1f5ed563afe73,1,10,83239,0.7019307613372803,-6.249415413069093,-7.49804922498544,-6.249415413069093
KGHM,2017-11,10,xgboost,,13c22b20d1cae287deb4cf586669cf29497c3da9e0e4e29ba4a1f5ed563afe73,5,1,83241,-0.7342600226402283,-8.170291576346752,-7.221728775483977,-7.221728775483977
KGHM,2017-11,10,xgboost,,13c22b20d1cae287deb4cf586669cf29497c3da9e0e4e29ba4a1f5ed563afe73,5,2,83240,-0.40080273151397705,-10.185071461332084,-9.586941803419306,-9.586941803419306
KGHM,2017-11,10,xgboost,,13c22b20d1cae287deb4cf586669cf29497c3da9e0e4e29ba4a1f5ed563afe73,5,3,83240,-0.2504172623157501,-10.205088438644763,-9.830619703403224,-9.830619703403224
KGHM,2017-11,10,xgboost,,13c22b20d1cae287deb4cf586669cf29497c3da9e0e4e29ba4a1f5ed563afe73,5,4,83240,-0.14393924176692963,-10.277695328154682,-10.033046994421985,-10.033046994421985
KGHM,2017-11,10,xgboost,,13c22b20d1cae287deb4cf586669cf29497c3da9e0e4e29ba4a1f5ed563afe73,5,5,83266,-0.0605592206120491,-10.184600165272755,-10.150009511260677,-10.150009511260677
KGHM,2017-11,10,xgboost,,13c22b20d1cae287deb4cf586669cf29497c3da9e0e4e29ba4a1f5ed563afe73,5,6,83213,0.021493175998330116,-10.332318574424455,-10.458724857050347,-10.338549459310183
KGHM,2017-11,10,xgboost,,13c22b20d1cae287deb4cf586669cf29497c3da9e0e4e29ba4a1f5ed563afe73,5,7,83238,0.11213638633489609,-10.015130366824097,-10.245585312286751,-10.015130366824097
KGHM,2017-11,10,xgboost,,13c22b20d1cae287deb4cf586669cf29497c3da9e0e4e29ba4a1f5ed563afe73,5,8,83251,0.21856775879859924,-9.599557863888027,-9.982552747770944,-9.599557863888027
KGHM,2017-11,10,xgboost,,13c22b20d1cae287deb4cf586669cf29497c3da9e0e4e29ba4a1f5ed563afe73,5,9,83230,0.36633607745170593,-8.666211734641232,-9.204944073043228,-8.666211734641232
KGHM,2017-11,10,xgboost,,13c22b20d1cae287deb4cf586669cf29497c3da9e0e4e29ba4a1f5ed563afe73,5,10,83239,0.7019307613372803,-6.6949073812492905,-7.540588224517476,-6.6949073812492905
KGHM,2017-11,20,linear,,dc0f76757a0405d8fed6ce9efdd95f978f9f24bb7c5863fff8cb884804db4b17,0,1,83219,-0.8875902361073058,-8.232481988709322,-6.030063618224081,-6.030063618224081
KGHM,2017-11,20,linear,,dc0f76757a0405d8fed6ce9efdd95f978f9f24bb7c5863fff8cb884804db4b17,0,2,83219,-0.6208149057108168,-9.735272987542215,-8.429366129389935,-8.429366129389935
KGHM,2017-11,20,linear,,dc0f76757a0405d8fed6ce9efdd95f978f9f24bb7c5863fff8cb884804db4b17,0,3,83219,-0.434848404421252,-10.502034318904714,-9.677045890617913,-9.677045890617913
KGHM,2017-11,20,linear,,dc0f76757a0405d8fed6ce9efdd95f978f9f24bb7c5863fff8cb884804db4b17,0,4,83231,-0.2707717646306751,-10.729753013913337,-10.297295145214783,-10.297295145214783
KGHM,2017-11,20,linear,,dc0f76757a0405d8fed6ce9efdd95f978f9f24bb7c5863fff8cb884804db4b17,0,5,83211,-0.11614598426690491,-10.729211738813564,-10.654934963781773,-10.654934963781773
KGHM,2017-11,20,linear,,dc0f76757a0405d8fed6ce9efdd95f978f9f24bb7c5863fff8cb884804db4b17,0,6,83217,0.04041189593477671,-10.59264453090721,-10.7869914554784,-10.605284006945867
KGHM,2017-11,20,linear,,dc0f76757a0405d8fed6ce9efdd95f978f9f24bb7c5863fff8cb884804db4b17,0,7,83217,0.20407945018633622,-10.187088350218488,-10.72339384544823,-10.187088350218488
KGHM,2017-11,20,linear,,dc0f76757a0405d8fed6ce9efdd95f978f9f24bb7c5863fff8cb884804db4b17,0,8,83217,0.3787994557698529,-9.626318941446998,-10.363196322125853,-9.626318941446998
KGHM,2017-11,20,linear,,dc0f76757a0405d8fed6ce9efdd95f978f9f24bb7c5863fff8cb884804db4b17,0,9,83221,0.5745283026577236,-8.19453731000563,-9.319010244474255,-8.19453731000563
KGHM,2017-11,20,linear,,dc0f76757a0405d8fed6ce9efdd95f978f9f24bb7c5863fff8cb884804db4b17,0,10,83217,0.8541547636564315,-5.834928096706989,-7.93140840534894,-5.834928096706989
KGHM,2017-11,20,linear,,dc0f76757a0405d8fed6ce9efdd95f978f9f24bb7c5863fff8cb884804db4b17,1,1,83219,-0.8875902361073058,-8.262483499746335,-6.2787421069145175,-6.2787421069145175
KGHM,2017-11,20,linear,,dc0f76757a0405d8fed6ce9efdd95f978f9f24bb7c5863fff8cb884804db4b17,1,2,83219,-0.6208149057108168,-9.702994528478325,-8.489124063817023,-8.489124063817023
KGHM,2017-11,20,linear,,dc0f76757a0405d8fed6ce9efdd95f978f9f24bb7c5863fff8cb884804db4b17,1,3,83219,-0.434848404421252,-10.440509839152801,-9.659338277516298,-9.659338277516298
KGHM,2017-11,20,linear,,dc0f76757a0405d8fed6ce9efdd95f978f9f24bb7c5863fff8cb884804db4b17,1,4,83231,-0.2707717646306751,-10.672931717940335,-10.251166588865209,-10.251166588865209
KGHM,2017-11,20,linear,,dc0f76757a0405d8fed6ce9efdd95f978f9f24bb7c5863fff8cb884804db4b17,1,5,83211,-0.11614598426690491,-10.665872436803872,-10.589238995526042,-10.589238995526042
KGHM,2017-11,20,linear,,dc0f76757a0405d8fed6ce9efdd95f978f9f24bb7c5863fff8cb884804db4b17,1,6,83217,0.04041189593477671,-10.538844842863407,-10.720934764452263,-10.545509634834374
KGHM,2017-11,20,linear,,dc0f76757a0405d8fed6ce9efdd95f978f9f24bb7c5863fff8cb884804db4b17,1,7,83217,0.20407945018633622,-10.144446310888688,-10.662125599255344,-10.144446310888688
KGHM,2017-11,20,linear,,dc0f76757a0405d8fed6ce9efdd95f978f9f24bb7c5863fff8cb884804db4b17,1,8,83217,0.3787994557698529,-9.604934843519079,-10.313157072323754,-9.604934843519079
KGHM,2017-11,20,linear,,dc0f76757a0405d8fed6ce9efdd95f978f9f24bb7c5863fff8cb884804db4b17,1,9,83221,0.5745283026577236,-8.236885773535203,-9.290192921337791,-8.236885773535203
KGHM,2017-11,20,linear,,dc0f76757a0405d8fed6ce9efdd95f978f9f24bb7c5863fff8cb884804db4b17,1,10,83217,0.8541547636564315,-6.09505213884941,-7.959045119409433,-6.09505213884941
KGHM,2017-11,20,linear,,dc0f76757a0405d8fed6ce9efdd95f978f9f24bb7c5863fff8cb884804db4b17,5,1,83219,-0.8875902361073058,-8.255957009151784,-6.718473302276516,-6.718473302276516
KGHM,2017-11,20,linear,,dc0f76757a0405d8fed6ce9efdd95f978f9f24bb7c5863fff8cb884804db4b17,5,2,83219,-0.6208149057108168,-9.600685494626047,-8.64720039395414,-8.64720039395414
KGHM,2017-11,20,linear,,dc0f76757a0405d8fed6ce9efdd95f978f9f24bb7c5863fff8cb884804db4b17,5,3,83219,-0.434848404421252,-10.310959776629838,-9.678296174777687,-9.678296174777687
KGHM,2017-11,20,linear,,dc0f76757a0405d8fed6ce9efdd95f978f9f24bb7c5863fff8cb884804db4b17,5,4,83231,-0.2707717646306751,-10.556450722904378,-10.1885102054587,-10.1885102054587
KGHM,2017-11,20,linear,,dc0f76757a0405d8fed6ce9efdd95f978f9f24bb7c5863fff8cb884804db4b17,5,5,83211,-0.11614598426690491,-10.570964301242,-10.481743017954106,-10.481743017954106
KGHM,2017-11,20,linear,,dc0f76757a0405d8fed6ce9efdd95f978f9f24bb7c5863fff8cb884804db4b17,5,6,83217,0.04041189593477671,-10.474453204600984,-10.595934559542112,-10.46746709547363
KGHM,2017-11,20,linear,,dc0f76757a0405d8fed6ce9efdd95f978f9f24bb7c5863fff8cb884804db4b17,5,7,83217,0.20407945018633622,-10.107895164672101,-10.54527555346999,-10.107895164672101
KGHM,2017-11,20,linear,,dc0f76757a0405d8fed6ce9efdd95f978f9f24bb7c5863fff8cb884804db4b17,5,8,83217,0.3787994557698529,-9.61534087574385,-10.187485113289592,-9.61534087574385
KGHM,2017-11,20,linear,,dc0f76757a0405d8fed6ce9efdd95f978f9f24bb7c5863fff8cb884804db4b17,5,9,83221,0.5745283026577236,-8.359980219018505,-9.198426953805258,-8.359980219018505
KGHM,2017-11,20,linear,,dc0f76757a0405d8fed6ce9efdd95f978f9f24bb7c5863fff8cb884804db4b17,5,10,83217,0.8541547636564315,-6.5143088947769465,-7.973642318777967,-6.5143088947769465
KGHM,2017-11,20,xgboost,,a41eb381001193e13dcc47d3676b6828b619768477e5039df789972bb1759ac1,0,1,83219,-1.0616556406021118,-8.797488569856482,-6.490994671021277,-6.490994671021277
KGHM,2017-11,20,xgboost,,a41eb381001193e13dcc47d3676b6828b619768477e5039df789972bb1759ac1,0,2,83230,-0.6345654129981995,-10.554120106295935,-9.26167227620838,-9.26167227620838
KGHM,2017-11,20,xgboost,,a41eb381001193e13dcc47d3676b6828b619768477e5039df789972bb1759ac1,0,3,83209,-0.4069260060787201,-10.483647208376023,-9.604248038299568,-9.604248038299568
KGHM,2017-11,20,xgboost,,a41eb381001193e13dcc47d3676b6828b619768477e5039df789972bb1759ac1,0,4,83219,-0.23913627862930298,-10.35653082763916,-9.927174146081583,-9.927174146081583
KGHM,2017-11,20,xgboost,,a41eb381001193e13dcc47d3676b6828b619768477e5039df789972bb1759ac1,0,5,83222,-0.10196276009082794,-10.44289953470052,-10.357128146736443,-10.357128146736443
KGHM,2017-11,20,xgboost,,a41eb381001193e13dcc47d3676b6828b619768477e5039df789972bb1759ac1,0,6,83214,0.034379176795482635,-10.1150424225071,-10.351914053774145,-10.1346006627116
KGHM,2017-11,20,xgboost,,a41eb381001193e13dcc47d3676b6828b619768477e5039df789972bb1759ac1,0,7,83218,0.17933021485805511,-9.935976175379203,-10.409907994565538,-9.935976175379203
KGHM,2017-11,20,xgboost,,a41eb381001193e13dcc47d3676b6828b619768477e5039df789972bb1759ac1,0,8,83219,0.3474780023097992,-9.526373465575267,-10.294517629802371,-9.526373465575267
KGHM,2017-11,20,xgboost,,a41eb381001193e13dcc47d3676b6828b619768477e5039df789972bb1759ac1,0,9,83219,0.5665594339370728,-8.260999159887481,-9.470479222587699,-8.260999159887481
KGHM,2017-11,20,xgboost,,a41eb381001193e13dcc47d3676b6828b619768477e5039df789972bb1759ac1,0,10,83219,1.0073797702789307,-5.891250934501933,-8.044701303573369,-5.891250934501933
KGHM,2017-11,20,xgboost,,a41eb381001193e13dcc47d3676b6828b619768477e5039df789972bb1759ac1,1,1,83219,-1.0616556406021118,-8.793851497343747,-6.7312421383950545,-6.7312421383950545
KGHM,2017-11,20,xgboost,,a41eb381001193e13dcc47d3676b6828b619768477e5039df789972bb1759ac1,1,2,83230,-0.6345654129981995,-10.495520049791896,-9.264022975986263,-9.264022975986263
KGHM,2017-11,20,xgboost,,a41eb381001193e13dcc47d3676b6828b619768477e5039df789972bb1759ac1,1,3,83209,-0.4069260060787201,-10.435119911279706,-9.595490743570167,-9.595490743570167
KGHM,2017-11,20,xgboost,,a41eb381001193e13dcc47d3676b6828b619768477e5039df789972bb1759ac1,1,4,83219,-0.23913627862930298,-10.311211481096995,-9.900308731441001,-9.900308731441001
KGHM,2017-11,20,xgboost,,a41eb381001193e13dcc47d3676b6828b619768477e5039df789972bb1759ac1,1,5,83222,-0.10196276009082794,-10.40331574635671,-10.313539251496048,-10.313539251496048
KGHM,2017-11,20,xgboost,,a41eb381001193e13dcc47d3676b6828b619768477e5039df789972bb1759ac1,1,6,83214,0.034379176795482635,-10.084129912006695,-10.304531072204325,-10.102451313534878
KGHM,2017-11,20,xgboost,,a41eb381001193e13dcc47d3676b6828b619768477e5039df789972bb1759ac1,1,7,83218,0.17933021485805511,-9.895683762485849,-10.367931445265585,-9.895683762485849
KGHM,2017-11,20,xgboost,,a41eb381001193e13dcc47d3676b6828b619768477e5039df789972bb1759ac1,1,8,83219,0.3474780023097992,-9.503732439414552,-10.248472673769326,-9.503732439414552
KGHM,2017-11,20,xgboost,,a41eb381001193e13dcc47d3676b6828b619768477e5039df789972bb1759ac1,1,9,83219,0.5665594339370728,-8.282127075798337,-9.434067050735228,-8.282127075798337
KGHM,2017-11,20,xgboost,,a41eb381001193e13dcc47d3676b6828b619768477e5039df789972bb1759ac1,1,10,83219,1.0073797702789307,-6.160317677143427,-8.053490315793736,-6.160317677143427
KGHM,2017-11,20,xgboost,,a41eb381001193e13dcc47d3676b6828b619768477e5039df789972bb1759ac1,5,1,83219,-1.0616556406021118,-8.71676365545598,-7.183648013658012,-7.183648013658012
KGHM,2017-11,20,xgboost,,a41eb381001193e13dcc47d3676b6828b619768477e5039df789972bb1759ac1,5,2,83230,-0.6345654129981995,-10.35154594412415,-9.37140684578148,-9.37140684578148
KGHM,2017-11,20,xgboost,,a41eb381001193e13dcc47d3676b6828b619768477e5039df789972bb1759ac1,5,3,83209,-0.4069260060787201,-10.332207151959434,-9.657808228901699,-9.657808228901699
KGHM,2017-11,20,xgboost,,a41eb381001193e13dcc47d3676b6828b619768477e5039df789972bb1759ac1,5,4,83219,-0.23913627862930298,-10.22090074838304,-9.85407446068496,-9.85407446068496
KGHM,2017-11,20,xgboost,,a41eb381001193e13dcc47d3676b6828b619768477e5039df789972bb1759ac1,5,5,83222,-0.10196276009082794,-10.325993473283898,-10.197076260721639,-10.197076260721639
KGHM,2017-11,20,xgboost,,a41eb381001193e13dcc47d3676b6828b619768477e5039df789972bb1759ac1,5,6,83214,0.034379176795482635,-10.040851614130462,-10.18857577665146,-10.047852293758494
KGHM,2017-11,20,xgboost,,a41eb381001193e13dcc47d3676b6828b619768477e5039df789972bb1759ac1,5,7,83218,0.17933021485805511,-9.84847138829765,-10.258896493485965,-9.84847138829765
KGHM,2017-11,20,xgboost,,a41eb381001193e13dcc47d3676b6828b619768477e5039df789972bb1759ac1,5,8,83219,0.3474780023097992,-9.514701778388723,-10.127102377587484,-9.514701778388723
KGHM,2017-11,20,xgboost,,a41eb381001193e13dcc47d3676b6828b619768477e5039df789972bb1759ac1,5,9,83219,0.5665594339370728,-8.412795831460693,-9.352337723884007,-8.412795831460693
KGHM,2017-11,20,xgboost,,a41eb381001193e13dcc47d3676b6828b619768477e5039df789972bb1759ac1,5,10,83219,1.0073797702789307,-6.602811368448223,-8.024089092055098,-6.602811368448223
KGHM,2017-11,50,linear,,cc76ddb09f9c660d63c8c4d50d45b460ffaa407619dc5e4e9937f98b4edfe664,0,1,83156,-1.371225129675807,-9.501877022963612,-6.180189653458048,-6.180189653458048
KGHM,2017-11,50,linear,,cc76ddb09f9c660d63c8c4d50d45b460ffaa407619dc5e4e9937f98b4edfe664,0,2,83158,-0.9892784053996947,-10.488887327004658,-8.451562587908908,-8.451562587908908
KGHM,2017-11,50,linear,,cc76ddb09f9c660d63c8c4d50d45b460ffaa407619dc5e4e9937f98b4edfe664,0,3,83154,-0.7071834373058423,-10.624392661773092,-9.324195133924416,-9.324195133924416
KGHM,2017-11,50,linear,,cc76ddb09f9c660d63c8c4d50d45b460ffaa407619dc5e4e9937f98b4edfe664,0,4,83156,-0.44755166226869875,-10.582655793087373,-9.866015268574033,-9.866015268574033
KGHM,2017-11,50,linear,,cc76ddb09f9c660d63c8c4d50d45b460ffaa407619dc5e4e9937f98b4edfe664,0,5,83155,-0.19947001614502008,-10.260629215671461,-10.061730950642392,-10.061730950642392
KGHM,2017-11,50,linear,,cc76ddb09f9c660d63c8c4d50d45b460ffaa407619dc5e4e9937f98b4edfe664,0,6,83158,0.05447807233737225,-10.130416978448732,-10.292102527828769,-10.086824015937012
KGHM,2017-11,50,linear,,cc76ddb09f9c660d63c8c4d50d45b460ffaa407619dc5e4e9937f98b4edfe664,0,7,83167,0.3151596844546982,-9.693842960733647,-10.44437170083736,-9.693842960733647
KGHM,2017-11,50,linear,,cc76ddb09f9c660d63c8c4d50d45b460ffaa407619dc5e4e9937f98b4edfe664,0,8,83142,0.5911348205707823,-9.218250747417294,-10.394675953062803,-9.218250747417294
KGHM,2017-11,50,linear,,cc76ddb09f9c660d63c8c4d50d45b460ffaa407619dc5e4e9937f98b4edfe664,0,9,83157,0.885135860992604,-8.078090972426553,-9.88979735100775,-8.078090972426553
KGHM,2017-11,50,linear,,cc76ddb09f9c660d63c8c4d50d45b460ffaa407619dc5e4e9937f98b4edfe664,0,10,83155,1.2943448223597944,-5.8902824905437425,-9.190544640930892,-5.8902824905437425
KGHM,2017-11,50,linear,,cc76ddb09f9c660d63c8c4d50d45b460ffaa407619dc5e4e9937f98b4edfe664,1,1,83156,-1.371225129675807,-9.489744219443702,-6.420342675782281,-6.420342675782281
KGHM,2017-11,50,linear,,cc76ddb09f9c660d63c8c4d50d45b460ffaa407619dc5e4e9937f98b4edfe664,1,2,83158,-0.9892784053996947,-10.443928103654947,-8.51795611261885,-8.51795611261885
KGHM,2017-11,50,linear,,cc76ddb09f9c660d63c8c4d50d45b460ffaa407619dc5e4e9937f98b4edfe664,1,3,83154,-0.7071834373058423,-10.561395382087262,-9.31854214547695,-9.31854214547695
KGHM,2017-11,50,linear,,cc76ddb09f9c660d63c8c4d50d45b460ffaa407619dc5e4e9937f98b4edfe664,1,4,83156,-0.44755166226869875,-10.522931386256579,-9.832134475535948,-9.832134475535948
KGHM,2017-11,50,linear,,cc76ddb09f9c660d63c8c4d50d45b460ffaa407619dc5e4e9937f98b4edfe664,1,5,83155,-0.19947001614502008,-10.213909474164755,-10.015255730504343,-10.015255730504343
KGHM,2017-11,50,linear,,cc76ddb09f9c660d63c8c4d50d45b460ffaa407619dc5e4e9937f98b4edfe664,1,6,83158,0.05447807233737225,-10.083797456817116,-10.235509976946712,-10.039813234906452
KGHM,2017-11,50,linear,,cc76ddb09f9c660d63c8c4d50d45b460ffaa407619dc5e4e9937f98b4edfe664,1,7,83167,0.3151596844546982,-9.665590944728946,-10.389067942061628,-9.665590944728946
KGHM,2017-11,50,linear,,cc76ddb09f9c660d63c8c4d50d45b460ffaa407619dc5e4e9937f98b4edfe664,1,8,83142,0.5911348205707823,-9.211206944425646,-10.33997344679428,-9.211206944425646
KGHM,2017-11,50,linear,,cc76ddb09f9c660d63c8c4d50d45b460ffaa407619dc5e4e9937f98b4edfe664,1,9,83157,0.885135860992604,-8.12795270841165,-9.844120592354509,-8.12795270841165
KGHM,2017-11,50,linear,,cc76ddb09f9c660d63c8c4d50d45b460ffaa407619dc5e4e9937f98b4edfe664,1,10,83155,1.2943448223597944,-6.1491576095989355,-9.183096193256471,-6.1491576095989355
KGHM,2017-11,50,linear,,cc76ddb09f9c660d63c8c4d50d45b460ffaa407619dc5e4e9937f98b4edfe664,5,1,83156,-1.371225129675807,-9.335718718297672,-6.856726636702785,-6.856726636702785
KGHM,2017-11,50,linear,,cc76ddb09f9c660d63c8c4d50d45b460ffaa407619dc5e4e9937f98b4edfe664,5,2,83158,-0.9892784053996947,-10.3026261313244,-8.690412922256666,-8.690412922256666
KGHM,2017-11,50,linear,,cc76ddb09f9c660d63c8c4d50d45b460ffaa407619dc5e4e9937f98b4edfe664,5,3,83154,-0.7071834373058423,-10.411415347570319,-9.39136816628591,-9.39136816628591
KGHM,2017-11,50,linear,,cc76ddb09f9c660d63c8c4d50d45b460ffaa407619dc5e4e9937f98b4edfe664,5,4,83156,-0.44755166226869875,-10.404946029612368,-9.791443090030812,-9.791443090030812
KGHM,2017-11,50,linear,,cc76ddb09f9c660d63c8c4d50d45b460ffaa407619dc5e4e9937f98b4edfe664,5,5,83155,-0.19947001614502008,-10.162294844588867,-9.950709388698405,-9.950709388698405
KGHM,2017-11,50,linear,,cc76ddb09f9c660d63c8c4d50d45b460ffaa407619dc5e4e9937f98b4edfe664,5,6,83158,0.05447807233737225,-10.037317148577454,-10.151131755330546,-9.997173608544331
KGHM,2017-11,50,linear,,cc76ddb09f9c660d63c8c4d50d45b460ffaa407619dc5e4e9937f98b4edfe664,5,7,83167,0.3151596844546982,-9.672334647831875,-10.28815015007055,-9.672334647831875
KGHM,2017-11,50,linear,,cc76ddb09f9c660d63c8c4d50d45b460ffaa407619dc5e4e9937f98b4edfe664,5,8,83142,0.5911348205707823,-9.262666928520431,-10.210671979722017,-9.262666928520431
KGHM,2017-11,50,linear,,cc76ddb09f9c660d63c8c4d50d45b460ffaa407619dc5e4e9937f98b4edfe664,5,9,83157,0.885135860992604,-8.28216150801488,-9.695057533513015,-8.28216150801488
KGHM,2017-11,50,linear,,cc76ddb09f9c660d63c8c4d50d45b460ffaa407619dc5e4e9937f98b4edfe664,5,10,83155,1.2943448223597944,-6.599002418863515,-9.074131015805973,-6.599002418863515
KGHM,2017-11,50,xgboost,,b04b45c6a7cb4aa95878a213dffdb6956f4e793993d989b5745548f96dc74c62,0,1,83156,-1.5779908895492554,-10.315369631017223,-6.884246910918141,-6.884246910918141
KGHM,2017-11,50,xgboost,,b04b45c6a7cb4aa95878a213dffdb6956f4e793993d989b5745548f96dc74c62,0,2,83170,-1.0265530347824097,-10.776950977675552,-8.785278930924962,-8.785278930924962
KGHM,2017-11,50,xgboost,,b04b45c6a7cb4aa95878a213dffdb6956f4e793993d989b5745548f96dc74c62,0,3,83144,-0.6845551133155823,-10.803050150414755,-9.364069215705227,-9.364069215705227
KGHM,2017-11,50,xgboost,,b04b45c6a7cb4aa95878a213dffdb6956f4e793993d989b5745548f96dc74c62,0,4,83153,-0.41142433881759644,-10.252570800301735,-9.4998312675263,-9.4998312675263
KGHM,2017-11,50,xgboost,,b04b45c6a7cb4aa95878a213dffdb6956f4e793993d989b5745548f96dc74c62,0,5,83158,-0.1785125583410263,-10.174206082898275,-9.87231011866165,-9.87231011866165
KGHM,2017-11,50,xgboost,,b04b45c6a7cb4aa95878a213dffdb6956f4e793993d989b5745548f96dc74c62,0,6,83162,0.037650804966688156,-9.67937124911431,-9.958986260949995,-9.74852192506104
KGHM,2017-11,50,xgboost,,b04b45c6a7cb4aa95878a213dffdb6956f4e793993d989b5745548f96dc74c62,0,7,83156,0.27288979291915894,-9.40813537698199,-10.147024038111306,-9.40813537698199
KGHM,2017-11,50,xgboost,,b04b45c6a7cb4aa95878a213dffdb6956f4e793993d989b5745548f96dc74c62,0,8,83152,0.5413629412651062,-8.9443610814088,-10.247270446277165,-8.9443610814088
KGHM,2017-11,50,xgboost,,b04b45c6a7cb4aa95878a213dffdb6956f4e793993d989b5745548f96dc74c62,0,9,83151,0.8780429363250732,-8.054821021593117,-9.890821881566696,-8.054821021593117
KGHM,2017-11,50,xgboost,,b04b45c6a7cb4aa95878a213dffdb6956f4e793993d989b5745548f96dc74c62,0,10,83156,1.4992177486419678,-6.060449364720366,-9.445438791427787,-6.060449364720366
KGHM,2017-11,50,xgboost,,b04b45c6a7cb4aa95878a213dffdb6956f4e793993d989b5745548f96dc74c62,1,1,83156,-1.5779908895492554,-10.275253763450804,-7.1019582587108525,-7.1019582587108525
KGHM,2017-11,50,xgboost,,b04b45c6a7cb4aa95878a213dffdb6956f4e793993d989b5745548f96dc74c62,1,2,83170,-1.0265530347824097,-10.71790225334753,-8.81350282491899,-8.81350282491899
KGHM,2017-11,50,xgboost,,b04b45c6a7cb4aa95878a213dffdb6956f4e793993d989b5745548f96dc74c62,1,3,83144,-0.6845551133155823,-10.741708969243552,-9.362879315807831,-9.362879315807831
KGHM,2017-11,50,xgboost,,b04b45c6a7cb4aa95878a213dffdb6956f4e793993d989b5745548f96dc74c62,1,4,83153,-0.41142433881759644,-10.20683093622544,-9.481648260092634,-9.481648260092634
KGHM,2017-11,50,xgboost,,b04b45c6a7cb4aa95878a213dffdb6956f4e793993d989b5745548f96dc74c62,1,5,83158,-0.1785125583410263,-10.146650991335138,-9.848493140117212,-9.848493140117212
KGHM,2017-11,50,xgboost,,b04b45c6a7cb4aa95878a213dffdb6956f4e793993d989b5745548f96dc74c62,1,6,83162,0.037650804966688156,-9.65300778549777,-9.918527878844907,-9.720541106081857
KGHM,2017-11,50,xgboost,,b04b45c6a7cb4aa95878a213dffdb6956f4e793993d989b5745548f96dc74c62,1,7,83156,0.27288979291915894,-9.389239425573075,-10.106112784497235,-9.389239425573075
KGHM,2017-11,50,xgboost,,b04b45c6a7cb4aa95878a213dffdb6956f4e793993d989b5745548f96dc74c62,1,8,83152,0.5413629412651062,-8.94076081862368,-10.195665764159486,-8.94076081862368
KGHM,2017-11,50,xgboost,,b04b45c6a7cb4aa95878a213dffdb6956f4e793993d989b5745548f96dc74c62,1,9,83151,0.8780429363250732,-8.08158842559231,-9.843342161479072,-8.08158842559231
KGHM,2017-11,50,xgboost,,b04b45c6a7cb4aa95878a213dffdb6956f4e793993d989b5745548f96dc74c62,1,10,83156,1.4992177486419678,-6.316628676789889,-9.423955936868408,-6.316628676789889
KGHM,2017-11,50,xgboost,,b04b45c6a7cb4aa95878a213dffdb6956f4e793993d989b5745548f96dc74c62,5,1,83156,-1.5779908895492554,-10.045811865172471,-7.525480061191864,-7.525480061191864
KGHM,2017-11,50,xgboost,,b04b45c6a7cb4aa95878a213dffdb6956f4e793993d989b5745548f96dc74c62,5,2,83170,-1.0265530347824097,-10.553737100017738,-8.965915858413208,-8.965915858413208
KGHM,2017-11,50,xgboost,,b04b45c6a7cb4aa95878a213dffdb6956f4e793993d989b5745548f96dc74c62,5,3,83144,-0.6845551133155823,-10.599725215972606,-9.446936724749946,-9.446936724749946
KGHM,2017-11,50,xgboost,,b04b45c6a7cb4aa95878a213dffdb6956f4e793993d989b5745548f96dc74c62,5,4,83153,-0.41142433881759644,-10.12613134225739,-9.471883881472655,-9.471883881472655
KGHM,2017-11,50,xgboost,,b04b45c6a7cb4aa95878a213dffdb6956f4e793993d989b5745548f96dc74c62,5,5,83158,-0.1785125583410263,-10.098003409492216,-9.79268352548477,-9.79268352548477
KGHM,2017-11,50,xgboost,,b04b45c6a7cb4aa95878a213dffdb6956f4e793993d989b5745548f96dc74c62,5,6,83162,0.037650804966688156,-9.633934332279633,-9.844631547302034,-9.68854101344535
KGHM,2017-11,50,xgboost,,b04b45c6a7cb4aa95878a213dffdb6956f4e793993d989b5745548f96dc74c62,5,7,83156,0.27288979291915894,-9.40652018371265,-10.014030352098343,-9.40652018371265
KGHM,2017-11,50,xgboost,,b04b45c6a7cb4aa95878a213dffdb6956f4e793993d989b5745548f96dc74c62,5,8,83152,0.5413629412651062,-9.005964101285178,-10.066563730997062,-9.005964101285178
KGHM,2017-11,50,xgboost,,b04b45c6a7cb4aa95878a213dffdb6956f4e793993d989b5745548f96dc74c62,5,9,83151,0.8780429363250732,-8.244772553003079,-9.706603781770786,-8.244772553003079
KGHM,2017-11,50,xgboost,,b04b45c6a7cb4aa95878a213dffdb6956f4e793993d989b5745548f96dc74c62,5,10,83156,1.4992177486419678,-6.755849553288578,-9.265147649440648,-6.755849553288578
PKNORLEN,2017-04,10,linear,,1199d794b8da3956327c1fb252180801afe346209319f6c7828a9dfe3d2a7be1,0,1,67602,-0.38816886229407066,-6.718741564602139,-5.5101161840164785,-5.5101161840164785
PKNORLEN,2017-04,10,linear,,1199d794b8da3956327c1fb252180801afe346209319f6c7828a9dfe3d2a7be1,0,2,67602,-0.27498386601434116,-8.889143794811833,-8.088610054446226,-8.088610054446226
PKNORLEN,2017-04,10,linear,,1199d794b8da3956327c1fb252180801afe346209319f6c7828a9dfe3d2a7be1,0,3,67602,-0.19117164228744987,-9.765149536804495,-9.32014394731351,-9.32014394731351
PKNORLEN,2017-04,10,linear,,1199d794b8da3956327c1fb252180801afe346209319f6c7828a9dfe3d2a7be1,0,4,67602,-0.11433357036211493,-10.44428495371784,-10.289859244344353,-10.289859244344353
PKNORLEN,2017-04,10,linear,,1199d794b8da3956327c1fb252180801afe346209319f6c7828a9dfe3d2a7be1,0,5,67602,-0.04726135752033182,-11.039471928362628,-10.971218606102429,-10.971218606102429
PKNORLEN,2017-04,10,linear,,1199d794b8da3956327c1fb252180801afe346209319f6c7828a9dfe3d2a7be1,0,6,67601,0.015781230721448058,-10.189981275499981,-10.201902968295885,-10.166423802602564
PKNORLEN,2017-04,10,linear,,1199d794b8da3956327c1fb252180801afe346209319f6c7828a9dfe3d2a7be1,0,7,67606,0.08781158869674495,-9.109951649455473,-9.36987625004165,-9.109951649455473
PKNORLEN,2017-04,10,linear,,1199d794b8da3956327c1fb252180801afe346209319f6c7828a9dfe3d2a7be1,0,8,67597,0.1725612421157601,-8.317751075956902,-8.779228756924459,-8.317751075956902
PKNORLEN,2017-04,10,linear,,1199d794b8da3956327c1fb252180801afe346209319f6c7828a9dfe3d2a7be1,0,9,67602,0.26617731391630317,-7.399919671434101,-8.253684411050381,-7.399919671434101
PKNORLEN,2017-04,10,linear,,1199d794b8da3956327c1fb252180801afe346209319f6c7828a9dfe3d2a7be1,0,10,67602,0.39304470169311,-5.301856469720517,-6.606596380402718,-5.301856469720517
PKNORLEN,2017-04,10,linear,,1199d794b8da3956327c1fb252180801afe346209319f6c7828a9dfe3d2a7be1,1,1,67602,-0.38816886229407066,-6.772473809608309,-5.685813049092412,-5.685813049092412
PKNORLEN,2017-04,10,linear,,1199d794b8da3956327c1fb252180801afe346209319f6c7828a9dfe3d2a7be1,1,2,67602,-0.27498386601434116,-8.880232985850103,-8.121270974526,-8.121270974526
PKNORLEN,2017-04,10,linear,,1199d794b8da3956327c1fb252180801afe346209319f6c7828a9dfe3d2a7be1,1,3,67602,-0.19117164228744987,-9.72513858507865,-9.281421152202338,-9.281421152202338
PKNORLEN,2017-04,10,linear,,1199d794b8da3956327c1fb252180801afe346209319f6c7828a9dfe3d2a7be1,1,4,67602,-0.11433357036211493,-10.374390118481628,-10.220229460306383,-10.220229460306383
PKNORLEN,2017-04,10,linear,,1199d794b8da3956327c1fb252180801afe346209319f6c7828a9dfe3d2a7be1,1,5,67602,-0.04726135752033182,-10.966428406416263,-10.90190247242556,-10.90190247242556
PKNORLEN,2017-04,10,linear,,1199d794b8da3956327c1fb252180801afe346209319f6c7828a9dfe3d2a7be1,1,6,67601,0.015781230721448058,-10.121950128171237,-10.147950715445642,-10.102603542072588
PKNORLEN,2017-04,10,linear,,1199d794b8da3956327c1fb252180801afe346209319f6c7828a9dfe3d2a7be1,1,7,67606,0.08781158869674495,-9.061983778928386,-9.329221013879273,-9.061983778928386
PKNORLEN,2017-04,10,linear,,1199d794b8da3956327c1fb252180801afe346209319f6c7828a9dfe3d2a7be1,1,8,67597,0.1725612421157601,-8.301887109728558,-8.757844188896847,-8.301887109728558
PKNORLEN,2017-04,10,linear,,1199d794b8da3956327c1fb252180801afe346209319f6c7828a9dfe3d2a7be1,1,9,67602,0.26617731391630317,-7.4602906849601744,-8.26772213028767,-7.4602906849601744
PKNORLEN,2017-04,10,linear,,1199d794b8da3956327c1fb252180801afe346209319f6c7828a9dfe3d2a7be1,1,10,67602,0.39304470169311,-5.511457525055854,-6.678115208078398,-5.511457525055854
PKNORLEN,2017-04,10,linear,,1199d794b8da3956327c1fb252180801afe346209319f6c7828a9dfe3d2a7be1,5,1,67602,-0.38816886229407066,-6.898561932326041,-6.039653607703272,-6.039653607703272
PKNORLEN,2017-04,10,linear,,1199d794b8da3956327c1fb252180801afe346209319f6c7828a9dfe3d2a7be1,5,2,67602,-0.27498386601434116,-8.833261763312219,-8.213879169693648,-8.213879169693648
PKNORLEN,2017-04,10,linear,,1199d794b8da3956327c1fb252180801afe346209319f6c7828a9dfe3d2a7be1,5,3,67602,-0.19117164228744987,-9.619154411529395,-9.237420381449379,-9.237420381449379
PKNORLEN,2017-04,10,linear,,1199d794b8da3956327c1fb252180801afe346209319f6c7828a9dfe3d2a7be1,5,4,67602,-0.11433357036211493,-10.201277496142689,-10.054407284929695,-10.054407284929695
PKNORLEN,2017-04,10,linear,,1199d794b8da3956327c1fb252180801afe346209319f6c7828a9dfe3d2a7be1,5,5,67602,-0.04726135752033182,-10.781209761406263,-10.743333850666938,-10.743333850666938
PKNORLEN,2017-04,10,linear,,1199d794b8da3956327c1fb252180801afe346209319f6c7828a9dfe3d2a7be1,5,6,67601,0.015781230721448058,-9.959485057512866,-10.01157991574532,-9.949634546922399
PKNORLEN,2017-04,10,linear,,1199d794b8da3956327c1fb252180801afe346209319f6c7828a9dfe3d2a7be1,5,7,67606,0.08781158869674495,-9.013529981562977,-9.22846528751507,-9.013529981562977
PKNORLEN,2017-04,10,linear,,1199d794b8da3956327c1fb252180801afe346209319f6c7828a9dfe3d2a7be1,5,8,67597,0.1725612421157601,-8.317686223980724,-8.705772996992572,-8.317686223980724
PKNORLEN,2017-04,10,linear,,1199d794b8da3956327c1fb252180801afe346209319f6c7828a9dfe3d2a7be1,5,9,67602,0.26617731391630317,-7.646014674254855,-8.30757498322557,-7.646014674254855
PKNORLEN,2017-04,10,linear,,1199d794b8da3956327c1fb252180801afe346209319f6c7828a9dfe3d2a7be1,5,10,67602,0.39304470169311,-5.905977731611639,-6.850284590901098,-5.905977731611639
PKNORLEN,2017-04,10,xgboost,,c58973ca3a744cfec7104ef45d8b482c87db2de3ec247001cc86456876f89128,0,1,67608,-0.5331183671951294,-8.22062017103995,-6.955893737269619,-6.955893737269619
PKNORLEN,2017-04,10,xgboost,,c58973ca3a744cfec7104ef45d8b482c87db2de3ec247001cc86456876f89128,0,2,67597,-0.29087838530540466,-8.330028731941306,-7.505515289607802,-7.505515289607802
PKNORLEN,2017-04,10,xgboost,,c58973ca3a744cfec7104ef45d8b482c87db2de3ec247001cc86456876f89128,0,3,67654,-0.1831056773662567,-9.331199874996221,-8.866450275585455,-8.866450275585455
PKNORLEN,2017-04,10,xgboost,,c58973ca3a744cfec7104ef45d8b482c87db2de3ec247001cc86456876f89128,0,4,67549,-0.09858084470033646,-9.458819151671499,-9.260027409646959,-9.260027409646959
PKNORLEN,2017-04,10,xgboost,,c58973ca3a744cfec7104ef45d8b482c87db2de3ec247001cc86456876f89128,0,5,67657,-0.03928060829639435,-9.724088200041983,-9.690616530742957,-9.690616530742957
PKNORLEN,2017-04,10,xgboost,,c58973ca3a744cfec7104ef45d8b482c87db2de3ec247001cc86456876f89128,0,6,67546,0.02257542870938778,-10.248999381423983,-10.285287466607716,-10.245664934279654
PKNORLEN,2017-04,10,xgboost,,c58973ca3a744cfec7104ef45d8b482c87db2de3ec247001cc86456876f89128,0,7,67606,0.0717073306441307,-8.751799152845424,-8.991492111897447,-8.751799152845424
PKNORLEN,2017-04,10,xgboost,,c58973ca3a744cfec7104ef45d8b482c87db2de3ec247001cc86456876f89128,0,8,67603,0.158909872174263,-8.896079244985215,-9.356966542186864,-8.896079244985215
PKNORLEN,2017-04,10,xgboost,,c58973ca3a744cfec7104ef45d8b482c87db2de3ec247001cc86456876f89128,0,9,67608,0.2904151678085327,-8.032145503633602,-8.885478249274394,-8.032145503633602
PKNORLEN,2017-04,10,xgboost,,c58973ca3a744cfec7104ef45d8b482c87db2de3ec247001cc86456876f89128,0,10,67590,0.5184784531593323,-6.182684005784769,-7.59416576957423,-6.182684005784769
PKNORLEN,2017-04,10,xgboost,,c58973ca3a744cfec7104ef45d8b482c87db2de3ec247001cc86456876f89128,1,1,67608,-0.5331183671951294,-8.220500385109515,-7.1049314611768635,-7.1049314611768635
PKNORLEN,2017-04,10,xgboost,,c58973ca3a744cfec7104ef45d8b482c87db2de3ec247001cc86456876f89128,1,2,67597,-0.29087838530540466,-8.339689332451073,-7.530107996660494,-7.530107996660494
PKNORLEN,2017-04,10,xgboost,,c58973ca3a744cfec7104ef45d8b482c87db2de3ec247001cc86456876f89128,1,3,67654,-0.1831056773662567,-9.296582891088589,-8.835123522147791,-8.835123522147791
PKNORLEN,2017-04,10,xgboost,,c58973ca3a744cfec7104ef45d8b482c87db2de3ec247001cc86456876f89128,1,4,67549,-0.09858084470033646,-9.42116154695665,-9.219331613138854,-9.219331613138854
PKNORLEN,2017-04,10,xgboost,,c58973ca3a744cfec7104ef45d8b482c87db2de3ec247001cc86456876f89128,1,5,67657,-0.03928060829639435,-9.674955295752111,-9.645361272901761,-9.645361272901761
PKNORLEN,2017-04,10,xgboost,,c58973ca3a744cfec7104ef45d8b482c87db2de3ec247001cc86456876f89128,1,6,67546,0.02257542870938778,-10.195306516080393,-10.230728986990671,-10.19175528166587
PKNORLEN,2017-04,10,xgboost,,c58973ca3a744cfec7104ef45d8b482c87db2de3ec247001cc86456876f89128,1,7,67606,0.0717073306441307,-8.713372140697212,-8.965464737503167,-8.713372140697212
PKNORLEN,2017-04,10,xgboost,,c58973ca3a744cfec7104ef45d8b482c87db2de3ec247001cc86456876f89128,1,8,67603,0.158909872174263,-8.872433433478687,-9.341439968889338,-8.872433433478687
PKNORLEN,2017-04,10,xgboost,,c58973ca3a744cfec7104ef45d8b482c87db2de3ec247001cc86456876f89128,1,9,67608,0.2904151678085327,-8.055788247145662,-8.887304670655956,-8.055788247145662
PKNORLEN,2017-04,10,xgboost,,c58973ca3a744cfec7104ef45d8b482c87db2de3ec247001cc86456876f89128,1,10,67590,0.5184784531593323,-6.386684245098202,-7.632333477817106,-6.386684245098202
PKNORLEN,2017-04,10,xgboost,,c58973ca3a744cfec7104ef45d8b482c87db2de3ec247001cc86456876f89128,5,1,67608,-0.5331183671951294,-8.192628878854185,-7.412776040005108,-7.412776040005108
PKNORLEN,2017-04,10,xgboost,,c58973ca3a744cfec7104ef45d8b482c87db2de3ec247001cc86456876f89128,5,2,67597,-0.29087838530540466,-8.35614357135617,-7.659716563079653,-7.659716563079653
PKNORLEN,2017-04,10,xgboost,,c58973ca3a744cfec7104ef45d8b482c87db2de3ec247001cc86456876f89128,5,3,67654,-0.1831056773662567,-9.237188206799349,-8.794608320094781,-8.794608320094781
PKNORLEN,2017-04,10,xgboost,,c58973ca3a744cfec7104ef45d8b482c87db2de3ec247001cc86456876f89128,5,4,67549,-0.09858084470033646,-9.297013203171483,-9.120525026429856,-9.120525026429856
PKNORLEN,2017-04,10,xgboost,,c58973ca3a744cfec7104ef45d8b482c87db2de3ec247001cc86456876f89128,5,5,67657,-0.03928060829639435,-9.56156584529738,-9.530597142415942,-9.530597142415942
PKNORLEN,2017-04,10,xgboost,,c58973ca3a744cfec7104ef45d8b482c87db2de3ec247001cc86456876f89128,5,6,67546,0.02257542870938778,-10.03470064564386,-10.07694680775479,-10.034745078311474
PKNORLEN,2017-04,10,xgboost,,c58973ca3a744cfec7104ef45d8b482c87db2de3ec247001cc86456876f89128,5,7,67606,0.0717073306441307,-8.64731400695031,-8.881997150065816,-8.64731400695031
PKNORLEN,2017-04,10,xgboost,,c58973ca3a744cfec7104ef45d8b482c87db2de3ec247001cc86456876f89128,5,8,67603,0.158909872174263,-8.863212540038061,-9.291764399756742,-8.863212540038061
PKNORLEN,2017-04,10,xgboost,,c58973ca3a744cfec7104ef45d8b482c87db2de3ec247001cc86456876f89128,5,9,67608,0.2904151678085327,-8.206339052160338,-8.892219882707195,-8.206339052160338
PKNORLEN,2017-04,10,xgboost,,c58973ca3a744cfec7104ef45d8b482c87db2de3ec247001cc86456876f89128,5,10,67590,0.5184784531593323,-6.780264154682799,-7.731782821015181,-6.780264154682799
PKNORLEN,2017-04,20,linear,,2397099eee9643d89c8c38a0b53a3e96c3e6601e1a1d72e7702a9c378f1515a7,0,1,67587,-0.5922117405356814,-7.646459969220573,-5.716673887283445,-5.716673887283445
PKNORLEN,2017-04,20,linear,,2397099eee9643d89c8c38a0b53a3e96c3e6601e1a1d72e7702a9c378f1515a7,0,2,67581,-0.4350736248503629,-9.565714060547993,-8.243049151635136,-8.243049151635136
PKNORLEN,2017-04,20,linear,,2397099eee9643d89c8c38a0b53a3e96c3e6601e1a1d72e7702a9c378f1515a7,0,3,67588,-0.3063478192748931,-9.541025300338076,-8.805412675450413,-8.805412675450413
PKNORLEN,2017-04,20,linear,,2397099eee9643d89c8c38a0b53a3e96c3e6601e1a1d72e7702a9c378f1515a7,0,4,67579,-0.1816075114115452,-9.612997403119426,-9.24957829807116,-9.24957829807116
PKNORLEN,2017-04,20,linear,,2397099eee9643d89c8c38a0b53a3e96c3e6601e1a1d72e7702a9c378f1515a7,0,5,67584,-0.06829223585159301,-10.20180083787211,-10.079063445907087,-10.079063445907087
PKNORLEN,2017-04,20,linear,,2397099eee9643d89c8c38a0b53a3e96c3e6601e1a1d72e7702a9c378f1515a7,0,6,67587,0.034568936390992885,-9.842698834304127,-9.944338368073838,-9.850795139472824
PKNORLEN,2017-04,20,linear,,2397099eee9643d89c8c38a0b53a3e96c3e6601e1a1d72e7702a9c378f1515a7,0,7,67580,0.14704781878490908,-9.212864041079616,-9.654949512609027,-9.212864041079616
PKNORLEN,2017-04,20,linear,,2397099eee9643d89c8c38a0b53a3e96c3e6601e1a1d72e7702a9c378f1515a7,0,8,67586,0.2755938918640596,-8.358061047712047,-9.151107130653395,-8.358061047712047
PKNORLEN,2017-04,20,linear,,2397099eee9643d89c8c38a0b53a3e96c3e6601e1a1d72e7702a9c378f1515a7,0,9,67582,0.4140056814072469,-7.553482335598168,-9.008504594648294,-7.553482335598168
PKNORLEN,2017-04,20,linear,,2397099eee9643d89c8c38a0b53a3e96c3e6601e1a1d72e7702a9c378f1515a7,0,10,67584,0.5841088300714805,-5.536886259975966,-7.650267828148273,-5.536886259975966
PKNORLEN,2017-04,20,linear,,2397099eee9643d89c8c38a0b53a3e96c3e6601e1a1d72e7702a9c378f1515a7,1,1,67587,-0.5922117405356814,-7.675662182405845,-5.8910136164439555,-5.8910136164439555
PKNORLEN,2017-04,20,linear,,2397099eee9643d89c8c38a0b53a3e96c3e6601e1a1d72e7702a9c378f1515a7,1,2,67581,-0.4350736248503629,-9.54731889301342,-8.275933233196175,-8.275933233196175
PKNORLEN,2017-04,20,linear,,2397099eee9643d89c8c38a0b53a3e96c3e6601e1a1d72e7702a9c378f1515a7,1,3,67588,-0.3063478192748931,-9.501773727196046,-8.775713644428844,-8.775713644428844
PKNORLEN,2017-04,20,linear,,2397099eee9643d89c8c38a0b53a3e96c3e6601e1a1d72e7702a9c378f1515a7,1,4,67579,-0.1816075114115452,-9.55698472087306,-9.1964104109337,-9.1964104109337
PKNORLEN,2017-04,20,linear,,2397099eee9643d89c8c38a0b53a3e96c3e6601e1a1d72e7702a9c378f1515a7,1,5,67584,-0.06829223585159301,-10.13947257340495,-10.022084703518768,-10.022084703518768
PKNORLEN,2017-04,20,linear,,2397099eee9643d89c8c38a0b53a3e96c3e6601e1a1d72e7702a9c378f1515a7,1,6,67587,0.034568936390992885,-9.783151513393074,-9.89577785534805,-9.793451066007929
PKNORLEN,2017-04,20,linear,,2397099eee9643d89c8c38a0b53a3e96c3e6601e1a1d72e7702a9c378f1515a7,1,7,67580,0.14704781878490908,-9.164150570894043,-9.618125539891217,-9.164150570894043
PKNORLEN,2017-04,20,linear,,2397099eee9643d89c8c38a0b53a3e96c3e6601e1a1d72e7702a9c378f1515a7,1,8,67586,0.2755938918640596,-8.339849826936653,-9.126308130718252,-8.339849826936653
PKNORLEN,2017-04,20,linear,,2397099eee9643d89c8c38a0b53a3e96c3e6601e1a1d72e7702a9c378f1515a7,1,9,67582,0.4140056814072469,-7.616581077017054,-9.005079650769977,-7.616581077017054
PKNORLEN,2017-04,20,linear,,2397099eee9643d89c8c38a0b53a3e96c3e6601e1a1d72e7702a9c378f1515a7,1,10,67584,0.5841088300714805,-5.747027804949678,-7.696400409278046,-5.747027804949678
PKNORLEN,2017-04,20,linear,,2397099eee9643d89c8c38a0b53a3e96c3e6601e1a1d72e7702a9c378f1515a7,5,1,67587,-0.5922117405356814,-7.7310375111141365,-6.236869630611845,-6.236869630611845
PKNORLEN,2017-04,20,linear,,2397099eee9643d89c8c38a0b53a3e96c3e6601e1a1d72e7702a9c378f1515a7,5,2,67581,-0.4350736248503629,-9.463700954264942,-8.374981240705164,-8.374981240705164
PKNORLEN,2017-04,20,linear,,2397099eee9643d89c8c38a0b53a3e96c3e6601e1a1d72e7702a9c378f1515a7,5,3,67588,-0.3063478192748931,-9.398777341421134,-8.776586325369799,-8.776586325369799
PKNORLEN,2017-04,20,linear,,2397099eee9643d89c8c38a0b53a3e96c3e6601e1a1d72e7702a9c378f1515a7,5,4,67579,-0.1816075114115452,-9.414765907938087,-9.089368249073528,-9.089368249073528
PKNORLEN,2017-04,20,linear,,2397099eee9643d89c8c38a0b53a3e96c3e6601e1a1d72e7702a9c378f1515a7,5,5,67584,-0.06829223585159301,-10.000444002357561,-9.896095841567023,-9.896095841567023
PKNORLEN,2017-04,20,linear,,2397099eee9643d89c8c38a0b53a3e96c3e6601e1a1d72e7702a9c378f1515a7,5,6,67587,0.034568936390992885,-9.639949322543847,-9.78538741647843,-9.668415465953652
PKNORLEN,2017-04,20,linear,,2397099eee9643d89c8c38a0b53a3e96c3e6601e1a1d72e7702a9c378f1515a7,5,7,67580,0.14704781878490908,-9.108847386857859,-9.514975128016518,-9.108847386857859
PKNORLEN,2017-04,20,linear,,2397099eee9643d89c8c38a0b53a3e96c3e6601e1a1d72e7702a9c378f1515a7,5,8,67586,0.2755938918640596,-8.373165309502673,-9.063648373776687,-8.373165309502673
PKNORLEN,2017-04,20,linear,,2397099eee9643d89c8c38a0b53a3e96c3e6601e1a1d72e7702a9c378f1515a7,5,9,67582,0.4140056814072469,-7.804082755057185,-8.984515937049421,-7.804082755057185
PKNORLEN,2017-04,20,linear,,2397099eee9643d89c8c38a0b53a3e96c3e6601e1a1d72e7702a9c378f1515a7,5,10,67584,0.5841088300714805,-6.136730721909497,-7.780608818790385,-6.136730721909497
PKNORLEN,2017-04,20,xgboost,,703c02f4714f4979b408a5cf60807075f7fe52028c74534e9d2fa17526572ad5,0,1,67598,-0.8034462928771973,-8.861313634254728,-6.96842485064995,-6.96842485064995
PKNORLEN,2017-04,20,xgboost,,703c02f4714f4979b408a5cf60807075f7fe52028c74534e9d2fa17526572ad5,0,2,67571,-0.4761253893375397,-8.790111996808855,-7.335165098214407,-7.335165098214407
PKNORLEN,2017-04,20,xgboost,,703c02f4714f4979b408a5cf60807075f7fe52028c74534e9d2fa17526572ad5,0,3,67591,-0.31939876079559326,-9.874443893156833,-9.09874611017362,-9.09874611017362
PKNORLEN,2017-04,20,xgboost,,703c02f4714f4979b408a5cf60807075f7fe52028c74534e9d2fa17526572ad5,0,4,67575,-0.18308965861797333,-9.035752356348157,-8.63079386022964,-8.63079386022964
PKNORLEN,2017-04,20,xgboost,,703c02f4714f4979b408a5cf60807075f7fe52028c74534e9d2fa17526572ad5,0,5,67584,-0.062320172786712646,-9.65359654992294,-9.571578356267086,-9.571578356267086
PKNORLEN,2017-04,20,xgboost,,703c02f4714f4979b408a5cf60807075f7fe52028c74534e9d2fa17526572ad5,0,6,67606,0.04066024720668793,-9.504657163155565,-9.6136737401779,-9.508301836044991
PKNORLEN,2017-04,20,xgboost,,703c02f4714f4979b408a5cf60807075f7fe52028c74534e9d2fa17526572ad5,0,7,67561,0.13633060455322266,-8.59170489374768,-9.043937729074253,-8.59170489374768
PKNORLEN,2017-04,20,xgboost,,703c02f4714f4979b408a5cf60807075f7fe52028c74534e9d2fa17526572ad5,0,8,67599,0.28422659635543823,-8.372285474127535,-9.20871889209712,-8.372285474127535
PKNORLEN,2017-04,20,xgboost,,703c02f4714f4979b408a5cf60807075f7fe52028c74534e9d2fa17526572ad5,0,9,67587,0.4671407639980316,-8.023986457664718,-9.46924623676418,-8.023986457664718
PKNORLEN,2017-04,20,xgboost,,703c02f4714f4979b408a5cf60807075f7fe52028c74534e9d2fa17526572ad5,0,10,67566,0.7788017988204956,-6.363167446951758,-8.562197911849331,-6.363167446951758
PKNORLEN,2017-04,20,xgboost,,703c02f4714f4979b408a5cf60807075f7fe52028c74534e9d2fa17526572ad5,1,1,67598,-0.8034462928771973,-8.842949679726386,-7.117591693604508,-7.117591693604508
PKNORLEN,2017-04,20,xgboost,,703c02f4714f4979b408a5cf60807075f7fe52028c74534e9d2fa17526572ad5,1,2,67571,-0.4761253893375397,-8.790619081068085,-7.365372984814917,-7.365372984814917
PKNORLEN,2017-04,20,xgboost,,703c02f4714f4979b408a5cf60807075f7fe52028c74534e9d2fa17526572ad5,1,3,67591,-0.31939876079559326,-9.84290597505267,-9.066779829476088,-9.066779829476088
PKNORLEN,2017-04,20,xgboost,,703c02f4714f4979b408a5cf60807075f7fe52028c74534e9d2fa17526572ad5,1,4,67575,-0.18308965861797333,-8.997147884152874,-8.599427548949475,-8.599427548949475
PKNORLEN,2017-04,20,xgboost,,703c02f4714f4979b408a5cf60807075f7fe52028c74534e9d2fa17526572ad5,1,5,67584,-0.062320172786712646,-9.605404912052684,-9.528824010832535,-9.528824010832535
PKNORLEN,2017-04,20,xgboost,,703c02f4714f4979b408a5cf60807075f7fe52028c74534e9d2fa17526572ad5,1,6,67606,0.04066024720668793,-9.461486202630173,-9.572195991686222,-9.46625782903718
PKNORLEN,2017-04,20,xgboost,,703c02f4714f4979b408a5cf60807075f7fe52028c74534e9d2fa17526572ad5,1,7,67561,0.13633060455322266,-8.56238935480177,-9.014109430912235,-8.56238935480177
PKNORLEN,2017-04,20,xgboost,,703c02f4714f4979b408a5cf60807075f7fe52028c74534e9d2fa17526572ad5,1,8,67599,0.28422659635543823,-8.357795726062228,-9.19581034738696,-8.357795726062228
PKNORLEN,2017-04,20,xgboost,,703c02f4714f4979b408a5cf60807075f7fe52028c74534e9d2fa17526572ad5,1,9,67587,0.4671407639980316,-8.048206372770702,-9.462794463595142,-8.048206372770702
PKNORLEN,2017-04,20,xgboost,,703c02f4714f4979b408a5cf60807075f7fe52028c74534e9d2fa17526572ad5,1,10,67566,0.7788017988204956,-6.5621604888917835,-8.579471779940256,-6.5621604888917835
PKNORLEN,2017-04,20,xgboost,,703c02f4714f4979b408a5cf60807075f7fe52028c74534e9d2fa17526572ad5,5,1,67598,-0.8034462928771973,-8.751312199002895,-7.430793329650817,-7.430793329650817
PKNORLEN,2017-04,20,xgboost,,703c02f4714f4979b408a5cf60807075f7fe52028c74534e9d2fa17526572ad5,5,2,67571,-0.4761253893375397,-8.789688663186167,-7.517600769459224,-7.517600769459224
PKNORLEN,2017-04,20,xgboost,,703c02f4714f4979b408a5cf60807075f7fe52028c74534e9d2fa17526572ad5,5,3,67591,-0.31939876079559326,-9.741063543384044,-9.023855025820719,-9.023855025820719
PKNORLEN,2017-04,20,xgboost,,703c02f4714f4979b408a5cf60807075f7fe52028c74534e9d2fa17526572ad5,5,4,67575,-0.18308965861797333,-8.899098904930925,-8.546209089882225,-8.546209089882225
PKNORLEN,2017-04,20,xgboost,,703c02f4714f4979b408a5cf60807075f7fe52028c74534e9d2fa17526572ad5,5,5,67584,-0.062320172786712646,-9.495406085785831,-9.429759571846485,-9.429759571846485
PKNORLEN,2017-04,20,xgboost,,703c02f4714f4979b408a5cf60807075f7fe52028c74534e9d2fa17526572ad5,5,6,67606,0.04066024720668793,-9.325430920584951,-9.451254026367524,-9.33195499046168
PKNORLEN,2017-04,20,xgboost,,703c02f4714f4979b408a5cf60807075f7fe52028c74534e9d2fa17526572ad5,5,7,67561,0.13633060455322266,-8.51768970071257,-8.939709097938902,-8.51768970071257
PKNORLEN,2017-04,20,xgboost,,703c02f4714f4979b408a5cf60807075f7fe52028c74534e9d2fa17526572ad5,5,8,67599,0.28422659635543823,-8.379492266831914,-9.144200026454904,-8.379492266831914
PKNORLEN,2017-04,20,xgboost,,703c02f4714f4979b408a5cf60807075f7fe52028c74534e9d2fa17526572ad5,5,9,67587,0.4671407639980316,-8.212011496410996,-9.429722142542344,-8.212011496410996
PKNORLEN,2017-04,20,xgboost,,703c02f4714f4979b408a5cf60807075f7fe52028c74534e9d2fa17526572ad5,5,10,67566,0.7788017988204956,-6.959542290472949,-8.58947505099239,-6.959542290472949
PKNORLEN,2017-04,50,linear,,7cb1d2b4747a0c8dbc636774d885e99cad7ef2c4f168026e2cfbb49dfcceb45a,0,1,67531,-0.9639485868418338,-9.616062325286066,-6.604075446608891,-6.604075446608891
PKNORLEN,2017-04,50,linear,,7cb1d2b4747a0c8dbc636774d885e99cad7ef2c4f168026e2cfbb49dfcceb45a,0,2,67529,-0.7400793933653463,-9.921349708250032,-7.5113136498777875,-7.5113136498777875
PKNORLEN,2017-04,50,linear,,7cb1d2b4747a0c8dbc636774d885e99cad7ef2c4f168026e2cfbb49dfcceb45a,0,3,67532,-0.5204573404317683,-9.340475940943433,-7.992234676711934,-7.992234676711934
PKNORLEN,2017-04,50,linear,,7cb1d2b4747a0c8dbc636774d885e99cad7ef2c4f168026e2cfbb49dfcceb45a,0,4,67530,-0.3064748282733817,-9.076310179270394,-8.429313413406504,-8.429313413406504
PKNORLEN,2017-04,50,linear,,7cb1d2b4747a0c8dbc636774d885e99cad7ef2c4f168026e2cfbb49dfcceb45a,0,5,67527,-0.10808798873971918,-9.445424554766252,-9.260677609971022,-9.260677609971022
PKNORLEN,2017-04,50,linear,,7cb1d2b4747a0c8dbc636774d885e99cad7ef2c4f168026e2cfbb49dfcceb45a,0,6,67531,0.07219912473570736,-9.167051841676269,-9.416026945785193,-9.233061348031818
PKNORLEN,2017-04,50,linear,,7cb1d2b4747a0c8dbc636774d885e99cad7ef2c4f168026e2cfbb49dfcceb45a,0,7,67528,0.2649311947813305,-8.474452250006639,-9.479638684227735,-8.474452250006639
PKNORLEN,2017-04,50,linear,,7cb1d2b4747a0c8dbc636774d885e99cad7ef2c4f168026e2cfbb49dfcceb45a,0,8,67530,0.4768657725591729,-8.133928048792034,-9.635034726329705,-8.133928048792034
PKNORLEN,2017-04,50,linear,,7cb1d2b4747a0c8dbc636774d885e99cad7ef2c4f168026e2cfbb49dfcceb45a,0,9,67538,0.6973325646729535,-7.2105422847758405,-9.785418887532966,-7.2105422847758405
PKNORLEN,2017-04,50,linear,,7cb1d2b4747a0c8dbc636774d885e99cad7ef2c4f168026e2cfbb49dfcceb45a,0,10,67522,0.9354448689097987,-6.375256242036347,-9.718299402497163,-6.375256242036347
PKNORLEN,2017-04,50,linear,,7cb1d2b4747a0c8dbc636774d885e99cad7ef2c4f168026e2cfbb49dfcceb45a,1,1,67531,-0.9639485868418338,-9.6021091344431,-6.755059857595203,-6.755059857595203
PKNORLEN,2017-04,50,linear,,7cb1d2b4747a0c8dbc636774d885e99cad7ef2c4f168026e2cfbb49dfcceb45a,1,2,67529,-0.7400793933653463,-9.89516484102965,-7.565068527047238,-7.565068527047238
PKNORLEN,2017-04,50,linear,,7cb1d2b4747a0c8dbc636774d885e99cad7ef2c4f168026e2cfbb49dfcceb45a,1,3,67532,-0.5204573404317683,-9.302673575962913,-7.984425014151897,-7.984425014151897
PKNORLEN,2017-04,50,linear,,7cb1d2b4747a0c8dbc636774d885e99cad7ef2c4f168026e2cfbb49dfcceb45a,1,4,67530,-0.3064748282733817,-9.031884022429892,-8.399118004175548,-8.399118004175548
PKNORLEN,2017-04,50,linear,,7cb1d2b4747a0c8dbc636774d885e99cad7ef2c4f168026e2cfbb49dfcceb45a,1,5,67527,-0.10808798873971918,-9.397287837841455,-9.229137484685616,-9.229137484685616
PKNORLEN,2017-04,50,linear,,7cb1d2b4747a0c8dbc636774d885e99cad7ef2c4f168026e2cfbb49dfcceb45a,1,6,67531,0.07219912473570736,-9.124897847861098,-9.375066194191831,-9.187802641357282
PKNORLEN,2017-04,50,linear,,7cb1d2b4747a0c8dbc636774d885e99cad7ef2c4f168026e2cfbb49dfcceb45a,1,7,67528,0.2649311947813305,-8.43562787012563,-9.447069901135299,-8.43562787012563
PKNORLEN,2017-04,50,linear,,7cb1d2b4747a0c8dbc636774d885e99cad7ef2c4f168026e2cfbb49dfcceb45a,1,8,67530,0.4768657725591729,-8.12779545858909,-9.606335691269411,-8.12779545858909
PKNORLEN,2017-04,50,linear,,7cb1d2b4747a0c8dbc636774d885e99cad7ef2c4f168026e2cfbb49dfcceb45a,1,9,67538,0.6973325646729535,-7.273511687452772,-9.760641246373705,-7.273511687452772
PKNORLEN,2017-04,50,linear,,7cb1d2b4747a0c8dbc636774d885e99cad7ef2c4f168026e2cfbb49dfcceb45a,1,10,67522,0.9354448689097987,-6.569618208706279,-9.710246759173716,-6.569618208706279
PKNORLEN,2017-04,50,linear,,7cb1d2b4747a0c8dbc636774d885e99cad7ef2c4f168026e2cfbb49dfcceb45a,5,1,67531,-0.9639485868418338,-9.498149772623782,-7.052578793794929,-7.052578793794929
PKNORLEN,2017-04,50,linear,,7cb1d2b4747a0c8dbc636774d885e99cad7ef2c4f168026e2cfbb49dfcceb45a,5,2,67529,-0.7400793933653463,-9.776601479459313,-7.743320744376531,-7.743320744376531
PKNORLEN,2017-04,50,linear,,7cb1d2b4747a0c8dbc636774d885e99cad7ef2c4f168026e2cfbb49dfcceb45a,5,3,67532,-0.5204573404317683,-9.210552780710348,-8.040642179227447,-8.040642179227447
PKNORLEN,2017-04,50,linear,,7cb1d2b4747a0c8dbc636774d885e99cad7ef2c4f168026e2cfbb49dfcceb45a,5,4,67530,-0.3064748282733817,-8.9281210040358,-8.363463902114605,-8.363463902114605
PKNORLEN,2017-04,50,linear,,7cb1d2b4747a0c8dbc636774d885e99cad7ef2c4f168026e2cfbb49dfcceb45a,5,5,67527,-0.10808798873971918,-9.288644253905261,-9.179106552746322,-9.179106552746322
PKNORLEN,2017-04,50,linear,,7cb1d2b4747a0c8dbc636774d885e99cad7ef2c4f168026e2cfbb49dfcceb45a,5,6,67531,0.07219912473570736,-9.052373675633284,-9.286848300203248,-9.107996760957414
PKNORLEN,2017-04,50,linear,,7cb1d2b4747a0c8dbc636774d885e99cad7ef2c4f168026e2cfbb49dfcceb45a,5,7,67528,0.2649311947813305,-8.405508354501103,-9.372822522588653,-8.405508354501103
PKNORLEN,2017-04,50,linear,,7cb1d2b4747a0c8dbc636774d885e99cad7ef2c4f168026e2cfbb49dfcceb45a,5,8,67530,0.4768657725591729,-8.198268111146866,-9.519394291840808,-8.198268111146866
PKNORLEN,2017-04,50,linear,,7cb1d2b4747a0c8dbc636774d885e99cad7ef2c4f168026e2cfbb49dfcceb45a,5,9,67538,0.6973325646729535,-7.471563165139517,-9.668268252024525,-7.471563165139517
PKNORLEN,2017-04,50,linear,,7cb1d2b4747a0c8dbc636774d885e99cad7ef2c4f168026e2cfbb49dfcceb45a,5,10,67522,0.9354448689097987,-6.929061680373805,-9.606297792696877,-6.929061680373805
PKNORLEN,2017-04,50,xgboost,,f4ed735c8c497d942aa1d39e07a92594f84b353d48b02bae1bd2c90ee2188164,0,1,67541,-1.2751537561416626,-10.131889300894548,-6.9024608780120555,-6.9024608780120555
PKNORLEN,2017-04,50,xgboost,,f4ed735c8c497d942aa1d39e07a92594f84b353d48b02bae1bd2c90ee2188164,0,2,67519,-0.8200691938400269,-9.95627173576465,-7.687407560798682,-7.687407560798682
PKNORLEN,2017-04,50,xgboost,,f4ed735c8c497d942aa1d39e07a92594f84b353d48b02bae1bd2c90ee2188164,0,3,67530,-0.5882992744445801,-9.92482787782424,-8.520936135535853,-8.520936135535853
PKNORLEN,2017-04,50,xgboost,,f4ed735c8c497d942aa1d39e07a92594f84b353d48b02bae1bd2c90ee2188164,0,4,67529,-0.3261396884918213,-8.602045089742292,-7.89625198369988,-7.89625198369988
PKNORLEN,2017-04,50,xgboost,,f4ed735c8c497d942aa1d39e07a92594f84b353d48b02bae1bd2c90ee2188164,0,5,67530,-0.11250284314155579,-9.289653943127009,-9.178578685273093,-9.178578685273093
PKNORLEN,2017-04,50,xgboost,,f4ed735c8c497d942aa1d39e07a92594f84b353d48b02bae1bd2c90ee2188164,0,6,67560,0.08703014999628067,-8.329691380994298,-8.653196255059559,-8.328432080907385
PKNORLEN,2017-04,50,xgboost,,f4ed735c8c497d942aa1d39e07a92594f84b353d48b02bae1bd2c90ee2188164,0,7,67565,0.296324759721756,-8.021515995579069,-8.986679292036186,-8.021515995579069
PKNORLEN,2017-04,50,xgboost,,f4ed735c8c497d942aa1d39e07a92594f84b353d48b02bae1bd2c90ee2188164,0,8,67477,0.5342177152633667,-8.317634264635428,-9.847774730948684,-8.317634264635428
PKNORLEN,2017-04,50,xgboost,,f4ed735c8c497d942aa1d39e07a92594f84b353d48b02bae1bd2c90ee2188164,0,9,67549,0.8048559427261353,-7.086536545740775,-9.643115578723224,-7.086536545740775
PKNORLEN,2017-04,50,xgboost,,f4ed735c8c497d942aa1d39e07a92594f84b353d48b02bae1bd2c90ee2188164,0,10,67498,1.2386815547943115,-7.100763268798118,-10.517053170236059,-7.100763268798118
PKNORLEN,2017-04,50,xgboost,,f4ed735c8c497d942aa1d39e07a92594f84b353d48b02bae1bd2c90ee2188164,1,1,67541,-1.2751537561416626,-10.100180189986476,-7.050417080936339,-7.050417080936339
PKNORLEN,2017-04,50,xgboost,,f4ed735c8c497d942aa1d39e07a92594f84b353d48b02bae1bd2c90ee2188164,1,2,67519,-0.8200691938400269,-9.929418592468204,-7.713732662468944,-7.713732662468944
PKNORLEN,2017-04,50,xgboost,,f4ed735c8c497d942aa1d39e07a92594f84b353d48b02bae1bd2c90ee2188164,1,3,67530,-0.5882992744445801,-9.889416471886637,-8.511730412598297,-8.511730412598297
PKNORLEN,2017-04,50,xgboost,,f4ed735c8c497d942aa1d39e07a92594f84b353d48b02bae1bd2c90ee2188164,1,4,67529,-0.3261396884918213,-8.567338203819817,-7.8859038099285685,-7.8859038099285685
PKNORLEN,2017-04,50,xgboost,,f4ed735c8c497d942aa1d39e07a92594f84b353d48b02bae1bd2c90ee2188164,1,5,67530,-0.11250284314155579,-9.251665255843573,-9.15276580356484,-9.15276580356484
PKNORLEN,2017-04,50,xgboost,,f4ed735c8c497d942aa1d39e07a92594f84b353d48b02bae1bd2c90ee2188164,1,6,67560,0.08703014999628067,-8.29961152294171,-8.626511095970343,-8.297330834779086
PKNORLEN,2017-04,50,xgboost,,f4ed735c8c497d942aa1d39e07a92594f84b353d48b02bae1bd2c90ee2188164,1,7,67565,0.296324759721756,-8.008222531460829,-8.96484602552165,-8.008222531460829
PKNORLEN,2017-04,50,xgboost,,f4ed735c8c497d942aa1d39e07a92594f84b353d48b02bae1bd2c90ee2188164,1,8,67477,0.5342177152633667,-8.30568001745613,-9.815586448335905,-8.30568001745613
PKNORLEN,2017-04,50,xgboost,,f4ed735c8c497d942aa1d39e07a92594f84b353d48b02bae1bd2c90ee2188164,1,9,67549,0.8048559427261353,-7.136266660900437,-9.626997881200005,-7.136266660900437
PKNORLEN,2017-04,50,xgboost,,f4ed735c8c497d942aa1d39e07a92594f84b353d48b02bae1bd2c90ee2188164,1,10,67498,1.2386815547943115,-7.272811908396975,-10.485066592928083,-7.272811908396975
PKNORLEN,2017-04,50,xgboost,,f4ed735c8c497d942aa1d39e07a92594f84b353d48b02bae1bd2c90ee2188164,5,1,67541,-1.2751537561416626,-9.927780944620215,-7.376144897563161,-7.376144897563161
PKNORLEN,2017-04,50,xgboost,,f4ed735c8c497d942aa1d39e07a92594f84b353d48b02bae1bd2c90ee2188164,5,2,67519,-0.8200691938400269,-9.812288138919707,-7.863419683878466,-7.863419683878466
PKNORLEN,2017-04,50,xgboost,,f4ed735c8c497d942aa1d39e07a92594f84b353d48b02bae1bd2c90ee2188164,5,3,67530,-0.5882992744445801,-9.774011471195656,-8.510736528838246,-8.510736528838246
PKNORLEN,2017-04,50,xgboost,,f4ed735c8c497d942aa1d39e07a92594f84b353d48b02bae1bd2c90ee2188164,5,4,67529,-0.3261396884918213,-8.497724081762957,-7.919662024467636,-7.919662024467636
PKNORLEN,2017-04,50,xgboost,,f4ed735c8c497d942aa1d39e07a92594f84b353d48b02bae1bd2c90ee2188164,5,5,67530,-0.11250284314155579,-9.165543163411845,-9.092576579542708,-9.092576579542708
PKNORLEN,2017-04,50,xgboost,,f4ed735c8c497d942aa1d39e07a92594f84b353d48b02bae1bd2c90ee2188164,5,6,67560,0.08703014999628067,-8.239723800214417,-8.581388470340716,-8.239866503925601
PKNORLEN,2017-04,50,xgboost,,f4ed735c8c497d942aa1d39e07a92594f84b353d48b02bae1bd2c90ee2188164,5,7,67565,0.296324759721756,-8.016766601608596,-8.898077582071494,-8.016766601608596
PKNORLEN,2017-04,50,xgboost,,f4ed735c8c497d942aa1d39e07a92594f84b353d48b02bae1bd2c90ee2188164,5,8,67477,0.5342177152633667,-8.344962666568389,-9.723422926704059,-8.344962666568389
PKNORLEN,2017-04,50,xgboost,,f4ed735c8c497d942aa1d39e07a92594f84b353d48b02bae1bd2c90ee2188164,5,9,67549,0.8048559427261353,-7.356395283341314,-9.544579876258355,-7.356395283341314
PKNORLEN,2017-04,50,xgboost,,f4ed735c8c497d942aa1d39e07a92594f84b353d48b02bae1bd2c90ee2188164,5,10,67498,1.2386815547943115,-7.623837392220788,-10.32403283618418,-7.623837392220788
PKNORLEN,2017-06,10,linear,,86c9d9867523ef6652e925a20f4bde25e5a88bf75110b2829c415ad3d72b0cae,0,1,86309,-0.43874866056986983,-8.041705262221726,-6.189631862919642,-6.189631862919642
PKNORLEN,2017-06,10,linear,,86c9d9867523ef6652e925a20f4bde25e5a88bf75110b2829c415ad3d72b0cae,0,2,86308,-0.29798644291003146,-9.46413381117501,-8.23527002365805,-8.23527002365805
PKNORLEN,2017-06,10,linear,,86c9d9867523ef6652e925a20f4bde25e5a88bf75110b2829c415ad3d72b0cae,0,3,86313,-0.18154251950681713,-10.092145121580977,-9.401974005136957,-9.401974005136957
PKNORLEN,2017-06,10,linear,,86c9d9867523ef6652e925a20f4bde25e5a88bf75110b2829c415ad3d72b0cae,0,4,86305,-0.08781980795586378,-11.484995347111703,-11.15903557936398,-11.15903557936398
PKNORLEN,2017-06,10,linear,,86c9d9867523ef6652e925a20f4bde25e5a88bf75110b2829c415ad3d72b0cae,0,5,86309,-0.01677556496918034,-12.340169288301613,-12.230945576852074,-12.229567759324366
PKNORLEN,2017-06,10,linear,,86c9d9867523ef6652e925a20f4bde25e5a88bf75110b2829c415ad3d72b0cae,0,6,86313,0.05238242334989559,-11.569374897914974,-11.639915064575055,-11.569374897914974
PKNORLEN,2017-06,10,linear,,86c9d9867523ef6652e925a20f4bde25e5a88bf75110b2829c415ad3d72b0cae,0,7,86302,0.13377270453699502,-10.244209973620313,-10.664125305661784,-10.244209973620313
PKNORLEN,2017-06,10,linear,,86c9d9867523ef6652e925a20f4bde25e5a88bf75110b2829c415ad3d72b0cae,0,8,86309,0.23188851849287456,-9.136313671573582,-9.929758853923754,-9.136313671573582
PKNORLEN,2017-06,10,linear,,86c9d9867523ef6652e925a20f4bde25e5a88bf75110b2829c415ad3d72b0cae,0,9,86316,0.3342310549070309,-8.279448608562623,-9.490259236918094,-8.279448608562623
PKNORLEN,2017-06,10,linear,,86c9d9867523ef6652e925a20f4bde25e5a88bf75110b2829c415ad3d72b0cae,0,10,86301,0.46266157287622767,-5.770457578479425,-7.535639524402464,-5.770457578479425
PKNORLEN,2017-06,10,linear,,86c9d9867523ef6652e925a20f4bde25e5a88bf75110b2829c415ad3d72b0cae,1,1,86309,-0.43874866056986983,-8.08104023980888,-6.495652847255945,-6.495652847255945
PKNORLEN,2017-06,10,linear,,86c9d9867523ef6652e925a20f4bde25e5a88bf75110b2829c415ad3d72b0cae,1,2,86308,-0.29798644291003146,-9.437969674801849,-8.2886392440805,-8.2886392440805
PKNORLEN,2017-06,10,linear,,86c9d9867523ef6652e925a20f4bde25e5a88bf75110b2829c415ad3d72b0cae,1,3,86313,-0.18154251950681713,-10.021235567361378,-9.357807062031581,-9.357807062031581
PKNORLEN,2017-06,10,linear,,86c9d9867523ef6652e925a20f4bde25e5a88bf75110b2829c415ad3d72b0cae,1,4,86305,-0.08781980795586378,-11.384489334591422,-11.059889693506257,-11.059889693506257
PKNORLEN,2017-06,10,linear,,86c9d9867523ef6652e925a20f4bde25e5a88bf75110b2829c415ad3d72b0cae,1,5,86309,-0.01677556496918034,-12.232144494758455,-12.123297264973807,-12.124044370629615
PKNORLEN,2017-06,10,linear,,86c9d9867523ef6652e925a20f4bde25e5a88bf75110b2829c415ad3d72b0cae,1,6,86313,0.05238242334989559,-11.470304173661521,-11.552223976911366,-11.470304173661521
PKNORLEN,2017-06,10,linear,,86c9d9867523ef6652e925a20f4bde25e5a88bf75110b2829c415ad3d72b0cae,1,7,86302,0.13377270453699502,-10.17695662072975,-10.597572726428151,-10.17695662072975
PKNORLEN,2017-06,10,linear,,86c9d9867523ef6652e925a20f4bde25e5a88bf75110b2829c415ad3d72b0cae,1,8,86309,0.23188851849287456,-9.134960342585629,-9.892525571908964,-9.134960342585629
PKNORLEN,2017-06,10,linear,,86c9d9867523ef6652e925a20f4bde25e5a88bf75110b2829c415ad3d72b0cae,1,9,86316,0.3342310549070309,-8.394492116659212,-9.489957518723294,-8.394492116659212
PKNORLEN,2017-06,10,linear,,86c9d9867523ef6652e925a20f4bde25e5a88bf75110b2829c415ad3d72b0cae,1,10,86301,0.46266157287622767,-6.088675669876499,-7.618495314063542,-6.088675669876499
PKNORLEN,2017-06,10,linear,,86c9d9867523ef6652e925a20f4bde25e5a88bf75110b2829c415ad3d72b0cae,5,1,86309,-0.43874866056986983,-8.10451658497074,-6.986149379722626,-6.986149379722626
PKNORLEN,2017-06,10,linear,,86c9d9867523ef6652e925a20f4bde25e5a88bf75110b2829c415ad3d72b0cae,5,2,86308,-0.29798644291003146,-9.365558081004771,-8.492876128461582,-8.492876128461582
PKNORLEN,2017-06,10,linear,,86c9d9867523ef6652e925a20f4bde25e5a88bf75110b2829c415ad3d72b0cae,5,3,86313,-0.18154251950681713,-9.896305719167051,-9.350104826630156,-9.350104826630156
PKNORLEN,2017-06,10,linear,,86c9d9867523ef6652e925a20f4bde25e5a88bf75110b2829c415ad3d72b0cae,5,4,86305,-0.08781980795586378,-11.166552010667132,-10.900972593392972,-10.900972593392972
PKNORLEN,2017-06,10,linear,,86c9d9867523ef6652e925a20f4bde25e5a88bf75110b2829c415ad3d72b0cae,5,5,86309,-0.01677556496918034,-12.003663533481518,-11.90734276600817,-11.914927664384768
PKNORLEN,2017-06,10,linear,,86c9d9867523ef6652e925a20f4bde25e5a88bf75110b2829c415ad3d72b0cae,5,6,86313,0.05238242334989559,-11.268971908604168,-11.367150149502011,-11.268971908604168
PKNORLEN,2017-06,10,linear,,86c9d9867523ef6652e925a20f4bde25e5a88bf75110b2829c415ad3d72b0cae,5,7,86302,0.13377270453699502,-10.136396763599981,-10.481489418222486,-10.136396763599981
PKNORLEN,2017-06,10,linear,,86c9d9867523ef6652e925a20f4bde25e5a88bf75110b2829c415ad3d72b0cae,5,8,86309,0.23188851849287456,-9.222199911949058,-9.798813244358364,-9.222199911949058
PKNORLEN,2017-06,10,linear,,86c9d9867523ef6652e925a20f4bde25e5a88bf75110b2829c415ad3d72b0cae,5,9,86316,0.3342310549070309,-8.639174188117119,-9.43633592817558,-8.639174188117119
PKNORLEN,2017-06,10,linear,,86c9d9867523ef6652e925a20f4bde25e5a88bf75110b2829c415ad3d72b0cae,5,10,86301,0.46266157287622767,-6.61666217284352,-7.753205061261185,-6.61666217284352
PKNORLEN,2017-06,10,xgboost,,2f356fd1f444ef2e9b21a76d4ada94d2bdeb776af95a89854166db8a2a32fb17,0,1,86330,-0.6366960406303406,-8.617965953991279,-6.621344440086752,-6.621344440086752
PKNORLEN,2017-06,10,xgboost,,2f356fd1f444ef2e9b21a76d4ada94d2bdeb776af95a89854166db8a2a32fb17,0,2,86293,-0.3341049551963806,-9.545655182342301,-8.371039045172367,-8.371039045172367
PKNORLEN,2017-06,10,xgboost,,2f356fd1f444ef2e9b21a76d4ada94d2bdeb776af95a89854166db8a2a32fb17,0,3,86303,-0.16824762523174286,-9.417331383649545,-8.77793966205501,-8.77793966205501
PKNORLEN,2017-06,10,xgboost,,2f356fd1f444ef2e9b21a76d4ada94d2bdeb776af95a89854166db8a2a32fb17,0,4,86316,-0.06357607245445251,-10.617936131961336,-10.280745576379944,-10.280745576379944
PKNORLEN,2017-06,10,xgboost,,2f356fd1f444ef2e9b21a76d4ada94d2bdeb776af95a89854166db8a2a32fb17,0,5,86308,0.008570448495447636,-11.938464914374594,-11.831714067354662,-11.854100834683356
PKNORLEN,2017-06,10,xgboost,,2f356fd1f444ef2e9b21a76d4ada94d2bdeb776af95a89854166db8a2a32fb17,0,6,86301,0.06729241460561752,-11.105408673711938,-11.192309786298514,-11.105408673711938
PKNORLEN,2017-06,10,xgboost,,2f356fd1f444ef2e9b21a76d4ada94d2bdeb776af95a89854166db8a2a32fb17,0,7,86309,0.13252444565296173,-10.56739895017945,-10.947723397428632,-10.56739895017945
PKNORLEN,2017-06,10,xgboost,,2f356fd1f444ef2e9b21a76d4ada94d2bdeb776af95a89854166db8a2a32fb17,0,8,86311,0.24736762046813965,-9.745402577456849,-10.456644718374191,-9.745402577456849
PKNORLEN,2017-06,10,xgboost,,2f356fd1f444ef2e9b21a76d4ada94d2bdeb776af95a89854166db8a2a32fb17,0,9,86313,0.3920154273509979,-9.024361048202694,-10.136366705692796,-9.024361048202694
PKNORLEN,2017-06,10,xgboost,,2f356fd1f444ef2e9b21a76d4ada94d2bdeb776af95a89854166db8a2a32fb17,0,10,86301,0.6676551699638367,-5.843227981330521,-7.861204825248755,-5.843227981330521
PKNORLEN,2017-06,10,xgboost,,2f356fd1f444ef2e9b21a76d4ada94d2bdeb776af95a89854166db8a2a32fb17,1,1,86330,-0.6366960406303406,-8.59884004159415,-6.901514352681433,-6.901514352681433
PKNORLEN,2017-06,10,xgboost,,2f356fd1f444ef2e9b21a76d4ada94d2bdeb776af95a89854166db8a2a32fb17,1,2,86293,-0.3341049551963806,-9.504404129080294,-8.387958597486694,-8.387958597486694
PKNORLEN,2017-06,10,xgboost,,2f356fd1f444ef2e9b21a76d4ada94d2bdeb776af95a89854166db8a2a32fb17,1,3,86303,-0.16824762523174286,-9.378355662165188,-8.743019358780112,-8.743019358780112
PKNORLEN,2017-06,10,xgboost,,2f356fd1f444ef2e9b21a76d4ada94d2bdeb776af95a89854166db8a2a32fb17,1,4,86316,-0.06357607245445251,-10.547867817507033,-10.222264605566094,-10.222264605566094
PKNORLEN,2017-06,10,xgboost,,2f356fd1f444ef2e9b21a76d4ada94d2bdeb776af95a89854166db8a2a32fb17,1,5,86308,0.008570448495447636,-11.872713163834817,-11.749673033406468,-11.783445891955
PKNORLEN,2017-06,10,xgboost,,2f356fd1f444ef2e9b21a76d4ada94d2bdeb776af95a89854166db8a2a32fb17,1,6,86301,0.06729241460561752,-11.047524383640448,-11.122588238081246,-11.047524383640448
PKNORLEN,2017-06,10,xgboost,,2f356fd1f444ef2e9b21a76d4ada94d2bdeb776af95a89854166db8a2a32fb17,1,7,86309,0.13252444565296173,-10.5200731363085,-10.904606732344233,-10.5200731363085
PKNORLEN,2017-06,10,xgboost,,2f356fd1f444ef2e9b21a76d4ada94d2bdeb776af95a89854166db8a2a32fb17,1,8,86311,0.24736762046813965,-9.726164107200749,-10.417122193219209,-9.726164107200749
PKNORLEN,2017-06,10,xgboost,,2f356fd1f444ef2e9b21a76d4ada94d2bdeb776af95a89854166db8a2a32fb17,1,9,86313,0.3920154273509979,-9.061948182242846,-10.125331682303194,-9.061948182242846
PKNORLEN,2017-06,10,xgboost,,2f356fd1f444ef2e9b21a76d4ada94d2bdeb776af95a89854166db8a2a32fb17,1,10,86301,0.6676551699638367,-6.164581563331643,-7.9023902906335435,-6.164581563331643
PKNORLEN,2017-06,10,xgboost,,2f356fd1f444ef2e9b21a76d4ada94d2bdeb776af95a89854166db8a2a32fb17,5,1,86330,-0.6366960406303406,-8.560279808258482,-7.418526282450432,-7.418526282450432
PKNORLEN,2017-06,10,xgboost,,2f356fd1f444ef2e9b21a76d4ada94d2bdeb776af95a89854166db8a2a32fb17,5,2,86293,-0.3341049551963806,-9.403714505787875,-8.539131405356054,-8.539131405356054
PKNORLEN,2017-06,10,xgboost,,2f356fd1f444ef2e9b21a76d4ada94d2bdeb776af95a89854166db8a2a32fb17,5,3,86303,-0.16824762523174286,-9.302035064106073,-8.770509265128949,-8.770509265128949
PKNORLEN,2017-06,10,xgboost,,2f356fd1f444ef2e9b21a76d4ada94d2bdeb776af95a89854166db8a2a32fb17,5,4,86316,-0.06357607245445251,-10.405497005188293,-10.11485688741833,-10.11485688741833
PKNORLEN,2017-06,10,xgboost,,2f356fd1f444ef2e9b21a76d4ada94d2bdeb776af95a89854166db8a2a32fb17,5,5,86308,0.008570448495447636,-11.654387710999353,-11.548794341698441,-11.575988579515988
PKNORLEN,2017-06,10,xgboost,,2f356fd1f444ef2e9b21a76d4ada94d2bdeb776af95a89854166db8a2a32fb17,5,6,86301,0.06729241460561752,-10.893553972676125,-10.942776672751503,-10.893553972676125
PKNORLEN,2017-06,10,xgboost,,2f356fd1f444ef2e9b21a76d4ada94d2bdeb776af95a89854166db8a2a32fb17,5,7,86309,0.13252444565296173,-10.457561286581965,-10.79557075455976,-10.457561286581965
PKNORLEN,2017-06,10,xgboost,,2f356fd1f444ef2e9b21a76d4ada94d2bdeb776af95a89854166db8a2a32fb17,5,8,86311,0.24736762046813965,-9.757960130470487,-10.309688125710167,-9.757960130470487
PKNORLEN,2017-06,10,xgboost,,2f356fd1f444ef2e9b21a76d4ada94d2bdeb776af95a89854166db8a2a32fb17,5,9,86313,0.3920154273509979,-9.233739958723175,-10.075341814282686,-9.233739958723175
PKNORLEN,2017-06,10,xgboost,,2f356fd1f444ef2e9b21a76d4ada94d2bdeb776af95a89854166db8a2a32fb17,5,10,86301,0.6676551699638367,-6.751471254179518,-7.9595444163872875,-6.751471254179518
PKNORLEN,2017-06,10,xgboost,7.0,af8dcc7cfdb810957901e7595127bb00783ce7fbd085b22a5611a37aa67e6bbf,0,1,86309,-0.020207542926073074,-12.399968541933863,-12.071954200955556,-12.071954200955556
PKNORLEN,2017-06,10,xgboost,7.0,af8dcc7cfdb810957901e7595127bb00783ce7fbd085b22a5611a37aa67e6bbf,0,2,86314,-0.009862388484179974,-10.552854267854709,-10.369310777386222,-10.369310777386222
PKNORLEN,2017-06,10,xgboost,7.0,af8dcc7cfdb810957901e7595127bb00783ce7fbd085b22a5611a37aa67e6bbf,0,3,86304,-0.006115830969065428,-9.991718074007506,-9.82402113694334,-9.82402113694334
PKNORLEN,2017-06,10,xgboost,7.0,af8dcc7cfdb810957901e7595127bb00783ce7fbd085b22a5611a37aa67e6bbf,0,4,86335,-0.003295419504866004,-9.55926575942404,-9.464012043552508,-9.464012043552508
PKNORLEN,2017-06,10,xgboost,7.0,af8dcc7cfdb810957901e7595127bb00783ce7fbd085b22a5611a37aa67e6bbf,0,5,86284,-0.0008445357088930905,-9.273845760262986,-9.249365218716534,-9.25548380633265
PKNORLEN,2017-06,10,xgboost,7.0,af8dcc7cfdb810957901e7595127bb00783ce7fbd085b22a5611a37aa67e6bbf,0,6,86305,0.0015066965715959668,-8.998488913696551,-9.043127724644274,-8.998488913696551
PKNORLEN,2017-06,10,xgboost,7.0,af8dcc7cfdb810957901e7595127bb00783ce7fbd085b22a5611a37aa67e6bbf,0,7,86308,0.0039260550402104855,-8.788867070559126,-8.92883833488426,-8.788867070559126
PKNORLEN,2017-06,10,xgboost,7.0,af8dcc7cfdb810957901e7595127bb00783ce7fbd085b22a5611a37aa67e6bbf,0,8,86309,0.00660319859161973,-8.502285146200038,-8.633828364282087,-8.502285146200038
PKNORLEN,2017-06,10,xgboost,7.0,af8dcc7cfdb810957901e7595127bb00783ce7fbd085b22a5611a37aa67e6bbf,0,9,86308,0.009973885491490364,-8.39914338250293,-8.64962275193784,-8.39914338250293
PKNORLEN,2017-06,10,xgboost,7.0,af8dcc7cfdb810957901e7595127bb00783ce7fbd085b22a5611a37aa67e6bbf,0,10,86309,0.020931929349899292,-9.956574650728648,-10.2424627583465,-9.956574650728648
PKNORLEN,2017-06,10,xgboost,7.0,af8dcc7cfdb810957901e7595127bb00783ce7fbd085b22a5611a37aa67e6bbf,1,1,86309,-0.020207542926073074,-12.33647907668966,-12.014195741115307,-12.014195741115307
PKNORLEN,2017-06,10,xgboost,7.0,af8dcc7cfdb810957901e7595127bb00783ce7fbd085b22a5611a37aa67e6bbf,1,2,86314,-0.009862388484179974,-10.513702991576528,-10.340551584591275,-10.340551584591275
PKNORLEN,2017-06,10,xgboost,7.0,af8dcc7cfdb810957901e7595127bb00783ce7fbd085b22a5611a37aa67e6bbf,1,3,86304,-0.006115830969065428,-9.967246288138035,-9.795616065200717,-9.795616065200717
PKNORLEN,2017-06,10,xgboost,7.0,af8dcc7cfdb810957901e7595127bb00783ce7fbd085b22a5611a37aa67e6bbf,1,4,86335,-0.003295419504866004,-9.551492976816514,-9.456178466996318,-9.456178466996318
PKNORLEN,2017-06,10,xgboost,7.0,af8dcc7cfdb810957901e7595127bb00783ce7fbd085b22a5611a37aa67e6bbf,1,5,86284,-0.0008445357088930905,-9.28133581359124,-9.24830283528908,-9.261301250132593
PKNORLEN,2017-06,10,xgboost,7.0,af8dcc7cfdb810957901e7595127bb00783ce7fbd085b22a5611a37aa67e6bbf,1,6,86305,0.0015066965715959668,-8.998919782700318,-9.05100085403273,-8.998919782700318
PKNORLEN,2017-06,10,xgboost,7.0,af8dcc7cfdb810957901e7595127bb00783ce7fbd085b22a5611a37aa67e6bbf,1,7,86308,0.0039260550402104855,-8.803960183948572,-8.947954662402603,-8.803960183948572
PKNORLEN,2017-06,10,xgboost,7.0,af8dcc7cfdb810957901e7595127bb00783ce7fbd085b22a5611a37aa67e6bbf,1,8,86309,0.00660319859161973,-8.537948134104521,-8.666558158287055,-8.537948134104521
PKNORLEN,2017-06,10,xgboost,7.0,af8dcc7cfdb810957901e7595127bb00783ce7fbd085b22a5611a37aa67e6bbf,1,9,86308,0.009973885491490364,-8.447402134794784,-8.689049250582608,-8.447402134794784
PKNORLEN,2017-06,10,xgboost,7.0,af8dcc7cfdb810957901e7595127bb00783ce7fbd085b22a5611a37aa67e6bbf,1,10,86309,0.020931929349899292,-9.983827347172989,-10.266640554283367,-9.983827347172989
PKNORLEN,2017-06,10,xgboost,7.0,af8dcc7cfdb810957901e7595127bb00783ce7fbd085b22a5611a37aa67e6bbf,5,1,86309,-0.020207542926073074,-12.119080077476344,-11.85194358515256,-11.85194358515256
PKNORLEN,2017-06,10,xgboost,7.0,af8dcc7cfdb810957901e7595127bb00783ce7fbd085b22a5611a37aa67e6bbf,5,2,86314,-0.009862388484179974,-10.404113256883202,-10.273334492231333,-10.273334492231333
PKNORLEN,2017-06,10,xgboost,7.0,af8dcc7cfdb810957901e7595127bb00783ce7fbd085b22a5611a37aa67e6bbf,5,3,86304,-0.006115830969065428,-9.89249420725342,-9.744529582510479,-9.744529582510479
PKNORLEN,2017-06,10,xgboost,7.0,af8dcc7cfdb810957901e7595127bb00783ce7fbd085b22a5611a37aa67e6bbf,5,4,86335,-0.003295419504866004,-9.516812438224637,-9.436828197120342,-9.436828197120342
PKNORLEN,2017-06,10,xgboost,7.0,af8dcc7cfdb810957901e7595127bb00783ce7fbd085b22a5611a37aa67e6bbf,5,5,86284,-0.0008445357088930905,-9.297656871411453,-9.26710550443483,-9.279467692340374
PKNORLEN,2017-06,10,xgboost,7.0,af8dcc7cfdb810957901e7595127bb00783ce7fbd085b22a5611a37aa67e6bbf,5,6,86305,0.0015066965715959668,-9.01055730869718,-9.083237702138375,-9.01055730869718
PKNORLEN,2017-06,10,xgboost,7.0,af8dcc7cfdb810957901e7595127bb00783ce7fbd085b22a5611a37aa67e6bbf,5,7,86308,0.0039260550402104855,-8.860449047992223,-8.972501853236558,-8.860449047992223
PKNORLEN,2017-06,10,xgboost,7.0,af8dcc7cfdb810957901e7595127bb00783ce7fbd085b22a5611a37aa67e6bbf,5,8,86309,0.00660319859161973,-8.64060563523712,-8.761161876854143,-8.64060563523712
PKNORLEN,2017-06,10,xgboost,7.0,af8dcc7cfdb810957901e7595127bb00783ce7fbd085b22a5611a37aa67e6bbf,5,9,86308,0.009973885491490364,-8.61169925214469,-8.769930617603734,-8.61169925214469
PKNORLEN,2017-06,10,xgboost,7.0,af8dcc7cfdb810957901e7595127bb00783ce7fbd085b22a5611a37aa67e6bbf,5,10,86309,0.020931929349899292,-10.066569577908254,-10.313856606897696,-10.066569577908254
PKNORLEN,2017-06,20,linear,,52e0cbbdee226a6278e0e4849deda2384c8d739db34bf973934f47b59240a01c,0,1,86288,-0.6857614320990036,-8.960844050965118,-6.24782988782525,-6.24782988782525
PKNORLEN,2017-06,20,linear,,52e0cbbdee226a6278e0e4849deda2384c8d739db34bf973934f47b59240a01c,0,2,86287,-0.476293761566772,-9.946687844774518,-8.041226687286525,-8.041226687286525
PKNORLEN,2017-06,20,linear,,52e0cbbdee226a6278e0e4849deda2384c8d739db34bf973934f47b59240a01c,0,3,86288,-0.2936929807661856,-10.14912041057256,-9.024172425830942,-9.024172425830942
PKNORLEN,2017-06,20,linear,,52e0cbbdee226a6278e0e4849deda2384c8d739db34bf973934f47b59240a01c,0,4,86287,-0.14177909279252088,-10.957366340117066,-10.391694521464947,-10.391694521464947
PKNORLEN,2017-06,20,linear,,52e0cbbdee226a6278e0e4849deda2384c8d739db34bf973934f47b59240a01c,0,5,86289,-0.02211134098356267,-11.725966696368177,-11.500009173119597,-11.500879899956846
PKNORLEN,2017-06,20,linear,,52e0cbbdee226a6278e0e4849deda2384c8d739db34bf973934f47b59240a01c,0,6,86287,0.09292326962883145,-10.977284698750772,-11.196618342911725,-10.977284698750772
PKNORLEN,2017-06,20,linear,,52e0cbbdee226a6278e0e4849deda2384c8d739db34bf973934f47b59240a01c,0,7,86289,0.22357806603494418,-10.191397597466416,-10.867262101193734,-10.191397597466416
PKNORLEN,2017-06,20,linear,,52e0cbbdee226a6278e0e4849deda2384c8d739db34bf973934f47b59240a01c,0,8,86285,0.3752463872877349,-9.091536203455467,-10.255185943117178,-9.091536203455467
PKNORLEN,2017-06,20,linear,,52e0cbbdee226a6278e0e4849deda2384c8d739db34bf973934f47b59240a01c,0,9,86287,0.5331333790408999,-8.317701120092607,-10.188119322243748,-8.317701120092607
PKNORLEN,2017-06,20,linear,,52e0cbbdee226a6278e0e4849deda2384c8d739db34bf973934f47b59240a01c,0,10,86288,0.7099427668757642,-6.074937695926363,-8.789651327120517,-6.074937695926363
PKNORLEN,2017-06,20,linear,,52e0cbbdee226a6278e0e4849deda2384c8d739db34bf973934f47b59240a01c,1,1,86288,-0.6857614320990036,-8.975099144360236,-6.551573745191013,-6.551573745191013
PKNORLEN,2017-06,20,linear,,52e0cbbdee226a6278e0e4849deda2384c8d739db34bf973934f47b59240a01c,1,2,86287,-0.476293761566772,-9.895938559509196,-8.111624155710114,-8.111624155710114
PKNORLEN,2017-06,20,linear,,52e0cbbdee226a6278e0e4849deda2384c8d739db34bf973934f47b59240a01c,1,3,86288,-0.2936929807661856,-10.077650962841556,-8.99492809368255,-8.99492809368255
PKNORLEN,2017-06,20,linear,,52e0cbbdee226a6278e0e4849deda2384c8d739db34bf973934f47b59240a01c,1,4,86287,-0.14177909279252088,-10.868215035136028,-10.314258975440254,-10.314258975440254
PKNORLEN,2017-06,20,linear,,52e0cbbdee226a6278e0e4849deda2384c8d739db34bf973934f47b59240a01c,1,5,86289,-0.02211134098356267,-11.6295784873499,-11.405699546029231,-11.403776599910401
PKNORLEN,2017-06,20,linear,,52e0cbbdee226a6278e0e4849deda2384c8d739db34bf973934f47b59240a01c,1,6,86287,0.09292326962883145,-10.893632050544737,-11.11956740857974,-10.893632050544737
PKNORLEN,2017-06,20,linear,,52e0cbbdee226a6278e0e4849deda2384c8d739db34bf973934f47b59240a01c,1,7,86289,0.22357806603494418,-10.125308542482458,-10.797260611152952,-10.125308542482458
PKNORLEN,2017-06,20,linear,,52e0cbbdee226a6278e0e4849deda2384c8d739db34bf973934f47b59240a01c,1,8,86285,0.3752463872877349,-9.101480781567812,-10.214099135167672,-9.101480781567812
PKNORLEN,2017-06,20,linear,,52e0cbbdee226a6278e0e4849deda2384c8d739db34bf973934f47b59240a01c,1,9,86287,0.5331333790408999,-8.438532012256205,-10.16003111336226,-8.438532012256205
PKNORLEN,2017-06,20,linear,,52e0cbbdee226a6278e0e4849deda2384c8d739db34bf973934f47b59240a01c,1,10,86288,0.7099427668757642,-6.386755095929081,-8.832436231071995,-6.386755095929081
PKNORLEN,2017-06,20,linear,,52e0cbbdee226a6278e0e4849deda2384c8d739db34bf973934f47b59240a01c,5,1,86288,-0.6857614320990036,-8.91023864422382,-7.067179620401279,-7.067179620401279
PKNORLEN,2017-06,20,linear,,52e0cbbdee226a6278e0e4849deda2384c8d739db34bf973934f47b59240a01c,5,2,86287,-0.476293761566772,-9.768331613592567,-8.364064107560985,-8.364064107560985
PKNORLEN,2017-06,20,linear,,52e0cbbdee226a6278e0e4849deda2384c8d739db34bf973934f47b59240a01c,5,3,86288,-0.2936929807661856,-9.928385004146211,-9.039707202969007,-9.039707202969007
PKNORLEN,2017-06,20,linear,,52e0cbbdee226a6278e0e4849deda2384c8d739db34bf973934f47b59240a01c,5,4,86287,-0.14177909279252088,-10.670237130405175,-10.212786967049425,-10.212786967049425
PKNORLEN,2017-06,20,linear,,52e0cbbdee226a6278e0e4849deda2384c8d739db34bf973934f47b59240a01c,5,5,86289,-0.02211134098356267,-11.451899094821483,-11.231487351249791,-11.223876153533075
PKNORLEN,2017-06,20,linear,,52e0cbbdee226a6278e0e4849deda2384c8d739db34bf973934f47b59240a01c,5,6,86287,0.09292326962883145,-10.742527899403077,-10.94877529635402,-10.742527899403077
PKNORLEN,2017-06,20,linear,,52e0cbbdee226a6278e0e4849deda2384c8d739db34bf973934f47b59240a01c,5,7,86289,0.22357806603494418,-10.079552783067307,-10.675409822008021,-10.079552783067307
PKNORLEN,2017-06,20,linear,,52e0cbbdee226a6278e0e4849deda2384c8d739db34bf973934f47b59240a01c,5,8,86285,0.3752463872877349,-9.225943335132179,-10.095576462119448,-9.225943335132179
PKNORLEN,2017-06,20,linear,,52e0cbbdee226a6278e0e4849deda2384c8d739db34bf973934f47b59240a01c,5,9,86287,0.5331333790408999,-8.699733762549883,-10.044296865229173,-8.699733762549883
PKNORLEN,2017-06,20,linear,,52e0cbbdee226a6278e0e4849deda2384c8d739db34bf973934f47b59240a01c,5,10,86288,0.7099427668757642,-6.913182070087546,-8.820964513253667,-6.913182070087546
PKNORLEN,2017-06,20,xgboost,,04109cd49f10e86230fd510cd6bf1f8cac6576d537e78152ce817020ad779a6a,0,1,86290,-0.9579517245292664,-9.108048987161382,-6.2786709323680965,-6.2786709323680965
PKNORLEN,2017-06,20,xgboost,,04109cd49f10e86230fd510cd6bf1f8cac6576d537e78152ce817020ad779a6a,0,2,86407,-0.5539662837982178,-9.978197995582466,-8.090429973916129,-8.090429973916129
PKNORLEN,2017-06,20,xgboost,,04109cd49f10e86230fd510cd6bf1f8cac6576d537e78152ce817020ad779a6a,0,3,86166,-0.3008648753166199,-9.923135441001845,-8.845264359120081,-8.845264359120081
PKNORLEN,2017-06,20,xgboost,,04109cd49f10e86230fd510cd6bf1f8cac6576d537e78152ce817020ad779a6a,0,4,86315,-0.12643969058990479,-10.610383127851748,-10.025814249165029,-10.025814249165029
PKNORLEN,2017-06,20,xgboost,,04109cd49f10e86230fd510cd6bf1f8cac6576d537e78152ce817020ad779a6a,0,5,86260,0.004604768007993698,-11.893594449074023,-11.682998388366068,-11.739951211859761
PKNORLEN,2017-06,20,xgboost,,04109cd49f10e86230fd510cd6bf1f8cac6576d537e78152ce817020ad779a6a,0,6,86287,0.12112198770046234,-10.736210318004147,-10.867993255027672,-10.736210318004147
PKNORLEN,2017-06,20,xgboost,,04109cd49f10e86230fd510cd6bf1f8cac6576d537e78152ce817020ad779a6a,0,7,86288,0.2511166036128998,-10.325538155467132,-10.95860246297095,-10.325538155467132
PKNORLEN,2017-06,20,xgboost,,04109cd49f10e86230fd510cd6bf1f8cac6576d537e78152ce817020ad779a6a,0,8,86290,0.42897719144821167,-9.23488981846961,-10.365517254683114,-9.23488981846961
PKNORLEN,2017-06,20,xgboost,,04109cd49f10e86230fd510cd6bf1f8cac6576d537e78152ce817020ad779a6a,0,9,86366,0.6272007822990417,-8.801343290738204,-10.650626554095217,-8.801343290738204
PKNORLEN,2017-06,20,xgboost,,04109cd49f10e86230fd510cd6bf1f8cac6576d537e78152ce817020ad779a6a,0,10,86206,1.013399362564087,-5.77901667291964,-8.735710116754557,-5.77901667291964
PKNORLEN,2017-06,20,xgboost,,04109cd49f10e86230fd510cd6bf1f8cac6576d537e78152ce817020ad779a6a,1,1,86290,-0.9579517245292664,-9.097629207892185,-6.575537280263522,-6.575537280263522
PKNORLEN,2017-06,20,xgboost,,04109cd49f10e86230fd510cd6bf1f8cac6576d537e78152ce817020ad779a6a,1,2,86407,-0.5539662837982178,-9.919941900763048,-8.126207171617908,-8.126207171617908
PKNORLEN,2017-06,20,xgboost,,04109cd49f10e86230fd510cd6bf1f8cac6576d537e78152ce817020ad779a6a,1,3,86166,-0.3008648753166199,-9.87034738095526,-8.81494222211117,-8.81494222211117
PKNORLEN,2017-06,20,xgboost,,04109cd49f10e86230fd510cd6bf1f8cac6576d537e78152ce817020ad779a6a,1,4,86315,-0.12643969058990479,-10.53856299436331,-9.969097852513423,-9.969097852513423
PKNORLEN,2017-06,20,xgboost,,04109cd49f10e86230fd510cd6bf1f8cac6576d537e78152ce817020ad779a6a,1,5,86260,0.004604768007993698,-11.817894626931077,-11.603007910714107,-11.663637025270022
PKNORLEN,2017-06,20,xgboost,,04109cd49f10e86230fd510cd6bf1f8cac6576d537e78152ce817020ad779a6a,1,6,86287,0.12112198770046234,-10.686194387061528,-10.807714306629608,-10.686194387061528
PKNORLEN,2017-06,20,xgboost,,04109cd49f10e86230fd510cd6bf1f8cac6576d537e78152ce817020ad779a6a,1,7,86288,0.2511166036128998,-10.286500549873553,-10.902395702121325,-10.286500549873553
PKNORLEN,2017-06,20,xgboost,,04109cd49f10e86230fd510cd6bf1f8cac6576d537e78152ce817020ad779a6a,1,8,86290,0.42897719144821167,-9.233773586687137,-10.325507157258933,-9.233773586687137
PKNORLEN,2017-06,20,xgboost,,04109cd49f10e86230fd510cd6bf1f8cac6576d537e78152ce817020ad779a6a,1,9,86366,0.6272007822990417,-8.843431538917967,-10.624693567465863,-8.843431538917967
PKNORLEN,2017-06,20,xgboost,,04109cd49f10e86230fd510cd6bf1f8cac6576d537e78152ce817020ad779a6a,1,10,86206,1.013399362564087,-6.09569525610889,-8.752166490409033,-6.09569525610889
PKNORLEN,2017-06,20,xgboost,,04109cd49f10e86230fd510cd6bf1f8cac6576d537e78152ce817020ad779a6a,5,1,86290,-0.9579517245292664,-9.003106680053426,-7.144340610237586,-7.144340610237586
PKNORLEN,2017-06,20,xgboost,,04109cd49f10e86230fd510cd6bf1f8cac6576d537e78152ce817020ad779a6a,5,2,86407,-0.5539662837982178,-9.777858107600512,-8.333125578402441,-8.333125578402441
PKNORLEN,2017-06,20,xgboost,,04109cd49f10e86230fd510cd6bf1f8cac6576d537e78152ce817020ad779a6a,5,3,86166,-0.3008648753166199,-9.745486168132171,-8.862482823482038,-8.862482823482038
PKNORLEN,2017-06,20,xgboost,,04109cd49f10e86230fd510cd6bf1f8cac6576d537e78152ce817020ad779a6a,5,4,86315,-0.12643969058990479,-10.37469965052989,-9.883943024991872,-9.883943024991872
PKNORLEN,2017-06,20,xgboost,,04109cd49f10e86230fd510cd6bf1f8cac6576d537e78152ce817020ad779a6a,5,5,86260,0.004604768007993698,-11.619515521377915,-11.403078479975147,-11.483384817182692
PKNORLEN,2017-06,20,xgboost,,04109cd49f10e86230fd510cd6bf1f8cac6576d537e78152ce817020ad779a6a,5,6,86287,0.12112198770046234,-10.546563417981899,-10.663854897645875,-10.546563417981899
PKNORLEN,2017-06,20,xgboost,,04109cd49f10e86230fd510cd6bf1f8cac6576d537e78152ce817020ad779a6a,5,7,86288,0.2511166036128998,-10.235997709170071,-10.779678274112918,-10.235997709170071
PKNORLEN,2017-06,20,xgboost,,04109cd49f10e86230fd510cd6bf1f8cac6576d537e78152ce817020ad779a6a,5,8,86290,0.42897719144821167,-9.327282959400247,-10.216961079674265,-9.327282959400247
PKNORLEN,2017-06,20,xgboost,,04109cd49f10e86230fd510cd6bf1f8cac6576d537e78152ce817020ad779a6a,5,9,86366,0.6272007822990417,-9.04934323462358,-10.507905087147787,-9.04934323462358
PKNORLEN,2017-06,20,xgboost,,04109cd49f10e86230fd510cd6bf1f8cac6576d537e78152ce817020ad779a6a,5,10,86206,1.013399362564087,-6.708355023931887,-8.704462785401692,-6.708355023931887
PKNORLEN,2017-06,20,xgboost,7.0,e5f6ea16a69d125a0d054e8fa5fb9217d7c1f5b2102e1b4e136108966d4d6efe,0,1,86288,-0.03031058982014656,-11.079540879677745,-10.441742248927602,-10.441742248927602
PKNORLEN,2017-06,20,xgboost,7.0,e5f6ea16a69d125a0d054e8fa5fb9217d7c1f5b2102e1b4e136108966d4d6efe,0,2,86289,-0.01578199490904808,-10.430065782205313,-9.867801721944588,-9.867801721944588
PKNORLEN,2017-06,20,xgboost,7.0,e5f6ea16a69d125a0d054e8fa5fb9217d7c1f5b2102e1b4e136108966d4d6efe,0,3,86291,-0.009767086245119572,-10.173409387099884,-9.86399585215539,-9.86399585215539
PKNORLEN,2017-06,20,xgboost,7.0,e5f6ea16a69d125a0d054e8fa5fb9217d7c1f5b2102e1b4e136108966d4d6efe,0,4,86288,-0.004772527143359184,-9.914040322086633,-9.662399419300083,-9.662399419300083
PKNORLEN,2017-06,20,xgboost,7.0,e5f6ea16a69d125a0d054e8fa5fb9217d7c1f5b2102e1b4e136108966d4d6efe,0,5,86291,-0.0005625200574286282,-9.545405524451839,-9.364017539369133,-9.41297020139979
PKNORLEN,2017-06,20,xgboost,7.0,e5f6ea16a69d125a0d054e8fa5fb9217d7c1f5b2102e1b4e136108966d4d6efe,0,6,86280,0.0031381025910377502,-9.238939572150102,-9.230016968921841,-9.238939572150102
PKNORLEN,2017-06,20,xgboost,7.0,e5f6ea16a69d125a0d054e8fa5fb9217d7c1f5b2102e1b4e136108966d4d6efe,0,7,86286,0.006799446884542704,-8.800512722594897,-9.008098548223574,-8.800512722594897
PKNORLEN,2017-06,20,xgboost,7.0,e5f6ea16a69d125a0d054e8fa5fb9217d7c1f5b2102e1b4e136108966d4d6efe,0,8,86287,0.01076754741370678,-8.569383019827207,-8.933612384055264,-8.569383019827207
PKNORLEN,2017-06,20,xgboost,7.0,e5f6ea16a69d125a0d054e8fa5fb9217d7c1f5b2102e1b4e136108966d4d6efe,0,9,86287,0.01623578742146492,-8.39129418549129,-9.032840793274302,-8.39129418549129
PKNORLEN,2017-06,20,xgboost,7.0,e5f6ea16a69d125a0d054e8fa5fb9217d7c1f5b2102e1b4e136108966d4d6efe,0,10,86288,0.03250860050320625,-10.250173968545619,-11.097175358745789,-10.250173968545619
PKNORLEN,2017-06,20,xgboost,7.0,e5f6ea16a69d125a0d054e8fa5fb9217d7c1f5b2102e1b4e136108966d4d6efe,1,1,86288,-0.03031058982014656,-11.015611581355513,-10.458499451156591,-10.458499451156591
PKNORLEN,2017-06,20,xgboost,7.0,e5f6ea16a69d125a0d054e8fa5fb9217d7c1f5b2102e1b4e136108966d4d6efe,1,2,86289,-0.01578199490904808,-10.405168868474291,-9.892626862521867,-9.892626862521867
PKNORLEN,2017-06,20,xgboost,7.0,e5f6ea16a69d125a0d054e8fa5fb9217d7c1f5b2102e1b4e136108966d4d6efe,1,3,86291,-0.009767086245119572,-10.145645981676019,-9.85907738794153,-9.85907738794153
PKNORLEN,2017-06,20,xgboost,7.0,e5f6ea16a69d125a0d054e8fa5fb9217d7c1f5b2102e1b4e136108966d4d6efe,1,4,86288,-0.004772527143359184,-9.882184853976472,-9.66727439949704,-9.66727439949704
PKNORLEN,2017-06,20,xgboost,7.0,e5f6ea16a69d125a0d054e8fa5fb9217d7c1f5b2102e1b4e136108966d4d6efe,1,5,86291,-0.0005625200574286282,-9.53714601902528,-9.366259093691795,-9.410586249332846
PKNORLEN,2017-06,20,xgboost,7.0,e5f6ea16a69d125a0d054e8fa5fb9217d7c1f5b2102e1b4e136108966d4d6efe,1,6,86280,0.0031381025910377502,-9.241580539416148,-9.234078577940895,-9.241580539416148
PKNORLEN,2017-06,20,xgboost,7.0,e5f6ea16a69d125a0d054e8fa5fb9217d7c1f5b2102e1b4e136108966d4d6efe,1,7,86286,0.006799446884542704,-8.816703941503908,-9.005334867178187,-8.816703941503908
PKNORLEN,2017-06,20,xgboost,7.0,e5f6ea16a69d125a0d054e8fa5fb9217d7c1f5b2102e1b4e136108966d4d6efe,1,8,86287,0.01076754741370678,-8.600981591791863,-8.936327325329017,-8.600981591791863
PKNORLEN,2017-06,20,xgboost,7.0,e5f6ea16a69d125a0d054e8fa5fb9217d7c1f5b2102e1b4e136108966d4d6efe,1,9,86287,0.01623578742146492,-8.450581065156548,-9.02931523607972,-8.450581065156548
PKNORLEN,2017-06,20,xgboost,7.0,e5f6ea16a69d125a0d054e8fa5fb9217d7c1f5b2102e1b4e136108966d4d6efe,1,10,86288,0.03250860050320625,-10.296511111357749,-11.052617849626309,-10.296511111357749
PKNORLEN,2017-06,20,xgboost,7.0,e5f6ea16a69d125a0d054e8fa5fb9217d7c1f5b2102e1b4e136108966d4d6efe,5,1,86288,-0.03031058982014656,-10.8614373338135,-10.457527404743827,-10.457527404743827
PKNORLEN,2017-06,20,xgboost,7.0,e5f6ea16a69d125a0d054e8fa5fb9217d7c1f5b2102e1b4e136108966d4d6efe,5,2,86289,-0.01578199490904808,-10.290634065879988,-9.899759574794738,-9.899759574794738
PKNORLEN,2017-06,20,xgboost,7.0,e5f6ea16a69d125a0d054e8fa5fb9217d7c1f5b2102e1b4e136108966d4d6efe,5,3,86291,-0.009767086245119572,-10.076907522428842,-9.848774434541339,-9.848774434541339
PKNORLEN,2017-06,20,xgboost,7.0,e5f6ea16a69d125a0d054e8fa5fb9217d7c1f5b2102e1b4e136108966d4d6efe,5,4,86288,-0.004772527143359184,-9.827300127327165,-9.667078966588814,-9.667078966588814
PKNORLEN,2017-06,20,xgboost,7.0,e5f6ea16a69d125a0d054e8fa5fb9217d7c1f5b2102e1b4e136108966d4d6efe,5,5,86291,-0.0005625200574286282,-9.495853725918218,-9.367670297193312,-9.41345933572917
PKNORLEN,2017-06,20,xgboost,7.0,e5f6ea16a69d125a0d054e8fa5fb9217d7c1f5b2102e1b4e136108966d4d6efe,5,6,86280,0.0031381025910377502,-9.243122383111624,-9.248816841734097,-9.243122383111624
PKNORLEN,2017-06,20,xgboost,7.0,e5f6ea16a69d125a0d054e8fa5fb9217d7c1f5b2102e1b4e136108966d4d6efe,5,7,86286,0.006799446884542704,-8.872403553601774,-9.031705677542371,-8.872403553601774
PKNORLEN,2017-06,20,xgboost,7.0,e5f6ea16a69d125a0d054e8fa5fb9217d7c1f5b2102e1b4e136108966d4d6efe,5,8,86287,0.01076754741370678,-8.701297760957742,-8.97285128017676,-8.701297760957742
PKNORLEN,2017-06,20,xgboost,7.0,e5f6ea16a69d125a0d054e8fa5fb9217d7c1f5b2102e1b4e136108966d4d6efe,5,9,86287,0.01623578742146492,-8.63513123612525,-9.062327393442997,-8.63513123612525
PKNORLEN,2017-06,20,xgboost,7.0,e5f6ea16a69d125a0d054e8fa5fb9217d7c1f5b2102e1b4e136108966d4d6efe,5,10,86288,0.03250860050320625,-10.38587397882171,-10.943673643615213,-10.38587397882171
PKNORLEN,2017-06,50,linear,,551e31596361ae6cfd818a61f5dc26674bfd948d650a8bde15872e0725121718,0,1,86230,-1.1431474844521676,-10.622191732141948,-6.656874336091774,-6.656874336091774
PKNORLEN,2017-06,50,linear,,551e31596361ae6cfd818a61f5dc26674bfd948d650a8bde15872e0725121718,0,2,86219,-0.8135243636782687,-10.490676977437772,-7.713298682655188,-7.713298682655188
PKNORLEN,2017-06,50,linear,,551e31596361ae6cfd818a61f5dc26674bfd948d650a8bde15872e0725121718,0,3,86225,-0.506996243567122,-10.137088521192407,-8.356704323742415,-8.356704323742415
PKNORLEN,2017-06,50,linear,,551e31596361ae6cfd818a61f5dc26674bfd948d650a8bde15872e0725121718,0,4,86224,-0.24654630878590986,-10.60543731778014,-9.661045434588331,-9.661045434588331
PKNORLEN,2017-06,50,linear,,551e31596361ae6cfd818a61f5dc26674bfd948d650a8bde15872e0725121718,0,5,86225,-0.03280089745665891,-11.07868510018205,-10.605499491439755,-10.66139356447912
PKNORLEN,2017-06,50,linear,,551e31596361ae6cfd818a61f5dc26674bfd948d650a8bde15872e0725121718,0,6,86227,0.17167226425169918,-10.217603458644051,-10.610196620875184,-10.217603458644051
PKNORLEN,2017-06,50,linear,,551e31596361ae6cfd818a61f5dc26674bfd948d650a8bde15872e0725121718,0,7,86221,0.39890337785248986,-9.370049662109507,-10.603698657653352,-9.370049662109507
PKNORLEN,2017-06,50,linear,,551e31596361ae6cfd818a61f5dc26674bfd948d650a8bde15872e0725121718,0,8,86225,0.6525858191554027,-8.699136970736603,-10.494870680503668,-8.699136970736603
PKNORLEN,2017-06,50,linear,,551e31596361ae6cfd818a61f5dc26674bfd948d650a8bde15872e0725121718,0,9,86224,0.914958372018004,-8.056656325178377,-10.89913514534336,-8.056656325178377
PKNORLEN,2017-06,50,linear,,551e31596361ae6cfd818a61f5dc26674bfd948d650a8bde15872e0725121718,0,10,86225,1.1735669095990757,-7.021147572561929,-10.977333678444532,-7.021147572561929
PKNORLEN,2017-06,50,linear,,551e31596361ae6cfd818a61f5dc26674bfd948d650a8bde15872e0725121718,1,1,86230,-1.1431474844521676,-10.57593106672088,-6.940048047421709,-6.940048047421709
PKNORLEN,2017-06,50,linear,,551e31596361ae6cfd818a61f5dc26674bfd948d650a8bde15872e0725121718,1,2,86219,-0.8135243636782687,-10.430797500064832,-7.815565407893247,-7.815565407893247
PKNORLEN,2017-06,50,linear,,551e31596361ae6cfd818a61f5dc26674bfd948d650a8bde15872e0725121718,1,3,86225,-0.506996243567122,-10.066647547465498,-8.346231671849372,-8.346231671849372
PKNORLEN,2017-06,50,linear,,551e31596361ae6cfd818a61f5dc26674bfd948d650a8bde15872e0725121718,1,4,86224,-0.24654630878590986,-10.52573345327276,-9.60637798064079,-9.60637798064079
PKNORLEN,2017-06,50,linear,,551e31596361ae6cfd818a61f5dc26674bfd948d650a8bde15872e0725121718,1,5,86225,-0.03280089745665891,-10.992330657281899,-10.53816048558708,-10.594004420119969
PKNORLEN,2017-06,50,linear,,551e31596361ae6cfd818a61f5dc26674bfd948d650a8bde15872e0725121718,1,6,86227,0.17167226425169918,-10.155540103847807,-10.545818354977389,-10.155540103847807
PKNORLEN,2017-06,50,linear,,551e31596361ae6cfd818a61f5dc26674bfd948d650a8bde15872e0725121718,1,7,86221,0.39890337785248986,-9.323774554884821,-10.539641206305006,-9.323774554884821
PKNORLEN,2017-06,50,linear,,551e31596361ae6cfd818a61f5dc26674bfd948d650a8bde15872e0725121718,1,8,86225,0.6525858191554027,-8.735951025113586,-10.452056031554672,-8.735951025113586
PKNORLEN,2017-06,50,linear,,551e31596361ae6cfd818a61f5dc26674bfd948d650a8bde15872e0725121718,1,9,86224,0.914958372018004,-8.203575264656463,-10.850360809011644,-8.203575264656463
PKNORLEN,2017-06,50,linear,,551e31596361ae6cfd818a61f5dc26674bfd948d650a8bde15872e0725121718,1,10,86225,1.1735669095990757,-7.287996749244654,-10.944408423617837,-7.287996749244654
PKNORLEN,2017-06,50,linear,,551e31596361ae6cfd818a61f5dc26674bfd948d650a8bde15872e0725121718,5,1,86230,-1.1431474844521676,-10.351738610008343,-7.441184555164444,-7.441184555164444
PKNORLEN,2017-06,50,linear,,551e31596361ae6cfd818a61f5dc26674bfd948d650a8bde15872e0725121718,5,2,86219,-0.8135243636782687,-10.242507734713751,-8.138359861179106,-8.138359861179106
PKNORLEN,2017-06,50,linear,,551e31596361ae6cfd818a61f5dc26674bfd948d650a8bde15872e0725121718,5,3,86225,-0.506996243567122,-9.909758626811955,-8.46316970288601,-8.46316970288601
PKNORLEN,2017-06,50,linear,,551e31596361ae6cfd818a61f5dc26674bfd948d650a8bde15872e0725121718,5,4,86224,-0.24654630878590986,-10.355043475433238,-9.572643091361616,-9.572643091361616
PKNORLEN,2017-06,50,linear,,551e31596361ae6cfd818a61f5dc26674bfd948d650a8bde15872e0725121718,5,5,86225,-0.03280089745665891,-10.849722354875325,-10.430210988716505,-10.488139840053826
PKNORLEN,2017-06,50,linear,,551e31596361ae6cfd818a61f5dc26674bfd948d650a8bde15872e0725121718,5,6,86227,0.17167226425169918,-10.06066926013384,-10.43859319830561,-10.06066926013384
PKNORLEN,2017-06,50,linear,,551e31596361ae6cfd818a61f5dc26674bfd948d650a8bde15872e0725121718,5,7,86221,0.39890337785248986,-9.355977748246731,-10.413065937848948,-9.355977748246731
PKNORLEN,2017-06,50,linear,,551e31596361ae6cfd818a61f5dc26674bfd948d650a8bde15872e0725121718,5,8,86225,0.6525858191554027,-8.907617868182205,-10.341767692985464,-8.907617868182205
PKNORLEN,2017-06,50,linear,,551e31596361ae6cfd818a61f5dc26674bfd948d650a8bde15872e0725121718,5,9,86224,0.914958372018004,-8.529192776258851,-10.640506361694513,-8.529192776258851
PKNORLEN,2017-06,50,linear,,551e31596361ae6cfd818a61f5dc26674bfd948d650a8bde15872e0725121718,5,10,86225,1.1735669095990757,-7.734967753106959,-10.698995662827596,-7.734967753106959
PKNORLEN,2017-06,50,xgboost,,ebc4ecc2b7e331e0937261280a2636d37efa2c79a1e396334dfd1d81fb6e1b43,0,1,86225,-1.554194688796997,-10.478844178371263,-6.413547959964328,-6.413547959964328
PKNORLEN,2017-06,50,xgboost,,ebc4ecc2b7e331e0937261280a2636d37efa2c79a1e396334dfd1d81fb6e1b43,0,2,86231,-0.983461320400238,-10.3686557782022,-7.585278721561784,-7.585278721561784
PKNORLEN,2017-06,50,xgboost,,ebc4ecc2b7e331e0937261280a2636d37efa2c79a1e396334dfd1d81fb6e1b43,0,3,86218,-0.5831079483032227,-10.639434620084039,-8.76839513648346,-8.76839513648346
PKNORLEN,2017-06,50,xgboost,,ebc4ecc2b7e331e0937261280a2636d37efa2c79a1e396334dfd1d81fb6e1b43,0,4,86239,-0.26300331950187683,-10.780049672739349,-9.85854072678778,-9.85854072678778
PKNORLEN,2017-06,50,xgboost,,ebc4ecc2b7e331e0937261280a2636d37efa2c79a1e396334dfd1d81fb6e1b43,0,5,86224,-0.01573684625327587,-11.089550886847265,-10.65385235808894,-10.73576703781778
PKNORLEN,2017-06,50,xgboost,,ebc4ecc2b7e331e0937261280a2636d37efa2c79a1e396334dfd1d81fb6e1b43,0,6,86219,0.21996834874153137,-10.331805855001114,-10.598014130810515,-10.331805855001114
PKNORLEN,2017-06,50,xgboost,,ebc4ecc2b7e331e0937261280a2636d37efa2c79a1e396334dfd1d81fb6e1b43,0,7,86215,0.4774521291255951,-9.365321079939331,-10.48145609312619,-9.365321079939331
PKNORLEN,2017-06,50,xgboost,,ebc4ecc2b7e331e0937261280a2636d37efa2c79a1e396334dfd1d81fb6e1b43,0,8,86225,0.7626132369041443,-8.84748375687225,-10.77133549816194,-8.84748375687225
PKNORLEN,2017-06,50,xgboost,,ebc4ecc2b7e331e0937261280a2636d37efa2c79a1e396334dfd1d81fb6e1b43,0,9,86224,1.0735236406326294,-8.097076078485372,-11.03560786589123,-8.097076078485372
PKNORLEN,2017-06,50,xgboost,,ebc4ecc2b7e331e0937261280a2636d37efa2c79a1e396334dfd1d81fb6e1b43,0,10,86225,1.6831786632537842,-6.300343107433845,-10.412781528011482,-6.300343107433845
PKNORLEN,2017-06,50,xgboost,,ebc4ecc2b7e331e0937261280a2636d37efa2c79a1e396334dfd1d81fb6e1b43,1,1,86225,-1.554194688796997,-10.436442488935796,-6.672819895495741,-6.672819895495741
PKNORLEN,2017-06,50,xgboost,,ebc4ecc2b7e331e0937261280a2636d37efa2c79a1e396334dfd1d81fb6e1b43,1,2,86231,-0.983461320400238,-10.306069388638772,-7.671352413929251,-7.671352413929251
PKNORLEN,2017-06,50,xgboost,,ebc4ecc2b7e331e0937261280a2636d37efa2c79a1e396334dfd1d81fb6e1b43,1,3,86218,-0.5831079483032227,-10.575799114258906,-8.764772057705903,-8.764772057705903
PKNORLEN,2017-06,50,xgboost,,ebc4ecc2b7e331e0937261280a2636d37efa2c79a1e396334dfd1d81fb6e1b43,1,4,86239,-0.26300331950187683,-10.713237887463048,-9.80270727273135,-9.80270727273135
PKNORLEN,2017-06,50,xgboost,,ebc4ecc2b7e331e0937261280a2636d37efa2c79a1e396334dfd1d81fb6e1b43,1,5,86224,-0.01573684625327587,-11.027661932626636,-10.591253685087239,-10.680326559810661
PKNORLEN,2017-06,50,xgboost,,ebc4ecc2b7e331e0937261280a2636d37efa2c79a1e396334dfd1d81fb6e1b43,1,6,86219,0.21996834874153137,-10.27486413615376,-10.544100628262674,-10.27486413615376
PKNORLEN,2017-06,50,xgboost,,ebc4ecc2b7e331e0937261280a2636d37efa2c79a1e396334dfd1d81fb6e1b43,1,7,86215,0.4774521291255951,-9.333391975612628,-10.434105760492981,-9.333391975612628
PKNORLEN,2017-06,50,xgboost,,ebc4ecc2b7e331e0937261280a2636d37efa2c79a1e396334dfd1d81fb6e1b43,1,8,86225,0.7626132369041443,-8.86129645226854,-10.727066923628716,-8.86129645226854
PKNORLEN,2017-06,50,xgboost,,ebc4ecc2b7e331e0937261280a2636d37efa2c79a1e396334dfd1d81fb6e1b43,1,9,86224,1.0735236406326294,-8.172880024539577,-10.98522871077854,-8.172880024539577
PKNORLEN,2017-06,50,xgboost,,ebc4ecc2b7e331e0937261280a2636d37efa2c79a1e396334dfd1d81fb6e1b43,1,10,86225,1.6831786632537842,-6.596529842869419,-10.385418249206861,-6.596529842869419
PKNORLEN,2017-06,50,xgboost,,ebc4ecc2b7e331e0937261280a2636d37efa2c79a1e396334dfd1d81fb6e1b43,5,1,86225,-1.554194688796997,-10.20822952789332,-7.201521844685554,-7.201521844685554
PKNORLEN,2017-06,50,xgboost,,ebc4ecc2b7e331e0937261280a2636d37efa2c79a1e396334dfd1d81fb6e1b43,5,2,86231,-0.983461320400238,-10.103327263854895,-7.972653310031398,-7.972653310031398
PKNORLEN,2017-06,50,xgboost,,ebc4ecc2b7e331e0937261280a2636d37efa2c79a1e396334dfd1d81fb6e1b43,5,3,86218,-0.5831079483032227,-10.408453438783251,-8.864880758518707,-8.864880758518707
PKNORLEN,2017-06,50,xgboost,,ebc4ecc2b7e331e0937261280a2636d37efa2c79a1e396334dfd1d81fb6e1b43,5,4,86239,-0.26300331950187683,-10.534366228511766,-9.747721444726336,-9.747721444726336
PKNORLEN,2017-06,50,xgboost,,ebc4ecc2b7e331e0937261280a2636d37efa2c79a1e396334dfd1d81fb6e1b43,5,5,86224,-0.01573684625327587,-10.875817826883262,-10.478900283039751,-10.569737081069425
PKNORLEN,2017-06,50,xgboost,,ebc4ecc2b7e331e0937261280a2636d37efa2c79a1e396334dfd1d81fb6e1b43,5,6,86219,0.21996834874153137,-10.172962318224979,-10.435460916675705,-10.172962318224979
PKNORLEN,2017-06,50,xgboost,,ebc4ecc2b7e331e0937261280a2636d37efa2c79a1e396334dfd1d81fb6e1b43,5,7,86215,0.4774521291255951,-9.369441410482697,-10.352687349871848,-9.369441410482697
PKNORLEN,2017-06,50,xgboost,,ebc4ecc2b7e331e0937261280a2636d37efa2c79a1e396334dfd1d81fb6e1b43,5,8,86225,0.7626132369041443,-8.980179961967961,-10.583005862008983,-8.980179961967961
PKNORLEN,2017-06,50,xgboost,,ebc4ecc2b7e331e0937261280a2636d37efa2c79a1e396334dfd1d81fb6e1b43,5,9,86224,1.0735236406326294,-8.4706890498878,-10.799145873463818,-8.4706890498878
PKNORLEN,2017-06,50,xgboost,,ebc4ecc2b7e331e0937261280a2636d37efa2c79a1e396334dfd1d81fb6e1b43,5,10,86225,1.6831786632537842,-7.173647460389383,-10.14266502162854,-7.173647460389383
PKNORLEN,2017-06,50,xgboost,7.0,6932669d8ce869fa5706d6f00e908695ce642a9f7f62a8042e25ceba091ca8d0,0,1,86225,-0.05875943601131439,-10.030617672724153,-9.377486906032065,-9.377486906032065
PKNORLEN,2017-06,50,xgboost,7.0,6932669d8ce869fa5706d6f00e908695ce642a9f7f62a8042e25ceba091ca8d0,0,2,86224,-0.029476307332515717,-9.710652603966874,-8.917846608120389,-8.917846608120389
PKNORLEN,2017-06,50,xgboost,7.0,6932669d8ce869fa5706d6f00e908695ce642a9f7f62a8042e25ceba091ca8d0,0,3,86225,-0.015606812201440334,-9.827986356795458,-9.199916237681638,-9.199916237681638
PKNORLEN,2017-06,50,xgboost,7.0,6932669d8ce869fa5706d6f00e908695ce642a9f7f62a8042e25ceba091ca8d0,0,4,86224,-0.005884384270757437,-9.676407173484309,-9.127228328530832,-9.127228328530832
PKNORLEN,2017-06,50,xgboost,7.0,6932669d8ce869fa5706d6f00e908695ce642a9f7f62a8042e25ceba091ca8d0,0,5,86233,0.0020568515174090862,-9.557390643378621,-9.173988368241963,-9.435386585181634
PKNORLEN,2017-06,50,xgboost,7.0,6932669d8ce869fa5706d6f00e908695ce642a9f7f62a8042e25ceba091ca8d0,0,6,86218,0.009742639027535915,-9.594992569930875,-9.450214766359753,-9.594992569930875
PKNORLEN,2017-06,50,xgboost,7.0,6932669d8ce869fa5706d6f00e908695ce642a9f7f62a8042e25ceba091ca8d0,0,7,86230,0.01749757118523121,-9.387772414900859,-9.64673105923233,-9.387772414900859
PKNORLEN,2017-06,50,xgboost,7.0,6932669d8ce869fa5706d6f00e908695ce642a9f7f62a8042e25ceba091ca8d0,0,8,86217,0.025459151715040207,-9.036334747792077,-9.749270111551752,-9.036334747792077
PKNORLEN,2017-06,50,xgboost,7.0,6932669d8ce869fa5706d6f00e908695ce642a9f7f62a8042e25ceba091ca8d0,0,9,86226,0.03489222005009651,-8.930727504618567,-10.153685484508669,-8.930727504618567
PKNORLEN,2017-06,50,xgboost,7.0,6932669d8ce869fa5706d6f00e908695ce642a9f7f62a8042e25ceba091ca8d0,0,10,86223,0.05789666995406151,-10.545815904148037,-11.782280205137234,-10.545815904148037
PKNORLEN,2017-06,50,xgboost,7.0,6932669d8ce869fa5706d6f00e908695ce642a9f7f62a8042e25ceba091ca8d0,1,1,86225,-0.05875943601131439,-10.035084045575264,-9.452877322621664,-9.452877322621664
PKNORLEN,2017-06,50,xgboost,7.0,6932669d8ce869fa5706d6f00e908695ce642a9f7f62a8042e25ceba091ca8d0,1,2,86224,-0.029476307332515717,-9.705583954370221,-8.947595738032922,-8.947595738032922
PKNORLEN,2017-06,50,xgboost,7.0,6932669d8ce869fa5706d6f00e908695ce642a9f7f62a8042e25ceba091ca8d0,1,3,86225,-0.015606812201440334,-9.80432493235352,-9.221654022312018,-9.221654022312018
PKNORLEN,2017-06,50,xgboost,7.0,6932669d8ce869fa5706d6f00e908695ce642a9f7f62a8042e25ceba091ca8d0,1,4,86224,-0.005884384270757437,-9.666262817883718,-9.133457694441537,-9.133457694441537
PKNORLEN,2017-06,50,xgboost,7.0,6932669d8ce869fa5706d6f00e908695ce642a9f7f62a8042e25ceba091ca8d0,1,5,86233,0.0020568515174090862,-9.552955503775532,-9.171616002233419,-9.432248400752362
PKNORLEN,2017-06,50,xgboost,7.0,6932669d8ce869fa5706d6f00e908695ce642a9f7f62a8042e25ceba091ca8d0,1,6,86218,0.009742639027535915,-9.586241016963815,-9.44366119714826,-9.586241016963815
PKNORLEN,2017-06,50,xgboost,7.0,6932669d8ce869fa5706d6f00e908695ce642a9f7f62a8042e25ceba091ca8d0,1,7,86230,0.01749757118523121,-9.391959043352339,-9.623625467336428,-9.391959043352339
PKNORLEN,2017-06,50,xgboost,7.0,6932669d8ce869fa5706d6f00e908695ce642a9f7f62a8042e25ceba091ca8d0,1,8,86217,0.025459151715040207,-9.055311772865526,-9.737441608812185,-9.055311772865526
PKNORLEN,2017-06,50,xgboost,7.0,6932669d8ce869fa5706d6f00e908695ce642a9f7f62a8042e25ceba091ca8d0,1,9,86226,0.03489222005009651,-8.966550244564498,-10.122142623052289,-8.966550244564498
PKNORLEN,2017-06,50,xgboost,7.0,6932669d8ce869fa5706d6f00e908695ce642a9f7f62a8042e25ceba091ca8d0,1,10,86223,0.05789666995406151,-10.53403031010427,-11.724599124959527,-10.53403031010427
PKNORLEN,2017-06,50,xgboost,7.0,6932669d8ce869fa5706d6f00e908695ce642a9f7f62a8042e25ceba091ca8d0,5,1,86225,-0.05875943601131439,-10.012515958273303,-9.616041832828568,-9.616041832828568
PKNORLEN,2017-06,50,xgboost,7.0,6932669d8ce869fa5706d6f00e908695ce642a9f7f62a8042e25ceba091ca8d0,5,2,86224,-0.029476307332515717,-9.672073043878616,-9.05769217097377,-9.05769217097377
PKNORLEN,2017-06,50,xgboost,7.0,6932669d8ce869fa5706d6f00e908695ce642a9f7f62a8042e25ceba091ca8d0,5,3,86225,-0.015606812201440334,-9.74255129253011,-9.285477273320259,-9.285477273320259
PKNORLEN,2017-06,50,xgboost,7.0,6932669d8ce869fa5706d6f00e908695ce642a9f7f62a8042e25ceba091ca8d0,5,4,86224,-0.005884384270757437,-9.657986542994452,-9.180404561076363,-9.180404561076363
PKNORLEN,2017-06,50,xgboost,7.0,6932669d8ce869fa5706d6f00e908695ce642a9f7f62a8042e25ceba091ca8d0,5,5,86233,0.0020568515174090862,-9.530763681788338,-9.179979099873762,-9.407944360509369
PKNORLEN,2017-06,50,xgboost,7.0,6932669d8ce869fa5706d6f00e908695ce642a9f7f62a8042e25ceba091ca8d0,5,6,86218,0.009742639027535915,-9.556365674502524,-9.450296451490066,-9.556365674502524
PKNORLEN,2017-06,50,xgboost,7.0,6932669d8ce869fa5706d6f00e908695ce642a9f7f62a8042e25ceba091ca8d0,5,7,86230,0.01749757118523121,-9.40072233202111,-9.568235507308728,-9.40072233202111
PKNORLEN,2017-06,50,xgboost,7.0,6932669d8ce869fa5706d6f00e908695ce642a9f7f62a8042e25ceba091ca8d0,5,8,86217,0.025459151715040207,-9.12275481246212,-9.660334987611085,-9.12275481246212
PKNORLEN,2017-06,50,xgboost,7.0,6932669d8ce869fa5706d6f00e908695ce642a9f7f62a8042e25ceba091ca8d0,5,9,86226,0.03489222005009651,-9.058485215215478,-10.020730106568188,-9.058485215215478
PKNORLEN,2017-06,50,xgboost,7.0,6932669d8ce869fa5706d6f00e908695ce642a9f7f62a8042e25ceba091ca8d0,5,10,86223,0.05789666995406151,-10.543002023991422,-11.559315236214466,-10.543002023991422
PKNORLEN,2017-09,10,linear,,e4e594c9019224bd93fa6052fbcd053e680306e809659ef285da0f6ee15a2679,0,1,101400,-0.5368734125878989,-7.064340546535764,-5.335123857247052,-5.335123857247052
PKNORLEN,2017-09,10,linear,,e4e594c9019224bd93fa6052fbcd053e680306e809659ef285da0f6ee15a2679,0,2,101400,-0.381536169232515,-8.489581310248612,-7.419996988425874,-7.419996988425874
PKNORLEN,2017-09,10,linear,,e4e594c9019224bd93fa6052fbcd053e680306e809659ef285da0f6ee15a2679,0,3,101400,-0.26243896426428426,-9.243460011592191,-8.49283294713955,-8.49283294713955
PKNORLEN,2017-09,10,linear,,e4e594c9019224bd93fa6052fbcd053e680306e809659ef285da0f6ee15a2679,0,4,101400,-0.1557155951012525,-9.61432964416842,-9.206753711299651,-9.206753711299651
PKNORLEN,2017-09,10,linear,,e4e594c9019224bd93fa6052fbcd053e680306e809659ef285da0f6ee15a2679,0,5,101401,-0.05496889925761855,-9.988318258865501,-9.799730744529127,-9.799730744529127
PKNORLEN,2017-09,10,linear,,e4e594c9019224bd93fa6052fbcd053e680306e809659ef285da0f6ee15a2679,0,6,101399,0.04195180424892537,-9.966075775097606,-10.047197453406588,-9.958566719336986
PKNORLEN,2017-09,10,linear,,e4e594c9019224bd93fa6052fbcd053e680306e809659ef285da0f6ee15a2679,0,7,101400,0.14313653812047128,-9.388714498673385,-9.76968213659365,-9.388714498673385
PKNORLEN,2017-09,10,linear,,e4e594c9019224bd93fa6052fbcd053e680306e809659ef285da0f6ee15a2679,0,8,101400,0.2531761772313737,-8.602860132319782,-9.297008901857756,-8.602860132319782
PKNORLEN,2017-09,10,linear,,e4e594c9019224bd93fa6052fbcd053e680306e809659ef285da0f6ee15a2679,0,9,101400,0.3748485712399923,-7.668313279069792,-8.794190583292554,-7.668313279069792
PKNORLEN,2017-09,10,linear,,e4e594c9019224bd93fa6052fbcd053e680306e809659ef285da0f6ee15a2679,0,10,101400,0.5424729885745965,-5.4487119183829,-7.318650228286368,-5.4487119183829
PKNORLEN,2017-09,10,linear,,e4e594c9019224bd93fa6052fbcd053e680306e809659ef285da0f6ee15a2679,1,1,101400,-0.5368734125878989,-7.058653951984585,-5.553376210910218,-5.553376210910218
PKNORLEN,2017-09,10,linear,,e4e594c9019224bd93fa6052fbcd053e680306e809659ef285da0f6ee15a2679,1,2,101400,-0.381536169232515,-8.42954156806415,-7.466164519031689,-7.466164519031689
PKNORLEN,2017-09,10,linear,,e4e594c9019224bd93fa6052fbcd053e680306e809659ef285da0f6ee15a2679,1,3,101400,-0.26243896426428426,-9.180812421171996,-8.507172304634835,-8.507172304634835
PKNORLEN,2017-09,10,linear,,e4e594c9019224bd93fa6052fbcd053e680306e809659ef285da0f6ee15a2679,1,4,101400,-0.1557155951012525,-9.550292568579936,-9.18312006743672,-9.18312006743672
PKNORLEN,2017-09,10,linear,,e4e594c9019224bd93fa6052fbcd053e680306e809659ef285da0f6ee15a2679,1,5,101401,-0.05496889925761855,-9.918435120549125,-9.742140915833653,-9.742140915833653
PKNORLEN,2017-09,10,linear,,e4e594c9019224bd93fa6052fbcd053e680306e809659ef285da0f6ee15a2679,1,6,101399,0.04195180424892537,-9.91117444711889,-9.99146449442698,-9.9037295170384
PKNORLEN,2017-09,10,linear,,e4e594c9019224bd93fa6052fbcd053e680306e809659ef285da0f6ee15a2679,1,7,101400,0.14313653812047128,-9.358606404403547,-9.714643504641975,-9.358606404403547
PKNORLEN,2017-09,10,linear,,e4e594c9019224bd93fa6052fbcd053e680306e809659ef285da0f6ee15a2679,1,8,101400,0.2531761772313737,-8.619303451259894,-9.245286771937929,-8.619303451259894
PKNORLEN,2017-09,10,linear,,e4e594c9019224bd93fa6052fbcd053e680306e809659ef285da0f6ee15a2679,1,9,101400,0.3748485712399923,-7.7308418917524815,-8.748913164848368,-7.7308418917524815
PKNORLEN,2017-09,10,linear,,e4e594c9019224bd93fa6052fbcd053e680306e809659ef285da0f6ee15a2679,1,10,101400,0.5424729885745965,-5.716846714437494,-7.328445834067216,-5.716846714437494
PKNORLEN,2017-09,10,linear,,e4e594c9019224bd93fa6052fbcd053e680306e809659ef285da0f6ee15a2679,5,1,101400,-0.5368734125878989,-7.014359142993329,-5.99659563356542,-5.99659563356542
PKNORLEN,2017-09,10,linear,,e4e594c9019224bd93fa6052fbcd053e680306e809659ef285da0f6ee15a2679,5,2,101400,-0.381536169232515,-8.274936280579363,-7.627994279613027,-7.627994279613027
PKNORLEN,2017-09,10,linear,,e4e594c9019224bd93fa6052fbcd053e680306e809659ef285da0f6ee15a2679,5,3,101400,-0.26243896426428426,-9.057532484146412,-8.555435111025878,-8.555435111025878
PKNORLEN,2017-09,10,linear,,e4e594c9019224bd93fa6052fbcd053e680306e809659ef285da0f6ee15a2679,5,4,101400,-0.1557155951012525,-9.428383482670958,-9.150532776414279,-9.150532776414279
PKNORLEN,2017-09,10,linear,,e4e594c9019224bd93fa6052fbcd053e680306e809659ef285da0f6ee15a2679,5,5,101401,-0.05496889925761855,-9.765044561875635,-9.653194430836933,-9.653194430836933
PKNORLEN,2017-09,10,linear,,e4e594c9019224bd93fa6052fbcd053e680306e809659ef285da0f6ee15a2679,5,6,101399,0.04195180424892537,-9.792844363463923,-9.862194209099385,-9.78307954176722
PKNORLEN,2017-09,10,linear,,e4e594c9019224bd93fa6052fbcd053e680306e809659ef285da0f6ee15a2679,5,7,101400,0.14313653812047128,-9.322066041435946,-9.562174287745355,-9.322066041435946
PKNORLEN,2017-09,10,linear,,e4e594c9019224bd93fa6052fbcd053e680306e809659ef285da0f6ee15a2679,5,8,101400,0.2531761772313737,-8.68234292456495,-9.117109058966772,-8.68234292456495
PKNORLEN,2017-09,10,linear,,e4e594c9019224bd93fa6052fbcd053e680306e809659ef285da0f6ee15a2679,5,9,101400,0.3748485712399923,-7.9077869185037,-8.631396804552887,-7.9077869185037
PKNORLEN,2017-09,10,linear,,e4e594c9019224bd93fa6052fbcd053e680306e809659ef285da0f6ee15a2679,5,10,101400,0.5424729885745965,-6.228338007783124,-7.321784364935199,-6.228338007783124
PKNORLEN,2017-09,10,xgboost,,1dc4f8a93083e499a31085a51cdb43f6494a049389303257a880766bee164e0a,0,1,101410,-0.6913994550704956,-8.360627852914911,-6.412299637603896,-6.412299637603896
PKNORLEN,2017-09,10,xgboost,,1dc4f8a93083e499a31085a51cdb43f6494a049389303257a880766bee164e0a,0,2,101390,-0.35356035828590393,-8.469875904018654,-7.344135012834847,-7.344135012834847
PKNORLEN,2017-09,10,xgboost,,1dc4f8a93083e499a31085a51cdb43f6494a049389303257a880766bee164e0a,0,3,101403,-0.21626313030719757,-9.123258010469328,-8.43972349427283,-8.43972349427283
PKNORLEN,2017-09,10,xgboost,,1dc4f8a93083e499a31085a51cdb43f6494a049389303257a880766bee164e0a,0,4,101403,-0.12585467100143433,-8.680425137598617,-8.32270592482803,-8.32270592482803
PKNORLEN,2017-09,10,xgboost,,1dc4f8a93083e499a31085a51cdb43f6494a049389303257a880766bee164e0a,0,5,101394,-0.05331695079803467,-9.337376106869364,-9.179505002638148,-9.179505002638148
PKNORLEN,2017-09,10,xgboost,,1dc4f8a93083e499a31085a51cdb43f6494a049389303257a880766bee164e0a,0,6,101407,0.018041765317320824,-9.37316372984138,-9.475605014620342,-9.379253209516083
PKNORLEN,2017-09,10,xgboost,,1dc4f8a93083e499a31085a51cdb43f6494a049389303257a880766bee164e0a,0,7,101491,0.09118257462978363,-8.588111401049497,-8.923428071965352,-8.588111401049497
PKNORLEN,2017-09,10,xgboost,,1dc4f8a93083e499a31085a51cdb43f6494a049389303257a880766bee164e0a,0,8,101310,0.19108420610427856,-9.283749725000279,-9.956991975441959,-9.283749725000279
PKNORLEN,2017-09,10,xgboost,,1dc4f8a93083e499a31085a51cdb43f6494a049389303257a880766bee164e0a,0,9,101403,0.3272797167301178,-8.386719573745143,-9.544614518768718,-8.386719573745143
PKNORLEN,2017-09,10,xgboost,,1dc4f8a93083e499a31085a51cdb43f6494a049389303257a880766bee164e0a,0,10,101389,0.6735665202140808,-5.871709213175193,-7.883043596864898,-5.871709213175193
PKNORLEN,2017-09,10,xgboost,,1dc4f8a93083e499a31085a51cdb43f6494a049389303257a880766bee164e0a,1,1,101410,-0.6913994550704956,-8.283327050394458,-6.622282139153065,-6.622282139153065
PKNORLEN,2017-09,10,xgboost,,1dc4f8a93083e499a31085a51cdb43f6494a049389303257a880766bee164e0a,1,2,101390,-0.35356035828590393,-8.427002192621966,-7.387045087321191,-7.387045087321191
PKNORLEN,2017-09,10,xgboost,,1dc4f8a93083e499a31085a51cdb43f6494a049389303257a880766bee164e0a,1,3,101403,-0.21626313030719757,-9.084098175132992,-8.435249629649705,-8.435249629649705
PKNORLEN,2017-09,10,xgboost,,1dc4f8a93083e499a31085a51cdb43f6494a049389303257a880766bee164e0a,1,4,101403,-0.12585467100143433,-8.646345495489133,-8.315928302653981,-8.315928302653981
PKNORLEN,2017-09,10,xgboost,,1dc4f8a93083e499a31085a51cdb43f6494a049389303257a880766bee164e0a,1,5,101394,-0.05331695079803467,-9.28345966950221,-9.150064773157327,-9.150064773157327
PKNORLEN,2017-09,10,xgboost,,1dc4f8a93083e499a31085a51cdb43f6494a049389303257a880766bee164e0a,1,6,101407,0.018041765317320824,-9.337530413846027,-9.434239246642912,-9.34382831764378
PKNORLEN,2017-09,10,xgboost,,1dc4f8a93083e499a31085a51cdb43f6494a049389303257a880766bee164e0a,1,7,101491,0.09118257462978363,-8.573505700210212,-8.891644828199073,-8.573505700210212
PKNORLEN,2017-09,10,xgboost,,1dc4f8a93083e499a31085a51cdb43f6494a049389303257a880766bee164e0a,1,8,101310,0.19108420610427856,-9.286658941590222,-9.911057928504976,-9.286658941590222
PKNORLEN,2017-09,10,xgboost,,1dc4f8a93083e499a31085a51cdb43f6494a049389303257a880766bee164e0a,1,9,101403,0.3272797167301178,-8.415381034274,-9.485419331495333,-8.415381034274
PKNORLEN,2017-09,10,xgboost,,1dc4f8a93083e499a31085a51cdb43f6494a049389303257a880766bee164e0a,1,10,101389,0.6735665202140808,-6.137559511465523,-7.848651944400419,-6.137559511465523
PKNORLEN,2017-09,10,xgboost,,1dc4f8a93083e499a31085a51cdb43f6494a049389303257a880766bee164e0a,5,1,101410,-0.6913994550704956,-8.084616354810791,-7.0231040342021585,-7.0231040342021585
PKNORLEN,2017-09,10,xgboost,,1dc4f8a93083e499a31085a51cdb43f6494a049389303257a880766bee164e0a,5,2,101390,-0.35356035828590393,-8.319474588171945,-7.589755763220976,-7.589755763220976
PKNORLEN,2017-09,10,xgboost,,1dc4f8a93083e499a31085a51cdb43f6494a049389303257a880766bee164e0a,5,3,101403,-0.21626313030719757,-8.994225490519744,-8.482389465600265,-8.482389465600265
PKNORLEN,2017-09,10,xgboost,,1dc4f8a93083e499a31085a51cdb43f6494a049389303257a880766bee164e0a,5,4,101403,-0.12585467100143433,-8.572454643365942,-8.315713916175993,-8.315713916175993
PKNORLEN,2017-09,10,xgboost,,1dc4f8a93083e499a31085a51cdb43f6494a049389303257a880766bee164e0a,5,5,101394,-0.05331695079803467,-9.155670699425892,-9.078243090547732,-9.078243090547732
PKNORLEN,2017-09,10,xgboost,,1dc4f8a93083e499a31085a51cdb43f6494a049389303257a880766bee164e0a,5,6,101407,0.018041765317320824,-9.22556786329793,-9.285024478780711,-9.22047332380912
PKNORLEN,2017-09,10,xgboost,,1dc4f8a93083e499a31085a51cdb43f6494a049389303257a880766bee164e0a,5,7,101491,0.09118257462978363,-8.56639773605926,-8.829690915737784,-8.56639773605926
PKNORLEN,2017-09,10,xgboost,,1dc4f8a93083e499a31085a51cdb43f6494a049389303257a880766bee164e0a,5,8,101310,0.19108420610427856,-9.327199159375805,-9.778833748814902,-9.327199159375805
PKNORLEN,2017-09,10,xgboost,,1dc4f8a93083e499a31085a51cdb43f6494a049389303257a880766bee164e0a,5,9,101403,0.3272797167301178,-8.59392368564054,-9.320726967699091,-8.59392368564054
PKNORLEN,2017-09,10,xgboost,,1dc4f8a93083e499a31085a51cdb43f6494a049389303257a880766bee164e0a,5,10,101389,0.6735665202140808,-6.634568287169494,-7.77570472222465,-6.634568287169494
PKNORLEN,2017-09,20,linear,,e8639fee1e895e0dbf037cfc02cbf2e0f44020893d5965fab7c53b5e8aff2aa8,0,1,101382,-0.8216021961589608,-7.803948266476113,-5.392242009264508,-5.392242009264508
PKNORLEN,2017-09,20,linear,,e8639fee1e895e0dbf037cfc02cbf2e0f44020893d5965fab7c53b5e8aff2aa8,0,2,101380,-0.5903662876648235,-8.930931040697285,-7.405195108485319,-7.405195108485319
PKNORLEN,2017-09,20,linear,,e8639fee1e895e0dbf037cfc02cbf2e0f44020893d5965fab7c53b5e8aff2aa8,0,3,101375,-0.4086148201962203,-9.407554379900143,-8.271733249909172,-8.271733249909172
PKNORLEN,2017-09,20,linear,,e8639fee1e895e0dbf037cfc02cbf2e0f44020893d5965fab7c53b5e8aff2aa8,0,4,101379,-0.2431203195252701,-9.460466992754284,-8.842841655786199,-8.842841655786199
PKNORLEN,2017-09,20,linear,,e8639fee1e895e0dbf037cfc02cbf2e0f44020893d5965fab7c53b5e8aff2aa8,0,5,101379,-0.0854828369633754,-9.649888096061567,-9.354314289619138,-9.354314289619138
PKNORLEN,2017-09,20,linear,,e8639fee1e895e0dbf037cfc02cbf2e0f44020893d5965fab7c53b5e8aff2aa8,0,6,101379,0.06730277317559617,-9.518759744367241,-9.70291206240371,-9.50946028418503
PKNORLEN,2017-09,20,linear,,e8639fee1e895e0dbf037cfc02cbf2e0f44020893d5965fab7c53b5e8aff2aa8,0,7,101380,0.2256619798234253,-9.120302704759373,-9.648637811395938,-9.120302704759373
PKNORLEN,2017-09,20,linear,,e8639fee1e895e0dbf037cfc02cbf2e0f44020893d5965fab7c53b5e8aff2aa8,0,8,101386,0.3958198430165946,-8.401779355147957,-9.428859643613727,-8.401779355147957
PKNORLEN,2017-09,20,linear,,e8639fee1e895e0dbf037cfc02cbf2e0f44020893d5965fab7c53b5e8aff2aa8,0,9,101371,0.5822702505946628,-7.653292742223982,-9.296066181152957,-7.653292742223982
PKNORLEN,2017-09,20,linear,,e8639fee1e895e0dbf037cfc02cbf2e0f44020893d5965fab7c53b5e8aff2aa8,0,10,101379,0.8308223122771372,-5.524374327818968,-8.140418629321184,-5.524374327818968
PKNORLEN,2017-09,20,linear,,e8639fee1e895e0dbf037cfc02cbf2e0f44020893d5965fab7c53b5e8aff2aa8,1,1,101382,-0.8216021961589608,-7.768990134297774,-5.621272380935718,-5.621272380935718
PKNORLEN,2017-09,20,linear,,e8639fee1e895e0dbf037cfc02cbf2e0f44020893d5965fab7c53b5e8aff2aa8,1,2,101380,-0.5903662876648235,-8.851607196473301,-7.471974040694945,-7.471974040694945
PKNORLEN,2017-09,20,linear,,e8639fee1e895e0dbf037cfc02cbf2e0f44020893d5965fab7c53b5e8aff2aa8,1,3,101375,-0.4086148201962203,-9.33289958101758,-8.294185289370999,-8.294185289370999
PKNORLEN,2017-09,20,linear,,e8639fee1e895e0dbf037cfc02cbf2e0f44020893d5965fab7c53b5e8aff2aa8,1,4,101379,-0.2431203195252701,-9.400139185992703,-8.829283759614324,-8.829283759614324
PKNORLEN,2017-09,20,linear,,e8639fee1e895e0dbf037cfc02cbf2e0f44020893d5965fab7c53b5e8aff2aa8,1,5,101379,-0.0854828369633754,-9.587121683430201,-9.30708519949392,-9.30708519949392
PKNORLEN,2017-09,20,linear,,e8639fee1e895e0dbf037cfc02cbf2e0f44020893d5965fab7c53b5e8aff2aa8,1,6,101379,0.06730277317559617,-9.471884562696678,-9.649326176237237,-9.463273194335388
PKNORLEN,2017-09,20,linear,,e8639fee1e895e0dbf037cfc02cbf2e0f44020893d5965fab7c53b5e8aff2aa8,1,7,101380,0.2256619798234253,-9.095845455761568,-9.590001045045446,-9.095845455761568
PKNORLEN,2017-09,20,linear,,e8639fee1e895e0dbf037cfc02cbf2e0f44020893d5965fab7c53b5e8aff2aa8,1,8,101386,0.3958198430165946,-8.423524793804726,-9.369489462220322,-8.423524793804726
PKNORLEN,2017-09,20,linear,,e8639fee1e895e0dbf037cfc02cbf2e0f44020893d5965fab7c53b5e8aff2aa8,1,9,101371,0.5822702505946628,-7.7388423817504055,-9.232805174256546,-7.7388423817504055
PKNORLEN,2017-09,20,linear,,e8639fee1e895e0dbf037cfc02cbf2e0f44020893d5965fab7c53b5e8aff2aa8,1,10,101379,0.8308223122771372,-5.800290532298578,-8.117306153380898,-5.800290532298578
PKNORLEN,2017-09,20,linear,,e8639fee1e895e0dbf037cfc02cbf2e0f44020893d5965fab7c53b5e8aff2aa8,5,1,101382,-0.8216021961589608,-7.619802727254129,-6.099934218590409,-6.099934218590409
PKNORLEN,2017-09,20,linear,,e8639fee1e895e0dbf037cfc02cbf2e0f44020893d5965fab7c53b5e8aff2aa8,5,2,101380,-0.5903662876648235,-8.64317131032109,-7.692231939393213,-7.692231939393213
PKNORLEN,2017-09,20,linear,,e8639fee1e895e0dbf037cfc02cbf2e0f44020893d5965fab7c53b5e8aff2aa8,5,3,101375,-0.4086148201962203,-9.159058871145277,-8.393288983823643,-8.393288983823643
PKNORLEN,2017-09,20,linear,,e8639fee1e895e0dbf037cfc02cbf2e0f44020893d5965fab7c53b5e8aff2aa8,5,4,101379,-0.2431203195252701,-9.277709122394779,-8.812596340717015,-8.812596340717015
PKNORLEN,2017-09,20,linear,,e8639fee1e895e0dbf037cfc02cbf2e0f44020893d5965fab7c53b5e8aff2aa8,5,5,101379,-0.0854828369633754,-9.465577555482025,-9.233315963118542,-9.233315963118542
PKNORLEN,2017-09,20,linear,,e8639fee1e895e0dbf037cfc02cbf2e0f44020893d5965fab7c53b5e8aff2aa8,5,6,101379,0.06730277317559617,-9.392648378340828,-9.543278003912782,-9.383259780044364
PKNORLEN,2017-09,20,linear,,e8639fee1e895e0dbf037cfc02cbf2e0f44020893d5965fab7c53b5e8aff2aa8,5,7,101380,0.2256619798234253,-9.08315004166529,-9.435552619782216,-9.08315004166529
PKNORLEN,2017-09,20,linear,,e8639fee1e895e0dbf037cfc02cbf2e0f44020893d5965fab7c53b5e8aff2aa8,5,8,101386,0.3958198430165946,-8.523397933631934,-9.215160896741512,-8.523397933631934
PKNORLEN,2017-09,20,linear,,e8639fee1e895e0dbf037cfc02cbf2e0f44020893d5965fab7c53b5e8aff2aa8,5,9,101371,0.5822702505946628,-7.962830689467297,-9.053810513838588,-7.962830689467297
PKNORLEN,2017-09,20,linear,,e8639fee1e895e0dbf037cfc02cbf2e0f44020893d5965fab7c53b5e8aff2aa8,5,10,101379,0.8308223122771372,-6.343066028147501,-8.001462905879988,-6.343066028147501
PKNORLEN,2017-09,20,xgboost,,71de7ddea0ae0ec801a47ca5cea41c63afef90ae67de31f34645e206e117c90f,0,1,101384,-0.9839602112770081,-8.636844133422718,-5.954151613918567,-5.954151613918567
PKNORLEN,2017-09,20,xgboost,,71de7ddea0ae0ec801a47ca5cea41c63afef90ae67de31f34645e206e117c90f,0,2,101374,-0.5633352994918823,-8.845709459509498,-7.256935914624242,-7.256935914624242
PKNORLEN,2017-09,20,xgboost,,71de7ddea0ae0ec801a47ca5cea41c63afef90ae67de31f34645e206e117c90f,0,3,101380,-0.3583875596523285,-9.568312572464123,-8.496797231314297,-8.496797231314297
PKNORLEN,2017-09,20,xgboost,,71de7ddea0ae0ec801a47ca5cea41c63afef90ae67de31f34645e206e117c90f,0,4,101378,-0.2161044031381607,-8.912105240872831,-8.312049051051785,-8.312049051051785
PKNORLEN,2017-09,20,xgboost,,71de7ddea0ae0ec801a47ca5cea41c63afef90ae67de31f34645e206e117c90f,0,5,101385,-0.09013634920120239,-9.303066307409871,-9.087068803392361,-9.087068803392361
PKNORLEN,2017-09,20,xgboost,,71de7ddea0ae0ec801a47ca5cea41c63afef90ae67de31f34645e206e117c90f,0,6,101390,0.03948608413338661,-9.268282992606167,-9.366815592186537,-9.263898555144731
PKNORLEN,2017-09,20,xgboost,,71de7ddea0ae0ec801a47ca5cea41c63afef90ae67de31f34645e206e117c90f,0,7,101363,0.16858744621276855,-8.365197138412684,-8.926471623109824,-8.365197138412684
PKNORLEN,2017-09,20,xgboost,,71de7ddea0ae0ec801a47ca5cea41c63afef90ae67de31f34645e206e117c90f,0,8,101381,0.32679909467697144,-8.73409934378879,-9.764695265412929,-8.73409934378879
PKNORLEN,2017-09,20,xgboost,,71de7ddea0ae0ec801a47ca5cea41c63afef90ae67de31f34645e206e117c90f,0,9,101390,0.5213788747787476,-8.031851302107166,-9.732717702052842,-8.031851302107166
PKNORLEN,2017-09,20,xgboost,,71de7ddea0ae0ec801a47ca5cea41c63afef90ae67de31f34645e206e117c90f,0,10,101365,0.9885141253471375,-5.805368880251821,-8.585290747884168,-5.805368880251821
PKNORLEN,2017-09,20,xgboost,,71de7ddea0ae0ec801a47ca5cea41c63afef90ae67de31f34645e206e117c90f,1,1,101384,-0.9839602112770081,-8.55591606476531,-6.1876293245292615,-6.1876293245292615
PKNORLEN,2017-09,20,xgboost,,71de7ddea0ae0ec801a47ca5cea41c63afef90ae67de31f34645e206e117c90f,1,2,101374,-0.5633352994918823,-8.776212438965272,-7.308471574661071,-7.308471574661071
PKNORLEN,2017-09,20,xgboost,,71de7ddea0ae0ec801a47ca5cea41c63afef90ae67de31f34645e206e117c90f,1,3,101380,-0.3583875596523285,-9.50766255628114,-8.50197317515313,-8.50197317515313
PKNORLEN,2017-09,20,xgboost,,71de7ddea0ae0ec801a47ca5cea41c63afef90ae67de31f34645e206e117c90f,1,4,101378,-0.2161044031381607,-8.876132867435874,-8.311752317833548,-8.311752317833548
PKNORLEN,2017-09,20,xgboost,,71de7ddea0ae0ec801a47ca5cea41c63afef90ae67de31f34645e206e117c90f,1,5,101385,-0.09013634920120239,-9.260046660770938,-9.061958310678762,-9.061958310678762
PKNORLEN,2017-09,20,xgboost,,71de7ddea0ae0ec801a47ca5cea41c63afef90ae67de31f34645e206e117c90f,1,6,101390,0.03948608413338661,-9.239088275925427,-9.329399315451722,-9.23430558512698
PKNORLEN,2017-09,20,xgboost,,71de7ddea0ae0ec801a47ca5cea41c63afef90ae67de31f34645e206e117c90f,1,7,101363,0.16858744621276855,-8.352865838392844,-8.887474078179102,-8.352865838392844
PKNORLEN,2017-09,20,xgboost,,71de7ddea0ae0ec801a47ca5cea41c63afef90ae67de31f34645e206e117c90f,1,8,101381,0.32679909467697144,-8.747657875198131,-9.706091142618959,-8.747657875198131
PKNORLEN,2017-09,20,xgboost,,71de7ddea0ae0ec801a47ca5cea41c63afef90ae67de31f34645e206e117c90f,1,9,101390,0.5213788747787476,-8.08448798666317,-9.66471407612591,-8.08448798666317
PKNORLEN,2017-09,20,xgboost,,71de7ddea0ae0ec801a47ca5cea41c63afef90ae67de31f34645e206e117c90f,1,10,101365,0.9885141253471375,-6.070645531389901,-8.52303543603541,-6.070645531389901
PKNORLEN,2017-09,20,xgboost,,71de7ddea0ae0ec801a47ca5cea41c63afef90ae67de31f34645e206e117c90f,5,1,101384,-0.9839602112770081,-8.30727365062217,-6.6712288735977,-6.6712288735977
PKNORLEN,2017-09,20,xgboost,,71de7ddea0ae0ec801a47ca5cea41c63afef90ae67de31f34645e206e117c90f,5,2,101374,-0.5633352994918823,-8.586321341822426,-7.531487312600867,-7.531487312600867
PKNORLEN,2017-09,20,xgboost,,71de7ddea0ae0ec801a47ca5cea41c63afef90ae67de31f34645e206e117c90f,5,3,101380,-0.3583875596523285,-9.347385584071503,-8.580268469051779,-8.580268469051779
PKNORLEN,2017-09,20,xgboost,,71de7ddea0ae0ec801a47ca5cea41c63afef90ae67de31f34645e206e117c90f,5,4,101378,-0.2161044031381607,-8.785608062448157,-8.331507176015306,-8.331507176015306
PKNORLEN,2017-09,20,xgboost,,71de7ddea0ae0ec801a47ca5cea41c63afef90ae67de31f34645e206e117c90f,5,5,101385,-0.09013634920120239,-9.148437459426939,-9.00201612354579,-9.00201612354579
PKNORLEN,2017-09,20,xgboost,,71de7ddea0ae0ec801a47ca5cea41c63afef90ae67de31f34645e206e117c90f,5,6,101390,0.03948608413338661,-9.167687132691984,-9.208885984870717,-9.162116922194189
PKNORLEN,2017-09,20,xgboost,,71de7ddea0ae0ec801a47ca5cea41c63afef90ae67de31f34645e206e117c90f,5,7,101363,0.16858744621276855,-8.361718938976436,-8.784961080197604,-8.361718938976436
PKNORLEN,2017-09,20,xgboost,,71de7ddea0ae0ec801a47ca5cea41c63afef90ae67de31f34645e206e117c90f,5,8,101381,0.32679909467697144,-8.83611259733777,-9.546974904195725,-8.83611259733777
PKNORLEN,2017-09,20,xgboost,,71de7ddea0ae0ec801a47ca5cea41c63afef90ae67de31f34645e206e117c90f,5,9,101390,0.5213788747787476,-8.321206389584338,-9.465101820716438,-8.321206389584338
PKNORLEN,2017-09,20,xgboost,,71de7ddea0ae0ec801a47ca5cea41c63afef90ae67de31f34645e206e117c90f,5,10,101365,0.9885141253471375,-6.608287724716331,-8.357974102044752,-6.608287724716331
PKNORLEN,2017-09,50,linear,,7ce4a788085c5b2d8d79653f32f2f9f2661e86deb618c473add64fc6416549f3,0,1,101317,-1.2879386146277676,-9.311097552887698,-6.197393918016135,-6.197393918016135
PKNORLEN,2017-09,50,linear,,7ce4a788085c5b2d8d79653f32f2f9f2661e86deb618c473add64fc6416549f3,0,2,101316,-0.9480179591219899,-9.507006614214434,-7.4312410965839,-7.4312410965839
PKNORLEN,2017-09,50,linear,,7ce4a788085c5b2d8d79653f32f2f9f2661e86deb618c473add64fc6416549f3,0,3,101315,-0.660065050734025,-9.203299457799247,-7.786475621992667,-7.786475621992667
PKNORLEN,2017-09,50,linear,,7ce4a788085c5b2d8d79653f32f2f9f2661e86deb618c473add64fc6416549f3,0,4,101319,-0.3926323500839734,-9.082543876143717,-8.159130716635415,-8.159130716635415
PKNORLEN,2017-09,50,linear,,7ce4a788085c5b2d8d79653f32f2f9f2661e86deb618c473add64fc6416549f3,0,5,101313,-0.13649856132688765,-9.17104378926488,-8.672253672542505,-8.672253672542505
PKNORLEN,2017-09,50,linear,,7ce4a788085c5b2d8d79653f32f2f9f2661e86deb618c473add64fc6416549f3,0,6,101317,0.1147811865728173,-8.883813089440752,-9.111444296404358,-8.873326092858264
PKNORLEN,2017-09,50,linear,,7ce4a788085c5b2d8d79653f32f2f9f2661e86deb618c473add64fc6416549f3,0,7,101315,0.3732231642192517,-8.56620192066171,-9.20639401663202,-8.56620192066171
PKNORLEN,2017-09,50,linear,,7ce4a788085c5b2d8d79653f32f2f9f2661e86deb618c473add64fc6416549f3,0,8,101325,0.6468926416960146,-8.0332973874859,-9.473836540606479,-8.0332973874859
PKNORLEN,2017-09,50,linear,,7ce4a788085c5b2d8d79653f32f2f9f2661e86deb618c473add64fc6416549f3,0,9,101307,0.9430409968813446,-7.455080257762786,-9.727313549510614,-7.455080257762786
PKNORLEN,2017-09,50,linear,,7ce4a788085c5b2d8d79653f32f2f9f2661e86deb618c473add64fc6416549f3,0,10,101316,1.3103022762033265,-6.245721163172651,-9.72302125998238,-6.245721163172651
PKNORLEN,2017-09,50,linear,,7ce4a788085c5b2d8d79653f32f2f9f2661e86deb618c473add64fc6416549f3,1,1,101317,-1.2879386146277676,-9.22488438759188,-6.419788713925811,-6.419788713925811
PKNORLEN,2017-09,50,linear,,7ce4a788085c5b2d8d79653f32f2f9f2661e86deb618c473add64fc6416549f3,1,2,101316,-0.9480179591219899,-9.425383996805392,-7.517785271319393,-7.517785271319393
PKNORLEN,2017-09,50,linear,,7ce4a788085c5b2d8d79653f32f2f9f2661e86deb618c473add64fc6416549f3,1,3,101315,-0.660065050734025,-9.121183125231907,-7.81946583008258,-7.81946583008258
PKNORLEN,2017-09,50,linear,,7ce4a788085c5b2d8d79653f32f2f9f2661e86deb618c473add64fc6416549f3,1,4,101319,-0.3926323500839734,-9.015864545625938,-8.161034287320614,-8.161034287320614
PKNORLEN,2017-09,50,linear,,7ce4a788085c5b2d8d79653f32f2f9f2661e86deb618c473add64fc6416549f3,1,5,101313,-0.13649856132688765,-9.121037372666967,-8.637579215884724,-8.637579215884724
PKNORLEN,2017-09,50,linear,,7ce4a788085c5b2d8d79653f32f2f9f2661e86deb618c473add64fc6416549f3,1,6,101317,0.1147811865728173,-8.853298875978538,-9.070860952457773,-8.843523831556261
PKNORLEN,2017-09,50,linear,,7ce4a788085c5b2d8d79653f32f2f9f2661e86deb618c473add64fc6416549f3,1,7,101315,0.3732231642192517,-8.55970677864312,-9.154383112311226,-8.55970677864312
PKNORLEN,2017-09,50,linear,,7ce4a788085c5b2d8d79653f32f2f9f2661e86deb618c473add64fc6416549f3,1,8,101325,0.6468926416960146,-8.072011539430935,-9.41085704578773,-8.072011539430935
PKNORLEN,2017-09,50,linear,,7ce4a788085c5b2d8d79653f32f2f9f2661e86deb618c473add64fc6416549f3,1,9,101307,0.9430409968813446,-7.5601171973880374,-9.649870534328787,-7.5601171973880374
PKNORLEN,2017-09,50,linear,,7ce4a788085c5b2d8d79653f32f2f9f2661e86deb618c473add64fc6416549f3,1,10,101316,1.3103022762033265,-6.505633994898237,-9.646592449378925,-6.505633994898237
PKNORLEN,2017-09,50,linear,,7ce4a788085c5b2d8d79653f32f2f9f2661e86deb618c473add64fc6416549f3,5,1,101317,-1.2879386146277676,-8.928501576828138,-6.885279798236008,-6.885279798236008
PKNORLEN,2017-09,50,linear,,7ce4a788085c5b2d8d79653f32f2f9f2661e86deb618c473add64fc6416549f3,5,2,101316,-0.9480179591219899,-9.180407616799737,-7.780761180377106,-7.780761180377106
PKNORLEN,2017-09,50,linear,,7ce4a788085c5b2d8d79653f32f2f9f2661e86deb618c473add64fc6416549f3,5,3,101315,-0.660065050734025,-8.932774142583344,-7.951375274578758,-7.951375274578758
PKNORLEN,2017-09,50,linear,,7ce4a788085c5b2d8d79653f32f2f9f2661e86deb618c473add64fc6416549f3,5,4,101319,-0.3926323500839734,-8.873420873473917,-8.217305874571872,-8.217305874571872
PKNORLEN,2017-09,50,linear,,7ce4a788085c5b2d8d79653f32f2f9f2661e86deb618c473add64fc6416549f3,5,5,101313,-0.13649856132688765,-9.033251932689591,-8.617261601134446,-8.617261601134446
PKNORLEN,2017-09,50,linear,,7ce4a788085c5b2d8d79653f32f2f9f2661e86deb618c473add64fc6416549f3,5,6,101317,0.1147811865728173,-8.824289133516844,-8.988179649917166,-8.814525062765105
PKNORLEN,2017-09,50,linear,,7ce4a788085c5b2d8d79653f32f2f9f2661e86deb618c473add64fc6416549f3,5,7,101315,0.3732231642192517,-8.611165444962024,-9.010870345132307,-8.611165444962024
PKNORLEN,2017-09,50,linear,,7ce4a788085c5b2d8d79653f32f2f9f2661e86deb618c473add64fc6416549f3,5,8,101325,0.6468926416960146,-8.213509062357312,-9.25559307564085,-8.213509062357312
PKNORLEN,2017-09,50,linear,,7ce4a788085c5b2d8d79653f32f2f9f2661e86deb618c473add64fc6416549f3,5,9,101307,0.9430409968813446,-7.851410085697229,-9.419718945680595,-7.851410085697229
PKNORLEN,2017-09,50,linear,,7ce4a788085c5b2d8d79653f32f2f9f2661e86deb618c473add64fc6416549f3,5,10,101316,1.3103022762033265,-7.010438216970826,-9.360173471082375,-7.010438216970826
PKNORLEN,2017-09,50,xgboost,,4193a43ff8338dd70d6addb0d14a1ade58d8cc11a21cdc5897b7ff0be2a798b2,0,1,101316,-1.4836351871490479,-9.657554832867307,-6.192524823540162,-6.192524823540162
PKNORLEN,2017-09,50,xgboost,,4193a43ff8338dd70d6addb0d14a1ade58d8cc11a21cdc5897b7ff0be2a798b2,0,2,101316,-0.9468468427658081,-9.166981969304661,-7.044093581410226,-7.044093581410226
PKNORLEN,2017-09,50,xgboost,,4193a43ff8338dd70d6addb0d14a1ade58d8cc11a21cdc5897b7ff0be2a798b2,0,3,101316,-0.6401665806770325,-9.772277893631385,-8.328681663575997,-8.328681663575997
PKNORLEN,2017-09,50,xgboost,,4193a43ff8338dd70d6addb0d14a1ade58d8cc11a21cdc5897b7ff0be2a798b2,0,4,101324,-0.3880225419998169,-9.01241960591409,-8.162121192301278,-8.162121192301278
PKNORLEN,2017-09,50,xgboost,,4193a43ff8338dd70d6addb0d14a1ade58d8cc11a21cdc5897b7ff0be2a798b2,0,5,101329,-0.14765095710754395,-9.124367061020214,-8.654449619299509,-8.654449619299509
PKNORLEN,2017-09,50,xgboost,,4193a43ff8338dd70d6addb0d14a1ade58d8cc11a21cdc5897b7ff0be2a798b2,0,6,101298,0.08496463298797607,-8.48754719700659,-8.678350487146734,-8.489989229649643
PKNORLEN,2017-09,50,xgboost,,4193a43ff8338dd70d6addb0d14a1ade58d8cc11a21cdc5897b7ff0be2a798b2,0,7,101313,0.30482178926467896,-7.801427311668826,-8.598917430207596,-7.801427311668826
PKNORLEN,2017-09,50,xgboost,,4193a43ff8338dd70d6addb0d14a1ade58d8cc11a21cdc5897b7ff0be2a798b2,0,8,101318,0.5678762793540955,-8.362114619043394,-9.728341822470398,-8.362114619043394
PKNORLEN,2017-09,50,xgboost,,4193a43ff8338dd70d6addb0d14a1ade58d8cc11a21cdc5897b7ff0be2a798b2,0,9,101314,0.8680250644683838,-7.564796556371949,-9.93179503431271,-7.564796556371949
PKNORLEN,2017-09,50,xgboost,,4193a43ff8338dd70d6addb0d14a1ade58d8cc11a21cdc5897b7ff0be2a798b2,0,10,101316,1.4801242351531982,-6.509511792812014,-10.169220195559404,-6.509511792812014
PKNORLEN,2017-09,50,xgboost,,4193a43ff8338dd70d6addb0d14a1ade58d8cc11a21cdc5897b7ff0be2a798b2,1,1,101316,-1.4836351871490479,-9.54809980891894,-6.423829798810845,-6.423829798810845
PKNORLEN,2017-09,50,xgboost,,4193a43ff8338dd70d6addb0d14a1ade58d8cc11a21cdc5897b7ff0be2a798b2,1,2,101316,-0.9468468427658081,-9.088555532245854,-7.114835127748993,-7.114835127748993
PKNORLEN,2017-09,50,xgboost,,4193a43ff8338dd70d6addb0d14a1ade58d8cc11a21cdc5897b7ff0be2a798b2,1,3,101316,-0.6401665806770325,-9.699025904760145,-8.344354463331968,-8.344354463331968
PKNORLEN,2017-09,50,xgboost,,4193a43ff8338dd70d6addb0d14a1ade58d8cc11a21cdc5897b7ff0be2a798b2,1,4,101324,-0.3880225419998169,-8.966782703904398,-8.166015480928367,-8.166015480928367
PKNORLEN,2017-09,50,xgboost,,4193a43ff8338dd70d6addb0d14a1ade58d8cc11a21cdc5897b7ff0be2a798b2,1,5,101329,-0.14765095710754395,-9.0924554900975,-8.640260616164646,-8.640260616164646
PKNORLEN,2017-09,50,xgboost,,4193a43ff8338dd70d6addb0d14a1ade58d8cc11a21cdc5897b7ff0be2a798b2,1,6,101298,0.08496463298797607,-8.47211013623891,-8.654898197261097,-8.474440386289608
PKNORLEN,2017-09,50,xgboost,,4193a43ff8338dd70d6addb0d14a1ade58d8cc11a21cdc5897b7ff0be2a798b2,1,7,101313,0.30482178926467896,-7.816947861833726,-8.566938693090655,-7.816947861833726
PKNORLEN,2017-09,50,xgboost,,4193a43ff8338dd70d6addb0d14a1ade58d8cc11a21cdc5897b7ff0be2a798b2,1,8,101318,0.5678762793540955,-8.382249207664717,-9.66345402096457,-8.382249207664717
PKNORLEN,2017-09,50,xgboost,,4193a43ff8338dd70d6addb0d14a1ade58d8cc11a21cdc5897b7ff0be2a798b2,1,9,101314,0.8680250644683838,-7.631631492585374,-9.854554011200936,-7.631631492585374
PKNORLEN,2017-09,50,xgboost,,4193a43ff8338dd70d6addb0d14a1ade58d8cc11a21cdc5897b7ff0be2a798b2,1,10,101316,1.4801242351531982,-6.761157081115835,-10.059068670122977,-6.761157081115835
PKNORLEN,2017-09,50,xgboost,,4193a43ff8338dd70d6addb0d14a1ade58d8cc11a21cdc5897b7ff0be2a798b2,5,1,101316,-1.4836351871490479,-9.184788135335,-6.924327369210569,-6.924327369210569
PKNORLEN,2017-09,50,xgboost,,4193a43ff8338dd70d6addb0d14a1ade58d8cc11a21cdc5897b7ff0be2a798b2,5,2,101316,-0.9468468427658081,-8.850480848774309,-7.369666206312655,-7.369666206312655
PKNORLEN,2017-09,50,xgboost,,4193a43ff8338dd70d6addb0d14a1ade58d8cc11a21cdc5897b7ff0be2a798b2,5,3,101316,-0.6401665806770325,-9.487686302548381,-8.45414609787055,-8.45414609787055
PKNORLEN,2017-09,50,xgboost,,4193a43ff8338dd70d6addb0d14a1ade58d8cc11a21cdc5897b7ff0be2a798b2,5,4,101324,-0.3880225419998169,-8.850483444813559,-8.228992600129136,-8.228992600129136
PKNORLEN,2017-09,50,xgboost,,4193a43ff8338dd70d6addb0d14a1ade58d8cc11a21cdc5897b7ff0be2a798b2,5,5,101329,-0.14765095710754395,-9.020008369655693,-8.618373333255496,-8.618373333255496
PKNORLEN,2017-09,50,xgboost,,4193a43ff8338dd70d6addb0d14a1ade58d8cc11a21cdc5897b7ff0be2a798b2,5,6,101298,0.08496463298797607,-8.461473199571394,-8.603749054877857,-8.45900094118919
PKNORLEN,2017-09,50,xgboost,,4193a43ff8338dd70d6addb0d14a1ade58d8cc11a21cdc5897b7ff0be2a798b2,5,7,101313,0.30482178926467896,-7.914157649901141,-8.480072173594106,-7.914157649901141
PKNORLEN,2017-09,50,xgboost,,4193a43ff8338dd70d6addb0d14a1ade58d8cc11a21cdc5897b7ff0be2a798b2,5,8,101318,0.5678762793540955,-8.501546622215127,-9.483954841973954,-8.501546622215127
PKNORLEN,2017-09,50,xgboost,,4193a43ff8338dd70d6addb0d14a1ade58d8cc11a21cdc5897b7ff0be2a798b2,5,9,101314,0.8680250644683838,-7.906730702900928,-9.597762120605731,-7.906730702900928
PKNORLEN,2017-09,50,xgboost,,4193a43ff8338dd70d6addb0d14a1ade58d8cc11a21cdc5897b7ff0be2a798b2,5,10,101316,1.4801242351531982,-7.281711973484863,-9.725464548903116,-7.281711973484863
PKNORLEN,2017-11,10,linear,,ae03cb726cdfdc6cdb9b3afea9b7f791e2a8d18dd4f859f185981c455147d5aa,0,1,104142,-0.5439666662078314,-8.436643539577304,-6.664514188505693,-6.664514188505693
PKNORLEN,2017-11,10,linear,,ae03cb726cdfdc6cdb9b3afea9b7f791e2a8d18dd4f859f185981c455147d5aa,0,2,104142,-0.37134446408262084,-10.31493576155447,-9.280334574905115,-9.280334574905115
PKNORLEN,2017-11,10,linear,,ae03cb726cdfdc6cdb9b3afea9b7f791e2a8d18dd4f859f185981c455147d5aa,0,3,104145,-0.25155210872710887,-11.24212662253741,-10.571514350767622,-10.571514350767622
PKNORLEN,2017-11,10,linear,,ae03cb726cdfdc6cdb9b3afea9b7f791e2a8d18dd4f859f185981c455147d5aa,0,4,104138,-0.14401598916498184,-12.139941280556407,-11.74710652922429,-11.74710652922429
PKNORLEN,2017-11,10,linear,,ae03cb726cdfdc6cdb9b3afea9b7f791e2a8d18dd4f859f185981c455147d5aa,0,5,104142,-0.044795696367730974,-12.699713056274778,-12.520121796223744,-12.522125315464777
PKNORLEN,2017-11,10,linear,,ae03cb726cdfdc6cdb9b3afea9b7f791e2a8d18dd4f859f185981c455147d5aa,0,6,104142,0.05224548854071231,-12.55050854035764,-12.61694503055591,-12.55050854035764
PKNORLEN,2017-11,10,linear,,ae03cb726cdfdc6cdb9b3afea9b7f791e2a8d18dd4f859f185981c455147d5aa,0,7,104141,0.1529903171364109,-11.479120653484461,-11.804951252662457,-11.479120653484461
PKNORLEN,2017-11,10,linear,,ae03cb726cdfdc6cdb9b3afea9b7f791e2a8d18dd4f859f185981c455147d5aa,0,8,104142,0.2641263037319458,-10.223778776747313,-10.888373168703701,-10.223778776747313
PKNORLEN,2017-11,10,linear,,ae03cb726cdfdc6cdb9b3afea9b7f791e2a8d18dd4f859f185981c455147d5aa,0,9,104142,0.389852979331821,-8.966285805755982,-9.971074150884977,-8.966285805755982
PKNORLEN,2017-11,10,linear,,ae03cb726cdfdc6cdb9b3afea9b7f791e2a8d18dd4f859f185981c455147d5aa,0,10,104142,0.5655500293041257,-6.272795266881231,-8.011477321257344,-6.272795266881231
PKNORLEN,2017-11,10,linear,,ae03cb726cdfdc6cdb9b3afea9b7f791e2a8d18dd4f859f185981c455147d5aa,1,1,104142,-0.5439666662078314,-8.435561494003021,-6.92452942487075,-6.92452942487075
PKNORLEN,2017-11,10,linear,,ae03cb726cdfdc6cdb9b3afea9b7f791e2a8d18dd4f859f185981c455147d5aa,1,2,104142,-0.37134446408262084,-10.240102533395127,-9.356176491917148,-9.356176491917148
PKNORLEN,2017-11,10,linear,,ae03cb726cdfdc6cdb9b3afea9b7f791e2a8d18dd4f859f185981c455147d5aa,1,3,104145,-0.25155210872710887,-11.17209521644302,-10.579915453463096,-10.579915453463096
PKNORLEN,2017-11,10,linear,,ae03cb726cdfdc6cdb9b3afea9b7f791e2a8d18dd4f859f185981c455147d5aa,1,4,104138,-0.14401598916498184,-12.060281787169345,-11.713383940567697,-11.713383940567697
PKNORLEN,2017-11,10,linear,,ae03cb726cdfdc6cdb9b3afea9b7f791e2a8d18dd4f859f185981c455147d5aa,1,5,104142,-0.044795696367730974,-12.620911065336145,-12.468667658540134,-12.46739278166999
PKNORLEN,2017-11,10,linear,,ae03cb726cdfdc6cdb9b3afea9b7f791e2a8d18dd4f859f185981c455147d5aa,1,6,104142,0.05224548854071231,-12.486093489913488,-12.542999085065219,-12.486093489913488
PKNORLEN,2017-11,10,linear,,ae03cb726cdfdc6cdb9b3afea9b7f791e2a8d18dd4f859f185981c455147d5aa,1,7,104141,0.1529903171364109,-11.445685187616107,-11.73262564177202,-11.445685187616107
PKNORLEN,2017-11,10,linear,,ae03cb726cdfdc6cdb9b3afea9b7f791e2a8d18dd4f859f185981c455147d5aa,1,8,104142,0.2641263037319458,-10.246423633109773,-10.823720070382805,-10.246423633109773
PKNORLEN,2017-11,10,linear,,ae03cb726cdfdc6cdb9b3afea9b7f791e2a8d18dd4f859f185981c455147d5aa,1,9,104142,0.389852979331821,-9.046871485346218,-9.918433109596936,-9.046871485346218
PKNORLEN,2017-11,10,linear,,ae03cb726cdfdc6cdb9b3afea9b7f791e2a8d18dd4f859f185981c455147d5aa,1,10,104142,0.5655500293041257,-6.57170742724971,-8.015697059854087,-6.57170742724971
PKNORLEN,2017-11,10,linear,,ae03cb726cdfdc6cdb9b3afea9b7f791e2a8d18dd4f859f185981c455147d5aa,5,1,104142,-0.5439666662078314,-8.375736805382425,-7.427687418185304,-7.427687418185304
PKNORLEN,2017-11,10,linear,,ae03cb726cdfdc6cdb9b3afea9b7f791e2a8d18dd4f859f185981c455147d5aa,5,2,104142,-0.37134446408262084,-10.069821693557028,-9.525887197882037,-9.525887197882037
PKNORLEN,2017-11,10,linear,,ae03cb726cdfdc6cdb9b3afea9b7f791e2a8d18dd4f859f185981c455147d5aa,5,3,104145,-0.25155210872710887,-11.021009140766814,-10.624856830536052,-10.624856830536052
PKNORLEN,2017-11,10,linear,,ae03cb726cdfdc6cdb9b3afea9b7f791e2a8d18dd4f859f185981c455147d5aa,5,4,104138,-0.14401598916498184,-11.905554235651856,-11.678674425945884,-11.678674425945884
PKNORLEN,2017-11,10,linear,,ae03cb726cdfdc6cdb9b3afea9b7f791e2a8d18dd4f859f185981c455147d5aa,5,5,104142,-0.044795696367730974,-12.448240506292404,-12.367085244784764,-12.361004276206947
PKNORLEN,2017-11,10,linear,,ae03cb726cdfdc6cdb9b3afea9b7f791e2a8d18dd4f859f185981c455147d5aa,5,6,104142,0.05224548854071231,-12.364397391258992,-12.411701050526748,-12.364397391258992
PKNORLEN,2017-11,10,linear,,ae03cb726cdfdc6cdb9b3afea9b7f791e2a8d18dd4f859f185981c455147d5aa,5,7,104141,0.1529903171364109,-11.400018762896439,-11.583769679613992,-11.400018762896439
PKNORLEN,2017-11,10,linear,,ae03cb726cdfdc6cdb9b3afea9b7f791e2a8d18dd4f859f185981c455147d5aa,5,8,104142,0.2641263037319458,-10.335461836474602,-10.67660295922301,-10.335461836474602
PKNORLEN,2017-11,10,linear,,ae03cb726cdfdc6cdb9b3afea9b7f791e2a8d18dd4f859f185981c455147d5aa,5,9,104142,0.389852979331821,-9.270873760820402,-9.79784924072731,-9.270873760820402
PKNORLEN,2017-11,10,linear,,ae03cb726cdfdc6cdb9b3afea9b7f791e2a8d18dd4f859f185981c455147d5aa,5,10,104142,0.5655500293041257,-7.13426894097198,-7.981259088309145,-7.13426894097198
PKNORLEN,2017-11,10,xgboost,,59130cbb870013e01fd27b2c6af19fad187129d427638077230a87f6bd681676,0,1,104142,-0.7450116276741028,-9.385189050507309,-7.463378894684273,-7.463378894684273
PKNORLEN,2017-11,10,xgboost,,59130cbb870013e01fd27b2c6af19fad187129d427638077230a87f6bd681676,0,2,104143,-0.3784387409687042,-11.497996271637657,-10.458840641326582,-10.458840641326582
PKNORLEN,2017-11,10,xgboost,,59130cbb870013e01fd27b2c6af19fad187129d427638077230a87f6bd681676,0,3,104149,-0.23630398511886597,-11.37182009150928,-10.727825838294264,-10.727825838294264
PKNORLEN,2017-11,10,xgboost,,59130cbb870013e01fd27b2c6af19fad187129d427638077230a87f6bd681676,0,4,104169,-0.13728347420692444,-11.309761912958118,-10.929989265179668,-10.929989265179668
PKNORLEN,2017-11,10,xgboost,,59130cbb870013e01fd27b2c6af19fad187129d427638077230a87f6bd681676,0,5,104108,-0.04790721461176872,-10.923545404401535,-10.777927943280929,-10.777927943280929
PKNORLEN,2017-11,10,xgboost,,59130cbb870013e01fd27b2c6af19fad187129d427638077230a87f6bd681676,0,6,104142,0.03472832962870598,-11.263379728125626,-11.355419881402488,-11.26084257474117
PKNORLEN,2017-11,10,xgboost,,59130cbb870013e01fd27b2c6af19fad187129d427638077230a87f6bd681676,0,7,104175,0.12274344265460968,-11.116802274617163,-11.386965240094336,-11.116802274617163
PKNORLEN,2017-11,10,xgboost,,59130cbb870013e01fd27b2c6af19fad187129d427638077230a87f6bd681676,0,8,104108,0.23603469133377075,-10.903607320084758,-11.527686856614588,-10.903607320084758
PKNORLEN,2017-11,10,xgboost,,59130cbb870013e01fd27b2c6af19fad187129d427638077230a87f6bd681676,0,9,104141,0.3888421356678009,-10.17548336704414,-11.209833804172717,-10.17548336704414
PKNORLEN,2017-11,10,xgboost,,59130cbb870013e01fd27b2c6af19fad187129d427638077230a87f6bd681676,0,10,104141,0.7454603910446167,-6.377966647846068,-8.238489526935242,-6.377966647846068
PKNORLEN,2017-11,10,xgboost,,59130cbb870013e01fd27b2c6af19fad187129d427638077230a87f6bd681676,1,1,104142,-0.7450116276741028,-9.320157164095498,-7.706898150357073,-7.706898150357073
PKNORLEN,2017-11,10,xgboost,,59130cbb870013e01fd27b2c6af19fad187129d427638077230a87f6bd681676,1,2,104143,-0.3784387409687042,-11.41216580780785,-10.486956221256555,-10.486956221256555
PKNORLEN,2017-11,10,xgboost,,59130cbb870013e01fd27b2c6af19fad187129d427638077230a87f6bd681676,1,3,104149,-0.23630398511886597,-11.303900813789483,-10.728676853755575,-10.728676853755575
PKNORLEN,2017-11,10,xgboost,,59130cbb870013e01fd27b2c6af19fad187129d427638077230a87f6bd681676,1,4,104169,-0.13728347420692444,-11.25721030322883,-10.926688413022069,-10.926688413022069
PKNORLEN,2017-11,10,xgboost,,59130cbb870013e01fd27b2c6af19fad187129d427638077230a87f6bd681676,1,5,104108,-0.04790721461176872,-10.882975154551497,-10.754320569370568,-10.754320569370568
PKNORLEN,2017-11,10,xgboost,,59130cbb870013e01fd27b2c6af19fad187129d427638077230a87f6bd681676,1,6,104142,0.03472832962870598,-11.215969359714949,-11.31239557982961,-11.213737157172872
PKNORLEN,2017-11,10,xgboost,,59130cbb870013e01fd27b2c6af19fad187129d427638077230a87f6bd681676,1,7,104175,0.12274344265460968,-11.102559514979514,-11.339248666212782,-11.102559514979514
PKNORLEN,2017-11,10,xgboost,,59130cbb870013e01fd27b2c6af19fad187129d427638077230a87f6bd681676,1,8,104108,0.23603469133377075,-10.91336024683069,-11.472004281839482,-10.91336024683069
PKNORLEN,2017-11,10,xgboost,,59130cbb870013e01fd27b2c6af19fad187129d427638077230a87f6bd681676,1,9,104141,0.3888421356678009,-10.218469466176595,-11.137067083117467,-10.218469466176595
PKNORLEN,2017-11,10,xgboost,,59130cbb870013e01fd27b2c6af19fad187129d427638077230a87f6bd681676,1,10,104141,0.7454603910446167,-6.698686575185828,-8.211828685015936,-6.698686575185828
PKNORLEN,2017-11,10,xgboost,,59130cbb870013e01fd27b2c6af19fad187129d427638077230a87f6bd681676,5,1,104142,-0.7450116276741028,-9.197135310095712,-8.204905582430492,-8.204905582430492
PKNORLEN,2017-11,10,xgboost,,59130cbb870013e01fd27b2c6af19fad187129d427638077230a87f6bd681676,5,2,104143,-0.3784387409687042,-11.198867728507446,-10.622132186332635,-10.622132186332635
PKNORLEN,2017-11,10,xgboost,,59130cbb870013e01fd27b2c6af19fad187129d427638077230a87f6bd681676,5,3,104149,-0.23630398511886597,-11.133233068023879,-10.771584662952476,-10.771584662952476
PKNORLEN,2017-11,10,xgboost,,59130cbb870013e01fd27b2c6af19fad187129d427638077230a87f6bd681676,5,4,104169,-0.13728347420692444,-11.124701895748316,-10.90305207587642,-10.90305207587642
PKNORLEN,2017-11,10,xgboost,,59130cbb870013e01fd27b2c6af19fad187129d427638077230a87f6bd681676,5,5,104108,-0.04790721461176872,-10.81436980697532,-10.71447558136638,-10.71447558136638
PKNORLEN,2017-11,10,xgboost,,59130cbb870013e01fd27b2c6af19fad187129d427638077230a87f6bd681676,5,6,104142,0.03472832962870598,-11.11954570258869,-11.20156924857873,-11.110902121462193
PKNORLEN,2017-11,10,xgboost,,59130cbb870013e01fd27b2c6af19fad187129d427638077230a87f6bd681676,5,7,104175,0.12274344265460968,-11.079341985386412,-11.223701907236105,-11.079341985386412
PKNORLEN,2017-11,10,xgboost,,59130cbb870013e01fd27b2c6af19fad187129d427638077230a87f6bd681676,5,8,104108,0.23603469133377075,-10.985614988344574,-11.333249672702147,-10.985614988344574
PKNORLEN,2017-11,10,xgboost,,59130cbb870013e01fd27b2c6af19fad187129d427638077230a87f6bd681676,5,9,104141,0.3888421356678009,-10.381793184622673,-10.960039763908421,-10.381793184622673
PKNORLEN,2017-11,10,xgboost,,59130cbb870013e01fd27b2c6af19fad187129d427638077230a87f6bd681676,5,10,104141,0.7454603910446167,-7.290566193914819,-8.140580946300304,-7.290566193914819
PKNORLEN,2017-11,20,linear,,07b0e79837f9cbfe5b4da319d6fe4250b84ff385ce368c9c0b5186bd4b678d39,0,1,104126,-0.8210163191120711,-9.08507560240135,-6.693932625465671,-6.693932625465671
PKNORLEN,2017-11,20,linear,,07b0e79837f9cbfe5b4da319d6fe4250b84ff385ce368c9c0b5186bd4b678d39,0,2,104116,-0.5647282092760783,-10.594032260442079,-9.175854631594104,-9.175854631594104
PKNORLEN,2017-11,20,linear,,07b0e79837f9cbfe5b4da319d6fe4250b84ff385ce368c9c0b5186bd4b678d39,0,3,104178,-0.3834514479690218,-11.310507396335238,-10.357096467821991,-10.357096467821991
PKNORLEN,2017-11,20,linear,,07b0e79837f9cbfe5b4da319d6fe4250b84ff385ce368c9c0b5186bd4b678d39,0,4,104063,-0.21882483459184748,-11.928180477082298,-11.382809720854526,-11.382809720854526
PKNORLEN,2017-11,20,linear,,07b0e79837f9cbfe5b4da319d6fe4250b84ff385ce368c9c0b5186bd4b678d39,0,5,104121,-0.06479538000692468,-12.178790568058268,-11.948944014402368,-11.947211456395651
PKNORLEN,2017-11,20,linear,,07b0e79837f9cbfe5b4da319d6fe4250b84ff385ce368c9c0b5186bd4b678d39,0,6,104126,0.08703667801146957,-12.07452176257075,-12.17377255643537,-12.07452176257075
PKNORLEN,2017-11,20,linear,,07b0e79837f9cbfe5b4da319d6fe4250b84ff385ce368c9c0b5186bd4b678d39,0,7,104116,0.24171073339240218,-11.456224389651723,-11.848449274839043,-11.456224389651723
PKNORLEN,2017-11,20,linear,,07b0e79837f9cbfe5b4da319d6fe4250b84ff385ce368c9c0b5186bd4b678d39,0,8,104121,0.40910283721251595,-10.283862707973556,-11.210466001463642,-10.283862707973556
PKNORLEN,2017-11,20,linear,,07b0e79837f9cbfe5b4da319d6fe4250b84ff385ce368c9c0b5186bd4b678d39,0,9,104120,0.5967605145644218,-9.085811037030718,-10.428528809476962,-9.085811037030718
PKNORLEN,2017-11,20,linear,,07b0e79837f9cbfe5b4da319d6fe4250b84ff385ce368c9c0b5186bd4b678d39,0,10,104121,0.8515746582688604,-6.454533999458622,-8.729549739621078,-6.454533999458622
PKNORLEN,2017-11,20,linear,,07b0e79837f9cbfe5b4da319d6fe4250b84ff385ce368c9c0b5186bd4b678d39,1,1,104126,-0.8210163191120711,-9.053458191792702,-6.9604118139403885,-6.9604118139403885
PKNORLEN,2017-11,20,linear,,07b0e79837f9cbfe5b4da319d6fe4250b84ff385ce368c9c0b5186bd4b678d39,1,2,104116,-0.5647282092760783,-10.514298960345233,-9.261413406518336,-9.261413406518336
PKNORLEN,2017-11,20,linear,,07b0e79837f9cbfe5b4da319d6fe4250b84ff385ce368c9c0b5186bd4b678d39,1,3,104178,-0.3834514479690218,-11.232078584809084,-10.37655674800963,-10.37655674800963
PKNORLEN,2017-11,20,linear,,07b0e79837f9cbfe5b4da319d6fe4250b84ff385ce368c9c0b5186bd4b678d39,1,4,104063,-0.21882483459184748,-11.84599416942706,-11.366452330278227,-11.366452330278227
PKNORLEN,2017-11,20,linear,,07b0e79837f9cbfe5b4da319d6fe4250b84ff385ce368c9c0b5186bd4b678d39,1,5,104121,-0.06479538000692468,-12.112948889827663,-11.900011181603661,-11.90044658205193
PKNORLEN,2017-11,20,linear,,07b0e79837f9cbfe5b4da319d6fe4250b84ff385ce368c9c0b5186bd4b678d39,1,6,104126,0.08703667801146957,-12.015117809484908,-12.099291355477678,-12.015117809484908
PKNORLEN,2017-11,20,linear,,07b0e79837f9cbfe5b4da319d6fe4250b84ff385ce368c9c0b5186bd4b678d39,1,7,104116,0.24171073339240218,-11.429205713843173,-11.771485947314822,-11.429205713843173
PKNORLEN,2017-11,20,linear,,07b0e79837f9cbfe5b4da319d6fe4250b84ff385ce368c9c0b5186bd4b678d39,1,8,104121,0.40910283721251595,-10.314187312792898,-11.142148410169172,-10.314187312792898
PKNORLEN,2017-11,20,linear,,07b0e79837f9cbfe5b4da319d6fe4250b84ff385ce368c9c0b5186bd4b678d39,1,9,104120,0.5967605145644218,-9.175836001713469,-10.361926888021074,-9.175836001713469
PKNORLEN,2017-11,20,linear,,07b0e79837f9cbfe5b4da319d6fe4250b84ff385ce368c9c0b5186bd4b678d39,1,10,104121,0.8515746582688604,-6.758299935343149,-8.709498027970282,-6.758299935343149
PKNORLEN,2017-11,20,linear,,07b0e79837f9cbfe5b4da319d6fe4250b84ff385ce368c9c0b5186bd4b678d39,5,1,104126,-0.8210163191120711,-8.909887945012088,-7.494465078850654,-7.494465078850654
PKNORLEN,2017-11,20,linear,,07b0e79837f9cbfe5b4da319d6fe4250b84ff385ce368c9c0b5186bd4b678d39,5,2,104116,-0.5647282092760783,-10.31470650447691,-9.46121104401279,-9.46121104401279
PKNORLEN,2017-11,20,linear,,07b0e79837f9cbfe5b4da319d6fe4250b84ff385ce368c9c0b5186bd4b678d39,5,3,104178,-0.3834514479690218,-11.053812481412978,-10.451367375566733,-10.451367375566733
PKNORLEN,2017-11,20,linear,,07b0e79837f9cbfe5b4da319d6fe4250b84ff385ce368c9c0b5186bd4b678d39,5,4,104063,-0.21882483459184748,-11.70517381147904,-11.346126056308053,-11.346126056308053
PKNORLEN,2017-11,20,linear,,07b0e79837f9cbfe5b4da319d6fe4250b84ff385ce368c9c0b5186bd4b678d39,5,5,104121,-0.06479538000692468,-11.959888371812072,-11.829916822946238,-11.826313676928686
PKNORLEN,2017-11,20,linear,,07b0e79837f9cbfe5b4da319d6fe4250b84ff385ce368c9c0b5186bd4b678d39,5,6,104126,0.08703667801146957,-11.914476634450308,-11.965376096122542,-11.914476634450308
PKNORLEN,2017-11,20,linear,,07b0e79837f9cbfe5b4da319d6fe4250b84ff385ce368c9c0b5186bd4b678d39,5,7,104116,0.24171073339240218,-11.412851386595541,-11.614819633081142,-11.412851386595541
PKNORLEN,2017-11,20,linear,,07b0e79837f9cbfe5b4da319d6fe4250b84ff385ce368c9c0b5186bd4b678d39,5,8,104121,0.40910283721251595,-10.427442297783694,-10.970655422559656,-10.427442297783694
PKNORLEN,2017-11,20,linear,,07b0e79837f9cbfe5b4da319d6fe4250b84ff385ce368c9c0b5186bd4b678d39,5,9,104120,0.5967605145644218,-9.418959195192828,-10.200335592310827,-9.418959195192828
PKNORLEN,2017-11,20,linear,,07b0e79837f9cbfe5b4da319d6fe4250b84ff385ce368c9c0b5186bd4b678d39,5,10,104121,0.8515746582688604,-7.333833148194912,-8.614179661102183,-7.333833148194912
PKNORLEN,2017-11,20,xgboost,,3fabdfcf353a56fa70b7797f2012fada9319205bfd5eb0f0a0e3549862e2fe3b,0,1,104146,-1.0539648532867432,-9.451548280116812,-6.884945601419269,-6.884945601419269
PKNORLEN,2017-11,20,xgboost,,3fabdfcf353a56fa70b7797f2012fada9319205bfd5eb0f0a0e3549862e2fe3b,0,2,104096,-0.5745152235031128,-11.292129667448465,-9.87537189597928,-9.87537189597928
PKNORLEN,2017-11,20,xgboost,,3fabdfcf353a56fa70b7797f2012fada9319205bfd5eb0f0a0e3549862e2fe3b,0,3,104122,-0.3691486120223999,-11.382207902971238,-10.449770830830303,-10.449770830830303
PKNORLEN,2017-11,20,xgboost,,3fabdfcf353a56fa70b7797f2012fada9319205bfd5eb0f0a0e3549862e2fe3b,0,4,104172,-0.22154882550239563,-11.59066774967238,-11.021832517843897,-11.021832517843897
PKNORLEN,2017-11,20,xgboost,,3fabdfcf353a56fa70b7797f2012fada9319205bfd5eb0f0a0e3549862e2fe3b,0,5,104068,-0.07849778234958649,-11.230172877009075,-11.05548479291024,-11.05548479291024
PKNORLEN,2017-11,20,xgboost,,3fabdfcf353a56fa70b7797f2012fada9319205bfd5eb0f0a0e3549862e2fe3b,0,6,104121,0.06435129046440125,-11.351002971903233,-11.429973251785453,-11.339394372475779
PKNORLEN,2017-11,20,xgboost,,3fabdfcf353a56fa70b7797f2012fada9319205bfd5eb0f0a0e3549862e2fe3b,0,7,104123,0.207209512591362,-10.916891248000386,-11.362555607178837,-10.916891248000386
PKNORLEN,2017-11,20,xgboost,,3fabdfcf353a56fa70b7797f2012fada9319205bfd5eb0f0a0e3549862e2fe3b,0,8,104130,0.37718215584754944,-10.796816653080478,-11.5774722352865,-10.796816653080478
PKNORLEN,2017-11,20,xgboost,,3fabdfcf353a56fa70b7797f2012fada9319205bfd5eb0f0a0e3549862e2fe3b,0,9,104110,0.5991636514663696,-10.00860737805366,-11.45048408613417,-10.00860737805366
PKNORLEN,2017-11,20,xgboost,,3fabdfcf353a56fa70b7797f2012fada9319205bfd5eb0f0a0e3549862e2fe3b,0,10,104120,1.0549575090408325,-6.431260684281182,-8.84156058898416,-6.431260684281182
PKNORLEN,2017-11,20,xgboost,,3fabdfcf353a56fa70b7797f2012fada9319205bfd5eb0f0a0e3549862e2fe3b,1,1,104146,-1.0539648532867432,-9.39022961653768,-7.155062792152392,-7.155062792152392
PKNORLEN,2017-11,20,xgboost,,3fabdfcf353a56fa70b7797f2012fada9319205bfd5eb0f0a0e3549862e2fe3b,1,2,104096,-0.5745152235031128,-11.194760017171259,-9.911944683602538,-9.911944683602538
PKNORLEN,2017-11,20,xgboost,,3fabdfcf353a56fa70b7797f2012fada9319205bfd5eb0f0a0e3549862e2fe3b,1,3,104122,-0.3691486120223999,-11.30972286659649,-10.457005971699894,-10.457005971699894
PKNORLEN,2017-11,20,xgboost,,3fabdfcf353a56fa70b7797f2012fada9319205bfd5eb0f0a0e3549862e2fe3b,1,4,104172,-0.22154882550239563,-11.53048773871252,-11.01502544645961,-11.01502544645961
PKNORLEN,2017-11,20,xgboost,,3fabdfcf353a56fa70b7797f2012fada9319205bfd5eb0f0a0e3549862e2fe3b,1,5,104068,-0.07849778234958649,-11.179752992566494,-11.037564486188758,-11.037564486188758
PKNORLEN,2017-11,20,xgboost,,3fabdfcf353a56fa70b7797f2012fada9319205bfd5eb0f0a0e3549862e2fe3b,1,6,104121,0.06435129046440125,-11.319181897250626,-11.382237489310722,-11.307757570077937
PKNORLEN,2017-11,20,xgboost,,3fabdfcf353a56fa70b7797f2012fada9319205bfd5eb0f0a0e3549862e2fe3b,1,7,104123,0.207209512591362,-10.897912113485143,-11.309321913818739,-10.897912113485143
PKNORLEN,2017-11,20,xgboost,,3fabdfcf353a56fa70b7797f2012fada9319205bfd5eb0f0a0e3549862e2fe3b,1,8,104130,0.37718215584754944,-10.813956143545077,-11.506667424355152,-10.813956143545077
PKNORLEN,2017-11,20,xgboost,,3fabdfcf353a56fa70b7797f2012fada9319205bfd5eb0f0a0e3549862e2fe3b,1,9,104110,0.5991636514663696,-10.064717097486255,-11.36762966502188,-10.064717097486255
PKNORLEN,2017-11,20,xgboost,,3fabdfcf353a56fa70b7797f2012fada9319205bfd5eb0f0a0e3549862e2fe3b,1,10,104120,1.0549575090408325,-6.750476763638834,-8.806749137816217,-6.750476763638834
PKNORLEN,2017-11,20,xgboost,,3fabdfcf353a56fa70b7797f2012fada9319205bfd5eb0f0a0e3549862e2fe3b,5,1,104146,-1.0539648532867432,-9.22977032215897,-7.722051667112697,-7.722051667112697
PKNORLEN,2017-11,20,xgboost,,3fabdfcf353a56fa70b7797f2012fada9319205bfd5eb0f0a0e3549862e2fe3b,5,2,104096,-0.5745152235031128,-10.94913821695974,-10.07646101516236,-10.07646101516236
PKNORLEN,2017-11,20,xgboost,,3fabdfcf353a56fa70b7797f2012fada9319205bfd5eb0f0a0e3549862e2fe3b,5,3,104122,-0.3691486120223999,-11.137249221288625,-10.535432843120043,-10.535432843120043
PKNORLEN,2017-11,20,xgboost,,3fabdfcf353a56fa70b7797f2012fada9319205bfd5eb0f0a0e3549862e2fe3b,5,4,104172,-0.22154882550239563,-11.377347297157959,-10.995252196105254,-10.995252196105254
PKNORLEN,2017-11,20,xgboost,,3fabdfcf353a56fa70b7797f2012fada9319205bfd5eb0f0a0e3549862e2fe3b,5,5,104068,-0.07849778234958649,-11.076663225890432,-10.992688617106104,-10.992688617106104
PKNORLEN,2017-11,20,xgboost,,3fabdfcf353a56fa70b7797f2012fada9319205bfd5eb0f0a0e3549862e2fe3b,5,6,104121,0.06435129046440125,-11.248467263793769,-11.275911598736652,-11.2359675772544
PKNORLEN,2017-11,20,xgboost,,3fabdfcf353a56fa70b7797f2012fada9319205bfd5eb0f0a0e3549862e2fe3b,5,7,104123,0.207209512591362,-10.886877348218317,-11.164326481969605,-10.886877348218317
PKNORLEN,2017-11,20,xgboost,,3fabdfcf353a56fa70b7797f2012fada9319205bfd5eb0f0a0e3549862e2fe3b,5,8,104130,0.37718215584754944,-10.905222828821055,-11.34295077258022,-10.905222828821055
PKNORLEN,2017-11,20,xgboost,,3fabdfcf353a56fa70b7797f2012fada9319205bfd5eb0f0a0e3549862e2fe3b,5,9,104110,0.5991636514663696,-10.253386246424467,-11.163719651252892,-10.253386246424467
PKNORLEN,2017-11,20,xgboost,,3fabdfcf353a56fa70b7797f2012fada9319205bfd5eb0f0a0e3549862e2fe3b,5,10,104120,1.0549575090408325,-7.386680753545173,-8.679625440154755,-7.386680753545173
PKNORLEN,2017-11,50,linear,,38d1afb766f98ab413469ed31fc37211560f886d5da8d8c73927b5e0627f95e5,0,1,104059,-1.26484796425361,-10.737787483710619,-7.369325914966369,-7.369325914966369
PKNORLEN,2017-11,50,linear,,38d1afb766f98ab413469ed31fc37211560f886d5da8d8c73927b5e0627f95e5,0,2,104057,-0.9005834696769226,-11.5874310280548,-9.54950129103332,-9.54950129103332
PKNORLEN,2017-11,50,linear,,38d1afb766f98ab413469ed31fc37211560f886d5da8d8c73927b5e0627f95e5,0,3,104058,-0.6187724797897026,-11.41226736052133,-10.147020896514187,-10.147020896514187
PKNORLEN,2017-11,50,linear,,38d1afb766f98ab413469ed31fc37211560f886d5da8d8c73927b5e0627f95e5,0,4,104057,-0.3560257274546252,-11.270568686529426,-10.461546235020784,-10.461546235020784
PKNORLEN,2017-11,50,linear,,38d1afb766f98ab413469ed31fc37211560f886d5da8d8c73927b5e0627f95e5,0,5,104058,-0.10085378890017939,-10.96658299190859,-10.543219684026692,-10.554764593503789
PKNORLEN,2017-11,50,linear,,38d1afb766f98ab413469ed31fc37211560f886d5da8d8c73927b5e0627f95e5,0,6,104058,0.15153892540533506,-10.75099934549857,-10.867304073906249,-10.75099934549857
PKNORLEN,2017-11,50,linear,,38d1afb766f98ab413469ed31fc37211560f886d5da8d8c73927b5e0627f95e5,0,7,104058,0.406376599195586,-10.767260248675479,-11.261215384359243,-10.767260248675479
PKNORLEN,2017-11,50,linear,,38d1afb766f98ab413469ed31fc37211560f886d5da8d8c73927b5e0627f95e5,0,8,104057,0.6731477745485799,-10.221837941847543,-11.333506473662814,-10.221837941847543
PKNORLEN,2017-11,50,linear,,38d1afb766f98ab413469ed31fc37211560f886d5da8d8c73927b5e0627f95e5,0,9,104058,0.9595166905530148,-9.576678088442835,-11.379056765877374,-9.576678088442835
PKNORLEN,2017-11,50,linear,,38d1afb766f98ab413469ed31fc37211560f886d5da8d8c73927b5e0627f95e5,0,10,104058,1.31275806905517,-7.534072857824298,-10.639325844769962,-7.534072857824298
PKNORLEN,2017-11,50,linear,,38d1afb766f98ab413469ed31fc37211560f886d5da8d8c73927b5e0627f95e5,1,1,104059,-1.26484796425361,-10.664387371437613,-7.617138815102404,-7.617138815102404
PKNORLEN,2017-11,50,linear,,38d1afb766f98ab413469ed31fc37211560f886d5da8d8c73927b5e0627f95e5,1,2,104057,-0.9005834696769226,-11.492786601619514,-9.637952824730496,-9.637952824730496
PKNORLEN,2017-11,50,linear,,38d1afb766f98ab413469ed31fc37211560f886d5da8d8c73927b5e0627f95e5,1,3,104058,-0.6187724797897026,-11.337200111728016,-10.1781180743312,-10.1781180743312
PKNORLEN,2017-11,50,linear,,38d1afb766f98ab413469ed31fc37211560f886d5da8d8c73927b5e0627f95e5,1,4,104057,-0.3560257274546252,-11.203265974295817,-10.464434549267528,-10.464434549267528
PKNORLEN,2017-11,50,linear,,38d1afb766f98ab413469ed31fc37211560f886d5da8d8c73927b5e0627f95e5,1,5,104058,-0.10085378890017939,-10.92510733100099,-10.516901082490229,-10.526388672794697
PKNORLEN,2017-11,50,linear,,38d1afb766f98ab413469ed31fc37211560f886d5da8d8c73927b5e0627f95e5,1,6,104058,0.15153892540533506,-10.717683597322463,-10.818936078404262,-10.717683597322463
PKNORLEN,2017-11,50,linear,,38d1afb766f98ab413469ed31fc37211560f886d5da8d8c73927b5e0627f95e5,1,7,104058,0.406376599195586,-10.748095731343449,-11.191091509721543,-10.748095731343449
PKNORLEN,2017-11,50,linear,,38d1afb766f98ab413469ed31fc37211560f886d5da8d8c73927b5e0627f95e5,1,8,104057,0.6731477745485799,-10.26049556304622,-11.258589046121102,-10.26049556304622
PKNORLEN,2017-11,50,linear,,38d1afb766f98ab413469ed31fc37211560f886d5da8d8c73927b5e0627f95e5,1,9,104058,0.9595166905530148,-9.670798221218924,-11.295406528767655,-9.670798221218924
PKNORLEN,2017-11,50,linear,,38d1afb766f98ab413469ed31fc37211560f886d5da8d8c73927b5e0627f95e5,1,10,104058,1.31275806905517,-7.805713744419302,-10.571987784456518,-7.805713744419302
PKNORLEN,2017-11,50,linear,,38d1afb766f98ab413469ed31fc37211560f886d5da8d8c73927b5e0627f95e5,5,1,104059,-1.26484796425361,-10.389918467593963,-8.119427011589858,-8.119427011589858
PKNORLEN,2017-11,50,linear,,38d1afb766f98ab413469ed31fc37211560f886d5da8d8c73927b5e0627f95e5,5,2,104057,-0.9005834696769226,-11.258595974462729,-9.848036589640362,-9.848036589640362
PKNORLEN,2017-11,50,linear,,38d1afb766f98ab413469ed31fc37211560f886d5da8d8c73927b5e0627f95e5,5,3,104058,-0.6187724797897026,-11.171367002895616,-10.296991543927978,-10.296991543927978
PKNORLEN,2017-11,50,linear,,38d1afb766f98ab413469ed31fc37211560f886d5da8d8c73927b5e0627f95e5,5,4,104057,-0.3560257274546252,-11.08775965353014,-10.49485841330315,-10.49485841330315
PKNORLEN,2017-11,50,linear,,38d1afb766f98ab413469ed31fc37211560f886d5da8d8c73927b5e0627f95e5,5,5,104058,-0.10085378890017939,-10.844160355378227,-10.498161426664483,-10.496783930344272
PKNORLEN,2017-11,50,linear,,38d1afb766f98ab413469ed31fc37211560f886d5da8d8c73927b5e0627f95e5,5,6,104058,0.15153892540533506,-10.677604727439604,-10.735421846244794,-10.677604727439604
PKNORLEN,2017-11,50,linear,,38d1afb766f98ab413469ed31fc37211560f886d5da8d8c73927b5e0627f95e5,5,7,104058,0.406376599195586,-10.748548570150449,-11.052695997658029,-10.748548570150449
PKNORLEN,2017-11,50,linear,,38d1afb766f98ab413469ed31fc37211560f886d5da8d8c73927b5e0627f95e5,5,8,104057,0.6731477745485799,-10.422110715146841,-11.094250826009633,-10.422110715146841
PKNORLEN,2017-11,50,linear,,38d1afb766f98ab413469ed31fc37211560f886d5da8d8c73927b5e0627f95e5,5,9,104058,0.9595166905530148,-9.921502259093488,-11.079854832364925,-9.921502259093488
PKNORLEN,2017-11,50,linear,,38d1afb766f98ab413469ed31fc37211560f886d5da8d8c73927b5e0627f95e5,5,10,104058,1.31275806905517,-8.303984669173635,-10.329231979270263,-8.303984669173635
PKNORLEN,2017-11,50,xgboost,,cd257c2fbf94f10a6852cbae09fce8e06ccee3957a7bf660f154e83aea663a5c,0,1,104083,-1.484122395515442,-10.476583684827526,-6.90596155627862,-6.90596155627862
PKNORLEN,2017-11,50,xgboost,,cd257c2fbf94f10a6852cbae09fce8e06ccee3957a7bf660f154e83aea663a5c,0,2,104042,-0.8929504752159119,-11.59338685943618,-9.671377103547153,-9.671377103547153
PKNORLEN,2017-11,50,xgboost,,cd257c2fbf94f10a6852cbae09fce8e06ccee3957a7bf660f154e83aea663a5c,0,3,104049,-0.6038172841072083,-11.813661901540343,-10.438125973914936,-10.438125973914936
PKNORLEN,2017-11,50,xgboost,,cd257c2fbf94f10a6852cbae09fce8e06ccee3957a7bf660f154e83aea663a5c,0,4,104057,-0.36037519574165344,-11.393529816993842,-10.517414996547034,-10.517414996547034
PKNORLEN,2017-11,50,xgboost,,cd257c2fbf94f10a6852cbae09fce8e06ccee3957a7bf660f154e83aea663a5c,0,5,104060,-0.1260259598493576,-10.862961942078716,-10.513393765450605,-10.513393765450605
PKNORLEN,2017-11,50,xgboost,,cd257c2fbf94f10a6852cbae09fce8e06ccee3957a7bf660f154e83aea663a5c,0,6,104058,0.1056511178612709,-10.818424819307678,-10.872117338574357,-10.794431199559927
PKNORLEN,2017-11,50,xgboost,,cd257c2fbf94f10a6852cbae09fce8e06ccee3957a7bf660f154e83aea663a5c,0,7,104067,0.3543512225151062,-10.520960136469169,-11.123857816395141,-10.520960136469169
PKNORLEN,2017-11,50,xgboost,,cd257c2fbf94f10a6852cbae09fce8e06ccee3957a7bf660f154e83aea663a5c,0,8,104046,0.6214020848274231,-10.211179218721744,-11.301857143205872,-10.211179218721744
PKNORLEN,2017-11,50,xgboost,,cd257c2fbf94f10a6852cbae09fce8e06ccee3957a7bf660f154e83aea663a5c,0,9,104059,0.928909420967102,-9.29039900415929,-11.289357148760752,-9.29039900415929
PKNORLEN,2017-11,50,xgboost,,cd257c2fbf94f10a6852cbae09fce8e06ccee3957a7bf660f154e83aea663a5c,0,10,104057,1.494109869003296,-7.8446257136798305,-10.918296695388733,-7.8446257136798305
PKNORLEN,2017-11,50,xgboost,,cd257c2fbf94f10a6852cbae09fce8e06ccee3957a7bf660f154e83aea663a5c,1,1,104083,-1.484122395515442,-10.40345250104247,-7.168848806952882,-7.168848806952882
PKNORLEN,2017-11,50,xgboost,,cd257c2fbf94f10a6852cbae09fce8e06ccee3957a7bf660f154e83aea663a5c,1,2,104042,-0.8929504752159119,-11.48750761830092,-9.71907542562704,-9.71907542562704
PKNORLEN,2017-11,50,xgboost,,cd257c2fbf94f10a6852cbae09fce8e06ccee3957a7bf660f154e83aea663a5c,1,3,104049,-0.6038172841072083,-11.736190130068703,-10.453985174343192,-10.453985174343192
PKNORLEN,2017-11,50,xgboost,,cd257c2fbf94f10a6852cbae09fce8e06ccee3957a7bf660f154e83aea663a5c,1,4,104057,-0.36037519574165344,-11.342315038304044,-10.509630203641407,-10.509630203641407
PKNORLEN,2017-11,50,xgboost,,cd257c2fbf94f10a6852cbae09fce8e06ccee3957a7bf660f154e83aea663a5c,1,5,104060,-0.1260259598493576,-10.831093214348583,-10.492760870951155,-10.492760870951155
PKNORLEN,2017-11,50,xgboost,,cd257c2fbf94f10a6852cbae09fce8e06ccee3957a7bf660f154e83aea663a5c,1,6,104058,0.1056511178612709,-10.787094919870754,-10.849462919920613,-10.765041483243342
PKNORLEN,2017-11,50,xgboost,,cd257c2fbf94f10a6852cbae09fce8e06ccee3957a7bf660f154e83aea663a5c,1,7,104067,0.3543512225151062,-10.510963529927075,-11.077051277442495,-10.510963529927075
PKNORLEN,2017-11,50,xgboost,,cd257c2fbf94f10a6852cbae09fce8e06ccee3957a7bf660f154e83aea663a5c,1,8,104046,0.6214020848274231,-10.228618868315781,-11.231717242895538,-10.228618868315781
PKNORLEN,2017-11,50,xgboost,,cd257c2fbf94f10a6852cbae09fce8e06ccee3957a7bf660f154e83aea663a5c,1,9,104059,0.928909420967102,-9.35975561016601,-11.199500024576624,-9.35975561016601
PKNORLEN,2017-11,50,xgboost,,cd257c2fbf94f10a6852cbae09fce8e06ccee3957a7bf660f154e83aea663a5c,1,10,104057,1.494109869003296,-8.138770106268293,-10.849205572656814,-8.138770106268293
PKNORLEN,2017-11,50,xgboost,,cd257c2fbf94f10a6852cbae09fce8e06ccee3957a7bf660f154e83aea663a5c,5,1,104083,-1.484122395515442,-10.145196963058432,-7.7384744204438425,-7.7384744204438425
PKNORLEN,2017-11,50,xgboost,,cd257c2fbf94f10a6852cbae09fce8e06ccee3957a7bf660f154e83aea663a5c,5,2,104042,-0.8929504752159119,-11.212601950828262,-9.902529155152756,-9.902529155152756
PKNORLEN,2017-11,50,xgboost,,cd257c2fbf94f10a6852cbae09fce8e06ccee3957a7bf660f154e83aea663a5c,5,3,104049,-0.6038172841072083,-11.546369282621903,-10.533352970498454,-10.533352970498454
PKNORLEN,2017-11,50,xgboost,,cd257c2fbf94f10a6852cbae09fce8e06ccee3957a7bf660f154e83aea663a5c,5,4,104057,-0.36037519574165344,-11.230207346405816,-10.543130711814385,-10.543130711814385
PKNORLEN,2017-11,50,xgboost,,cd257c2fbf94f10a6852cbae09fce8e06ccee3957a7bf660f154e83aea663a5c,5,5,104060,-0.1260259598493576,-10.770594840193022,-10.464664902993057,-10.464664902993057
PKNORLEN,2017-11,50,xgboost,,cd257c2fbf94f10a6852cbae09fce8e06ccee3957a7bf660f154e83aea663a5c,5,6,104058,0.1056511178612709,-10.751073115330902,-10.79275911037408,-10.726012494841404
PKNORLEN,2017-11,50,xgboost,,cd257c2fbf94f10a6852cbae09fce8e06ccee3957a7bf660f154e83aea663a5c,5,7,104067,0.3543512225151062,-10.541727686385377,-10.95049085368298,-10.541727686385377
PKNORLEN,2017-11,50,xgboost,,cd257c2fbf94f10a6852cbae09fce8e06ccee3957a7bf660f154e83aea663a5c,5,8,104046,0.6214020848274231,-10.365068397090125,-11.091151149255582,-10.365068397090125
PKNORLEN,2017-11,50,xgboost,,cd257c2fbf94f10a6852cbae09fce8e06ccee3957a7bf660f154e83aea663a5c,5,9,104059,0.928909420967102,-9.590332168110791,-10.945227507776094,-9.590332168110791
PKNORLEN,2017-11,50,xgboost,,cd257c2fbf94f10a6852cbae09fce8e06ccee3957a7bf660f154e83aea663a5c,5,10,104057,1.494109869003296,-8.67262653719267,-10.587728753683649,-8.67262653719267
PKOBP,2017-04,10,linear,,5a418a31520360397201f19473c671e74bbb1e773e2655e646f0ec8b3c7b1e5f,0,1,94991,-0.443900353102768,-7.211085599976562,-6.25323713239535,-6.25323713239535
PKOBP,2017-04,10,linear,,5a418a31520360397201f19473c671e74bbb1e773e2655e646f0ec8b3c7b1e5f,0,2,94995,-0.31114384161517816,-10.091849751979625,-9.505907990042422,-9.505907990042422
PKOBP,2017-04,10,linear,,5a418a31520360397201f19473c671e74bbb1e773e2655e646f0ec8b3c7b1e5f,0,3,94986,-0.21610570435311557,-10.854499798394158,-10.498312473477915,-10.498312473477915
PKOBP,2017-04,10,linear,,5a418a31520360397201f19473c671e74bbb1e773e2655e646f0ec8b3c7b1e5f,0,4,94991,-0.12577982445696578,-10.850806225365586,-10.594452086130008,-10.594452086130008
PKOBP,2017-04,10,linear,,5a418a31520360397201f19473c671e74bbb1e773e2655e646f0ec8b3c7b1e5f,0,5,94990,-0.03277896861128842,-10.995359260707337,-10.922080091700733,-10.9249675467092
PKOBP,2017-04,10,linear,,5a418a31520360397201f19473c671e74bbb1e773e2655e646f0ec8b3c7b1e5f,0,6,94990,0.05453240512205195,-10.821820360272119,-10.951406115985751,-10.821820360272119
PKOBP,2017-04,10,linear,,5a418a31520360397201f19473c671e74bbb1e773e2655e646f0ec8b3c7b1e5f,0,7,94997,0.14166919117165055,-11.062881366939543,-11.29691471988286,-11.062881366939543
PKOBP,2017-04,10,linear,,5a418a31520360397201f19473c671e74bbb1e773e2655e646f0ec8b3c7b1e5f,0,8,94985,0.23125339087698552,-10.769867198326077,-11.18559055141575,-10.769867198326077
PKOBP,2017-04,10,linear,,5a418a31520360397201f19473c671e74bbb1e773e2655e646f0ec8b3c7b1e5f,0,9,95006,0.3329620640117867,-9.455447280798786,-10.122082750913036,-9.455447280798786
PKOBP,2017-04,10,linear,,5a418a31520360397201f19473c671e74bbb1e773e2655e646f0ec8b3c7b1e5f,0,10,94974,0.4776869798699933,-6.5407539912004795,-7.472265531495965,-6.5407539912004795
PKOBP,2017-04,10,linear,,5a418a31520360397201f19473c671e74bbb1e773e2655e646f0ec8b3c7b1e5f,1,1,94991,-0.443900353102768,-7.247634049910407,-6.414672706544711,-6.414672706544711
PKOBP,2017-04,10,linear,,5a418a31520360397201f19473c671e74bbb1e773e2655e646f0ec8b3c7b1e5f,1,2,94995,-0.31114384161517816,-10.077618721664718,-9.533930167178456,-9.533930167178456
PKOBP,2017-04,10,linear,,5a418a31520360397201f19473c671e74bbb1e773e2655e646f0ec8b3c7b1e5f,1,3,94986,-0.21610570435311557,-10.8258606760627,-10.4812812024403,-10.4812812024403
PKOBP,2017-04,10,linear,,5a418a31520360397201f19473c671e74bbb1e773e2655e646f0ec8b3c7b1e5f,1,4,94991,-0.12577982445696578,-10.816728303304739,-10.573819086039247,-10.573819086039247
PKOBP,2017-04,10,linear,,5a418a31520360397201f19473c671e74bbb1e773e2655e646f0ec8b3c7b1e5f,1,5,94990,-0.03277896861128842,-10.957298640306716,-10.879936671759147,-10.88567332073381
PKOBP,2017-04,10,linear,,5a418a31520360397201f19473c671e74bbb1e773e2655e646f0ec8b3c7b1e5f,1,6,94990,0.05453240512205195,-10.794146899794839,-10.902629752470263,-10.794146899794839
PKOBP,2017-04,10,linear,,5a418a31520360397201f19473c671e74bbb1e773e2655e646f0ec8b3c7b1e5f,1,7,94997,0.14166919117165055,-11.031946197780346,-11.252652928054736,-11.031946197780346
PKOBP,2017-04,10,linear,,5a418a31520360397201f19473c671e74bbb1e773e2655e646f0ec8b3c7b1e5f,1,8,94985,0.23125339087698552,-10.742049805500368,-11.143354704999057,-10.742049805500368
PKOBP,2017-04,10,linear,,5a418a31520360397201f19473c671e74bbb1e773e2655e646f0ec8b3c7b1e5f,1,9,95006,0.3329620640117867,-9.484622970740164,-10.108236669142398,-9.484622970740164
PKOBP,2017-04,10,linear,,5a418a31520360397201f19473c671e74bbb1e773e2655e646f0ec8b3c7b1e5f,1,10,94974,0.4776869798699933,-6.6765207584983415,-7.510727128488311,-6.6765207584983415
PKOBP,2017-04,10,linear,,5a418a31520360397201f19473c671e74bbb1e773e2655e646f0ec8b3c7b1e5f,5,1,94991,-0.443900353102768,-7.349160501362216,-6.713393717153858,-6.713393717153858
PKOBP,2017-04,10,linear,,5a418a31520360397201f19473c671e74bbb1e773e2655e646f0ec8b3c7b1e5f,5,2,94995,-0.31114384161517816,-10.037192884794969,-9.617746939183245,-9.617746939183245
PKOBP,2017-04,10,linear,,5a418a31520360397201f19473c671e74bbb1e773e2655e646f0ec8b3c7b1e5f,5,3,94986,-0.21610570435311557,-10.74629820927429,-10.472657918424623,-10.472657918424623
PKOBP,2017-04,10,linear,,5a418a31520360397201f19473c671e74bbb1e773e2655e646f0ec8b3c7b1e5f,5,4,94991,-0.12577982445696578,-10.738941155430272,-10.557296672158218,-10.557296672158218
PKOBP,2017-04,10,linear,,5a418a31520360397201f19473c671e74bbb1e773e2655e646f0ec8b3c7b1e5f,5,5,94990,-0.03277896861128842,-10.866574939729729,-10.81605884821294,-10.829122484151549
PKOBP,2017-04,10,linear,,5a418a31520360397201f19473c671e74bbb1e773e2655e646f0ec8b3c7b1e5f,5,6,94990,0.05453240512205195,-10.727320912987082,-10.788001275675745,-10.727320912987082
PKOBP,2017-04,10,linear,,5a418a31520360397201f19473c671e74bbb1e773e2655e646f0ec8b3c7b1e5f,5,7,94997,0.14166919117165055,-10.975425405672098,-11.151860127468533,-10.975425405672098
PKOBP,2017-04,10,linear,,5a418a31520360397201f19473c671e74bbb1e773e2655e646f0ec8b3c7b1e5f,5,8,94985,0.23125339087698552,-10.706081991096752,-11.023113270326057,-10.706081991096752
PKOBP,2017-04,10,linear,,5a418a31520360397201f19473c671e74bbb1e773e2655e646f0ec8b3c7b1e5f,5,9,95006,0.3329620640117867,-9.57371266091712,-10.058847886654872,-9.57371266091712
PKOBP,2017-04,10,linear,,5a418a31520360397201f19473c671e74bbb1e773e2655e646f0ec8b3c7b1e5f,5,10,94974,0.4776869798699933,-6.934110818891503,-7.595894456665502,-6.934110818891503
PKOBP,2017-04,10,xgboost,,1de5de580d2b30d96c88795351b49492a739c9b167e50b2cdde88e70c909a995,0,1,95010,-0.5782967209815979,-7.810516822970705,-6.818935274689444,-6.818935274689444
PKOBP,2017-04,10,xgboost,,1de5de580d2b30d96c88795351b49492a739c9b167e50b2cdde88e70c909a995,0,2,94973,-0.2895197570323944,-9.89868351138038,-9.302940971414456,-9.302940971414456
PKOBP,2017-04,10,xgboost,,1de5de580d2b30d96c88795351b49492a739c9b167e50b2cdde88e70c909a995,0,3,94995,-0.18382839858531952,-10.610925470854932,-10.228398211317266,-10.228398211317266
PKOBP,2017-04,10,xgboost,,1de5de580d2b30d96c88795351b49492a739c9b167e50b2cdde88e70c909a995,0,4,94987,-0.09982852637767792,-10.669474137571203,-10.433049245220447,-10.433049245220447
PKOBP,2017-04,10,xgboost,,1de5de580d2b30d96c88795351b49492a739c9b167e50b2cdde88e70c909a995,0,5,94998,-0.02486005239188671,-10.641398448382823,-10.578523526233175,-10.563053876696538
PKOBP,2017-04,10,xgboost,,1de5de580d2b30d96c88795351b49492a739c9b167e50b2cdde88e70c909a995,0,6,95009,0.0393587090075016,-10.33991288221686,-10.429822686324586,-10.33991288221686
PKOBP,2017-04,10,xgboost,,1de5de580d2b30d96c88795351b49492a739c9b167e50b2cdde88e70c909a995,0,7,94962,0.1136261448264122,-10.411620482822427,-10.63053509505681,-10.411620482822427
PKOBP,2017-04,10,xgboost,,1de5de580d2b30d96c88795351b49492a739c9b167e50b2cdde88e70c909a995,0,8,94997,0.19903245568275452,-10.762263517579628,-11.193425305182934,-10.762263517579628
PKOBP,2017-04,10,xgboost,,1de5de580d2b30d96c88795351b49492a739c9b167e50b2cdde88e70c909a995,0,9,94989,0.3016999065876007,-9.771221721786135,-10.380057231331149,-9.771221721786135
PKOBP,2017-04,10,xgboost,,1de5de580d2b30d96c88795351b49492a739c9b167e50b2cdde88e70c909a995,0,10,94985,0.5567322969436646,-7.739084618343117,-8.80741233627322,-7.739084618343117
PKOBP,2017-04,10,xgboost,,1de5de580d2b30d96c88795351b49492a739c9b167e50b2cdde88e70c909a995,1,1,95010,-0.5782967209815979,-7.81279603562026,-6.970543186094831,-6.970543186094831
PKOBP,2017-04,10,xgboost,,1de5de580d2b30d96c88795351b49492a739c9b167e50b2cdde88e70c909a995,1,2,94973,-0.2895197570323944,-9.89329126631103,-9.314884722442631,-9.314884722442631
PKOBP,2017-04,10,xgboost,,1de5de580d2b30d96c88795351b49492a739c9b167e50b2cdde88e70c909a995,1,3,94995,-0.18382839858531952,-10.595566250062273,-10.218693921510974,-10.218693921510974
PKOBP,2017-04,10,xgboost,,1de5de580d2b30d96c88795351b49492a739c9b167e50b2cdde88e70c909a995,1,4,94987,-0.09982852637767792,-10.64779991532596,-10.413330149271435,-10.413330149271435
PKOBP,2017-04,10,xgboost,,1de5de580d2b30d96c88795351b49492a739c9b167e50b2cdde88e70c909a995,1,5,94998,-0.02486005239188671,-10.613154495093008,-10.553820140092636,-10.537421422761396
PKOBP,2017-04,10,xgboost,,1de5de580d2b30d96c88795351b49492a739c9b167e50b2cdde88e70c909a995,1,6,95009,0.0393587090075016,-10.320747673343652,-10.407100661036202,-10.320747673343652
PKOBP,2017-04,10,xgboost,,1de5de580d2b30d96c88795351b49492a739c9b167e50b2cdde88e70c909a995,1,7,94962,0.1136261448264122,-10.385544468404092,-10.59715039266246,-10.385544468404092
PKOBP,2017-04,10,xgboost,,1de5de580d2b30d96c88795351b49492a739c9b167e50b2cdde88e70c909a995,1,8,94997,0.19903245568275452,-10.740500578722616,-11.168257977733827,-10.740500578722616
PKOBP,2017-04,10,xgboost,,1de5de580d2b30d96c88795351b49492a739c9b167e50b2cdde88e70c909a995,1,9,94989,0.3016999065876007,-9.776142623564418,-10.365125480718142,-9.776142623564418
PKOBP,2017-04,10,xgboost,,1de5de580d2b30d96c88795351b49492a739c9b167e50b2cdde88e70c909a995,1,10,94985,0.5567322969436646,-7.869601940865459,-8.793146486345394,-7.869601940865459
PKOBP,2017-04,10,xgboost,,1de5de580d2b30d96c88795351b49492a739c9b167e50b2cdde88e70c909a995,5,1,95010,-0.5782967209815979,-7.857133505432064,-7.276835815885673,-7.276835815885673
PKOBP,2017-04,10,xgboost,,1de5de580d2b30d96c88795351b49492a739c9b167e50b2cdde88e70c909a995,5,2,94973,-0.2895197570323944,-9.874867044951094,-9.405715179798332,-9.405715179798332
PKOBP,2017-04,10,xgboost,,1de5de580d2b30d96c88795351b49492a739c9b167e50b2cdde88e70c909a995,5,3,94995,-0.18382839858531952,-10.539454985154011,-10.230203374273701,-10.230203374273701
PKOBP,2017-04,10,xgboost,,1de5de580d2b30d96c88795351b49492a739c9b167e50b2cdde88e70c909a995,5,4,94987,-0.09982852637767792,-10.571478681796533,-10.394431020717278,-10.394431020717278
PKOBP,2017-04,10,xgboost,,1de5de580d2b30d96c88795351b49492a739c9b167e50b2cdde88e70c909a995,5,5,94998,-0.02486005239188671,-10.54357678529824,-10.49321848713888,-10.48387279072388
PKOBP,2017-04,10,xgboost,,1de5de580d2b30d96c88795351b49492a739c9b167e50b2cdde88e70c909a995,5,6,95009,0.0393587090075016,-10.268611002146724,-10.33667594862759,-10.268611002146724
PKOBP,2017-04,10,xgboost,,1de5de580d2b30d96c88795351b49492a739c9b167e50b2cdde88e70c909a995,5,7,94962,0.1136261448264122,-10.33542740577075,-10.49945343717878,-10.33542740577075
PKOBP,2017-04,10,xgboost,,1de5de580d2b30d96c88795351b49492a739c9b167e50b2cdde88e70c909a995,5,8,94997,0.19903245568275452,-10.702048407886268,-11.066336296397674,-10.702048407886268
PKOBP,2017-04,10,xgboost,,1de5de580d2b30d96c88795351b49492a739c9b167e50b2cdde88e70c909a995,5,9,94989,0.3016999065876007,-9.829794573867561,-10.31491792988611,-9.829794573867561
PKOBP,2017-04,10,xgboost,,1de5de580d2b30d96c88795351b49492a739c9b167e50b2cdde88e70c909a995,5,10,94985,0.5567322969436646,-8.133122825459473,-8.777826837348801,-8.133122825459473
PKOBP,2017-04,20,linear,,b30bfa0f2cbdfdfdcca4ba031265f1c6642346e4298d61f95beda9f56fa86425,0,1,94308,-0.697891372727072,-7.83128745650152,-6.3381757493043915,-6.3381757493043915
PKOBP,2017-04,20,linear,,b30bfa0f2cbdfdfdcca4ba031265f1c6642346e4298d61f95beda9f56fa86425,0,2,94308,-0.4961361181013767,-10.35058453925362,-9.426695019902901,-9.426695019902901
PKOBP,2017-04,20,linear,,b30bfa0f2cbdfdfdcca4ba031265f1c6642346e4298d61f95beda9f56fa86425,0,3,94306,-0.34465334776054374,-10.831214083224973,-10.264778253406547,-10.264778253406547
PKOBP,2017-04,20,linear,,b30bfa0f2cbdfdfdcca4ba031265f1c6642346e4298d61f95beda9f56fa86425,0,4,94309,-0.19835232606742592,-10.673919193480005,-10.276029399654279,-10.276029399654279
PKOBP,2017-04,20,linear,,b30bfa0f2cbdfdfdcca4ba031265f1c6642346e4298d61f95beda9f56fa86425,0,5,94306,-0.047435869236429534,-10.712188460939254,-10.574545284589082,-10.622817864766992
PKOBP,2017-04,20,linear,,b30bfa0f2cbdfdfdcca4ba031265f1c6642346e4298d61f95beda9f56fa86425,0,6,94307,0.09431902176937991,-10.476257799786149,-10.6472919992007,-10.476257799786149
PKOBP,2017-04,20,linear,,b30bfa0f2cbdfdfdcca4ba031265f1c6642346e4298d61f95beda9f56fa86425,0,7,94308,0.2367994821292276,-10.765456424308042,-11.176014610622195,-10.765456424308042
PKOBP,2017-04,20,linear,,b30bfa0f2cbdfdfdcca4ba031265f1c6642346e4298d61f95beda9f56fa86425,0,8,94307,0.3817507804789673,-10.720984691596945,-11.362858216499921,-10.720984691596945
PKOBP,2017-04,20,linear,,b30bfa0f2cbdfdfdcca4ba031265f1c6642346e4298d61f95beda9f56fa86425,0,9,94307,0.539236507915233,-9.62292528606596,-10.688781678895497,-9.62292528606596
PKOBP,2017-04,20,linear,,b30bfa0f2cbdfdfdcca4ba031265f1c6642346e4298d61f95beda9f56fa86425,0,10,94308,0.7520674347266546,-6.751702092557524,-8.276611949425138,-6.751702092557524
PKOBP,2017-04,20,linear,,b30bfa0f2cbdfdfdcca4ba031265f1c6642346e4298d61f95beda9f56fa86425,1,1,94308,-0.697891372727072,-7.8537316387011575,-6.497371499913248,-6.497371499913248
PKOBP,2017-04,20,linear,,b30bfa0f2cbdfdfdcca4ba031265f1c6642346e4298d61f95beda9f56fa86425,1,2,94308,-0.4961361181013767,-10.329144341684254,-9.460073716236648,-9.460073716236648
PKOBP,2017-04,20,linear,,b30bfa0f2cbdfdfdcca4ba031265f1c6642346e4298d61f95beda9f56fa86425,1,3,94306,-0.34465334776054374,-10.800649374341313,-10.258707530503068,-10.258707530503068
PKOBP,2017-04,20,linear,,b30bfa0f2cbdfdfdcca4ba031265f1c6642346e4298d61f95beda9f56fa86425,1,4,94309,-0.19835232606742592,-10.639057532052883,-10.264653320714237,-10.264653320714237
PKOBP,2017-04,20,linear,,b30bfa0f2cbdfdfdcca4ba031265f1c6642346e4298d61f95beda9f56fa86425,1,5,94306,-0.047435869236429534,-10.676900695536489,-10.5369563121406,-10.587795247943582
PKOBP,2017-04,20,linear,,b30bfa0f2cbdfdfdcca4ba031265f1c6642346e4298d61f95beda9f56fa86425,1,6,94307,0.09431902176937991,-10.454350417723225,-10.603795537971056,-10.454350417723225
PKOBP,2017-04,20,linear,,b30bfa0f2cbdfdfdcca4ba031265f1c6642346e4298d61f95beda9f56fa86425,1,7,94308,0.2367994821292276,-10.740524353350324,-11.131456435550396,-10.740524353350324
PKOBP,2017-04,20,linear,,b30bfa0f2cbdfdfdcca4ba031265f1c6642346e4298d61f95beda9f56fa86425,1,8,94307,0.3817507804789673,-10.7061753645732,-11.314437137226781,-10.7061753645732
PKOBP,2017-04,20,linear,,b30bfa0f2cbdfdfdcca4ba031265f1c6642346e4298d61f95beda9f56fa86425,1,9,94307,0.539236507915233,-9.650296430045078,-10.6644445233257,-9.650296430045078
PKOBP,2017-04,20,linear,,b30bfa0f2cbdfdfdcca4ba031265f1c6642346e4298d61f95beda9f56fa86425,1,10,94308,0.7520674347266546,-6.88433362388272,-8.29846181337417,-6.88433362388272
PKOBP,2017-04,20,linear,,b30bfa0f2cbdfdfdcca4ba031265f1c6642346e4298d61f95beda9f56fa86425,5,1,94308,-0.697891372727072,-7.907758352345416,-6.799113271714823,-6.799113271714823
PKOBP,2017-04,20,linear,,b30bfa0f2cbdfdfdcca4ba031265f1c6642346e4298d61f95beda9f56fa86425,5,2,94308,-0.4961361181013767,-10.258409719603417,-9.564444038213665,-9.564444038213665
PKOBP,2017-04,20,linear,,b30bfa0f2cbdfdfdcca4ba031265f1c6642346e4298d61f95beda9f56fa86425,5,3,94306,-0.34465334776054374,-10.714747728699978,-10.282750645535197,-10.282750645535197
PKOBP,2017-04,20,linear,,b30bfa0f2cbdfdfdcca4ba031265f1c6642346e4298d61f95beda9f56fa86425,5,4,94309,-0.19835232606742592,-10.56932788641671,-10.270418335480514,-10.270418335480514
PKOBP,2017-04,20,linear,,b30bfa0f2cbdfdfdcca4ba031265f1c6642346e4298d61f95beda9f56fa86425,5,5,94306,-0.047435869236429534,-10.59808722137128,-10.48884248202666,-10.540773006417423
PKOBP,2017-04,20,linear,,b30bfa0f2cbdfdfdcca4ba031265f1c6642346e4298d61f95beda9f56fa86425,5,6,94307,0.09431902176937991,-10.39653883368206,-10.511269056068556,-10.39653883368206
PKOBP,2017-04,20,linear,,b30bfa0f2cbdfdfdcca4ba031265f1c6642346e4298d61f95beda9f56fa86425,5,7,94308,0.2367994821292276,-10.699906942278641,-11.028177928705801,-10.699906942278641
PKOBP,2017-04,20,linear,,b30bfa0f2cbdfdfdcca4ba031265f1c6642346e4298d61f95beda9f56fa86425,5,8,94307,0.3817507804789673,-10.698710894977276,-11.17298583308455,-10.698710894977276
PKOBP,2017-04,20,linear,,b30bfa0f2cbdfdfdcca4ba031265f1c6642346e4298d61f95beda9f56fa86425,5,9,94307,0.539236507915233,-9.737426735921627,-10.581242759885134,-9.737426735921627
PKOBP,2017-04,20,linear,,b30bfa0f2cbdfdfdcca4ba031265f1c6642346e4298d61f95beda9f56fa86425,5,10,94308,0.7520674347266546,-7.1475181824471266,-8.320703107620968,-7.1475181824471266
PKOBP,2017-04,20,xgboost,,d154af0db722fe82f1d0452b12b697179c8a30fc15e1cc3878af8355d741323a,0,1,94311,-0.845387876033783,-8.28403768132068,-6.835706973168493,-6.835706973168493
PKOBP,2017-04,20,xgboost,,d154af0db722fe82f1d0452b12b697179c8a30fc15e1cc3878af8355d741323a,0,2,94308,-0.4780374765396118,-10.137831866739992,-9.173879676692312,-9.173879676692312
PKOBP,2017-04,20,xgboost,,d154af0db722fe82f1d0452b12b697179c8a30fc15e1cc3878af8355d741323a,0,3,94306,-0.31832852959632874,-10.56737258857078,-9.921061871093706,-9.921061871093706
PKOBP,2017-04,20,xgboost,,d154af0db722fe82f1d0452b12b697179c8a30fc15e1cc3878af8355d741323a,0,4,94307,-0.1769789457321167,-10.447633358913347,-10.117305306241827,-10.117305306241827
PKOBP,2017-04,20,xgboost,,d154af0db722fe82f1d0452b12b697179c8a30fc15e1cc3878af8355d741323a,0,5,94305,-0.046985842287540436,-10.666486881547668,-10.525545569191152,-10.49439024334557
PKOBP,2017-04,20,xgboost,,d154af0db722fe82f1d0452b12b697179c8a30fc15e1cc3878af8355d741323a,0,6,94307,0.06775175034999847,-10.226272091646992,-10.37247147314879,-10.226272091646992
PKOBP,2017-04,20,xgboost,,d154af0db722fe82f1d0452b12b697179c8a30fc15e1cc3878af8355d741323a,0,7,94308,0.1992700695991516,-10.20147754418828,-10.573156132438793,-10.20147754418828
PKOBP,2017-04,20,xgboost,,d154af0db722fe82f1d0452b12b697179c8a30fc15e1cc3878af8355d741323a,0,8,94307,0.34152495861053467,-10.508790497680256,-11.198618949588935,-10.508790497680256
PKOBP,2017-04,20,xgboost,,d154af0db722fe82f1d0452b12b697179c8a30fc15e1cc3878af8355d741323a,0,9,94311,0.5141507983207703,-9.764023343798044,-10.798609278383637,-9.764023343798044
PKOBP,2017-04,20,xgboost,,d154af0db722fe82f1d0452b12b697179c8a30fc15e1cc3878af8355d741323a,0,10,94304,0.8301522135734558,-7.93258007042489,-9.51547109050257,-7.93258007042489
PKOBP,2017-04,20,xgboost,,d154af0db722fe82f1d0452b12b697179c8a30fc15e1cc3878af8355d741323a,1,1,94311,-0.845387876033783,-8.280921158568743,-6.984204859343415,-6.984204859343415
PKOBP,2017-04,20,xgboost,,d154af0db722fe82f1d0452b12b697179c8a30fc15e1cc3878af8355d741323a,1,2,94308,-0.4780374765396118,-10.120294596487184,-9.191131488759227,-9.191131488759227
PKOBP,2017-04,20,xgboost,,d154af0db722fe82f1d0452b12b697179c8a30fc15e1cc3878af8355d741323a,1,3,94306,-0.31832852959632874,-10.551355785905415,-9.927877979080233,-9.927877979080233
PKOBP,2017-04,20,xgboost,,d154af0db722fe82f1d0452b12b697179c8a30fc15e1cc3878af8355d741323a,1,4,94307,-0.1769789457321167,-10.425522104565777,-10.107830255259506,-10.107830255259506
PKOBP,2017-04,20,xgboost,,d154af0db722fe82f1d0452b12b697179c8a30fc15e1cc3878af8355d741323a,1,5,94305,-0.046985842287540436,-10.64030773632505,-10.499832346752308,-10.470134049812646
PKOBP,2017-04,20,xgboost,,d154af0db722fe82f1d0452b12b697179c8a30fc15e1cc3878af8355d741323a,1,6,94307,0.06775175034999847,-10.211073372874285,-10.345526311238313,-10.211073372874285
PKOBP,2017-04,20,xgboost,,d154af0db722fe82f1d0452b12b697179c8a30fc15e1cc3878af8355d741323a,1,7,94308,0.1992700695991516,-10.17917704621676,-10.538077035017242,-10.17917704621676
PKOBP,2017-04,20,xgboost,,d154af0db722fe82f1d0452b12b697179c8a30fc15e1cc3878af8355d741323a,1,8,94307,0.34152495861053467,-10.493162002601611,-11.164234349240068,-10.493162002601611
PKOBP,2017-04,20,xgboost,,d154af0db722fe82f1d0452b12b697179c8a30fc15e1cc3878af8355d741323a,1,9,94311,0.5141507983207703,-9.77578958312162,-10.773478482462728,-9.77578958312162
PKOBP,2017-04,20,xgboost,,d154af0db722fe82f1d0452b12b697179c8a30fc15e1cc3878af8355d741323a,1,10,94304,0.8301522135734558,-8.057550699916645,-9.498204835823437,-8.057550699916645
PKOBP,2017-04,20,xgboost,,d154af0db722fe82f1d0452b12b697179c8a30fc15e1cc3878af8355d741323a,5,1,94311,-0.845387876033783,-8.28098881836592,-7.277305817376151,-7.277305817376151
PKOBP,2017-04,20,xgboost,,d154af0db722fe82f1d0452b12b697179c8a30fc15e1cc3878af8355d741323a,5,2,94308,-0.4780374765396118,-10.058075451411925,-9.299494594612751,-9.299494594612751
PKOBP,2017-04,20,xgboost,,d154af0db722fe82f1d0452b12b697179c8a30fc15e1cc3878af8355d741323a,5,3,94306,-0.31832852959632874,-10.494515457345546,-9.976539380108989,-9.976539380108989
PKOBP,2017-04,20,xgboost,,d154af0db722fe82f1d0452b12b697179c8a30fc15e1cc3878af8355d741323a,5,4,94307,-0.1769789457321167,-10.371423215090749,-10.121579484253449,-10.121579484253449
PKOBP,2017-04,20,xgboost,,d154af0db722fe82f1d0452b12b697179c8a30fc15e1cc3878af8355d741323a,5,5,94305,-0.046985842287540436,-10.567082663083262,-10.44961709499791,-10.423783669832122
PKOBP,2017-04,20,xgboost,,d154af0db722fe82f1d0452b12b697179c8a30fc15e1cc3878af8355d741323a,5,6,94307,0.06775175034999847,-10.177648563679297,-10.286579921021504,-10.177648563679297
PKOBP,2017-04,20,xgboost,,d154af0db722fe82f1d0452b12b697179c8a30fc15e1cc3878af8355d741323a,5,7,94308,0.1992700695991516,-10.14230976595465,-10.444640021800453,-10.14230976595465
PKOBP,2017-04,20,xgboost,,d154af0db722fe82f1d0452b12b697179c8a30fc15e1cc3878af8355d741323a,5,8,94307,0.34152495861053467,-10.473618532797671,-11.04155615968109,-10.473618532797671
PKOBP,2017-04,20,xgboost,,d154af0db722fe82f1d0452b12b697179c8a30fc15e1cc3878af8355d741323a,5,9,94311,0.5141507983207703,-9.84208674224357,-10.688466273249619,-9.84208674224357
PKOBP,2017-04,20,xgboost,,d154af0db722fe82f1d0452b12b697179c8a30fc15e1cc3878af8355d741323a,5,10,94304,0.8301522135734558,-8.320680503766086,-9.434201082486657,-8.320680503766086
PKOBP,2017-04,50,linear,,ec9bca18c5d19a5810229f8b225f3179c9033d0f6d08f25c063039a0e5103ed0,0,1,92470,-1.16897392187476,-9.639183551951339,-7.133078505397971,-7.133078505397971
PKOBP,2017-04,50,linear,,ec9bca18c5d19a5810229f8b225f3179c9033d0f6d08f25c063039a0e5103ed0,0,2,92454,-0.8642836278131081,-10.667673361805486,-9.248593399906184,-9.248593399906184
PKOBP,2017-04,50,linear,,ec9bca18c5d19a5810229f8b225f3179c9033d0f6d08f25c063039a0e5103ed0,0,3,92467,-0.6030222589019743,-10.704017240348477,-9.775814386354572,-9.775814386354572
PKOBP,2017-04,50,linear,,ec9bca18c5d19a5810229f8b225f3179c9033d0f6d08f25c063039a0e5103ed0,0,4,92454,-0.34251249226259495,-10.374511529652054,-9.745929012465224,-9.745929012465224
PKOBP,2017-04,50,linear,,ec9bca18c5d19a5810229f8b225f3179c9033d0f6d08f25c063039a0e5103ed0,0,5,92465,-0.07523594191854242,-10.361723457156634,-10.133222679709682,-10.197164277666278
PKOBP,2017-04,50,linear,,ec9bca18c5d19a5810229f8b225f3179c9033d0f6d08f25c063039a0e5103ed0,0,6,92463,0.1773336615241281,-10.038577540818412,-10.330164776115344,-10.038577540818412
PKOBP,2017-04,50,linear,,ec9bca18c5d19a5810229f8b225f3179c9033d0f6d08f25c063039a0e5103ed0,0,7,92456,0.4334159826085662,-10.11917879274505,-10.84916288526342,-10.11917879274505
PKOBP,2017-04,50,linear,,ec9bca18c5d19a5810229f8b225f3179c9033d0f6d08f25c063039a0e5103ed0,0,8,92465,0.6952325868532323,-10.129748932902988,-11.166679672534887,-10.129748932902988
PKOBP,2017-04,50,linear,,ec9bca18c5d19a5810229f8b225f3179c9033d0f6d08f25c063039a0e5103ed0,0,9,92460,0.9649452680482435,-9.472788493748538,-11.255084093266655,-9.472788493748538
PKOBP,2017-04,50,linear,,ec9bca18c5d19a5810229f8b225f3179c9033d0f6d08f25c063039a0e5103ed0,0,10,92459,1.287130191591023,-7.339424658753449,-9.937495115382854,-7.339424658753449
PKOBP,2017-04,50,linear,,ec9bca18c5d19a5810229f8b225f3179c9033d0f6d08f25c063039a0e5103ed0,1,1,92470,-1.16897392187476,-9.623270755623528,-7.2826942261029926,-7.2826942261029926
PKOBP,2017-04,50,linear,,ec9bca18c5d19a5810229f8b225f3179c9033d0f6d08f25c063039a0e5103ed0,1,2,92454,-0.8642836278131081,-10.640520844426366,-9.288906827311791,-9.288906827311791
PKOBP,2017-04,50,linear,,ec9bca18c5d19a5810229f8b225f3179c9033d0f6d08f25c063039a0e5103ed0,1,3,92467,-0.6030222589019743,-10.677616346178178,-9.784068530199132,-9.784068530199132
PKOBP,2017-04,50,linear,,ec9bca18c5d19a5810229f8b225f3179c9033d0f6d08f25c063039a0e5103ed0,1,4,92454,-0.34251249226259495,-10.342012255390008,-9.74229614906403,-9.74229614906403
PKOBP,2017-04,50,linear,,ec9bca18c5d19a5810229f8b225f3179c9033d0f6d08f25c063039a0e5103ed0,1,5,92465,-0.07523594191854242,-10.333754965088179,-10.108064783507988,-10.171018937468574
PKOBP,2017-04,50,linear,,ec9bca18c5d19a5810229f8b225f3179c9033d0f6d08f25c063039a0e5103ed0,1,6,92463,0.1773336615241281,-10.026260641603036,-10.298257012537183,-10.026260641603036
PKOBP,2017-04,50,linear,,ec9bca18c5d19a5810229f8b225f3179c9033d0f6d08f25c063039a0e5103ed0,1,7,92456,0.4334159826085662,-10.101987479242299,-10.807117753206354,-10.101987479242299
PKOBP,2017-04,50,linear,,ec9bca18c5d19a5810229f8b225f3179c9033d0f6d08f25c063039a0e5103ed0,1,8,92465,0.6952325868532323,-10.12680056157459,-11.119518079643305,-10.12680056157459
PKOBP,2017-04,50,linear,,ec9bca18c5d19a5810229f8b225f3179c9033d0f6d08f25c063039a0e5103ed0,1,9,92460,0.9649452680482435,-9.502734311998335,-11.216543921663183,-9.502734311998335
PKOBP,2017-04,50,linear,,ec9bca18c5d19a5810229f8b225f3179c9033d0f6d08f25c063039a0e5103ed0,1,10,92459,1.287130191591023,-7.472053305832766,-9.92496212616396,-7.472053305832766
PKOBP,2017-04,50,linear,,ec9bca18c5d19a5810229f8b225f3179c9033d0f6d08f25c063039a0e5103ed0,5,1,92470,-1.16897392187476,-9.554020603455877,-7.578521418390316,-7.578521418390316
PKOBP,2017-04,50,linear,,ec9bca18c5d19a5810229f8b225f3179c9033d0f6d08f25c063039a0e5103ed0,5,2,92454,-0.8642836278131081,-10.565199498513232,-9.405295958786247,-9.405295958786247
PKOBP,2017-04,50,linear,,ec9bca18c5d19a5810229f8b225f3179c9033d0f6d08f25c063039a0e5103ed0,5,3,92467,-0.6030222589019743,-10.602237466756174,-9.857485525075933,-9.857485525075933
PKOBP,2017-04,50,linear,,ec9bca18c5d19a5810229f8b225f3179c9033d0f6d08f25c063039a0e5103ed0,5,4,92454,-0.34251249226259495,-10.274304666742621,-9.764808478470128,-9.764808478470128
PKOBP,2017-04,50,linear,,ec9bca18c5d19a5810229f8b225f3179c9033d0f6d08f25c063039a0e5103ed0,5,5,92465,-0.07523594191854242,-10.275676087370362,-10.106519276745704,-10.156582008130531
PKOBP,2017-04,50,linear,,ec9bca18c5d19a5810229f8b225f3179c9033d0f6d08f25c063039a0e5103ed0,5,6,92463,0.1773336615241281,-9.982001296354198,-10.237218780849803,-9.982001296354198
PKOBP,2017-04,50,linear,,ec9bca18c5d19a5810229f8b225f3179c9033d0f6d08f25c063039a0e5103ed0,5,7,92456,0.4334159826085662,-10.09368421207587,-10.7114307367503,-10.09368421207587
PKOBP,2017-04,50,linear,,ec9bca18c5d19a5810229f8b225f3179c9033d0f6d08f25c063039a0e5103ed0,5,8,92465,0.6952325868532323,-10.147674538979691,-10.977899171360791,-10.147674538979691
PKOBP,2017-04,50,linear,,ec9bca18c5d19a5810229f8b225f3179c9033d0f6d08f25c063039a0e5103ed0,5,9,92460,0.9649452680482435,-9.61158780550005,-11.09104216705398,-9.61158780550005
PKOBP,2017-04,50,linear,,ec9bca18c5d19a5810229f8b225f3179c9033d0f6d08f25c063039a0e5103ed0,5,10,92459,1.287130191591023,-7.740420199576636,-9.828905588224275,-7.740420199576636
PKOBP,2017-04,50,xgboost,,5104153618a9faaff4aa7cfee5205cf8689df433038a2a31052f73bb8b2819e5,0,1,92462,-1.3590847253799438,-9.704796337527709,-7.242954657931839,-7.242954657931839
PKOBP,2017-04,50,xgboost,,5104153618a9faaff4aa7cfee5205cf8689df433038a2a31052f73bb8b2819e5,0,2,92466,-0.8308845162391663,-10.540647860073522,-8.918166838675923,-8.918166838675923
PKOBP,2017-04,50,xgboost,,5104153618a9faaff4aa7cfee5205cf8689df433038a2a31052f73bb8b2819e5,0,3,92472,-0.5597624182701111,-10.255046304763816,-9.41034347501475,-9.41034347501475
PKOBP,2017-04,50,xgboost,,5104153618a9faaff4aa7cfee5205cf8689df433038a2a31052f73bb8b2819e5,0,4,92449,-0.3374674618244171,-10.25003511782506,-9.664760402871586,-9.664760402871586
PKOBP,2017-04,50,xgboost,,5104153618a9faaff4aa7cfee5205cf8689df433038a2a31052f73bb8b2819e5,0,5,92464,-0.1061544194817543,-10.285649949881256,-10.12297104936283,-10.11146581588857
PKOBP,2017-04,50,xgboost,,5104153618a9faaff4aa7cfee5205cf8689df433038a2a31052f73bb8b2819e5,0,6,92465,0.12264861166477203,-10.066568630217763,-10.42350901501468,-10.066568630217763
PKOBP,2017-04,50,xgboost,,5104153618a9faaff4aa7cfee5205cf8689df433038a2a31052f73bb8b2819e5,0,7,92452,0.351869136095047,-10.0589950987884,-10.672424105959687,-10.0589950987884
PKOBP,2017-04,50,xgboost,,5104153618a9faaff4aa7cfee5205cf8689df433038a2a31052f73bb8b2819e5,0,8,92460,0.6425666809082031,-10.121580876440005,-11.222814609046674,-10.121580876440005
PKOBP,2017-04,50,xgboost,,5104153618a9faaff4aa7cfee5205cf8689df433038a2a31052f73bb8b2819e5,0,9,92462,0.9578076601028442,-9.073405905194342,-10.80174569541508,-9.073405905194342
PKOBP,2017-04,50,xgboost,,5104153618a9faaff4aa7cfee5205cf8689df433038a2a31052f73bb8b2819e5,0,10,92461,1.411231279373169,-8.49009304055265,-11.095485083011189,-8.49009304055265
PKOBP,2017-04,50,xgboost,,5104153618a9faaff4aa7cfee5205cf8689df433038a2a31052f73bb8b2819e5,1,1,92462,-1.3590847253799438,-9.683277813483919,-7.392337390416704,-7.392337390416704
PKOBP,2017-04,50,xgboost,,5104153618a9faaff4aa7cfee5205cf8689df433038a2a31052f73bb8b2819e5,1,2,92466,-0.8308845162391663,-10.51618307867932,-8.957804487630408,-8.957804487630408
PKOBP,2017-04,50,xgboost,,5104153618a9faaff4aa7cfee5205cf8689df433038a2a31052f73bb8b2819e5,1,3,92472,-0.5597624182701111,-10.23441158479431,-9.415294238470587,-9.415294238470587
PKOBP,2017-04,50,xgboost,,5104153618a9faaff4aa7cfee5205cf8689df433038a2a31052f73bb8b2819e5,1,4,92449,-0.3374674618244171,-10.234511940371062,-9.658797311660868,-9.658797311660868
PKOBP,2017-04,50,xgboost,,5104153618a9faaff4aa7cfee5205cf8689df433038a2a31052f73bb8b2819e5,1,5,92464,-0.1061544194817543,-10.264032134521976,-10.105258925838896,-10.09475488827531
PKOBP,2017-04,50,xgboost,,5104153618a9faaff4aa7cfee5205cf8689df433038a2a31052f73bb8b2819e5,1,6,92465,0.12264861166477203,-10.047110435695432,-10.400264202026058,-10.047110435695432
PKOBP,2017-04,50,xgboost,,5104153618a9faaff4aa7cfee5205cf8689df433038a2a31052f73bb8b2819e5,1,7,92452,0.351869136095047,-10.047146367328313,-10.637639888662012,-10.047146367328313
PKOBP,2017-04,50,xgboost,,5104153618a9faaff4aa7cfee5205cf8689df433038a2a31052f73bb8b2819e5,1,8,92460,0.6425666809082031,-10.119921752056172,-11.180908574917588,-10.119921752056172
PKOBP,2017-04,50,xgboost,,5104153618a9faaff4aa7cfee5205cf8689df433038a2a31052f73bb8b2819e5,1,9,92462,0.9578076601028442,-9.09200975213922,-10.766665837266826,-9.09200975213922
PKOBP,2017-04,50,xgboost,,5104153618a9faaff4aa7cfee5205cf8689df433038a2a31052f73bb8b2819e5,1,10,92461,1.411231279373169,-8.608397722866348,-11.057413421766817,-8.608397722866348
PKOBP,2017-04,50,xgboost,,5104153618a9faaff4aa7cfee5205cf8689df433038a2a31052f73bb8b2819e5,5,1,92462,-1.3590847253799438,-9.60446304805753,-7.689451631227529,-7.689451631227529
PKOBP,2017-04,50,xgboost,,5104153618a9faaff4aa7cfee5205cf8689df433038a2a31052f73bb8b2819e5,5,2,92466,-0.8308845162391663,-10.44064127216669,-9.106301775354172,-9.106301775354172
PKOBP,2017-04,50,xgboost,,5104153618a9faaff4aa7cfee5205cf8689df433038a2a31052f73bb8b2819e5,5,3,92472,-0.5597624182701111,-10.165421435796095,-9.489175834558317,-9.489175834558317
PKOBP,2017-04,50,xgboost,,5104153618a9faaff4aa7cfee5205cf8689df433038a2a31052f73bb8b2819e5,5,4,92449,-0.3374674618244171,-10.195410607260436,-9.698420566290055,-9.698420566290055
PKOBP,2017-04,50,xgboost,,5104153618a9faaff4aa7cfee5205cf8689df433038a2a31052f73bb8b2819e5,5,5,92464,-0.1061544194817543,-10.220401247926633,-10.085426547264131,-10.079066234003925
PKOBP,2017-04,50,xgboost,,5104153618a9faaff4aa7cfee5205cf8689df433038a2a31052f73bb8b2819e5,5,6,92465,0.12264861166477203,-10.009002414016008,-10.34774666733544,-10.009002414016008
PKOBP,2017-04,50,xgboost,,5104153618a9faaff4aa7cfee5205cf8689df433038a2a31052f73bb8b2819e5,5,7,92452,0.351869136095047,-10.031624290523036,-10.54680842096921,-10.031624290523036
PKOBP,2017-04,50,xgboost,,5104153618a9faaff4aa7cfee5205cf8689df433038a2a31052f73bb8b2819e5,5,8,92460,0.6425666809082031,-10.142158017978991,-11.04662045563001,-10.142158017978991
PKOBP,2017-04,50,xgboost,,5104153618a9faaff4aa7cfee5205cf8689df433038a2a31052f73bb8b2819e5,5,9,92462,0.9578076601028442,-9.199564348148009,-10.640278707452397,-9.199564348148009
PKOBP,2017-04,50,xgboost,,5104153618a9faaff4aa7cfee5205cf8689df433038a2a31052f73bb8b2819e5,5,10,92461,1.411231279373169,-8.83810960549936,-10.908854602098293,-8.83810960549936
PKOBP,2017-06,10,linear,,0af22dbfdfd7980eb5f6a92ed2eecd9136539a90e22a17a653faf5782279b13a,0,1,106045,-0.444491445838831,-8.878623257710498,-7.547680425621558,-7.547680425621558
PKOBP,2017-06,10,linear,,0af22dbfdfd7980eb5f6a92ed2eecd9136539a90e22a17a653faf5782279b13a,0,2,106039,-0.3105328462049621,-11.366824830152499,-10.599343964462964,-10.599343964462964
PKOBP,2017-06,10,linear,,0af22dbfdfd7980eb5f6a92ed2eecd9136539a90e22a17a653faf5782279b13a,0,3,106048,-0.2182493737418141,-12.307041152818382,-11.754586994277691,-11.754586994277691
PKOBP,2017-06,10,linear,,0af22dbfdfd7980eb5f6a92ed2eecd9136539a90e22a17a653faf5782279b13a,0,4,106036,-0.13629170360506734,-12.723670920898117,-12.420411952321654,-12.420411952321654
PKOBP,2017-06,10,linear,,0af22dbfdfd7980eb5f6a92ed2eecd9136539a90e22a17a653faf5782279b13a,0,5,106044,-0.056530664831506934,-12.99818683307086,-12.867855201314685,-12.867855201314685
PKOBP,2017-06,10,linear,,0af22dbfdfd7980eb5f6a92ed2eecd9136539a90e22a17a653faf5782279b13a,0,6,106040,0.028811700910662402,-12.434432667963279,-12.568498586529067,-12.454361869426101
PKOBP,2017-06,10,linear,,0af22dbfdfd7980eb5f6a92ed2eecd9136539a90e22a17a653faf5782279b13a,0,7,106042,0.11491246243577245,-12.350647082934257,-12.62270878697879,-12.350647082934257
PKOBP,2017-06,10,linear,,0af22dbfdfd7980eb5f6a92ed2eecd9136539a90e22a17a653faf5782279b13a,0,8,106051,0.2043494175700522,-11.993319321543714,-12.478194486323057,-11.993319321543714
PKOBP,2017-06,10,linear,,0af22dbfdfd7980eb5f6a92ed2eecd9136539a90e22a17a653faf5782279b13a,0,9,106034,0.3025724959225974,-11.097603991987803,-11.880675678525883,-11.097603991987803
PKOBP,2017-06,10,linear,,0af22dbfdfd7980eb5f6a92ed2eecd9136539a90e22a17a653faf5782279b13a,0,10,106041,0.44942846995401364,-7.6486752268267475,-9.009495050588074,-7.6486752268267475
PKOBP,2017-06,10,linear,,0af22dbfdfd7980eb5f6a92ed2eecd9136539a90e22a17a653faf5782279b13a,1,1,106045,-0.444491445838831,-8.911543939938777,-7.804832975571396,-7.804832975571396
PKOBP,2017-06,10,linear,,0af22dbfdfd7980eb5f6a92ed2eecd9136539a90e22a17a653faf5782279b13a,1,2,106039,-0.3105328462049621,-11.335299002791862,-10.624237181722554,-10.624237181722554
PKOBP,2017-06,10,linear,,0af22dbfdfd7980eb5f6a92ed2eecd9136539a90e22a17a653faf5782279b13a,1,3,106048,-0.2182493737418141,-12.255337302968117,-11.746058553789535,-11.746058553789535
PKOBP,2017-06,10,linear,,0af22dbfdfd7980eb5f6a92ed2eecd9136539a90e22a17a653faf5782279b13a,1,4,106036,-0.13629170360506734,-12.659426576544497,-12.365887256010911,-12.365887256010911
PKOBP,2017-06,10,linear,,0af22dbfdfd7980eb5f6a92ed2eecd9136539a90e22a17a653faf5782279b13a,1,5,106044,-0.056530664831506934,-12.927668979351521,-12.804683196602058,-12.804683196602058
PKOBP,2017-06,10,linear,,0af22dbfdfd7980eb5f6a92ed2eecd9136539a90e22a17a653faf5782279b13a,1,6,106040,0.028811700910662402,-12.37548037105894,-12.509849476659278,-12.391216787744677
PKOBP,2017-06,10,linear,,0af22dbfdfd7980eb5f6a92ed2eecd9136539a90e22a17a653faf5782279b13a,1,7,106042,0.11491246243577245,-12.319306821036404,-12.562417534658243,-12.319306821036404
PKOBP,2017-06,10,linear,,0af22dbfdfd7980eb5f6a92ed2eecd9136539a90e22a17a653faf5782279b13a,1,8,106051,0.2043494175700522,-11.978222416934122,-12.432739119564015,-11.978222416934122
PKOBP,2017-06,10,linear,,0af22dbfdfd7980eb5f6a92ed2eecd9136539a90e22a17a653faf5782279b13a,1,9,106034,0.3025724959225974,-11.133888099067477,-11.855162373667643,-11.133888099067477
PKOBP,2017-06,10,linear,,0af22dbfdfd7980eb5f6a92ed2eecd9136539a90e22a17a653faf5782279b13a,1,10,106041,0.44942846995401364,-7.904201158949931,-9.04321078387563,-7.904201158949931
PKOBP,2017-06,10,linear,,0af22dbfdfd7980eb5f6a92ed2eecd9136539a90e22a17a653faf5782279b13a,5,1,106045,-0.444491445838831,-8.957853377689444,-8.249089570921443,-8.249089570921443
PKOBP,2017-06,10,linear,,0af22dbfdfd7980eb5f6a92ed2eecd9136539a90e22a17a653faf5782279b13a,5,2,106039,-0.3105328462049621,-11.270234048537617,-10.750798904426446,-10.750798904426446
PKOBP,2017-06,10,linear,,0af22dbfdfd7980eb5f6a92ed2eecd9136539a90e22a17a653faf5782279b13a,5,3,106048,-0.2182493737418141,-12.147919669678165,-11.767074299389567,-11.767074299389567
PKOBP,2017-06,10,linear,,0af22dbfdfd7980eb5f6a92ed2eecd9136539a90e22a17a653faf5782279b13a,5,4,106036,-0.13629170360506734,-12.538234181008798,-12.303774266430118,-12.303774266430118
PKOBP,2017-06,10,linear,,0af22dbfdfd7980eb5f6a92ed2eecd9136539a90e22a17a653faf5782279b13a,5,5,106044,-0.056530664831506934,-12.806128287216906,-12.711142268555818,-12.711142268555818
PKOBP,2017-06,10,linear,,0af22dbfdfd7980eb5f6a92ed2eecd9136539a90e22a17a653faf5782279b13a,5,6,106040,0.028811700910662402,-12.288205825000922,-12.38040984271392,-12.283326366808398
PKOBP,2017-06,10,linear,,0af22dbfdfd7980eb5f6a92ed2eecd9136539a90e22a17a653faf5782279b13a,5,7,106042,0.11491246243577245,-12.256092310207451,-12.443622863765189,-12.256092310207451
PKOBP,2017-06,10,linear,,0af22dbfdfd7980eb5f6a92ed2eecd9136539a90e22a17a653faf5782279b13a,5,8,106051,0.2043494175700522,-11.984994346579796,-12.336502890125919,-11.984994346579796
PKOBP,2017-06,10,linear,,0af22dbfdfd7980eb5f6a92ed2eecd9136539a90e22a17a653faf5782279b13a,5,9,106034,0.3025724959225974,-11.222536183535954,-11.746630864635286,-11.222536183535954
PKOBP,2017-06,10,linear,,0af22dbfdfd7980eb5f6a92ed2eecd9136539a90e22a17a653faf5782279b13a,5,10,106041,0.44942846995401364,-8.32649177888113,-9.057507983127074,-8.32649177888113
PKOBP,2017-06,10,xgboost,,3990960a5476f9f8a91d0bd97899e56d7d47cc4f3500c69fc59bf84922e1b0ff,0,1,106051,-0.6068306565284729,-10.020440238367929,-8.61673794315023,-8.61673794315023
PKOBP,2017-06,10,xgboost,,3990960a5476f9f8a91d0bd97899e56d7d47cc4f3500c69fc59bf84922e1b0ff,0,2,106033,-0.29764243960380554,-11.44379172438524,-10.673606491880557,-10.673606491880557
PKOBP,2017-06,10,xgboost,,3990960a5476f9f8a91d0bd97899e56d7d47cc4f3500c69fc59bf84922e1b0ff,0,3,106045,-0.19328175485134125,-12.177622133758655,-11.678902778121884,-11.678902778121884
PKOBP,2017-06,10,xgboost,,3990960a5476f9f8a91d0bd97899e56d7d47cc4f3500c69fc59bf84922e1b0ff,0,4,106039,-0.11481485515832901,-12.153817331154627,-11.82131909501214,-11.82131909501214
PKOBP,2017-06,10,xgboost,,3990960a5476f9f8a91d0bd97899e56d7d47cc4f3500c69fc59bf84922e1b0ff,0,5,106044,-0.03892694413661957,-12.331590169777618,-12.220693055238417,-12.220693055238417
PKOBP,2017-06,10,xgboost,,3990960a5476f9f8a91d0bd97899e56d7d47cc4f3500c69fc59bf84922e1b0ff,0,6,106065,0.03280346468091011,-11.613373351137785,-11.73018422400082,-11.613895626384467
PKOBP,2017-06,10,xgboost,,3990960a5476f9f8a91d0bd97899e56d7d47cc4f3500c69fc59bf84922e1b0ff,0,7,106020,0.10557596385478973,-11.9203680557899,-12.201812624989532,-11.9203680557899
PKOBP,2017-06,10,xgboost,,3990960a5476f9f8a91d0bd97899e56d7d47cc4f3500c69fc59bf84922e1b0ff,0,8,106052,0.1888362169265747,-11.681763427943675,-12.168150101567829,-11.681763427943675
PKOBP,2017-06,10,xgboost,,3990960a5476f9f8a91d0bd97899e56d7d47cc4f3500c69fc59bf84922e1b0ff,0,9,106029,0.2923172116279602,-11.324819285712678,-12.088473099629839,-11.324819285712678
PKOBP,2017-06,10,xgboost,,3990960a5476f9f8a91d0bd97899e56d7d47cc4f3500c69fc59bf84922e1b0ff,0,10,106042,0.575513482093811,-9.131593229511632,-10.549800958296807,-9.131593229511632
PKOBP,2017-06,10,xgboost,,3990960a5476f9f8a91d0bd97899e56d7d47cc4f3500c69fc59bf84922e1b0ff,1,1,106051,-0.6068306565284729,-9.986906084415262,-8.82310646986815,-8.82310646986815
PKOBP,2017-06,10,xgboost,,3990960a5476f9f8a91d0bd97899e56d7d47cc4f3500c69fc59bf84922e1b0ff,1,2,106033,-0.29764243960380554,-11.41054489543323,-10.691486760341308,-10.691486760341308
PKOBP,2017-06,10,xgboost,,3990960a5476f9f8a91d0bd97899e56d7d47cc4f3500c69fc59bf84922e1b0ff,1,3,106045,-0.19328175485134125,-12.144484849086272,-11.672920537488281,-11.672920537488281
PKOBP,2017-06,10,xgboost,,3990960a5476f9f8a91d0bd97899e56d7d47cc4f3500c69fc59bf84922e1b0ff,1,4,106039,-0.11481485515832901,-12.10980627630464,-11.79401017075655,-11.79401017075655
PKOBP,2017-06,10,xgboost,,3990960a5476f9f8a91d0bd97899e56d7d47cc4f3500c69fc59bf84922e1b0ff,1,5,106044,-0.03892694413661957,-12.287108072964608,-12.1775269010022,-12.1775269010022
PKOBP,2017-06,10,xgboost,,3990960a5476f9f8a91d0bd97899e56d7d47cc4f3500c69fc59bf84922e1b0ff,1,6,106065,0.03280346468091011,-11.585703206648205,-11.690853154525978,-11.585889977201655
PKOBP,2017-06,10,xgboost,,3990960a5476f9f8a91d0bd97899e56d7d47cc4f3500c69fc59bf84922e1b0ff,1,7,106020,0.10557596385478973,-11.914681389623349,-12.169729144013788,-11.914681389623349
PKOBP,2017-06,10,xgboost,,3990960a5476f9f8a91d0bd97899e56d7d47cc4f3500c69fc59bf84922e1b0ff,1,8,106052,0.1888362169265747,-11.689659889599712,-12.141805171038108,-11.689659889599712
PKOBP,2017-06,10,xgboost,,3990960a5476f9f8a91d0bd97899e56d7d47cc4f3500c69fc59bf84922e1b0ff,1,9,106029,0.2923172116279602,-11.333852269954129,-12.058952161495027,-11.333852269954129
PKOBP,2017-06,10,xgboost,,3990960a5476f9f8a91d0bd97899e56d7d47cc4f3500c69fc59bf84922e1b0ff,1,10,106042,0.575513482093811,-9.337783022772166,-10.528909016725374,-9.337783022772166
PKOBP,2017-06,10,xgboost,,3990960a5476f9f8a91d0bd97899e56d7d47cc4f3500c69fc59bf84922e1b0ff,5,1,106051,-0.6068306565284729,-9.972371758701236,-9.283154165392368,-9.283154165392368
PKOBP,2017-06,10,xgboost,,3990960a5476f9f8a91d0bd97899e56d7d47cc4f3500c69fc59bf84922e1b0ff,5,2,106033,-0.29764243960380554,-11.358272882917374,-10.823617708715894,-10.823617708715894
PKOBP,2017-06,10,xgboost,,3990960a5476f9f8a91d0bd97899e56d7d47cc4f3500c69fc59bf84922e1b0ff,5,3,106045,-0.19328175485134125,-12.053619619807867,-11.67736428364569,-11.67736428364569
PKOBP,2017-06,10,xgboost,,3990960a5476f9f8a91d0bd97899e56d7d47cc4f3500c69fc59bf84922e1b0ff,5,4,106039,-0.11481485515832901,-11.986551295774731,-11.721042961799332,-11.721042961799332
PKOBP,2017-06,10,xgboost,,3990960a5476f9f8a91d0bd97899e56d7d47cc4f3500c69fc59bf84922e1b0ff,5,5,106044,-0.03892694413661957,-12.197652029836108,-12.100313863945214,-12.100313863945214
PKOBP,2017-06,10,xgboost,,3990960a5476f9f8a91d0bd97899e56d7d47cc4f3500c69fc59bf84922e1b0ff,5,6,106065,0.03280346468091011,-11.524306217315496,-11.592098005729548,-11.519639379568716
PKOBP,2017-06,10,xgboost,,3990960a5476f9f8a91d0bd97899e56d7d47cc4f3500c69fc59bf84922e1b0ff,5,7,106020,0.10557596385478973,-11.849190054706948,-12.066791489215664,-11.849190054706948
PKOBP,2017-06,10,xgboost,,3990960a5476f9f8a91d0bd97899e56d7d47cc4f3500c69fc59bf84922e1b0ff,5,8,106052,0.1888362169265747,-11.70333154468761,-12.052645835547114,-11.70333154468761
PKOBP,2017-06,10,xgboost,,3990960a5476f9f8a91d0bd97899e56d7d47cc4f3500c69fc59bf84922e1b0ff,5,9,106029,0.2923172116279602,-11.407692834594128,-11.970341197989072,-11.407692834594128
PKOBP,2017-06,10,xgboost,,3990960a5476f9f8a91d0bd97899e56d7d47cc4f3500c69fc59bf84922e1b0ff,5,10,106042,0.575513482093811,-9.745855307408258,-10.459388574584866,-9.745855307408258
PKOBP,2017-06,10,xgboost,7.0,fa1875278a0754b8c441b3411d8196bf1ab1a6b93435a7921cc378d62c4df4f9,0,1,106048,-0.02734193205833435,-12.961681578272142,-13.049553230028815,-13.049553230028815
PKOBP,2017-06,10,xgboost,7.0,fa1875278a0754b8c441b3411d8196bf1ab1a6b93435a7921cc378d62c4df4f9,0,2,106037,-0.01073673740029335,-11.760652950929915,-11.734053065557383,-11.734053065557383
PKOBP,2017-06,10,xgboost,7.0,fa1875278a0754b8c441b3411d8196bf1ab1a6b93435a7921cc378d62c4df4f9,0,3,106045,-0.006373700685799122,-11.79765166157526,-11.73648615967667,-11.73648615967667
PKOBP,2017-06,10,xgboost,7.0,fa1875278a0754b8c441b3411d8196bf1ab1a6b93435a7921cc378d62c4df4f9,0,4,106041,-0.0033451912458986044,-11.614065521354915,-11.552374923094181,-11.552374923094181
PKOBP,2017-06,10,xgboost,7.0,fa1875278a0754b8c441b3411d8196bf1ab1a6b93435a7921cc378d62c4df4f9,0,5,106040,-0.0007543113897554576,-11.393600641367774,-11.340248153409059,-11.358771471417974
PKOBP,2017-06,10,xgboost,7.0,fa1875278a0754b8c441b3411d8196bf1ab1a6b93435a7921cc378d62c4df4f9,0,6,106042,0.0017395035829395056,-10.951477664665262,-10.886304715158136,-10.951477664665262
PKOBP,2017-06,10,xgboost,7.0,fa1875278a0754b8c441b3411d8196bf1ab1a6b93435a7921cc378d62c4df4f9,0,7,106041,0.004336043726652861,-10.756816759634061,-10.73274958868346,-10.756816759634061
PKOBP,2017-06,10,xgboost,7.0,fa1875278a0754b8c441b3411d8196bf1ab1a6b93435a7921cc378d62c4df4f9,0,8,106045,0.007400727365165949,-10.543496474560342,-10.58236948478649,-10.543496474560342
PKOBP,2017-06,10,xgboost,7.0,fa1875278a0754b8c441b3411d8196bf1ab1a6b93435a7921cc378d62c4df4f9,0,9,106043,0.011904565617442131,-10.188817933088105,-10.259730122534812,-10.188817933088105
PKOBP,2017-06,10,xgboost,7.0,fa1875278a0754b8c441b3411d8196bf1ab1a6b93435a7921cc378d62c4df4f9,0,10,106038,0.025445861741900444,-11.83075443924867,-11.875499847495517,-11.83075443924867
PKOBP,2017-06,10,xgboost,7.0,fa1875278a0754b8c441b3411d8196bf1ab1a6b93435a7921cc378d62c4df4f9,1,1,106048,-0.02734193205833435,-12.963575424118513,-13.03038330430876,-13.03038330430876
PKOBP,2017-06,10,xgboost,7.0,fa1875278a0754b8c441b3411d8196bf1ab1a6b93435a7921cc378d62c4df4f9,1,2,106037,-0.01073673740029335,-11.75472020727114,-11.72478680155038,-11.72478680155038
PKOBP,2017-06,10,xgboost,7.0,fa1875278a0754b8c441b3411d8196bf1ab1a6b93435a7921cc378d62c4df4f9,1,3,106045,-0.006373700685799122,-11.772688688204818,-11.708915413083119,-11.708915413083119
PKOBP,2017-06,10,xgboost,7.0,fa1875278a0754b8c441b3411d8196bf1ab1a6b93435a7921cc378d62c4df4f9,1,4,106041,-0.0033451912458986044,-11.588975560600726,-11.542675880592054,-11.542675880592054
PKOBP,2017-06,10,xgboost,7.0,fa1875278a0754b8c441b3411d8196bf1ab1a6b93435a7921cc378d62c4df4f9,1,5,106040,-0.0007543113897554576,-11.372393038405228,-11.322107506649191,-11.337296556415875
PKOBP,2017-06,10,xgboost,7.0,fa1875278a0754b8c441b3411d8196bf1ab1a6b93435a7921cc378d62c4df4f9,1,6,106042,0.0017395035829395056,-10.941850815555677,-10.87931185092009,-10.941850815555677
PKOBP,2017-06,10,xgboost,7.0,fa1875278a0754b8c441b3411d8196bf1ab1a6b93435a7921cc378d62c4df4f9,1,7,106041,0.004336043726652861,-10.753851143503315,-10.728124388914933,-10.753851143503315
PKOBP,2017-06,10,xgboost,7.0,fa1875278a0754b8c441b3411d8196bf1ab1a6b93435a7921cc378d62c4df4f9,1,8,106045,0.007400727365165949,-10.560910560043856,-10.599221324891424,-10.560910560043856
PKOBP,2017-06,10,xgboost,7.0,fa1875278a0754b8c441b3411d8196bf1ab1a6b93435a7921cc378d62c4df4f9,1,9,106043,0.011904565617442131,-10.220703987158657,-10.28934566502262,-10.220703987158657
PKOBP,2017-06,10,xgboost,7.0,fa1875278a0754b8c441b3411d8196bf1ab1a6b93435a7921cc378d62c4df4f9,1,10,106038,0.025445861741900444,-11.870691836819034,-11.924133345590999,-11.870691836819034
PKOBP,2017-06,10,xgboost,7.0,fa1875278a0754b8c441b3411d8196bf1ab1a6b93435a7921cc378d62c4df4f9,5,1,106048,-0.02734193205833435,-12.989117686981245,-13.003966994134537,-13.003966994134537
PKOBP,2017-06,10,xgboost,7.0,fa1875278a0754b8c441b3411d8196bf1ab1a6b93435a7921cc378d62c4df4f9,5,2,106037,-0.01073673740029335,-11.751243314147864,-11.71912139342639,-11.71912139342639
PKOBP,2017-06,10,xgboost,7.0,fa1875278a0754b8c441b3411d8196bf1ab1a6b93435a7921cc378d62c4df4f9,5,3,106045,-0.006373700685799122,-11.693159130168933,-11.65929637547837,-11.65929637547837
PKOBP,2017-06,10,xgboost,7.0,fa1875278a0754b8c441b3411d8196bf1ab1a6b93435a7921cc378d62c4df4f9,5,4,106041,-0.0033451912458986044,-11.526861698694974,-11.487616652225597,-11.487616652225597
PKOBP,2017-06,10,xgboost,7.0,fa1875278a0754b8c441b3411d8196bf1ab1a6b93435a7921cc378d62c4df4f9,5,5,106040,-0.0007543113897554576,-11.31983541454217,-11.273730245799664,-11.283429837799252
PKOBP,2017-06,10,xgboost,7.0,fa1875278a0754b8c441b3411d8196bf1ab1a6b93435a7921cc378d62c4df4f9,5,6,106042,0.0017395035829395056,-10.907845991838256,-10.864196259994403,-10.907845991838256
PKOBP,2017-06,10,xgboost,7.0,fa1875278a0754b8c441b3411d8196bf1ab1a6b93435a7921cc378d62c4df4f9,5,7,106041,0.004336043726652861,-10.753314678679182,-10.730911277096379,-10.753314678679182
PKOBP,2017-06,10,xgboost,7.0,fa1875278a0754b8c441b3411d8196bf1ab1a6b93435a7921cc378d62c4df4f9,5,8,106045,0.007400727365165949,-10.588155314787244,-10.624059357763024,-10.588155314787244
PKOBP,2017-06,10,xgboost,7.0,fa1875278a0754b8c441b3411d8196bf1ab1a6b93435a7921cc378d62c4df4f9,5,9,106043,0.011904565617442131,-10.29665085565208,-10.375889979597652,-10.29665085565208
PKOBP,2017-06,10,xgboost,7.0,fa1875278a0754b8c441b3411d8196bf1ab1a6b93435a7921cc378d62c4df4f9,5,10,106038,0.025445861741900444,-11.972487116103933,-12.007709361290377,-11.972487116103933
PKOBP,2017-06,20,linear,,14852fc95eea0d6b068da81f7ee308258bc079dedd2fa31cb4a5d5cc6a920425,0,1,105281,-0.6987631667432782,-9.502958986221534,-7.6083892484190425,-7.6083892484190425
PKOBP,2017-06,20,linear,,14852fc95eea0d6b068da81f7ee308258bc079dedd2fa31cb4a5d5cc6a920425,0,2,105284,-0.493712002206587,-11.729522162530166,-10.55036540393258,-10.55036540393258
PKOBP,2017-06,20,linear,,14852fc95eea0d6b068da81f7ee308258bc079dedd2fa31cb4a5d5cc6a920425,0,3,105277,-0.3477843701444711,-12.394484500805426,-11.547370834229087,-11.547370834229087
PKOBP,2017-06,20,linear,,14852fc95eea0d6b068da81f7ee308258bc079dedd2fa31cb4a5d5cc6a920425,0,4,105281,-0.21668229537362854,-12.606201400281245,-12.136567669422364,-12.136567669422364
PKOBP,2017-06,20,linear,,14852fc95eea0d6b068da81f7ee308258bc079dedd2fa31cb4a5d5cc6a920425,0,5,105282,-0.08742906452527519,-12.590971370699592,-12.41916225237101,-12.41916225237101
PKOBP,2017-06,20,linear,,14852fc95eea0d6b068da81f7ee308258bc079dedd2fa31cb4a5d5cc6a920425,0,6,105279,0.050735328138528914,-12.07512271902924,-12.265526009629854,-12.090167646337271
PKOBP,2017-06,20,linear,,14852fc95eea0d6b068da81f7ee308258bc079dedd2fa31cb4a5d5cc6a920425,0,7,105284,0.18991358126115904,-12.1294716317427,-12.533037002142729,-12.1294716317427
PKOBP,2017-06,20,linear,,14852fc95eea0d6b068da81f7ee308258bc079dedd2fa31cb4a5d5cc6a920425,0,8,105277,0.3333049609114868,-11.884300055920377,-12.64689942812858,-11.884300055920377
PKOBP,2017-06,20,linear,,14852fc95eea0d6b068da81f7ee308258bc079dedd2fa31cb4a5d5cc6a920425,0,9,105285,0.48780364760797595,-11.129548329052238,-12.25235745712381,-11.129548329052238
PKOBP,2017-06,20,linear,,14852fc95eea0d6b068da81f7ee308258bc079dedd2fa31cb4a5d5cc6a920425,0,10,105276,0.7065720293513152,-7.963940073722396,-9.92384601260196,-7.963940073722396
PKOBP,2017-06,20,linear,,14852fc95eea0d6b068da81f7ee308258bc079dedd2fa31cb4a5d5cc6a920425,1,1,105281,-0.6987631667432782,-9.513200253364456,-7.870715244814447,-7.870715244814447
PKOBP,2017-06,20,linear,,14852fc95eea0d6b068da81f7ee308258bc079dedd2fa31cb4a5d5cc6a920425,1,2,105284,-0.493712002206587,-11.690859194781849,-10.58193505244107,-10.58193505244107
PKOBP,2017-06,20,linear,,14852fc95eea0d6b068da81f7ee308258bc079dedd2fa31cb4a5d5cc6a920425,1,3,105277,-0.3477843701444711,-12.334554606578312,-11.54355855659452,-11.54355855659452
PKOBP,2017-06,20,linear,,14852fc95eea0d6b068da81f7ee308258bc079dedd2fa31cb4a5d5cc6a920425,1,4,105281,-0.21668229537362854,-12.544511611439392,-12.097910095957742,-12.097910095957742
PKOBP,2017-06,20,linear,,14852fc95eea0d6b068da81f7ee308258bc079dedd2fa31cb4a5d5cc6a920425,1,5,105282,-0.08742906452527519,-12.521451870490791,-12.362287809728134,-12.362287809728134
PKOBP,2017-06,20,linear,,14852fc95eea0d6b068da81f7ee308258bc079dedd2fa31cb4a5d5cc6a920425,1,6,105279,0.050735328138528914,-12.034231116919193,-12.215992363597044,-12.047038317522334
PKOBP,2017-06,20,linear,,14852fc95eea0d6b068da81f7ee308258bc079dedd2fa31cb4a5d5cc6a920425,1,7,105284,0.18991358126115904,-12.103122076068969,-12.472297541949636,-12.103122076068969
PKOBP,2017-06,20,linear,,14852fc95eea0d6b068da81f7ee308258bc079dedd2fa31cb4a5d5cc6a920425,1,8,105277,0.3333049609114868,-11.87736040446872,-12.597884361791456,-11.87736040446872
PKOBP,2017-06,20,linear,,14852fc95eea0d6b068da81f7ee308258bc079dedd2fa31cb4a5d5cc6a920425,1,9,105285,0.48780364760797595,-11.170888321180328,-12.205489001267829,-11.170888321180328
PKOBP,2017-06,20,linear,,14852fc95eea0d6b068da81f7ee308258bc079dedd2fa31cb4a5d5cc6a920425,1,10,105276,0.7065720293513152,-8.216971949969073,-9.935328062766041,-8.216971949969073
PKOBP,2017-06,20,linear,,14852fc95eea0d6b068da81f7ee308258bc079dedd2fa31cb4a5d5cc6a920425,5,1,105281,-0.6987631667432782,-9.493458732890575,-8.33139862075968,-8.33139862075968
PKOBP,2017-06,20,linear,,14852fc95eea0d6b068da81f7ee308258bc079dedd2fa31cb4a5d5cc6a920425,5,2,105284,-0.493712002206587,-11.587196740744782,-10.730042637683374,-10.730042637683374
PKOBP,2017-06,20,linear,,14852fc95eea0d6b068da81f7ee308258bc079dedd2fa31cb4a5d5cc6a920425,5,3,105277,-0.3477843701444711,-12.214891210418354,-11.590098385491467,-11.590098385491467
PKOBP,2017-06,20,linear,,14852fc95eea0d6b068da81f7ee308258bc079dedd2fa31cb4a5d5cc6a920425,5,4,105281,-0.21668229537362854,-12.406953041020737,-12.076397960615704,-12.076397960615704
PKOBP,2017-06,20,linear,,14852fc95eea0d6b068da81f7ee308258bc079dedd2fa31cb4a5d5cc6a920425,5,5,105282,-0.08742906452527519,-12.4185036311027,-12.292049375499289,-12.292049375499289
PKOBP,2017-06,20,linear,,14852fc95eea0d6b068da81f7ee308258bc079dedd2fa31cb4a5d5cc6a920425,5,6,105279,0.050735328138528914,-11.99036602646098,-12.107581002182082,-11.988576204316987
PKOBP,2017-06,20,linear,,14852fc95eea0d6b068da81f7ee308258bc079dedd2fa31cb4a5d5cc6a920425,5,7,105284,0.18991358126115904,-12.065546974098348,-12.349317982871575,-12.065546974098348
PKOBP,2017-06,20,linear,,14852fc95eea0d6b068da81f7ee308258bc079dedd2fa31cb4a5d5cc6a920425,5,8,105277,0.3333049609114868,-11.91731258134301,-12.480472228189713,-11.91731258134301
PKOBP,2017-06,20,linear,,14852fc95eea0d6b068da81f7ee308258bc079dedd2fa31cb4a5d5cc6a920425,5,9,105285,0.48780364760797595,-11.277289743990863,-12.06821883667809,-11.277289743990863
PKOBP,2017-06,20,linear,,14852fc95eea0d6b068da81f7ee308258bc079dedd2fa31cb4a5d5cc6a920425,5,10,105276,0.7065720293513152,-8.633695074214225,-9.856164597622579,-8.633695074214225
PKOBP,2017-06,20,xgboost,,be21d8340d12563c86c0ee94500f051adfb4855812ee0c64435be76306665e39,0,1,105285,-0.8647177219390869,-10.201058863111182,-8.256404076099063,-8.256404076099063
PKOBP,2017-06,20,xgboost,,be21d8340d12563c86c0ee94500f051adfb4855812ee0c64435be76306665e39,0,2,105280,-0.4862234890460968,-11.441227148840703,-10.282264479810843,-10.282264479810843
PKOBP,2017-06,20,xgboost,,be21d8340d12563c86c0ee94500f051adfb4855812ee0c64435be76306665e39,0,3,105307,-0.32921358942985535,-12.314751397783972,-11.51532100106041,-11.51532100106041
PKOBP,2017-06,20,xgboost,,be21d8340d12563c86c0ee94500f051adfb4855812ee0c64435be76306665e39,0,4,105252,-0.19939221441745758,-12.497956416475464,-11.982388047625237,-11.982388047625237
PKOBP,2017-06,20,xgboost,,be21d8340d12563c86c0ee94500f051adfb4855812ee0c64435be76306665e39,0,5,105311,-0.07108432799577713,-12.248168909870337,-12.078819477235976,-12.078819477235976
PKOBP,2017-06,20,xgboost,,be21d8340d12563c86c0ee94500f051adfb4855812ee0c64435be76306665e39,0,6,105250,0.046679746359586716,-11.77661738365974,-11.915410357088627,-11.777362921590893
PKOBP,2017-06,20,xgboost,,be21d8340d12563c86c0ee94500f051adfb4855812ee0c64435be76306665e39,0,7,105285,0.1717197149991989,-11.554186313737937,-11.986036158974951,-11.554186313737937
PKOBP,2017-06,20,xgboost,,be21d8340d12563c86c0ee94500f051adfb4855812ee0c64435be76306665e39,0,8,105295,0.31177517771720886,-11.418955530646063,-12.183852687344965,-11.418955530646063
PKOBP,2017-06,20,xgboost,,be21d8340d12563c86c0ee94500f051adfb4855812ee0c64435be76306665e39,0,9,105264,0.4887142479419708,-11.288626168013797,-12.486615049506055,-11.288626168013797
PKOBP,2017-06,20,xgboost,,be21d8340d12563c86c0ee94500f051adfb4855812ee0c64435be76306665e39,0,10,105277,0.8420416116714478,-9.26498268913094,-11.196701140316396,-9.26498268913094
PKOBP,2017-06,20,xgboost,,be21d8340d12563c86c0ee94500f051adfb4855812ee0c64435be76306665e39,1,1,105285,-0.8647177219390869,-10.173290699199518,-8.471257384181252,-8.471257384181252
PKOBP,2017-06,20,xgboost,,be21d8340d12563c86c0ee94500f051adfb4855812ee0c64435be76306665e39,1,2,105280,-0.4862234890460968,-11.41378856339995,-10.306471353824058,-10.306471353824058
PKOBP,2017-06,20,xgboost,,be21d8340d12563c86c0ee94500f051adfb4855812ee0c64435be76306665e39,1,3,105307,-0.32921358942985535,-12.257708517507265,-11.503170848900425,-11.503170848900425
PKOBP,2017-06,20,xgboost,,be21d8340d12563c86c0ee94500f051adfb4855812ee0c64435be76306665e39,1,4,105252,-0.19939221441745758,-12.448700971164476,-11.970401414667966,-11.970401414667966
PKOBP,2017-06,20,xgboost,,be21d8340d12563c86c0ee94500f051adfb4855812ee0c64435be76306665e39,1,5,105311,-0.07108432799577713,-12.210732200026499,-12.052606272584384,-12.052606272584384
PKOBP,2017-06,20,xgboost,,be21d8340d12563c86c0ee94500f051adfb4855812ee0c64435be76306665e39,1,6,105250,0.046679746359586716,-11.748439741206647,-11.884289431416365,-11.754568185119078
PKOBP,2017-06,20,xgboost,,be21d8340d12563c86c0ee94500f051adfb4855812ee0c64435be76306665e39,1,7,105285,0.1717197149991989,-11.557798210914498,-11.947311947456923,-11.557798210914498
PKOBP,2017-06,20,xgboost,,be21d8340d12563c86c0ee94500f051adfb4855812ee0c64435be76306665e39,1,8,105295,0.31177517771720886,-11.439036378590911,-12.144064431279027,-11.439036378590911
PKOBP,2017-06,20,xgboost,,be21d8340d12563c86c0ee94500f051adfb4855812ee0c64435be76306665e39,1,9,105264,0.4887142479419708,-11.309387169054729,-12.437919982027557,-11.309387169054729
PKOBP,2017-06,20,xgboost,,be21d8340d12563c86c0ee94500f051adfb4855812ee0c64435be76306665e39,1,10,105277,0.8420416116714478,-9.448280097380174,-11.16618324374239,-9.448280097380174
PKOBP,2017-06,20,xgboost,,be21d8340d12563c86c0ee94500f051adfb4855812ee0c64435be76306665e39,5,1,105285,-0.8647177219390869,-10.110581577749436,-8.948991891866848,-8.948991891866848
PKOBP,2017-06,20,xgboost,,be21d8340d12563c86c0ee94500f051adfb4855812ee0c64435be76306665e39,5,2,105280,-0.4862234890460968,-11.33208830374658,-10.454406665794128,-10.454406665794128
PKOBP,2017-06,20,xgboost,,be21d8340d12563c86c0ee94500f051adfb4855812ee0c64435be76306665e39,5,3,105307,-0.32921358942985535,-12.144145262214758,-11.529990830649988,-11.529990830649988
PKOBP,2017-06,20,xgboost,,be21d8340d12563c86c0ee94500f051adfb4855812ee0c64435be76306665e39,5,4,105252,-0.19939221441745758,-12.333034010986514,-11.951427032080908,-11.951427032080908
PKOBP,2017-06,20,xgboost,,be21d8340d12563c86c0ee94500f051adfb4855812ee0c64435be76306665e39,5,5,105311,-0.07108432799577713,-12.125426203016653,-11.985212872324519,-11.985212872324519
PKOBP,2017-06,20,xgboost,,be21d8340d12563c86c0ee94500f051adfb4855812ee0c64435be76306665e39,5,6,105250,0.046679746359586716,-11.703325419070762,-11.79788449778501,-11.706347941526422
PKOBP,2017-06,20,xgboost,,be21d8340d12563c86c0ee94500f051adfb4855812ee0c64435be76306665e39,5,7,105285,0.1717197149991989,-11.530230616869478,-11.840134437215497,-11.530230616869478
PKOBP,2017-06,20,xgboost,,be21d8340d12563c86c0ee94500f051adfb4855812ee0c64435be76306665e39,5,8,105295,0.31177517771720886,-11.479706552045599,-12.050641068424794,-11.479706552045599
PKOBP,2017-06,20,xgboost,,be21d8340d12563c86c0ee94500f051adfb4855812ee0c64435be76306665e39,5,9,105264,0.4887142479419708,-11.41683656486476,-12.287926610568507,-11.41683656486476
PKOBP,2017-06,20,xgboost,,be21d8340d12563c86c0ee94500f051adfb4855812ee0c64435be76306665e39,5,10,105277,0.8420416116714478,-9.829869802336818,-11.035359756583329,-9.829869802336818
PKOBP,2017-06,20,xgboost,7.0,fafb81d034a582bf115133e0b672d902bd7e790badb13acf8c54396cf1e44466,0,1,105284,-0.03822558373212814,-13.77142834601882,-13.432933349791579,-13.432933349791579
PKOBP,2017-06,20,xgboost,7.0,fafb81d034a582bf115133e0b672d902bd7e790badb13acf8c54396cf1e44466,0,2,105279,-0.015607462264597416,-11.152184121516816,-10.88780512738622,-10.88780512738622
PKOBP,2017-06,20,xgboost,7.0,fafb81d034a582bf115133e0b672d902bd7e790badb13acf8c54396cf1e44466,0,3,105280,-0.009088151156902313,-11.08369119471025,-10.921825267801502,-10.921825267801502
PKOBP,2017-06,20,xgboost,7.0,fafb81d034a582bf115133e0b672d902bd7e790badb13acf8c54396cf1e44466,0,4,105280,-0.004319821484386921,-11.103276767832911,-11.096781978672803,-11.096781978672803
PKOBP,2017-06,20,xgboost,7.0,fafb81d034a582bf115133e0b672d902bd7e790badb13acf8c54396cf1e44466,0,5,105280,-0.00029670429648831487,-11.023576327312844,-11.027338903689978,-11.0216541751312
PKOBP,2017-06,20,xgboost,7.0,fafb81d034a582bf115133e0b672d902bd7e790badb13acf8c54396cf1e44466,0,6,105282,0.003452763194218278,-11.089268352506005,-11.117460479754417,-11.089268352506005
PKOBP,2017-06,20,xgboost,7.0,fafb81d034a582bf115133e0b672d902bd7e790badb13acf8c54396cf1e44466,0,7,105279,0.007318783085793257,-11.0121538847446,-11.09597423482463,-11.0121538847446
PKOBP,2017-06,20,xgboost,7.0,fafb81d034a582bf115133e0b672d902bd7e790badb13acf8c54396cf1e44466,0,8,105281,0.01166713610291481,-10.874490252349093,-10.980224907003418,-10.874490252349093
PKOBP,2017-06,20,xgboost,7.0,fafb81d034a582bf115133e0b672d902bd7e790badb13acf8c54396cf1e44466,0,9,105281,0.01764218881726265,-10.95182153972957,-11.087505740032702,-10.95182153972957
PKOBP,2017-06,20,xgboost,7.0,fafb81d034a582bf115133e0b672d902bd7e790badb13acf8c54396cf1e44466,0,10,105280,0.034739021211862564,-11.944674909083691,-12.23564838405746,-11.944674909083691
PKOBP,2017-06,20,xgboost,7.0,fafb81d034a582bf115133e0b672d902bd7e790badb13acf8c54396cf1e44466,1,1,105284,-0.03822558373212814,-13.769867194677195,-13.435829592914304,-13.435829592914304
PKOBP,2017-06,20,xgboost,7.0,fafb81d034a582bf115133e0b672d902bd7e790badb13acf8c54396cf1e44466,1,2,105279,-0.015607462264597416,-11.14993406400598,-10.892912370005293,-10.892912370005293
PKOBP,2017-06,20,xgboost,7.0,fafb81d034a582bf115133e0b672d902bd7e790badb13acf8c54396cf1e44466,1,3,105280,-0.009088151156902313,-11.066915345642288,-10.925760355511322,-10.925760355511322
PKOBP,2017-06,20,xgboost,7.0,fafb81d034a582bf115133e0b672d902bd7e790badb13acf8c54396cf1e44466,1,4,105280,-0.004319821484386921,-11.091053271465215,-11.091598972589853,-11.091598972589853
PKOBP,2017-06,20,xgboost,7.0,fafb81d034a582bf115133e0b672d902bd7e790badb13acf8c54396cf1e44466,1,5,105280,-0.00029670429648831487,-11.01819739913422,-11.022678958572122,-11.016103087722824
PKOBP,2017-06,20,xgboost,7.0,fafb81d034a582bf115133e0b672d902bd7e790badb13acf8c54396cf1e44466,1,6,105282,0.003452763194218278,-11.07977423159362,-11.105236717860882,-11.07977423159362
PKOBP,2017-06,20,xgboost,7.0,fafb81d034a582bf115133e0b672d902bd7e790badb13acf8c54396cf1e44466,1,7,105279,0.007318783085793257,-11.0010388562081,-11.090252096140597,-11.0010388562081
PKOBP,2017-06,20,xgboost,7.0,fafb81d034a582bf115133e0b672d902bd7e790badb13acf8c54396cf1e44466,1,8,105281,0.01166713610291481,-10.88616809199845,-10.981864968249551,-10.88616809199845
PKOBP,2017-06,20,xgboost,7.0,fafb81d034a582bf115133e0b672d902bd7e790badb13acf8c54396cf1e44466,1,9,105281,0.01764218881726265,-10.96615653680168,-11.101409850037705,-10.96615653680168
PKOBP,2017-06,20,xgboost,7.0,fafb81d034a582bf115133e0b672d902bd7e790badb13acf8c54396cf1e44466,1,10,105280,0.034739021211862564,-11.97808110930229,-12.235830482210321,-11.97808110930229
PKOBP,2017-06,20,xgboost,7.0,fafb81d034a582bf115133e0b672d902bd7e790badb13acf8c54396cf1e44466,5,1,105284,-0.03822558373212814,-13.742559369315584,-13.445459879470082,-13.445459879470082
PKOBP,2017-06,20,xgboost,7.0,fafb81d034a582bf115133e0b672d902bd7e790badb13acf8c54396cf1e44466,5,2,105279,-0.015607462264597416,-11.155852629258431,-10.934353566383647,-10.934353566383647
PKOBP,2017-06,20,xgboost,7.0,fafb81d034a582bf115133e0b672d902bd7e790badb13acf8c54396cf1e44466,5,3,105280,-0.009088151156902313,-11.05403190376624,-10.92449171685376,-10.92449171685376
PKOBP,2017-06,20,xgboost,7.0,fafb81d034a582bf115133e0b672d902bd7e790badb13acf8c54396cf1e44466,5,4,105280,-0.004319821484386921,-11.0824340592727,-11.066582771265141,-11.066582771265141
PKOBP,2017-06,20,xgboost,7.0,fafb81d034a582bf115133e0b672d902bd7e790badb13acf8c54396cf1e44466,5,5,105280,-0.00029670429648831487,-11.002577369955583,-10.996201532916675,-10.979394657998883
PKOBP,2017-06,20,xgboost,7.0,fafb81d034a582bf115133e0b672d902bd7e790badb13acf8c54396cf1e44466,5,6,105282,0.003452763194218278,-11.057728682988241,-11.073843145817312,-11.057728682988241
PKOBP,2017-06,20,xgboost,7.0,fafb81d034a582bf115133e0b672d902bd7e790badb13acf8c54396cf1e44466,5,7,105279,0.007318783085793257,-10.992806800360073,-11.079199780107198,-10.992806800360073
PKOBP,2017-06,20,xgboost,7.0,fafb81d034a582bf115133e0b672d902bd7e790badb13acf8c54396cf1e44466,5,8,105281,0.01166713610291481,-10.890168197498415,-10.987276415292385,-10.890168197498415
PKOBP,2017-06,20,xgboost,7.0,fafb81d034a582bf115133e0b672d902bd7e790badb13acf8c54396cf1e44466,5,9,105281,0.01764218881726265,-11.004396109068908,-11.14581459040025,-11.004396109068908
PKOBP,2017-06,20,xgboost,7.0,fafb81d034a582bf115133e0b672d902bd7e790badb13acf8c54396cf1e44466,5,10,105280,0.034739021211862564,-12.022677455898396,-12.228497877807618,-12.022677455898396
PKOBP,2017-06,50,linear,,2adb8ddaf3dcdaadf3dd84c8cbc6e8d5bcbda810a54660b64f309dcef20f428e,0,1,103149,-1.1704675787810324,-11.05585519261455,-8.357824269262004,-8.357824269262004
PKOBP,2017-06,50,linear,,2adb8ddaf3dcdaadf3dd84c8cbc6e8d5bcbda810a54660b64f309dcef20f428e,0,2,103150,-0.8535055263691638,-12.46854104722311,-10.533138787439203,-10.533138787439203
PKOBP,2017-06,50,linear,,2adb8ddaf3dcdaadf3dd84c8cbc6e8d5bcbda810a54660b64f309dcef20f428e,0,3,103146,-0.6070412362682923,-12.55458178478786,-11.288656337228371,-11.288656337228371
PKOBP,2017-06,50,linear,,2adb8ddaf3dcdaadf3dd84c8cbc6e8d5bcbda810a54660b64f309dcef20f428e,0,4,103153,-0.378682363063438,-12.321600862744203,-11.638205749520427,-11.638205749520427
PKOBP,2017-06,50,linear,,2adb8ddaf3dcdaadf3dd84c8cbc6e8d5bcbda810a54660b64f309dcef20f428e,0,5,103152,-0.14999912648914093,-11.973442822485396,-11.694914532365154,-11.694914532365154
PKOBP,2017-06,50,linear,,2adb8ddaf3dcdaadf3dd84c8cbc6e8d5bcbda810a54660b64f309dcef20f428e,0,6,103140,0.09317848080458993,-11.574401291544872,-11.790087967754223,-11.589537411270586
PKOBP,2017-06,50,linear,,2adb8ddaf3dcdaadf3dd84c8cbc6e8d5bcbda810a54660b64f309dcef20f428e,0,7,103152,0.33824983755007754,-11.534884167429398,-12.189912419089278,-11.534884167429398
PKOBP,2017-06,50,linear,,2adb8ddaf3dcdaadf3dd84c8cbc6e8d5bcbda810a54660b64f309dcef20f428e,0,8,103146,0.5902033317036199,-11.512863391447189,-12.66977035311313,-11.512863391447189
PKOBP,2017-06,50,linear,,2adb8ddaf3dcdaadf3dd84c8cbc6e8d5bcbda810a54660b64f309dcef20f428e,0,9,103148,0.8552513904714845,-11.004307354656728,-12.648419700336579,-11.004307354656728
PKOBP,2017-06,50,linear,,2adb8ddaf3dcdaadf3dd84c8cbc6e8d5bcbda810a54660b64f309dcef20f428e,0,10,103148,1.1975312980887989,-8.561790946923114,-11.356070128645282,-8.561790946923114
PKOBP,2017-06,50,linear,,2adb8ddaf3dcdaadf3dd84c8cbc6e8d5bcbda810a54660b64f309dcef20f428e,1,1,103149,-1.1704675787810324,-11.036460620652432,-8.594833139488047,-8.594833139488047
PKOBP,2017-06,50,linear,,2adb8ddaf3dcdaadf3dd84c8cbc6e8d5bcbda810a54660b64f309dcef20f428e,1,2,103150,-0.8535055263691638,-12.409704301927267,-10.573604005295872,-10.573604005295872
PKOBP,2017-06,50,linear,,2adb8ddaf3dcdaadf3dd84c8cbc6e8d5bcbda810a54660b64f309dcef20f428e,1,3,103146,-0.6070412362682923,-12.495630156721088,-11.302785769619042,-11.302785769619042
PKOBP,2017-06,50,linear,,2adb8ddaf3dcdaadf3dd84c8cbc6e8d5bcbda810a54660b64f309dcef20f428e,1,4,103153,-0.378682363063438,-12.261938945178283,-11.615453904342708,-11.615453904342708
PKOBP,2017-06,50,linear,,2adb8ddaf3dcdaadf3dd84c8cbc6e8d5bcbda810a54660b64f309dcef20f428e,1,5,103152,-0.14999912648914093,-11.916407219414195,-11.658446386833953,-11.658446386833953
PKOBP,2017-06,50,linear,,2adb8ddaf3dcdaadf3dd84c8cbc6e8d5bcbda810a54660b64f309dcef20f428e,1,6,103140,0.09317848080458993,-11.544983073877228,-11.742488386178772,-11.555195212362312
PKOBP,2017-06,50,linear,,2adb8ddaf3dcdaadf3dd84c8cbc6e8d5bcbda810a54660b64f309dcef20f428e,1,7,103152,0.33824983755007754,-11.532098532506357,-12.146140140583789,-11.532098532506357
PKOBP,2017-06,50,linear,,2adb8ddaf3dcdaadf3dd84c8cbc6e8d5bcbda810a54660b64f309dcef20f428e,1,8,103146,0.5902033317036199,-11.509283450634273,-12.610293272427436,-11.509283450634273
PKOBP,2017-06,50,linear,,2adb8ddaf3dcdaadf3dd84c8cbc6e8d5bcbda810a54660b64f309dcef20f428e,1,9,103148,0.8552513904714845,-11.055710641805456,-12.592657212253417,-11.055710641805456
PKOBP,2017-06,50,linear,,2adb8ddaf3dcdaadf3dd84c8cbc6e8d5bcbda810a54660b64f309dcef20f428e,1,10,103148,1.1975312980887989,-8.802557672718882,-11.328712758884443,-8.802557672718882
PKOBP,2017-06,50,linear,,2adb8ddaf3dcdaadf3dd84c8cbc6e8d5bcbda810a54660b64f309dcef20f428e,5,1,103149,-1.1704675787810324,-10.920224134946015,-9.02348189101871,-9.02348189101871
PKOBP,2017-06,50,linear,,2adb8ddaf3dcdaadf3dd84c8cbc6e8d5bcbda810a54660b64f309dcef20f428e,5,2,103150,-0.8535055263691638,-12.267812437980245,-10.762211431684593,-10.762211431684593
PKOBP,2017-06,50,linear,,2adb8ddaf3dcdaadf3dd84c8cbc6e8d5bcbda810a54660b64f309dcef20f428e,5,3,103146,-0.6070412362682923,-12.352217627835232,-11.382779462818617,-11.382779462818617
PKOBP,2017-06,50,linear,,2adb8ddaf3dcdaadf3dd84c8cbc6e8d5bcbda810a54660b64f309dcef20f428e,5,4,103153,-0.378682363063438,-12.158723234181425,-11.64060723079668,-11.64060723079668
PKOBP,2017-06,50,linear,,2adb8ddaf3dcdaadf3dd84c8cbc6e8d5bcbda810a54660b64f309dcef20f428e,5,5,103152,-0.14999912648914093,-11.824363156850543,-11.618468203189627,-11.618468203189627
PKOBP,2017-06,50,linear,,2adb8ddaf3dcdaadf3dd84c8cbc6e8d5bcbda810a54660b64f309dcef20f428e,5,6,103140,0.09317848080458993,-11.530390630699443,-11.655932411074733,-11.52128144581564
PKOBP,2017-06,50,linear,,2adb8ddaf3dcdaadf3dd84c8cbc6e8d5bcbda810a54660b64f309dcef20f428e,5,7,103152,0.33824983755007754,-11.541959900412053,-12.048260204148063,-11.541959900412053
PKOBP,2017-06,50,linear,,2adb8ddaf3dcdaadf3dd84c8cbc6e8d5bcbda810a54660b64f309dcef20f428e,5,8,103146,0.5902033317036199,-11.575428363582358,-12.468530950247795,-11.575428363582358
PKOBP,2017-06,50,linear,,2adb8ddaf3dcdaadf3dd84c8cbc6e8d5bcbda810a54660b64f309dcef20f428e,5,9,103148,0.8552513904714845,-11.192611493178605,-12.424220234844055,-11.192611493178605
PKOBP,2017-06,50,linear,,2adb8ddaf3dcdaadf3dd84c8cbc6e8d5bcbda810a54660b64f309dcef20f428e,5,10,103148,1.1975312980887989,-9.208414846492248,-11.130537340634588,-9.208414846492248
PKOBP,2017-06,50,xgboost,,b81d88796318cb57570f92379a1b76a6cb00db78cf082cb032060333112386cd,0,1,103149,-1.3624093532562256,-11.360693950337064,-8.585539154827055,-8.585539154827055
PKOBP,2017-06,50,xgboost,,b81d88796318cb57570f92379a1b76a6cb00db78cf082cb032060333112386cd,0,2,103163,-0.8324127197265625,-11.87949481703139,-10.05430039240371,-10.05430039240371
PKOBP,2017-06,50,xgboost,,b81d88796318cb57570f92379a1b76a6cb00db78cf082cb032060333112386cd,0,3,103144,-0.5626314282417297,-12.277929911112617,-11.048739663087614,-11.048739663087614
PKOBP,2017-06,50,xgboost,,b81d88796318cb57570f92379a1b76a6cb00db78cf082cb032060333112386cd,0,4,103138,-0.3419877290725708,-12.60900880660006,-11.921116665237264,-11.921116665237264
PKOBP,2017-06,50,xgboost,,b81d88796318cb57570f92379a1b76a6cb00db78cf082cb032060333112386cd,0,5,103148,-0.13063763082027435,-12.213872074115915,-11.897621726927206,-11.897621726927206
PKOBP,2017-06,50,xgboost,,b81d88796318cb57570f92379a1b76a6cb00db78cf082cb032060333112386cd,0,6,103156,0.07572249323129654,-11.625494912185127,-11.766432279636998,-11.59835857555664
PKOBP,2017-06,50,xgboost,,b81d88796318cb57570f92379a1b76a6cb00db78cf082cb032060333112386cd,0,7,103143,0.30098000168800354,-11.25308082865656,-11.926988964556243,-11.25308082865656
PKOBP,2017-06,50,xgboost,,b81d88796318cb57570f92379a1b76a6cb00db78cf082cb032060333112386cd,0,8,103160,0.5506298542022705,-11.196791708754539,-12.329343452754532,-11.196791708754539
PKOBP,2017-06,50,xgboost,,b81d88796318cb57570f92379a1b76a6cb00db78cf082cb032060333112386cd,0,9,103139,0.8670365214347839,-10.620375093006857,-12.276550552804803,-10.620375093006857
PKOBP,2017-06,50,xgboost,,b81d88796318cb57570f92379a1b76a6cb00db78cf082cb032060333112386cd,0,10,103144,1.390077829360962,-9.525518405402586,-12.360584610691234,-9.525518405402586
PKOBP,2017-06,50,xgboost,,b81d88796318cb57570f92379a1b76a6cb00db78cf082cb032060333112386cd,1,1,103149,-1.3624093532562256,-11.319341425684522,-8.778854854279146,-8.778854854279146
PKOBP,2017-06,50,xgboost,,b81d88796318cb57570f92379a1b76a6cb00db78cf082cb032060333112386cd,1,2,103163,-0.8324127197265625,-11.844189468864677,-10.101305757699558,-10.101305757699558
PKOBP,2017-06,50,xgboost,,b81d88796318cb57570f92379a1b76a6cb00db78cf082cb032060333112386cd,1,3,103144,-0.5626314282417297,-12.22695753380423,-11.050365744787287,-11.050365744787287
PKOBP,2017-06,50,xgboost,,b81d88796318cb57570f92379a1b76a6cb00db78cf082cb032060333112386cd,1,4,103138,-0.3419877290725708,-12.559084492935737,-11.913886407438964,-11.913886407438964
PKOBP,2017-06,50,xgboost,,b81d88796318cb57570f92379a1b76a6cb00db78cf082cb032060333112386cd,1,5,103148,-0.13063763082027435,-12.17898175209737,-11.880041107793804,-11.880041107793804
PKOBP,2017-06,50,xgboost,,b81d88796318cb57570f92379a1b76a6cb00db78cf082cb032060333112386cd,1,6,103156,0.07572249323129654,-11.606768255209563,-11.735798610525412,-11.580095546935294
PKOBP,2017-06,50,xgboost,,b81d88796318cb57570f92379a1b76a6cb00db78cf082cb032060333112386cd,1,7,103143,0.30098000168800354,-11.267258465300866,-11.894907181264724,-11.267258465300866
PKOBP,2017-06,50,xgboost,,b81d88796318cb57570f92379a1b76a6cb00db78cf082cb032060333112386cd,1,8,103160,0.5506298542022705,-11.203689725377407,-12.276800062895576,-11.203689725377407
PKOBP,2017-06,50,xgboost,,b81d88796318cb57570f92379a1b76a6cb00db78cf082cb032060333112386cd,1,9,103139,0.8670365214347839,-10.65452637118553,-12.222706733823445,-10.65452637118553
PKOBP,2017-06,50,xgboost,,b81d88796318cb57570f92379a1b76a6cb00db78cf082cb032060333112386cd,1,10,103144,1.390077829360962,-9.703975679444842,-12.310960135836764,-9.703975679444842
PKOBP,2017-06,50,xgboost,,b81d88796318cb57570f92379a1b76a6cb00db78cf082cb032060333112386cd,5,1,103149,-1.3624093532562256,-11.168324016631558,-9.207789548173038,-9.207789548173038
PKOBP,2017-06,50,xgboost,,b81d88796318cb57570f92379a1b76a6cb00db78cf082cb032060333112386cd,5,2,103163,-0.8324127197265625,-11.729205955763138,-10.284439084093878,-10.284439084093878
PKOBP,2017-06,50,xgboost,,b81d88796318cb57570f92379a1b76a6cb00db78cf082cb032060333112386cd,5,3,103144,-0.5626314282417297,-12.099896670899897,-11.116246637819001,-11.116246637819001
PKOBP,2017-06,50,xgboost,,b81d88796318cb57570f92379a1b76a6cb00db78cf082cb032060333112386cd,5,4,103138,-0.3419877290725708,-12.433320400714411,-11.930848932955533,-11.930848932955533
PKOBP,2017-06,50,xgboost,,b81d88796318cb57570f92379a1b76a6cb00db78cf082cb032060333112386cd,5,5,103148,-0.13063763082027435,-12.124279466537985,-11.847947779355977,-11.847947779355977
PKOBP,2017-06,50,xgboost,,b81d88796318cb57570f92379a1b76a6cb00db78cf082cb032060333112386cd,5,6,103156,0.07572249323129654,-11.595722926235705,-11.666343671549324,-11.563901145615306
PKOBP,2017-06,50,xgboost,,b81d88796318cb57570f92379a1b76a6cb00db78cf082cb032060333112386cd,5,7,103143,0.30098000168800354,-11.285309909034282,-11.816889793924274,-11.285309909034282
PKOBP,2017-06,50,xgboost,,b81d88796318cb57570f92379a1b76a6cb00db78cf082cb032060333112386cd,5,8,103160,0.5506298542022705,-11.261535239360837,-12.143506290366258,-11.261535239360837
PKOBP,2017-06,50,xgboost,,b81d88796318cb57570f92379a1b76a6cb00db78cf082cb032060333112386cd,5,9,103139,0.8670365214347839,-10.816621380524188,-12.064384891913527,-10.816621380524188
PKOBP,2017-06,50,xgboost,,b81d88796318cb57570f92379a1b76a6cb00db78cf082cb032060333112386cd,5,10,103144,1.390077829360962,-10.057942913787905,-12.076823575082454,-10.057942913787905
PKOBP,2017-06,50,xgboost,7.0,6a65f3149be7ad53b36fceb00cc76863a8d46a643018e7d7e5c8dc279b472199,0,1,103150,-0.05323641374707222,-13.834069754202192,-13.374324899312985,-13.374324899312985
PKOBP,2017-06,50,xgboost,7.0,6a65f3149be7ad53b36fceb00cc76863a8d46a643018e7d7e5c8dc279b472199,0,2,103154,-0.02539835497736931,-11.213561138875013,-10.772233878082684,-10.772233878082684
PKOBP,2017-06,50,xgboost,7.0,6a65f3149be7ad53b36fceb00cc76863a8d46a643018e7d7e5c8dc279b472199,0,3,103148,-0.015681812539696693,-11.154456334973018,-10.878331725085237,-10.878331725085237
PKOBP,2017-06,50,xgboost,7.0,6a65f3149be7ad53b36fceb00cc76863a8d46a643018e7d7e5c8dc279b472199,0,4,103142,-0.00771273672580719,-11.418033974218782,-11.181025475638952,-11.181025475638952
PKOBP,2017-06,50,xgboost,7.0,6a65f3149be7ad53b36fceb00cc76863a8d46a643018e7d7e5c8dc279b472199,0,5,103149,-0.00034097989555448294,-11.38557444892103,-11.186805316580134,-11.259661230040631
PKOBP,2017-06,50,xgboost,7.0,6a65f3149be7ad53b36fceb00cc76863a8d46a643018e7d7e5c8dc279b472199,0,6,103147,0.007003233768045902,-11.003676447268907,-10.988964217596372,-11.003676447268907
PKOBP,2017-06,50,xgboost,7.0,6a65f3149be7ad53b36fceb00cc76863a8d46a643018e7d7e5c8dc279b472199,0,7,103163,0.014574718661606312,-11.104124198021946,-11.1818943748301,-11.104124198021946
PKOBP,2017-06,50,xgboost,7.0,6a65f3149be7ad53b36fceb00cc76863a8d46a643018e7d7e5c8dc279b472199,0,8,103134,0.023302976042032242,-11.029967620065479,-11.226994646889866,-11.029967620065479
PKOBP,2017-06,50,xgboost,7.0,6a65f3149be7ad53b36fceb00cc76863a8d46a643018e7d7e5c8dc279b472199,0,9,103161,0.035776130855083466,-10.875431747137961,-11.336333771258003,-10.875431747137961
PKOBP,2017-06,50,xgboost,7.0,6a65f3149be7ad53b36fceb00cc76863a8d46a643018e7d7e5c8dc279b472199,0,10,103136,0.06987680494785309,-11.54346122270042,-12.040120847073606,-11.54346122270042
PKOBP,2017-06,50,xgboost,7.0,6a65f3149be7ad53b36fceb00cc76863a8d46a643018e7d7e5c8dc279b472199,1,1,103150,-0.05323641374707222,-13.800636301743115,-13.339552835726245,-13.339552835726245
PKOBP,2017-06,50,xgboost,7.0,6a65f3149be7ad53b36fceb00cc76863a8d46a643018e7d7e5c8dc279b472199,1,2,103154,-0.02539835497736931,-11.204396948793809,-10.76908398178162,-10.76908398178162
PKOBP,2017-06,50,xgboost,7.0,6a65f3149be7ad53b36fceb00cc76863a8d46a643018e7d7e5c8dc279b472199,1,3,103148,-0.015681812539696693,-11.141419572472724,-10.875022160806498,-10.875022160806498
PKOBP,2017-06,50,xgboost,7.0,6a65f3149be7ad53b36fceb00cc76863a8d46a643018e7d7e5c8dc279b472199,1,4,103142,-0.00771273672580719,-11.403456156864388,-11.172782646739982,-11.172782646739982
PKOBP,2017-06,50,xgboost,7.0,6a65f3149be7ad53b36fceb00cc76863a8d46a643018e7d7e5c8dc279b472199,1,5,103149,-0.00034097989555448294,-11.3740155899477,-11.181066163581836,-11.250246883469156
PKOBP,2017-06,50,xgboost,7.0,6a65f3149be7ad53b36fceb00cc76863a8d46a643018e7d7e5c8dc279b472199,1,6,103147,0.007003233768045902,-10.999391749077715,-10.982843599429668,-10.999391749077715
PKOBP,2017-06,50,xgboost,7.0,6a65f3149be7ad53b36fceb00cc76863a8d46a643018e7d7e5c8dc279b472199,1,7,103163,0.014574718661606312,-11.113132962439106,-11.184255663301311,-11.113132962439106
PKOBP,2017-06,50,xgboost,7.0,6a65f3149be7ad53b36fceb00cc76863a8d46a643018e7d7e5c8dc279b472199,1,8,103134,0.023302976042032242,-11.038905451884915,-11.23982390815461,-11.038905451884915
PKOBP,2017-06,50,xgboost,7.0,6a65f3149be7ad53b36fceb00cc76863a8d46a643018e7d7e5c8dc279b472199,1,9,103161,0.035776130855083466,-10.903714342534684,-11.349256428226152,-10.903714342534684
PKOBP,2017-06,50,xgboost,7.0,6a65f3149be7ad53b36fceb00cc76863a8d46a643018e7d7e5c8dc279b472199,1,10,103136,0.06987680494785309,-11.585792184649666,-12.071763759356985,-11.585792184649666
PKOBP,2017-06,50,xgboost,7.0,6a65f3149be7ad53b36fceb00cc76863a8d46a643018e7d7e5c8dc279b472199,5,1,103150,-0.05323641374707222,-13.71484378468552,-13.301418348599396,-13.301418348599396
PKOBP,2017-06,50,xgboost,7.0,6a65f3149be7ad53b36fceb00cc76863a8d46a643018e7d7e5c8dc279b472199,5,2,103154,-0.02539835497736931,-11.188825977094854,-10.808183283478543,-10.808183283478543
PKOBP,2017-06,50,xgboost,7.0,6a65f3149be7ad53b36fceb00cc76863a8d46a643018e7d7e5c8dc279b472199,5,3,103148,-0.015681812539696693,-11.12280208634343,-10.866267501727911,-10.866267501727911
PKOBP,2017-06,50,xgboost,7.0,6a65f3149be7ad53b36fceb00cc76863a8d46a643018e7d7e5c8dc279b472199,5,4,103142,-0.00771273672580719,-11.37072302448442,-11.16254822867475,-11.16254822867475
PKOBP,2017-06,50,xgboost,7.0,6a65f3149be7ad53b36fceb00cc76863a8d46a643018e7d7e5c8dc279b472199,5,5,103149,-0.00034097989555448294,-11.352836361946697,-11.153109211671365,-11.21593044073311
PKOBP,2017-06,50,xgboost,7.0,6a65f3149be7ad53b36fceb00cc76863a8d46a643018e7d7e5c8dc279b472199,5,6,103147,0.007003233768045902,-10.986796632159281,-10.978301031425454,-10.986796632159281
PKOBP,2017-06,50,xgboost,7.0,6a65f3149be7ad53b36fceb00cc76863a8d46a643018e7d7e5c8dc279b472199,5,7,103163,0.014574718661606312,-11.097998301502244,-11.165779441487674,-11.097998301502244
PKOBP,2017-06,50,xgboost,7.0,6a65f3149be7ad53b36fceb00cc76863a8d46a643018e7d7e5c8dc279b472199,5,8,103134,0.023302976042032242,-11.04808876562682,-11.217872578467485,-11.04808876562682
PKOBP,2017-06,50,xgboost,7.0,6a65f3149be7ad53b36fceb00cc76863a8d46a643018e7d7e5c8dc279b472199,5,9,103161,0.035776130855083466,-10.972827711513778,-11.352351937092582,-10.972827711513778
PKOBP,2017-06,50,xgboost,7.0,6a65f3149be7ad53b36fceb00cc76863a8d46a643018e7d7e5c8dc279b472199,5,10,103136,0.06987680494785309,-11.716491077767108,-12.149251994641217,-11.716491077767108
PKOBP,2017-09,10,linear,,b038832cf7b8187fa5575cba5a32c39c7ddf966f2b092bb1e1c0f3221bb4200d,0,1,76901,-0.49635535303479106,-6.900725130108585,-5.87711337725119,-5.87711337725119
PKOBP,2017-09,10,linear,,b038832cf7b8187fa5575cba5a32c39c7ddf966f2b092bb1e1c0f3221bb4200d,0,2,76901,-0.3584861278303027,-8.800410621707556,-8.183449049800563,-8.183449049800563
PKOBP,2017-09,10,linear,,b038832cf7b8187fa5575cba5a32c39c7ddf966f2b092bb1e1c0f3221bb4200d,0,3,76901,-0.2544660798299719,-9.563074839738197,-9.107426621174033,-9.107426621174033
PKOBP,2017-09,10,linear,,b038832cf7b8187fa5575cba5a32c39c7ddf966f2b092bb1e1c0f3221bb4200d,0,4,76908,-0.16150002423482818,-9.928555112491095,-9.725619234393555,-9.725619234393555
PKOBP,2017-09,10,linear,,b038832cf7b8187fa5575cba5a32c39c7ddf966f2b092bb1e1c0f3221bb4200d,0,5,76892,-0.06661826644769923,-9.94640721387001,-9.823119291635711,-9.823119291635711
PKOBP,2017-09,10,linear,,b038832cf7b8187fa5575cba5a32c39c7ddf966f2b092bb1e1c0f3221bb4200d,0,6,76901,0.02952776952014385,-9.96000602327715,-10.033777879001125,-9.966386316131382
PKOBP,2017-09,10,linear,,b038832cf7b8187fa5575cba5a32c39c7ddf966f2b092bb1e1c0f3221bb4200d,0,7,76901,0.1272037584277758,-10.031210864121386,-10.20699816133183,-10.031210864121386
PKOBP,2017-09,10,linear,,b038832cf7b8187fa5575cba5a32c39c7ddf966f2b092bb1e1c0f3221bb4200d,0,8,76900,0.2263030885271553,-9.879401738286326,-10.255803296059597,-9.879401738286326
PKOBP,2017-09,10,linear,,b038832cf7b8187fa5575cba5a32c39c7ddf966f2b092bb1e1c0f3221bb4200d,0,9,76900,0.33812744256169774,-8.930178294742255,-9.516727414011159,-8.930178294742255
PKOBP,2017-09,10,linear,,b038832cf7b8187fa5575cba5a32c39c7ddf966f2b092bb1e1c0f3221bb4200d,0,10,76901,0.4971463374961,-6.3495044196751,-7.450516461186546,-6.3495044196751
PKOBP,2017-09,10,linear,,b038832cf7b8187fa5575cba5a32c39c7ddf966f2b092bb1e1c0f3221bb4200d,1,1,76901,-0.49635535303479106,-6.935312216095021,-6.050516724263764,-6.050516724263764
PKOBP,2017-09,10,linear,,b038832cf7b8187fa5575cba5a32c39c7ddf966f2b092bb1e1c0f3221bb4200d,1,2,76901,-0.3584861278303027,-8.777467580660506,-8.210516702753583,-8.210516702753583
PKOBP,2017-09,10,linear,,b038832cf7b8187fa5575cba5a32c39c7ddf966f2b092bb1e1c0f3221bb4200d,1,3,76901,-0.2544660798299719,-9.53240594528504,-9.087258267668561,-9.087258267668561
PKOBP,2017-09,10,linear,,b038832cf7b8187fa5575cba5a32c39c7ddf966f2b092bb1e1c0f3221bb4200d,1,4,76908,-0.16150002423482818,-9.891129448203134,-9.694952929978212,-9.694952929978212
PKOBP,2017-09,10,linear,,b038832cf7b8187fa5575cba5a32c39c7ddf966f2b092bb1e1c0f3221bb4200d,1,5,76892,-0.06661826644769923,-9.896639206841899,-9.778239158747947,-9.778239158747947
PKOBP,2017-09,10,linear,,b038832cf7b8187fa5575cba5a32c39c7ddf966f2b092bb1e1c0f3221bb4200d,1,6,76901,0.02952776952014385,-9.923700322992516,-9.996068792467016,-9.928900351056901
PKOBP,2017-09,10,linear,,b038832cf7b8187fa5575cba5a32c39c7ddf966f2b092bb1e1c0f3221bb4200d,1,7,76901,0.1272037584277758,-9.997994421941906,-10.164811782485511,-9.997994421941906
PKOBP,2017-09,10,linear,,b038832cf7b8187fa5575cba5a32c39c7ddf966f2b092bb1e1c0f3221bb4200d,1,8,76900,0.2263030885271553,-9.854899460264862,-10.211343043683675,-9.854899460264862
PKOBP,2017-09,10,linear,,b038832cf7b8187fa5575cba5a32c39c7ddf966f2b092bb1e1c0f3221bb4200d,1,9,76900,0.33812744256169774,-8.945872162111739,-9.492819510172682,-8.945872162111739
PKOBP,2017-09,10,linear,,b038832cf7b8187fa5575cba5a32c39c7ddf966f2b092bb1e1c0f3221bb4200d,1,10,76901,0.4971463374961,-6.530899582313987,-7.488568920090711,-6.530899582313987
PKOBP,2017-09,10,linear,,b038832cf7b8187fa5575cba5a32c39c7ddf966f2b092bb1e1c0f3221bb4200d,5,1,76901,-0.49635535303479106,-7.016256346226101,-6.321136421573671,-6.321136421573671
PKOBP,2017-09,10,linear,,b038832cf7b8187fa5575cba5a32c39c7ddf966f2b092bb1e1c0f3221bb4200d,5,2,76901,-0.3584861278303027,-8.730422720584894,-8.28604230439066,-8.28604230439066
PKOBP,2017-09,10,linear,,b038832cf7b8187fa5575cba5a32c39c7ddf966f2b092bb1e1c0f3221bb4200d,5,3,76901,-0.2544660798299719,-9.448691883427617,-9.084533183109459,-9.084533183109459
PKOBP,2017-09,10,linear,,b038832cf7b8187fa5575cba5a32c39c7ddf966f2b092bb1e1c0f3221bb4200d,5,4,76908,-0.16150002423482818,-9.798883201619995,-9.654091396476383,-9.654091396476383
PKOBP,2017-09,10,linear,,b038832cf7b8187fa5575cba5a32c39c7ddf966f2b092bb1e1c0f3221bb4200d,5,5,76892,-0.06661826644769923,-9.809701535846925,-9.692160735770647,-9.692160735770647
PKOBP,2017-09,10,linear,,b038832cf7b8187fa5575cba5a32c39c7ddf966f2b092bb1e1c0f3221bb4200d,5,6,76901,0.02952776952014385,-9.860537773488469,-9.92318503525901,-9.865822118629353
PKOBP,2017-09,10,linear,,b038832cf7b8187fa5575cba5a32c39c7ddf966f2b092bb1e1c0f3221bb4200d,5,7,76901,0.1272037584277758,-9.948426488507359,-10.083771749761866,-9.948426488507359
PKOBP,2017-09,10,linear,,b038832cf7b8187fa5575cba5a32c39c7ddf966f2b092bb1e1c0f3221bb4200d,5,8,76900,0.2263030885271553,-9.830475241883924,-10.104860692846625,-9.830475241883924
PKOBP,2017-09,10,linear,,b038832cf7b8187fa5575cba5a32c39c7ddf966f2b092bb1e1c0f3221bb4200d,5,9,76900,0.33812744256169774,-9.00334379881943,-9.429456986331548,-9.00334379881943
PKOBP,2017-09,10,linear,,b038832cf7b8187fa5575cba5a32c39c7ddf966f2b092bb1e1c0f3221bb4200d,5,10,76901,0.4971463374961,-6.8278699757283325,-7.571362468433195,-6.8278699757283325
PKOBP,2017-09,10,xgboost,,581b563a1c98ee467489b6900bb85b23a83695053eb6486ab734af6583c9ba29,0,1,76903,-0.6600606441497803,-6.952177028979514,-5.752369450410604,-5.752369450410604
PKOBP,2017-09,10,xgboost,,581b563a1c98ee467489b6900bb85b23a83695053eb6486ab734af6583c9ba29,0,2,76906,-0.3374350666999817,-8.924080600285212,-8.348921273776234,-8.348921273776234
PKOBP,2017-09,10,xgboost,,581b563a1c98ee467489b6900bb85b23a83695053eb6486ab734af6583c9ba29,0,3,76893,-0.22512465715408325,-9.663002654940005,-9.292186291902176,-9.292186291902176
PKOBP,2017-09,10,xgboost,,581b563a1c98ee467489b6900bb85b23a83695053eb6486ab734af6583c9ba29,0,4,76916,-0.13652493059635162,-9.963846510103195,-9.723716308201201,-9.723716308201201
PKOBP,2017-09,10,xgboost,,581b563a1c98ee467489b6900bb85b23a83695053eb6486ab734af6583c9ba29,0,5,76890,-0.05307551473379135,-10.097516121543201,-10.001917472153512,-10.001917472153512
PKOBP,2017-09,10,xgboost,,581b563a1c98ee467489b6900bb85b23a83695053eb6486ab734af6583c9ba29,0,6,76909,0.025449449196457863,-9.613898777910032,-9.697069187970987,-9.623289501615547
PKOBP,2017-09,10,xgboost,,581b563a1c98ee467489b6900bb85b23a83695053eb6486ab734af6583c9ba29,0,7,76991,0.10687415301799774,-9.97437890021771,-10.137427016500432,-9.97437890021771
PKOBP,2017-09,10,xgboost,,581b563a1c98ee467489b6900bb85b23a83695053eb6486ab734af6583c9ba29,0,8,76799,0.19641083478927612,-9.763768886651853,-10.11396322497908,-9.763768886651853
PKOBP,2017-09,10,xgboost,,581b563a1c98ee467489b6900bb85b23a83695053eb6486ab734af6583c9ba29,0,9,76898,0.3165842294692993,-8.937454619571618,-9.53443373398959,-8.937454619571618
PKOBP,2017-09,10,xgboost,,581b563a1c98ee467489b6900bb85b23a83695053eb6486ab734af6583c9ba29,0,10,76901,0.609268844127655,-6.399215938283057,-7.5787475358105585,-6.399215938283057
PKOBP,2017-09,10,xgboost,,581b563a1c98ee467489b6900bb85b23a83695053eb6486ab734af6583c9ba29,1,1,76903,-0.6600606441497803,-6.954183501026437,-5.924031785566726,-5.924031785566726
PKOBP,2017-09,10,xgboost,,581b563a1c98ee467489b6900bb85b23a83695053eb6486ab734af6583c9ba29,1,2,76906,-0.3374350666999817,-8.905873680835516,-8.353450979060502,-8.353450979060502
PKOBP,2017-09,10,xgboost,,581b563a1c98ee467489b6900bb85b23a83695053eb6486ab734af6583c9ba29,1,3,76893,-0.22512465715408325,-9.636706373704746,-9.270248818449831,-9.270248818449831
PKOBP,2017-09,10,xgboost,,581b563a1c98ee467489b6900bb85b23a83695053eb6486ab734af6583c9ba29,1,4,76916,-0.13652493059635162,-9.928939951454813,-9.69189269688622,-9.69189269688622
PKOBP,2017-09,10,xgboost,,581b563a1c98ee467489b6900bb85b23a83695053eb6486ab734af6583c9ba29,1,5,76890,-0.05307551473379135,-10.057730509884026,-9.964914729775606,-9.964914729775606
PKOBP,2017-09,10,xgboost,,581b563a1c98ee467489b6900bb85b23a83695053eb6486ab734af6583c9ba29,1,6,76909,0.025449449196457863,-9.586173221681962,-9.66771851124572,-9.594038932877586
PKOBP,2017-09,10,xgboost,,581b563a1c98ee467489b6900bb85b23a83695053eb6486ab734af6583c9ba29,1,7,76991,0.10687415301799774,-9.950620192583981,-10.110809562429404,-9.950620192583981
PKOBP,2017-09,10,xgboost,,581b563a1c98ee467489b6900bb85b23a83695053eb6486ab734af6583c9ba29,1,8,76799,0.19641083478927612,-9.74031386502801,-10.079629712929226,-9.74031386502801
PKOBP,2017-09,10,xgboost,,581b563a1c98ee467489b6900bb85b23a83695053eb6486ab734af6583c9ba29,1,9,76898,0.3165842294692993,-8.942744484438114,-9.519828537401809,-8.942744484438114
PKOBP,2017-09,10,xgboost,,581b563a1c98ee467489b6900bb85b23a83695053eb6486ab734af6583c9ba29,1,10,76901,0.609268844127655,-6.582902178693831,-7.592756527445371,-6.582902178693831
PKOBP,2017-09,10,xgboost,,581b563a1c98ee467489b6900bb85b23a83695053eb6486ab734af6583c9ba29,5,1,76903,-0.6600606441497803,-6.977078391199261,-6.276530925408941,-6.276530925408941
PKOBP,2017-09,10,xgboost,,581b563a1c98ee467489b6900bb85b23a83695053eb6486ab734af6583c9ba29,5,2,76906,-0.3374350666999817,-8.884160257437918,-8.40363464232672,-8.40363464232672
PKOBP,2017-09,10,xgboost,,581b563a1c98ee467489b6900bb85b23a83695053eb6486ab734af6583c9ba29,5,3,76893,-0.22512465715408325,-9.552547235626152,-9.236864613034877,-9.236864613034877
PKOBP,2017-09,10,xgboost,,581b563a1c98ee467489b6900bb85b23a83695053eb6486ab734af6583c9ba29,5,4,76916,-0.13652493059635162,-9.845705389928757,-9.633253104881561,-9.633253104881561
PKOBP,2017-09,10,xgboost,,581b563a1c98ee467489b6900bb85b23a83695053eb6486ab734af6583c9ba29,5,5,76890,-0.05307551473379135,-9.952886255323117,-9.868017616725288,-9.868017616725288
PKOBP,2017-09,10,xgboost,,581b563a1c98ee467489b6900bb85b23a83695053eb6486ab734af6583c9ba29,5,6,76909,0.025449449196457863,-9.53318097678272,-9.59431431777598,-9.535642148234196
PKOBP,2017-09,10,xgboost,,581b563a1c98ee467489b6900bb85b23a83695053eb6486ab734af6583c9ba29,5,7,76991,0.10687415301799774,-9.902370002031315,-10.026502183479963,-9.902370002031315
PKOBP,2017-09,10,xgboost,,581b563a1c98ee467489b6900bb85b23a83695053eb6486ab734af6583c9ba29,5,8,76799,0.19641083478927612,-9.714404655438305,-9.9953575468407,-9.714404655438305
PKOBP,2017-09,10,xgboost,,581b563a1c98ee467489b6900bb85b23a83695053eb6486ab734af6583c9ba29,5,9,76898,0.3165842294692993,-8.999538946191787,-9.472733408341552,-8.999538946191787
PKOBP,2017-09,10,xgboost,,581b563a1c98ee467489b6900bb85b23a83695053eb6486ab734af6583c9ba29,5,10,76901,0.609268844127655,-6.91262894835742,-7.643561571503126,-6.91262894835742
PKOBP,2017-09,20,linear,,1be2c2e5ed48000a834f651977ac3b40f66494de5201e3ecfa68ea318ea293a2,0,1,76041,-0.7604376218697194,-7.602756869252986,-5.9546670874790015,-5.9546670874790015
PKOBP,2017-09,20,linear,,1be2c2e5ed48000a834f651977ac3b40f66494de5201e3ecfa68ea318ea293a2,0,2,76023,-0.556398649881156,-9.12380446152022,-8.135606747636974,-8.135606747636974
PKOBP,2017-09,20,linear,,1be2c2e5ed48000a834f651977ac3b40f66494de5201e3ecfa68ea318ea293a2,0,3,76029,-0.3974234053086054,-9.681685022484736,-8.964404623164395,-8.964404623164395
PKOBP,2017-09,20,linear,,1be2c2e5ed48000a834f651977ac3b40f66494de5201e3ecfa68ea318ea293a2,0,4,76030,-0.2532067997049844,-9.746584666301057,-9.417629209889592,-9.417629209889592
PKOBP,2017-09,20,linear,,1be2c2e5ed48000a834f651977ac3b40f66494de5201e3ecfa68ea318ea293a2,0,5,76033,-0.10462526403294803,-9.766675998883844,-9.564404680778258,-9.564404680778258
PKOBP,2017-09,20,linear,,1be2c2e5ed48000a834f651977ac3b40f66494de5201e3ecfa68ea318ea293a2,0,6,76029,0.04611107588264651,-9.755672989418787,-9.876548521320794,-9.757085476109628
PKOBP,2017-09,20,linear,,1be2c2e5ed48000a834f651977ac3b40f66494de5201e3ecfa68ea318ea293a2,0,7,76030,0.19975459903833312,-9.814438600351233,-10.099902061755403,-9.814438600351233
PKOBP,2017-09,20,linear,,1be2c2e5ed48000a834f651977ac3b40f66494de5201e3ecfa68ea318ea293a2,0,8,76031,0.35468775898388716,-9.675556204112558,-10.251032926988842,-9.675556204112558
PKOBP,2017-09,20,linear,,1be2c2e5ed48000a834f651977ac3b40f66494de5201e3ecfa68ea318ea293a2,0,9,76031,0.5265564859331012,-8.976139480848888,-9.922771440223265,-8.976139480848888
PKOBP,2017-09,20,linear,,1be2c2e5ed48000a834f651977ac3b40f66494de5201e3ecfa68ea318ea293a2,0,10,76031,0.7605834804457189,-6.430042666555193,-8.15977612931322,-6.430042666555193
PKOBP,2017-09,20,linear,,1be2c2e5ed48000a834f651977ac3b40f66494de5201e3ecfa68ea318ea293a2,1,1,76041,-0.7604376218697194,-7.62479749651508,-6.130256292029914,-6.130256292029914
PKOBP,2017-09,20,linear,,1be2c2e5ed48000a834f651977ac3b40f66494de5201e3ecfa68ea318ea293a2,1,2,76023,-0.556398649881156,-9.092247351594512,-8.163621813139606,-8.163621813139606
PKOBP,2017-09,20,linear,,1be2c2e5ed48000a834f651977ac3b40f66494de5201e3ecfa68ea318ea293a2,1,3,76029,-0.3974234053086054,-9.64338673624805,-8.959027211062622,-8.959027211062622
PKOBP,2017-09,20,linear,,1be2c2e5ed48000a834f651977ac3b40f66494de5201e3ecfa68ea318ea293a2,1,4,76030,-0.2532067997049844,-9.711318441108885,-9.393369762721736,-9.393369762721736
PKOBP,2017-09,20,linear,,1be2c2e5ed48000a834f651977ac3b40f66494de5201e3ecfa68ea318ea293a2,1,5,76033,-0.10462526403294803,-9.721667638931207,-9.526600700292587,-9.526600700292587
PKOBP,2017-09,20,linear,,1be2c2e5ed48000a834f651977ac3b40f66494de5201e3ecfa68ea318ea293a2,1,6,76029,0.04611107588264651,-9.718210281389846,-9.839713470824252,-9.718729831796516
PKOBP,2017-09,20,linear,,1be2c2e5ed48000a834f651977ac3b40f66494de5201e3ecfa68ea318ea293a2,1,7,76030,0.19975459903833312,-9.790838467520867,-10.056852430011288,-9.790838467520867
PKOBP,2017-09,20,linear,,1be2c2e5ed48000a834f651977ac3b40f66494de5201e3ecfa68ea318ea293a2,1,8,76031,0.35468775898388716,-9.66130476045129,-10.205522192001727,-9.66130476045129
PKOBP,2017-09,20,linear,,1be2c2e5ed48000a834f651977ac3b40f66494de5201e3ecfa68ea318ea293a2,1,9,76031,0.5265564859331012,-8.993487345549218,-9.886713265695848,-8.993487345549218
PKOBP,2017-09,20,linear,,1be2c2e5ed48000a834f651977ac3b40f66494de5201e3ecfa68ea318ea293a2,1,10,76031,0.7605834804457189,-6.611988737010519,-8.17988513720272,-6.611988737010519
PKOBP,2017-09,20,linear,,1be2c2e5ed48000a834f651977ac3b40f66494de5201e3ecfa68ea318ea293a2,5,1,76041,-0.7604376218697194,-7.659130237865219,-6.415863612877293,-6.415863612877293
PKOBP,2017-09,20,linear,,1be2c2e5ed48000a834f651977ac3b40f66494de5201e3ecfa68ea318ea293a2,5,2,76023,-0.556398649881156,-9.013884733439994,-8.256551393052042,-8.256551393052042
PKOBP,2017-09,20,linear,,1be2c2e5ed48000a834f651977ac3b40f66494de5201e3ecfa68ea318ea293a2,5,3,76029,-0.3974234053086054,-9.542634186648847,-8.99725715489322,-8.99725715489322
PKOBP,2017-09,20,linear,,1be2c2e5ed48000a834f651977ac3b40f66494de5201e3ecfa68ea318ea293a2,5,4,76030,-0.2532067997049844,-9.62087632755233,-9.371015271913361,-9.371015271913361
PKOBP,2017-09,20,linear,,1be2c2e5ed48000a834f651977ac3b40f66494de5201e3ecfa68ea318ea293a2,5,5,76033,-0.10462526403294803,-9.648174173811753,-9.456646169623236,-9.456646169623236
PKOBP,2017-09,20,linear,,1be2c2e5ed48000a834f651977ac3b40f66494de5201e3ecfa68ea318ea293a2,5,6,76029,0.04611107588264651,-9.663512017044658,-9.766824685692033,-9.657704990310362
PKOBP,2017-09,20,linear,,1be2c2e5ed48000a834f651977ac3b40f66494de5201e3ecfa68ea318ea293a2,5,7,76030,0.19975459903833312,-9.750816360089686,-9.974572858346583,-9.750816360089686
PKOBP,2017-09,20,linear,,1be2c2e5ed48000a834f651977ac3b40f66494de5201e3ecfa68ea318ea293a2,5,8,76031,0.35468775898388716,-9.668997049345013,-10.108049665204957,-9.668997049345013
PKOBP,2017-09,20,linear,,1be2c2e5ed48000a834f651977ac3b40f66494de5201e3ecfa68ea318ea293a2,5,9,76031,0.5265564859331012,-9.064192676354944,-9.77866786867922,-9.064192676354944
PKOBP,2017-09,20,linear,,1be2c2e5ed48000a834f651977ac3b40f66494de5201e3ecfa68ea318ea293a2,5,10,76031,0.7605834804457189,-6.92388424853249,-8.191915764810467,-6.92388424853249
PKOBP,2017-09,20,xgboost,,07787f330ed06e0845dfdabd65e128be64cc96db0168a769d9c5e08f05064529,0,1,76031,-0.9283998012542725,-7.652269696483521,-5.889346488800867,-5.889346488800867
PKOBP,2017-09,20,xgboost,,07787f330ed06e0845dfdabd65e128be64cc96db0168a769d9c5e08f05064529,0,2,76031,-0.5363914966583252,-9.397771726953453,-8.392720580854197,-8.392720580854197
PKOBP,2017-09,20,xgboost,,07787f330ed06e0845dfdabd65e128be64cc96db0168a769d9c5e08f05064529,0,3,76042,-0.3714875876903534,-9.780775954861348,-9.139784677336289,-9.139784677336289
PKOBP,2017-09,20,xgboost,,07787f330ed06e0845dfdabd65e128be64cc96db0168a769d9c5e08f05064529,0,4,76024,-0.22824934124946594,-9.614228923567993,-9.240653518024459,-9.240653518024459
PKOBP,2017-09,20,xgboost,,07787f330ed06e0845dfdabd65e128be64cc96db0168a769d9c5e08f05064529,0,5,76030,-0.09230948239564896,-9.88737794338945,-9.691374696920606,-9.691374696920606
PKOBP,2017-09,20,xgboost,,07787f330ed06e0845dfdabd65e128be64cc96db0168a769d9c5e08f05064529,0,6,76050,0.03360062837600708,-9.456578586900477,-9.575700114460755,-9.466793303572617
PKOBP,2017-09,20,xgboost,,07787f330ed06e0845dfdabd65e128be64cc96db0168a769d9c5e08f05064529,0,7,76042,0.1667751967906952,-9.695133053767732,-9.999599834519962,-9.695133053767732
PKOBP,2017-09,20,xgboost,,07787f330ed06e0845dfdabd65e128be64cc96db0168a769d9c5e08f05064529,0,8,75997,0.31392961740493774,-9.524736530410577,-10.090612131344415,-9.524736530410577
PKOBP,2017-09,20,xgboost,,07787f330ed06e0845dfdabd65e128be64cc96db0168a769d9c5e08f05064529,0,9,76042,0.5084565281867981,-8.923941887326711,-9.845585611522852,-8.923941887326711
PKOBP,2017-09,20,xgboost,,07787f330ed06e0845dfdabd65e128be64cc96db0168a769d9c5e08f05064529,0,10,76019,0.8755974173545837,-6.639921441990396,-8.481034954394762,-6.639921441990396
PKOBP,2017-09,20,xgboost,,07787f330ed06e0845dfdabd65e128be64cc96db0168a769d9c5e08f05064529,1,1,76031,-0.9283998012542725,-7.648020324519422,-6.073007736477872,-6.073007736477872
PKOBP,2017-09,20,xgboost,,07787f330ed06e0845dfdabd65e128be64cc96db0168a769d9c5e08f05064529,1,2,76031,-0.5363914966583252,-9.370048562943005,-8.391080011162986,-8.391080011162986
PKOBP,2017-09,20,xgboost,,07787f330ed06e0845dfdabd65e128be64cc96db0168a769d9c5e08f05064529,1,3,76042,-0.3714875876903534,-9.7428538218227,-9.1335436597446,-9.1335436597446
PKOBP,2017-09,20,xgboost,,07787f330ed06e0845dfdabd65e128be64cc96db0168a769d9c5e08f05064529,1,4,76024,-0.22824934124946594,-9.580363983916412,-9.219775861444052,-9.219775861444052
PKOBP,2017-09,20,xgboost,,07787f330ed06e0845dfdabd65e128be64cc96db0168a769d9c5e08f05064529,1,5,76030,-0.09230948239564896,-9.857503527270481,-9.660282000596078,-9.660282000596078
PKOBP,2017-09,20,xgboost,,07787f330ed06e0845dfdabd65e128be64cc96db0168a769d9c5e08f05064529,1,6,76050,0.03360062837600708,-9.429935254328411,-9.54355732030317,-9.437038252361184
PKOBP,2017-09,20,xgboost,,07787f330ed06e0845dfdabd65e128be64cc96db0168a769d9c5e08f05064529,1,7,76042,0.1667751967906952,-9.673035993963996,-9.967663007614888,-9.673035993963996
PKOBP,2017-09,20,xgboost,,07787f330ed06e0845dfdabd65e128be64cc96db0168a769d9c5e08f05064529,1,8,75997,0.31392961740493774,-9.518583099116563,-10.051304015978438,-9.518583099116563
PKOBP,2017-09,20,xgboost,,07787f330ed06e0845dfdabd65e128be64cc96db0168a769d9c5e08f05064529,1,9,76042,0.5084565281867981,-8.92876790287457,-9.81727982504602,-8.92876790287457
PKOBP,2017-09,20,xgboost,,07787f330ed06e0845dfdabd65e128be64cc96db0168a769d9c5e08f05064529,1,10,76019,0.8755974173545837,-6.819558106969877,-8.483757335823212,-6.819558106969877
PKOBP,2017-09,20,xgboost,,07787f330ed06e0845dfdabd65e128be64cc96db0168a769d9c5e08f05064529,5,1,76031,-0.9283998012542725,-7.630450948179094,-6.413518269279612,-6.413518269279612
PKOBP,2017-09,20,xgboost,,07787f330ed06e0845dfdabd65e128be64cc96db0168a769d9c5e08f05064529,5,2,76031,-0.5363914966583252,-9.3047401061642,-8.462747606337023,-8.462747606337023
PKOBP,2017-09,20,xgboost,,07787f330ed06e0845dfdabd65e128be64cc96db0168a769d9c5e08f05064529,5,3,76042,-0.3714875876903534,-9.636328961586278,-9.15431665946112,-9.15431665946112
PKOBP,2017-09,20,xgboost,,07787f330ed06e0845dfdabd65e128be64cc96db0168a769d9c5e08f05064529,5,4,76024,-0.22824934124946594,-9.510089935604059,-9.193119281193066,-9.193119281193066
PKOBP,2017-09,20,xgboost,,07787f330ed06e0845dfdabd65e128be64cc96db0168a769d9c5e08f05064529,5,5,76030,-0.09230948239564896,-9.776209616920932,-9.578347734520925,-9.578347734520925
PKOBP,2017-09,20,xgboost,,07787f330ed06e0845dfdabd65e128be64cc96db0168a769d9c5e08f05064529,5,6,76050,0.03360062837600708,-9.384557627176774,-9.479104186333572,-9.396334120690575
PKOBP,2017-09,20,xgboost,,07787f330ed06e0845dfdabd65e128be64cc96db0168a769d9c5e08f05064529,5,7,76042,0.1667751967906952,-9.64396867801567,-9.885717683434763,-9.64396867801567
PKOBP,2017-09,20,xgboost,,07787f330ed06e0845dfdabd65e128be64cc96db0168a769d9c5e08f05064529,5,8,75997,0.31392961740493774,-9.536603858275708,-9.963871569245688,-9.536603858275708
PKOBP,2017-09,20,xgboost,,07787f330ed06e0845dfdabd65e128be64cc96db0168a769d9c5e08f05064529,5,9,76042,0.5084565281867981,-8.984346072252386,-9.72901065680362,-8.984346072252386
PKOBP,2017-09,20,xgboost,,07787f330ed06e0845dfdabd65e128be64cc96db0168a769d9c5e08f05064529,5,10,76019,0.8755974173545837,-7.148321485017085,-8.45731845626087,-7.148321485017085
PKOBP,2017-09,50,linear,,35263fb5d172f23038792ff3ababa63dbe8f213a445898af76203e89039915a5,0,1,73726,-1.211142818680484,-9.078481042216811,-6.34339472006922,-6.34339472006922
PKOBP,2017-09,50,linear,,35263fb5d172f23038792ff3ababa63dbe8f213a445898af76203e89039915a5,0,2,73718,-0.9057559958012937,-9.591673721956344,-8.046977654259061,-8.046977654259061
PKOBP,2017-09,50,linear,,35263fb5d172f23038792ff3ababa63dbe8f213a445898af76203e89039915a5,0,3,73729,-0.6539516168739642,-9.86956756250463,-8.801932573845843,-8.801932573845843
PKOBP,2017-09,50,linear,,35263fb5d172f23038792ff3ababa63dbe8f213a445898af76203e89039915a5,0,4,73715,-0.41777255521124596,-9.520420817187281,-8.935914186301773,-8.935914186301773
PKOBP,2017-09,50,linear,,35263fb5d172f23038792ff3ababa63dbe8f213a445898af76203e89039915a5,0,5,73725,-0.17297556912175482,-9.639480299687186,-9.251349428697576,-9.251349428697576
PKOBP,2017-09,50,linear,,35263fb5d172f23038792ff3ababa63dbe8f213a445898af76203e89039915a5,0,6,73719,0.07703353818352772,-9.323333955354629,-9.596316329170058,-9.332525935423165
PKOBP,2017-09,50,linear,,35263fb5d172f23038792ff3ababa63dbe8f213a445898af76203e89039915a5,0,7,73726,0.3321299207714613,-9.446935227937564,-9.873232603844938,-9.446935227937564
PKOBP,2017-09,50,linear,,35263fb5d172f23038792ff3ababa63dbe8f213a445898af76203e89039915a5,0,8,73718,0.5901055345324354,-9.272318285789575,-10.182799600220598,-9.272318285789575
PKOBP,2017-09,50,linear,,35263fb5d172f23038792ff3ababa63dbe8f213a445898af76203e89039915a5,0,9,73724,0.8706874628649857,-8.881647811581196,-10.25802412506583,-8.881647811581196
PKOBP,2017-09,50,linear,,35263fb5d172f23038792ff3ababa63dbe8f213a445898af76203e89039915a5,0,10,73720,1.2235892079439994,-6.6391006225294475,-9.359862793810805,-6.6391006225294475
PKOBP,2017-09,50,linear,,35263fb5d172f23038792ff3ababa63dbe8f213a445898af76203e89039915a5,1,1,73726,-1.211142818680484,-9.069949800505734,-6.516704866528095,-6.516704866528095
PKOBP,2017-09,50,linear,,35263fb5d172f23038792ff3ababa63dbe8f213a445898af76203e89039915a5,1,2,73718,-0.9057559958012937,-9.545163228055735,-8.085157913782226,-8.085157913782226
PKOBP,2017-09,50,linear,,35263fb5d172f23038792ff3ababa63dbe8f213a445898af76203e89039915a5,1,3,73729,-0.6539516168739642,-9.82771601394626,-8.80665709399726,-8.80665709399726
PKOBP,2017-09,50,linear,,35263fb5d172f23038792ff3ababa63dbe8f213a445898af76203e89039915a5,1,4,73715,-0.41777255521124596,-9.48679837108917,-8.918718458033524,-8.918718458033524
PKOBP,2017-09,50,linear,,35263fb5d172f23038792ff3ababa63dbe8f213a445898af76203e89039915a5,1,5,73725,-0.17297556912175482,-9.601440472065853,-9.226024444101006,-9.226024444101006
PKOBP,2017-09,50,linear,,35263fb5d172f23038792ff3ababa63dbe8f213a445898af76203e89039915a5,1,6,73719,0.07703353818352772,-9.291164008033666,-9.566218185184573,-9.30105462218284
PKOBP,2017-09,50,linear,,35263fb5d172f23038792ff3ababa63dbe8f213a445898af76203e89039915a5,1,7,73726,0.3321299207714613,-9.43755176181164,-9.832102035337787,-9.43755176181164
PKOBP,2017-09,50,linear,,35263fb5d172f23038792ff3ababa63dbe8f213a445898af76203e89039915a5,1,8,73718,0.5901055345324354,-9.273065622044337,-10.133909685306971,-9.273065622044337
PKOBP,2017-09,50,linear,,35263fb5d172f23038792ff3ababa63dbe8f213a445898af76203e89039915a5,1,9,73724,0.8706874628649857,-8.911627391222513,-10.21499057573248,-8.911627391222513
PKOBP,2017-09,50,linear,,35263fb5d172f23038792ff3ababa63dbe8f213a445898af76203e89039915a5,1,10,73720,1.2235892079439994,-6.819351310474592,-9.341977436724198,-6.819351310474592
PKOBP,2017-09,50,linear,,35263fb5d172f23038792ff3ababa63dbe8f213a445898af76203e89039915a5,5,1,73726,-1.211142818680484,-8.986331863720922,-6.811763091919327,-6.811763091919327
PKOBP,2017-09,50,linear,,35263fb5d172f23038792ff3ababa63dbe8f213a445898af76203e89039915a5,5,2,73718,-0.9057559958012937,-9.427418003070695,-8.2157193943139,-8.2157193943139
PKOBP,2017-09,50,linear,,35263fb5d172f23038792ff3ababa63dbe8f213a445898af76203e89039915a5,5,3,73729,-0.6539516168739642,-9.713972756341548,-8.874080322944915,-8.874080322944915
PKOBP,2017-09,50,linear,,35263fb5d172f23038792ff3ababa63dbe8f213a445898af76203e89039915a5,5,4,73715,-0.41777255521124596,-9.408274108850046,-8.909336516045782,-8.909336516045782
PKOBP,2017-09,50,linear,,35263fb5d172f23038792ff3ababa63dbe8f213a445898af76203e89039915a5,5,5,73725,-0.17297556912175482,-9.550025287626827,-9.210987181607901,-9.210987181607901
PKOBP,2017-09,50,linear,,35263fb5d172f23038792ff3ababa63dbe8f213a445898af76203e89039915a5,5,6,73719,0.07703353818352772,-9.246574856647458,-9.506943592028673,-9.259209046784841
PKOBP,2017-09,50,linear,,35263fb5d172f23038792ff3ababa63dbe8f213a445898af76203e89039915a5,5,7,73726,0.3321299207714613,-9.452405766867155,-9.749897727299448,-9.452405766867155
PKOBP,2017-09,50,linear,,35263fb5d172f23038792ff3ababa63dbe8f213a445898af76203e89039915a5,5,8,73718,0.5901055345324354,-9.325181482841648,-10.02356574986436,-9.325181482841648
PKOBP,2017-09,50,linear,,35263fb5d172f23038792ff3ababa63dbe8f213a445898af76203e89039915a5,5,9,73724,0.8706874628649857,-9.022691032826645,-10.089182670044256,-9.022691032826645
PKOBP,2017-09,50,linear,,35263fb5d172f23038792ff3ababa63dbe8f213a445898af76203e89039915a5,5,10,73720,1.2235892079439994,-7.137664755323158,-9.220110885777654,-7.137664755323158
PKOBP,2017-09,50,xgboost,,2202a2f989f50bfc613b59456ba9e84355ab0c20856371c4e29add4a09c62a54,0,1,73741,-1.4055083990097046,-9.21116657186264,-6.385915282661562,-6.385915282661562
PKOBP,2017-09,50,xgboost,,2202a2f989f50bfc613b59456ba9e84355ab0c20856371c4e29add4a09c62a54,0,2,73705,-0.8859312534332275,-9.798229366599491,-8.198371733996211,-8.198371733996211
PKOBP,2017-09,50,xgboost,,2202a2f989f50bfc613b59456ba9e84355ab0c20856371c4e29add4a09c62a54,0,3,73720,-0.6082788705825806,-9.97465027363415,-8.982515644617932,-8.982515644617932
PKOBP,2017-09,50,xgboost,,2202a2f989f50bfc613b59456ba9e84355ab0c20856371c4e29add4a09c62a54,0,4,73732,-0.3756517171859741,-9.480549147036411,-8.812170294353852,-8.812170294353852
PKOBP,2017-09,50,xgboost,,2202a2f989f50bfc613b59456ba9e84355ab0c20856371c4e29add4a09c62a54,0,5,73847,-0.17371761798858643,-9.47173585622064,-9.115904914999863,-9.115904914999863
PKOBP,2017-09,50,xgboost,,2202a2f989f50bfc613b59456ba9e84355ab0c20856371c4e29add4a09c62a54,0,6,73600,0.0386945940554142,-9.184947714923767,-9.461485898979186,-9.112294046793195
PKOBP,2017-09,50,xgboost,,2202a2f989f50bfc613b59456ba9e84355ab0c20856371c4e29add4a09c62a54,0,7,73716,0.2672717869281769,-9.524735926163464,-9.982289276054107,-9.524735926163464
PKOBP,2017-09,50,xgboost,,2202a2f989f50bfc613b59456ba9e84355ab0c20856371c4e29add4a09c62a54,0,8,73728,0.5138712525367737,-8.999994481498597,-9.845390472710882,-8.999994481498597
PKOBP,2017-09,50,xgboost,,2202a2f989f50bfc613b59456ba9e84355ab0c20856371c4e29add4a09c62a54,0,9,73715,0.8332455158233643,-8.441911802046068,-9.899028508327898,-8.441911802046068
PKOBP,2017-09,50,xgboost,,2202a2f989f50bfc613b59456ba9e84355ab0c20856371c4e29add4a09c62a54,0,10,73716,1.3616564273834229,-7.174564951303868,-9.967876683874445,-7.174564951303868
PKOBP,2017-09,50,xgboost,,2202a2f989f50bfc613b59456ba9e84355ab0c20856371c4e29add4a09c62a54,1,1,73741,-1.4055083990097046,-9.18951423299182,-6.563670066522178,-6.563670066522178
PKOBP,2017-09,50,xgboost,,2202a2f989f50bfc613b59456ba9e84355ab0c20856371c4e29add4a09c62a54,1,2,73705,-0.8859312534332275,-9.759577108797806,-8.207745141120506,-8.207745141120506
PKOBP,2017-09,50,xgboost,,2202a2f989f50bfc613b59456ba9e84355ab0c20856371c4e29add4a09c62a54,1,3,73720,-0.6082788705825806,-9.934253153576362,-8.985869068212128,-8.985869068212128
PKOBP,2017-09,50,xgboost,,2202a2f989f50bfc613b59456ba9e84355ab0c20856371c4e29add4a09c62a54,1,4,73732,-0.3756517171859741,-9.443063551388429,-8.800575133143102,-8.800575133143102
PKOBP,2017-09,50,xgboost,,2202a2f989f50bfc613b59456ba9e84355ab0c20856371c4e29add4a09c62a54,1,5,73847,-0.17371761798858643,-9.447681565451306,-9.098287989364362,-9.098287989364362
PKOBP,2017-09,50,xgboost,,2202a2f989f50bfc613b59456ba9e84355ab0c20856371c4e29add4a09c62a54,1,6,73600,0.0386945940554142,-9.168767780966197,-9.437428101745889,-9.093106011340167
PKOBP,2017-09,50,xgboost,,2202a2f989f50bfc613b59456ba9e84355ab0c20856371c4e29add4a09c62a54,1,7,73716,0.2672717869281769,-9.515254262303587,-9.948284807936922,-9.515254262303587
PKOBP,2017-09,50,xgboost,,2202a2f989f50bfc613b59456ba9e84355ab0c20856371c4e29add4a09c62a54,1,8,73728,0.5138712525367737,-8.998975451634816,-9.803885120081752,-8.998975451634816
PKOBP,2017-09,50,xgboost,,2202a2f989f50bfc613b59456ba9e84355ab0c20856371c4e29add4a09c62a54,1,9,73715,0.8332455158233643,-8.472270770549304,-9.858818923533367,-8.472270770549304
PKOBP,2017-09,50,xgboost,,2202a2f989f50bfc613b59456ba9e84355ab0c20856371c4e29add4a09c62a54,1,10,73716,1.3616564273834229,-7.334023097812974,-9.938992897873526,-7.334023097812974
PKOBP,2017-09,50,xgboost,,2202a2f989f50bfc613b59456ba9e84355ab0c20856371c4e29add4a09c62a54,5,1,73741,-1.4055083990097046,-9.062418905864561,-6.901439513238922,-6.901439513238922
PKOBP,2017-09,50,xgboost,,2202a2f989f50bfc613b59456ba9e84355ab0c20856371c4e29add4a09c62a54,5,2,73705,-0.8859312534332275,-9.651866671899471,-8.31220481896778,-8.31220481896778
PKOBP,2017-09,50,xgboost,,2202a2f989f50bfc613b59456ba9e84355ab0c20856371c4e29add4a09c62a54,5,3,73720,-0.6082788705825806,-9.81877612261558,-9.046969051652486,-9.046969051652486
PKOBP,2017-09,50,xgboost,,2202a2f989f50bfc613b59456ba9e84355ab0c20856371c4e29add4a09c62a54,5,4,73732,-0.3756517171859741,-9.365238887147914,-8.804486399864684,-8.804486399864684
PKOBP,2017-09,50,xgboost,,2202a2f989f50bfc613b59456ba9e84355ab0c20856371c4e29add4a09c62a54,5,5,73847,-0.17371761798858643,-9.410578286303892,-9.074101032723815,-9.074101032723815
PKOBP,2017-09,50,xgboost,,2202a2f989f50bfc613b59456ba9e84355ab0c20856371c4e29add4a09c62a54,5,6,73600,0.0386945940554142,-9.1378812973473,-9.379684515208304,-9.050424121084804
PKOBP,2017-09,50,xgboost,,2202a2f989f50bfc613b59456ba9e84355ab0c20856371c4e29add4a09c62a54,5,7,73716,0.2672717869281769,-9.535960184722269,-9.871261311375457,-9.535960184722269
PKOBP,2017-09,50,xgboost,,2202a2f989f50bfc613b59456ba9e84355ab0c20856371c4e29add4a09c62a54,5,8,73728,0.5138712525367737,-9.057965019239237,-9.70292653278077,-9.057965019239237
PKOBP,2017-09,50,xgboost,,2202a2f989f50bfc613b59456ba9e84355ab0c20856371c4e29add4a09c62a54,5,9,73715,0.8332455158233643,-8.59158505546399,-9.741754466854962,-8.59158505546399
PKOBP,2017-09,50,xgboost,,2202a2f989f50bfc613b59456ba9e84355ab0c20856371c4e29add4a09c62a54,5,10,73716,1.3616564273834229,-7.637873147578221,-9.777736806418181,-7.637873147578221
PKOBP,2017-11,10,linear,,7d200fa76e6793130f86c5f86bebca9924b2bf3830e2107edd59854376d40bbe,0,1,90885,-0.4912989318287472,-6.1974303853456805,-5.237198632266943,-5.237198632266943
PKOBP,2017-11,10,linear,,7d200fa76e6793130f86c5f86bebca9924b2bf3830e2107edd59854376d40bbe,0,2,90906,-0.3580217348509104,-7.961373429665195,-7.463951976367797,-7.463951976367797
PKOBP,2017-11,10,linear,,7d200fa76e6793130f86c5f86bebca9924b2bf3830e2107edd59854376d40bbe,0,3,90862,-0.25425357581083574,-9.06017892758593,-8.676489273025677,-8.676489273025677
PKOBP,2017-11,10,linear,,7d200fa76e6793130f86c5f86bebca9924b2bf3830e2107edd59854376d40bbe,0,4,90886,-0.15447733124058793,-9.768384407930586,-9.543182700329208,-9.543182700329208
PKOBP,2017-11,10,linear,,7d200fa76e6793130f86c5f86bebca9924b2bf3830e2107edd59854376d40bbe,0,5,90886,-0.057050710956419656,-9.813113994576794,-9.797954294758137,-9.797954294758137
PKOBP,2017-11,10,linear,,7d200fa76e6793130f86c5f86bebca9924b2bf3830e2107edd59854376d40bbe,0,6,90881,0.0390767411236764,-9.559809185362928,-9.626997557454672,-9.550256248973904
PKOBP,2017-11,10,linear,,7d200fa76e6793130f86c5f86bebca9924b2bf3830e2107edd59854376d40bbe,0,7,90900,0.14057690370326753,-9.059783248659878,-9.258065917715973,-9.059783248659878
PKOBP,2017-11,10,linear,,7d200fa76e6793130f86c5f86bebca9924b2bf3830e2107edd59854376d40bbe,0,8,90868,0.2446181236451222,-8.54425178487142,-8.908709037171068,-8.54425178487142
PKOBP,2017-11,10,linear,,7d200fa76e6793130f86c5f86bebca9924b2bf3830e2107edd59854376d40bbe,0,9,90884,0.3625564790775633,-7.756923729503925,-8.314359389879701,-7.756923729503925
PKOBP,2017-11,10,linear,,7d200fa76e6793130f86c5f86bebca9924b2bf3830e2107edd59854376d40bbe,0,10,90885,0.5113273399053692,-5.6537521583401915,-6.601784771602376,-5.6537521583401915
PKOBP,2017-11,10,linear,,7d200fa76e6793130f86c5f86bebca9924b2bf3830e2107edd59854376d40bbe,1,1,90885,-0.4912989318287472,-6.216011434887415,-5.419210216297718,-5.419210216297718
PKOBP,2017-11,10,linear,,7d200fa76e6793130f86c5f86bebca9924b2bf3830e2107edd59854376d40bbe,1,2,90906,-0.3580217348509104,-7.941430879578374,-7.504668371392743,-7.504668371392743
PKOBP,2017-11,10,linear,,7d200fa76e6793130f86c5f86bebca9924b2bf3830e2107edd59854376d40bbe,1,3,90862,-0.25425357581083574,-9.032539057881522,-8.666292669677667,-8.666292669677667
PKOBP,2017-11,10,linear,,7d200fa76e6793130f86c5f86bebca9924b2bf3830e2107edd59854376d40bbe,1,4,90886,-0.15447733124058793,-9.727710200362745,-9.505215782760482,-9.505215782760482
PKOBP,2017-11,10,linear,,7d200fa76e6793130f86c5f86bebca9924b2bf3830e2107edd59854376d40bbe,1,5,90886,-0.057050710956419656,-9.764506149322816,-9.732301732861524,-9.732301732861524
PKOBP,2017-11,10,linear,,7d200fa76e6793130f86c5f86bebca9924b2bf3830e2107edd59854376d40bbe,1,6,90881,0.0390767411236764,-9.520711171277092,-9.580408544915809,-9.512819628305705
PKOBP,2017-11,10,linear,,7d200fa76e6793130f86c5f86bebca9924b2bf3830e2107edd59854376d40bbe,1,7,90900,0.14057690370326753,-9.022495957379425,-9.211972450086364,-9.022495957379425
PKOBP,2017-11,10,linear,,7d200fa76e6793130f86c5f86bebca9924b2bf3830e2107edd59854376d40bbe,1,8,90868,0.2446181236451222,-8.533698279242893,-8.879016147976255,-8.533698279242893
PKOBP,2017-11,10,linear,,7d200fa76e6793130f86c5f86bebca9924b2bf3830e2107edd59854376d40bbe,1,9,90884,0.3625564790775633,-7.795241661875734,-8.294727964809839,-7.795241661875734
PKOBP,2017-11,10,linear,,7d200fa76e6793130f86c5f86bebca9924b2bf3830e2107edd59854376d40bbe,1,10,90885,0.5113273399053692,-5.81854028677058,-6.632269954913305,-5.81854028677058
PKOBP,2017-11,10,linear,,7d200fa76e6793130f86c5f86bebca9924b2bf3830e2107edd59854376d40bbe,5,1,90885,-0.4912989318287472,-6.277348130783618,-5.723566022339745,-5.723566022339745
PKOBP,2017-11,10,linear,,7d200fa76e6793130f86c5f86bebca9924b2bf3830e2107edd59854376d40bbe,5,2,90906,-0.3580217348509104,-7.9126715488047745,-7.578574238110295,-7.578574238110295
PKOBP,2017-11,10,linear,,7d200fa76e6793130f86c5f86bebca9924b2bf3830e2107edd59854376d40bbe,5,3,90862,-0.25425357581083574,-8.957733578131068,-8.67493888102518,-8.67493888102518
PKOBP,2017-11,10,linear,,7d200fa76e6793130f86c5f86bebca9924b2bf3830e2107edd59854376d40bbe,5,4,90886,-0.15447733124058793,-9.633102161607708,-9.466252995474868,-9.466252995474868
PKOBP,2017-11,10,linear,,7d200fa76e6793130f86c5f86bebca9924b2bf3830e2107edd59854376d40bbe,5,5,90886,-0.057050710956419656,-9.6853601328326,-9.633970893704594,-9.633970893704594
PKOBP,2017-11,10,linear,,7d200fa76e6793130f86c5f86bebca9924b2bf3830e2107edd59854376d40bbe,5,6,90881,0.0390767411236764,-9.447689627048359,-9.498752579078818,-9.437839996038585
PKOBP,2017-11,10,linear,,7d200fa76e6793130f86c5f86bebca9924b2bf3830e2107edd59854376d40bbe,5,7,90900,0.14057690370326753,-8.980811677178918,-9.106197259850422,-8.980811677178918
PKOBP,2017-11,10,linear,,7d200fa76e6793130f86c5f86bebca9924b2bf3830e2107edd59854376d40bbe,5,8,90868,0.2446181236451222,-8.530221864947803,-8.79680828849241,-8.530221864947803
PKOBP,2017-11,10,linear,,7d200fa76e6793130f86c5f86bebca9924b2bf3830e2107edd59854376d40bbe,5,9,90884,0.3625564790775633,-7.859914467440568,-8.248026082174727,-7.859914467440568
PKOBP,2017-11,10,linear,,7d200fa76e6793130f86c5f86bebca9924b2bf3830e2107edd59854376d40bbe,5,10,90885,0.5113273399053692,-6.079663089791803,-6.684008867509655,-6.079663089791803
PKOBP,2017-11,10,xgboost,,a15a25c516958db3af6931dd899f0a4e966baae2aa4ba40554f8736939fc95d8,0,1,90885,-0.5330321192741394,-7.762408010792456,-6.783773222236997,-6.783773222236997
PKOBP,2017-11,10,xgboost,,a15a25c516958db3af6931dd899f0a4e966baae2aa4ba40554f8736939fc95d8,0,2,90885,-0.28159990906715393,-8.656244019994409,-8.11882515499601,-8.11882515499601
PKOBP,2017-11,10,xgboost,,a15a25c516958db3af6931dd899f0a4e966baae2aa4ba40554f8736939fc95d8,0,3,90910,-0.19476379454135895,-8.759482729166786,-8.42297357674467,-8.42297357674467
PKOBP,2017-11,10,xgboost,,a15a25c516958db3af6931dd899f0a4e966baae2aa4ba40554f8736939fc95d8,0,4,90875,-0.11924293637275696,-8.895411814335263,-8.640371379197777,-8.640371379197777
PKOBP,2017-11,10,xgboost,,a15a25c516958db3af6931dd899f0a4e966baae2aa4ba40554f8736939fc95d8,0,5,90879,-0.04308117553591728,-9.080196606847963,-9.01821989942739,-9.01821989942739
PKOBP,2017-11,10,xgboost,,a15a25c516958db3af6931dd899f0a4e966baae2aa4ba40554f8736939fc95d8,0,6,91079,0.03481923043727875,-8.814373526487122,-8.884533758008208,-8.812292996872392
PKOBP,2017-11,10,xgboost,,a15a25c516958db3af6931dd899f0a4e966baae2aa4ba40554f8736939fc95d8,0,7,90696,0.1160203143954277,-8.81194134111339,-8.980771768077158,-8.81194134111339
PKOBP,2017-11,10,xgboost,,a15a25c516958db3af6931dd899f0a4e966baae2aa4ba40554f8736939fc95d8,0,8,90877,0.2143026888370514,-8.752044364974525,-9.1325775686487,-8.752044364974525
PKOBP,2017-11,10,xgboost,,a15a25c516958db3af6931dd899f0a4e966baae2aa4ba40554f8736939fc95d8,0,9,90878,0.33343029022216797,-7.582056894617853,-8.158313952579405,-7.582056894617853
PKOBP,2017-11,10,xgboost,,a15a25c516958db3af6931dd899f0a4e966baae2aa4ba40554f8736939fc95d8,0,10,90879,0.6070902347564697,-6.260441488146148,-7.2882752736202505,-6.260441488146148
PKOBP,2017-11,10,xgboost,,a15a25c516958db3af6931dd899f0a4e966baae2aa4ba40554f8736939fc95d8,1,1,90885,-0.5330321192741394,-7.726758031012238,-6.921956221161768,-6.921956221161768
PKOBP,2017-11,10,xgboost,,a15a25c516958db3af6931dd899f0a4e966baae2aa4ba40554f8736939fc95d8,1,2,90885,-0.28159990906715393,-8.63800087902019,-8.137900561241052,-8.137900561241052
PKOBP,2017-11,10,xgboost,,a15a25c516958db3af6931dd899f0a4e966baae2aa4ba40554f8736939fc95d8,1,3,90910,-0.19476379454135895,-8.74324716826222,-8.421931094638218,-8.421931094638218
PKOBP,2017-11,10,xgboost,,a15a25c516958db3af6931dd899f0a4e966baae2aa4ba40554f8736939fc95d8,1,4,90875,-0.11924293637275696,-8.877086961868313,-8.62940715051543,-8.62940715051543
PKOBP,2017-11,10,xgboost,,a15a25c516958db3af6931dd899f0a4e966baae2aa4ba40554f8736939fc95d8,1,5,90879,-0.04308117553591728,-9.055878409197927,-8.981111219791899,-8.981111219791899
PKOBP,2017-11,10,xgboost,,a15a25c516958db3af6931dd899f0a4e966baae2aa4ba40554f8736939fc95d8,1,6,91079,0.03481923043727875,-8.784427999076227,-8.856396022338345,-8.779336832108566
PKOBP,2017-11,10,xgboost,,a15a25c516958db3af6931dd899f0a4e966baae2aa4ba40554f8736939fc95d8,1,7,90696,0.1160203143954277,-8.789117058624933,-8.954733406260317,-8.789117058624933
PKOBP,2017-11,10,xgboost,,a15a25c516958db3af6931dd899f0a4e966baae2aa4ba40554f8736939fc95d8,1,8,90877,0.2143026888370514,-8.737948425446378,-9.104664871659615,-8.737948425446378
PKOBP,2017-11,10,xgboost,,a15a25c516958db3af6931dd899f0a4e966baae2aa4ba40554f8736939fc95d8,1,9,90878,0.33343029022216797,-7.602269562147812,-8.151346003608076,-7.602269562147812
PKOBP,2017-11,10,xgboost,,a15a25c516958db3af6931dd899f0a4e966baae2aa4ba40554f8736939fc95d8,1,10,90879,0.6070902347564697,-6.417776655729098,-7.266588467738426,-6.417776655729098
PKOBP,2017-11,10,xgboost,,a15a25c516958db3af6931dd899f0a4e966baae2aa4ba40554f8736939fc95d8,5,1,90885,-0.5330321192741394,-7.681635130596029,-7.148850708430743,-7.148850708430743
PKOBP,2017-11,10,xgboost,,a15a25c516958db3af6931dd899f0a4e966baae2aa4ba40554f8736939fc95d8,5,2,90885,-0.28159990906715393,-8.590628434720527,-8.201505271537602,-8.201505271537602
PKOBP,2017-11,10,xgboost,,a15a25c516958db3af6931dd899f0a4e966baae2aa4ba40554f8736939fc95d8,5,3,90910,-0.19476379454135895,-8.697398105364101,-8.440546943075962,-8.440546943075962
PKOBP,2017-11,10,xgboost,,a15a25c516958db3af6931dd899f0a4e966baae2aa4ba40554f8736939fc95d8,5,4,90875,-0.11924293637275696,-8.826653445530708,-8.63452191414924,-8.63452191414924
PKOBP,2017-11,10,xgboost,,a15a25c516958db3af6931dd899f0a4e966baae2aa4ba40554f8736939fc95d8,5,5,90879,-0.04308117553591728,-8.994492880480509,-8.919875581477575,-8.919875581477575
PKOBP,2017-11,10,xgboost,,a15a25c516958db3af6931dd899f0a4e966baae2aa4ba40554f8736939fc95d8,5,6,91079,0.03481923043727875,-8.738068349076269,-8.791267485922189,-8.73506230922305
PKOBP,2017-11,10,xgboost,,a15a25c516958db3af6931dd899f0a4e966baae2aa4ba40554f8736939fc95d8,5,7,90696,0.1160203143954277,-8.74879025668806,-8.870283500661266,-8.74879025668806
PKOBP,2017-11,10,xgboost,,a15a25c516958db3af6931dd899f0a4e966baae2aa4ba40554f8736939fc95d8,5,8,90877,0.2143026888370514,-8.733006476981233,-9.023748516675301,-8.733006476981233
PKOBP,2017-11,10,xgboost,,a15a25c516958db3af6931dd899f0a4e966baae2aa4ba40554f8736939fc95d8,5,9,90878,0.33343029022216797,-7.692827703087636,-8.120291029133673,-7.692827703087636
PKOBP,2017-11,10,xgboost,,a15a25c516958db3af6931dd899f0a4e966baae2aa4ba40554f8736939fc95d8,5,10,90879,0.6070902347564697,-6.660688896933566,-7.260116606150919,-6.660688896933566
PKOBP,2017-11,20,linear,,57166641049818cd24767cb3be1f2ad45c2b55ffdc1a8b53268a7294845e2afd,0,1,90215,-0.7531237295597406,-6.73786800632216,-5.33612569463741,-5.33612569463741
PKOBP,2017-11,20,linear,,57166641049818cd24767cb3be1f2ad45c2b55ffdc1a8b53268a7294845e2afd,0,2,90203,-0.554132631545922,-8.239045108941331,-7.473200110600566,-7.473200110600566
PKOBP,2017-11,20,linear,,57166641049818cd24767cb3be1f2ad45c2b55ffdc1a8b53268a7294845e2afd,0,3,90203,-0.3962356452425909,-9.18658425869809,-8.570726347770172,-8.570726347770172
PKOBP,2017-11,20,linear,,57166641049818cd24767cb3be1f2ad45c2b55ffdc1a8b53268a7294845e2afd,0,4,90206,-0.24144812515789313,-9.637650525401215,-9.309610885066714,-9.309610885066714
PKOBP,2017-11,20,linear,,57166641049818cd24767cb3be1f2ad45c2b55ffdc1a8b53268a7294845e2afd,0,5,90206,-0.08858470866350979,-9.45294987859884,-9.384324997016657,-9.384324997016657
PKOBP,2017-11,20,linear,,57166641049818cd24767cb3be1f2ad45c2b55ffdc1a8b53268a7294845e2afd,0,6,90204,0.06224147607164676,-9.4433195483629,-9.527096485005512,-9.44143400658471
PKOBP,2017-11,20,linear,,57166641049818cd24767cb3be1f2ad45c2b55ffdc1a8b53268a7294845e2afd,0,7,90206,0.22021085655930112,-8.885036781513616,-9.185768484979318,-8.885036781513616
PKOBP,2017-11,20,linear,,57166641049818cd24767cb3be1f2ad45c2b55ffdc1a8b53268a7294845e2afd,0,8,90208,0.3810422778825279,-8.486318236344221,-9.062857954424077,-8.486318236344221
PKOBP,2017-11,20,linear,,57166641049818cd24767cb3be1f2ad45c2b55ffdc1a8b53268a7294845e2afd,0,9,90207,0.5617012077769085,-7.66220400424519,-8.533860851154026,-7.66220400424519
PKOBP,2017-11,20,linear,,57166641049818cd24767cb3be1f2ad45c2b55ffdc1a8b53268a7294845e2afd,0,10,90203,0.7839249431455237,-5.761826991061765,-7.21018973710877,-5.761826991061765
PKOBP,2017-11,20,linear,,57166641049818cd24767cb3be1f2ad45c2b55ffdc1a8b53268a7294845e2afd,1,1,90215,-0.7531237295597406,-6.745781343901536,-5.515454354284467,-5.515454354284467
PKOBP,2017-11,20,linear,,57166641049818cd24767cb3be1f2ad45c2b55ffdc1a8b53268a7294845e2afd,1,2,90203,-0.554132631545922,-8.210326588398049,-7.515849807126973,-7.515849807126973
PKOBP,2017-11,20,linear,,57166641049818cd24767cb3be1f2ad45c2b55ffdc1a8b53268a7294845e2afd,1,3,90203,-0.3962356452425909,-9.153080875174139,-8.572829474071865,-8.572829474071865
PKOBP,2017-11,20,linear,,57166641049818cd24767cb3be1f2ad45c2b55ffdc1a8b53268a7294845e2afd,1,4,90206,-0.24144812515789313,-9.599127128281943,-9.276552345178105,-9.276552345178105
PKOBP,2017-11,20,linear,,57166641049818cd24767cb3be1f2ad45c2b55ffdc1a8b53268a7294845e2afd,1,5,90206,-0.08858470866350979,-9.41466180820921,-9.329131952088732,-9.329131952088732
PKOBP,2017-11,20,linear,,57166641049818cd24767cb3be1f2ad45c2b55ffdc1a8b53268a7294845e2afd,1,6,90204,0.06224147607164676,-9.407308198874677,-9.482261790559516,-9.405959263892154
PKOBP,2017-11,20,linear,,57166641049818cd24767cb3be1f2ad45c2b55ffdc1a8b53268a7294845e2afd,1,7,90206,0.22021085655930112,-8.850599204262455,-9.137153749253166,-8.850599204262455
PKOBP,2017-11,20,linear,,57166641049818cd24767cb3be1f2ad45c2b55ffdc1a8b53268a7294845e2afd,1,8,90208,0.3810422778825279,-8.480082615520082,-9.026898823655655,-8.480082615520082
PKOBP,2017-11,20,linear,,57166641049818cd24767cb3be1f2ad45c2b55ffdc1a8b53268a7294845e2afd,1,9,90207,0.5617012077769085,-7.705165346561985,-8.50958588325357,-7.705165346561985
PKOBP,2017-11,20,linear,,57166641049818cd24767cb3be1f2ad45c2b55ffdc1a8b53268a7294845e2afd,1,10,90203,0.7839249431455237,-5.924556883239787,-7.2244602294366365,-5.924556883239787
PKOBP,2017-11,20,linear,,57166641049818cd24767cb3be1f2ad45c2b55ffdc1a8b53268a7294845e2afd,5,1,90215,-0.7531237295597406,-6.775863243265433,-5.8320919351557015,-5.8320919351557015
PKOBP,2017-11,20,linear,,57166641049818cd24767cb3be1f2ad45c2b55ffdc1a8b53268a7294845e2afd,5,2,90203,-0.554132631545922,-8.156089755250845,-7.610458166471596,-7.610458166471596
PKOBP,2017-11,20,linear,,57166641049818cd24767cb3be1f2ad45c2b55ffdc1a8b53268a7294845e2afd,5,3,90203,-0.3962356452425909,-9.074387706358928,-8.599651871929492,-8.599651871929492
PKOBP,2017-11,20,linear,,57166641049818cd24767cb3be1f2ad45c2b55ffdc1a8b53268a7294845e2afd,5,4,90206,-0.24144812515789313,-9.512553553705468,-9.250035733067456,-9.250035733067456
PKOBP,2017-11,20,linear,,57166641049818cd24767cb3be1f2ad45c2b55ffdc1a8b53268a7294845e2afd,5,5,90206,-0.08858470866350979,-9.335752422299269,-9.261850918384615,-9.261850918384615
PKOBP,2017-11,20,linear,,57166641049818cd24767cb3be1f2ad45c2b55ffdc1a8b53268a7294845e2afd,5,6,90204,0.06224147607164676,-9.338802848498778,-9.40139631484338,-9.331480638797892
PKOBP,2017-11,20,linear,,57166641049818cd24767cb3be1f2ad45c2b55ffdc1a8b53268a7294845e2afd,5,7,90206,0.22021085655930112,-8.815768655644755,-9.042348622012195,-8.815768655644755
PKOBP,2017-11,20,linear,,57166641049818cd24767cb3be1f2ad45c2b55ffdc1a8b53268a7294845e2afd,5,8,90208,0.3810422778825279,-8.498967832676575,-8.936225124880497,-8.498967832676575
PKOBP,2017-11,20,linear,,57166641049818cd24767cb3be1f2ad45c2b55ffdc1a8b53268a7294845e2afd,5,9,90207,0.5617012077769085,-7.788136482380385,-8.42576633366375,-7.788136482380385
PKOBP,2017-11,20,linear,,57166641049818cd24767cb3be1f2ad45c2b55ffdc1a8b53268a7294845e2afd,5,10,90203,0.7839249431455237,-6.185468566721405,-7.213050858861019,-6.185468566721405
PKOBP,2017-11,20,xgboost,,ba76209b694c2c924d02d222172ab35c64f134041a4fb9246820a697df445fb6,0,1,90214,-0.7795794010162354,-7.988156635963278,-6.572177786868095,-6.572177786868095
PKOBP,2017-11,20,xgboost,,ba76209b694c2c924d02d222172ab35c64f134041a4fb9246820a697df445fb6,0,2,90199,-0.4697900712490082,-9.021504213793406,-8.149465133820666,-8.149465133820666
PKOBP,2017-11,20,xgboost,,ba76209b694c2c924d02d222172ab35c64f134041a4fb9246820a697df445fb6,0,3,90207,-0.31914761662483215,-9.103780378080602,-8.599553419092487,-8.599553419092487
PKOBP,2017-11,20,xgboost,,ba76209b694c2c924d02d222172ab35c64f134041a4fb9246820a697df445fb6,0,4,90234,-0.1901334524154663,-8.815400246517234,-8.428057640035998,-8.428057640035998
PKOBP,2017-11,20,xgboost,,ba76209b694c2c924d02d222172ab35c64f134041a4fb9246820a697df445fb6,0,5,90177,-0.06292935460805893,-9.07893125920711,-8.975406812403168,-8.976612631139162
PKOBP,2017-11,20,xgboost,,ba76209b694c2c924d02d222172ab35c64f134041a4fb9246820a697df445fb6,0,6,90221,0.06103866174817085,-8.775727071356263,-8.832112691106785,-8.775727071356263
PKOBP,2017-11,20,xgboost,,ba76209b694c2c924d02d222172ab35c64f134041a4fb9246820a697df445fb6,0,7,90227,0.19359073042869568,-8.403577025810005,-8.71288066093285,-8.403577025810005
PKOBP,2017-11,20,xgboost,,ba76209b694c2c924d02d222172ab35c64f134041a4fb9246820a697df445fb6,0,8,90172,0.3500480651855469,-8.525047756725202,-9.136320208132164,-8.525047756725202
PKOBP,2017-11,20,xgboost,,ba76209b694c2c924d02d222172ab35c64f134041a4fb9246820a697df445fb6,0,9,90244,0.5503091216087341,-7.568909993809113,-8.43198602263145,-7.568909993809113
PKOBP,2017-11,20,xgboost,,ba76209b694c2c924d02d222172ab35c64f134041a4fb9246820a697df445fb6,0,10,90166,0.8883354663848877,-6.211170070370134,-7.755701777304436,-6.211170070370134
PKOBP,2017-11,20,xgboost,,ba76209b694c2c924d02d222172ab35c64f134041a4fb9246820a697df445fb6,1,1,90214,-0.7795794010162354,-7.955732107105843,-6.7123104035001475,-6.7123104035001475
PKOBP,2017-11,20,xgboost,,ba76209b694c2c924d02d222172ab35c64f134041a4fb9246820a697df445fb6,1,2,90199,-0.4697900712490082,-8.987672444850443,-8.17266488691765,-8.17266488691765
PKOBP,2017-11,20,xgboost,,ba76209b694c2c924d02d222172ab35c64f134041a4fb9246820a697df445fb6,1,3,90207,-0.31914761662483215,-9.077892451849976,-8.602863776555747,-8.602863776555747
PKOBP,2017-11,20,xgboost,,ba76209b694c2c924d02d222172ab35c64f134041a4fb9246820a697df445fb6,1,4,90234,-0.1901334524154663,-8.794243853669315,-8.421679042722234,-8.421679042722234
PKOBP,2017-11,20,xgboost,,ba76209b694c2c924d02d222172ab35c64f134041a4fb9246820a697df445fb6,1,5,90177,-0.06292935460805893,-9.066275212148513,-8.951479177588823,-8.956652985875026
PKOBP,2017-11,20,xgboost,,ba76209b694c2c924d02d222172ab35c64f134041a4fb9246820a697df445fb6,1,6,90221,0.06103866174817085,-8.749606828187607,-8.79838330384731,-8.749606828187607
PKOBP,2017-11,20,xgboost,,ba76209b694c2c924d02d222172ab35c64f134041a4fb9246820a697df445fb6,1,7,90227,0.19359073042869568,-8.38478505521358,-8.684246855308562,-8.38478505521358
PKOBP,2017-11,20,xgboost,,ba76209b694c2c924d02d222172ab35c64f134041a4fb9246820a697df445fb6,1,8,90172,0.3500480651855469,-8.514616475398265,-9.102598688775469,-8.514616475398265
PKOBP,2017-11,20,xgboost,,ba76209b694c2c924d02d222172ab35c64f134041a4fb9246820a697df445fb6,1,9,90244,0.5503091216087341,-7.589894849584875,-8.41173017688396,-7.589894849584875
PKOBP,2017-11,20,xgboost,,ba76209b694c2c924d02d222172ab35c64f134041a4fb9246820a697df445fb6,1,10,90166,0.8883354663848877,-6.36943977326427,-7.732119821891556,-6.36943977326427
PKOBP,2017-11,20,xgboost,,ba76209b694c2c924d02d222172ab35c64f134041a4fb9246820a697df445fb6,5,1,90214,-0.7795794010162354,-7.90116120152477,-6.963214422368543,-6.963214422368543
PKOBP,2017-11,20,xgboost,,ba76209b694c2c924d02d222172ab35c64f134041a4fb9246820a697df445fb6,5,2,90199,-0.4697900712490082,-8.910807548247925,-8.260065020005662,-8.260065020005662
PKOBP,2017-11,20,xgboost,,ba76209b694c2c924d02d222172ab35c64f134041a4fb9246820a697df445fb6,5,3,90207,-0.31914761662483215,-8.997852161448735,-8.627525177616068,-8.627525177616068
PKOBP,2017-11,20,xgboost,,ba76209b694c2c924d02d222172ab35c64f134041a4fb9246820a697df445fb6,5,4,90234,-0.1901334524154663,-8.741970448788333,-8.44382256527377,-8.44382256527377
PKOBP,2017-11,20,xgboost,,ba76209b694c2c924d02d222172ab35c64f134041a4fb9246820a697df445fb6,5,5,90177,-0.06292935460805893,-9.027241948179642,-8.910423008410849,-8.91016012321879
PKOBP,2017-11,20,xgboost,,ba76209b694c2c924d02d222172ab35c64f134041a4fb9246820a697df445fb6,5,6,90221,0.06103866174817085,-8.69901520403564,-8.72564599853412,-8.69901520403564
PKOBP,2017-11,20,xgboost,,ba76209b694c2c924d02d222172ab35c64f134041a4fb9246820a697df445fb6,5,7,90227,0.19359073042869568,-8.375606795565318,-8.618419000622792,-8.375606795565318
PKOBP,2017-11,20,xgboost,,ba76209b694c2c924d02d222172ab35c64f134041a4fb9246820a697df445fb6,5,8,90172,0.3500480651855469,-8.523023632445458,-9.009601909208452,-8.523023632445458
PKOBP,2017-11,20,xgboost,,ba76209b694c2c924d02d222172ab35c64f134041a4fb9246820a697df445fb6,5,9,90244,0.5503091216087341,-7.689767708439171,-8.34949359895666,-7.689767708439171
PKOBP,2017-11,20,xgboost,,ba76209b694c2c924d02d222172ab35c64f134041a4fb9246820a697df445fb6,5,10,90166,0.8883354663848877,-6.614899008427965,-7.664542493945776,-6.614899008427965
PKOBP,2017-11,50,linear,,02bed851f99142db93a6fbd9a8cce7f12d54ad8c371f7fe0ddb877ce0994b260,0,1,88384,-1.1855907258077905,-7.960342689827923,-5.877733170930654,-5.877733170930654
PKOBP,2017-11,50,linear,,02bed851f99142db93a6fbd9a8cce7f12d54ad8c371f7fe0ddb877ce0994b260,0,2,88370,-0.8899957428033607,-8.885437283992953,-7.611373663902073,-7.611373663902073
PKOBP,2017-11,50,linear,,02bed851f99142db93a6fbd9a8cce7f12d54ad8c371f7fe0ddb877ce0994b260,0,3,88377,-0.6432688352185078,-9.163831159877365,-8.268935839770636,-8.268935839770636
PKOBP,2017-11,50,linear,,02bed851f99142db93a6fbd9a8cce7f12d54ad8c371f7fe0ddb877ce0994b260,0,4,88377,-0.3934476747599652,-9.350135495707995,-8.814761133037912,-8.814761133037912
PKOBP,2017-11,50,linear,,02bed851f99142db93a6fbd9a8cce7f12d54ad8c371f7fe0ddb877ce0994b260,0,5,88387,-0.14251997202643096,-9.150733216686161,-9.038423472597474,-9.038423472597474
PKOBP,2017-11,50,linear,,02bed851f99142db93a6fbd9a8cce7f12d54ad8c371f7fe0ddb877ce0994b260,0,6,88366,0.10551921149439862,-9.02879957733794,-9.096587167910736,-9.016892818213712
PKOBP,2017-11,50,linear,,02bed851f99142db93a6fbd9a8cce7f12d54ad8c371f7fe0ddb877ce0994b260,0,7,88379,0.3617900638458918,-8.446493818559615,-8.930377710973062,-8.446493818559615
PKOBP,2017-11,50,linear,,02bed851f99142db93a6fbd9a8cce7f12d54ad8c371f7fe0ddb877ce0994b260,0,8,88385,0.6231357528845088,-8.394690184382519,-9.256380107953124,-8.394690184382519
PKOBP,2017-11,50,linear,,02bed851f99142db93a6fbd9a8cce7f12d54ad8c371f7fe0ddb877ce0994b260,0,9,88366,0.9081823442316244,-7.439081783611454,-8.838287608045786,-7.439081783611454
PKOBP,2017-11,50,linear,,02bed851f99142db93a6fbd9a8cce7f12d54ad8c371f7fe0ddb877ce0994b260,0,10,88377,1.2476411663831186,-5.925837496999409,-8.296008519734862,-5.925837496999409
PKOBP,2017-11,50,linear,,02bed851f99142db93a6fbd9a8cce7f12d54ad8c371f7fe0ddb877ce0994b260,1,1,88384,-1.1855907258077905,-7.936589210597737,-6.038979171550641,-6.038979171550641
PKOBP,2017-11,50,linear,,02bed851f99142db93a6fbd9a8cce7f12d54ad8c371f7fe0ddb877ce0994b260,1,2,88370,-0.8899957428033607,-8.845351916428903,-7.676209586276675,-7.676209586276675
PKOBP,2017-11,50,linear,,02bed851f99142db93a6fbd9a8cce7f12d54ad8c371f7fe0ddb877ce0994b260,1,3,88377,-0.6432688352185078,-9.125230031612062,-8.278179275781085,-8.278179275781085
PKOBP,2017-11,50,linear,,02bed851f99142db93a6fbd9a8cce7f12d54ad8c371f7fe0ddb877ce0994b260,1,4,88377,-0.3934476747599652,-9.31745712760737,-8.791912015055333,-8.791912015055333
PKOBP,2017-11,50,linear,,02bed851f99142db93a6fbd9a8cce7f12d54ad8c371f7fe0ddb877ce0994b260,1,5,88387,-0.14251997202643096,-9.114157330892095,-8.992622792059294,-8.992622792059294
PKOBP,2017-11,50,linear,,02bed851f99142db93a6fbd9a8cce7f12d54ad8c371f7fe0ddb877ce0994b260,1,6,88366,0.10551921149439862,-9.004502156372661,-9.054921457513494,-8.990583422666933
PKOBP,2017-11,50,linear,,02bed851f99142db93a6fbd9a8cce7f12d54ad8c371f7fe0ddb877ce0994b260,1,7,88379,0.3617900638458918,-8.424197517855328,-8.887322920908465,-8.424197517855328
PKOBP,2017-11,50,linear,,02bed851f99142db93a6fbd9a8cce7f12d54ad8c371f7fe0ddb877ce0994b260,1,8,88385,0.6231357528845088,-8.398174215065177,-9.211142515090682,-8.398174215065177
PKOBP,2017-11,50,linear,,02bed851f99142db93a6fbd9a8cce7f12d54ad8c371f7fe0ddb877ce0994b260,1,9,88366,0.9081823442316244,-7.4864219070381735,-8.805922108595434,-7.4864219070381735
PKOBP,2017-11,50,linear,,02bed851f99142db93a6fbd9a8cce7f12d54ad8c371f7fe0ddb877ce0994b260,1,10,88377,1.2476411663831186,-6.091174971086815,-8.288567794239274,-6.091174971086815
PKOBP,2017-11,50,linear,,02bed851f99142db93a6fbd9a8cce7f12d54ad8c371f7fe0ddb877ce0994b260,5,1,88384,-1.1855907258077905,-7.872834455236253,-6.312259946353809,-6.312259946353809
PKOBP,2017-11,50,linear,,02bed851f99142db93a6fbd9a8cce7f12d54ad8c371f7fe0ddb877ce0994b260,5,2,88370,-0.8899957428033607,-8.748149274117935,-7.817036074347286,-7.817036074347286
PKOBP,2017-11,50,linear,,02bed851f99142db93a6fbd9a8cce7f12d54ad8c371f7fe0ddb877ce0994b260,5,3,88377,-0.6432688352185078,-9.023481297890356,-8.343070867224364,-8.343070867224364
PKOBP,2017-11,50,linear,,02bed851f99142db93a6fbd9a8cce7f12d54ad8c371f7fe0ddb877ce0994b260,5,4,88377,-0.3934476747599652,-9.242909624693752,-8.800620087278078,-8.800620087278078
PKOBP,2017-11,50,linear,,02bed851f99142db93a6fbd9a8cce7f12d54ad8c371f7fe0ddb877ce0994b260,5,5,88387,-0.14251997202643096,-9.058380716355066,-8.937734547281627,-8.937734547281627
PKOBP,2017-11,50,linear,,02bed851f99142db93a6fbd9a8cce7f12d54ad8c371f7fe0ddb877ce0994b260,5,6,88366,0.10551921149439862,-8.983422370632804,-8.994946110229314,-8.959141032693656
PKOBP,2017-11,50,linear,,02bed851f99142db93a6fbd9a8cce7f12d54ad8c371f7fe0ddb877ce0994b260,5,7,88379,0.3617900638458918,-8.407856138025133,-8.800327050998334,-8.407856138025133
PKOBP,2017-11,50,linear,,02bed851f99142db93a6fbd9a8cce7f12d54ad8c371f7fe0ddb877ce0994b260,5,8,88385,0.6231357528845088,-8.43342564472176,-9.099869324146384,-8.43342564472176
PKOBP,2017-11,50,linear,,02bed851f99142db93a6fbd9a8cce7f12d54ad8c371f7fe0ddb877ce0994b260,5,9,88366,0.9081823442316244,-7.599854277393017,-8.704280598461267,-7.599854277393017
PKOBP,2017-11,50,linear,,02bed851f99142db93a6fbd9a8cce7f12d54ad8c371f7fe0ddb877ce0994b260,5,10,88377,1.2476411663831186,-6.368773583446059,-8.201431704210144,-6.368773583446059
PKOBP,2017-11,50,xgboost,,2f524ef7aab8c3e6f568bb7212014890787ceffc1ccf255a5f22bd2c2975de7d,0,1,88416,-1.220131754875183,-8.91927589746228,-6.714985304594136,-6.714985304594136
PKOBP,2017-11,50,xgboost,,2f524ef7aab8c3e6f568bb7212014890787ceffc1ccf255a5f22bd2c2975de7d,0,2,88339,-0.7778996229171753,-9.226614445874311,-7.8953962365469055,-7.8953962365469055
PKOBP,2017-11,50,xgboost,,2f524ef7aab8c3e6f568bb7212014890787ceffc1ccf255a5f22bd2c2975de7d,0,3,88387,-0.5180743336677551,-9.397978601846605,-8.63415484938428,-8.63415484938428
PKOBP,2017-11,50,xgboost,,2f524ef7aab8c3e6f568bb7212014890787ceffc1ccf255a5f22bd2c2975de7d,0,4,88377,-0.2928086817264557,-9.346877442799416,-8.771427525174635,-8.771427525174635
PKOBP,2017-11,50,xgboost,,2f524ef7aab8c3e6f568bb7212014890787ceffc1ccf255a5f22bd2c2975de7d,0,5,88365,-0.08759240806102753,-8.867732414021766,-8.620247388906058,-8.599668262379469
PKOBP,2017-11,50,xgboost,,2f524ef7aab8c3e6f568bb7212014890787ceffc1ccf255a5f22bd2c2975de7d,0,6,88408,0.12430120259523392,-8.47933952409166,-8.63397193228973,-8.47933952409166
PKOBP,2017-11,50,xgboost,,2f524ef7aab8c3e6f568bb7212014890787ceffc1ccf255a5f22bd2c2975de7d,0,7,88346,0.3514494299888611,-7.891396994793122,-8.366411865539442,-7.891396994793122
PKOBP,2017-11,50,xgboost,,2f524ef7aab8c3e6f568bb7212014890787ceffc1ccf255a5f22bd2c2975de7d,0,8,88390,0.5911791920661926,-7.778990565918645,-8.70381068235734,-7.778990565918645
PKOBP,2017-11,50,xgboost,,2f524ef7aab8c3e6f568bb7212014890787ceffc1ccf255a5f22bd2c2975de7d,0,9,88363,0.9062005877494812,-7.208823605275688,-8.519674475638991,-7.208823605275688
PKOBP,2017-11,50,xgboost,,2f524ef7aab8c3e6f568bb7212014890787ceffc1ccf255a5f22bd2c2975de7d,0,10,88377,1.3913270235061646,-6.628180076082618,-9.169081768707779,-6.628180076082618
PKOBP,2017-11,50,xgboost,,2f524ef7aab8c3e6f568bb7212014890787ceffc1ccf255a5f22bd2c2975de7d,1,1,88416,-1.220131754875183,-8.871488862975902,-6.859637506457143,-6.859637506457143
PKOBP,2017-11,50,xgboost,,2f524ef7aab8c3e6f568bb7212014890787ceffc1ccf255a5f22bd2c2975de7d,1,2,88339,-0.7778996229171753,-9.186229174832732,-7.926017430118544,-7.926017430118544
PKOBP,2017-11,50,xgboost,,2f524ef7aab8c3e6f568bb7212014890787ceffc1ccf255a5f22bd2c2975de7d,1,3,88387,-0.5180743336677551,-9.359282636317184,-8.639961546580812,-8.639961546580812
PKOBP,2017-11,50,xgboost,,2f524ef7aab8c3e6f568bb7212014890787ceffc1ccf255a5f22bd2c2975de7d,1,4,88377,-0.2928086817264557,-9.324543438186582,-8.757420952758805,-8.757420952758805
PKOBP,2017-11,50,xgboost,,2f524ef7aab8c3e6f568bb7212014890787ceffc1ccf255a5f22bd2c2975de7d,1,5,88365,-0.08759240806102753,-8.851458155348967,-8.61034846484088,-8.589948653485799
PKOBP,2017-11,50,xgboost,,2f524ef7aab8c3e6f568bb7212014890787ceffc1ccf255a5f22bd2c2975de7d,1,6,88408,0.12430120259523392,-8.463993279252426,-8.606875388651801,-8.463993279252426
PKOBP,2017-11,50,xgboost,,2f524ef7aab8c3e6f568bb7212014890787ceffc1ccf255a5f22bd2c2975de7d,1,7,88346,0.3514494299888611,-7.886689921893372,-8.338921573361032,-7.886689921893372
PKOBP,2017-11,50,xgboost,,2f524ef7aab8c3e6f568bb7212014890787ceffc1ccf255a5f22bd2c2975de7d,1,8,88390,0.5911791920661926,-7.78494313977924,-8.657157970465898,-7.78494313977924
PKOBP,2017-11,50,xgboost,,2f524ef7aab8c3e6f568bb7212014890787ceffc1ccf255a5f22bd2c2975de7d,1,9,88363,0.9062005877494812,-7.246017886729132,-8.490036934725872,-7.246017886729132
PKOBP,2017-11,50,xgboost,,2f524ef7aab8c3e6f568bb7212014890787ceffc1ccf255a5f22bd2c2975de7d,1,10,88377,1.3913270235061646,-6.7684454885305785,-9.139651463264782,-6.7684454885305785
PKOBP,2017-11,50,xgboost,,2f524ef7aab8c3e6f568bb7212014890787ceffc1ccf255a5f22bd2c2975de7d,5,1,88416,-1.220131754875183,-8.74979768198751,-7.103899146068282,-7.103899146068282
PKOBP,2017-11,50,xgboost,,2f524ef7aab8c3e6f568bb7212014890787ceffc1ccf255a5f22bd2c2975de7d,5,2,88339,-0.7778996229171753,-9.071877290581364,-8.038597736125451,-8.038597736125451
PKOBP,2017-11,50,xgboost,,2f524ef7aab8c3e6f568bb7212014890787ceffc1ccf255a5f22bd2c2975de7d,5,3,88387,-0.5180743336677551,-9.253012682501469,-8.694837430701654,-8.694837430701654
PKOBP,2017-11,50,xgboost,,2f524ef7aab8c3e6f568bb7212014890787ceffc1ccf255a5f22bd2c2975de7d,5,4,88377,-0.2928086817264557,-9.25397464442281,-8.78724003122337,-8.78724003122337
PKOBP,2017-11,50,xgboost,,2f524ef7aab8c3e6f568bb7212014890787ceffc1ccf255a5f22bd2c2975de7d,5,5,88365,-0.08759240806102753,-8.820334944016313,-8.600661964932124,-8.576948137032506
PKOBP,2017-11,50,xgboost,,2f524ef7aab8c3e6f568bb7212014890787ceffc1ccf255a5f22bd2c2975de7d,5,6,88408,0.12430120259523392,-8.458153949106052,-8.563351757586073,-8.458153949106052
PKOBP,2017-11,50,xgboost,,2f524ef7aab8c3e6f568bb7212014890787ceffc1ccf255a5f22bd2c2975de7d,5,7,88346,0.3514494299888611,-7.917818314179145,-8.258564701216395,-7.917818314179145
PKOBP,2017-11,50,xgboost,,2f524ef7aab8c3e6f568bb7212014890787ceffc1ccf255a5f22bd2c2975de7d,5,8,88390,0.5911791920661926,-7.822213847023377,-8.57197037521461,-7.822213847023377
PKOBP,2017-11,50,xgboost,,2f524ef7aab8c3e6f568bb7212014890787ceffc1ccf255a5f22bd2c2975de7d,5,9,88363,0.9062005877494812,-7.370483129735773,-8.400023486599876,-7.370483129735773
PKOBP,2017-11,50,xgboost,,2f524ef7aab8c3e6f568bb7212014890787ceffc1ccf255a5f22bd2c2975de7d,5,10,88377,1.3913270235061646,-7.0212836955774245,-8.992610073489951,-7.0212836955774245
PZU,2017-04,10,linear,,f8a2bb520230cfa8f6278ddc1a2d4823d0962d241a31c8accc10d62d4137f355,0,1,95269,-0.5235123513389784,-5.652730494855923,-4.693827951930328,-4.693827951930328
PZU,2017-04,10,linear,,f8a2bb520230cfa8f6278ddc1a2d4823d0962d241a31c8accc10d62d4137f355,0,2,95262,-0.36265878410214464,-8.091686784289951,-7.430994739173946,-7.430994739173946
PZU,2017-04,10,linear,,f8a2bb520230cfa8f6278ddc1a2d4823d0962d241a31c8accc10d62d4137f355,0,3,95270,-0.24391804099611175,-9.498901456902205,-9.057082015804436,-9.057082015804436
PZU,2017-04,10,linear,,f8a2bb520230cfa8f6278ddc1a2d4823d0962d241a31c8accc10d62d4137f355,0,4,95258,-0.13391025854652694,-10.096998470645225,-9.894119453061665,-9.894119453061665
PZU,2017-04,10,linear,,f8a2bb520230cfa8f6278ddc1a2d4823d0962d241a31c8accc10d62d4137f355,0,5,95261,-0.028593143128071725,-10.631602909215276,-10.588882506213087,-10.592629958520735
PZU,2017-04,10,linear,,f8a2bb520230cfa8f6278ddc1a2d4823d0962d241a31c8accc10d62d4137f355,0,6,95263,0.07512054153569261,-11.560367394900354,-11.711472663513655,-11.560367394900354
PZU,2017-04,10,linear,,f8a2bb520230cfa8f6278ddc1a2d4823d0962d241a31c8accc10d62d4137f355,0,7,95264,0.1764520816688615,-10.510806976574811,-10.780642191150482,-10.510806976574811
PZU,2017-04,10,linear,,f8a2bb520230cfa8f6278ddc1a2d4823d0962d241a31c8accc10d62d4137f355,0,8,95268,0.2855662675743648,-9.180816471225294,-9.6803521596624,-9.180816471225294
PZU,2017-04,10,linear,,f8a2bb520230cfa8f6278ddc1a2d4823d0962d241a31c8accc10d62d4137f355,0,9,95260,0.40373124374697483,-7.589185256298996,-8.284997900565878,-7.589185256298996
PZU,2017-04,10,linear,,f8a2bb520230cfa8f6278ddc1a2d4823d0962d241a31c8accc10d62d4137f355,0,10,95264,0.5546752995928166,-4.9349011378069125,-5.899562957920309,-4.9349011378069125
PZU,2017-04,10,linear,,f8a2bb520230cfa8f6278ddc1a2d4823d0962d241a31c8accc10d62d4137f355,1,1,95269,-0.5235123513389784,-5.691664709228105,-4.874115975146768,-4.874115975146768
PZU,2017-04,10,linear,,f8a2bb520230cfa8f6278ddc1a2d4823d0962d241a31c8accc10d62d4137f355,1,2,95262,-0.36265878410214464,-8.084496095733439,-7.478455706896779,-7.478455706896779
PZU,2017-04,10,linear,,f8a2bb520230cfa8f6278ddc1a2d4823d0962d241a31c8accc10d62d4137f355,1,3,95270,-0.24391804099611175,-9.463903399216246,-9.05727552485812,-9.05727552485812
PZU,2017-04,10,linear,,f8a2bb520230cfa8f6278ddc1a2d4823d0962d241a31c8accc10d62d4137f355,1,4,95258,-0.13391025854652694,-10.044383251658308,-9.864055968969046,-9.864055968969046
PZU,2017-04,10,linear,,f8a2bb520230cfa8f6278ddc1a2d4823d0962d241a31c8accc10d62d4137f355,1,5,95261,-0.028593143128071725,-10.573039349987223,-10.522529337112918,-10.523141138079811
PZU,2017-04,10,linear,,f8a2bb520230cfa8f6278ddc1a2d4823d0962d241a31c8accc10d62d4137f355,1,6,95263,0.07512054153569261,-11.500572383450704,-11.655299947452827,-11.500572383450704
PZU,2017-04,10,linear,,f8a2bb520230cfa8f6278ddc1a2d4823d0962d241a31c8accc10d62d4137f355,1,7,95264,0.1764520816688615,-10.471764056431574,-10.743351285843152,-10.471764056431574
PZU,2017-04,10,linear,,f8a2bb520230cfa8f6278ddc1a2d4823d0962d241a31c8accc10d62d4137f355,1,8,95268,0.2855662675743648,-9.17406759867536,-9.63538225201034,-9.17406759867536
PZU,2017-04,10,linear,,f8a2bb520230cfa8f6278ddc1a2d4823d0962d241a31c8accc10d62d4137f355,1,9,95260,0.40373124374697483,-7.622287032295341,-8.259690304191338,-7.622287032295341
PZU,2017-04,10,linear,,f8a2bb520230cfa8f6278ddc1a2d4823d0962d241a31c8accc10d62d4137f355,1,10,95264,0.5546752995928166,-5.120847878726574,-5.9299194521814185,-5.120847878726574
PZU,2017-04,10,linear,,f8a2bb520230cfa8f6278ddc1a2d4823d0962d241a31c8accc10d62d4137f355,5,1,95269,-0.5235123513389784,-5.811727728691422,-5.206316534141369,-5.206316534141369
PZU,2017-04,10,linear,,f8a2bb520230cfa8f6278ddc1a2d4823d0962d241a31c8accc10d62d4137f355,5,2,95262,-0.36265878410214464,-8.049038207381196,-7.608066106112221,-7.608066106112221
PZU,2017-04,10,linear,,f8a2bb520230cfa8f6278ddc1a2d4823d0962d241a31c8accc10d62d4137f355,5,3,95270,-0.24391804099611175,-9.370239052723852,-9.070301800106085,-9.070301800106085
PZU,2017-04,10,linear,,f8a2bb520230cfa8f6278ddc1a2d4823d0962d241a31c8accc10d62d4137f355,5,4,95258,-0.13391025854652694,-9.95873654567422,-9.811336421516444,-9.811336421516444
PZU,2017-04,10,linear,,f8a2bb520230cfa8f6278ddc1a2d4823d0962d241a31c8accc10d62d4137f355,5,5,95261,-0.028593143128071725,-10.455682005550944,-10.42212998108426,-10.41245991778099
PZU,2017-04,10,linear,,f8a2bb520230cfa8f6278ddc1a2d4823d0962d241a31c8accc10d62d4137f355,5,6,95263,0.07512054153569261,-11.385598148666768,-11.53642174925835,-11.385598148666768
PZU,2017-04,10,linear,,f8a2bb520230cfa8f6278ddc1a2d4823d0962d241a31c8accc10d62d4137f355,5,7,95264,0.1764520816688615,-10.413774908247426,-10.621658511387277,-10.413774908247426
PZU,2017-04,10,linear,,f8a2bb520230cfa8f6278ddc1a2d4823d0962d241a31c8accc10d62d4137f355,5,8,95268,0.2855662675743648,-9.179200110213575,-9.534534081706402,-9.179200110213575
PZU,2017-04,10,linear,,f8a2bb520230cfa8f6278ddc1a2d4823d0962d241a31c8accc10d62d4137f355,5,9,95260,0.40373124374697483,-7.713036915438914,-8.21118680988765,-7.713036915438914
PZU,2017-04,10,linear,,f8a2bb520230cfa8f6278ddc1a2d4823d0962d241a31c8accc10d62d4137f355,5,10,95264,0.5546752995928166,-5.403076423825792,-5.990181982997088,-5.403076423825792
PZU,2017-04,10,xgboost,,ad4e7c97fcea943418442ad03ac89a2af84c2bdcefc02de954543e22639b0d46,0,1,95264,-0.621565043926239,-6.689642451367477,-5.634163622929073,-5.634163622929073
PZU,2017-04,10,xgboost,,ad4e7c97fcea943418442ad03ac89a2af84c2bdcefc02de954543e22639b0d46,0,2,95278,-0.3284180760383606,-8.382384001469003,-7.777358819211805,-7.777358819211805
PZU,2017-04,10,xgboost,,ad4e7c97fcea943418442ad03ac89a2af84c2bdcefc02de954543e22639b0d46,0,3,95257,-0.19905586540699005,-9.849651901363552,-9.43121957745835,-9.43121957745835
PZU,2017-04,10,xgboost,,ad4e7c97fcea943418442ad03ac89a2af84c2bdcefc02de954543e22639b0d46,0,4,95298,-0.11546710878610611,-9.449063058600672,-9.273584237071297,-9.273584237071297
PZU,2017-04,10,xgboost,,ad4e7c97fcea943418442ad03ac89a2af84c2bdcefc02de954543e22639b0d46,0,5,95248,-0.03834632784128189,-9.681097412515491,-9.650169999940589,-9.655181442211106
PZU,2017-04,10,xgboost,,ad4e7c97fcea943418442ad03ac89a2af84c2bdcefc02de954543e22639b0d46,0,6,95238,0.048372406512498856,-9.117468602375006,-9.283557286339429,-9.117468602375006
PZU,2017-04,10,xgboost,,ad4e7c97fcea943418442ad03ac89a2af84c2bdcefc02de954543e22639b0d46,0,7,95265,0.1252848207950592,-9.648756423873778,-9.913037319167714,-9.648756423873778
PZU,2017-04,10,xgboost,,ad4e7c97fcea943418442ad03ac89a2af84c2bdcefc02de954543e22639b0d46,0,8,95265,0.23039613664150238,-9.833277740724647,-10.2954047051244,-9.833277740724647
PZU,2017-04,10,xgboost,,ad4e7c97fcea943418442ad03ac89a2af84c2bdcefc02de954543e22639b0d46,0,9,95264,0.3718511164188385,-8.902164465667363,-9.556383610638314,-8.902164465667363
PZU,2017-04,10,xgboost,,ad4e7c97fcea943418442ad03ac89a2af84c2bdcefc02de954543e22639b0d46,0,10,95262,0.6578873991966248,-6.1943505017822025,-7.207029146571813,-6.1943505017822025
PZU,2017-04,10,xgboost,,ad4e7c97fcea943418442ad03ac89a2af84c2bdcefc02de954543e22639b0d46,1,1,95264,-0.621565043926239,-6.68507198937887,-5.8042408313094125,-5.8042408313094125
PZU,2017-04,10,xgboost,,ad4e7c97fcea943418442ad03ac89a2af84c2bdcefc02de954543e22639b0d46,1,2,95278,-0.3284180760383606,-8.361519646601806,-7.794705524364582,-7.794705524364582
PZU,2017-04,10,xgboost,,ad4e7c97fcea943418442ad03ac89a2af84c2bdcefc02de954543e22639b0d46,1,3,95257,-0.19905586540699005,-9.822533293096976,-9.421138144123278,-9.421138144123278
PZU,2017-04,10,xgboost,,ad4e7c97fcea943418442ad03ac89a2af84c2bdcefc02de954543e22639b0d46,1,4,95298,-0.11546710878610611,-9.424312954617593,-9.258931032077758,-9.258931032077758
PZU,2017-04,10,xgboost,,ad4e7c97fcea943418442ad03ac89a2af84c2bdcefc02de954543e22639b0d46,1,5,95248,-0.03834632784128189,-9.652977281622796,-9.61430152523913,-9.619572468737685
PZU,2017-04,10,xgboost,,ad4e7c97fcea943418442ad03ac89a2af84c2bdcefc02de954543e22639b0d46,1,6,95238,0.048372406512498856,-9.101042419633847,-9.270566132575821,-9.101042419633847
PZU,2017-04,10,xgboost,,ad4e7c97fcea943418442ad03ac89a2af84c2bdcefc02de954543e22639b0d46,1,7,95265,0.1252848207950592,-9.621089758283546,-9.877842819532363,-9.621089758283546
PZU,2017-04,10,xgboost,,ad4e7c97fcea943418442ad03ac89a2af84c2bdcefc02de954543e22639b0d46,1,8,95265,0.23039613664150238,-9.810968810675325,-10.252257072124904,-9.810968810675325
PZU,2017-04,10,xgboost,,ad4e7c97fcea943418442ad03ac89a2af84c2bdcefc02de954543e22639b0d46,1,9,95264,0.3718511164188385,-8.899608881127552,-9.525661797137563,-8.899608881127552
PZU,2017-04,10,xgboost,,ad4e7c97fcea943418442ad03ac89a2af84c2bdcefc02de954543e22639b0d46,1,10,95262,0.6578873991966248,-6.367768896383359,-7.200409940294947,-6.367768896383359
PZU,2017-04,10,xgboost,,ad4e7c97fcea943418442ad03ac89a2af84c2bdcefc02de954543e22639b0d46,5,1,95264,-0.621565043926239,-6.738192574852592,-6.148340739849147,-6.148340739849147
PZU,2017-04,10,xgboost,,ad4e7c97fcea943418442ad03ac89a2af84c2bdcefc02de954543e22639b0d46,5,2,95278,-0.3284180760383606,-8.339473037506039,-7.908760030022823,-7.908760030022823
PZU,2017-04,10,xgboost,,ad4e7c97fcea943418442ad03ac89a2af84c2bdcefc02de954543e22639b0d46,5,3,95257,-0.19905586540699005,-9.747094585271652,-9.429962619266654,-9.429962619266654
PZU,2017-04,10,xgboost,,ad4e7c97fcea943418442ad03ac89a2af84c2bdcefc02de954543e22639b0d46,5,4,95298,-0.11546710878610611,-9.363096366232975,-9.233228082894495,-9.233228082894495
PZU,2017-04,10,xgboost,,ad4e7c97fcea943418442ad03ac89a2af84c2bdcefc02de954543e22639b0d46,5,5,95248,-0.03834632784128189,-9.582244659033393,-9.530607018230969,-9.536338765751362
PZU,2017-04,10,xgboost,,ad4e7c97fcea943418442ad03ac89a2af84c2bdcefc02de954543e22639b0d46,5,6,95238,0.048372406512498856,-9.07250682186181,-9.230070939051197,-9.07250682186181
PZU,2017-04,10,xgboost,,ad4e7c97fcea943418442ad03ac89a2af84c2bdcefc02de954543e22639b0d46,5,7,95265,0.1252848207950592,-9.564402140963473,-9.779525231075004,-9.564402140963473
PZU,2017-04,10,xgboost,,ad4e7c97fcea943418442ad03ac89a2af84c2bdcefc02de954543e22639b0d46,5,8,95265,0.23039613664150238,-9.771098144562568,-10.131469943644575,-9.771098144562568
PZU,2017-04,10,xgboost,,ad4e7c97fcea943418442ad03ac89a2af84c2bdcefc02de954543e22639b0d46,5,9,95264,0.3718511164188385,-8.946413126803558,-9.434886019230847,-8.946413126803558
PZU,2017-04,10,xgboost,,ad4e7c97fcea943418442ad03ac89a2af84c2bdcefc02de954543e22639b0d46,5,10,95262,0.6578873991966248,-6.615470705151986,-7.1852534195055915,-6.615470705151986
PZU,2017-04,20,linear,,d2393706411c899913cc72ff7fa9aba60d3fd30d4326ee061dbc8a307544a948,0,1,94493,-0.8298096817757167,-6.10573935610337,-4.625360808256381,-4.625360808256381
PZU,2017-04,20,linear,,d2393706411c899913cc72ff7fa9aba60d3fd30d4326ee061dbc8a307544a948,0,2,94476,-0.5761403645346752,-8.268769710674357,-7.286263151537914,-7.286263151537914
PZU,2017-04,20,linear,,d2393706411c899913cc72ff7fa9aba60d3fd30d4326ee061dbc8a307544a948,0,3,94479,-0.38773454040397815,-9.525346147337235,-8.85699748582755,-8.85699748582755
PZU,2017-04,20,linear,,d2393706411c899913cc72ff7fa9aba60d3fd30d4326ee061dbc8a307544a948,0,4,94483,-0.21176587008810177,-9.949119261413406,-9.658784526613063,-9.658784526613063
PZU,2017-04,20,linear,,d2393706411c899913cc72ff7fa9aba60d3fd30d4326ee061dbc8a307544a948,0,5,94480,-0.043500189722976576,-10.36707862123954,-10.321320388260947,-10.308850347214456
PZU,2017-04,20,linear,,d2393706411c899913cc72ff7fa9aba60d3fd30d4326ee061dbc8a307544a948,0,6,94483,0.1260390951830712,-10.942488627481408,-11.205090824416503,-10.942488627481408
PZU,2017-04,20,linear,,d2393706411c899913cc72ff7fa9aba60d3fd30d4326ee061dbc8a307544a948,0,7,94481,0.28711773967177595,-10.71824306060875,-11.165903568007941,-10.71824306060875
PZU,2017-04,20,linear,,d2393706411c899913cc72ff7fa9aba60d3fd30d4326ee061dbc8a307544a948,0,8,94482,0.4569617252720732,-9.196771880037915,-9.977121187065979,-9.196771880037915
PZU,2017-04,20,linear,,d2393706411c899913cc72ff7fa9aba60d3fd30d4326ee061dbc8a307544a948,0,9,94487,0.6387798098317857,-7.668114633027593,-8.77415996306837,-7.668114633027593
PZU,2017-04,20,linear,,d2393706411c899913cc72ff7fa9aba60d3fd30d4326ee061dbc8a307544a948,0,10,94478,0.8659920701531015,-5.020409891086563,-6.454175853332408,-5.020409891086563
PZU,2017-04,20,linear,,d2393706411c899913cc72ff7fa9aba60d3fd30d4326ee061dbc8a307544a948,1,1,94493,-0.8298096817757167,-6.137351515828327,-4.810800840312056,-4.810800840312056
PZU,2017-04,20,linear,,d2393706411c899913cc72ff7fa9aba60d3fd30d4326ee061dbc8a307544a948,1,2,94476,-0.5761403645346752,-8.250953165114407,-7.343148035495937,-7.343148035495937
PZU,2017-04,20,linear,,d2393706411c899913cc72ff7fa9aba60d3fd30d4326ee061dbc8a307544a948,1,3,94479,-0.38773454040397815,-9.48122255326177,-8.861331013947646,-8.861331013947646
PZU,2017-04,20,linear,,d2393706411c899913cc72ff7fa9aba60d3fd30d4326ee061dbc8a307544a948,1,4,94483,-0.21176587008810177,-9.90647030045761,-9.63213419755776,-9.63213419755776
PZU,2017-04,20,linear,,d2393706411c899913cc72ff7fa9aba60d3fd30d4326ee061dbc8a307544a948,1,5,94480,-0.043500189722976576,-10.30468588491008,-10.267050589539775,-10.250440873946285
PZU,2017-04,20,linear,,d2393706411c899913cc72ff7fa9aba60d3fd30d4326ee061dbc8a307544a948,1,6,94483,0.1260390951830712,-10.893680017648006,-11.155781698919471,-10.893680017648006
PZU,2017-04,20,linear,,d2393706411c899913cc72ff7fa9aba60d3fd30d4326ee061dbc8a307544a948,1,7,94481,0.28711773967177595,-10.685729891111299,-11.11892995970802,-10.685729891111299
PZU,2017-04,20,linear,,d2393706411c899913cc72ff7fa9aba60d3fd30d4326ee061dbc8a307544a948,1,8,94482,0.4569617252720732,-9.191303675620986,-9.929370805312809,-9.191303675620986
PZU,2017-04,20,linear,,d2393706411c899913cc72ff7fa9aba60d3fd30d4326ee061dbc8a307544a948,1,9,94487,0.6387798098317857,-7.70516501075463,-8.734277341156934,-7.70516501075463
PZU,2017-04,20,linear,,d2393706411c899913cc72ff7fa9aba60d3fd30d4326ee061dbc8a307544a948,1,10,94478,0.8659920701531015,-5.205589350544497,-6.469959926670654,-5.205589350544497
PZU,2017-04,20,linear,,d2393706411c899913cc72ff7fa9aba60d3fd30d4326ee061dbc8a307544a948,5,1,94493,-0.8298096817757167,-6.213722254763918,-5.161632060925374,-5.161632060925374
PZU,2017-04,20,linear,,d2393706411c899913cc72ff7fa9aba60d3fd30d4326ee061dbc8a307544a948,5,2,94476,-0.5761403645346752,-8.194583950091534,-7.50361667951158,-7.50361667951158
PZU,2017-04,20,linear,,d2393706411c899913cc72ff7fa9aba60d3fd30d4326ee061dbc8a307544a948,5,3,94479,-0.38773454040397815,-9.367555622391377,-8.897797926469257,-8.897797926469257
PZU,2017-04,20,linear,,d2393706411c899913cc72ff7fa9aba60d3fd30d4326ee061dbc8a307544a948,5,4,94483,-0.21176587008810177,-9.827288783112156,-9.591450167764295,-9.591450167764295
PZU,2017-04,20,linear,,d2393706411c899913cc72ff7fa9aba60d3fd30d4326ee061dbc8a307544a948,5,5,94480,-0.043500189722976576,-10.217874243322175,-10.192523330878927,-10.169304754973403
PZU,2017-04,20,linear,,d2393706411c899913cc72ff7fa9aba60d3fd30d4326ee061dbc8a307544a948,5,6,94483,0.1260390951830712,-10.803812441742084,-11.045000704351395,-10.803812441742084
PZU,2017-04,20,linear,,d2393706411c899913cc72ff7fa9aba60d3fd30d4326ee061dbc8a307544a948,5,7,94481,0.28711773967177595,-10.624853477061958,-10.998519487207401,-10.624853477061958
PZU,2017-04,20,linear,,d2393706411c899913cc72ff7fa9aba60d3fd30d4326ee061dbc8a307544a948,5,8,94482,0.4569617252720732,-9.212883490294544,-9.801106229951866,-9.212883490294544
PZU,2017-04,20,linear,,d2393706411c899913cc72ff7fa9aba60d3fd30d4326ee061dbc8a307544a948,5,9,94487,0.6387798098317857,-7.8052179281679095,-8.643656709163606,-7.8052179281679095
PZU,2017-04,20,linear,,d2393706411c899913cc72ff7fa9aba60d3fd30d4326ee061dbc8a307544a948,5,10,94478,0.8659920701531015,-5.491673931931821,-6.480444048477588,-5.491673931931821
PZU,2017-04,20,xgboost,,9a90d1facea1e0561e590f1562cb98c6223eee9ba726475b6f3b6f2b6b36e4d3,0,1,94491,-0.9238721132278442,-6.891999236288429,-5.3655986580083175,-5.3655986580083175
PZU,2017-04,20,xgboost,,9a90d1facea1e0561e590f1562cb98c6223eee9ba726475b6f3b6f2b6b36e4d3,0,2,94474,-0.5359589457511902,-8.596681446109088,-7.575519389659972,-7.575519389659972
PZU,2017-04,20,xgboost,,9a90d1facea1e0561e590f1562cb98c6223eee9ba726475b6f3b6f2b6b36e4d3,0,3,94487,-0.3421080410480499,-9.32153054549989,-8.80459930097323,-8.80459930097323
PZU,2017-04,20,xgboost,,9a90d1facea1e0561e590f1562cb98c6223eee9ba726475b6f3b6f2b6b36e4d3,0,4,94482,-0.20406991243362427,-9.541387234066713,-9.24949436591963,-9.24949436591963
PZU,2017-04,20,xgboost,,9a90d1facea1e0561e590f1562cb98c6223eee9ba726475b6f3b6f2b6b36e4d3,0,5,94477,-0.06660342216491699,-9.570330568866607,-9.59334073112445,-9.583291966673276
PZU,2017-04,20,xgboost,,9a90d1facea1e0561e590f1562cb98c6223eee9ba726475b6f3b6f2b6b36e4d3,0,6,94483,0.07288460433483124,-9.364349748469104,-9.591936434605222,-9.364349748469104
PZU,2017-04,20,xgboost,,9a90d1facea1e0561e590f1562cb98c6223eee9ba726475b6f3b6f2b6b36e4d3,0,7,94482,0.21307633817195892,-9.589453684257547,-10.033085471290388,-9.589453684257547
PZU,2017-04,20,xgboost,,9a90d1facea1e0561e590f1562cb98c6223eee9ba726475b6f3b6f2b6b36e4d3,0,8,94503,0.3886955678462982,-9.820971435611709,-10.546080448774918,-9.820971435611709
PZU,2017-04,20,xgboost,,9a90d1facea1e0561e590f1562cb98c6223eee9ba726475b6f3b6f2b6b36e4d3,0,9,94473,0.6088447570800781,-8.573368184052844,-9.65516656058276,-8.573368184052844
PZU,2017-04,20,xgboost,,9a90d1facea1e0561e590f1562cb98c6223eee9ba726475b6f3b6f2b6b36e4d3,0,10,94470,1.004786729812622,-6.491417613769427,-7.909877073432823,-6.491417613769427
PZU,2017-04,20,xgboost,,9a90d1facea1e0561e590f1562cb98c6223eee9ba726475b6f3b6f2b6b36e4d3,1,1,94491,-0.9238721132278442,-6.891706031379214,-5.546215676080229,-5.546215676080229
PZU,2017-04,20,xgboost,,9a90d1facea1e0561e590f1562cb98c6223eee9ba726475b6f3b6f2b6b36e4d3,1,2,94474,-0.5359589457511902,-8.57241509220154,-7.602451787225044,-7.602451787225044
PZU,2017-04,20,xgboost,,9a90d1facea1e0561e590f1562cb98c6223eee9ba726475b6f3b6f2b6b36e4d3,1,3,94487,-0.3421080410480499,-9.294953989422885,-8.800611172505896,-8.800611172505896
PZU,2017-04,20,xgboost,,9a90d1facea1e0561e590f1562cb98c6223eee9ba726475b6f3b6f2b6b36e4d3,1,4,94482,-0.20406991243362427,-9.513717463820905,-9.238926527355952,-9.238926527355952
PZU,2017-04,20,xgboost,,9a90d1facea1e0561e590f1562cb98c6223eee9ba726475b6f3b6f2b6b36e4d3,1,5,94477,-0.06660342216491699,-9.540920722474562,-9.565387379647795,-9.555940781234066
PZU,2017-04,20,xgboost,,9a90d1facea1e0561e590f1562cb98c6223eee9ba726475b6f3b6f2b6b36e4d3,1,6,94483,0.07288460433483124,-9.345030492430885,-9.56985389059774,-9.345030492430885
PZU,2017-04,20,xgboost,,9a90d1facea1e0561e590f1562cb98c6223eee9ba726475b6f3b6f2b6b36e4d3,1,7,94482,0.21307633817195892,-9.57159628419874,-10.001733690794122,-9.57159628419874
PZU,2017-04,20,xgboost,,9a90d1facea1e0561e590f1562cb98c6223eee9ba726475b6f3b6f2b6b36e4d3,1,8,94503,0.3886955678462982,-9.805120474121885,-10.489515592196405,-9.805120474121885
PZU,2017-04,20,xgboost,,9a90d1facea1e0561e590f1562cb98c6223eee9ba726475b6f3b6f2b6b36e4d3,1,9,94473,0.6088447570800781,-8.588264111654956,-9.617152221213036,-8.588264111654956
PZU,2017-04,20,xgboost,,9a90d1facea1e0561e590f1562cb98c6223eee9ba726475b6f3b6f2b6b36e4d3,1,10,94470,1.004786729812622,-6.637857811129947,-7.890463578449648,-6.637857811129947
PZU,2017-04,20,xgboost,,9a90d1facea1e0561e590f1562cb98c6223eee9ba726475b6f3b6f2b6b36e4d3,5,1,94491,-0.9238721132278442,-6.904194641944707,-5.892714423728695,-5.892714423728695
PZU,2017-04,20,xgboost,,9a90d1facea1e0561e590f1562cb98c6223eee9ba726475b6f3b6f2b6b36e4d3,5,2,94474,-0.5359589457511902,-8.508232771006538,-7.75955468718176,-7.75955468718176
PZU,2017-04,20,xgboost,,9a90d1facea1e0561e590f1562cb98c6223eee9ba726475b6f3b6f2b6b36e4d3,5,3,94487,-0.3421080410480499,-9.232055338874098,-8.845236790687352,-8.845236790687352
PZU,2017-04,20,xgboost,,9a90d1facea1e0561e590f1562cb98c6223eee9ba726475b6f3b6f2b6b36e4d3,5,4,94482,-0.20406991243362427,-9.458644529248524,-9.227751890936423,-9.227751890936423
PZU,2017-04,20,xgboost,,9a90d1facea1e0561e590f1562cb98c6223eee9ba726475b6f3b6f2b6b36e4d3,5,5,94477,-0.06660342216491699,-9.491957866310585,-9.50081803146392,-9.495008041191957
PZU,2017-04,20,xgboost,,9a90d1facea1e0561e590f1562cb98c6223eee9ba726475b6f3b6f2b6b36e4d3,5,6,94483,0.07288460433483124,-9.329515011769306,-9.504052793055592,-9.329515011769306
PZU,2017-04,20,xgboost,,9a90d1facea1e0561e590f1562cb98c6223eee9ba726475b6f3b6f2b6b36e4d3,5,7,94482,0.21307633817195892,-9.532052013833507,-9.91145944170748,-9.532052013833507
PZU,2017-04,20,xgboost,,9a90d1facea1e0561e590f1562cb98c6223eee9ba726475b6f3b6f2b6b36e4d3,5,8,94503,0.3886955678462982,-9.778858233979651,-10.35643761155984,-9.778858233979651
PZU,2017-04,20,xgboost,,9a90d1facea1e0561e590f1562cb98c6223eee9ba726475b6f3b6f2b6b36e4d3,5,9,94473,0.6088447570800781,-8.66322080039557,-9.499336959382127,-8.66322080039557
PZU,2017-04,20,xgboost,,9a90d1facea1e0561e590f1562cb98c6223eee9ba726475b6f3b6f2b6b36e4d3,5,10,94470,1.004786729812622,-6.860211474834248,-7.817921685161699,-6.860211474834248
PZU,2017-04,50,linear,,412f972a9e4129bd08d5979cc6c4f46d47a3339d54e082255f4820b61181bbd6,0,1,92372,-1.3820685480012502,-7.009936396785954,-4.68244497362326,-4.68244497362326
PZU,2017-04,50,linear,,412f972a9e4129bd08d5979cc6c4f46d47a3339d54e082255f4820b61181bbd6,0,2,92374,-0.9781134385298801,-8.784188764948544,-7.255795717141354,-7.255795717141354
PZU,2017-04,50,linear,,412f972a9e4129bd08d5979cc6c4f46d47a3339d54e082255f4820b61181bbd6,0,3,92370,-0.6680162245998882,-9.641132532810422,-8.611971159949233,-8.611971159949233
PZU,2017-04,50,linear,,412f972a9e4129bd08d5979cc6c4f46d47a3339d54e082255f4820b61181bbd6,0,4,92375,-0.36721718805420117,-9.86383887891294,-9.383182965743968,-9.383182965743968
PZU,2017-04,50,linear,,412f972a9e4129bd08d5979cc6c4f46d47a3339d54e082255f4820b61181bbd6,0,5,92376,-0.07793246507910515,-9.89139213637566,-9.928963986880632,-9.857362379394491
PZU,2017-04,50,linear,,412f972a9e4129bd08d5979cc6c4f46d47a3339d54e082255f4820b61181bbd6,0,6,92368,0.22012566753934085,-9.824317007751592,-10.328598169471876,-9.824317007751592
PZU,2017-04,50,linear,,412f972a9e4129bd08d5979cc6c4f46d47a3339d54e082255f4820b61181bbd6,0,7,92368,0.5078848210689847,-10.018759038248184,-10.842165020344684,-10.018759038248184
PZU,2017-04,50,linear,,412f972a9e4129bd08d5979cc6c4f46d47a3339d54e082255f4820b61181bbd6,0,8,92372,0.791220621267607,-9.35239978918687,-10.606579859678105,-9.35239978918687
PZU,2017-04,50,linear,,412f972a9e4129bd08d5979cc6c4f46d47a3339d54e082255f4820b61181bbd6,0,9,92373,1.08225023271692,-7.906845781716025,-9.790663462493095,-7.906845781716025
PZU,2017-04,50,linear,,412f972a9e4129bd08d5979cc6c4f46d47a3339d54e082255f4820b61181bbd6,0,10,92371,1.4178959764001136,-5.359598422500586,-7.710566255993801,-5.359598422500586
PZU,2017-04,50,linear,,412f972a9e4129bd08d5979cc6c4f46d47a3339d54e082255f4820b61181bbd6,1,1,92372,-1.3820685480012502,-7.016440384459287,-4.871145451800203,-4.871145451800203
PZU,2017-04,50,linear,,412f972a9e4129bd08d5979cc6c4f46d47a3339d54e082255f4820b61181bbd6,1,2,92374,-0.9781134385298801,-8.75576567234747,-7.316372318658139,-7.316372318658139
PZU,2017-04,50,linear,,412f972a9e4129bd08d5979cc6c4f46d47a3339d54e082255f4820b61181bbd6,1,3,92370,-0.6680162245998882,-9.593465134255986,-8.619660102444573,-8.619660102444573
PZU,2017-04,50,linear,,412f972a9e4129bd08d5979cc6c4f46d47a3339d54e082255f4820b61181bbd6,1,4,92375,-0.36721718805420117,-9.82300628187971,-9.36463525162234,-9.36463525162234
PZU,2017-04,50,linear,,412f972a9e4129bd08d5979cc6c4f46d47a3339d54e082255f4820b61181bbd6,1,5,92376,-0.07793246507910515,-9.852101311050133,-9.888447095024063,-9.818015281970055
PZU,2017-04,50,linear,,412f972a9e4129bd08d5979cc6c4f46d47a3339d54e082255f4820b61181bbd6,1,6,92368,0.22012566753934085,-9.793063081994168,-10.296848912101733,-9.793063081994168
PZU,2017-04,50,linear,,412f972a9e4129bd08d5979cc6c4f46d47a3339d54e082255f4820b61181bbd6,1,7,92368,0.5078848210689847,-9.98286429894247,-10.790850368712825,-9.98286429894247
PZU,2017-04,50,linear,,412f972a9e4129bd08d5979cc6c4f46d47a3339d54e082255f4820b61181bbd6,1,8,92372,0.791220621267607,-9.356524888622507,-10.553898965023437,-9.356524888622507
PZU,2017-04,50,linear,,412f972a9e4129bd08d5979cc6c4f46d47a3339d54e082255f4820b61181bbd6,1,9,92373,1.08225023271692,-7.94938264200897,-9.739130311313865,-7.94938264200897
PZU,2017-04,50,linear,,412f972a9e4129bd08d5979cc6c4f46d47a3339d54e082255f4820b61181bbd6,1,10,92371,1.4178959764001136,-5.530634480777819,-7.697402893819632,-5.530634480777819
PZU,2017-04,50,linear,,412f972a9e4129bd08d5979cc6c4f46d47a3339d54e082255f4820b61181bbd6,5,1,92372,-1.3820685480012502,-7.010347982524225,-5.236087244393821,-5.236087244393821
PZU,2017-04,50,linear,,412f972a9e4129bd08d5979cc6c4f46d47a3339d54e082255f4820b61181bbd6,5,2,92374,-0.9781134385298801,-8.656986914047412,-7.488643487904413,-7.488643487904413
PZU,2017-04,50,linear,,412f972a9e4129bd08d5979cc6c4f46d47a3339d54e082255f4820b61181bbd6,5,3,92370,-0.6680162245998882,-9.480615898043126,-8.674598670350537,-8.674598670350537
PZU,2017-04,50,linear,,412f972a9e4129bd08d5979cc6c4f46d47a3339d54e082255f4820b61181bbd6,5,4,92375,-0.36721718805420117,-9.744243968761516,-9.348394715038248,-9.348394715038248
PZU,2017-04,50,linear,,412f972a9e4129bd08d5979cc6c4f46d47a3339d54e082255f4820b61181bbd6,5,5,92376,-0.07793246507910515,-9.797390810072837,-9.83872840380469,-9.76948666393964
PZU,2017-04,50,linear,,412f972a9e4129bd08d5979cc6c4f46d47a3339d54e082255f4820b61181bbd6,5,6,92368,0.22012566753934085,-9.761254557740267,-10.222263048641477,-9.761254557740267
PZU,2017-04,50,linear,,412f972a9e4129bd08d5979cc6c4f46d47a3339d54e082255f4820b61181bbd6,5,7,92368,0.5078848210689847,-9.95790589702823,-10.666890471249339,-9.95790589702823
PZU,2017-04,50,linear,,412f972a9e4129bd08d5979cc6c4f46d47a3339d54e082255f4820b61181bbd6,5,8,92372,0.791220621267607,-9.396622586403991,-10.416990264393709,-9.396622586403991
PZU,2017-04,50,linear,,412f972a9e4129bd08d5979cc6c4f46d47a3339d54e082255f4820b61181bbd6,5,9,92373,1.08225023271692,-8.061271412017053,-9.607542342055913,-8.061271412017053
PZU,2017-04,50,linear,,412f972a9e4129bd08d5979cc6c4f46d47a3339d54e082255f4820b61181bbd6,5,10,92371,1.4178959764001136,-5.790035738209529,-7.6273405783117765,-5.790035738209529
PZU,2017-04,50,xgboost,,f4848c8f1b124de083453dcaf15218b041df020d81ac2420b8c62bd6d051b1b9,0,1,92372,-1.4582953453063965,-8.229879984608885,-5.925216660302491,-5.925216660302491
PZU,2017-04,50,xgboost,,f4848c8f1b124de083453dcaf15218b041df020d81ac2420b8c62bd6d051b1b9,0,2,92386,-0.8475776314735413,-8.914824601064492,-7.427899521404716,-7.427899521404716
PZU,2017-04,50,xgboost,,f4848c8f1b124de083453dcaf15218b041df020d81ac2420b8c62bd6d051b1b9,0,3,92363,-0.5798315405845642,-9.183869352850689,-8.113437607996154,-8.113437607996154
PZU,2017-04,50,xgboost,,f4848c8f1b124de083453dcaf15218b041df020d81ac2420b8c62bd6d051b1b9,0,4,92421,-0.3291723132133484,-10.295848925440213,-9.820612139112466,-9.820612139112466
PZU,2017-04,50,xgboost,,f4848c8f1b124de083453dcaf15218b041df020d81ac2420b8c62bd6d051b1b9,0,5,92318,-0.07154437154531479,-9.3968583724228,-9.46136143478993,-9.431020363962986
PZU,2017-04,50,xgboost,,f4848c8f1b124de083453dcaf15218b041df020d81ac2420b8c62bd6d051b1b9,0,6,92386,0.15962114930152893,-8.744254218502409,-9.14353433127471,-8.744254218502409
PZU,2017-04,50,xgboost,,f4848c8f1b124de083453dcaf15218b041df020d81ac2420b8c62bd6d051b1b9,0,7,92376,0.41143786907196045,-8.739361157479388,-9.665039671150986,-8.739361157479388
PZU,2017-04,50,xgboost,,f4848c8f1b124de083453dcaf15218b041df020d81ac2420b8c62bd6d051b1b9,0,8,92356,0.692068874835968,-8.893210254126481,-10.174342328617596,-8.893210254126481
PZU,2017-04,50,xgboost,,f4848c8f1b124de083453dcaf15218b041df020d81ac2420b8c62bd6d051b1b9,0,9,92369,1.072861671447754,-8.332738310270555,-10.092452273145646,-8.332738310270555
PZU,2017-04,50,xgboost,,f4848c8f1b124de083453dcaf15218b041df020d81ac2420b8c62bd6d051b1b9,0,10,92372,1.6531519889831543,-6.921144741555165,-9.317118758171699,-6.921144741555165
PZU,2017-04,50,xgboost,,f4848c8f1b124de083453dcaf15218b041df020d81ac2420b8c62bd6d051b1b9,1,1,92372,-1.4582953453063965,-8.203522492228991,-6.088230205346606,-6.088230205346606
PZU,2017-04,50,xgboost,,f4848c8f1b124de083453dcaf15218b041df020d81ac2420b8c62bd6d051b1b9,1,2,92386,-0.8475776314735413,-8.883250539151073,-7.464576042251108,-7.464576042251108
PZU,2017-04,50,xgboost,,f4848c8f1b124de083453dcaf15218b041df020d81ac2420b8c62bd6d051b1b9,1,3,92363,-0.5798315405845642,-9.148781156263246,-8.11667040346675,-8.11667040346675
PZU,2017-04,50,xgboost,,f4848c8f1b124de083453dcaf15218b041df020d81ac2420b8c62bd6d051b1b9,1,4,92421,-0.3291723132133484,-10.262358363814355,-9.816126650748291,-9.816126650748291
PZU,2017-04,50,xgboost,,f4848c8f1b124de083453dcaf15218b041df020d81ac2420b8c62bd6d051b1b9,1,5,92318,-0.07154437154531479,-9.368030262828203,-9.432324408262593,-9.399765916966947
PZU,2017-04,50,xgboost,,f4848c8f1b124de083453dcaf15218b041df020d81ac2420b8c62bd6d051b1b9,1,6,92386,0.15962114930152893,-8.742157668891991,-9.139773460659319,-8.742157668891991
PZU,2017-04,50,xgboost,,f4848c8f1b124de083453dcaf15218b041df020d81ac2420b8c62bd6d051b1b9,1,7,92376,0.41143786907196045,-8.741571130761793,-9.636400773366104,-8.741571130761793
PZU,2017-04,50,xgboost,,f4848c8f1b124de083453dcaf15218b041df020d81ac2420b8c62bd6d051b1b9,1,8,92356,0.692068874835968,-8.895427817073482,-10.122229091122955,-8.895427817073482
PZU,2017-04,50,xgboost,,f4848c8f1b124de083453dcaf15218b041df020d81ac2420b8c62bd6d051b1b9,1,9,92369,1.072861671447754,-8.364241920968992,-10.036921168003484,-8.364241920968992
PZU,2017-04,50,xgboost,,f4848c8f1b124de083453dcaf15218b041df020d81ac2420b8c62bd6d051b1b9,1,10,92372,1.6531519889831543,-7.043490808030846,-9.285195732476557,-7.043490808030846
PZU,2017-04,50,xgboost,,f4848c8f1b124de083453dcaf15218b041df020d81ac2420b8c62bd6d051b1b9,5,1,92372,-1.4582953453063965,-8.114641655336063,-6.399581777026502,-6.399581777026502
PZU,2017-04,50,xgboost,,f4848c8f1b124de083453dcaf15218b041df020d81ac2420b8c62bd6d051b1b9,5,2,92386,-0.8475776314735413,-8.783799498270652,-7.625913516840561,-7.625913516840561
PZU,2017-04,50,xgboost,,f4848c8f1b124de083453dcaf15218b041df020d81ac2420b8c62bd6d051b1b9,5,3,92363,-0.5798315405845642,-9.062067413387384,-8.20655077165011,-8.20655077165011
PZU,2017-04,50,xgboost,,f4848c8f1b124de083453dcaf15218b041df020d81ac2420b8c62bd6d051b1b9,5,4,92421,-0.3291723132133484,-10.178253866560686,-9.801787851746047,-9.801787851746047
PZU,2017-04,50,xgboost,,f4848c8f1b124de083453dcaf15218b041df020d81ac2420b8c62bd6d051b1b9,5,5,92318,-0.07154437154531479,-9.355974897911544,-9.397546175106996,-9.373495259820178
PZU,2017-04,50,xgboost,,f4848c8f1b124de083453dcaf15218b041df020d81ac2420b8c62bd6d051b1b9,5,6,92386,0.15962114930152893,-8.777066158252333,-9.110259103887206,-8.777066158252333
PZU,2017-04,50,xgboost,,f4848c8f1b124de083453dcaf15218b041df020d81ac2420b8c62bd6d051b1b9,5,7,92376,0.41143786907196045,-8.78898772813285,-9.547629154552364,-8.78898772813285
PZU,2017-04,50,xgboost,,f4848c8f1b124de083453dcaf15218b041df020d81ac2420b8c62bd6d051b1b9,5,8,92356,0.692068874835968,-8.927875354495624,-10.000582129787908,-8.927875354495624
PZU,2017-04,50,xgboost,,f4848c8f1b124de083453dcaf15218b041df020d81ac2420b8c62bd6d051b1b9,5,9,92369,1.072861671447754,-8.45572618268168,-9.889432779945036,-8.45572618268168
PZU,2017-04,50,xgboost,,f4848c8f1b124de083453dcaf15218b041df020d81ac2420b8c62bd6d051b1b9,5,10,92372,1.6531519889831543,-7.211908670808582,-9.148214058744706,-7.211908670808582
PZU,2017-06,10,linear,,3e81f65f1a24259ed9f38a5fc277d068dc37b00e37ba3990d1adec159337dab8,0,1,97036,-0.4623650216413285,-7.097311123831842,-5.958577518655927,-5.958577518655927
PZU,2017-06,10,linear,,3e81f65f1a24259ed9f38a5fc277d068dc37b00e37ba3990d1adec159337dab8,0,2,97036,-0.2977598194882098,-9.98223262961343,-9.327238628023995,-9.327238628023995
PZU,2017-06,10,linear,,3e81f65f1a24259ed9f38a5fc277d068dc37b00e37ba3990d1adec159337dab8,0,3,97036,-0.19508552833345674,-11.363730833554476,-11.005987891047972,-11.005987891047972
PZU,2017-06,10,linear,,3e81f65f1a24259ed9f38a5fc277d068dc37b00e37ba3990d1adec159337dab8,0,4,97038,-0.10850161961828672,-12.767733031394972,-12.524552545101969,-12.524552545101969
PZU,2017-06,10,linear,,3e81f65f1a24259ed9f38a5fc277d068dc37b00e37ba3990d1adec159337dab8,0,5,97033,-0.026420551219421304,-13.4641198054955,-13.424650237534262,-13.413701144972773
PZU,2017-06,10,linear,,3e81f65f1a24259ed9f38a5fc277d068dc37b00e37ba3990d1adec159337dab8,0,6,97037,0.05032066044834428,-14.636498198244583,-14.707681254888941,-14.636498198244583
PZU,2017-06,10,linear,,3e81f65f1a24259ed9f38a5fc277d068dc37b00e37ba3990d1adec159337dab8,0,7,97035,0.13360813836260324,-12.77527687769538,-12.95164920791181,-12.77527687769538
PZU,2017-06,10,linear,,3e81f65f1a24259ed9f38a5fc277d068dc37b00e37ba3990d1adec159337dab8,0,8,97035,0.2262468857955212,-10.969860972322058,-11.318280655674524,-10.969860972322058
PZU,2017-06,10,linear,,3e81f65f1a24259ed9f38a5fc277d068dc37b00e37ba3990d1adec159337dab8,0,9,97036,0.3346999061582233,-9.303431882929859,-9.94427279162722,-9.303431882929859
PZU,2017-06,10,linear,,3e81f65f1a24259ed9f38a5fc277d068dc37b00e37ba3990d1adec159337dab8,0,10,97036,0.49461207515388306,-6.117984649578165,-7.217356549644226,-6.117984649578165
PZU,2017-06,10,linear,,3e81f65f1a24259ed9f38a5fc277d068dc37b00e37ba3990d1adec159337dab8,1,1,97036,-0.4623650216413285,-7.130905443188184,-6.193012498334267,-6.193012498334267
PZU,2017-06,10,linear,,3e81f65f1a24259ed9f38a5fc277d068dc37b00e37ba3990d1adec159337dab8,1,2,97036,-0.2977598194882098,-9.96453238982234,-9.367600430240346,-9.367600430240346
PZU,2017-06,10,linear,,3e81f65f1a24259ed9f38a5fc277d068dc37b00e37ba3990d1adec159337dab8,1,3,97036,-0.19508552833345674,-11.341757776827254,-10.99055786143656,-10.99055786143656
PZU,2017-06,10,linear,,3e81f65f1a24259ed9f38a5fc277d068dc37b00e37ba3990d1adec159337dab8,1,4,97038,-0.10850161961828672,-12.705054971887652,-12.484863715854345,-12.484863715854345
PZU,2017-06,10,linear,,3e81f65f1a24259ed9f38a5fc277d068dc37b00e37ba3990d1adec159337dab8,1,5,97033,-0.026420551219421304,-13.409565280564367,-13.378178370467774,-13.372414693078852
PZU,2017-06,10,linear,,3e81f65f1a24259ed9f38a5fc277d068dc37b00e37ba3990d1adec159337dab8,1,6,97037,0.05032066044834428,-14.553272455063022,-14.641471885428928,-14.553272455063022
PZU,2017-06,10,linear,,3e81f65f1a24259ed9f38a5fc277d068dc37b00e37ba3990d1adec159337dab8,1,7,97035,0.13360813836260324,-12.717650970348858,-12.890020905216756,-12.717650970348858
PZU,2017-06,10,linear,,3e81f65f1a24259ed9f38a5fc277d068dc37b00e37ba3990d1adec159337dab8,1,8,97035,0.2262468857955212,-10.938799909963421,-11.283579935062914,-10.938799909963421
PZU,2017-06,10,linear,,3e81f65f1a24259ed9f38a5fc277d068dc37b00e37ba3990d1adec159337dab8,1,9,97036,0.3346999061582233,-9.341630010154793,-9.908140622187425,-9.341630010154793
PZU,2017-06,10,linear,,3e81f65f1a24259ed9f38a5fc277d068dc37b00e37ba3990d1adec159337dab8,1,10,97036,0.49461207515388306,-6.37524020690038,-7.243048015272357,-6.37524020690038
PZU,2017-06,10,linear,,3e81f65f1a24259ed9f38a5fc277d068dc37b00e37ba3990d1adec159337dab8,5,1,97036,-0.4623650216413285,-7.192709769167681,-6.610087765180388,-6.610087765180388
PZU,2017-06,10,linear,,3e81f65f1a24259ed9f38a5fc277d068dc37b00e37ba3990d1adec159337dab8,5,2,97036,-0.2977598194882098,-9.893076474533299,-9.481412953638293,-9.481412953638293
PZU,2017-06,10,linear,,3e81f65f1a24259ed9f38a5fc277d068dc37b00e37ba3990d1adec159337dab8,5,3,97036,-0.19508552833345674,-11.274944255605675,-10.995719320308048,-10.995719320308048
PZU,2017-06,10,linear,,3e81f65f1a24259ed9f38a5fc277d068dc37b00e37ba3990d1adec159337dab8,5,4,97038,-0.10850161961828672,-12.57942990775252,-12.417442988060506,-12.417442988060506
PZU,2017-06,10,linear,,3e81f65f1a24259ed9f38a5fc277d068dc37b00e37ba3990d1adec159337dab8,5,5,97033,-0.026420551219421304,-13.328668238917235,-13.28667972277435,-13.294715019852696
PZU,2017-06,10,linear,,3e81f65f1a24259ed9f38a5fc277d068dc37b00e37ba3990d1adec159337dab8,5,6,97037,0.05032066044834428,-14.430666427923384,-14.502689302062072,-14.430666427923384
PZU,2017-06,10,linear,,3e81f65f1a24259ed9f38a5fc277d068dc37b00e37ba3990d1adec159337dab8,5,7,97035,0.13360813836260324,-12.659864381586027,-12.779363802496055,-12.659864381586027
PZU,2017-06,10,linear,,3e81f65f1a24259ed9f38a5fc277d068dc37b00e37ba3990d1adec159337dab8,5,8,97035,0.2262468857955212,-10.947804936075174,-11.208645181990144,-10.947804936075174
PZU,2017-06,10,linear,,3e81f65f1a24259ed9f38a5fc277d068dc37b00e37ba3990d1adec159337dab8,5,9,97036,0.3346999061582233,-9.457698207903473,-9.850418710903618,-9.457698207903473
PZU,2017-06,10,linear,,3e81f65f1a24259ed9f38a5fc277d068dc37b00e37ba3990d1adec159337dab8,5,10,97036,0.49461207515388306,-6.714046051092606,-7.248764969340724,-6.714046051092606
PZU,2017-06,10,xgboost,,f5cd5e99c454c916783a95072699b2251206a0a15d81d53e34df3addaf0e5576,0,1,97036,-0.5907403230667114,-8.342692297411686,-7.1093566961666665,-7.1093566961666665
PZU,2017-06,10,xgboost,,f5cd5e99c454c916783a95072699b2251206a0a15d81d53e34df3addaf0e5576,0,2,97041,-0.27406981587409973,-10.539733139593542,-9.868378045701519,-9.868378045701519
PZU,2017-06,10,xgboost,,f5cd5e99c454c916783a95072699b2251206a0a15d81d53e34df3addaf0e5576,0,3,97039,-0.17185504734516144,-11.97371447760701,-11.616362472835856,-11.616362472835856
PZU,2017-06,10,xgboost,,f5cd5e99c454c916783a95072699b2251206a0a15d81d53e34df3addaf0e5576,0,4,97039,-0.09823613613843918,-12.426964356216175,-12.192126284789376,-12.192126284789376
PZU,2017-06,10,xgboost,,f5cd5e99c454c916783a95072699b2251206a0a15d81d53e34df3addaf0e5576,0,5,97035,-0.028626902028918266,-12.832392677180502,-12.71705714836766,-12.733194138227622
PZU,2017-06,10,xgboost,,f5cd5e99c454c916783a95072699b2251206a0a15d81d53e34df3addaf0e5576,0,6,97047,0.050009697675704956,-11.944326010225808,-12.057311779269416,-11.944326010225808
PZU,2017-06,10,xgboost,,f5cd5e99c454c916783a95072699b2251206a0a15d81d53e34df3addaf0e5576,0,7,97015,0.10971812158823013,-11.271056599359731,-11.471450181699641,-11.271056599359731
PZU,2017-06,10,xgboost,,f5cd5e99c454c916783a95072699b2251206a0a15d81d53e34df3addaf0e5576,0,8,97046,0.19465704262256622,-11.33254131565161,-11.720362353360622,-11.33254131565161
PZU,2017-06,10,xgboost,,f5cd5e99c454c916783a95072699b2251206a0a15d81d53e34df3addaf0e5576,0,9,97037,0.3076643645763397,-10.778079129728518,-11.37852724210174,-10.778079129728518
PZU,2017-06,10,xgboost,,f5cd5e99c454c916783a95072699b2251206a0a15d81d53e34df3addaf0e5576,0,10,97023,0.5894953012466431,-7.036016696156909,-8.248841905290424,-7.036016696156909
PZU,2017-06,10,xgboost,,f5cd5e99c454c916783a95072699b2251206a0a15d81d53e34df3addaf0e5576,1,1,97036,-0.5907403230667114,-8.31627669768339,-7.324295377765029,-7.324295377765029
PZU,2017-06,10,xgboost,,f5cd5e99c454c916783a95072699b2251206a0a15d81d53e34df3addaf0e5576,1,2,97041,-0.27406981587409973,-10.509071209013843,-9.891806076756657,-9.891806076756657
PZU,2017-06,10,xgboost,,f5cd5e99c454c916783a95072699b2251206a0a15d81d53e34df3addaf0e5576,1,3,97039,-0.17185504734516144,-11.942967675072126,-11.600960661518734,-11.600960661518734
PZU,2017-06,10,xgboost,,f5cd5e99c454c916783a95072699b2251206a0a15d81d53e34df3addaf0e5576,1,4,97039,-0.09823613613843918,-12.384071273946581,-12.160198424729451,-12.160198424729451
PZU,2017-06,10,xgboost,,f5cd5e99c454c916783a95072699b2251206a0a15d81d53e34df3addaf0e5576,1,5,97035,-0.028626902028918266,-12.785990488160778,-12.68074316184758,-12.695105613382331
PZU,2017-06,10,xgboost,,f5cd5e99c454c916783a95072699b2251206a0a15d81d53e34df3addaf0e5576,1,6,97047,0.050009697675704956,-11.904994368411254,-12.024532050275615,-11.904994368411254
PZU,2017-06,10,xgboost,,f5cd5e99c454c916783a95072699b2251206a0a15d81d53e34df3addaf0e5576,1,7,97015,0.10971812158823013,-11.262960107473956,-11.445223155006438,-11.262960107473956
PZU,2017-06,10,xgboost,,f5cd5e99c454c916783a95072699b2251206a0a15d81d53e34df3addaf0e5576,1,8,97046,0.19465704262256622,-11.316478040432116,-11.686105092990593,-11.316478040432116
PZU,2017-06,10,xgboost,,f5cd5e99c454c916783a95072699b2251206a0a15d81d53e34df3addaf0e5576,1,9,97037,0.3076643645763397,-10.754525951327489,-11.330343633671866,-10.754525951327489
PZU,2017-06,10,xgboost,,f5cd5e99c454c916783a95072699b2251206a0a15d81d53e34df3addaf0e5576,1,10,97023,0.5894953012466431,-7.300454158613056,-8.23579456432962,-7.300454158613056
PZU,2017-06,10,xgboost,,f5cd5e99c454c916783a95072699b2251206a0a15d81d53e34df3addaf0e5576,5,1,97036,-0.5907403230667114,-8.31054404554885,-7.767851184937956,-7.767851184937956
PZU,2017-06,10,xgboost,,f5cd5e99c454c916783a95072699b2251206a0a15d81d53e34df3addaf0e5576,5,2,97041,-0.27406981587409973,-10.45178028279461,-9.989002975577689,-9.989002975577689
PZU,2017-06,10,xgboost,,f5cd5e99c454c916783a95072699b2251206a0a15d81d53e34df3addaf0e5576,5,3,97039,-0.17185504734516144,-11.856503438595606,-11.570913822527936,-11.570913822527936
PZU,2017-06,10,xgboost,,f5cd5e99c454c916783a95072699b2251206a0a15d81d53e34df3addaf0e5576,5,4,97039,-0.09823613613843918,-12.276899635215694,-12.0958395506109,-12.0958395506109
PZU,2017-06,10,xgboost,,f5cd5e99c454c916783a95072699b2251206a0a15d81d53e34df3addaf0e5576,5,5,97035,-0.028626902028918266,-12.67560640624928,-12.602215678852495,-12.608329047156788
PZU,2017-06,10,xgboost,,f5cd5e99c454c916783a95072699b2251206a0a15d81d53e34df3addaf0e5576,5,6,97047,0.050009697675704956,-11.856231477622284,-11.942694857099685,-11.856231477622284
PZU,2017-06,10,xgboost,,f5cd5e99c454c916783a95072699b2251206a0a15d81d53e34df3addaf0e5576,5,7,97015,0.10971812158823013,-11.257038355373707,-11.39182467147175,-11.257038355373707
PZU,2017-06,10,xgboost,,f5cd5e99c454c916783a95072699b2251206a0a15d81d53e34df3addaf0e5576,5,8,97046,0.19465704262256622,-11.304725834311892,-11.598119718933361,-11.304725834311892
PZU,2017-06,10,xgboost,,f5cd5e99c454c916783a95072699b2251206a0a15d81d53e34df3addaf0e5576,5,9,97037,0.3076643645763397,-10.803553070934745,-11.216320797598803,-10.803553070934745
PZU,2017-06,10,xgboost,,f5cd5e99c454c916783a95072699b2251206a0a15d81d53e34df3addaf0e5576,5,10,97023,0.5894953012466431,-7.685470144345408,-8.205972409160228,-7.685470144345408
PZU,2017-06,10,xgboost,7.0,d1520f3df4335b0ec17cd8dc0a9f569bc698434417e34cd0a8744de8fa4fb6ff,0,1,97036,-0.028302781283855438,-12.317388017710933,-12.243150240886308,-12.243150240886308
PZU,2017-06,10,xgboost,7.0,d1520f3df4335b0ec17cd8dc0a9f569bc698434417e34cd0a8744de8fa4fb6ff,0,2,97038,-0.012537682428956032,-10.73408054236764,-10.757932193389461,-10.757932193389461
PZU,2017-06,10,xgboost,7.0,d1520f3df4335b0ec17cd8dc0a9f569bc698434417e34cd0a8744de8fa4fb6ff,0,3,97046,-0.007404915522783995,-10.704019591401705,-10.709530805704636,-10.709530805704636
PZU,2017-06,10,xgboost,7.0,d1520f3df4335b0ec17cd8dc0a9f569bc698434417e34cd0a8744de8fa4fb6ff,0,4,97034,-0.003853877540677786,-10.670474679408876,-10.696991669829636,-10.696991669829636
PZU,2017-06,10,xgboost,7.0,d1520f3df4335b0ec17cd8dc0a9f569bc698434417e34cd0a8744de8fa4fb6ff,0,5,97025,-0.0008802593220025301,-10.592259225126558,-10.616543040570631,-10.611246226000866
PZU,2017-06,10,xgboost,7.0,d1520f3df4335b0ec17cd8dc0a9f569bc698434417e34cd0a8744de8fa4fb6ff,0,6,97056,0.001977437175810337,-10.430212724257698,-10.437513722928726,-10.430212724257698
PZU,2017-06,10,xgboost,7.0,d1520f3df4335b0ec17cd8dc0a9f569bc698434417e34cd0a8744de8fa4fb6ff,0,7,97015,0.004889857489615679,-9.926177500089793,-9.889850695001988,-9.926177500089793
PZU,2017-06,10,xgboost,7.0,d1520f3df4335b0ec17cd8dc0a9f569bc698434417e34cd0a8744de8fa4fb6ff,0,8,97039,0.007973545230925083,-9.603572518243269,-9.598708117969247,-9.603572518243269
PZU,2017-06,10,xgboost,7.0,d1520f3df4335b0ec17cd8dc0a9f569bc698434417e34cd0a8744de8fa4fb6ff,0,9,97033,0.012443720363080502,-10.467312018357818,-10.429726543838969,-10.467312018357818
PZU,2017-06,10,xgboost,7.0,d1520f3df4335b0ec17cd8dc0a9f569bc698434417e34cd0a8744de8fa4fb6ff,0,10,97036,0.028454484418034554,-13.032557652867126,-13.000158110326842,-13.032557652867126
PZU,2017-06,10,xgboost,7.0,d1520f3df4335b0ec17cd8dc0a9f569bc698434417e34cd0a8744de8fa4fb6ff,1,1,97036,-0.028302781283855438,-12.33609401190103,-12.271633244794604,-12.271633244794604
PZU,2017-06,10,xgboost,7.0,d1520f3df4335b0ec17cd8dc0a9f569bc698434417e34cd0a8744de8fa4fb6ff,1,2,97038,-0.012537682428956032,-10.738096884677281,-10.754807706317647,-10.754807706317647
PZU,2017-06,10,xgboost,7.0,d1520f3df4335b0ec17cd8dc0a9f569bc698434417e34cd0a8744de8fa4fb6ff,1,3,97046,-0.007404915522783995,-10.700705653844349,-10.701597798816383,-10.701597798816383
PZU,2017-06,10,xgboost,7.0,d1520f3df4335b0ec17cd8dc0a9f569bc698434417e34cd0a8744de8fa4fb6ff,1,4,97034,-0.003853877540677786,-10.663846462675407,-10.694579720063018,-10.694579720063018
PZU,2017-06,10,xgboost,7.0,d1520f3df4335b0ec17cd8dc0a9f569bc698434417e34cd0a8744de8fa4fb6ff,1,5,97025,-0.0008802593220025301,-10.579507652724596,-10.61714525361161,-10.609616268032182
PZU,2017-06,10,xgboost,7.0,d1520f3df4335b0ec17cd8dc0a9f569bc698434417e34cd0a8744de8fa4fb6ff,1,6,97056,0.001977437175810337,-10.42107025484653,-10.43589623892957,-10.42107025484653
PZU,2017-06,10,xgboost,7.0,d1520f3df4335b0ec17cd8dc0a9f569bc698434417e34cd0a8744de8fa4fb6ff,1,7,97015,0.004889857489615679,-9.931533214012177,-9.890566225893277,-9.931533214012177
PZU,2017-06,10,xgboost,7.0,d1520f3df4335b0ec17cd8dc0a9f569bc698434417e34cd0a8744de8fa4fb6ff,1,8,97039,0.007973545230925083,-9.609446491382176,-9.599295487312917,-9.609446491382176
PZU,2017-06,10,xgboost,7.0,d1520f3df4335b0ec17cd8dc0a9f569bc698434417e34cd0a8744de8fa4fb6ff,1,9,97033,0.012443720363080502,-10.463089565927733,-10.42945050262338,-10.463089565927733
PZU,2017-06,10,xgboost,7.0,d1520f3df4335b0ec17cd8dc0a9f569bc698434417e34cd0a8744de8fa4fb6ff,1,10,97036,0.028454484418034554,-13.034895546815882,-12.985362212610939,-13.034895546815882
PZU,2017-06,10,xgboost,7.0,d1520f3df4335b0ec17cd8dc0a9f569bc698434417e34cd0a8744de8fa4fb6ff,5,1,97036,-0.028302781283855438,-12.32145811486397,-12.286157689201406,-12.286157689201406
PZU,2017-06,10,xgboost,7.0,d1520f3df4335b0ec17cd8dc0a9f569bc698434417e34cd0a8744de8fa4fb6ff,5,2,97038,-0.012537682428956032,-10.737719401490773,-10.737201272999473,-10.737201272999473
PZU,2017-06,10,xgboost,7.0,d1520f3df4335b0ec17cd8dc0a9f569bc698434417e34cd0a8744de8fa4fb6ff,5,3,97046,-0.007404915522783995,-10.690766112589056,-10.697589343407635,-10.697589343407635
PZU,2017-06,10,xgboost,7.0,d1520f3df4335b0ec17cd8dc0a9f569bc698434417e34cd0a8744de8fa4fb6ff,5,4,97034,-0.003853877540677786,-10.659130950362856,-10.689423113837979,-10.689423113837979
PZU,2017-06,10,xgboost,7.0,d1520f3df4335b0ec17cd8dc0a9f569bc698434417e34cd0a8744de8fa4fb6ff,5,5,97025,-0.0008802593220025301,-10.574107663758893,-10.598509084227784,-10.601102991055248
PZU,2017-06,10,xgboost,7.0,d1520f3df4335b0ec17cd8dc0a9f569bc698434417e34cd0a8744de8fa4fb6ff,5,6,97056,0.001977437175810337,-10.423945793141117,-10.41315173323356,-10.423945793141117
PZU,2017-06,10,xgboost,7.0,d1520f3df4335b0ec17cd8dc0a9f569bc698434417e34cd0a8744de8fa4fb6ff,5,7,97015,0.004889857489615679,-9.952543232185553,-9.910882467007193,-9.952543232185553
PZU,2017-06,10,xgboost,7.0,d1520f3df4335b0ec17cd8dc0a9f569bc698434417e34cd0a8744de8fa4fb6ff,5,8,97039,0.007973545230925083,-9.632266808437953,-9.61761850388564,-9.632266808437953
PZU,2017-06,10,xgboost,7.0,d1520f3df4335b0ec17cd8dc0a9f569bc698434417e34cd0a8744de8fa4fb6ff,5,9,97033,0.012443720363080502,-10.465845341397879,-10.459055608294735,-10.465845341397879
PZU,2017-06,10,xgboost,7.0,d1520f3df4335b0ec17cd8dc0a9f569bc698434417e34cd0a8744de8fa4fb6ff,5,10,97036,0.028454484418034554,-13.021004364054301,-12.971505964199693,-13.021004364054301
PZU,2017-06,20,linear,,ba2aec8520f327c57ad3ee398dc8ac76c05d61c1394eb5618b2113d5955397cd,0,1,97018,-0.7011959424678211,-7.584032857925691,-5.993389789715188,-5.993389789715188
PZU,2017-06,20,linear,,ba2aec8520f327c57ad3ee398dc8ac76c05d61c1394eb5618b2113d5955397cd,0,2,97018,-0.4565649117023997,-10.198436937344287,-9.291207186995074,-9.291207186995074
PZU,2017-06,20,linear,,ba2aec8520f327c57ad3ee398dc8ac76c05d61c1394eb5618b2113d5955397cd,0,3,97009,-0.3011645873471271,-11.470877249150657,-10.90541355951477,-10.90541355951477
PZU,2017-06,20,linear,,ba2aec8520f327c57ad3ee398dc8ac76c05d61c1394eb5618b2113d5955397cd,0,4,97018,-0.16803974575011174,-12.637493875693623,-12.232447987274906,-12.232447987274906
PZU,2017-06,20,linear,,ba2aec8520f327c57ad3ee398dc8ac76c05d61c1394eb5618b2113d5955397cd,0,5,97011,-0.040307170841671375,-13.048410042603107,-12.989152400133753,-12.990472670075743
PZU,2017-06,20,linear,,ba2aec8520f327c57ad3ee398dc8ac76c05d61c1394eb5618b2113d5955397cd,0,6,97016,0.0839465778100001,-13.847417326789259,-13.986182191083387,-13.847417326789259
PZU,2017-06,20,linear,,ba2aec8520f327c57ad3ee398dc8ac76c05d61c1394eb5618b2113d5955397cd,0,7,97013,0.21373016202531112,-12.86647660552982,-13.094281678143101,-12.86647660552982
PZU,2017-06,20,linear,,ba2aec8520f327c57ad3ee398dc8ac76c05d61c1394eb5618b2113d5955397cd,0,8,97015,0.3533928720165019,-11.07769928548559,-11.626720457740234,-11.07769928548559
PZU,2017-06,20,linear,,ba2aec8520f327c57ad3ee398dc8ac76c05d61c1394eb5618b2113d5955397cd,0,9,97015,0.5145359651016375,-9.4882108088859,-10.422729383583704,-9.4882108088859
PZU,2017-06,20,linear,,ba2aec8520f327c57ad3ee398dc8ac76c05d61c1394eb5618b2113d5955397cd,0,10,97015,0.7454771851417877,-6.31082999958853,-7.791450711350777,-6.31082999958853
PZU,2017-06,20,linear,,ba2aec8520f327c57ad3ee398dc8ac76c05d61c1394eb5618b2113d5955397cd,1,1,97018,-0.7011959424678211,-7.6000556770917065,-6.230181961162735,-6.230181961162735
PZU,2017-06,20,linear,,ba2aec8520f327c57ad3ee398dc8ac76c05d61c1394eb5618b2113d5955397cd,1,2,97018,-0.4565649117023997,-10.168189645444562,-9.336385909103868,-9.336385909103868
PZU,2017-06,20,linear,,ba2aec8520f327c57ad3ee398dc8ac76c05d61c1394eb5618b2113d5955397cd,1,3,97009,-0.3011645873471271,-11.442509713724915,-10.897023814121635,-10.897023814121635
PZU,2017-06,20,linear,,ba2aec8520f327c57ad3ee398dc8ac76c05d61c1394eb5618b2113d5955397cd,1,4,97018,-0.16803974575011174,-12.579213320949314,-12.204480403754603,-12.204480403754603
PZU,2017-06,20,linear,,ba2aec8520f327c57ad3ee398dc8ac76c05d61c1394eb5618b2113d5955397cd,1,5,97011,-0.040307170841671375,-13.001044141986007,-12.948139972009,-12.94841763652293
PZU,2017-06,20,linear,,ba2aec8520f327c57ad3ee398dc8ac76c05d61c1394eb5618b2113d5955397cd,1,6,97016,0.0839465778100001,-13.78304864418258,-13.92761969068583,-13.78304864418258
PZU,2017-06,20,linear,,ba2aec8520f327c57ad3ee398dc8ac76c05d61c1394eb5618b2113d5955397cd,1,7,97013,0.21373016202531112,-12.822405919846318,-13.034858338968348,-12.822405919846318
PZU,2017-06,20,linear,,ba2aec8520f327c57ad3ee398dc8ac76c05d61c1394eb5618b2113d5955397cd,1,8,97015,0.3533928720165019,-11.040705611406443,-11.578627933594182,-11.040705611406443
PZU,2017-06,20,linear,,ba2aec8520f327c57ad3ee398dc8ac76c05d61c1394eb5618b2113d5955397cd,1,9,97015,0.5145359651016375,-9.527888730309675,-10.373641012987772,-9.527888730309675
PZU,2017-06,20,linear,,ba2aec8520f327c57ad3ee398dc8ac76c05d61c1394eb5618b2113d5955397cd,1,10,97015,0.7454771851417877,-6.56502831648068,-7.802235630514758,-6.56502831648068
PZU,2017-06,20,linear,,ba2aec8520f327c57ad3ee398dc8ac76c05d61c1394eb5618b2113d5955397cd,5,1,97018,-0.7011959424678211,-7.593998440768878,-6.6658667314191575,-6.6658667314191575
PZU,2017-06,20,linear,,ba2aec8520f327c57ad3ee398dc8ac76c05d61c1394eb5618b2113d5955397cd,5,2,97018,-0.4565649117023997,-10.086668662975454,-9.462259723196611,-9.462259723196611
PZU,2017-06,20,linear,,ba2aec8520f327c57ad3ee398dc8ac76c05d61c1394eb5618b2113d5955397cd,5,3,97009,-0.3011645873471271,-11.354285469576,-10.936226765479566,-10.936226765479566
PZU,2017-06,20,linear,,ba2aec8520f327c57ad3ee398dc8ac76c05d61c1394eb5618b2113d5955397cd,5,4,97018,-0.16803974575011174,-12.45683639230492,-12.15946334438204,-12.15946334438204
PZU,2017-06,20,linear,,ba2aec8520f327c57ad3ee398dc8ac76c05d61c1394eb5618b2113d5955397cd,5,5,97011,-0.040307170841671375,-12.924732976167578,-12.883056067966475,-12.882220411521605
PZU,2017-06,20,linear,,ba2aec8520f327c57ad3ee398dc8ac76c05d61c1394eb5618b2113d5955397cd,5,6,97016,0.0839465778100001,-13.699292776235984,-13.796776958800455,-13.699292776235984
PZU,2017-06,20,linear,,ba2aec8520f327c57ad3ee398dc8ac76c05d61c1394eb5618b2113d5955397cd,5,7,97013,0.21373016202531112,-12.776047197615789,-12.92886775322166,-12.776047197615789
PZU,2017-06,20,linear,,ba2aec8520f327c57ad3ee398dc8ac76c05d61c1394eb5618b2113d5955397cd,5,8,97015,0.3533928720165019,-11.064955274272606,-11.487466972488987,-11.064955274272606
PZU,2017-06,20,linear,,ba2aec8520f327c57ad3ee398dc8ac76c05d61c1394eb5618b2113d5955397cd,5,9,97015,0.5145359651016375,-9.662073403859681,-10.25676852853652,-9.662073403859681
PZU,2017-06,20,linear,,ba2aec8520f327c57ad3ee398dc8ac76c05d61c1394eb5618b2113d5955397cd,5,10,97015,0.7454771851417877,-6.911788882810708,-7.756771717835697,-6.911788882810708
PZU,2017-06,20,xgboost,,935727d4b49dc2444a5d9fce28a02e721cd586de66c8af16a4b6b1af5fe96600,0,1,97015,-0.7863873243331909,-8.685203711524627,-7.039464643059415,-7.039464643059415
PZU,2017-06,20,xgboost,,935727d4b49dc2444a5d9fce28a02e721cd586de66c8af16a4b6b1af5fe96600,0,2,97030,-0.42552459239959717,-11.248917831212523,-10.29921362853492,-10.29921362853492
PZU,2017-06,20,xgboost,,935727d4b49dc2444a5d9fce28a02e721cd586de66c8af16a4b6b1af5fe96600,0,3,97056,-0.27667972445487976,-11.666968677485347,-11.071093471431947,-11.071093471431947
PZU,2017-06,20,xgboost,,935727d4b49dc2444a5d9fce28a02e721cd586de66c8af16a4b6b1af5fe96600,0,4,96961,-0.16128256916999817,-12.514893318160095,-12.142818448065572,-12.142818448065572
PZU,2017-06,20,xgboost,,935727d4b49dc2444a5d9fce28a02e721cd586de66c8af16a4b6b1af5fe96600,0,5,97015,-0.04876125603914261,-12.598906795249116,-12.474334129760209,-12.477102011549338
PZU,2017-06,20,xgboost,,935727d4b49dc2444a5d9fce28a02e721cd586de66c8af16a4b6b1af5fe96600,0,6,97019,0.07411178201436996,-11.514141526753944,-11.663893538841283,-11.514141526753944
PZU,2017-06,20,xgboost,,935727d4b49dc2444a5d9fce28a02e721cd586de66c8af16a4b6b1af5fe96600,0,7,97017,0.17588816583156586,-11.470364232422213,-11.775283752298574,-11.470364232422213
PZU,2017-06,20,xgboost,,935727d4b49dc2444a5d9fce28a02e721cd586de66c8af16a4b6b1af5fe96600,0,8,97005,0.3072377145290375,-11.568324273063213,-12.152454550731411,-11.568324273063213
PZU,2017-06,20,xgboost,,935727d4b49dc2444a5d9fce28a02e721cd586de66c8af16a4b6b1af5fe96600,0,9,97015,0.4810616970062256,-9.86252047752818,-10.787624579351196,-9.86252047752818
PZU,2017-06,20,xgboost,,935727d4b49dc2444a5d9fce28a02e721cd586de66c8af16a4b6b1af5fe96600,0,10,97015,0.8268979787826538,-7.399992196471376,-8.927326348304513,-7.399992196471376
PZU,2017-06,20,xgboost,,935727d4b49dc2444a5d9fce28a02e721cd586de66c8af16a4b6b1af5fe96600,1,1,97015,-0.7863873243331909,-8.6558147843526,-7.237502582621332,-7.237502582621332
PZU,2017-06,20,xgboost,,935727d4b49dc2444a5d9fce28a02e721cd586de66c8af16a4b6b1af5fe96600,1,2,97030,-0.42552459239959717,-11.205121194560835,-10.318894970568351,-10.318894970568351
PZU,2017-06,20,xgboost,,935727d4b49dc2444a5d9fce28a02e721cd586de66c8af16a4b6b1af5fe96600,1,3,97056,-0.27667972445487976,-11.629177319408722,-11.076143919734024,-11.076143919734024
PZU,2017-06,20,xgboost,,935727d4b49dc2444a5d9fce28a02e721cd586de66c8af16a4b6b1af5fe96600,1,4,96961,-0.16128256916999817,-12.469470182906969,-12.123753682299432,-12.123753682299432
PZU,2017-06,20,xgboost,,935727d4b49dc2444a5d9fce28a02e721cd586de66c8af16a4b6b1af5fe96600,1,5,97015,-0.04876125603914261,-12.554599107170683,-12.44506088934004,-12.447684695416925
PZU,2017-06,20,xgboost,,935727d4b49dc2444a5d9fce28a02e721cd586de66c8af16a4b6b1af5fe96600,1,6,97019,0.07411178201436996,-11.488465882628331,-11.640121247268915,-11.488465882628331
PZU,2017-06,20,xgboost,,935727d4b49dc2444a5d9fce28a02e721cd586de66c8af16a4b6b1af5fe96600,1,7,97017,0.17588816583156586,-11.466911797028182,-11.74232920898618,-11.466911797028182
PZU,2017-06,20,xgboost,,935727d4b49dc2444a5d9fce28a02e721cd586de66c8af16a4b6b1af5fe96600,1,8,97005,0.3072377145290375,-11.558730786168947,-12.107501130436047,-11.558730786168947
PZU,2017-06,20,xgboost,,935727d4b49dc2444a5d9fce28a02e721cd586de66c8af16a4b6b1af5fe96600,1,9,97015,0.4810616970062256,-9.872490094835008,-10.743645060209149,-9.872490094835008
PZU,2017-06,20,xgboost,,935727d4b49dc2444a5d9fce28a02e721cd586de66c8af16a4b6b1af5fe96600,1,10,97015,0.8268979787826538,-7.629655934115101,-8.898765642774588,-7.629655934115101
PZU,2017-06,20,xgboost,,935727d4b49dc2444a5d9fce28a02e721cd586de66c8af16a4b6b1af5fe96600,5,1,97015,-0.7863873243331909,-8.573654599418246,-7.653721096722874,-7.653721096722874
PZU,2017-06,20,xgboost,,935727d4b49dc2444a5d9fce28a02e721cd586de66c8af16a4b6b1af5fe96600,5,2,97030,-0.42552459239959717,-11.10866489572246,-10.42668354722589,-10.42668354722589
PZU,2017-06,20,xgboost,,935727d4b49dc2444a5d9fce28a02e721cd586de66c8af16a4b6b1af5fe96600,5,3,97056,-0.27667972445487976,-11.549555426375086,-11.10591707281885,-11.10591707281885
PZU,2017-06,20,xgboost,,935727d4b49dc2444a5d9fce28a02e721cd586de66c8af16a4b6b1af5fe96600,5,4,96961,-0.16128256916999817,-12.363114525341839,-12.069620573349676,-12.069620573349676
PZU,2017-06,20,xgboost,,935727d4b49dc2444a5d9fce28a02e721cd586de66c8af16a4b6b1af5fe96600,5,5,97015,-0.04876125603914261,-12.473653433646536,-12.401359204577622,-12.401095701641857
PZU,2017-06,20,xgboost,,935727d4b49dc2444a5d9fce28a02e721cd586de66c8af16a4b6b1af5fe96600,5,6,97019,0.07411178201436996,-11.457672845467929,-11.581396305350262,-11.457672845467929
PZU,2017-06,20,xgboost,,935727d4b49dc2444a5d9fce28a02e721cd586de66c8af16a4b6b1af5fe96600,5,7,97017,0.17588816583156586,-11.46720110147394,-11.676430112013758,-11.46720110147394
PZU,2017-06,20,xgboost,,935727d4b49dc2444a5d9fce28a02e721cd586de66c8af16a4b6b1af5fe96600,5,8,97005,0.3072377145290375,-11.572993015366585,-11.983708358379085,-11.572993015366585
PZU,2017-06,20,xgboost,,935727d4b49dc2444a5d9fce28a02e721cd586de66c8af16a4b6b1af5fe96600,5,9,97015,0.4810616970062256,-9.985323354159075,-10.641159259471356,-9.985323354159075
PZU,2017-06,20,xgboost,,935727d4b49dc2444a5d9fce28a02e721cd586de66c8af16a4b6b1af5fe96600,5,10,97015,0.8268979787826538,-7.979187941618344,-8.794001409049296,-7.979187941618344
PZU,2017-06,20,xgboost,7.0,8dfd6236043162f02bdbc7fef139d14aa85756c37d684017852855c9304249c5,0,1,97016,-0.03988416865468025,-10.015830460985354,-10.048272017845136,-10.048272017845136
PZU,2017-06,20,xgboost,7.0,8dfd6236043162f02bdbc7fef139d14aa85756c37d684017852855c9304249c5,0,2,97033,-0.018601112067699432,-10.314865486167674,-10.302745082114994,-10.302745082114994
PZU,2017-06,20,xgboost,7.0,8dfd6236043162f02bdbc7fef139d14aa85756c37d684017852855c9304249c5,0,3,96998,-0.010606816038489342,-10.299153299117597,-10.20426348682346,-10.20426348682346
PZU,2017-06,20,xgboost,7.0,8dfd6236043162f02bdbc7fef139d14aa85756c37d684017852855c9304249c5,0,4,97014,-0.005361783318221569,-10.372393751099047,-10.220434474494217,-10.220434474494217
PZU,2017-06,20,xgboost,7.0,8dfd6236043162f02bdbc7fef139d14aa85756c37d684017852855c9304249c5,0,5,97013,-0.0009405851596966386,-10.65891905976407,-10.528647043508538,-10.578554834105562
PZU,2017-06,20,xgboost,7.0,8dfd6236043162f02bdbc7fef139d14aa85756c37d684017852855c9304249c5,0,6,97017,0.0031240328680723906,-10.822381429455776,-10.709455132360219,-10.822381429455776
PZU,2017-06,20,xgboost,7.0,8dfd6236043162f02bdbc7fef139d14aa85756c37d684017852855c9304249c5,0,7,97013,0.007271760609000921,-10.982936881055625,-10.900808938177523,-10.982936881055625
PZU,2017-06,20,xgboost,7.0,8dfd6236043162f02bdbc7fef139d14aa85756c37d684017852855c9304249c5,0,8,97014,0.01192375086247921,-11.053193036504027,-11.10182730956252,-11.053193036504027
PZU,2017-06,20,xgboost,7.0,8dfd6236043162f02bdbc7fef139d14aa85756c37d684017852855c9304249c5,0,9,97020,0.01821460761129856,-11.224863882006291,-11.390250316938841,-11.224863882006291
PZU,2017-06,20,xgboost,7.0,8dfd6236043162f02bdbc7fef139d14aa85756c37d684017852855c9304249c5,0,10,97010,0.037216030061244965,-12.78523044279823,-12.926079572038127,-12.78523044279823
PZU,2017-06,20,xgboost,7.0,8dfd6236043162f02bdbc7fef139d14aa85756c37d684017852855c9304249c5,1,1,97016,-0.03988416865468025,-10.086487023995899,-10.068787996106535,-10.068787996106535
PZU,2017-06,20,xgboost,7.0,8dfd6236043162f02bdbc7fef139d14aa85756c37d684017852855c9304249c5,1,2,97033,-0.018601112067699432,-10.333758599946334,-10.316831055287622,-10.316831055287622
PZU,2017-06,20,xgboost,7.0,8dfd6236043162f02bdbc7fef139d14aa85756c37d684017852855c9304249c5,1,3,96998,-0.010606816038489342,-10.30906037489532,-10.210191960574454,-10.210191960574454
PZU,2017-06,20,xgboost,7.0,8dfd6236043162f02bdbc7fef139d14aa85756c37d684017852855c9304249c5,1,4,97014,-0.005361783318221569,-10.368360993651399,-10.231359367763545,-10.231359367763545
PZU,2017-06,20,xgboost,7.0,8dfd6236043162f02bdbc7fef139d14aa85756c37d684017852855c9304249c5,1,5,97013,-0.0009405851596966386,-10.63691407692958,-10.528141243991504,-10.569063377143525
PZU,2017-06,20,xgboost,7.0,8dfd6236043162f02bdbc7fef139d14aa85756c37d684017852855c9304249c5,1,6,97017,0.0031240328680723906,-10.81237250488473,-10.705848284775819,-10.81237250488473
PZU,2017-06,20,xgboost,7.0,8dfd6236043162f02bdbc7fef139d14aa85756c37d684017852855c9304249c5,1,7,97013,0.007271760609000921,-10.965894146393511,-10.900800007786616,-10.965894146393511
PZU,2017-06,20,xgboost,7.0,8dfd6236043162f02bdbc7fef139d14aa85756c37d684017852855c9304249c5,1,8,97014,0.01192375086247921,-11.029408275880565,-11.086264419075981,-11.029408275880565
PZU,2017-06,20,xgboost,7.0,8dfd6236043162f02bdbc7fef139d14aa85756c37d684017852855c9304249c5,1,9,97020,0.01821460761129856,-11.208557513616716,-11.377693741549445,-11.208557513616716
PZU,2017-06,20,xgboost,7.0,8dfd6236043162f02bdbc7fef139d14aa85756c37d684017852855c9304249c5,1,10,97010,0.037216030061244965,-12.779157805874362,-12.907093202560675,-12.779157805874362
PZU,2017-06,20,xgboost,7.0,8dfd6236043162f02bdbc7fef139d14aa85756c37d684017852855c9304249c5,5,1,97016,-0.03988416865468025,-10.233029929479095,-10.169292474360612,-10.169292474360612
PZU,2017-06,20,xgboost,7.0,8dfd6236043162f02bdbc7fef139d14aa85756c37d684017852855c9304249c5,5,2,97033,-0.018601112067699432,-10.382509622940153,-10.33344857363039,-10.33344857363039
PZU,2017-06,20,xgboost,7.0,8dfd6236043162f02bdbc7fef139d14aa85756c37d684017852855c9304249c5,5,3,96998,-0.010606816038489342,-10.311276142126598,-10.227436571107575,-10.227436571107575
PZU,2017-06,20,xgboost,7.0,8dfd6236043162f02bdbc7fef139d14aa85756c37d684017852855c9304249c5,5,4,97014,-0.005361783318221569,-10.348879531211312,-10.255004290689504,-10.255004290689504
PZU,2017-06,20,xgboost,7.0,8dfd6236043162f02bdbc7fef139d14aa85756c37d684017852855c9304249c5,5,5,97013,-0.0009405851596966386,-10.601546574409854,-10.551500365125387,-10.573515774266783
PZU,2017-06,20,xgboost,7.0,8dfd6236043162f02bdbc7fef139d14aa85756c37d684017852855c9304249c5,5,6,97017,0.0031240328680723906,-10.80216216552941,-10.709110600730884,-10.80216216552941
PZU,2017-06,20,xgboost,7.0,8dfd6236043162f02bdbc7fef139d14aa85756c37d684017852855c9304249c5,5,7,97013,0.007271760609000921,-10.919409079283048,-10.877811766261024,-10.919409079283048
PZU,2017-06,20,xgboost,7.0,8dfd6236043162f02bdbc7fef139d14aa85756c37d684017852855c9304249c5,5,8,97014,0.01192375086247921,-11.019686244127442,-11.054879093344605,-11.019686244127442
PZU,2017-06,20,xgboost,7.0,8dfd6236043162f02bdbc7fef139d14aa85756c37d684017852855c9304249c5,5,9,97020,0.01821460761129856,-11.17821231090824,-11.328742829704625,-11.17821231090824
PZU,2017-06,20,xgboost,7.0,8dfd6236043162f02bdbc7fef139d14aa85756c37d684017852855c9304249c5,5,10,97010,0.037216030061244965,-12.733838956729137,-12.826128792550302,-12.733838956729137
PZU,2017-06,50,linear,,9cf7adec707c3062f549b57be61014b20055d38611c75debf1f4f234bbe15663,0,1,96952,-1.1150684106156483,-8.422212175677332,-6.228947456082404,-6.228947456082404
PZU,2017-06,50,linear,,9cf7adec707c3062f549b57be61014b20055d38611c75debf1f4f234bbe15663,0,2,96953,-0.7481806640336014,-10.717373089073911,-9.332444051709874,-9.332444051709874
PZU,2017-06,50,linear,,9cf7adec707c3062f549b57be61014b20055d38611c75debf1f4f234bbe15663,0,3,96954,-0.5030723571363412,-11.703804785108616,-10.878651751521787,-10.878651751521787
PZU,2017-06,50,linear,,9cf7adec707c3062f549b57be61014b20055d38611c75debf1f4f234bbe15663,0,4,96948,-0.28490524221408664,-12.44634910223688,-11.902810855416023,-11.902810855416023
PZU,2017-06,50,linear,,9cf7adec707c3062f549b57be61014b20055d38611c75debf1f4f234bbe15663,0,5,96952,-0.0710719677922207,-12.457699205847327,-12.345856022560334,-12.349224886170125
PZU,2017-06,50,linear,,9cf7adec707c3062f549b57be61014b20055d38611c75debf1f4f234bbe15663,0,6,96952,0.1474955969601786,-12.522867907674016,-12.657502237487407,-12.522867907674016
PZU,2017-06,50,linear,,9cf7adec707c3062f549b57be61014b20055d38611c75debf1f4f234bbe15663,0,7,96951,0.3730111640814675,-12.295476240255121,-12.668698581331883,-12.295476240255121
PZU,2017-06,50,linear,,9cf7adec707c3062f549b57be61014b20055d38611c75debf1f4f234bbe15663,0,8,96958,0.5988388406271395,-11.272184684935379,-12.042871710267468,-11.272184684935379
PZU,2017-06,50,linear,,9cf7adec707c3062f549b57be61014b20055d38611c75debf1f4f234bbe15663,0,9,96947,0.8504846685473831,-9.896325260041344,-11.223676373921469,-9.896325260041344
PZU,2017-06,50,linear,,9cf7adec707c3062f549b57be61014b20055d38611c75debf1f4f234bbe15663,0,10,96951,1.1834903141077877,-6.9556851757836045,-8.90269541845539,-6.9556851757836045
PZU,2017-06,50,linear,,9cf7adec707c3062f549b57be61014b20055d38611c75debf1f4f234bbe15663,1,1,96952,-1.1150684106156483,-8.419080412845265,-6.46320667510149,-6.46320667510149
PZU,2017-06,50,linear,,9cf7adec707c3062f549b57be61014b20055d38611c75debf1f4f234bbe15663,1,2,96953,-0.7481806640336014,-10.66891992849058,-9.379584031131419,-9.379584031131419
PZU,2017-06,50,linear,,9cf7adec707c3062f549b57be61014b20055d38611c75debf1f4f234bbe15663,1,3,96954,-0.5030723571363412,-11.668729427216142,-10.881212280493392,-10.881212280493392
PZU,2017-06,50,linear,,9cf7adec707c3062f549b57be61014b20055d38611c75debf1f4f234bbe15663,1,4,96948,-0.28490524221408664,-12.394787501295154,-11.883825478930504,-11.883825478930504
PZU,2017-06,50,linear,,9cf7adec707c3062f549b57be61014b20055d38611c75debf1f4f234bbe15663,1,5,96952,-0.0710719677922207,-12.418418594378444,-12.316158192517298,-12.316796026400759
PZU,2017-06,50,linear,,9cf7adec707c3062f549b57be61014b20055d38611c75debf1f4f234bbe15663,1,6,96952,0.1474955969601786,-12.477735076422404,-12.60651126709438,-12.477735076422404
PZU,2017-06,50,linear,,9cf7adec707c3062f549b57be61014b20055d38611c75debf1f4f234bbe15663,1,7,96951,0.3730111640814675,-12.267566248951118,-12.622896965953135,-12.267566248951118
PZU,2017-06,50,linear,,9cf7adec707c3062f549b57be61014b20055d38611c75debf1f4f234bbe15663,1,8,96958,0.5988388406271395,-11.25215385013581,-11.977557182781727,-11.25215385013581
PZU,2017-06,50,linear,,9cf7adec707c3062f549b57be61014b20055d38611c75debf1f4f234bbe15663,1,9,96947,0.8504846685473831,-9.924877970706463,-11.163768957212685,-9.924877970706463
PZU,2017-06,50,linear,,9cf7adec707c3062f549b57be61014b20055d38611c75debf1f4f234bbe15663,1,10,96951,1.1834903141077877,-7.197897165704413,-8.88948069743548,-7.197897165704413
PZU,2017-06,50,linear,,9cf7adec707c3062f549b57be61014b20055d38611c75debf1f4f234bbe15663,5,1,96952,-1.1150684106156483,-8.342021966833258,-6.907154719773435,-6.907154719773435
PZU,2017-06,50,linear,,9cf7adec707c3062f549b57be61014b20055d38611c75debf1f4f234bbe15663,5,2,96953,-0.7481806640336014,-10.554691519507436,-9.513675715765869,-9.513675715765869
PZU,2017-06,50,linear,,9cf7adec707c3062f549b57be61014b20055d38611c75debf1f4f234bbe15663,5,3,96954,-0.5030723571363412,-11.578430176011144,-10.946844659162032,-10.946844659162032
PZU,2017-06,50,linear,,9cf7adec707c3062f549b57be61014b20055d38611c75debf1f4f234bbe15663,5,4,96948,-0.28490524221408664,-12.288560145780917,-11.862028513820103,-11.862028513820103
PZU,2017-06,50,linear,,9cf7adec707c3062f549b57be61014b20055d38611c75debf1f4f234bbe15663,5,5,96952,-0.0710719677922207,-12.353755605920224,-12.26632323335837,-12.269360202863307
PZU,2017-06,50,linear,,9cf7adec707c3062f549b57be61014b20055d38611c75debf1f4f234bbe15663,5,6,96952,0.1474955969601786,-12.428174098106243,-12.516837737349373,-12.428174098106243
PZU,2017-06,50,linear,,9cf7adec707c3062f549b57be61014b20055d38611c75debf1f4f234bbe15663,5,7,96951,0.3730111640814675,-12.25720688581495,-12.524779330763327,-12.25720688581495
PZU,2017-06,50,linear,,9cf7adec707c3062f549b57be61014b20055d38611c75debf1f4f234bbe15663,5,8,96958,0.5988388406271395,-11.309103128319475,-11.877308294188822,-11.309103128319475
PZU,2017-06,50,linear,,9cf7adec707c3062f549b57be61014b20055d38611c75debf1f4f234bbe15663,5,9,96947,0.8504846685473831,-10.065074986825163,-10.995278948226105,-10.065074986825163
PZU,2017-06,50,linear,,9cf7adec707c3062f549b57be61014b20055d38611c75debf1f4f234bbe15663,5,10,96951,1.1834903141077877,-7.514188462169671,-8.773227663787406,-7.514188462169671
PZU,2017-06,50,xgboost,,a7454416a3f33d7cfc653d89bea3fcd09ecffc0af1fc90ed5c11812f67b9280e,0,1,96964,-1.1754851341247559,-10.101115291776697,-7.7230075942008245,-7.7230075942008245
PZU,2017-06,50,xgboost,,a7454416a3f33d7cfc653d89bea3fcd09ecffc0af1fc90ed5c11812f67b9280e,0,2,96951,-0.6574372053146362,-11.312953058616335,-9.915280347850878,-9.915280347850878
PZU,2017-06,50,xgboost,,a7454416a3f33d7cfc653d89bea3fcd09ecffc0af1fc90ed5c11812f67b9280e,0,3,96941,-0.4263748228549957,-11.85126862528723,-11.013440808647768,-11.013440808647768
PZU,2017-06,50,xgboost,,a7454416a3f33d7cfc653d89bea3fcd09ecffc0af1fc90ed5c11812f67b9280e,0,4,96959,-0.24709740281105042,-12.168907818521253,-11.649866684067334,-11.649866684067334
PZU,2017-06,50,xgboost,,a7454416a3f33d7cfc653d89bea3fcd09ecffc0af1fc90ed5c11812f67b9280e,0,5,96952,-0.06494326144456863,-12.030525704302358,-11.92316400738838,-11.924104277049166
PZU,2017-06,50,xgboost,,a7454416a3f33d7cfc653d89bea3fcd09ecffc0af1fc90ed5c11812f67b9280e,0,6,96946,0.12469115108251572,-11.499809839183344,-11.665165132572366,-11.499809839183344
PZU,2017-06,50,xgboost,,a7454416a3f33d7cfc653d89bea3fcd09ecffc0af1fc90ed5c11812f67b9280e,0,7,96949,0.3058760464191437,-10.900442498176268,-11.327937310718575,-10.900442498176268
PZU,2017-06,50,xgboost,,a7454416a3f33d7cfc653d89bea3fcd09ecffc0af1fc90ed5c11812f67b9280e,0,8,96957,0.5050258636474609,-10.787648001929945,-11.636759039021523,-10.787648001929945
PZU,2017-06,50,xgboost,,a7454416a3f33d7cfc653d89bea3fcd09ecffc0af1fc90ed5c11812f67b9280e,0,9,96954,0.7807180881500244,-9.790919833291227,-11.080813893622581,-9.790919833291227
PZU,2017-06,50,xgboost,,a7454416a3f33d7cfc653d89bea3fcd09ecffc0af1fc90ed5c11812f67b9280e,0,10,96945,1.2841612100601196,-8.246432609186423,-10.249031718100284,-8.246432609186423
PZU,2017-06,50,xgboost,,a7454416a3f33d7cfc653d89bea3fcd09ecffc0af1fc90ed5c11812f67b9280e,1,1,96964,-1.1754851341247559,-10.05529994789657,-7.888544514248226,-7.888544514248226
PZU,2017-06,50,xgboost,,a7454416a3f33d7cfc653d89bea3fcd09ecffc0af1fc90ed5c11812f67b9280e,1,2,96951,-0.6574372053146362,-11.257055470655056,-9.948111157646675,-9.948111157646675
PZU,2017-06,50,xgboost,,a7454416a3f33d7cfc653d89bea3fcd09ecffc0af1fc90ed5c11812f67b9280e,1,3,96941,-0.4263748228549957,-11.81727559192407,-11.03055279313853,-11.03055279313853
PZU,2017-06,50,xgboost,,a7454416a3f33d7cfc653d89bea3fcd09ecffc0af1fc90ed5c11812f67b9280e,1,4,96959,-0.24709740281105042,-12.118879602998186,-11.645407907673109,-11.645407907673109
PZU,2017-06,50,xgboost,,a7454416a3f33d7cfc653d89bea3fcd09ecffc0af1fc90ed5c11812f67b9280e,1,5,96952,-0.06494326144456863,-12.007623705309557,-11.911137208847942,-11.916280875395902
PZU,2017-06,50,xgboost,,a7454416a3f33d7cfc653d89bea3fcd09ecffc0af1fc90ed5c11812f67b9280e,1,6,96946,0.12469115108251572,-11.492196786751858,-11.635186704785784,-11.492196786751858
PZU,2017-06,50,xgboost,,a7454416a3f33d7cfc653d89bea3fcd09ecffc0af1fc90ed5c11812f67b9280e,1,7,96949,0.3058760464191437,-10.906848883230783,-11.305425884799844,-10.906848883230783
PZU,2017-06,50,xgboost,,a7454416a3f33d7cfc653d89bea3fcd09ecffc0af1fc90ed5c11812f67b9280e,1,8,96957,0.5050258636474609,-10.806363680453982,-11.586925487843827,-10.806363680453982
PZU,2017-06,50,xgboost,,a7454416a3f33d7cfc653d89bea3fcd09ecffc0af1fc90ed5c11812f67b9280e,1,9,96954,0.7807180881500244,-9.827633752391502,-11.028766215553865,-9.827633752391502
PZU,2017-06,50,xgboost,,a7454416a3f33d7cfc653d89bea3fcd09ecffc0af1fc90ed5c11812f67b9280e,1,10,96945,1.2841612100601196,-8.401044406622956,-10.204436895267689,-8.401044406622956
PZU,2017-06,50,xgboost,,a7454416a3f33d7cfc653d89bea3fcd09ecffc0af1fc90ed5c11812f67b9280e,5,1,96964,-1.1754851341247559,-9.898317163008413,-8.246090022131272,-8.246090022131272
PZU,2017-06,50,xgboost,,a7454416a3f33d7cfc653d89bea3fcd09ecffc0af1fc90ed5c11812f67b9280e,5,2,96951,-0.6574372053146362,-11.137840520417766,-10.076829386023382,-10.076829386023382
PZU,2017-06,50,xgboost,,a7454416a3f33d7cfc653d89bea3fcd09ecffc0af1fc90ed5c11812f67b9280e,5,3,96941,-0.4263748228549957,-11.709842133207228,-11.096149519994537,-11.096149519994537
PZU,2017-06,50,xgboost,,a7454416a3f33d7cfc653d89bea3fcd09ecffc0af1fc90ed5c11812f67b9280e,5,4,96959,-0.24709740281105042,-12.015860140082589,-11.663920418622896,-11.663920418622896
PZU,2017-06,50,xgboost,,a7454416a3f33d7cfc653d89bea3fcd09ecffc0af1fc90ed5c11812f67b9280e,5,5,96952,-0.06494326144456863,-11.985039042646592,-11.869877847401298,-11.880546303574361
PZU,2017-06,50,xgboost,,a7454416a3f33d7cfc653d89bea3fcd09ecffc0af1fc90ed5c11812f67b9280e,5,6,96946,0.12469115108251572,-11.49849142038441,-11.599912664341089,-11.49849142038441
PZU,2017-06,50,xgboost,,a7454416a3f33d7cfc653d89bea3fcd09ecffc0af1fc90ed5c11812f67b9280e,5,7,96949,0.3058760464191437,-10.94410403591872,-11.235174857492286,-10.94410403591872
PZU,2017-06,50,xgboost,,a7454416a3f33d7cfc653d89bea3fcd09ecffc0af1fc90ed5c11812f67b9280e,5,8,96957,0.5050258636474609,-10.872973577969573,-11.48376490937693,-10.872973577969573
PZU,2017-06,50,xgboost,,a7454416a3f33d7cfc653d89bea3fcd09ecffc0af1fc90ed5c11812f67b9280e,5,9,96954,0.7807180881500244,-9.984489120469586,-10.889656291583076,-9.984489120469586
PZU,2017-06,50,xgboost,,a7454416a3f33d7cfc653d89bea3fcd09ecffc0af1fc90ed5c11812f67b9280e,5,10,96945,1.2841612100601196,-8.644325839545282,-10.022338137699803,-8.644325839545282
PZU,2017-06,50,xgboost,7.0,57fc3c170cf2c39e06928ff12a1e411dd40233568dacbfe3f0fec0dc15506f17,0,1,96952,-0.058282673358917236,-10.352257269953554,-10.314623240775076,-10.314623240775076
PZU,2017-06,50,xgboost,7.0,57fc3c170cf2c39e06928ff12a1e411dd40233568dacbfe3f0fec0dc15506f17,0,2,96953,-0.028999799862504005,-9.574444851073318,-9.369745763573663,-9.369745763573663
PZU,2017-06,50,xgboost,7.0,57fc3c170cf2c39e06928ff12a1e411dd40233568dacbfe3f0fec0dc15506f17,0,3,96951,-0.01981036551296711,-10.361300504378944,-10.18573207293022,-10.18573207293022
PZU,2017-06,50,xgboost,7.0,57fc3c170cf2c39e06928ff12a1e411dd40233568dacbfe3f0fec0dc15506f17,0,4,96951,-0.012287812307476997,-10.788253312057261,-10.723834768838023,-10.723834768838023
PZU,2017-06,50,xgboost,7.0,57fc3c170cf2c39e06928ff12a1e411dd40233568dacbfe3f0fec0dc15506f17,0,5,96953,-0.005633548833429813,-10.873319059946475,-10.870067540863284,-10.870067540863284
PZU,2017-06,50,xgboost,7.0,57fc3c170cf2c39e06928ff12a1e411dd40233568dacbfe3f0fec0dc15506f17,0,6,96953,0.0009542086045257747,-10.881321220109669,-10.998398664718025,-10.881200212322156
PZU,2017-06,50,xgboost,7.0,57fc3c170cf2c39e06928ff12a1e411dd40233568dacbfe3f0fec0dc15506f17,0,7,96949,0.008092979900538921,-10.97152469253376,-11.050850929309371,-10.97152469253376
PZU,2017-06,50,xgboost,7.0,57fc3c170cf2c39e06928ff12a1e411dd40233568dacbfe3f0fec0dc15506f17,0,8,96956,0.016666635870933533,-11.60695742328032,-11.557020980378422,-11.60695742328032
PZU,2017-06,50,xgboost,7.0,57fc3c170cf2c39e06928ff12a1e411dd40233568dacbfe3f0fec0dc15506f17,0,9,96948,0.029906634241342545,-11.762997839374453,-11.659338035312176,-11.762997839374453
PZU,2017-06,50,xgboost,7.0,57fc3c170cf2c39e06928ff12a1e411dd40233568dacbfe3f0fec0dc15506f17,0,10,96952,0.062058620154857635,-11.517669519680698,-11.454555655537137,-11.517669519680698
PZU,2017-06,50,xgboost,7.0,57fc3c170cf2c39e06928ff12a1e411dd40233568dacbfe3f0fec0dc15506f17,1,1,96952,-0.058282673358917236,-10.452934337924042,-10.349705850198575,-10.349705850198575
PZU,2017-06,50,xgboost,7.0,57fc3c170cf2c39e06928ff12a1e411dd40233568dacbfe3f0fec0dc15506f17,1,2,96953,-0.028999799862504005,-9.574529318168366,-9.377664340986291,-9.377664340986291
PZU,2017-06,50,xgboost,7.0,57fc3c170cf2c39e06928ff12a1e411dd40233568dacbfe3f0fec0dc15506f17,1,3,96951,-0.01981036551296711,-10.357203123539966,-10.18889596366331,-10.18889596366331
PZU,2017-06,50,xgboost,7.0,57fc3c170cf2c39e06928ff12a1e411dd40233568dacbfe3f0fec0dc15506f17,1,4,96951,-0.012287812307476997,-10.783397651707086,-10.717309033632231,-10.717309033632231
PZU,2017-06,50,xgboost,7.0,57fc3c170cf2c39e06928ff12a1e411dd40233568dacbfe3f0fec0dc15506f17,1,5,96953,-0.005633548833429813,-10.856182275506242,-10.863522228731565,-10.863522228731565
PZU,2017-06,50,xgboost,7.0,57fc3c170cf2c39e06928ff12a1e411dd40233568dacbfe3f0fec0dc15506f17,1,6,96953,0.0009542086045257747,-10.872776678279386,-10.992605691778765,-10.876052135935952
PZU,2017-06,50,xgboost,7.0,57fc3c170cf2c39e06928ff12a1e411dd40233568dacbfe3f0fec0dc15506f17,1,7,96949,0.008092979900538921,-10.965103606532853,-11.036883251565131,-10.965103606532853
PZU,2017-06,50,xgboost,7.0,57fc3c170cf2c39e06928ff12a1e411dd40233568dacbfe3f0fec0dc15506f17,1,8,96956,0.016666635870933533,-11.590038969148114,-11.549697181822442,-11.590038969148114
PZU,2017-06,50,xgboost,7.0,57fc3c170cf2c39e06928ff12a1e411dd40233568dacbfe3f0fec0dc15506f17,1,9,96948,0.029906634241342545,-11.73945601905908,-11.663965326688109,-11.73945601905908
PZU,2017-06,50,xgboost,7.0,57fc3c170cf2c39e06928ff12a1e411dd40233568dacbfe3f0fec0dc15506f17,1,10,96952,0.062058620154857635,-11.498607943187713,-11.443967103359261,-11.498607943187713
PZU,2017-06,50,xgboost,7.0,57fc3c170cf2c39e06928ff12a1e411dd40233568dacbfe3f0fec0dc15506f17,5,1,96952,-0.058282673358917236,-10.563028244414243,-10.413136711624581,-10.413136711624581
PZU,2017-06,50,xgboost,7.0,57fc3c170cf2c39e06928ff12a1e411dd40233568dacbfe3f0fec0dc15506f17,5,2,96953,-0.028999799862504005,-9.578074831255902,-9.399166842452614,-9.399166842452614
PZU,2017-06,50,xgboost,7.0,57fc3c170cf2c39e06928ff12a1e411dd40233568dacbfe3f0fec0dc15506f17,5,3,96951,-0.01981036551296711,-10.349148005614508,-10.217338974954906,-10.217338974954906
PZU,2017-06,50,xgboost,7.0,57fc3c170cf2c39e06928ff12a1e411dd40233568dacbfe3f0fec0dc15506f17,5,4,96951,-0.012287812307476997,-10.772959835422977,-10.711646919067817,-10.711646919067817
PZU,2017-06,50,xgboost,7.0,57fc3c170cf2c39e06928ff12a1e411dd40233568dacbfe3f0fec0dc15506f17,5,5,96953,-0.005633548833429813,-10.841034425042812,-10.851806493691148,-10.851806493691148
PZU,2017-06,50,xgboost,7.0,57fc3c170cf2c39e06928ff12a1e411dd40233568dacbfe3f0fec0dc15506f17,5,6,96953,0.0009542086045257747,-10.884686481085991,-10.955864950008136,-10.883486740541937
PZU,2017-06,50,xgboost,7.0,57fc3c170cf2c39e06928ff12a1e411dd40233568dacbfe3f0fec0dc15506f17,5,7,96949,0.008092979900538921,-10.967104932017467,-11.024056663625071,-10.967104932017467
PZU,2017-06,50,xgboost,7.0,57fc3c170cf2c39e06928ff12a1e411dd40233568dacbfe3f0fec0dc15506f17,5,8,96956,0.016666635870933533,-11.555600231580344,-11.532698763563506,-11.555600231580344
PZU,2017-06,50,xgboost,7.0,57fc3c170cf2c39e06928ff12a1e411dd40233568dacbfe3f0fec0dc15506f17,5,9,96948,0.029906634241342545,-11.710041102474202,-11.65513792412603,-11.710041102474202
PZU,2017-06,50,xgboost,7.0,57fc3c170cf2c39e06928ff12a1e411dd40233568dacbfe3f0fec0dc15506f17,5,10,96952,0.062058620154857635,-11.469587188943773,-11.42262760275808,-11.469587188943773
PZU,2017-09,10,linear,,63af3a44280acabc6261ec165558f82f4565866f39d5c178036f5e2a981a9fd3,0,1,77107,-0.47432756542563875,-4.918361753159772,-4.212843414282039,-4.212843414282039
PZU,2017-09,10,linear,,63af3a44280acabc6261ec165558f82f4565866f39d5c178036f5e2a981a9fd3,0,2,77109,-0.3403280999876425,-6.585057609149352,-6.116303065523096,-6.116303065523096
PZU,2017-09,10,linear,,63af3a44280acabc6261ec165558f82f4565866f39d5c178036f5e2a981a9fd3,0,3,77104,-0.24451878752508885,-7.368578271605465,-7.017521818214766,-7.017521818214766
PZU,2017-09,10,linear,,63af3a44280acabc6261ec165558f82f4565866f39d5c178036f5e2a981a9fd3,0,4,77107,-0.15356403478797312,-7.767502710657657,-7.541583673210653,-7.541583673210653
PZU,2017-09,10,linear,,63af3a44280acabc6261ec165558f82f4565866f39d5c178036f5e2a981a9fd3,0,5,77108,-0.06354279491417293,-8.028643683351685,-7.9350122777968295,-7.9350122777968295
PZU,2017-09,10,linear,,63af3a44280acabc6261ec165558f82f4565866f39d5c178036f5e2a981a9fd3,0,6,77105,0.025867584636745433,-7.923562188752631,-7.954010687764795,-7.931037952866156
PZU,2017-09,10,linear,,63af3a44280acabc6261ec165558f82f4565866f39d5c178036f5e2a981a9fd3,0,7,77108,0.11935573237838867,-7.810665589525162,-7.957712300360497,-7.810665589525162
PZU,2017-09,10,linear,,63af3a44280acabc6261ec165558f82f4565866f39d5c178036f5e2a981a9fd3,0,8,77109,0.21921314340849712,-7.345942349168544,-7.585100296964685,-7.345942349168544
PZU,2017-09,10,linear,,63af3a44280acabc6261ec165558f82f4565866f39d5c178036f5e2a981a9fd3,0,9,77102,0.33547666722670755,-6.262898192529018,-6.721980206686397,-6.262898192529018
PZU,2017-09,10,linear,,63af3a44280acabc6261ec165558f82f4565866f39d5c178036f5e2a981a9fd3,0,10,77107,0.48610186186245874,-4.3148801665861996,-5.1661134313270365,-4.3148801665861996
PZU,2017-09,10,linear,,63af3a44280acabc6261ec165558f82f4565866f39d5c178036f5e2a981a9fd3,1,1,77107,-0.47432756542563875,-4.9396466363654445,-4.328301877862822,-4.328301877862822
PZU,2017-09,10,linear,,63af3a44280acabc6261ec165558f82f4565866f39d5c178036f5e2a981a9fd3,1,2,77109,-0.3403280999876425,-6.568622638682526,-6.133167888629224,-6.133167888629224
PZU,2017-09,10,linear,,63af3a44280acabc6261ec165558f82f4565866f39d5c178036f5e2a981a9fd3,1,3,77104,-0.24451878752508885,-7.3370713146173925,-7.012852698219166,-7.012852698219166
PZU,2017-09,10,linear,,63af3a44280acabc6261ec165558f82f4565866f39d5c178036f5e2a981a9fd3,1,4,77107,-0.15356403478797312,-7.7294695023922255,-7.5220949734254585,-7.5220949734254585
PZU,2017-09,10,linear,,63af3a44280acabc6261ec165558f82f4565866f39d5c178036f5e2a981a9fd3,1,5,77108,-0.06354279491417293,-7.993841100068395,-7.902778516278743,-7.902778516278743
PZU,2017-09,10,linear,,63af3a44280acabc6261ec165558f82f4565866f39d5c178036f5e2a981a9fd3,1,6,77105,0.025867584636745433,-7.891845948587495,-7.924545650609846,-7.900385570164018
PZU,2017-09,10,linear,,63af3a44280acabc6261ec165558f82f4565866f39d5c178036f5e2a981a9fd3,1,7,77108,0.11935573237838867,-7.774783477517093,-7.922068813033944,-7.774783477517093
PZU,2017-09,10,linear,,63af3a44280acabc6261ec165558f82f4565866f39d5c178036f5e2a981a9fd3,1,8,77109,0.21921314340849712,-7.334503352660002,-7.559914957195051,-7.334503352660002
PZU,2017-09,10,linear,,63af3a44280acabc6261ec165558f82f4565866f39d5c178036f5e2a981a9fd3,1,9,77102,0.33547666722670755,-6.285304667850337,-6.712120617375681,-6.285304667850337
PZU,2017-09,10,linear,,63af3a44280acabc6261ec165558f82f4565866f39d5c178036f5e2a981a9fd3,1,10,77107,0.48610186186245874,-4.470779338997001,-5.190248047487925,-4.470779338997001
PZU,2017-09,10,linear,,63af3a44280acabc6261ec165558f82f4565866f39d5c178036f5e2a981a9fd3,5,1,77107,-0.47432756542563875,-4.978773164667514,-4.526166499935424,-4.526166499935424
PZU,2017-09,10,linear,,63af3a44280acabc6261ec165558f82f4565866f39d5c178036f5e2a981a9fd3,5,2,77109,-0.3403280999876425,-6.520546959402169,-6.192948913587074,-6.192948913587074
PZU,2017-09,10,linear,,63af3a44280acabc6261ec165558f82f4565866f39d5c178036f5e2a981a9fd3,5,3,77104,-0.24451878752508885,-7.2695367226214165,-7.0418110528657865,-7.0418110528657865
PZU,2017-09,10,linear,,63af3a44280acabc6261ec165558f82f4565866f39d5c178036f5e2a981a9fd3,5,4,77107,-0.15356403478797312,-7.652320837728034,-7.515400638630004,-7.515400638630004
PZU,2017-09,10,linear,,63af3a44280acabc6261ec165558f82f4565866f39d5c178036f5e2a981a9fd3,5,5,77108,-0.06354279491417293,-7.9212745477548525,-7.839077241327105,-7.839077241327105
PZU,2017-09,10,linear,,63af3a44280acabc6261ec165558f82f4565866f39d5c178036f5e2a981a9fd3,5,6,77105,0.025867584636745433,-7.831260502147264,-7.8670837772389275,-7.838495669020692
PZU,2017-09,10,linear,,63af3a44280acabc6261ec165558f82f4565866f39d5c178036f5e2a981a9fd3,5,7,77108,0.11935573237838867,-7.726001196896901,-7.830579099036795,-7.726001196896901
PZU,2017-09,10,linear,,63af3a44280acabc6261ec165558f82f4565866f39d5c178036f5e2a981a9fd3,5,8,77109,0.21921314340849712,-7.33680377018257,-7.498345999669506,-7.33680377018257
PZU,2017-09,10,linear,,63af3a44280acabc6261ec165558f82f4565866f39d5c178036f5e2a981a9fd3,5,9,77102,0.33547666722670755,-6.348210004646759,-6.665753861040438,-6.348210004646759
PZU,2017-09,10,linear,,63af3a44280acabc6261ec165558f82f4565866f39d5c178036f5e2a981a9fd3,5,10,77107,0.48610186186245874,-4.741432574927422,-5.2306839213771825,-4.741432574927422
PZU,2017-09,10,xgboost,,6578a7da8ce2fa5fe5136693937187b6b78487f4f2056a43e0da2423a7ab2487,0,1,77110,-0.6024138331413269,-5.126528912513509,-4.274599336401264,-4.274599336401264
PZU,2017-09,10,xgboost,,6578a7da8ce2fa5fe5136693937187b6b78487f4f2056a43e0da2423a7ab2487,0,2,77120,-0.30878397822380066,-6.188492511644389,-5.756382357038325,-5.756382357038325
PZU,2017-09,10,xgboost,,6578a7da8ce2fa5fe5136693937187b6b78487f4f2056a43e0da2423a7ab2487,0,3,77096,-0.21474231779575348,-7.433261559738237,-7.111889425081836,-7.111889425081836
PZU,2017-09,10,xgboost,,6578a7da8ce2fa5fe5136693937187b6b78487f4f2056a43e0da2423a7ab2487,0,4,77110,-0.12633554637432098,-7.710061198185314,-7.4927416295274405,-7.4927416295274405
PZU,2017-09,10,xgboost,,6578a7da8ce2fa5fe5136693937187b6b78487f4f2056a43e0da2423a7ab2487,0,5,77101,-0.05114680528640747,-7.66731869934766,-7.575552124381513,-7.575552124381513
PZU,2017-09,10,xgboost,,6578a7da8ce2fa5fe5136693937187b6b78487f4f2056a43e0da2423a7ab2487,0,6,77103,0.029335958883166313,-7.346525325735858,-7.371539378573936,-7.342228106058826
PZU,2017-09,10,xgboost,,6578a7da8ce2fa5fe5136693937187b6b78487f4f2056a43e0da2423a7ab2487,0,7,77109,0.09652508050203323,-8.075126902393889,-8.200317081470567,-8.075126902393889
PZU,2017-09,10,xgboost,,6578a7da8ce2fa5fe5136693937187b6b78487f4f2056a43e0da2423a7ab2487,0,8,77172,0.19386368989944458,-7.994967244212503,-8.236445729443938,-7.994967244212503
PZU,2017-09,10,xgboost,,6578a7da8ce2fa5fe5136693937187b6b78487f4f2056a43e0da2423a7ab2487,0,9,77053,0.3240629732608795,-6.46502380665152,-6.9663790834203665,-6.46502380665152
PZU,2017-09,10,xgboost,,6578a7da8ce2fa5fe5136693937187b6b78487f4f2056a43e0da2423a7ab2487,0,10,77092,0.5705482363700867,-4.317368562759991,-5.22127798057626,-4.317368562759991
PZU,2017-09,10,xgboost,,6578a7da8ce2fa5fe5136693937187b6b78487f4f2056a43e0da2423a7ab2487,1,1,77110,-0.6024138331413269,-5.1105901043438395,-4.398234888155002,-4.398234888155002
PZU,2017-09,10,xgboost,,6578a7da8ce2fa5fe5136693937187b6b78487f4f2056a43e0da2423a7ab2487,1,2,77120,-0.30878397822380066,-6.182081929516024,-5.769853318907044,-5.769853318907044
PZU,2017-09,10,xgboost,,6578a7da8ce2fa5fe5136693937187b6b78487f4f2056a43e0da2423a7ab2487,1,3,77096,-0.21474231779575348,-7.407528377647122,-7.1015066283945245,-7.1015066283945245
PZU,2017-09,10,xgboost,,6578a7da8ce2fa5fe5136693937187b6b78487f4f2056a43e0da2423a7ab2487,1,4,77110,-0.12633554637432098,-7.689448820420443,-7.473544384910063,-7.473544384910063
PZU,2017-09,10,xgboost,,6578a7da8ce2fa5fe5136693937187b6b78487f4f2056a43e0da2423a7ab2487,1,5,77101,-0.05114680528640747,-7.639338678990127,-7.550103055899386,-7.550103055899386
PZU,2017-09,10,xgboost,,6578a7da8ce2fa5fe5136693937187b6b78487f4f2056a43e0da2423a7ab2487,1,6,77103,0.029335958883166313,-7.32721305800852,-7.357661117630371,-7.324590422422715
PZU,2017-09,10,xgboost,,6578a7da8ce2fa5fe5136693937187b6b78487f4f2056a43e0da2423a7ab2487,1,7,77109,0.09652508050203323,-8.045046949911315,-8.164388109668998,-8.045046949911315
PZU,2017-09,10,xgboost,,6578a7da8ce2fa5fe5136693937187b6b78487f4f2056a43e0da2423a7ab2487,1,8,77172,0.19386368989944458,-7.9751189931968325,-8.209431353966657,-7.9751189931968325
PZU,2017-09,10,xgboost,,6578a7da8ce2fa5fe5136693937187b6b78487f4f2056a43e0da2423a7ab2487,1,9,77053,0.3240629732608795,-6.4754728348258395,-6.95489478736185,-6.4754728348258395
PZU,2017-09,10,xgboost,,6578a7da8ce2fa5fe5136693937187b6b78487f4f2056a43e0da2423a7ab2487,1,10,77092,0.5705482363700867,-4.472660087491611,-5.227426180098016,-4.472660087491611
PZU,2017-09,10,xgboost,,6578a7da8ce2fa5fe5136693937187b6b78487f4f2056a43e0da2423a7ab2487,5,1,77110,-0.6024138331413269,-5.108143951454795,-4.642480442722454,-4.642480442722454
PZU,2017-09,10,xgboost,,6578a7da8ce2fa5fe5136693937187b6b78487f4f2056a43e0da2423a7ab2487,5,2,77120,-0.30878397822380066,-6.174386963078068,-5.850058002815603,-5.850058002815603
PZU,2017-09,10,xgboost,,6578a7da8ce2fa5fe5136693937187b6b78487f4f2056a43e0da2423a7ab2487,5,3,77096,-0.21474231779575348,-7.343850010007713,-7.120574131985164,-7.120574131985164
PZU,2017-09,10,xgboost,,6578a7da8ce2fa5fe5136693937187b6b78487f4f2056a43e0da2423a7ab2487,5,4,77110,-0.12633554637432098,-7.622754984154663,-7.448425337326016,-7.448425337326016
PZU,2017-09,10,xgboost,,6578a7da8ce2fa5fe5136693937187b6b78487f4f2056a43e0da2423a7ab2487,5,5,77101,-0.05114680528640747,-7.569852508301391,-7.492399239835997,-7.492399239835997
PZU,2017-09,10,xgboost,,6578a7da8ce2fa5fe5136693937187b6b78487f4f2056a43e0da2423a7ab2487,5,6,77103,0.029335958883166313,-7.292665171370653,-7.317761494055674,-7.293060706707142
PZU,2017-09,10,xgboost,,6578a7da8ce2fa5fe5136693937187b6b78487f4f2056a43e0da2423a7ab2487,5,7,77109,0.09652508050203323,-7.9654064500394,-8.065120330456505,-7.9654064500394
PZU,2017-09,10,xgboost,,6578a7da8ce2fa5fe5136693937187b6b78487f4f2056a43e0da2423a7ab2487,5,8,77172,0.19386368989944458,-7.934998307944965,-8.124103353730165,-7.934998307944965
PZU,2017-09,10,xgboost,,6578a7da8ce2fa5fe5136693937187b6b78487f4f2056a43e0da2423a7ab2487,5,9,77053,0.3240629732608795,-6.566212260058729,-6.9167642741389965,-6.566212260058729
PZU,2017-09,10,xgboost,,6578a7da8ce2fa5fe5136693937187b6b78487f4f2056a43e0da2423a7ab2487,5,10,77092,0.5705482363700867,-4.746659330284596,-5.229137740397774,-4.746659330284596
PZU,2017-09,20,linear,,8c5e1b360dca1b585c45ba73daea40618e3cb8f440c9b8db4d700df96334cd4d,0,1,77092,-0.7141620684084778,-5.271738705545594,-4.183328511606541,-4.183328511606541
PZU,2017-09,20,linear,,8c5e1b360dca1b585c45ba73daea40618e3cb8f440c9b8db4d700df96334cd4d,0,2,77080,-0.5158069638964644,-6.745843686360489,-6.0425756739690275,-6.0425756739690275
PZU,2017-09,20,linear,,8c5e1b360dca1b585c45ba73daea40618e3cb8f440c9b8db4d700df96334cd4d,0,3,77085,-0.37267220860279643,-7.454906622285801,-6.924306717508445,-6.924306717508445
PZU,2017-09,20,linear,,8c5e1b360dca1b585c45ba73daea40618e3cb8f440c9b8db4d700df96334cd4d,0,4,77093,-0.2355326741227518,-7.659289396505121,-7.346947274947211,-7.346947274947211
PZU,2017-09,20,linear,,8c5e1b360dca1b585c45ba73daea40618e3cb8f440c9b8db4d700df96334cd4d,0,5,77078,-0.09935228991646679,-7.889360317893655,-7.769076732920229,-7.769076732920229
PZU,2017-09,20,linear,,8c5e1b360dca1b585c45ba73daea40618e3cb8f440c9b8db4d700df96334cd4d,0,6,77086,0.03562234782161491,-7.739842076463634,-7.779985502093879,-7.733357410110332
PZU,2017-09,20,linear,,8c5e1b360dca1b585c45ba73daea40618e3cb8f440c9b8db4d700df96334cd4d,0,7,77085,0.17791320240590425,-7.65394205052626,-7.895527788346665,-7.65394205052626
PZU,2017-09,20,linear,,8c5e1b360dca1b585c45ba73daea40618e3cb8f440c9b8db4d700df96334cd4d,0,8,77087,0.3280799984612313,-7.358770099817875,-7.721655752479319,-7.358770099817875
PZU,2017-09,20,linear,,8c5e1b360dca1b585c45ba73daea40618e3cb8f440c9b8db4d700df96334cd4d,0,9,77102,0.5002759969674075,-6.2713177610063084,-6.947108977331176,-6.2713177610063084
PZU,2017-09,20,linear,,8c5e1b360dca1b585c45ba73daea40618e3cb8f440c9b8db4d700df96334cd4d,0,10,77068,0.7195093025953195,-4.343133521266899,-5.54072573470573,-4.343133521266899
PZU,2017-09,20,linear,,8c5e1b360dca1b585c45ba73daea40618e3cb8f440c9b8db4d700df96334cd4d,1,1,77092,-0.7141620684084778,-5.282367442298399,-4.302870955469586,-4.302870955469586
PZU,2017-09,20,linear,,8c5e1b360dca1b585c45ba73daea40618e3cb8f440c9b8db4d700df96334cd4d,1,2,77080,-0.5158069638964644,-6.722372569706297,-6.065971556134871,-6.065971556134871
PZU,2017-09,20,linear,,8c5e1b360dca1b585c45ba73daea40618e3cb8f440c9b8db4d700df96334cd4d,1,3,77085,-0.37267220860279643,-7.419967628046313,-6.92126574264055,-6.92126574264055
PZU,2017-09,20,linear,,8c5e1b360dca1b585c45ba73daea40618e3cb8f440c9b8db4d700df96334cd4d,1,4,77093,-0.2355326741227518,-7.621501603795791,-7.332437713065664,-7.332437713065664
PZU,2017-09,20,linear,,8c5e1b360dca1b585c45ba73daea40618e3cb8f440c9b8db4d700df96334cd4d,1,5,77078,-0.09935228991646679,-7.856687632072768,-7.7464832912207235,-7.7464832912207235
PZU,2017-09,20,linear,,8c5e1b360dca1b585c45ba73daea40618e3cb8f440c9b8db4d700df96334cd4d,1,6,77086,0.03562234782161491,-7.708724532838534,-7.75279818878574,-7.7033630427985145
PZU,2017-09,20,linear,,8c5e1b360dca1b585c45ba73daea40618e3cb8f440c9b8db4d700df96334cd4d,1,7,77085,0.17791320240590425,-7.627834619244366,-7.860558687442902,-7.627834619244366
PZU,2017-09,20,linear,,8c5e1b360dca1b585c45ba73daea40618e3cb8f440c9b8db4d700df96334cd4d,1,8,77087,0.3280799984612313,-7.346892609322444,-7.695082081178285,-7.346892609322444
PZU,2017-09,20,linear,,8c5e1b360dca1b585c45ba73daea40618e3cb8f440c9b8db4d700df96334cd4d,1,9,77102,0.5002759969674075,-6.303356989410142,-6.925356354045298,-6.303356989410142
PZU,2017-09,20,linear,,8c5e1b360dca1b585c45ba73daea40618e3cb8f440c9b8db4d700df96334cd4d,1,10,77068,0.7195093025953195,-4.498238133621149,-5.548406449358052,-4.498238133621149
PZU,2017-09,20,linear,,8c5e1b360dca1b585c45ba73daea40618e3cb8f440c9b8db4d700df96334cd4d,5,1,77092,-0.7141620684084778,-5.28137428749754,-4.518211809560043,-4.518211809560043
PZU,2017-09,20,linear,,8c5e1b360dca1b585c45ba73daea40618e3cb8f440c9b8db4d700df96334cd4d,5,2,77080,-0.5158069638964644,-6.662991125906154,-6.143493955864721,-6.143493955864721
PZU,2017-09,20,linear,,8c5e1b360dca1b585c45ba73daea40618e3cb8f440c9b8db4d700df96334cd4d,5,3,77085,-0.37267220860279643,-7.332651670328688,-6.951514267384692,-6.951514267384692
PZU,2017-09,20,linear,,8c5e1b360dca1b585c45ba73daea40618e3cb8f440c9b8db4d700df96334cd4d,5,4,77093,-0.2355326741227518,-7.549956879466289,-7.342200140831081,-7.342200140831081
PZU,2017-09,20,linear,,8c5e1b360dca1b585c45ba73daea40618e3cb8f440c9b8db4d700df96334cd4d,5,5,77078,-0.09935228991646679,-7.7821801002396045,-7.703247644135404,-7.703247644135404
PZU,2017-09,20,linear,,8c5e1b360dca1b585c45ba73daea40618e3cb8f440c9b8db4d700df96334cd4d,5,6,77086,0.03562234782161491,-7.65503037208729,-7.706235787273193,-7.649515144552074
PZU,2017-09,20,linear,,8c5e1b360dca1b585c45ba73daea40618e3cb8f440c9b8db4d700df96334cd4d,5,7,77085,0.17791320240590425,-7.605973969979215,-7.773020310367761,-7.605973969979215
PZU,2017-09,20,linear,,8c5e1b360dca1b585c45ba73daea40618e3cb8f440c9b8db4d700df96334cd4d,5,8,77087,0.3280799984612313,-7.3493019830236435,-7.6258362016728025,-7.3493019830236435
PZU,2017-09,20,linear,,8c5e1b360dca1b585c45ba73daea40618e3cb8f440c9b8db4d700df96334cd4d,5,9,77102,0.5002759969674075,-6.392511779950014,-6.85154320451243,-6.392511779950014
PZU,2017-09,20,linear,,8c5e1b360dca1b585c45ba73daea40618e3cb8f440c9b8db4d700df96334cd4d,5,10,77068,0.7195093025953195,-4.776214826248451,-5.536218193135008,-4.776214826248451
PZU,2017-09,20,xgboost,,ea2e5dbba7772f7b903c64596d517d1a5059f1af2cab44a0873a1e6c68d3930d,0,1,77090,-0.8108654618263245,-5.475493752827847,-4.2403194245582885,-4.2403194245582885
PZU,2017-09,20,xgboost,,ea2e5dbba7772f7b903c64596d517d1a5059f1af2cab44a0873a1e6c68d3930d,0,2,77082,-0.479081928730011,-6.56740560200562,-5.8744297642487675,-5.8744297642487675
PZU,2017-09,20,xgboost,,ea2e5dbba7772f7b903c64596d517d1a5059f1af2cab44a0873a1e6c68d3930d,0,3,77117,-0.3342624008655548,-7.440135584263222,-6.91031625416442,-6.91031625416442
PZU,2017-09,20,xgboost,,ea2e5dbba7772f7b903c64596d517d1a5059f1af2cab44a0873a1e6c68d3930d,0,4,77065,-0.20103974640369415,-7.555642871499489,-7.272323074019242,-7.272323074019242
PZU,2017-09,20,xgboost,,ea2e5dbba7772f7b903c64596d517d1a5059f1af2cab44a0873a1e6c68d3930d,0,5,77085,-0.07878749072551727,-7.545846508054828,-7.40736183478333,-7.40736183478333
PZU,2017-09,20,xgboost,,ea2e5dbba7772f7b903c64596d517d1a5059f1af2cab44a0873a1e6c68d3930d,0,6,77077,0.04094037413597107,-7.166027559589147,-7.230528271675939,-7.159600595635564
PZU,2017-09,20,xgboost,,ea2e5dbba7772f7b903c64596d517d1a5059f1af2cab44a0873a1e6c68d3930d,0,7,77083,0.14708252251148224,-7.672169041532326,-7.876945158518812,-7.672169041532326
PZU,2017-09,20,xgboost,,ea2e5dbba7772f7b903c64596d517d1a5059f1af2cab44a0873a1e6c68d3930d,0,8,77093,0.302647203207016,-7.869178258488203,-8.234435666023357,-7.869178258488203
PZU,2017-09,20,xgboost,,ea2e5dbba7772f7b903c64596d517d1a5059f1af2cab44a0873a1e6c68d3930d,0,9,77078,0.49506768584251404,-6.41521925182042,-7.1509965977997965,-6.41521925182042
PZU,2017-09,20,xgboost,,ea2e5dbba7772f7b903c64596d517d1a5059f1af2cab44a0873a1e6c68d3930d,0,10,77086,0.8190207481384277,-4.681282094958249,-5.953883042146935,-4.681282094958249
PZU,2017-09,20,xgboost,,ea2e5dbba7772f7b903c64596d517d1a5059f1af2cab44a0873a1e6c68d3930d,1,1,77090,-0.8108654618263245,-5.45855876976861,-4.36457548678423,-4.36457548678423
PZU,2017-09,20,xgboost,,ea2e5dbba7772f7b903c64596d517d1a5059f1af2cab44a0873a1e6c68d3930d,1,2,77082,-0.479081928730011,-6.550859810387905,-5.887692587186959,-5.887692587186959
PZU,2017-09,20,xgboost,,ea2e5dbba7772f7b903c64596d517d1a5059f1af2cab44a0873a1e6c68d3930d,1,3,77117,-0.3342624008655548,-7.4074148102687385,-6.910225533527865,-6.910225533527865
PZU,2017-09,20,xgboost,,ea2e5dbba7772f7b903c64596d517d1a5059f1af2cab44a0873a1e6c68d3930d,1,4,77065,-0.20103974640369415,-7.5310005726037526,-7.265478466250424,-7.265478466250424
PZU,2017-09,20,xgboost,,ea2e5dbba7772f7b903c64596d517d1a5059f1af2cab44a0873a1e6c68d3930d,1,5,77085,-0.07878749072551727,-7.519204021801836,-7.385411823544957,-7.385411823544957
PZU,2017-09,20,xgboost,,ea2e5dbba7772f7b903c64596d517d1a5059f1af2cab44a0873a1e6c68d3930d,1,6,77077,0.04094037413597107,-7.144729766983079,-7.217993563942653,-7.142709033494988
PZU,2017-09,20,xgboost,,ea2e5dbba7772f7b903c64596d517d1a5059f1af2cab44a0873a1e6c68d3930d,1,7,77083,0.14708252251148224,-7.656548216551657,-7.846196234929493,-7.656548216551657
PZU,2017-09,20,xgboost,,ea2e5dbba7772f7b903c64596d517d1a5059f1af2cab44a0873a1e6c68d3930d,1,8,77093,0.302647203207016,-7.859600562628742,-8.201618554433198,-7.859600562628742
PZU,2017-09,20,xgboost,,ea2e5dbba7772f7b903c64596d517d1a5059f1af2cab44a0873a1e6c68d3930d,1,9,77078,0.49506768584251404,-6.430447267782437,-7.130788849849559,-6.430447267782437
PZU,2017-09,20,xgboost,,ea2e5dbba7772f7b903c64596d517d1a5059f1af2cab44a0873a1e6c68d3930d,1,10,77086,0.8190207481384277,-4.829815408262891,-5.941543041968642,-4.829815408262891
PZU,2017-09,20,xgboost,,ea2e5dbba7772f7b903c64596d517d1a5059f1af2cab44a0873a1e6c68d3930d,5,1,77090,-0.8108654618263245,-5.403851767328744,-4.611052733210044,-4.611052733210044
PZU,2017-09,20,xgboost,,ea2e5dbba7772f7b903c64596d517d1a5059f1af2cab44a0873a1e6c68d3930d,5,2,77082,-0.479081928730011,-6.508022885316009,-5.976866383618002,-5.976866383618002
PZU,2017-09,20,xgboost,,ea2e5dbba7772f7b903c64596d517d1a5059f1af2cab44a0873a1e6c68d3930d,5,3,77117,-0.3342624008655548,-7.340776097124806,-6.939520210734767,-6.939520210734767
PZU,2017-09,20,xgboost,,ea2e5dbba7772f7b903c64596d517d1a5059f1af2cab44a0873a1e6c68d3930d,5,4,77065,-0.20103974640369415,-7.458350690123003,-7.259076168384624,-7.259076168384624
PZU,2017-09,20,xgboost,,ea2e5dbba7772f7b903c64596d517d1a5059f1af2cab44a0873a1e6c68d3930d,5,5,77085,-0.07878749072551727,-7.459913587134338,-7.347514207365556,-7.347514207365556
PZU,2017-09,20,xgboost,,ea2e5dbba7772f7b903c64596d517d1a5059f1af2cab44a0873a1e6c68d3930d,5,6,77077,0.04094037413597107,-7.120571340429429,-7.19818467501907,-7.126288264600085
PZU,2017-09,20,xgboost,,ea2e5dbba7772f7b903c64596d517d1a5059f1af2cab44a0873a1e6c68d3930d,5,7,77083,0.14708252251148224,-7.627667381079315,-7.773655306676701,-7.627667381079315
PZU,2017-09,20,xgboost,,ea2e5dbba7772f7b903c64596d517d1a5059f1af2cab44a0873a1e6c68d3930d,5,8,77093,0.302647203207016,-7.842883305512735,-8.112412253932956,-7.842883305512735
PZU,2017-09,20,xgboost,,ea2e5dbba7772f7b903c64596d517d1a5059f1af2cab44a0873a1e6c68d3930d,5,9,77078,0.49506768584251404,-6.536217234561277,-7.047803734233112,-6.536217234561277
PZU,2017-09,20,xgboost,,ea2e5dbba7772f7b903c64596d517d1a5059f1af2cab44a0873a1e6c68d3930d,5,10,77086,0.8190207481384277,-5.090144380828068,-5.885704608994501,-5.090144380828068
PZU,2017-09,50,linear,,593bf7bbf2073eacc0635ac21a1503bec4f0f37c466ad25ade50ac455e38e4c6,0,1,77029,-1.1082092241873256,-5.991435785017948,-4.35982059544379,-4.35982059544379
PZU,2017-09,50,linear,,593bf7bbf2073eacc0635ac21a1503bec4f0f37c466ad25ade50ac455e38e4c6,0,2,77017,-0.8123205276087507,-7.004906600499837,-5.9513620363145865,-5.9513620363145865
PZU,2017-09,50,linear,,593bf7bbf2073eacc0635ac21a1503bec4f0f37c466ad25ade50ac455e38e4c6,0,3,77022,-0.5930804775835543,-7.462021058242512,-6.725596178466272,-6.725596178466272
PZU,2017-09,50,linear,,593bf7bbf2073eacc0635ac21a1503bec4f0f37c466ad25ade50ac455e38e4c6,0,4,77023,-0.37872014858949754,-7.576616333002329,-7.076958730482055,-7.076958730482055
PZU,2017-09,50,linear,,593bf7bbf2073eacc0635ac21a1503bec4f0f37c466ad25ade50ac455e38e4c6,0,5,77026,-0.1643006471698738,-7.56588735926923,-7.463752540799822,-7.463752540799822
PZU,2017-09,50,linear,,593bf7bbf2073eacc0635ac21a1503bec4f0f37c466ad25ade50ac455e38e4c6,0,6,77019,0.048190216444660136,-7.453479237018094,-7.507015900227543,-7.448630249136922
PZU,2017-09,50,linear,,593bf7bbf2073eacc0635ac21a1503bec4f0f37c466ad25ade50ac455e38e4c6,0,7,77022,0.2745301199846296,-7.315397435332354,-7.716655076466969,-7.315397435332354
PZU,2017-09,50,linear,,593bf7bbf2073eacc0635ac21a1503bec4f0f37c466ad25ade50ac455e38e4c6,0,8,77048,0.5110665894223424,-7.203541548625418,-7.713031603054572,-7.203541548625418
PZU,2017-09,50,linear,,593bf7bbf2073eacc0635ac21a1503bec4f0f37c466ad25ade50ac455e38e4c6,0,9,77003,0.7729217563344498,-6.433623049194042,-7.291787675786358,-6.433623049194042
PZU,2017-09,50,linear,,593bf7bbf2073eacc0635ac21a1503bec4f0f37c466ad25ade50ac455e38e4c6,0,10,77017,1.0938640887369593,-4.570112303385602,-6.174010693614909,-4.570112303385602
PZU,2017-09,50,linear,,593bf7bbf2073eacc0635ac21a1503bec4f0f37c466ad25ade50ac455e38e4c6,1,1,77029,-1.1082092241873256,-5.983898056580369,-4.484161197498195,-4.484161197498195
PZU,2017-09,50,linear,,593bf7bbf2073eacc0635ac21a1503bec4f0f37c466ad25ade50ac455e38e4c6,1,2,77017,-0.8123205276087507,-6.973656666963357,-5.98070448986202,-5.98070448986202
PZU,2017-09,50,linear,,593bf7bbf2073eacc0635ac21a1503bec4f0f37c466ad25ade50ac455e38e4c6,1,3,77022,-0.5930804775835543,-7.41879105615614,-6.7301769696748766,-6.7301769696748766
PZU,2017-09,50,linear,,593bf7bbf2073eacc0635ac21a1503bec4f0f37c466ad25ade50ac455e38e4c6,1,4,77023,-0.37872014858949754,-7.546811776347044,-7.065548065555323,-7.065548065555323
PZU,2017-09,50,linear,,593bf7bbf2073eacc0635ac21a1503bec4f0f37c466ad25ade50ac455e38e4c6,1,5,77026,-0.1643006471698738,-7.538030970988875,-7.443722067380597,-7.443722067380597
PZU,2017-09,50,linear,,593bf7bbf2073eacc0635ac21a1503bec4f0f37c466ad25ade50ac455e38e4c6,1,6,77019,0.048190216444660136,-7.426959658578406,-7.478676264266858,-7.4207833163700325
PZU,2017-09,50,linear,,593bf7bbf2073eacc0635ac21a1503bec4f0f37c466ad25ade50ac455e38e4c6,1,7,77022,0.2745301199846296,-7.291296962460986,-7.683790659292997,-7.291296962460986
PZU,2017-09,50,linear,,593bf7bbf2073eacc0635ac21a1503bec4f0f37c466ad25ade50ac455e38e4c6,1,8,77048,0.5110665894223424,-7.203500507935064,-7.688662180239476,-7.203500507935064
PZU,2017-09,50,linear,,593bf7bbf2073eacc0635ac21a1503bec4f0f37c466ad25ade50ac455e38e4c6,1,9,77003,0.7729217563344498,-6.467166152421491,-7.259767555692806,-6.467166152421491
PZU,2017-09,50,linear,,593bf7bbf2073eacc0635ac21a1503bec4f0f37c466ad25ade50ac455e38e4c6,1,10,77017,1.0938640887369593,-4.72678194294385,-6.164650772692466,-4.72678194294385
PZU,2017-09,50,linear,,593bf7bbf2073eacc0635ac21a1503bec4f0f37c466ad25ade50ac455e38e4c6,5,1,77029,-1.1082092241873256,-5.926557954610922,-4.711264456304434,-4.711264456304434
PZU,2017-09,50,linear,,593bf7bbf2073eacc0635ac21a1503bec4f0f37c466ad25ade50ac455e38e4c6,5,2,77017,-0.8123205276087507,-6.8702781249875935,-6.080579481763852,-6.080579481763852
PZU,2017-09,50,linear,,593bf7bbf2073eacc0635ac21a1503bec4f0f37c466ad25ade50ac455e38e4c6,5,3,77022,-0.5930804775835543,-7.3334458635900575,-6.793760768858973,-6.793760768858973
PZU,2017-09,50,linear,,593bf7bbf2073eacc0635ac21a1503bec4f0f37c466ad25ade50ac455e38e4c6,5,4,77023,-0.37872014858949754,-7.474856858424321,-7.081573326724463,-7.081573326724463
PZU,2017-09,50,linear,,593bf7bbf2073eacc0635ac21a1503bec4f0f37c466ad25ade50ac455e38e4c6,5,5,77026,-0.1643006471698738,-7.481503540863829,-7.407347265523104,-7.407347265523104
PZU,2017-09,50,linear,,593bf7bbf2073eacc0635ac21a1503bec4f0f37c466ad25ade50ac455e38e4c6,5,6,77019,0.048190216444660136,-7.394188752288833,-7.429770646245279,-7.38226833508987
PZU,2017-09,50,linear,,593bf7bbf2073eacc0635ac21a1503bec4f0f37c466ad25ade50ac455e38e4c6,5,7,77022,0.2745301199846296,-7.282687504750697,-7.603585510329982,-7.282687504750697
PZU,2017-09,50,linear,,593bf7bbf2073eacc0635ac21a1503bec4f0f37c466ad25ade50ac455e38e4c6,5,8,77048,0.5110665894223424,-7.2300533020203135,-7.609044361688994,-7.2300533020203135
PZU,2017-09,50,linear,,593bf7bbf2073eacc0635ac21a1503bec4f0f37c466ad25ade50ac455e38e4c6,5,9,77003,0.7729217563344498,-6.566734573894874,-7.158214616893324,-6.566734573894874
PZU,2017-09,50,linear,,593bf7bbf2073eacc0635ac21a1503bec4f0f37c466ad25ade50ac455e38e4c6,5,10,77017,1.0938640887369593,-5.017107712606978,-6.104293643020845,-5.017107712606978
PZU,2017-09,50,xgboost,,7c5c8972766dd7affefa4d3449a55aedc8983a295d7e8af67c701d2e341378b8,0,1,77041,-1.2035771608352661,-7.081384384523467,-5.148963328064539,-5.148963328064539
PZU,2017-09,50,xgboost,,7c5c8972766dd7affefa4d3449a55aedc8983a295d7e8af67c701d2e341378b8,0,2,77028,-0.7102881073951721,-7.172008133861639,-6.114336368464507,-6.114336368464507
PZU,2017-09,50,xgboost,,7c5c8972766dd7affefa4d3449a55aedc8983a295d7e8af67c701d2e341378b8,0,3,76999,-0.4975329041481018,-6.960358082388659,-6.306405304394771,-6.306405304394771
PZU,2017-09,50,xgboost,,7c5c8972766dd7affefa4d3449a55aedc8983a295d7e8af67c701d2e341378b8,0,4,77033,-0.3004763722419739,-7.260438249732277,-6.834440977755971,-6.834440977755971
PZU,2017-09,50,xgboost,,7c5c8972766dd7affefa4d3449a55aedc8983a295d7e8af67c701d2e341378b8,0,5,77015,-0.11206745356321335,-7.115690519899919,-6.903228729273311,-6.903228729273311
PZU,2017-09,50,xgboost,,7c5c8972766dd7affefa4d3449a55aedc8983a295d7e8af67c701d2e341378b8,0,6,77067,0.06092901900410652,-6.741565525239544,-6.860833184324826,-6.743635074750667
PZU,2017-09,50,xgboost,,7c5c8972766dd7affefa4d3449a55aedc8983a295d7e8af67c701d2e341378b8,0,7,76986,0.2398085743188858,-7.218521507652394,-7.556592486556764,-7.218521507652394
PZU,2017-09,50,xgboost,,7c5c8972766dd7affefa4d3449a55aedc8983a295d7e8af67c701d2e341378b8,0,8,77019,0.4731685519218445,-7.299864161097572,-7.818855417221559,-7.299864161097572
PZU,2017-09,50,xgboost,,7c5c8972766dd7affefa4d3449a55aedc8983a295d7e8af67c701d2e341378b8,0,9,77052,0.7699113488197327,-6.560779477485108,-7.527699654569797,-6.560779477485108
PZU,2017-09,50,xgboost,,7c5c8972766dd7affefa4d3449a55aedc8983a295d7e8af67c701d2e341378b8,0,10,76986,1.2481768131256104,-5.166210840996453,-6.909150072304424,-5.166210840996453
PZU,2017-09,50,xgboost,,7c5c8972766dd7affefa4d3449a55aedc8983a295d7e8af67c701d2e341378b8,1,1,77041,-1.2035771608352661,-7.04316242057236,-5.248020836958465,-5.248020836958465
PZU,2017-09,50,xgboost,,7c5c8972766dd7affefa4d3449a55aedc8983a295d7e8af67c701d2e341378b8,1,2,77028,-0.7102881073951721,-7.138848499394707,-6.137424144552013,-6.137424144552013
PZU,2017-09,50,xgboost,,7c5c8972766dd7affefa4d3449a55aedc8983a295d7e8af67c701d2e341378b8,1,3,76999,-0.4975329041481018,-6.93356792696499,-6.322248518084328,-6.322248518084328
PZU,2017-09,50,xgboost,,7c5c8972766dd7affefa4d3449a55aedc8983a295d7e8af67c701d2e341378b8,1,4,77033,-0.3004763722419739,-7.2359751140890936,-6.8320016677689726,-6.8320016677689726
PZU,2017-09,50,xgboost,,7c5c8972766dd7affefa4d3449a55aedc8983a295d7e8af67c701d2e341378b8,1,5,77015,-0.11206745356321335,-7.094633818371103,-6.889725188159299,-6.889725188159299
PZU,2017-09,50,xgboost,,7c5c8972766dd7affefa4d3449a55aedc8983a295d7e8af67c701d2e341378b8,1,6,77067,0.06092901900410652,-6.735853776315097,-6.854192309286358,-6.738321243667488
PZU,2017-09,50,xgboost,,7c5c8972766dd7affefa4d3449a55aedc8983a295d7e8af67c701d2e341378b8,1,7,76986,0.2398085743188858,-7.211969110951142,-7.530511745671102,-7.211969110951142
PZU,2017-09,50,xgboost,,7c5c8972766dd7affefa4d3449a55aedc8983a295d7e8af67c701d2e341378b8,1,8,77019,0.4731685519218445,-7.3030179318590145,-7.788821336972875,-7.3030179318590145
PZU,2017-09,50,xgboost,,7c5c8972766dd7affefa4d3449a55aedc8983a295d7e8af67c701d2e341378b8,1,9,77052,0.7699113488197327,-6.584406788658122,-7.4986246770860605,-6.584406788658122
PZU,2017-09,50,xgboost,,7c5c8972766dd7affefa4d3449a55aedc8983a295d7e8af67c701d2e341378b8,1,10,76986,1.2481768131256104,-5.295297743066957,-6.878779148292846,-5.295297743066957
PZU,2017-09,50,xgboost,,7c5c8972766dd7affefa4d3449a55aedc8983a295d7e8af67c701d2e341378b8,5,1,77041,-1.2035771608352661,-6.909990831383691,-5.452939570401933,-5.452939570401933
PZU,2017-09,50,xgboost,,7c5c8972766dd7affefa4d3449a55aedc8983a295d7e8af67c701d2e341378b8,5,2,77028,-0.7102881073951721,-7.045436552962888,-6.2269032520756475,-6.2269032520756475
PZU,2017-09,50,xgboost,,7c5c8972766dd7affefa4d3449a55aedc8983a295d7e8af67c701d2e341378b8,5,3,76999,-0.4975329041481018,-6.86881800789175,-6.409139813338142,-6.409139813338142
PZU,2017-09,50,xgboost,,7c5c8972766dd7affefa4d3449a55aedc8983a295d7e8af67c701d2e341378b8,5,4,77033,-0.3004763722419739,-7.171411528455563,-6.854518702251946,-6.854518702251946
PZU,2017-09,50,xgboost,,7c5c8972766dd7affefa4d3449a55aedc8983a295d7e8af67c701d2e341378b8,5,5,77015,-0.11206745356321335,-7.05831467306287,-6.877830759143039,-6.877830759143039
PZU,2017-09,50,xgboost,,7c5c8972766dd7affefa4d3449a55aedc8983a295d7e8af67c701d2e341378b8,5,6,77067,0.06092901900410652,-6.739826477351679,-6.850317589393108,-6.740480814196377
PZU,2017-09,50,xgboost,,7c5c8972766dd7affefa4d3449a55aedc8983a295d7e8af67c701d2e341378b8,5,7,76986,0.2398085743188858,-7.206946558718857,-7.4534190384158405,-7.206946558718857
PZU,2017-09,50,xgboost,,7c5c8972766dd7affefa4d3449a55aedc8983a295d7e8af67c701d2e341378b8,5,8,77019,0.4731685519218445,-7.335832476683017,-7.701598608010398,-7.335832476683017
PZU,2017-09,50,xgboost,,7c5c8972766dd7affefa4d3449a55aedc8983a295d7e8af67c701d2e341378b8,5,9,77052,0.7699113488197327,-6.6982124741698605,-7.391422458614624,-6.6982124741698605
PZU,2017-09,50,xgboost,,7c5c8972766dd7affefa4d3449a55aedc8983a295d7e8af67c701d2e341378b8,5,10,76986,1.2481768131256104,-5.542522994712788,-6.761764135757418,-5.542522994712788
PZU,2017-11,10,linear,,a7b3a423d95cf147a0486ab0bb3739f9f2473dcfe6a8c8def02532b0fcc77279,0,1,88350,-0.44891634672526926,-5.591902040382918,-4.794154826234693,-4.794154826234693
PZU,2017-11,10,linear,,a7b3a423d95cf147a0486ab0bb3739f9f2473dcfe6a8c8def02532b0fcc77279,0,2,88346,-0.31968886415908493,-7.8452446318845075,-7.43005746072252,-7.43005746072252
PZU,2017-11,10,linear,,a7b3a423d95cf147a0486ab0bb3739f9f2473dcfe6a8c8def02532b0fcc77279,0,3,88358,-0.22622155640588948,-9.002112309087083,-8.721658907578181,-8.721658907578181
PZU,2017-11,10,linear,,a7b3a423d95cf147a0486ab0bb3739f9f2473dcfe6a8c8def02532b0fcc77279,0,4,88338,-0.1434978744805486,-9.87140871803467,-9.691281842749111,-9.691281842749111
PZU,2017-11,10,linear,,a7b3a423d95cf147a0486ab0bb3739f9f2473dcfe6a8c8def02532b0fcc77279,0,5,88348,-0.06297076233170915,-11.103114452843338,-11.002979586764237,-11.002979586764237
PZU,2017-11,10,linear,,a7b3a423d95cf147a0486ab0bb3739f9f2473dcfe6a8c8def02532b0fcc77279,0,6,88348,0.012022184142510871,-11.543241806091055,-11.58070569727546,-11.549057030284384
PZU,2017-11,10,linear,,a7b3a423d95cf147a0486ab0bb3739f9f2473dcfe6a8c8def02532b0fcc77279,0,7,88348,0.08973684229551596,-10.636063543013067,-10.828463636890854,-10.636063543013067
PZU,2017-11,10,linear,,a7b3a423d95cf147a0486ab0bb3739f9f2473dcfe6a8c8def02532b0fcc77279,0,8,88348,0.17676707798602542,-9.493418945174486,-9.794736364074344,-9.493418945174486
PZU,2017-11,10,linear,,a7b3a423d95cf147a0486ab0bb3739f9f2473dcfe6a8c8def02532b0fcc77279,0,9,88348,0.2767690002257746,-7.955657494184988,-8.418378214917924,-7.955657494184988
PZU,2017-11,10,linear,,a7b3a423d95cf147a0486ab0bb3739f9f2473dcfe6a8c8def02532b0fcc77279,0,10,88348,0.42226494669632064,-5.427019371695294,-6.095441769165051,-5.427019371695294
PZU,2017-11,10,linear,,a7b3a423d95cf147a0486ab0bb3739f9f2473dcfe6a8c8def02532b0fcc77279,1,1,88350,-0.44891634672526926,-5.622357503388808,-4.965503712974142,-4.965503712974142
PZU,2017-11,10,linear,,a7b3a423d95cf147a0486ab0bb3739f9f2473dcfe6a8c8def02532b0fcc77279,1,2,88346,-0.31968886415908493,-7.834531965985401,-7.456066263565365,-7.456066263565365
PZU,2017-11,10,linear,,a7b3a423d95cf147a0486ab0bb3739f9f2473dcfe6a8c8def02532b0fcc77279,1,3,88358,-0.22622155640588948,-8.982132694249055,-8.71484152448852,-8.71484152448852
PZU,2017-11,10,linear,,a7b3a423d95cf147a0486ab0bb3739f9f2473dcfe6a8c8def02532b0fcc77279,1,4,88338,-0.1434978744805486,-9.830749501922464,-9.672536931070718,-9.672536931070718
PZU,2017-11,10,linear,,a7b3a423d95cf147a0486ab0bb3739f9f2473dcfe6a8c8def02532b0fcc77279,1,5,88348,-0.06297076233170915,-11.07265486411216,-10.972688620046945,-10.972688620046945
PZU,2017-11,10,linear,,a7b3a423d95cf147a0486ab0bb3739f9f2473dcfe6a8c8def02532b0fcc77279,1,6,88348,0.012022184142510871,-11.50052447559096,-11.530490106989262,-11.50783193250489
PZU,2017-11,10,linear,,a7b3a423d95cf147a0486ab0bb3739f9f2473dcfe6a8c8def02532b0fcc77279,1,7,88348,0.08973684229551596,-10.60916153622451,-10.784125562551248,-10.60916153622451
PZU,2017-11,10,linear,,a7b3a423d95cf147a0486ab0bb3739f9f2473dcfe6a8c8def02532b0fcc77279,1,8,88348,0.17676707798602542,-9.48963297047053,-9.756180801890451,-9.48963297047053
PZU,2017-11,10,linear,,a7b3a423d95cf147a0486ab0bb3739f9f2473dcfe6a8c8def02532b0fcc77279,1,9,88348,0.2767690002257746,-7.982773126348578,-8.393156740069623,-7.982773126348578
PZU,2017-11,10,linear,,a7b3a423d95cf147a0486ab0bb3739f9f2473dcfe6a8c8def02532b0fcc77279,1,10,88348,0.42226494669632064,-5.5445944466031625,-6.1121003489717864,-5.5445944466031625
PZU,2017-11,10,linear,,a7b3a423d95cf147a0486ab0bb3739f9f2473dcfe6a8c8def02532b0fcc77279,5,1,88350,-0.44891634672526926,-5.713829184517884,-5.2575150113247675,-5.2575150113247675
PZU,2017-11,10,linear,,a7b3a423d95cf147a0486ab0bb3739f9f2473dcfe6a8c8def02532b0fcc77279,5,2,88346,-0.31968886415908493,-7.807025925076046,-7.527940903628636,-7.527940903628636
PZU,2017-11,10,linear,,a7b3a423d95cf147a0486ab0bb3739f9f2473dcfe6a8c8def02532b0fcc77279,5,3,88358,-0.22622155640588948,-8.929608435516178,-8.737901554798377,-8.737901554798377
PZU,2017-11,10,linear,,a7b3a423d95cf147a0486ab0bb3739f9f2473dcfe6a8c8def02532b0fcc77279,5,4,88338,-0.1434978744805486,-9.762827840318907,-9.659891123783835,-9.659891123783835
PZU,2017-11,10,linear,,a7b3a423d95cf147a0486ab0bb3739f9f2473dcfe6a8c8def02532b0fcc77279,5,5,88348,-0.06297076233170915,-10.997741295841626,-10.930438470981619,-10.930438470981619
PZU,2017-11,10,linear,,a7b3a423d95cf147a0486ab0bb3739f9f2473dcfe6a8c8def02532b0fcc77279,5,6,88348,0.012022184142510871,-11.418702875333599,-11.437301227899829,-11.427439755551665
PZU,2017-11,10,linear,,a7b3a423d95cf147a0486ab0bb3739f9f2473dcfe6a8c8def02532b0fcc77279,5,7,88348,0.08973684229551596,-10.565439021130812,-10.687635481480887,-10.565439021130812
PZU,2017-11,10,linear,,a7b3a423d95cf147a0486ab0bb3739f9f2473dcfe6a8c8def02532b0fcc77279,5,8,88348,0.17676707798602542,-9.493219161248081,-9.663806271265695,-9.493219161248081
PZU,2017-11,10,linear,,a7b3a423d95cf147a0486ab0bb3739f9f2473dcfe6a8c8def02532b0fcc77279,5,9,88348,0.2767690002257746,-8.050193696938885,-8.328140697473888,-8.050193696938885
PZU,2017-11,10,linear,,a7b3a423d95cf147a0486ab0bb3739f9f2473dcfe6a8c8def02532b0fcc77279,5,10,88348,0.42226494669632064,-5.730156885425931,-6.1259974907380235,-5.730156885425931
PZU,2017-11,10,xgboost,,4e29a608b47baf27a9abc50175e9b95ac33e060299fff3a10fc8ecb9a1df2a61,0,1,88357,-0.5056479573249817,-6.272111524897225,-5.332974990772481,-5.332974990772481
PZU,2017-11,10,xgboost,,4e29a608b47baf27a9abc50175e9b95ac33e060299fff3a10fc8ecb9a1df2a61,0,2,88339,-0.27228492498397827,-8.193274633902677,-7.800415455108725,-7.800415455108725
PZU,2017-11,10,xgboost,,4e29a608b47baf27a9abc50175e9b95ac33e060299fff3a10fc8ecb9a1df2a61,0,3,88357,-0.18826226890087128,-9.633462138637816,-9.356533051064986,-9.356533051064986
PZU,2017-11,10,xgboost,,4e29a608b47baf27a9abc50175e9b95ac33e060299fff3a10fc8ecb9a1df2a61,0,4,88340,-0.1135842427611351,-9.908283274784978,-9.723834821695059,-9.723834821695059
PZU,2017-11,10,xgboost,,4e29a608b47baf27a9abc50175e9b95ac33e060299fff3a10fc8ecb9a1df2a61,0,5,88347,-0.05166511610150337,-10.175144251405396,-10.09111678020933,-10.09111678020933
PZU,2017-11,10,xgboost,,4e29a608b47baf27a9abc50175e9b95ac33e060299fff3a10fc8ecb9a1df2a61,0,6,88353,0.01651420257985592,-9.569071734134512,-9.62574280669368,-9.56749639691525
PZU,2017-11,10,xgboost,,4e29a608b47baf27a9abc50175e9b95ac33e060299fff3a10fc8ecb9a1df2a61,0,7,88350,0.07255418598651886,-9.681475711479377,-9.85688646197076,-9.681475711479377
PZU,2017-11,10,xgboost,,4e29a608b47baf27a9abc50175e9b95ac33e060299fff3a10fc8ecb9a1df2a61,0,8,88348,0.14162267744541168,-10.187233341739638,-10.49084340363991,-10.187233341739638
PZU,2017-11,10,xgboost,,4e29a608b47baf27a9abc50175e9b95ac33e060299fff3a10fc8ecb9a1df2a61,0,9,88343,0.23540827631950378,-8.66806953947987,-9.130035660104232,-8.66806953947987
PZU,2017-11,10,xgboost,,4e29a608b47baf27a9abc50175e9b95ac33e060299fff3a10fc8ecb9a1df2a61,0,10,88346,0.43783387541770935,-6.181004247500722,-6.949504515035181,-6.181004247500722
PZU,2017-11,10,xgboost,,4e29a608b47baf27a9abc50175e9b95ac33e060299fff3a10fc8ecb9a1df2a61,1,1,88357,-0.5056479573249817,-6.256345913425908,-5.503716354656941,-5.503716354656941
PZU,2017-11,10,xgboost,,4e29a608b47baf27a9abc50175e9b95ac33e060299fff3a10fc8ecb9a1df2a61,1,2,88339,-0.27228492498397827,-8.181254020829915,-7.809384163505248,-7.809384163505248
PZU,2017-11,10,xgboost,,4e29a608b47baf27a9abc50175e9b95ac33e060299fff3a10fc8ecb9a1df2a61,1,3,88357,-0.18826226890087128,-9.607204927789953,-9.338895122773287,-9.338895122773287
PZU,2017-11,10,xgboost,,4e29a608b47baf27a9abc50175e9b95ac33e060299fff3a10fc8ecb9a1df2a61,1,4,88340,-0.1135842427611351,-9.889829480943444,-9.715206044322175,-9.715206044322175
PZU,2017-11,10,xgboost,,4e29a608b47baf27a9abc50175e9b95ac33e060299fff3a10fc8ecb9a1df2a61,1,5,88347,-0.05166511610150337,-10.154480047612926,-10.062465496804734,-10.062465496804734
PZU,2017-11,10,xgboost,,4e29a608b47baf27a9abc50175e9b95ac33e060299fff3a10fc8ecb9a1df2a61,1,6,88353,0.01651420257985592,-9.551846125116414,-9.605999726161368,-9.550155883489456
PZU,2017-11,10,xgboost,,4e29a608b47baf27a9abc50175e9b95ac33e060299fff3a10fc8ecb9a1df2a61,1,7,88350,0.07255418598651886,-9.670670758426096,-9.827791285013245,-9.670670758426096
PZU,2017-11,10,xgboost,,4e29a608b47baf27a9abc50175e9b95ac33e060299fff3a10fc8ecb9a1df2a61,1,8,88348,0.14162267744541168,-10.181748558728618,-10.454374596372814,-10.181748558728618
PZU,2017-11,10,xgboost,,4e29a608b47baf27a9abc50175e9b95ac33e060299fff3a10fc8ecb9a1df2a61,1,9,88343,0.23540827631950378,-8.673637305297023,-9.102432172709692,-8.673637305297023
PZU,2017-11,10,xgboost,,4e29a608b47baf27a9abc50175e9b95ac33e060299fff3a10fc8ecb9a1df2a61,1,10,88346,0.43783387541770935,-6.3020517311840205,-6.937444082596822,-6.3020517311840205
PZU,2017-11,10,xgboost,,4e29a608b47baf27a9abc50175e9b95ac33e060299fff3a10fc8ecb9a1df2a61,5,1,88357,-0.5056479573249817,-6.288376080977115,-5.83473084956574,-5.83473084956574
PZU,2017-11,10,xgboost,,4e29a608b47baf27a9abc50175e9b95ac33e060299fff3a10fc8ecb9a1df2a61,5,2,88339,-0.27228492498397827,-8.172992702734128,-7.87175504337095,-7.87175504337095
PZU,2017-11,10,xgboost,,4e29a608b47baf27a9abc50175e9b95ac33e060299fff3a10fc8ecb9a1df2a61,5,3,88357,-0.18826226890087128,-9.544484850794092,-9.345193619857683,-9.345193619857683
PZU,2017-11,10,xgboost,,4e29a608b47baf27a9abc50175e9b95ac33e060299fff3a10fc8ecb9a1df2a61,5,4,88340,-0.1135842427611351,-9.827975427116689,-9.699552914851235,-9.699552914851235
PZU,2017-11,10,xgboost,,4e29a608b47baf27a9abc50175e9b95ac33e060299fff3a10fc8ecb9a1df2a61,5,5,88347,-0.05166511610150337,-10.095134570538065,-10.005697730737548,-10.005697730737548
PZU,2017-11,10,xgboost,,4e29a608b47baf27a9abc50175e9b95ac33e060299fff3a10fc8ecb9a1df2a61,5,6,88353,0.01651420257985592,-9.51605240554311,-9.566961917677082,-9.518324317529334
PZU,2017-11,10,xgboost,,4e29a608b47baf27a9abc50175e9b95ac33e060299fff3a10fc8ecb9a1df2a61,5,7,88350,0.07255418598651886,-9.641414197551422,-9.752432971214732,-9.641414197551422
PZU,2017-11,10,xgboost,,4e29a608b47baf27a9abc50175e9b95ac33e060299fff3a10fc8ecb9a1df2a61,5,8,88348,0.14162267744541168,-10.155707507550863,-10.355207538978513,-10.155707507550863
PZU,2017-11,10,xgboost,,4e29a608b47baf27a9abc50175e9b95ac33e060299fff3a10fc8ecb9a1df2a61,5,9,88343,0.23540827631950378,-8.730592055191822,-9.017406078410998,-8.730592055191822
PZU,2017-11,10,xgboost,,4e29a608b47baf27a9abc50175e9b95ac33e060299fff3a10fc8ecb9a1df2a61,5,10,88346,0.43783387541770935,-6.495981057605696,-6.90762538587019,-6.495981057605696
PZU,2017-11,20,linear,,5eec291305e40a9d0b4f0ef8bfc845da814fb0ac564e55d60a380d5679af464d,0,1,88327,-0.6714150666836941,-6.033319305799134,-4.863124747654842,-4.863124747654842
PZU,2017-11,20,linear,,5eec291305e40a9d0b4f0ef8bfc845da814fb0ac564e55d60a380d5679af464d,0,2,88333,-0.4817916026782177,-8.069857444776547,-7.432510724425775,-7.432510724425775
PZU,2017-11,20,linear,,5eec291305e40a9d0b4f0ef8bfc845da814fb0ac564e55d60a380d5679af464d,0,3,88323,-0.3435924426531249,-9.07577343711739,-8.666023954499524,-8.666023954499524
PZU,2017-11,20,linear,,5eec291305e40a9d0b4f0ef8bfc845da814fb0ac564e55d60a380d5679af464d,0,4,88328,-0.21911400375245763,-9.769781228467389,-9.501333033780329,-9.501333033780329
PZU,2017-11,20,linear,,5eec291305e40a9d0b4f0ef8bfc845da814fb0ac564e55d60a380d5679af464d,0,5,88329,-0.09739151157026518,-11.043810722467464,-10.903381572027534,-10.903381572027534
PZU,2017-11,20,linear,,5eec291305e40a9d0b4f0ef8bfc845da814fb0ac564e55d60a380d5679af464d,0,6,88322,0.019237724396427226,-10.791368431886605,-10.843979169579761,-10.822559181161601
PZU,2017-11,20,linear,,5eec291305e40a9d0b4f0ef8bfc845da814fb0ac564e55d60a380d5679af464d,0,7,88327,0.13921630018021913,-10.64191092114082,-10.908489457926544,-10.64191092114082
PZU,2017-11,20,linear,,5eec291305e40a9d0b4f0ef8bfc845da814fb0ac564e55d60a380d5679af464d,0,8,88330,0.26911000685327663,-9.432203418887775,-9.882935423816301,-9.432203418887775
PZU,2017-11,20,linear,,5eec291305e40a9d0b4f0ef8bfc845da814fb0ac564e55d60a380d5679af464d,0,9,88326,0.41679000369249136,-8.089939357411636,-8.730647546070575,-8.089939357411636
PZU,2017-11,20,linear,,5eec291305e40a9d0b4f0ef8bfc845da814fb0ac564e55d60a380d5679af464d,0,10,88325,0.6274869036381138,-5.5780100244139215,-6.568222885058324,-5.5780100244139215
PZU,2017-11,20,linear,,5eec291305e40a9d0b4f0ef8bfc845da814fb0ac564e55d60a380d5679af464d,1,1,88327,-0.6714150666836941,-6.0584081766905795,-5.03557328556891,-5.03557328556891
PZU,2017-11,20,linear,,5eec291305e40a9d0b4f0ef8bfc845da814fb0ac564e55d60a380d5679af464d,1,2,88333,-0.4817916026782177,-8.049652705972731,-7.464696696795309,-7.464696696795309
PZU,2017-11,20,linear,,5eec291305e40a9d0b4f0ef8bfc845da814fb0ac564e55d60a380d5679af464d,1,3,88323,-0.3435924426531249,-9.047661011383974,-8.663344174935206,-8.663344174935206
PZU,2017-11,20,linear,,5eec291305e40a9d0b4f0ef8bfc845da814fb0ac564e55d60a380d5679af464d,1,4,88328,-0.21911400375245763,-9.73254570188069,-9.483982811745463,-9.483982811745463
PZU,2017-11,20,linear,,5eec291305e40a9d0b4f0ef8bfc845da814fb0ac564e55d60a380d5679af464d,1,5,88329,-0.09739151157026518,-11.01379348454095,-10.876836997890287,-10.876836997890287
PZU,2017-11,20,linear,,5eec291305e40a9d0b4f0ef8bfc845da814fb0ac564e55d60a380d5679af464d,1,6,88322,0.019237724396427226,-10.753146818492645,-10.804406261877949,-10.787102251470587
PZU,2017-11,20,linear,,5eec291305e40a9d0b4f0ef8bfc845da814fb0ac564e55d60a380d5679af464d,1,7,88327,0.13921630018021913,-10.624264462059964,-10.862760928200633,-10.624264462059964
PZU,2017-11,20,linear,,5eec291305e40a9d0b4f0ef8bfc845da814fb0ac564e55d60a380d5679af464d,1,8,88330,0.26911000685327663,-9.4299996619818,-9.838806206122156,-9.4299996619818
PZU,2017-11,20,linear,,5eec291305e40a9d0b4f0ef8bfc845da814fb0ac564e55d60a380d5679af464d,1,9,88326,0.41679000369249136,-8.119567820655062,-8.695397854339172,-8.119567820655062
PZU,2017-11,20,linear,,5eec291305e40a9d0b4f0ef8bfc845da814fb0ac564e55d60a380d5679af464d,1,10,88325,0.6274869036381138,-5.696993815851456,-6.57452591854643,-5.696993815851456
PZU,2017-11,20,linear,,5eec291305e40a9d0b4f0ef8bfc845da814fb0ac564e55d60a380d5679af464d,5,1,88327,-0.6714150666836941,-6.125699392297099,-5.340590278780957,-5.340590278780957
PZU,2017-11,20,linear,,5eec291305e40a9d0b4f0ef8bfc845da814fb0ac564e55d60a380d5679af464d,5,2,88333,-0.4817916026782177,-7.993486427100322,-7.553698546809692,-7.553698546809692
PZU,2017-11,20,linear,,5eec291305e40a9d0b4f0ef8bfc845da814fb0ac564e55d60a380d5679af464d,5,3,88323,-0.3435924426531249,-8.989383645047615,-8.688243465792901,-8.688243465792901
PZU,2017-11,20,linear,,5eec291305e40a9d0b4f0ef8bfc845da814fb0ac564e55d60a380d5679af464d,5,4,88328,-0.21911400375245763,-9.659720839176263,-9.487422024534084,-9.487422024534084
PZU,2017-11,20,linear,,5eec291305e40a9d0b4f0ef8bfc845da814fb0ac564e55d60a380d5679af464d,5,5,88329,-0.09739151157026518,-10.946444165795414,-10.835405004014216,-10.835405004014216
PZU,2017-11,20,linear,,5eec291305e40a9d0b4f0ef8bfc845da814fb0ac564e55d60a380d5679af464d,5,6,88322,0.019237724396427226,-10.67741048035772,-10.747326237125577,-10.72655229822567
PZU,2017-11,20,linear,,5eec291305e40a9d0b4f0ef8bfc845da814fb0ac564e55d60a380d5679af464d,5,7,88327,0.13921630018021913,-10.608040989816184,-10.760514114879598,-10.608040989816184
PZU,2017-11,20,linear,,5eec291305e40a9d0b4f0ef8bfc845da814fb0ac564e55d60a380d5679af464d,5,8,88330,0.26911000685327663,-9.44512272646324,-9.725961461985712,-9.44512272646324
PZU,2017-11,20,linear,,5eec291305e40a9d0b4f0ef8bfc845da814fb0ac564e55d60a380d5679af464d,5,9,88326,0.41679000369249136,-8.191189398274052,-8.60562408317559,-8.191189398274052
PZU,2017-11,20,linear,,5eec291305e40a9d0b4f0ef8bfc845da814fb0ac564e55d60a380d5679af464d,5,10,88325,0.6274869036381138,-5.889618037975146,-6.554143648121423,-5.889618037975146
PZU,2017-11,20,xgboost,,a81c71838975d4ca2167110092b61d1f080fa57be7c96989adf1cd732a1552ee,0,1,88327,-0.7018728852272034,-6.6683646973026836,-5.387991582510955,-5.387991582510955
PZU,2017-11,20,xgboost,,a81c71838975d4ca2167110092b61d1f080fa57be7c96989adf1cd732a1552ee,0,2,88327,-0.4349529445171356,-8.391066722072479,-7.72354240405154,-7.72354240405154
PZU,2017-11,20,xgboost,,a81c71838975d4ca2167110092b61d1f080fa57be7c96989adf1cd732a1552ee,0,3,88328,-0.30074310302734375,-9.547592413099371,-9.10500069857155,-9.10500069857155
PZU,2017-11,20,xgboost,,a81c71838975d4ca2167110092b61d1f080fa57be7c96989adf1cd732a1552ee,0,4,88333,-0.17942649126052856,-9.723329596942643,-9.451794126292937,-9.451794126292937
PZU,2017-11,20,xgboost,,a81c71838975d4ca2167110092b61d1f080fa57be7c96989adf1cd732a1552ee,0,5,88333,-0.08073241263628006,-10.404420012091977,-10.274701239372847,-10.274701239372847
PZU,2017-11,20,xgboost,,a81c71838975d4ca2167110092b61d1f080fa57be7c96989adf1cd732a1552ee,0,6,88327,0.02418435364961624,-9.507322425612001,-9.610955455029869,-9.521997592379293
PZU,2017-11,20,xgboost,,a81c71838975d4ca2167110092b61d1f080fa57be7c96989adf1cd732a1552ee,0,7,88329,0.11165163666009903,-9.458863845919305,-9.729620764507992,-9.458863845919305
PZU,2017-11,20,xgboost,,a81c71838975d4ca2167110092b61d1f080fa57be7c96989adf1cd732a1552ee,0,8,88313,0.2232215702533722,-9.875150251353245,-10.292471767118537,-9.875150251353245
PZU,2017-11,20,xgboost,,a81c71838975d4ca2167110092b61d1f080fa57be7c96989adf1cd732a1552ee,0,9,88345,0.3724439740180969,-8.489610051282574,-9.14431759985056,-8.489610051282574
PZU,2017-11,20,xgboost,,a81c71838975d4ca2167110092b61d1f080fa57be7c96989adf1cd732a1552ee,0,10,88308,0.6365762948989868,-6.459778888260759,-7.579929003818091,-6.459778888260759
PZU,2017-11,20,xgboost,,a81c71838975d4ca2167110092b61d1f080fa57be7c96989adf1cd732a1552ee,1,1,88327,-0.7018728852272034,-6.654376885455393,-5.550661387872062,-5.550661387872062
PZU,2017-11,20,xgboost,,a81c71838975d4ca2167110092b61d1f080fa57be7c96989adf1cd732a1552ee,1,2,88327,-0.4349529445171356,-8.370659166625188,-7.7432949858040745,-7.7432949858040745
PZU,2017-11,20,xgboost,,a81c71838975d4ca2167110092b61d1f080fa57be7c96989adf1cd732a1552ee,1,3,88328,-0.30074310302734375,-9.516110991004847,-9.104030287300649,-9.104030287300649
PZU,2017-11,20,xgboost,,a81c71838975d4ca2167110092b61d1f080fa57be7c96989adf1cd732a1552ee,1,4,88333,-0.17942649126052856,-9.698092516348167,-9.431745707920577,-9.431745707920577
PZU,2017-11,20,xgboost,,a81c71838975d4ca2167110092b61d1f080fa57be7c96989adf1cd732a1552ee,1,5,88333,-0.08073241263628006,-10.38303941366928,-10.25750871937475,-10.25750871937475
PZU,2017-11,20,xgboost,,a81c71838975d4ca2167110092b61d1f080fa57be7c96989adf1cd732a1552ee,1,6,88327,0.02418435364961624,-9.492158350941091,-9.59003179691946,-9.50743664889631
PZU,2017-11,20,xgboost,,a81c71838975d4ca2167110092b61d1f080fa57be7c96989adf1cd732a1552ee,1,7,88329,0.11165163666009903,-9.455486748030498,-9.700241305725227,-9.455486748030498
PZU,2017-11,20,xgboost,,a81c71838975d4ca2167110092b61d1f080fa57be7c96989adf1cd732a1552ee,1,8,88313,0.2232215702533722,-9.87503413619261,-10.24935325576565,-9.87503413619261
PZU,2017-11,20,xgboost,,a81c71838975d4ca2167110092b61d1f080fa57be7c96989adf1cd732a1552ee,1,9,88345,0.3724439740180969,-8.50742744470009,-9.112493659567622,-8.50742744470009
PZU,2017-11,20,xgboost,,a81c71838975d4ca2167110092b61d1f080fa57be7c96989adf1cd732a1552ee,1,10,88308,0.6365762948989868,-6.573194823753605,-7.56064737325921,-6.573194823753605
PZU,2017-11,20,xgboost,,a81c71838975d4ca2167110092b61d1f080fa57be7c96989adf1cd732a1552ee,5,1,88327,-0.7018728852272034,-6.663953268569464,-5.8723914899804495,-5.8723914899804495
PZU,2017-11,20,xgboost,,a81c71838975d4ca2167110092b61d1f080fa57be7c96989adf1cd732a1552ee,5,2,88327,-0.4349529445171356,-8.316871306641616,-7.8270036169209325,-7.8270036169209325
PZU,2017-11,20,xgboost,,a81c71838975d4ca2167110092b61d1f080fa57be7c96989adf1cd732a1552ee,5,3,88328,-0.30074310302734375,-9.45490433935207,-9.119115061377745,-9.119115061377745
PZU,2017-11,20,xgboost,,a81c71838975d4ca2167110092b61d1f080fa57be7c96989adf1cd732a1552ee,5,4,88333,-0.17942649126052856,-9.639911104319454,-9.442173079548875,-9.442173079548875
PZU,2017-11,20,xgboost,,a81c71838975d4ca2167110092b61d1f080fa57be7c96989adf1cd732a1552ee,5,5,88333,-0.08073241263628006,-10.319805455911634,-10.21081961207084,-10.21081961207084
PZU,2017-11,20,xgboost,,a81c71838975d4ca2167110092b61d1f080fa57be7c96989adf1cd732a1552ee,5,6,88327,0.02418435364961624,-9.474447883343029,-9.5522997102863,-9.500941155534276
PZU,2017-11,20,xgboost,,a81c71838975d4ca2167110092b61d1f080fa57be7c96989adf1cd732a1552ee,5,7,88329,0.11165163666009903,-9.435325236854942,-9.63955129034764,-9.435325236854942
PZU,2017-11,20,xgboost,,a81c71838975d4ca2167110092b61d1f080fa57be7c96989adf1cd732a1552ee,5,8,88313,0.2232215702533722,-9.88676332532934,-10.145194508235607,-9.88676332532934
PZU,2017-11,20,xgboost,,a81c71838975d4ca2167110092b61d1f080fa57be7c96989adf1cd732a1552ee,5,9,88345,0.3724439740180969,-8.57776855258394,-9.00401135451888,-8.57776855258394
PZU,2017-11,20,xgboost,,a81c71838975d4ca2167110092b61d1f080fa57be7c96989adf1cd732a1552ee,5,10,88308,0.6365762948989868,-6.755944782235914,-7.4860445977225565,-6.755944782235914
PZU,2017-11,50,linear,,bba9f8eea049bcaa043be831544df3bfe1cde7929c8174968fd893fec015f456,0,1,88267,-1.0273786602486967,-7.031948161298807,-5.168096457506131,-5.168096457506131
PZU,2017-11,50,linear,,bba9f8eea049bcaa043be831544df3bfe1cde7929c8174968fd893fec015f456,0,2,88261,-0.7534749189883113,-8.600220683541338,-7.5658691848146296,-7.5658691848146296
PZU,2017-11,50,linear,,bba9f8eea049bcaa043be831544df3bfe1cde7929c8174968fd893fec015f456,0,3,88269,-0.5460463859769473,-9.188667892657772,-8.589958195333876,-8.589958195333876
PZU,2017-11,50,linear,,bba9f8eea049bcaa043be831544df3bfe1cde7929c8174968fd893fec015f456,0,4,88282,-0.3531341890946807,-9.815827897147722,-9.406382920762214,-9.406382920762214
PZU,2017-11,50,linear,,bba9f8eea049bcaa043be831544df3bfe1cde7929c8174968fd893fec015f456,0,5,88245,-0.16295927615769756,-10.439405232086,-10.311231010778652,-10.311231010778652
PZU,2017-11,50,linear,,bba9f8eea049bcaa043be831544df3bfe1cde7929c8174968fd893fec015f456,0,6,88260,0.029524651727098093,-9.819785251402461,-9.93962678607653,-9.89950270904193
PZU,2017-11,50,linear,,bba9f8eea049bcaa043be831544df3bfe1cde7929c8174968fd893fec015f456,0,7,88280,0.22603477775812006,-9.937438535091706,-10.253437198305356,-9.937438535091706
PZU,2017-11,50,linear,,bba9f8eea049bcaa043be831544df3bfe1cde7929c8174968fd893fec015f456,0,8,88248,0.43033510320059604,-9.407483666949961,-10.023197052716093,-9.407483666949961
PZU,2017-11,50,linear,,bba9f8eea049bcaa043be831544df3bfe1cde7929c8174968fd893fec015f456,0,9,88264,0.6550694141535218,-8.487611732370432,-9.321700545383612,-8.487611732370432
PZU,2017-11,50,linear,,bba9f8eea049bcaa043be831544df3bfe1cde7929c8174968fd893fec015f456,0,10,88264,0.9580562536696945,-5.967630569546878,-7.543270206622178,-5.967630569546878
PZU,2017-11,50,linear,,bba9f8eea049bcaa043be831544df3bfe1cde7929c8174968fd893fec015f456,1,1,88267,-1.0273786602486967,-7.037037498931711,-5.333633624450014,-5.333633624450014
PZU,2017-11,50,linear,,bba9f8eea049bcaa043be831544df3bfe1cde7929c8174968fd893fec015f456,1,2,88261,-0.7534749189883113,-8.579405828507543,-7.60161454355448,-7.60161454355448
PZU,2017-11,50,linear,,bba9f8eea049bcaa043be831544df3bfe1cde7929c8174968fd893fec015f456,1,3,88269,-0.5460463859769473,-9.156269341398422,-8.594205329963527,-8.594205329963527
PZU,2017-11,50,linear,,bba9f8eea049bcaa043be831544df3bfe1cde7929c8174968fd893fec015f456,1,4,88282,-0.3531341890946807,-9.780120898618296,-9.392571521652277,-9.392571521652277
PZU,2017-11,50,linear,,bba9f8eea049bcaa043be831544df3bfe1cde7929c8174968fd893fec015f456,1,5,88245,-0.16295927615769756,-10.412191597343108,-10.289403901055243,-10.289403901055243
PZU,2017-11,50,linear,,bba9f8eea049bcaa043be831544df3bfe1cde7929c8174968fd893fec015f456,1,6,88260,0.029524651727098093,-9.796047370855312,-9.911285579423852,-9.872736719438779
PZU,2017-11,50,linear,,bba9f8eea049bcaa043be831544df3bfe1cde7929c8174968fd893fec015f456,1,7,88280,0.22603477775812006,-9.920796099696755,-10.205018574014824,-9.920796099696755
PZU,2017-11,50,linear,,bba9f8eea049bcaa043be831544df3bfe1cde7929c8174968fd893fec015f456,1,8,88248,0.43033510320059604,-9.416275103266722,-9.983319149909716,-9.416275103266722
PZU,2017-11,50,linear,,bba9f8eea049bcaa043be831544df3bfe1cde7929c8174968fd893fec015f456,1,9,88264,0.6550694141535218,-8.517667113238758,-9.28121513602345,-8.517667113238758
PZU,2017-11,50,linear,,bba9f8eea049bcaa043be831544df3bfe1cde7929c8174968fd893fec015f456,1,10,88264,0.9580562536696945,-6.080196869627788,-7.530353953188826,-6.080196869627788
PZU,2017-11,50,linear,,bba9f8eea049bcaa043be831544df3bfe1cde7929c8174968fd893fec015f456,5,1,88267,-1.0273786602486967,-7.0336597925083595,-5.624360160471902,-5.624360160471902
PZU,2017-11,50,linear,,bba9f8eea049bcaa043be831544df3bfe1cde7929c8174968fd893fec015f456,5,2,88261,-0.7534749189883113,-8.512605887712654,-7.70116615197393,-7.70116615197393
PZU,2017-11,50,linear,,bba9f8eea049bcaa043be831544df3bfe1cde7929c8174968fd893fec015f456,5,3,88269,-0.5460463859769473,-9.082403547110832,-8.641365434377215,-8.641365434377215
PZU,2017-11,50,linear,,bba9f8eea049bcaa043be831544df3bfe1cde7929c8174968fd893fec015f456,5,4,88282,-0.3531341890946807,-9.706939439343644,-9.399717445893161,-9.399717445893161
PZU,2017-11,50,linear,,bba9f8eea049bcaa043be831544df3bfe1cde7929c8174968fd893fec015f456,5,5,88245,-0.16295927615769756,-10.361583114338373,-10.267339762815434,-10.267339762815434
PZU,2017-11,50,linear,,bba9f8eea049bcaa043be831544df3bfe1cde7929c8174968fd893fec015f456,5,6,88260,0.029524651727098093,-9.765681789684834,-9.856127021612718,-9.845109584658495
PZU,2017-11,50,linear,,bba9f8eea049bcaa043be831544df3bfe1cde7929c8174968fd893fec015f456,5,7,88280,0.22603477775812006,-9.925053361454854,-10.129262266226174,-9.925053361454854
PZU,2017-11,50,linear,,bba9f8eea049bcaa043be831544df3bfe1cde7929c8174968fd893fec015f456,5,8,88248,0.43033510320059604,-9.44373272026065,-9.879982836182782,-9.44373272026065
PZU,2017-11,50,linear,,bba9f8eea049bcaa043be831544df3bfe1cde7929c8174968fd893fec015f456,5,9,88264,0.6550694141535218,-8.590546248090714,-9.169204377358003,-8.590546248090714
PZU,2017-11,50,linear,,bba9f8eea049bcaa043be831544df3bfe1cde7929c8174968fd893fec015f456,5,10,88264,0.9580562536696945,-6.2733495106880675,-7.453148328098534,-6.2733495106880675
PZU,2017-11,50,xgboost,,d0930d9f3edc08196314733e30605a7253d50f94f433473c794c78bb8666289f,0,1,88281,-1.0699002742767334,-8.36410056570803,-6.382586653352493,-6.382586653352493
PZU,2017-11,50,xgboost,,d0930d9f3edc08196314733e30605a7253d50f94f433473c794c78bb8666289f,0,2,88247,-0.6782997846603394,-8.59912720290653,-7.549889113189989,-7.549889113189989
PZU,2017-11,50,xgboost,,d0930d9f3edc08196314733e30605a7253d50f94f433473c794c78bb8666289f,0,3,88265,-0.4598170220851898,-9.471780329434036,-8.778661076882248,-8.778661076882248
PZU,2017-11,50,xgboost,,d0930d9f3edc08196314733e30605a7253d50f94f433473c794c78bb8666289f,0,4,88269,-0.27776405215263367,-9.712034744042274,-9.332553127637409,-9.332553127637409
PZU,2017-11,50,xgboost,,d0930d9f3edc08196314733e30605a7253d50f94f433473c794c78bb8666289f,0,5,88265,-0.1223311796784401,-9.694951471771843,-9.491086698754305,-9.491086698754305
PZU,2017-11,50,xgboost,,d0930d9f3edc08196314733e30605a7253d50f94f433473c794c78bb8666289f,0,6,88265,0.03478815779089928,-9.221332998722955,-9.381991752703259,-9.280178530292636
PZU,2017-11,50,xgboost,,d0930d9f3edc08196314733e30605a7253d50f94f433473c794c78bb8666289f,0,7,88271,0.18148820102214813,-9.135393424603514,-9.439969138097652,-9.135393424603514
PZU,2017-11,50,xgboost,,d0930d9f3edc08196314733e30605a7253d50f94f433473c794c78bb8666289f,0,8,88250,0.3487924337387085,-9.11805703075065,-9.721286328515765,-9.11805703075065
PZU,2017-11,50,xgboost,,d0930d9f3edc08196314733e30605a7253d50f94f433473c794c78bb8666289f,0,9,88264,0.5721749663352966,-8.31658741464671,-9.107209422683662,-8.31658741464671
PZU,2017-11,50,xgboost,,d0930d9f3edc08196314733e30605a7253d50f94f433473c794c78bb8666289f,0,10,88263,0.9743158221244812,-7.062502504661022,-8.937508700499215,-7.062502504661022
PZU,2017-11,50,xgboost,,d0930d9f3edc08196314733e30605a7253d50f94f433473c794c78bb8666289f,1,1,88281,-1.0699002742767334,-8.340631025463226,-6.511101890925281,-6.511101890925281
PZU,2017-11,50,xgboost,,d0930d9f3edc08196314733e30605a7253d50f94f433473c794c78bb8666289f,1,2,88247,-0.6782997846603394,-8.573323122051603,-7.574486221859723,-7.574486221859723
PZU,2017-11,50,xgboost,,d0930d9f3edc08196314733e30605a7253d50f94f433473c794c78bb8666289f,1,3,88265,-0.4598170220851898,-9.44263747371485,-8.79094227105753,-8.79094227105753
PZU,2017-11,50,xgboost,,d0930d9f3edc08196314733e30605a7253d50f94f433473c794c78bb8666289f,1,4,88269,-0.27776405215263367,-9.686427254853026,-9.328497329280436,-9.328497329280436
PZU,2017-11,50,xgboost,,d0930d9f3edc08196314733e30605a7253d50f94f433473c794c78bb8666289f,1,5,88265,-0.1223311796784401,-9.681484666156669,-9.479901590982147,-9.479901590982147
PZU,2017-11,50,xgboost,,d0930d9f3edc08196314733e30605a7253d50f94f433473c794c78bb8666289f,1,6,88265,0.03478815779089928,-9.214958249407385,-9.360652512327372,-9.271215694734707
PZU,2017-11,50,xgboost,,d0930d9f3edc08196314733e30605a7253d50f94f433473c794c78bb8666289f,1,7,88271,0.18148820102214813,-9.1317018088362,-9.4168552286063,-9.1317018088362
PZU,2017-11,50,xgboost,,d0930d9f3edc08196314733e30605a7253d50f94f433473c794c78bb8666289f,1,8,88250,0.3487924337387085,-9.126838012142514,-9.689468564480295,-9.126838012142514
PZU,2017-11,50,xgboost,,d0930d9f3edc08196314733e30605a7253d50f94f433473c794c78bb8666289f,1,9,88264,0.5721749663352966,-8.341535596394081,-9.070377600399732,-8.341535596394081
PZU,2017-11,50,xgboost,,d0930d9f3edc08196314733e30605a7253d50f94f433473c794c78bb8666289f,1,10,88263,0.9743158221244812,-7.156316968658315,-8.900293636299965,-7.156316968658315
PZU,2017-11,50,xgboost,,d0930d9f3edc08196314733e30605a7253d50f94f433473c794c78bb8666289f,5,1,88281,-1.0699002742767334,-8.266173171716112,-6.754066063344586,-6.754066063344586
PZU,2017-11,50,xgboost,,d0930d9f3edc08196314733e30605a7253d50f94f433473c794c78bb8666289f,5,2,88247,-0.6782997846603394,-8.507555066731781,-7.6763954617121914,-7.6763954617121914
PZU,2017-11,50,xgboost,,d0930d9f3edc08196314733e30605a7253d50f94f433473c794c78bb8666289f,5,3,88265,-0.4598170220851898,-9.380538288857831,-8.83498244995844,-8.83498244995844
PZU,2017-11,50,xgboost,,d0930d9f3edc08196314733e30605a7253d50f94f433473c794c78bb8666289f,5,4,88269,-0.27776405215263367,-9.620638215985942,-9.36219394600147,-9.36219394600147
PZU,2017-11,50,xgboost,,d0930d9f3edc08196314733e30605a7253d50f94f433473c794c78bb8666289f,5,5,88265,-0.1223311796784401,-9.651426298746333,-9.475568413768748,-9.475568413768748
PZU,2017-11,50,xgboost,,d0930d9f3edc08196314733e30605a7253d50f94f433473c794c78bb8666289f,5,6,88265,0.03478815779089928,-9.209651259061776,-9.328740151877053,-9.258387232119475
PZU,2017-11,50,xgboost,,d0930d9f3edc08196314733e30605a7253d50f94f433473c794c78bb8666289f,5,7,88271,0.18148820102214813,-9.15044494216535,-9.366590482206943,-9.15044494216535
PZU,2017-11,50,xgboost,,d0930d9f3edc08196314733e30605a7253d50f94f433473c794c78bb8666289f,5,8,88250,0.3487924337387085,-9.164760114553937,-9.6118320749011,-9.164760114553937
PZU,2017-11,50,xgboost,,d0930d9f3edc08196314733e30605a7253d50f94f433473c794c78bb8666289f,5,9,88264,0.5721749663352966,-8.421757178031294,-8.963008762305767,-8.421757178031294
PZU,2017-11,50,xgboost,,d0930d9f3edc08196314733e30605a7253d50f94f433473c794c78bb8666289f,5,10,88263,0.9743158221244812,-7.3224613589706316,-8.748235171813954,-7.3224613589706316
PEKAO,2017-04,10,linear,,ca88699c64743c9402c5dbfb2ad37df6ffd0196fa958bbeba30735232cac7d5f,0,1,57948,-0.6209281530884693,-7.366250030252241,-5.961197548556305,-5.961197548556305
PEKAO,2017-04,10,linear,,ca88699c64743c9402c5dbfb2ad37df6ffd0196fa958bbeba30735232cac7d5f,0,2,57947,-0.43471952063969205,-9.542296165153646,-8.71120182159009,-8.71120182159009
PEKAO,2017-04,10,linear,,ca88699c64743c9402c5dbfb2ad37df6ffd0196fa958bbeba30735232cac7d5f,0,3,57950,-0.2994328632317289,-10.479506262915725,-9.895724792578537,-9.895724792578537
PEKAO,2017-04,10,linear,,ca88699c64743c9402c5dbfb2ad37df6ffd0196fa958bbeba30735232cac7d5f,0,4,57934,-0.16395367133439886,-10.894033695801365,-10.434583707095687,-10.434583707095687
PEKAO,2017-04,10,linear,,ca88699c64743c9402c5dbfb2ad37df6ffd0196fa958bbeba30735232cac7d5f,0,5,57946,-0.03362401321575828,-11.845906549301299,-11.703757348235426,-11.713263732804549
PEKAO,2017-04,10,linear,,ca88699c64743c9402c5dbfb2ad37df6ffd0196fa958bbeba30735232cac7d5f,0,6,57943,0.0889164376552734,-11.77339802953294,-11.898879703607138,-11.77339802953294
PEKAO,2017-04,10,linear,,ca88699c64743c9402c5dbfb2ad37df6ffd0196fa958bbeba30735232cac7d5f,0,7,57945,0.21293066710750133,-11.002196969466809,-11.358968573918462,-11.002196969466809
PEKAO,2017-04,10,linear,,ca88699c64743c9402c5dbfb2ad37df6ffd0196fa958bbeba30735232cac7d5f,0,8,57951,0.3411683471743967,-9.770060609052985,-10.315302273301112,-9.770060609052985
PEKAO,2017-04,10,linear,,ca88699c64743c9402c5dbfb2ad37df6ffd0196fa958bbeba30735232cac7d5f,0,9,57939,0.4885539079794777,-8.609370727854548,-9.490649775425066,-8.609370727854548
PEKAO,2017-04,10,linear,,ca88699c64743c9402c5dbfb2ad37df6ffd0196fa958bbeba30735232cac7d5f,0,10,57943,0.6876401741357452,-5.886448186903087,-7.404043914943575,-5.886448186903087
PEKAO,2017-04,10,linear,,ca88699c64743c9402c5dbfb2ad37df6ffd0196fa958bbeba30735232cac7d5f,1,1,57948,-0.6209281530884693,-7.415608885200619,-6.2073547587472016,-6.2073547587472016
PEKAO,2017-04,10,linear,,ca88699c64743c9402c5dbfb2ad37df6ffd0196fa958bbeba30735232cac7d5f,1,2,57947,-0.43471952063969205,-9.518988343169394,-8.753203927213319,-8.753203927213319
PEKAO,2017-04,10,linear,,ca88699c64743c9402c5dbfb2ad37df6ffd0196fa958bbeba30735232cac7d5f,1,3,57950,-0.2994328632317289,-10.404457690728801,-9.882194519104011,-9.882194519104011
PEKAO,2017-04,10,linear,,ca88699c64743c9402c5dbfb2ad37df6ffd0196fa958bbeba30735232cac7d5f,1,4,57934,-0.16395367133439886,-10.771194784983622,-10.37625153611581,-10.37625153611581
PEKAO,2017-04,10,linear,,ca88699c64743c9402c5dbfb2ad37df6ffd0196fa958bbeba30735232cac7d5f,1,5,57946,-0.03362401321575828,-11.76448549827916,-11.645430835189243,-11.654697511896488
PEKAO,2017-04,10,linear,,ca88699c64743c9402c5dbfb2ad37df6ffd0196fa958bbeba30735232cac7d5f,1,6,57943,0.0889164376552734,-11.707909055197469,-11.834462711768786,-11.707909055197469
PEKAO,2017-04,10,linear,,ca88699c64743c9402c5dbfb2ad37df6ffd0196fa958bbeba30735232cac7d5f,1,7,57945,0.21293066710750133,-10.961749010678913,-11.294629789124302,-10.961749010678913
PEKAO,2017-04,10,linear,,ca88699c64743c9402c5dbfb2ad37df6ffd0196fa958bbeba30735232cac7d5f,1,8,57951,0.3411683471743967,-9.750173766305899,-10.257453647108166,-9.750173766305899
PEKAO,2017-04,10,linear,,ca88699c64743c9402c5dbfb2ad37df6ffd0196fa958bbeba30735232cac7d5f,1,9,57939,0.4885539079794777,-8.657967757930424,-9.473869620680599,-8.657967757930424
PEKAO,2017-04,10,linear,,ca88699c64743c9402c5dbfb2ad37df6ffd0196fa958bbeba30735232cac7d5f,1,10,57943,0.6876401741357452,-6.217428784729185,-7.449802273599927,-6.217428784729185
PEKAO,2017-04,10,linear,,ca88699c64743c9402c5dbfb2ad37df6ffd0196fa958bbeba30735232cac7d5f,5,1,57948,-0.6209281530884693,-7.492846495806214,-6.631246412092557,-6.631246412092557
PEKAO,2017-04,10,linear,,ca88699c64743c9402c5dbfb2ad37df6ffd0196fa958bbeba30735232cac7d5f,5,2,57947,-0.43471952063969205,-9.462907207295974,-8.849396402154888,-8.849396402154888
PEKAO,2017-04,10,linear,,ca88699c64743c9402c5dbfb2ad37df6ffd0196fa958bbeba30735232cac7d5f,5,3,57950,-0.2994328632317289,-10.2659300099747,-9.907799049058815,-9.907799049058815
PEKAO,2017-04,10,linear,,ca88699c64743c9402c5dbfb2ad37df6ffd0196fa958bbeba30735232cac7d5f,5,4,57934,-0.16395367133439886,-10.627193165969407,-10.325451624078774,-10.325451624078774
PEKAO,2017-04,10,linear,,ca88699c64743c9402c5dbfb2ad37df6ffd0196fa958bbeba30735232cac7d5f,5,5,57946,-0.03362401321575828,-11.606464449129048,-11.538196900439878,-11.562589837834976
PEKAO,2017-04,10,linear,,ca88699c64743c9402c5dbfb2ad37df6ffd0196fa958bbeba30735232cac7d5f,5,6,57943,0.0889164376552734,-11.59441368011766,-11.721957260121961,-11.59441368011766
PEKAO,2017-04,10,linear,,ca88699c64743c9402c5dbfb2ad37df6ffd0196fa958bbeba30735232cac7d5f,5,7,57945,0.21293066710750133,-10.902587572529663,-11.15767284059731,-10.902587572529663
PEKAO,2017-04,10,linear,,ca88699c64743c9402c5dbfb2ad37df6ffd0196fa958bbeba30735232cac7d5f,5,8,57951,0.3411683471743967,-9.802800992851221,-10.152537167090426,-9.802800992851221
PEKAO,2017-04,10,linear,,ca88699c64743c9402c5dbfb2ad37df6ffd0196fa958bbeba30735232cac7d5f,5,9,57939,0.4885539079794777,-8.797096275628924,-9.398740559689449,-8.797096275628924
PEKAO,2017-04,10,linear,,ca88699c64743c9402c5dbfb2ad37df6ffd0196fa958bbeba30735232cac7d5f,5,10,57943,0.6876401741357452,-6.619680376204176,-7.4929800535793865,-6.619680376204176
PEKAO,2017-04,10,xgboost,,5a78fc65c4a25c1c0e9512d15a26a8c67d70c728f42bb8c84966ce44ca488d9e,0,1,57945,-0.7641710638999939,-8.070626549126624,-6.466340200981677,-6.466340200981677
PEKAO,2017-04,10,xgboost,,5a78fc65c4a25c1c0e9512d15a26a8c67d70c728f42bb8c84966ce44ca488d9e,0,2,57951,-0.41554445028305054,-10.02005624122839,-9.136851624519847,-9.136851624519847
PEKAO,2017-04,10,xgboost,,5a78fc65c4a25c1c0e9512d15a26a8c67d70c728f42bb8c84966ce44ca488d9e,0,3,57941,-0.2718917727470398,-10.354961227105935,-9.800056342868954,-9.800056342868954
PEKAO,2017-04,10,xgboost,,5a78fc65c4a25c1c0e9512d15a26a8c67d70c728f42bb8c84966ce44ca488d9e,0,4,57945,-0.14982067048549652,-10.739901523505774,-10.380712250619004,-10.380712250619004
PEKAO,2017-04,10,xgboost,,5a78fc65c4a25c1c0e9512d15a26a8c67d70c728f42bb8c84966ce44ca488d9e,0,5,57947,-0.045648783445358276,-10.86573345269918,-10.76127158846447,-10.766582246481459
PEKAO,2017-04,10,xgboost,,5a78fc65c4a25c1c0e9512d15a26a8c67d70c728f42bb8c84966ce44ca488d9e,0,6,57946,0.06123815476894379,-10.315032051818987,-10.47189476530509,-10.315032051818987
PEKAO,2017-04,10,xgboost,,5a78fc65c4a25c1c0e9512d15a26a8c67d70c728f42bb8c84966ce44ca488d9e,0,7,57938,0.1910206377506256,-10.856541269870133,-11.186485920204104,-10.856541269870133
PEKAO,2017-04,10,xgboost,,5a78fc65c4a25c1c0e9512d15a26a8c67d70c728f42bb8c84966ce44ca488d9e,0,8,57948,0.31538307666778564,-10.46138544297894,-10.940523641728563,-10.46138544297894
PEKAO,2017-04,10,xgboost,,5a78fc65c4a25c1c0e9512d15a26a8c67d70c728f42bb8c84966ce44ca488d9e,0,9,57948,0.4713706076145172,-9.162356287111624,-9.959260523664573,-9.162356287111624
PEKAO,2017-04,10,xgboost,,5a78fc65c4a25c1c0e9512d15a26a8c67d70c728f42bb8c84966ce44ca488d9e,0,10,57937,0.8612962961196899,-6.322427824870287,-8.070577893402607,-6.322427824870287
PEKAO,2017-04,10,xgboost,,5a78fc65c4a25c1c0e9512d15a26a8c67d70c728f42bb8c84966ce44ca488d9e,1,1,57945,-0.7641710638999939,-8.049212125931906,-6.754086263167539,-6.754086263167539
PEKAO,2017-04,10,xgboost,,5a78fc65c4a25c1c0e9512d15a26a8c67d70c728f42bb8c84966ce44ca488d9e,1,2,57951,-0.41554445028305054,-9.989665189336515,-9.151593997014473,-9.151593997014473
PEKAO,2017-04,10,xgboost,,5a78fc65c4a25c1c0e9512d15a26a8c67d70c728f42bb8c84966ce44ca488d9e,1,3,57941,-0.2718917727470398,-10.313206612776325,-9.794955646649122,-9.794955646649122
PEKAO,2017-04,10,xgboost,,5a78fc65c4a25c1c0e9512d15a26a8c67d70c728f42bb8c84966ce44ca488d9e,1,4,57945,-0.14982067048549652,-10.68484511000156,-10.33545230213798,-10.33545230213798
PEKAO,2017-04,10,xgboost,,5a78fc65c4a25c1c0e9512d15a26a8c67d70c728f42bb8c84966ce44ca488d9e,1,5,57947,-0.045648783445358276,-10.76786763284599,-10.675123188117299,-10.680362911035116
PEKAO,2017-04,10,xgboost,,5a78fc65c4a25c1c0e9512d15a26a8c67d70c728f42bb8c84966ce44ca488d9e,1,6,57946,0.06123815476894379,-10.282031879916792,-10.423505637150026,-10.282031879916792
PEKAO,2017-04,10,xgboost,,5a78fc65c4a25c1c0e9512d15a26a8c67d70c728f42bb8c84966ce44ca488d9e,1,7,57938,0.1910206377506256,-10.816909119108312,-11.136378431796484,-10.816909119108312
PEKAO,2017-04,10,xgboost,,5a78fc65c4a25c1c0e9512d15a26a8c67d70c728f42bb8c84966ce44ca488d9e,1,8,57948,0.31538307666778564,-10.435811461465907,-10.903190328875093,-10.435811461465907
PEKAO,2017-04,10,xgboost,,5a78fc65c4a25c1c0e9512d15a26a8c67d70c728f42bb8c84966ce44ca488d9e,1,9,57948,0.4713706076145172,-9.170276014984845,-9.92681434926917,-9.170276014984845
PEKAO,2017-04,10,xgboost,,5a78fc65c4a25c1c0e9512d15a26a8c67d70c728f42bb8c84966ce44ca488d9e,1,10,57937,0.8612962961196899,-6.659740917537272,-8.073238108684217,-6.659740917537272
PEKAO,2017-04,10,xgboost,,5a78fc65c4a25c1c0e9512d15a26a8c67d70c728f42bb8c84966ce44ca488d9e,5,1,57945,-0.7641710638999939,-8.029199522828105,-7.196912485021568,-7.196912485021568
PEKAO,2017-04,10,xgboost,,5a78fc65c4a25c1c0e9512d15a26a8c67d70c728f42bb8c84966ce44ca488d9e,5,2,57951,-0.41554445028305054,-9.922728201821768,-9.241325857533624,-9.241325857533624
PEKAO,2017-04,10,xgboost,,5a78fc65c4a25c1c0e9512d15a26a8c67d70c728f42bb8c84966ce44ca488d9e,5,3,57941,-0.2718917727470398,-10.196594938425044,-9.815877529503709,-9.815877529503709
PEKAO,2017-04,10,xgboost,,5a78fc65c4a25c1c0e9512d15a26a8c67d70c728f42bb8c84966ce44ca488d9e,5,4,57945,-0.14982067048549652,-10.570425270388293,-10.29281835037933,-10.29281835037933
PEKAO,2017-04,10,xgboost,,5a78fc65c4a25c1c0e9512d15a26a8c67d70c728f42bb8c84966ce44ca488d9e,5,5,57947,-0.045648783445358276,-10.633068322536092,-10.577418368878265,-10.580918223607435
PEKAO,2017-04,10,xgboost,,5a78fc65c4a25c1c0e9512d15a26a8c67d70c728f42bb8c84966ce44ca488d9e,5,6,57946,0.06123815476894379,-10.2363507259459,-10.338674475332382,-10.2363507259459
PEKAO,2017-04,10,xgboost,,5a78fc65c4a25c1c0e9512d15a26a8c67d70c728f42bb8c84966ce44ca488d9e,5,7,57938,0.1910206377506256,-10.790366316102398,-11.048622387996586,-10.790366316102398
PEKAO,2017-04,10,xgboost,,5a78fc65c4a25c1c0e9512d15a26a8c67d70c728f42bb8c84966ce44ca488d9e,5,8,57948,0.31538307666778564,-10.38880924046299,-10.751977502325822,-10.38880924046299
PEKAO,2017-04,10,xgboost,,5a78fc65c4a25c1c0e9512d15a26a8c67d70c728f42bb8c84966ce44ca488d9e,5,9,57948,0.4713706076145172,-9.256801890994858,-9.84785795122797,-9.256801890994858
PEKAO,2017-04,10,xgboost,,5a78fc65c4a25c1c0e9512d15a26a8c67d70c728f42bb8c84966ce44ca488d9e,5,10,57937,0.8612962961196899,-7.14724045320029,-8.064209630140631,-7.14724045320029
PEKAO,2017-04,20,linear,,05831c03be1c5fa861e971049d21af675e813f651763de9910471c580ccfd44d,0,1,57927,-0.9417647497616105,-7.944547684902529,-5.892528387018218,-5.892528387018218
PEKAO,2017-04,20,linear,,05831c03be1c5fa861e971049d21af675e813f651763de9910471c580ccfd44d,0,2,57927,-0.6656672857768835,-9.845014670988213,-8.520970139670988,-8.520970139670988
PEKAO,2017-04,20,linear,,05831c03be1c5fa861e971049d21af675e813f651763de9910471c580ccfd44d,0,3,57927,-0.45992005999838986,-10.596078492544258,-9.732940945400522,-9.732940945400522
PEKAO,2017-04,20,linear,,05831c03be1c5fa861e971049d21af675e813f651763de9910471c580ccfd44d,0,4,57926,-0.2516697793586457,-10.940294124720229,-10.268848616179419,-10.268848616179419
PEKAO,2017-04,20,linear,,05831c03be1c5fa861e971049d21af675e813f651763de9910471c580ccfd44d,0,5,57928,-0.049285970050393035,-11.398817833784612,-11.208579099923714,-11.264820896154701
PEKAO,2017-04,20,linear,,05831c03be1c5fa861e971049d21af675e813f651763de9910471c580ccfd44d,0,6,57925,0.14151385909686442,-11.635278872806165,-11.899585082339891,-11.635278872806165
PEKAO,2017-04,20,linear,,05831c03be1c5fa861e971049d21af675e813f651763de9910471c580ccfd44d,0,7,57935,0.33357676404251924,-10.695420478393967,-11.256981150226721,-10.695420478393967
PEKAO,2017-04,20,linear,,05831c03be1c5fa861e971049d21af675e813f651763de9910471c580ccfd44d,0,8,57918,0.5286649413401766,-9.717838241554992,-10.540179689224962,-9.717838241554992
PEKAO,2017-04,20,linear,,05831c03be1c5fa861e971049d21af675e813f651763de9910471c580ccfd44d,0,9,57926,0.7523378997320063,-8.560626410538603,-9.90463744028846,-8.560626410538603
PEKAO,2017-04,20,linear,,05831c03be1c5fa861e971049d21af675e813f651763de9910471c580ccfd44d,0,10,57927,1.0471334100255891,-5.839205962341141,-7.955413953080078,-5.839205962341141
PEKAO,2017-04,20,linear,,05831c03be1c5fa861e971049d21af675e813f651763de9910471c580ccfd44d,1,1,57927,-0.9417647497616105,-7.972052349926539,-6.137088843442312,-6.137088843442312
PEKAO,2017-04,20,linear,,05831c03be1c5fa861e971049d21af675e813f651763de9910471c580ccfd44d,1,2,57927,-0.6656672857768835,-9.81007611699889,-8.56829609731436,-8.56829609731436
PEKAO,2017-04,20,linear,,05831c03be1c5fa861e971049d21af675e813f651763de9910471c580ccfd44d,1,3,57927,-0.45992005999838986,-10.52344745744725,-9.73361830540102,-9.73361830540102
PEKAO,2017-04,20,linear,,05831c03be1c5fa861e971049d21af675e813f651763de9910471c580ccfd44d,1,4,57926,-0.2516697793586457,-10.814704927701111,-10.177879365174627,-10.177879365174627
PEKAO,2017-04,20,linear,,05831c03be1c5fa861e971049d21af675e813f651763de9910471c580ccfd44d,1,5,57928,-0.049285970050393035,-11.32003007086835,-11.148745137420619,-11.204298736846658
PEKAO,2017-04,20,linear,,05831c03be1c5fa861e971049d21af675e813f651763de9910471c580ccfd44d,1,6,57925,0.14151385909686442,-11.573164766311947,-11.839960812890938,-11.573164766311947
PEKAO,2017-04,20,linear,,05831c03be1c5fa861e971049d21af675e813f651763de9910471c580ccfd44d,1,7,57935,0.33357676404251924,-10.656883666401564,-11.195432502699006,-10.656883666401564
PEKAO,2017-04,20,linear,,05831c03be1c5fa861e971049d21af675e813f651763de9910471c580ccfd44d,1,8,57918,0.5286649413401766,-9.714364929040904,-10.484994415367641,-9.714364929040904
PEKAO,2017-04,20,linear,,05831c03be1c5fa861e971049d21af675e813f651763de9910471c580ccfd44d,1,9,57926,0.7523378997320063,-8.611881396211812,-9.869088030177066,-8.611881396211812
PEKAO,2017-04,20,linear,,05831c03be1c5fa861e971049d21af675e813f651763de9910471c580ccfd44d,1,10,57927,1.0471334100255891,-6.1767664052859175,-8.026048340137194,-6.1767664052859175
PEKAO,2017-04,20,linear,,05831c03be1c5fa861e971049d21af675e813f651763de9910471c580ccfd44d,5,1,57927,-0.9417647497616105,-7.979676184393868,-6.5709544649846565,-6.5709544649846565
PEKAO,2017-04,20,linear,,05831c03be1c5fa861e971049d21af675e813f651763de9910471c580ccfd44d,5,2,57927,-0.6656672857768835,-9.703227044489587,-8.698432589467787,-8.698432589467787
PEKAO,2017-04,20,linear,,05831c03be1c5fa861e971049d21af675e813f651763de9910471c580ccfd44d,5,3,57927,-0.45992005999838986,-10.398224788301365,-9.791001220485123,-9.791001220485123
PEKAO,2017-04,20,linear,,05831c03be1c5fa861e971049d21af675e813f651763de9910471c580ccfd44d,5,4,57926,-0.2516697793586457,-10.657417229537108,-10.151732158177216,-10.151732158177216
PEKAO,2017-04,20,linear,,05831c03be1c5fa861e971049d21af675e813f651763de9910471c580ccfd44d,5,5,57928,-0.049285970050393035,-11.195520403322428,-11.052568690728311,-11.117006515904446
PEKAO,2017-04,20,linear,,05831c03be1c5fa861e971049d21af675e813f651763de9910471c580ccfd44d,5,6,57925,0.14151385909686442,-11.470989991124693,-11.750197379835278,-11.470989991124693
PEKAO,2017-04,20,linear,,05831c03be1c5fa861e971049d21af675e813f651763de9910471c580ccfd44d,5,7,57935,0.33357676404251924,-10.618288662768892,-11.051870624911912,-10.618288662768892
PEKAO,2017-04,20,linear,,05831c03be1c5fa861e971049d21af675e813f651763de9910471c580ccfd44d,5,8,57918,0.5286649413401766,-9.79305410496765,-10.36727003999114,-9.79305410496765
PEKAO,2017-04,20,linear,,05831c03be1c5fa861e971049d21af675e813f651763de9910471c580ccfd44d,5,9,57926,0.7523378997320063,-8.760671990380674,-9.763709572889784,-8.760671990380674
PEKAO,2017-04,20,linear,,05831c03be1c5fa861e971049d21af675e813f651763de9910471c580ccfd44d,5,10,57927,1.0471334100255891,-6.596699105926309,-7.984676655850387,-6.596699105926309
PEKAO,2017-04,20,xgboost,,b5c2eea7589da8eb34ba86498b25753e91416d4c167d191957cbc9688556fad6,0,1,57927,-1.089339017868042,-8.675573852912503,-6.4773612871483515,-6.4773612871483515
PEKAO,2017-04,20,xgboost,,b5c2eea7589da8eb34ba86498b25753e91416d4c167d191957cbc9688556fad6,0,2,57927,-0.6534254550933838,-10.224651711056618,-8.904601640488945,-8.904601640488945
PEKAO,2017-04,20,xgboost,,b5c2eea7589da8eb34ba86498b25753e91416d4c167d191957cbc9688556fad6,0,3,57934,-0.4396362006664276,-10.254916285354403,-9.32182372102603,-9.32182372102603
PEKAO,2017-04,20,xgboost,,b5c2eea7589da8eb34ba86498b25753e91416d4c167d191957cbc9688556fad6,0,4,57919,-0.24963808059692383,-10.716934673918068,-10.119266394689378,-10.119266394689378
PEKAO,2017-04,20,xgboost,,b5c2eea7589da8eb34ba86498b25753e91416d4c167d191957cbc9688556fad6,0,5,57939,-0.07335236668586731,-10.87535957184446,-10.733057368972007,-10.766352382560251
PEKAO,2017-04,20,xgboost,,b5c2eea7589da8eb34ba86498b25753e91416d4c167d191957cbc9688556fad6,0,6,57916,0.11591310799121857,-10.596646694526669,-10.853264666086627,-10.596646694526669
PEKAO,2017-04,20,xgboost,,b5c2eea7589da8eb34ba86498b25753e91416d4c167d191957cbc9688556fad6,0,7,57936,0.3215866684913635,-10.482877507113619,-11.015418795709966,-10.482877507113619
PEKAO,2017-04,20,xgboost,,b5c2eea7589da8eb34ba86498b25753e91416d4c167d191957cbc9688556fad6,0,8,57915,0.5121691823005676,-10.274489785458844,-11.08593281710903,-10.274489785458844
PEKAO,2017-04,20,xgboost,,b5c2eea7589da8eb34ba86498b25753e91416d4c167d191957cbc9688556fad6,0,9,57931,0.7393266558647156,-8.840900042785027,-10.056568008268245,-8.840900042785027
PEKAO,2017-04,20,xgboost,,b5c2eea7589da8eb34ba86498b25753e91416d4c167d191957cbc9688556fad6,0,10,57922,1.2290751934051514,-6.2306255232701515,-8.613463960556809,-6.2306255232701515
PEKAO,2017-04,20,xgboost,,b5c2eea7589da8eb34ba86498b25753e91416d4c167d191957cbc9688556fad6,1,1,57927,-1.089339017868042,-8.642716608701724,-6.717013295230351,-6.717013295230351
PEKAO,2017-04,20,xgboost,,b5c2eea7589da8eb34ba86498b25753e91416d4c167d191957cbc9688556fad6,1,2,57927,-0.6534254550933838,-10.17822508768797,-8.917471896738007,-8.917471896738007
PEKAO,2017-04,20,xgboost,,b5c2eea7589da8eb34ba86498b25753e91416d4c167d191957cbc9688556fad6,1,3,57934,-0.4396362006664276,-10.213176259521093,-9.33529315929577,-9.33529315929577
PEKAO,2017-04,20,xgboost,,b5c2eea7589da8eb34ba86498b25753e91416d4c167d191957cbc9688556fad6,1,4,57919,-0.24963808059692383,-10.667381016446116,-10.099102398602819,-10.099102398602819
PEKAO,2017-04,20,xgboost,,b5c2eea7589da8eb34ba86498b25753e91416d4c167d191957cbc9688556fad6,1,5,57939,-0.07335236668586731,-10.773633504326053,-10.649085703630346,-10.679506484535418
PEKAO,2017-04,20,xgboost,,b5c2eea7589da8eb34ba86498b25753e91416d4c167d191957cbc9688556fad6,1,6,57916,0.11591310799121857,-10.53538975006103,-10.796351103768295,-10.53538975006103
PEKAO,2017-04,20,xgboost,,b5c2eea7589da8eb34ba86498b25753e91416d4c167d191957cbc9688556fad6,1,7,57936,0.3215866684913635,-10.471277778256935,-10.971832376303452,-10.471277778256935
PEKAO,2017-04,20,xgboost,,b5c2eea7589da8eb34ba86498b25753e91416d4c167d191957cbc9688556fad6,1,8,57915,0.5121691823005676,-10.258914290554983,-11.035017174854557,-10.258914290554983
PEKAO,2017-04,20,xgboost,,b5c2eea7589da8eb34ba86498b25753e91416d4c167d191957cbc9688556fad6,1,9,57931,0.7393266558647156,-8.870821792672638,-10.019401316436875,-8.870821792672638
PEKAO,2017-04,20,xgboost,,b5c2eea7589da8eb34ba86498b25753e91416d4c167d191957cbc9688556fad6,1,10,57922,1.2290751934051514,-6.561718888111099,-8.640684181245641,-6.561718888111099
PEKAO,2017-04,20,xgboost,,b5c2eea7589da8eb34ba86498b25753e91416d4c167d191957cbc9688556fad6,5,1,57927,-1.089339017868042,-8.540106466215375,-7.1305642777688965,-7.1305642777688965
PEKAO,2017-04,20,xgboost,,b5c2eea7589da8eb34ba86498b25753e91416d4c167d191957cbc9688556fad6,5,2,57927,-0.6534254550933838,-10.069815309777352,-9.033728100407501,-9.033728100407501
PEKAO,2017-04,20,xgboost,,b5c2eea7589da8eb34ba86498b25753e91416d4c167d191957cbc9688556fad6,5,3,57934,-0.4396362006664276,-10.123146710370545,-9.410529067719237,-9.410529067719237
PEKAO,2017-04,20,xgboost,,b5c2eea7589da8eb34ba86498b25753e91416d4c167d191957cbc9688556fad6,5,4,57919,-0.24963808059692383,-10.535402496104076,-10.082191335005005,-10.082191335005005
PEKAO,2017-04,20,xgboost,,b5c2eea7589da8eb34ba86498b25753e91416d4c167d191957cbc9688556fad6,5,5,57939,-0.07335236668586731,-10.669670518462365,-10.592710114499837,-10.62179956611798
PEKAO,2017-04,20,xgboost,,b5c2eea7589da8eb34ba86498b25753e91416d4c167d191957cbc9688556fad6,5,6,57916,0.11591310799121857,-10.493354207246211,-10.746969492198897,-10.493354207246211
PEKAO,2017-04,20,xgboost,,b5c2eea7589da8eb34ba86498b25753e91416d4c167d191957cbc9688556fad6,5,7,57936,0.3215866684913635,-10.47265315660681,-10.845240740875779,-10.47265315660681
PEKAO,2017-04,20,xgboost,,b5c2eea7589da8eb34ba86498b25753e91416d4c167d191957cbc9688556fad6,5,8,57915,0.5121691823005676,-10.24355012476357,-10.89841974705713,-10.24355012476357
PEKAO,2017-04,20,xgboost,,b5c2eea7589da8eb34ba86498b25753e91416d4c167d191957cbc9688556fad6,5,9,57931,0.7393266558647156,-8.980929201994687,-9.892643045953253,-8.980929201994687
PEKAO,2017-04,20,xgboost,,b5c2eea7589da8eb34ba86498b25753e91416d4c167d191957cbc9688556fad6,5,10,57922,1.2290751934051514,-7.045045098579921,-8.549503533337152,-7.045045098579921
PEKAO,2017-04,50,linear,,9e0562c9afc4d23cb255f06fb73979e127ebf03d397608409a569cf5013c65d2,0,1,57873,-1.4051057364234125,-9.290042887596934,-6.283521937381207,-6.283521937381207
PEKAO,2017-04,50,linear,,9e0562c9afc4d23cb255f06fb73979e127ebf03d397608409a569cf5013c65d2,0,2,57873,-1.0318749535357288,-10.598928158350613,-8.526544317363943,-8.526544317363943
PEKAO,2017-04,50,linear,,9e0562c9afc4d23cb255f06fb73979e127ebf03d397608409a569cf5013c65d2,0,3,57872,-0.7214286220026129,-10.716338064348806,-9.356543530617309,-9.356543530617309
PEKAO,2017-04,50,linear,,9e0562c9afc4d23cb255f06fb73979e127ebf03d397608409a569cf5013c65d2,0,4,57874,-0.39677083591986395,-10.669793022618395,-9.742472152053852,-9.742472152053852
PEKAO,2017-04,50,linear,,9e0562c9afc4d23cb255f06fb73979e127ebf03d397608409a569cf5013c65d2,0,5,57884,-0.0746990829442332,-10.82357758814945,-10.508332744460104,-10.570732721130241
PEKAO,2017-04,50,linear,,9e0562c9afc4d23cb255f06fb73979e127ebf03d397608409a569cf5013c65d2,0,6,57860,0.23564040293268848,-10.764027339748896,-11.118371971903175,-10.764027339748896
PEKAO,2017-04,50,linear,,9e0562c9afc4d23cb255f06fb73979e127ebf03d397608409a569cf5013c65d2,0,7,57872,0.5422148458710906,-10.1034997866822,-10.936959921791141,-10.1034997866822
PEKAO,2017-04,50,linear,,9e0562c9afc4d23cb255f06fb73979e127ebf03d397608409a569cf5013c65d2,0,8,57873,0.8457512398431484,-9.655531158004889,-10.980796860845462,-9.655531158004889
PEKAO,2017-04,50,linear,,9e0562c9afc4d23cb255f06fb73979e127ebf03d397608409a569cf5013c65d2,0,9,57875,1.1836331465069132,-8.447923531826255,-10.67192214462202,-8.447923531826255
PEKAO,2017-04,50,linear,,9e0562c9afc4d23cb255f06fb73979e127ebf03d397608409a569cf5013c65d2,0,10,57870,1.594511866897073,-6.097785157256082,-9.073337719903364,-6.097785157256082
PEKAO,2017-04,50,linear,,9e0562c9afc4d23cb255f06fb73979e127ebf03d397608409a569cf5013c65d2,1,1,57873,-1.4051057364234125,-9.280474084654282,-6.513423869367631,-6.513423869367631
PEKAO,2017-04,50,linear,,9e0562c9afc4d23cb255f06fb73979e127ebf03d397608409a569cf5013c65d2,1,2,57873,-1.0318749535357288,-10.536509144895643,-8.592017955603934,-8.592017955603934
PEKAO,2017-04,50,linear,,9e0562c9afc4d23cb255f06fb73979e127ebf03d397608409a569cf5013c65d2,1,3,57872,-0.7214286220026129,-10.642390286679303,-9.372179509392065,-9.372179509392065
PEKAO,2017-04,50,linear,,9e0562c9afc4d23cb255f06fb73979e127ebf03d397608409a569cf5013c65d2,1,4,57874,-0.39677083591986395,-10.541883993864714,-9.7068136663658,-9.7068136663658
PEKAO,2017-04,50,linear,,9e0562c9afc4d23cb255f06fb73979e127ebf03d397608409a569cf5013c65d2,1,5,57884,-0.0746990829442332,-10.767011700856013,-10.468286500575674,-10.532489023395962
PEKAO,2017-04,50,linear,,9e0562c9afc4d23cb255f06fb73979e127ebf03d397608409a569cf5013c65d2,1,6,57860,0.23564040293268848,-10.720490517271548,-11.05741429165558,-10.720490517271548
PEKAO,2017-04,50,linear,,9e0562c9afc4d23cb255f06fb73979e127ebf03d397608409a569cf5013c65d2,1,7,57872,0.5422148458710906,-10.086435618773125,-10.89012543968749,-10.086435618773125
PEKAO,2017-04,50,linear,,9e0562c9afc4d23cb255f06fb73979e127ebf03d397608409a569cf5013c65d2,1,8,57873,0.8457512398431484,-9.659567457313756,-10.919017826870272,-9.659567457313756
PEKAO,2017-04,50,linear,,9e0562c9afc4d23cb255f06fb73979e127ebf03d397608409a569cf5013c65d2,1,9,57875,1.1836331465069132,-8.509725988751335,-10.615147339877643,-8.509725988751335
PEKAO,2017-04,50,linear,,9e0562c9afc4d23cb255f06fb73979e127ebf03d397608409a569cf5013c65d2,1,10,57870,1.594511866897073,-6.42292982480625,-9.064683760231084,-6.42292982480625
PEKAO,2017-04,50,linear,,9e0562c9afc4d23cb255f06fb73979e127ebf03d397608409a569cf5013c65d2,5,1,57873,-1.4051057364234125,-9.168141345311557,-6.936228847348322,-6.936228847348322
PEKAO,2017-04,50,linear,,9e0562c9afc4d23cb255f06fb73979e127ebf03d397608409a569cf5013c65d2,5,2,57873,-1.0318749535357288,-10.351110718885208,-8.792900850863443,-8.792900850863443
PEKAO,2017-04,50,linear,,9e0562c9afc4d23cb255f06fb73979e127ebf03d397608409a569cf5013c65d2,5,3,57872,-0.7214286220026129,-10.4734148810208,-9.467730681797713,-9.467730681797713
PEKAO,2017-04,50,linear,,9e0562c9afc4d23cb255f06fb73979e127ebf03d397608409a569cf5013c65d2,5,4,57874,-0.39677083591986395,-10.40293994862299,-9.739863526423056,-9.739863526423056
PEKAO,2017-04,50,linear,,9e0562c9afc4d23cb255f06fb73979e127ebf03d397608409a569cf5013c65d2,5,5,57884,-0.0746990829442332,-10.668535839723367,-10.443965543389439,-10.489040584899811
PEKAO,2017-04,50,linear,,9e0562c9afc4d23cb255f06fb73979e127ebf03d397608409a569cf5013c65d2,5,6,57860,0.23564040293268848,-10.704510770727808,-10.948866968646277,-10.704510770727808
PEKAO,2017-04,50,linear,,9e0562c9afc4d23cb255f06fb73979e127ebf03d397608409a569cf5013c65d2,5,7,57872,0.5422148458710906,-10.098779176775102,-10.76570548154173,-10.098779176775102
PEKAO,2017-04,50,linear,,9e0562c9afc4d23cb255f06fb73979e127ebf03d397608409a569cf5013c65d2,5,8,57873,0.8457512398431484,-9.753431450166469,-10.755477182616483,-9.753431450166469
PEKAO,2017-04,50,linear,,9e0562c9afc4d23cb255f06fb73979e127ebf03d397608409a569cf5013c65d2,5,9,57875,1.1836331465069132,-8.707348443568474,-10.443161624520947,-8.707348443568474
PEKAO,2017-04,50,linear,,9e0562c9afc4d23cb255f06fb73979e127ebf03d397608409a569cf5013c65d2,5,10,57870,1.594511866897073,-6.84009588477629,-8.906270489275684,-6.84009588477629
PEKAO,2017-04,50,xgboost,,4189eff69e9cfbd4322ff87756e26c1d70dc898985ae5ca87a86693279599173,0,1,57891,-1.6540042161941528,-10.302166749478074,-7.246970199139669,-7.246970199139669
PEKAO,2017-04,50,xgboost,,4189eff69e9cfbd4322ff87756e26c1d70dc898985ae5ca87a86693279599173,0,2,57855,-1.021798849105835,-10.535225280174124,-8.308597422790873,-8.308597422790873
PEKAO,2017-04,50,xgboost,,4189eff69e9cfbd4322ff87756e26c1d70dc898985ae5ca87a86693279599173,0,3,57879,-0.6798416972160339,-10.485999827604182,-9.053222933928263,-9.053222933928263
PEKAO,2017-04,50,xgboost,,4189eff69e9cfbd4322ff87756e26c1d70dc898985ae5ca87a86693279599173,0,4,57875,-0.3931642174720764,-10.521232494173596,-9.66747776871705,-9.66747776871705
PEKAO,2017-04,50,xgboost,,4189eff69e9cfbd4322ff87756e26c1d70dc898985ae5ca87a86693279599173,0,5,57863,-0.10873880237340927,-10.576309633273752,-10.40476436829292,-10.364260838190726
PEKAO,2017-04,50,xgboost,,4189eff69e9cfbd4322ff87756e26c1d70dc898985ae5ca87a86693279599173,0,6,57873,0.18237730860710144,-10.101562155883942,-10.347805338214169,-10.101562155883942
PEKAO,2017-04,50,xgboost,,4189eff69e9cfbd4322ff87756e26c1d70dc898985ae5ca87a86693279599173,0,7,57890,0.49307021498680115,-9.571256920424194,-10.532207069875815,-9.571256920424194
PEKAO,2017-04,50,xgboost,,4189eff69e9cfbd4322ff87756e26c1d70dc898985ae5ca87a86693279599173,0,8,57869,0.8078131675720215,-9.296488033529036,-10.58220928175799,-9.296488033529036
PEKAO,2017-04,50,xgboost,,4189eff69e9cfbd4322ff87756e26c1d70dc898985ae5ca87a86693279599173,0,9,57858,1.164882779121399,-8.94183085817733,-10.943981023958449,-8.94183085817733
PEKAO,2017-04,50,xgboost,,4189eff69e9cfbd4322ff87756e26c1d70dc898985ae5ca87a86693279599173,0,10,57873,1.8316781520843506,-6.835412430909388,-10.11211338693567,-6.835412430909388
PEKAO,2017-04,50,xgboost,,4189eff69e9cfbd4322ff87756e26c1d70dc898985ae5ca87a86693279599173,1,1,57891,-1.6540042161941528,-10.235515493478713,-7.470608021512267,-7.470608021512267
PEKAO,2017-04,50,xgboost,,4189eff69e9cfbd4322ff87756e26c1d70dc898985ae5ca87a86693279599173,1,2,57855,-1.021798849105835,-10.481700823460914,-8.359309591454625,-8.359309591454625
PEKAO,2017-04,50,xgboost,,4189eff69e9cfbd4322ff87756e26c1d70dc898985ae5ca87a86693279599173,1,3,57879,-0.6798416972160339,-10.424640896698822,-9.090395771276718,-9.090395771276718
PEKAO,2017-04,50,xgboost,,4189eff69e9cfbd4322ff87756e26c1d70dc898985ae5ca87a86693279599173,1,4,57875,-0.3931642174720764,-10.46500204845409,-9.658234724610255,-9.658234724610255
PEKAO,2017-04,50,xgboost,,4189eff69e9cfbd4322ff87756e26c1d70dc898985ae5ca87a86693279599173,1,5,57863,-0.10873880237340927,-10.4925582626263,-10.345766781767244,-10.307204043195288
PEKAO,2017-04,50,xgboost,,4189eff69e9cfbd4322ff87756e26c1d70dc898985ae5ca87a86693279599173,1,6,57873,0.18237730860710144,-10.089640180493896,-10.301187941228072,-10.089640180493896
PEKAO,2017-04,50,xgboost,,4189eff69e9cfbd4322ff87756e26c1d70dc898985ae5ca87a86693279599173,1,7,57890,0.49307021498680115,-9.574423203790655,-10.492163536035113,-9.574423203790655
PEKAO,2017-04,50,xgboost,,4189eff69e9cfbd4322ff87756e26c1d70dc898985ae5ca87a86693279599173,1,8,57869,0.8078131675720215,-9.305358757344068,-10.530206244864603,-9.305358757344068
PEKAO,2017-04,50,xgboost,,4189eff69e9cfbd4322ff87756e26c1d70dc898985ae5ca87a86693279599173,1,9,57858,1.164882779121399,-8.972962157768963,-10.892913608882546,-8.972962157768963
PEKAO,2017-04,50,xgboost,,4189eff69e9cfbd4322ff87756e26c1d70dc898985ae5ca87a86693279599173,1,10,57873,1.8316781520843506,-7.125643822149605,-10.058801340563956,-7.125643822149605
PEKAO,2017-04,50,xgboost,,4189eff69e9cfbd4322ff87756e26c1d70dc898985ae5ca87a86693279599173,5,1,57891,-1.6540042161941528,-10.024485378402234,-7.788890395286999,-7.788890395286999
PEKAO,2017-04,50,xgboost,,4189eff69e9cfbd4322ff87756e26c1d70dc898985ae5ca87a86693279599173,5,2,57855,-1.021798849105835,-10.307169016787762,-8.544744592668595,-8.544744592668595
PEKAO,2017-04,50,xgboost,,4189eff69e9cfbd4322ff87756e26c1d70dc898985ae5ca87a86693279599173,5,3,57879,-0.6798416972160339,-10.261162675949953,-9.254399709880673,-9.254399709880673
PEKAO,2017-04,50,xgboost,,4189eff69e9cfbd4322ff87756e26c1d70dc898985ae5ca87a86693279599173,5,4,57875,-0.3931642174720764,-10.352934096816279,-9.717203073391184,-9.717203073391184
PEKAO,2017-04,50,xgboost,,4189eff69e9cfbd4322ff87756e26c1d70dc898985ae5ca87a86693279599173,5,5,57863,-0.10873880237340927,-10.437055290477671,-10.331472867183559,-10.286439764608906
PEKAO,2017-04,50,xgboost,,4189eff69e9cfbd4322ff87756e26c1d70dc898985ae5ca87a86693279599173,5,6,57873,0.18237730860710144,-10.07052983359211,-10.251395610575777,-10.07052983359211
PEKAO,2017-04,50,xgboost,,4189eff69e9cfbd4322ff87756e26c1d70dc898985ae5ca87a86693279599173,5,7,57890,0.49307021498680115,-9.651418379286621,-10.377290944075492,-9.651418379286621
PEKAO,2017-04,50,xgboost,,4189eff69e9cfbd4322ff87756e26c1d70dc898985ae5ca87a86693279599173,5,8,57869,0.8078131675720215,-9.401150282918268,-10.403313801450713,-9.401150282918268
PEKAO,2017-04,50,xgboost,,4189eff69e9cfbd4322ff87756e26c1d70dc898985ae5ca87a86693279599173,5,9,57858,1.164882779121399,-9.124896434292006,-10.707202099757197,-9.124896434292006
PEKAO,2017-04,50,xgboost,,4189eff69e9cfbd4322ff87756e26c1d70dc898985ae5ca87a86693279599173,5,10,57873,1.8316781520843506,-7.537550448082199,-9.824672612027987,-7.537550448082199
PEKAO,2017-06,10,linear,,261fa99a420879abe2bc89a2e6ab89c945fba0591bb18b8a55036b523b8eaea8,0,1,65761,-0.6817439655246265,-6.601809367991627,-5.021507547077835,-5.021507547077835
PEKAO,2017-06,10,linear,,261fa99a420879abe2bc89a2e6ab89c945fba0591bb18b8a55036b523b8eaea8,0,2,65756,-0.4806534602775908,-8.184963134229742,-7.186723615731989,-7.186723615731989
PEKAO,2017-06,10,linear,,261fa99a420879abe2bc89a2e6ab89c945fba0591bb18b8a55036b523b8eaea8,0,3,65760,-0.3243832662678354,-8.954400568462654,-8.278896199152788,-8.278896199152788
PEKAO,2017-06,10,linear,,261fa99a420879abe2bc89a2e6ab89c945fba0591bb18b8a55036b523b8eaea8,0,4,65756,-0.18101730987151388,-9.296332227623308,-8.905982904685763,-8.905982904685763
PEKAO,2017-06,10,linear,,261fa99a420879abe2bc89a2e6ab89c945fba0591bb18b8a55036b523b8eaea8,0,5,65759,-0.04700441976565963,-9.747365146668736,-9.583133328618853,-9.583601924555673
PEKAO,2017-06,10,linear,,261fa99a420879abe2bc89a2e6ab89c945fba0591bb18b8a55036b523b8eaea8,0,6,65758,0.08550723727753042,-9.77524244301451,-9.80123199664688,-9.77524244301451
PEKAO,2017-06,10,linear,,261fa99a420879abe2bc89a2e6ab89c945fba0591bb18b8a55036b523b8eaea8,0,7,65761,0.21659109304122934,-9.293153708693492,-9.649772963907228,-9.293153708693492
PEKAO,2017-06,10,linear,,261fa99a420879abe2bc89a2e6ab89c945fba0591bb18b8a55036b523b8eaea8,0,8,65759,0.35348595427617135,-8.917086561823858,-9.542650275008262,-8.917086561823858
PEKAO,2017-06,10,linear,,261fa99a420879abe2bc89a2e6ab89c945fba0591bb18b8a55036b523b8eaea8,0,9,65760,0.5009849776931352,-7.808587684497677,-8.77041394717157,-7.808587684497677
PEKAO,2017-06,10,linear,,261fa99a420879abe2bc89a2e6ab89c945fba0591bb18b8a55036b523b8eaea8,0,10,65753,0.7029001160097366,-5.543520169289654,-7.149727057567927,-5.543520169289654
PEKAO,2017-06,10,linear,,261fa99a420879abe2bc89a2e6ab89c945fba0591bb18b8a55036b523b8eaea8,1,1,65761,-0.6817439655246265,-6.649009522445804,-5.3601719456027075,-5.3601719456027075
PEKAO,2017-06,10,linear,,261fa99a420879abe2bc89a2e6ab89c945fba0591bb18b8a55036b523b8eaea8,1,2,65756,-0.4806534602775908,-8.16541762067537,-7.275529384035708,-7.275529384035708
PEKAO,2017-06,10,linear,,261fa99a420879abe2bc89a2e6ab89c945fba0591bb18b8a55036b523b8eaea8,1,3,65760,-0.3243832662678354,-8.887558242847605,-8.251396061171734,-8.251396061171734
PEKAO,2017-06,10,linear,,261fa99a420879abe2bc89a2e6ab89c945fba0591bb18b8a55036b523b8eaea8,1,4,65756,-0.18101730987151388,-9.22233893750568,-8.849426670762893,-8.849426670762893
PEKAO,2017-06,10,linear,,261fa99a420879abe2bc89a2e6ab89c945fba0591bb18b8a55036b523b8eaea8,1,5,65759,-0.04700441976565963,-9.661080870661896,-9.503961002175675,-9.501892016698344
PEKAO,2017-06,10,linear,,261fa99a420879abe2bc89a2e6ab89c945fba0591bb18b8a55036b523b8eaea8,1,6,65758,0.08550723727753042,-9.696608598235272,-9.72363410976834,-9.696608598235272
PEKAO,2017-06,10,linear,,261fa99a420879abe2bc89a2e6ab89c945fba0591bb18b8a55036b523b8eaea8,1,7,65761,0.21659109304122934,-9.232351252055333,-9.56399336073343,-9.232351252055333
PEKAO,2017-06,10,linear,,261fa99a420879abe2bc89a2e6ab89c945fba0591bb18b8a55036b523b8eaea8,1,8,65759,0.35348595427617135,-8.888907807247682,-9.462432421074707,-8.888907807247682
PEKAO,2017-06,10,linear,,261fa99a420879abe2bc89a2e6ab89c945fba0591bb18b8a55036b523b8eaea8,1,9,65760,0.5009849776931352,-7.856416564936768,-8.71364987267063,-7.856416564936768
PEKAO,2017-06,10,linear,,261fa99a420879abe2bc89a2e6ab89c945fba0591bb18b8a55036b523b8eaea8,1,10,65753,0.7029001160097366,-5.8623840281111335,-7.185360920656239,-5.8623840281111335
PEKAO,2017-06,10,linear,,261fa99a420879abe2bc89a2e6ab89c945fba0591bb18b8a55036b523b8eaea8,5,1,65761,-0.6817439655246265,-6.691262537756714,-5.851548569086582,-5.851548569086582
PEKAO,2017-06,10,linear,,261fa99a420879abe2bc89a2e6ab89c945fba0591bb18b8a55036b523b8eaea8,5,2,65756,-0.4806534602775908,-8.092940863260742,-7.468811784418672,-7.468811784418672
PEKAO,2017-06,10,linear,,261fa99a420879abe2bc89a2e6ab89c945fba0591bb18b8a55036b523b8eaea8,5,3,65760,-0.3243832662678354,-8.745477788699825,-8.295725475902067,-8.295725475902067
PEKAO,2017-06,10,linear,,261fa99a420879abe2bc89a2e6ab89c945fba0591bb18b8a55036b523b8eaea8,5,4,65756,-0.18101730987151388,-9.087458995661224,-8.817045692520603,-8.817045692520603
PEKAO,2017-06,10,linear,,261fa99a420879abe2bc89a2e6ab89c945fba0591bb18b8a55036b523b8eaea8,5,5,65759,-0.04700441976565963,-9.492222866970792,-9.387694608580075,-9.381721426324438
PEKAO,2017-06,10,linear,,261fa99a420879abe2bc89a2e6ab89c945fba0591bb18b8a55036b523b8eaea8,5,6,65758,0.08550723727753042,-9.58904716009461,-9.602226286679402,-9.58904716009461
PEKAO,2017-06,10,linear,,261fa99a420879abe2bc89a2e6ab89c945fba0591bb18b8a55036b523b8eaea8,5,7,65761,0.21659109304122934,-9.178204442636739,-9.385786500135914,-9.178204442636739
PEKAO,2017-06,10,linear,,261fa99a420879abe2bc89a2e6ab89c945fba0591bb18b8a55036b523b8eaea8,5,8,65759,0.35348595427617135,-8.920083509450633,-9.338350249149233,-8.920083509450633
PEKAO,2017-06,10,linear,,261fa99a420879abe2bc89a2e6ab89c945fba0591bb18b8a55036b523b8eaea8,5,9,65760,0.5009849776931352,-8.034711885458508,-8.574108375720561,-8.034711885458508
PEKAO,2017-06,10,linear,,261fa99a420879abe2bc89a2e6ab89c945fba0591bb18b8a55036b523b8eaea8,5,10,65753,0.7029001160097366,-6.288572445543862,-7.165907822156196,-6.288572445543862
PEKAO,2017-06,10,xgboost,,641c70da3d3f66eb90e9bb352a0c25266d42f487a25ee9fdc231327b85c3b598,0,1,65761,-0.8266693353652954,-7.1093647275132446,-5.416376971177709,-5.416376971177709
PEKAO,2017-06,10,xgboost,,641c70da3d3f66eb90e9bb352a0c25266d42f487a25ee9fdc231327b85c3b598,0,2,65858,-0.4519992768764496,-8.345571040008126,-7.338329565648351,-7.338329565648351
PEKAO,2017-06,10,xgboost,,641c70da3d3f66eb90e9bb352a0c25266d42f487a25ee9fdc231327b85c3b598,0,3,65663,-0.2743320167064667,-9.258339630425443,-8.576704848934451,-8.576704848934451
PEKAO,2017-06,10,xgboost,,641c70da3d3f66eb90e9bb352a0c25266d42f487a25ee9fdc231327b85c3b598,0,4,65756,-0.13610424101352692,-9.49739374065796,-9.102557347940394,-9.102557347940394
PEKAO,2017-06,10,xgboost,,641c70da3d3f66eb90e9bb352a0c25266d42f487a25ee9fdc231327b85c3b598,0,5,65763,-0.025130148977041245,-9.25601419283013,-9.058007628426045,-9.084711525953113
PEKAO,2017-06,10,xgboost,,641c70da3d3f66eb90e9bb352a0c25266d42f487a25ee9fdc231327b85c3b598,0,6,65749,0.08077212423086166,-8.67366146522819,-8.77613975539041,-8.67366146522819
PEKAO,2017-06,10,xgboost,,641c70da3d3f66eb90e9bb352a0c25266d42f487a25ee9fdc231327b85c3b598,0,7,65760,0.19486400485038757,-9.358717716114521,-9.720752201530644,-9.358717716114521
PEKAO,2017-06,10,xgboost,,641c70da3d3f66eb90e9bb352a0c25266d42f487a25ee9fdc231327b85c3b598,0,8,65766,0.327763170003891,-9.199189176937935,-9.804388000672349,-9.199189176937935
PEKAO,2017-06,10,xgboost,,641c70da3d3f66eb90e9bb352a0c25266d42f487a25ee9fdc231327b85c3b598,0,9,65750,0.5003114938735962,-7.657937996768296,-8.619731532354345,-7.657937996768296
PEKAO,2017-06,10,xgboost,,641c70da3d3f66eb90e9bb352a0c25266d42f487a25ee9fdc231327b85c3b598,0,10,65757,0.9021651148796082,-5.767584474050204,-7.478944826848823,-5.767584474050204
PEKAO,2017-06,10,xgboost,,641c70da3d3f66eb90e9bb352a0c25266d42f487a25ee9fdc231327b85c3b598,1,1,65761,-0.8266693353652954,-7.0746912997553375,-5.713765343445615,-5.713765343445615
PEKAO,2017-06,10,xgboost,,641c70da3d3f66eb90e9bb352a0c25266d42f487a25ee9fdc231327b85c3b598,1,2,65858,-0.4519992768764496,-8.31073361764343,-7.368261889321316,-7.368261889321316
PEKAO,2017-06,10,xgboost,,641c70da3d3f66eb90e9bb352a0c25266d42f487a25ee9fdc231327b85c3b598,1,3,65663,-0.2743320167064667,-9.212994666240803,-8.557908196286816,-8.557908196286816
PEKAO,2017-06,10,xgboost,,641c70da3d3f66eb90e9bb352a0c25266d42f487a25ee9fdc231327b85c3b598,1,4,65756,-0.13610424101352692,-9.441999442489536,-9.064054902520184,-9.064054902520184
PEKAO,2017-06,10,xgboost,,641c70da3d3f66eb90e9bb352a0c25266d42f487a25ee9fdc231327b85c3b598,1,5,65763,-0.025130148977041245,-9.192567764152512,-9.013377320808456,-9.03248536287444
PEKAO,2017-06,10,xgboost,,641c70da3d3f66eb90e9bb352a0c25266d42f487a25ee9fdc231327b85c3b598,1,6,65749,0.08077212423086166,-8.638231343246778,-8.721777777840822,-8.638231343246778
PEKAO,2017-06,10,xgboost,,641c70da3d3f66eb90e9bb352a0c25266d42f487a25ee9fdc231327b85c3b598,1,7,65760,0.19486400485038757,-9.31144429740304,-9.667752836450013,-9.31144429740304
PEKAO,2017-06,10,xgboost,,641c70da3d3f66eb90e9bb352a0c25266d42f487a25ee9fdc231327b85c3b598,1,8,65766,0.327763170003891,-9.17163113729492,-9.750198368499861,-9.17163113729492
PEKAO,2017-06,10,xgboost,,641c70da3d3f66eb90e9bb352a0c25266d42f487a25ee9fdc231327b85c3b598,1,9,65750,0.5003114938735962,-7.682137982581982,-8.585175406152693,-7.682137982581982
PEKAO,2017-06,10,xgboost,,641c70da3d3f66eb90e9bb352a0c25266d42f487a25ee9fdc231327b85c3b598,1,10,65757,0.9021651148796082,-6.0869306342035125,-7.4490914977625815,-6.0869306342035125
PEKAO,2017-06,10,xgboost,,641c70da3d3f66eb90e9bb352a0c25266d42f487a25ee9fdc231327b85c3b598,5,1,65761,-0.8266693353652954,-7.039004019432468,-6.197261427957298,-6.197261427957298
PEKAO,2017-06,10,xgboost,,641c70da3d3f66eb90e9bb352a0c25266d42f487a25ee9fdc231327b85c3b598,5,2,65858,-0.4519992768764496,-8.217064971314343,-7.543923371027092,-7.543923371027092
PEKAO,2017-06,10,xgboost,,641c70da3d3f66eb90e9bb352a0c25266d42f487a25ee9fdc231327b85c3b598,5,3,65663,-0.2743320167064667,-9.08613727666189,-8.597787515967436,-8.597787515967436
PEKAO,2017-06,10,xgboost,,641c70da3d3f66eb90e9bb352a0c25266d42f487a25ee9fdc231327b85c3b598,5,4,65756,-0.13610424101352692,-9.2956476436238,-9.018919754676075,-9.018919754676075
PEKAO,2017-06,10,xgboost,,641c70da3d3f66eb90e9bb352a0c25266d42f487a25ee9fdc231327b85c3b598,5,5,65763,-0.025130148977041245,-9.075260137353043,-8.946875948446293,-8.936669730387834
PEKAO,2017-06,10,xgboost,,641c70da3d3f66eb90e9bb352a0c25266d42f487a25ee9fdc231327b85c3b598,5,6,65749,0.08077212423086166,-8.575579706031256,-8.639396347119906,-8.575579706031256
PEKAO,2017-06,10,xgboost,,641c70da3d3f66eb90e9bb352a0c25266d42f487a25ee9fdc231327b85c3b598,5,7,65760,0.19486400485038757,-9.2625079394127,-9.525909114687233,-9.2625079394127
PEKAO,2017-06,10,xgboost,,641c70da3d3f66eb90e9bb352a0c25266d42f487a25ee9fdc231327b85c3b598,5,8,65766,0.327763170003891,-9.176618645628565,-9.567977485944464,-9.176618645628565
PEKAO,2017-06,10,xgboost,,641c70da3d3f66eb90e9bb352a0c25266d42f487a25ee9fdc231327b85c3b598,5,9,65750,0.5003114938735962,-7.851973789711387,-8.50266764236896,-7.851973789711387
PEKAO,2017-06,10,xgboost,,641c70da3d3f66eb90e9bb352a0c25266d42f487a25ee9fdc231327b85c3b598,5,10,65757,0.9021651148796082,-6.541434624289712,-7.34807460798787,-6.541434624289712
PEKAO,2017-06,10,xgboost,7.0,92cceb0f0ce7d9f41e99b06e3eac72211f724c2d8c6e076466f29ab51a0cede3,0,1,65761,-0.029215896502137184,-9.662878143420345,-9.669277762182242,-9.669277762182242
PEKAO,2017-06,10,xgboost,7.0,92cceb0f0ce7d9f41e99b06e3eac72211f724c2d8c6e076466f29ab51a0cede3,0,2,65756,-0.012491283006966114,-8.94537858951411,-8.94526836227451,-8.94526836227451
PEKAO,2017-06,10,xgboost,7.0,92cceb0f0ce7d9f41e99b06e3eac72211f724c2d8c6e076466f29ab51a0cede3,0,3,65758,-0.006772748660296202,-8.57902315808622,-8.601138210025358,-8.601138210025358
PEKAO,2017-06,10,xgboost,7.0,92cceb0f0ce7d9f41e99b06e3eac72211f724c2d8c6e076466f29ab51a0cede3,0,4,65758,-0.002597193233668804,-8.270300503897333,-8.300220413466544,-8.300220413466544
PEKAO,2017-06,10,xgboost,7.0,92cceb0f0ce7d9f41e99b06e3eac72211f724c2d8c6e076466f29ab51a0cede3,0,5,65766,0.0009745029965415597,-8.078951362639764,-8.044299663217078,-8.06004173320471
PEKAO,2017-06,10,xgboost,7.0,92cceb0f0ce7d9f41e99b06e3eac72211f724c2d8c6e076466f29ab51a0cede3,0,6,65857,0.004504240583628416,-7.926877021229763,-7.9373745005489225,-7.926877021229763
PEKAO,2017-06,10,xgboost,7.0,92cceb0f0ce7d9f41e99b06e3eac72211f724c2d8c6e076466f29ab51a0cede3,0,7,65652,0.008237577974796295,-7.780928956356952,-7.835810340917055,-7.780928956356952
PEKAO,2017-06,10,xgboost,7.0,92cceb0f0ce7d9f41e99b06e3eac72211f724c2d8c6e076466f29ab51a0cede3,0,8,65758,0.012720351107418537,-7.7584144065269385,-7.803767595279858,-7.7584144065269385
PEKAO,2017-06,10,xgboost,7.0,92cceb0f0ce7d9f41e99b06e3eac72211f724c2d8c6e076466f29ab51a0cede3,0,9,65758,0.01901104860007763,-7.870551978761064,-7.862624579018604,-7.870551978761064
PEKAO,2017-06,10,xgboost,7.0,92cceb0f0ce7d9f41e99b06e3eac72211f724c2d8c6e076466f29ab51a0cede3,0,10,65759,0.04129037633538246,-9.249038795862257,-8.890102354949041,-9.249038795862257
PEKAO,2017-06,10,xgboost,7.0,92cceb0f0ce7d9f41e99b06e3eac72211f724c2d8c6e076466f29ab51a0cede3,1,1,65761,-0.029215896502137184,-9.696291902302349,-9.634613388076266,-9.634613388076266
PEKAO,2017-06,10,xgboost,7.0,92cceb0f0ce7d9f41e99b06e3eac72211f724c2d8c6e076466f29ab51a0cede3,1,2,65756,-0.012491283006966114,-8.941373370085588,-8.919610018769589,-8.919610018769589
PEKAO,2017-06,10,xgboost,7.0,92cceb0f0ce7d9f41e99b06e3eac72211f724c2d8c6e076466f29ab51a0cede3,1,3,65758,-0.006772748660296202,-8.574643374224745,-8.587600160242312,-8.587600160242312
PEKAO,2017-06,10,xgboost,7.0,92cceb0f0ce7d9f41e99b06e3eac72211f724c2d8c6e076466f29ab51a0cede3,1,4,65758,-0.002597193233668804,-8.265009685585554,-8.298341363979604,-8.298341363979604
PEKAO,2017-06,10,xgboost,7.0,92cceb0f0ce7d9f41e99b06e3eac72211f724c2d8c6e076466f29ab51a0cede3,1,5,65766,0.0009745029965415597,-8.071571277173627,-8.03498606454136,-8.056197719542256
PEKAO,2017-06,10,xgboost,7.0,92cceb0f0ce7d9f41e99b06e3eac72211f724c2d8c6e076466f29ab51a0cede3,1,6,65857,0.004504240583628416,-7.923619975493977,-7.934573348439163,-7.923619975493977
PEKAO,2017-06,10,xgboost,7.0,92cceb0f0ce7d9f41e99b06e3eac72211f724c2d8c6e076466f29ab51a0cede3,1,7,65652,0.008237577974796295,-7.781467440572635,-7.834790544121482,-7.781467440572635
PEKAO,2017-06,10,xgboost,7.0,92cceb0f0ce7d9f41e99b06e3eac72211f724c2d8c6e076466f29ab51a0cede3,1,8,65758,0.012720351107418537,-7.76763188583401,-7.825655623011278,-7.76763188583401
PEKAO,2017-06,10,xgboost,7.0,92cceb0f0ce7d9f41e99b06e3eac72211f724c2d8c6e076466f29ab51a0cede3,1,9,65758,0.01901104860007763,-7.863606430226859,-7.889004475793697,-7.863606430226859
PEKAO,2017-06,10,xgboost,7.0,92cceb0f0ce7d9f41e99b06e3eac72211f724c2d8c6e076466f29ab51a0cede3,1,10,65759,0.04129037633538246,-9.236720877918671,-8.930231465174533,-9.236720877918671
PEKAO,2017-06,10,xgboost,7.0,92cceb0f0ce7d9f41e99b06e3eac72211f724c2d8c6e076466f29ab51a0cede3,5,1,65761,-0.029215896502137184,-9.642037226519175,-9.552432856828931,-9.552432856828931
PEKAO,2017-06,10,xgboost,7.0,92cceb0f0ce7d9f41e99b06e3eac72211f724c2d8c6e076466f29ab51a0cede3,5,2,65756,-0.012491283006966114,-8.921433108242885,-8.871905845608497,-8.871905845608497
PEKAO,2017-06,10,xgboost,7.0,92cceb0f0ce7d9f41e99b06e3eac72211f724c2d8c6e076466f29ab51a0cede3,5,3,65758,-0.006772748660296202,-8.54520488894094,-8.556351368110255,-8.556351368110255
PEKAO,2017-06,10,xgboost,7.0,92cceb0f0ce7d9f41e99b06e3eac72211f724c2d8c6e076466f29ab51a0cede3,5,4,65758,-0.002597193233668804,-8.271153352627989,-8.316267149496213,-8.316267149496213
PEKAO,2017-06,10,xgboost,7.0,92cceb0f0ce7d9f41e99b06e3eac72211f724c2d8c6e076466f29ab51a0cede3,5,5,65766,0.0009745029965415597,-8.067574037463286,-8.044539482271563,-8.056355275383604
PEKAO,2017-06,10,xgboost,7.0,92cceb0f0ce7d9f41e99b06e3eac72211f724c2d8c6e076466f29ab51a0cede3,5,6,65857,0.004504240583628416,-7.932554259774961,-7.943278208257632,-7.932554259774961
PEKAO,2017-06,10,xgboost,7.0,92cceb0f0ce7d9f41e99b06e3eac72211f724c2d8c6e076466f29ab51a0cede3,5,7,65652,0.008237577974796295,-7.794071019488423,-7.855439846362932,-7.794071019488423
PEKAO,2017-06,10,xgboost,7.0,92cceb0f0ce7d9f41e99b06e3eac72211f724c2d8c6e076466f29ab51a0cede3,5,8,65758,0.012720351107418537,-7.79901874759935,-7.846080825299002,-7.79901874759935
PEKAO,2017-06,10,xgboost,7.0,92cceb0f0ce7d9f41e99b06e3eac72211f724c2d8c6e076466f29ab51a0cede3,5,9,65758,0.01901104860007763,-7.907252790757971,-7.91973217615616,-7.907252790757971
PEKAO,2017-06,10,xgboost,7.0,92cceb0f0ce7d9f41e99b06e3eac72211f724c2d8c6e076466f29ab51a0cede3,5,10,65759,0.04129037633538246,-9.23952738292281,-8.981053175301593,-9.23952738292281
PEKAO,2017-06,20,linear,,1557be495a9976bdd7708986de6de12e3f04d6dc3c04eab8e89c23e2caad1ee2,0,1,65738,-1.0222144716329329,-7.115516789775718,-4.88597270229627,-4.88597270229627
PEKAO,2017-06,20,linear,,1557be495a9976bdd7708986de6de12e3f04d6dc3c04eab8e89c23e2caad1ee2,0,2,65737,-0.7250668664709332,-8.492647716717775,-7.031841272719749,-7.031841272719749
PEKAO,2017-06,20,linear,,1557be495a9976bdd7708986de6de12e3f04d6dc3c04eab8e89c23e2caad1ee2,0,3,65738,-0.4902759564564991,-9.11206433387754,-8.0888904413004,-8.0888904413004
PEKAO,2017-06,20,linear,,1557be495a9976bdd7708986de6de12e3f04d6dc3c04eab8e89c23e2caad1ee2,0,4,65737,-0.2747224567757493,-9.270557079536728,-8.713525931568576,-8.713525931568576
PEKAO,2017-06,20,linear,,1557be495a9976bdd7708986de6de12e3f04d6dc3c04eab8e89c23e2caad1ee2,0,5,65741,-0.07157886014538498,-9.629640736006063,-9.36982074092216,-9.37959365969427
PEKAO,2017-06,20,linear,,1557be495a9976bdd7708986de6de12e3f04d6dc3c04eab8e89c23e2caad1ee2,0,6,65735,0.13005207786998943,-9.620960776956169,-9.678568860612586,-9.620960776956169
PEKAO,2017-06,20,linear,,1557be495a9976bdd7708986de6de12e3f04d6dc3c04eab8e89c23e2caad1ee2,0,7,65735,0.32842825606932624,-9.162340089032309,-9.619227824954429,-9.162340089032309
PEKAO,2017-06,20,linear,,1557be495a9976bdd7708986de6de12e3f04d6dc3c04eab8e89c23e2caad1ee2,0,8,65746,0.535403902994781,-8.690739366658237,-9.609855106447014,-8.690739366658237
PEKAO,2017-06,20,linear,,1557be495a9976bdd7708986de6de12e3f04d6dc3c04eab8e89c23e2caad1ee2,0,9,65728,0.756622292638251,-7.744800363187417,-9.082682896331816,-7.744800363187417
PEKAO,2017-06,20,linear,,1557be495a9976bdd7708986de6de12e3f04d6dc3c04eab8e89c23e2caad1ee2,0,10,65738,1.0541465340083724,-5.400652683836107,-7.693986371145006,-5.400652683836107
PEKAO,2017-06,20,linear,,1557be495a9976bdd7708986de6de12e3f04d6dc3c04eab8e89c23e2caad1ee2,1,1,65738,-1.0222144716329329,-7.1479928420056975,-5.233544008099602,-5.233544008099602
PEKAO,2017-06,20,linear,,1557be495a9976bdd7708986de6de12e3f04d6dc3c04eab8e89c23e2caad1ee2,1,2,65737,-0.7250668664709332,-8.460361925050394,-7.128093795835718,-7.128093795835718
PEKAO,2017-06,20,linear,,1557be495a9976bdd7708986de6de12e3f04d6dc3c04eab8e89c23e2caad1ee2,1,3,65738,-0.4902759564564991,-9.045129299999529,-8.069944919785804,-8.069944919785804
PEKAO,2017-06,20,linear,,1557be495a9976bdd7708986de6de12e3f04d6dc3c04eab8e89c23e2caad1ee2,1,4,65737,-0.2747224567757493,-9.19192256073542,-8.664457461463972,-8.664457461463972
PEKAO,2017-06,20,linear,,1557be495a9976bdd7708986de6de12e3f04d6dc3c04eab8e89c23e2caad1ee2,1,5,65741,-0.07157886014538498,-9.543488368762638,-9.292256741287853,-9.300352033749688
PEKAO,2017-06,20,linear,,1557be495a9976bdd7708986de6de12e3f04d6dc3c04eab8e89c23e2caad1ee2,1,6,65735,0.13005207786998943,-9.542700295199605,-9.597899653957471,-9.542700295199605
PEKAO,2017-06,20,linear,,1557be495a9976bdd7708986de6de12e3f04d6dc3c04eab8e89c23e2caad1ee2,1,7,65735,0.32842825606932624,-9.11041570219436,-9.538377775877755,-9.11041570219436
PEKAO,2017-06,20,linear,,1557be495a9976bdd7708986de6de12e3f04d6dc3c04eab8e89c23e2caad1ee2,1,8,65746,0.535403902994781,-8.676741930859365,-9.518576434350686,-8.676741930859365
PEKAO,2017-06,20,linear,,1557be495a9976bdd7708986de6de12e3f04d6dc3c04eab8e89c23e2caad1ee2,1,9,65728,0.756622292638251,-7.797323967522899,-9.016189210690966,-7.797323967522899
PEKAO,2017-06,20,linear,,1557be495a9976bdd7708986de6de12e3f04d6dc3c04eab8e89c23e2caad1ee2,1,10,65738,1.0541465340083724,-5.723457936476703,-7.714279329791365,-5.723457936476703
PEKAO,2017-06,20,linear,,1557be495a9976bdd7708986de6de12e3f04d6dc3c04eab8e89c23e2caad1ee2,5,1,65738,-1.0222144716329329,-7.1148180424660294,-5.764419059621471,-5.764419059621471
PEKAO,2017-06,20,linear,,1557be495a9976bdd7708986de6de12e3f04d6dc3c04eab8e89c23e2caad1ee2,5,2,65737,-0.7250668664709332,-8.331692757330464,-7.351992896538664,-7.351992896538664
PEKAO,2017-06,20,linear,,1557be495a9976bdd7708986de6de12e3f04d6dc3c04eab8e89c23e2caad1ee2,5,3,65738,-0.4902759564564991,-8.87845904228207,-8.137769474781113,-8.137769474781113
PEKAO,2017-06,20,linear,,1557be495a9976bdd7708986de6de12e3f04d6dc3c04eab8e89c23e2caad1ee2,5,4,65737,-0.2747224567757493,-9.054472131250284,-8.648420694469321,-8.648420694469321
PEKAO,2017-06,20,linear,,1557be495a9976bdd7708986de6de12e3f04d6dc3c04eab8e89c23e2caad1ee2,5,5,65741,-0.07157886014538498,-9.393025522334062,-9.194165345447876,-9.19868439602138
PEKAO,2017-06,20,linear,,1557be495a9976bdd7708986de6de12e3f04d6dc3c04eab8e89c23e2caad1ee2,5,6,65735,0.13005207786998943,-9.483245450122856,-9.471432414153512,-9.483245450122856
PEKAO,2017-06,20,linear,,1557be495a9976bdd7708986de6de12e3f04d6dc3c04eab8e89c23e2caad1ee2,5,7,65735,0.32842825606932624,-9.07560095157441,-9.372038214775426,-9.07560095157441
PEKAO,2017-06,20,linear,,1557be495a9976bdd7708986de6de12e3f04d6dc3c04eab8e89c23e2caad1ee2,5,8,65746,0.535403902994781,-8.731454773081374,-9.375742537273995,-8.731454773081374
PEKAO,2017-06,20,linear,,1557be495a9976bdd7708986de6de12e3f04d6dc3c04eab8e89c23e2caad1ee2,5,9,65728,0.756622292638251,-7.983349702377522,-8.83879224540195,-7.983349702377522
PEKAO,2017-06,20,linear,,1557be495a9976bdd7708986de6de12e3f04d6dc3c04eab8e89c23e2caad1ee2,5,10,65738,1.0541465340083724,-6.190643236576058,-7.616265535744564,-6.190643236576058
PEKAO,2017-06,20,xgboost,,39c6c301e6e4db43d5e33c41fcff1a61b51eab6550c0316d8deaca62c6a7f42d,0,1,65738,-1.146246314048767,-7.646231719072576,-5.336081718061795,-5.336081718061795
PEKAO,2017-06,20,xgboost,,39c6c301e6e4db43d5e33c41fcff1a61b51eab6550c0316d8deaca62c6a7f42d,0,2,65737,-0.6690276861190796,-9.021247442145848,-7.514947602683425,-7.514947602683425
PEKAO,2017-06,20,xgboost,,39c6c301e6e4db43d5e33c41fcff1a61b51eab6550c0316d8deaca62c6a7f42d,0,3,65740,-0.4296729564666748,-9.173699668892425,-8.111554237409878,-8.111554237409878
PEKAO,2017-06,20,xgboost,,39c6c301e6e4db43d5e33c41fcff1a61b51eab6550c0316d8deaca62c6a7f42d,0,4,65738,-0.2176206260919571,-9.199771702399199,-8.594181643598233,-8.594181643598233
PEKAO,2017-06,20,xgboost,,39c6c301e6e4db43d5e33c41fcff1a61b51eab6550c0316d8deaca62c6a7f42d,0,5,65741,-0.04120730236172676,-9.409322673416256,-9.162117393636652,-9.188872019663672
PEKAO,2017-06,20,xgboost,,39c6c301e6e4db43d5e33c41fcff1a61b51eab6550c0316d8deaca62c6a7f42d,0,6,65730,0.1410386711359024,-8.763576423520481,-8.902499551798936,-8.763576423520481
PEKAO,2017-06,20,xgboost,,39c6c301e6e4db43d5e33c41fcff1a61b51eab6550c0316d8deaca62c6a7f42d,0,7,65763,0.3291471600532532,-9.201071990922665,-9.729129950672277,-9.201071990922665
PEKAO,2017-06,20,xgboost,,39c6c301e6e4db43d5e33c41fcff1a61b51eab6550c0316d8deaca62c6a7f42d,0,8,65711,0.5243678092956543,-8.900635122915704,-9.720387191749042,-8.900635122915704
PEKAO,2017-06,20,xgboost,,39c6c301e6e4db43d5e33c41fcff1a61b51eab6550c0316d8deaca62c6a7f42d,0,9,65746,0.7789316177368164,-7.268125521620969,-8.774036993686297,-7.268125521620969
PEKAO,2017-06,20,xgboost,,39c6c301e6e4db43d5e33c41fcff1a61b51eab6550c0316d8deaca62c6a7f42d,0,10,65729,1.2706985473632812,-5.655970812837356,-7.929374142359367,-5.655970812837356
PEKAO,2017-06,20,xgboost,,39c6c301e6e4db43d5e33c41fcff1a61b51eab6550c0316d8deaca62c6a7f42d,1,1,65738,-1.146246314048767,-7.616355512199441,-5.628303454427624,-5.628303454427624
PEKAO,2017-06,20,xgboost,,39c6c301e6e4db43d5e33c41fcff1a61b51eab6550c0316d8deaca62c6a7f42d,1,2,65737,-0.6690276861190796,-8.964220663760369,-7.554939587843558,-7.554939587843558
PEKAO,2017-06,20,xgboost,,39c6c301e6e4db43d5e33c41fcff1a61b51eab6550c0316d8deaca62c6a7f42d,1,3,65740,-0.4296729564666748,-9.118384154519337,-8.098665329121872,-8.098665329121872
PEKAO,2017-06,20,xgboost,,39c6c301e6e4db43d5e33c41fcff1a61b51eab6550c0316d8deaca62c6a7f42d,1,4,65738,-0.2176206260919571,-9.1405638660418,-8.577837358360897,-8.577837358360897
PEKAO,2017-06,20,xgboost,,39c6c301e6e4db43d5e33c41fcff1a61b51eab6550c0316d8deaca62c6a7f42d,1,5,65741,-0.04120730236172676,-9.343074212568926,-9.102388706773342,-9.130259632072365
PEKAO,2017-06,20,xgboost,,39c6c301e6e4db43d5e33c41fcff1a61b51eab6550c0316d8deaca62c6a7f42d,1,6,65730,0.1410386711359024,-8.717098476739016,-8.852712061724528,-8.717098476739016
PEKAO,2017-06,20,xgboost,,39c6c301e6e4db43d5e33c41fcff1a61b51eab6550c0316d8deaca62c6a7f42d,1,7,65763,0.3291471600532532,-9.174232488555218,-9.681519489816164,-9.174232488555218
PEKAO,2017-06,20,xgboost,,39c6c301e6e4db43d5e33c41fcff1a61b51eab6550c0316d8deaca62c6a7f42d,1,8,65711,0.5243678092956543,-8.878673566539272,-9.65241207648681,-8.878673566539272
PEKAO,2017-06,20,xgboost,,39c6c301e6e4db43d5e33c41fcff1a61b51eab6550c0316d8deaca62c6a7f42d,1,9,65746,0.7789316177368164,-7.310547096505524,-8.715740544028753,-7.310547096505524
PEKAO,2017-06,20,xgboost,,39c6c301e6e4db43d5e33c41fcff1a61b51eab6550c0316d8deaca62c6a7f42d,1,10,65729,1.2706985473632812,-5.976149978834752,-7.90903328453666,-5.976149978834752
PEKAO,2017-06,20,xgboost,,39c6c301e6e4db43d5e33c41fcff1a61b51eab6550c0316d8deaca62c6a7f42d,5,1,65738,-1.146246314048767,-7.4924726165978095,-6.134410054907961,-6.134410054907961
PEKAO,2017-06,20,xgboost,,39c6c301e6e4db43d5e33c41fcff1a61b51eab6550c0316d8deaca62c6a7f42d,5,2,65737,-0.6690276861190796,-8.798631977242977,-7.737153978844841,-7.737153978844841
PEKAO,2017-06,20,xgboost,,39c6c301e6e4db43d5e33c41fcff1a61b51eab6550c0316d8deaca62c6a7f42d,5,3,65740,-0.4296729564666748,-8.969906262719196,-8.174092467150606,-8.174092467150606
PEKAO,2017-06,20,xgboost,,39c6c301e6e4db43d5e33c41fcff1a61b51eab6550c0316d8deaca62c6a7f42d,5,4,65738,-0.2176206260919571,-9.019077205963363,-8.590783004689847,-8.590783004689847
PEKAO,2017-06,20,xgboost,,39c6c301e6e4db43d5e33c41fcff1a61b51eab6550c0316d8deaca62c6a7f42d,5,5,65741,-0.04120730236172676,-9.23072296672479,-9.009604603021947,-9.033852530842099
PEKAO,2017-06,20,xgboost,,39c6c301e6e4db43d5e33c41fcff1a61b51eab6550c0316d8deaca62c6a7f42d,5,6,65730,0.1410386711359024,-8.677486348029339,-8.775251589456289,-8.677486348029339
PEKAO,2017-06,20,xgboost,,39c6c301e6e4db43d5e33c41fcff1a61b51eab6550c0316d8deaca62c6a7f42d,5,7,65763,0.3291471600532532,-9.152437933836133,-9.540833472499084,-9.152437933836133
PEKAO,2017-06,20,xgboost,,39c6c301e6e4db43d5e33c41fcff1a61b51eab6550c0316d8deaca62c6a7f42d,5,8,65711,0.5243678092956543,-8.917055778337634,-9.490835579476842,-8.917055778337634
PEKAO,2017-06,20,xgboost,,39c6c301e6e4db43d5e33c41fcff1a61b51eab6550c0316d8deaca62c6a7f42d,5,9,65746,0.7789316177368164,-7.53678162502682,-8.551962879241334,-7.53678162502682
PEKAO,2017-06,20,xgboost,,39c6c301e6e4db43d5e33c41fcff1a61b51eab6550c0316d8deaca62c6a7f42d,5,10,65729,1.2706985473632812,-6.441996530202766,-7.7660414568777805,-6.441996530202766
PEKAO,2017-06,20,xgboost,7.0,61c30a5a67f783c7b98bdd1465eb6a1726ffd15aa0cc01fcaf2d9bf71ade1237,0,1,65740,-0.0436227023601532,-8.326763229110872,-8.060666774117289,-8.060666774117289
PEKAO,2017-06,20,xgboost,7.0,61c30a5a67f783c7b98bdd1465eb6a1726ffd15aa0cc01fcaf2d9bf71ade1237,0,2,65735,-0.020204737782478333,-7.837903620575255,-7.8270105669819126,-7.8270105669819126
PEKAO,2017-06,20,xgboost,7.0,61c30a5a67f783c7b98bdd1465eb6a1726ffd15aa0cc01fcaf2d9bf71ade1237,0,3,65738,-0.01183315273374319,-7.764349823857646,-7.7934141578916485,-7.7934141578916485
PEKAO,2017-06,20,xgboost,7.0,61c30a5a67f783c7b98bdd1465eb6a1726ffd15aa0cc01fcaf2d9bf71ade1237,0,4,65741,-0.005664455704391003,-7.912968909829359,-7.948198740583834,-7.948198740583834
PEKAO,2017-06,20,xgboost,7.0,61c30a5a67f783c7b98bdd1465eb6a1726ffd15aa0cc01fcaf2d9bf71ade1237,0,5,65735,-0.0004541079397313297,-8.095993845542756,-7.954488481896042,-7.989631173480088
PEKAO,2017-06,20,xgboost,7.0,61c30a5a67f783c7b98bdd1465eb6a1726ffd15aa0cc01fcaf2d9bf71ade1237,0,6,65735,0.004400377161800861,-8.114811259260078,-8.030915514117423,-8.114811259260078
PEKAO,2017-06,20,xgboost,7.0,61c30a5a67f783c7b98bdd1465eb6a1726ffd15aa0cc01fcaf2d9bf71ade1237,0,7,65744,0.009514031000435352,-8.212696172409112,-8.117344374703617,-8.212696172409112
PEKAO,2017-06,20,xgboost,7.0,61c30a5a67f783c7b98bdd1465eb6a1726ffd15aa0cc01fcaf2d9bf71ade1237,0,8,65730,0.01556932833045721,-8.500169450809853,-8.433239831424288,-8.500169450809853
PEKAO,2017-06,20,xgboost,7.0,61c30a5a67f783c7b98bdd1465eb6a1726ffd15aa0cc01fcaf2d9bf71ade1237,0,9,65737,0.02442000061273575,-9.190208470498387,-9.3282074547784,-9.190208470498387
PEKAO,2017-06,20,xgboost,7.0,61c30a5a67f783c7b98bdd1465eb6a1726ffd15aa0cc01fcaf2d9bf71ade1237,0,10,65738,0.052795398980379105,-10.284154377977247,-10.280887530981916,-10.284154377977247
PEKAO,2017-06,20,xgboost,7.0,61c30a5a67f783c7b98bdd1465eb6a1726ffd15aa0cc01fcaf2d9bf71ade1237,1,1,65740,-0.0436227023601532,-8.313893897417408,-8.091059903243593,-8.091059903243593
PEKAO,2017-06,20,xgboost,7.0,61c30a5a67f783c7b98bdd1465eb6a1726ffd15aa0cc01fcaf2d9bf71ade1237,1,2,65735,-0.020204737782478333,-7.821782652623935,-7.831606069127076,-7.831606069127076
PEKAO,2017-06,20,xgboost,7.0,61c30a5a67f783c7b98bdd1465eb6a1726ffd15aa0cc01fcaf2d9bf71ade1237,1,3,65738,-0.01183315273374319,-7.78376059211462,-7.8095321874651,-7.8095321874651
PEKAO,2017-06,20,xgboost,7.0,61c30a5a67f783c7b98bdd1465eb6a1726ffd15aa0cc01fcaf2d9bf71ade1237,1,4,65741,-0.005664455704391003,-7.9182480113916665,-7.961217099687393,-7.961217099687393
PEKAO,2017-06,20,xgboost,7.0,61c30a5a67f783c7b98bdd1465eb6a1726ffd15aa0cc01fcaf2d9bf71ade1237,1,5,65735,-0.0004541079397313297,-8.091599227691562,-7.955069536213584,-7.983011608502739
PEKAO,2017-06,20,xgboost,7.0,61c30a5a67f783c7b98bdd1465eb6a1726ffd15aa0cc01fcaf2d9bf71ade1237,1,6,65735,0.004400377161800861,-8.105645886444373,-8.025156625747504,-8.105645886444373
PEKAO,2017-06,20,xgboost,7.0,61c30a5a67f783c7b98bdd1465eb6a1726ffd15aa0cc01fcaf2d9bf71ade1237,1,7,65744,0.009514031000435352,-8.209083300080412,-8.115985190221576,-8.209083300080412
PEKAO,2017-06,20,xgboost,7.0,61c30a5a67f783c7b98bdd1465eb6a1726ffd15aa0cc01fcaf2d9bf71ade1237,1,8,65730,0.01556932833045721,-8.495455715590234,-8.432242881957082,-8.495455715590234
PEKAO,2017-06,20,xgboost,7.0,61c30a5a67f783c7b98bdd1465eb6a1726ffd15aa0cc01fcaf2d9bf71ade1237,1,9,65737,0.02442000061273575,-9.18476463009653,-9.297963111269436,-9.18476463009653
PEKAO,2017-06,20,xgboost,7.0,61c30a5a67f783c7b98bdd1465eb6a1726ffd15aa0cc01fcaf2d9bf71ade1237,1,10,65738,0.052795398980379105,-10.315392612554229,-10.253788123066954,-10.315392612554229
PEKAO,2017-06,20,xgboost,7.0,61c30a5a67f783c7b98bdd1465eb6a1726ffd15aa0cc01fcaf2d9bf71ade1237,5,1,65740,-0.0436227023601532,-8.310180159644203,-8.132172285666428,-8.132172285666428
PEKAO,2017-06,20,xgboost,7.0,61c30a5a67f783c7b98bdd1465eb6a1726ffd15aa0cc01fcaf2d9bf71ade1237,5,2,65735,-0.020204737782478333,-7.840821067662937,-7.8457291750838545,-7.8457291750838545
PEKAO,2017-06,20,xgboost,7.0,61c30a5a67f783c7b98bdd1465eb6a1726ffd15aa0cc01fcaf2d9bf71ade1237,5,3,65738,-0.01183315273374319,-7.804916496161281,-7.8360657114040455,-7.8360657114040455
PEKAO,2017-06,20,xgboost,7.0,61c30a5a67f783c7b98bdd1465eb6a1726ffd15aa0cc01fcaf2d9bf71ade1237,5,4,65741,-0.005664455704391003,-7.918624387225311,-7.965621557374492,-7.965621557374492
PEKAO,2017-06,20,xgboost,7.0,61c30a5a67f783c7b98bdd1465eb6a1726ffd15aa0cc01fcaf2d9bf71ade1237,5,5,65735,-0.0004541079397313297,-8.088608319823212,-7.985580356548777,-7.98548470164248
PEKAO,2017-06,20,xgboost,7.0,61c30a5a67f783c7b98bdd1465eb6a1726ffd15aa0cc01fcaf2d9bf71ade1237,5,6,65735,0.004400377161800861,-8.11124272473129,-8.037805444980854,-8.11124272473129
PEKAO,2017-06,20,xgboost,7.0,61c30a5a67f783c7b98bdd1465eb6a1726ffd15aa0cc01fcaf2d9bf71ade1237,5,7,65744,0.009514031000435352,-8.202905799463977,-8.122589359754212,-8.202905799463977
PEKAO,2017-06,20,xgboost,7.0,61c30a5a67f783c7b98bdd1465eb6a1726ffd15aa0cc01fcaf2d9bf71ade1237,5,8,65730,0.01556932833045721,-8.486246632236547,-8.433791485150198,-8.486246632236547
PEKAO,2017-06,20,xgboost,7.0,61c30a5a67f783c7b98bdd1465eb6a1726ffd15aa0cc01fcaf2d9bf71ade1237,5,9,65737,0.02442000061273575,-9.172614503876725,-9.229298343329228,-9.172614503876725
PEKAO,2017-06,20,xgboost,7.0,61c30a5a67f783c7b98bdd1465eb6a1726ffd15aa0cc01fcaf2d9bf71ade1237,5,10,65738,0.052795398980379105,-10.30067340163964,-10.182401126524715,-10.30067340163964
PEKAO,2017-06,20,xgboost,17.0,a984e1137778fbe644d75548a37c700c7c3169e739ff200d82ca2b6ea584ba7b,0,1,65739,-0.05552181601524353,-6.72044834261242,-6.796929845119275,-6.796929845119275
PEKAO,2017-06,20,xgboost,17.0,a984e1137778fbe644d75548a37c700c7c3169e739ff200d82ca2b6ea584ba7b,0,2,65736,-0.023346852511167526,-7.419094191759987,-7.563170886072293,-7.563170886072293
PEKAO,2017-06,20,xgboost,17.0,a984e1137778fbe644d75548a37c700c7c3169e739ff200d82ca2b6ea584ba7b,0,3,65738,-0.013144340366125107,-7.900361886167424,-7.8871920178253365,-7.8871920178253365
PEKAO,2017-06,20,xgboost,17.0,a984e1137778fbe644d75548a37c700c7c3169e739ff200d82ca2b6ea584ba7b,0,4,65736,-0.00613173795863986,-8.107409930815162,-8.06373280041057,-8.06373280041057
PEKAO,2017-06,20,xgboost,17.0,a984e1137778fbe644d75548a37c700c7c3169e739ff200d82ca2b6ea584ba7b,0,5,65738,-0.00030959025025367737,-8.351948425975172,-8.251270713101512,-8.321277388715854
PEKAO,2017-06,20,xgboost,17.0,a984e1137778fbe644d75548a37c700c7c3169e739ff200d82ca2b6ea584ba7b,0,6,65744,0.005074941087514162,-8.573598676062433,-8.44885961001848,-8.573598676062433
PEKAO,2017-06,20,xgboost,17.0,a984e1137778fbe644d75548a37c700c7c3169e739ff200d82ca2b6ea584ba7b,0,7,65730,0.010562972165644169,-8.765534222214876,-8.590996799965948,-8.765534222214876
PEKAO,2017-06,20,xgboost,17.0,a984e1137778fbe644d75548a37c700c7c3169e739ff200d82ca2b6ea584ba7b,0,8,65737,0.016849497333168983,-8.936245663170139,-8.87093482186977,-8.936245663170139
PEKAO,2017-06,20,xgboost,17.0,a984e1137778fbe644d75548a37c700c7c3169e739ff200d82ca2b6ea584ba7b,0,9,65738,0.02533319965004921,-9.154833458906593,-9.154168231215536,-9.154833458906593
PEKAO,2017-06,20,xgboost,17.0,a984e1137778fbe644d75548a37c700c7c3169e739ff200d82ca2b6ea584ba7b,0,10,65737,0.053377799689769745,-10.310583806511747,-10.147147340787459,-10.310583806511747
PEKAO,2017-06,20,xgboost,17.0,a984e1137778fbe644d75548a37c700c7c3169e739ff200d82ca2b6ea584ba7b,1,1,65739,-0.05552181601524353,-6.810045940111575,-6.858779639919766,-6.858779639919766
PEKAO,2017-06,20,xgboost,17.0,a984e1137778fbe644d75548a37c700c7c3169e739ff200d82ca2b6ea584ba7b,1,2,65736,-0.023346852511167526,-7.455761823793308,-7.580889279545143,-7.580889279545143
PEKAO,2017-06,20,xgboost,17.0,a984e1137778fbe644d75548a37c700c7c3169e739ff200d82ca2b6ea584ba7b,1,3,65738,-0.013144340366125107,-7.9198415318023265,-7.9097233487145076,-7.9097233487145076
PEKAO,2017-06,20,xgboost,17.0,a984e1137778fbe644d75548a37c700c7c3169e739ff200d82ca2b6ea584ba7b,1,4,65736,-0.00613173795863986,-8.10371322926114,-8.072223271321263,-8.072223271321263
PEKAO,2017-06,20,xgboost,17.0,a984e1137778fbe644d75548a37c700c7c3169e739ff200d82ca2b6ea584ba7b,1,5,65738,-0.00030959025025367737,-8.339247853849054,-8.249110854065997,-8.318438508095086
PEKAO,2017-06,20,xgboost,17.0,a984e1137778fbe644d75548a37c700c7c3169e739ff200d82ca2b6ea584ba7b,1,6,65744,0.005074941087514162,-8.546782515477597,-8.43624035289415,-8.546782515477597
PEKAO,2017-06,20,xgboost,17.0,a984e1137778fbe644d75548a37c700c7c3169e739ff200d82ca2b6ea584ba7b,1,7,65730,0.010562972165644169,-8.751452735020052,-8.580699284461328,-8.751452735020052
PEKAO,2017-06,20,xgboost,17.0,a984e1137778fbe644d75548a37c700c7c3169e739ff200d82ca2b6ea584ba7b,1,8,65737,0.016849497333168983,-8.905626946441497,-8.836024860590763,-8.905626946441497
PEKAO,2017-06,20,xgboost,17.0,a984e1137778fbe644d75548a37c700c7c3169e739ff200d82ca2b6ea584ba7b,1,9,65738,0.02533319965004921,-9.134482264171666,-9.124247640659854,-9.134482264171666
PEKAO,2017-06,20,xgboost,17.0,a984e1137778fbe644d75548a37c700c7c3169e739ff200d82ca2b6ea584ba7b,1,10,65737,0.053377799689769745,-10.272711993172607,-10.125712735462702,-10.272711993172607
PEKAO,2017-06,20,xgboost,17.0,a984e1137778fbe644d75548a37c700c7c3169e739ff200d82ca2b6ea584ba7b,5,1,65739,-0.05552181601524353,-6.978515095538493,-6.9645787482046755,-6.9645787482046755
PEKAO,2017-06,20,xgboost,17.0,a984e1137778fbe644d75548a37c700c7c3169e739ff200d82ca2b6ea584ba7b,5,2,65736,-0.023346852511167526,-7.5337356381455125,-7.631325778848177,-7.631325778848177
PEKAO,2017-06,20,xgboost,17.0,a984e1137778fbe644d75548a37c700c7c3169e739ff200d82ca2b6ea584ba7b,5,3,65738,-0.013144340366125107,-7.950046150270964,-7.956415535412403,-7.956415535412403
PEKAO,2017-06,20,xgboost,17.0,a984e1137778fbe644d75548a37c700c7c3169e739ff200d82ca2b6ea584ba7b,5,4,65736,-0.00613173795863986,-8.113709581553213,-8.09807383345594,-8.09807383345594
PEKAO,2017-06,20,xgboost,17.0,a984e1137778fbe644d75548a37c700c7c3169e739ff200d82ca2b6ea584ba7b,5,5,65738,-0.00030959025025367737,-8.308791851947264,-8.225314163967768,-8.278361767962217
PEKAO,2017-06,20,xgboost,17.0,a984e1137778fbe644d75548a37c700c7c3169e739ff200d82ca2b6ea584ba7b,5,6,65744,0.005074941087514162,-8.507015040883267,-8.43301807015756,-8.507015040883267
PEKAO,2017-06,20,xgboost,17.0,a984e1137778fbe644d75548a37c700c7c3169e739ff200d82ca2b6ea584ba7b,5,7,65730,0.010562972165644169,-8.713101035269693,-8.563690724033814,-8.713101035269693
PEKAO,2017-06,20,xgboost,17.0,a984e1137778fbe644d75548a37c700c7c3169e739ff200d82ca2b6ea584ba7b,5,8,65737,0.016849497333168983,-8.8573889657842,-8.778452879114639,-8.8573889657842
PEKAO,2017-06,20,xgboost,17.0,a984e1137778fbe644d75548a37c700c7c3169e739ff200d82ca2b6ea584ba7b,5,9,65738,0.02533319965004921,-9.075303853373228,-9.055143470955704,-9.075303853373228
PEKAO,2017-06,20,xgboost,17.0,a984e1137778fbe644d75548a37c700c7c3169e739ff200d82ca2b6ea584ba7b,5,10,65737,0.053377799689769745,-10.199263469911882,-10.06506961529766,-10.199263469911882
PEKAO,2017-06,20,xgboost,29.0,ef3fbc84f4ab55f993c5b8dddffa84a77c921967179335a5f56757c37bbe74ba,0,1,65742,-0.04835675284266472,-8.308304640723767,-7.653608426286872,-7.653608426286872
PEKAO,2017-06,20,xgboost,29.0,ef3fbc84f4ab55f993c5b8dddffa84a77c921967179335a5f56757c37bbe74ba,0,2,65739,-0.01972455158829689,-8.004196392318484,-7.687756140876783,-7.687756140876783
PEKAO,2017-06,20,xgboost,29.0,ef3fbc84f4ab55f993c5b8dddffa84a77c921967179335a5f56757c37bbe74ba,0,3,65732,-0.010140223428606987,-8.19798071953016,-8.059843952434216,-8.059843952434216
PEKAO,2017-06,20,xgboost,29.0,ef3fbc84f4ab55f993c5b8dddffa84a77c921967179335a5f56757c37bbe74ba,0,4,65736,-0.0033778694923967123,-8.25330398911344,-8.23928094585275,-8.23928094585275
PEKAO,2017-06,20,xgboost,29.0,ef3fbc84f4ab55f993c5b8dddffa84a77c921967179335a5f56757c37bbe74ba,0,5,65740,0.0022768117487430573,-8.234011752357189,-8.190677046420129,-8.220357558046924
PEKAO,2017-06,20,xgboost,29.0,ef3fbc84f4ab55f993c5b8dddffa84a77c921967179335a5f56757c37bbe74ba,0,6,65735,0.007651318330317736,-8.358310016237457,-8.353384096538267,-8.358310016237457
PEKAO,2017-06,20,xgboost,29.0,ef3fbc84f4ab55f993c5b8dddffa84a77c921967179335a5f56757c37bbe74ba,0,7,65737,0.013177856802940369,-8.360375654210042,-8.481609083509477,-8.360375654210042
PEKAO,2017-06,20,xgboost,29.0,ef3fbc84f4ab55f993c5b8dddffa84a77c921967179335a5f56757c37bbe74ba,0,8,65737,0.01954583451151848,-8.426967774458113,-8.495271115928492,-8.426967774458113
PEKAO,2017-06,20,xgboost,29.0,ef3fbc84f4ab55f993c5b8dddffa84a77c921967179335a5f56757c37bbe74ba,0,9,65746,0.028606876730918884,-8.544939665563723,-8.739970496967066,-8.544939665563723
PEKAO,2017-06,20,xgboost,29.0,ef3fbc84f4ab55f993c5b8dddffa84a77c921967179335a5f56757c37bbe74ba,0,10,65729,0.05647384375333786,-9.551747032544142,-9.873148098647155,-9.551747032544142
PEKAO,2017-06,20,xgboost,29.0,ef3fbc84f4ab55f993c5b8dddffa84a77c921967179335a5f56757c37bbe74ba,1,1,65742,-0.04835675284266472,-8.289671249974168,-7.678027071779664,-7.678027071779664
PEKAO,2017-06,20,xgboost,29.0,ef3fbc84f4ab55f993c5b8dddffa84a77c921967179335a5f56757c37bbe74ba,1,2,65739,-0.01972455158829689,-8.001449402218595,-7.705403795014324,-7.705403795014324
PEKAO,2017-06,20,xgboost,29.0,ef3fbc84f4ab55f993c5b8dddffa84a77c921967179335a5f56757c37bbe74ba,1,3,65732,-0.010140223428606987,-8.194206302837287,-8.067840928317047,-8.067840928317047
PEKAO,2017-06,20,xgboost,29.0,ef3fbc84f4ab55f993c5b8dddffa84a77c921967179335a5f56757c37bbe74ba,1,4,65736,-0.0033778694923967123,-8.250241974908734,-8.256144015866191,-8.256144015866191
PEKAO,2017-06,20,xgboost,29.0,ef3fbc84f4ab55f993c5b8dddffa84a77c921967179335a5f56757c37bbe74ba,1,5,65740,0.0022768117487430573,-8.224681269960973,-8.19141072868181,-8.213178756056493
PEKAO,2017-06,20,xgboost,29.0,ef3fbc84f4ab55f993c5b8dddffa84a77c921967179335a5f56757c37bbe74ba,1,6,65735,0.007651318330317736,-8.3482935183573,-8.340308607715464,-8.3482935183573
PEKAO,2017-06,20,xgboost,29.0,ef3fbc84f4ab55f993c5b8dddffa84a77c921967179335a5f56757c37bbe74ba,1,7,65737,0.013177856802940369,-8.353222208535072,-8.463196020436529,-8.353222208535072
PEKAO,2017-06,20,xgboost,29.0,ef3fbc84f4ab55f993c5b8dddffa84a77c921967179335a5f56757c37bbe74ba,1,8,65737,0.01954583451151848,-8.425031531753582,-8.505271413311739,-8.425031531753582
PEKAO,2017-06,20,xgboost,29.0,ef3fbc84f4ab55f993c5b8dddffa84a77c921967179335a5f56757c37bbe74ba,1,9,65746,0.028606876730918884,-8.568581004948683,-8.728571588037019,-8.568581004948683
PEKAO,2017-06,20,xgboost,29.0,ef3fbc84f4ab55f993c5b8dddffa84a77c921967179335a5f56757c37bbe74ba,1,10,65729,0.05647384375333786,-9.584370085995149,-9.837619802294169,-9.584370085995149
PEKAO,2017-06,20,xgboost,29.0,ef3fbc84f4ab55f993c5b8dddffa84a77c921967179335a5f56757c37bbe74ba,5,1,65742,-0.04835675284266472,-8.238110123276346,-7.773176028441306,-7.773176028441306
PEKAO,2017-06,20,xgboost,29.0,ef3fbc84f4ab55f993c5b8dddffa84a77c921967179335a5f56757c37bbe74ba,5,2,65739,-0.01972455158829689,-8.000045761934988,-7.748072104426146,-7.748072104426146
PEKAO,2017-06,20,xgboost,29.0,ef3fbc84f4ab55f993c5b8dddffa84a77c921967179335a5f56757c37bbe74ba,5,3,65732,-0.010140223428606987,-8.164679111099211,-8.09615596165153,-8.09615596165153
PEKAO,2017-06,20,xgboost,29.0,ef3fbc84f4ab55f993c5b8dddffa84a77c921967179335a5f56757c37bbe74ba,5,4,65736,-0.0033778694923967123,-8.23178378069608,-8.270041276353416,-8.270041276353416
PEKAO,2017-06,20,xgboost,29.0,ef3fbc84f4ab55f993c5b8dddffa84a77c921967179335a5f56757c37bbe74ba,5,5,65740,0.0022768117487430573,-8.212229425111072,-8.182293236328341,-8.198926007433784
PEKAO,2017-06,20,xgboost,29.0,ef3fbc84f4ab55f993c5b8dddffa84a77c921967179335a5f56757c37bbe74ba,5,6,65735,0.007651318330317736,-8.350656684590856,-8.343008254493045,-8.350656684590856
PEKAO,2017-06,20,xgboost,29.0,ef3fbc84f4ab55f993c5b8dddffa84a77c921967179335a5f56757c37bbe74ba,5,7,65737,0.013177856802940369,-8.329667039578318,-8.435412233030213,-8.329667039578318
PEKAO,2017-06,20,xgboost,29.0,ef3fbc84f4ab55f993c5b8dddffa84a77c921967179335a5f56757c37bbe74ba,5,8,65737,0.01954583451151848,-8.468450203168524,-8.504298535986335,-8.468450203168524
PEKAO,2017-06,20,xgboost,29.0,ef3fbc84f4ab55f993c5b8dddffa84a77c921967179335a5f56757c37bbe74ba,5,9,65746,0.028606876730918884,-8.630208697207813,-8.682773542668837,-8.630208697207813
PEKAO,2017-06,20,xgboost,29.0,ef3fbc84f4ab55f993c5b8dddffa84a77c921967179335a5f56757c37bbe74ba,5,10,65729,0.05647384375333786,-9.611121201048348,-9.735985402969401,-9.611121201048348
PEKAO,2017-06,50,linear,,fcef3773407588ebdea96f3bb99d07f61ba8d915a814889e8bda625f4b5e2493,0,1,65739,-1.4922246436237188,-8.045754974336512,-5.133409837339413,-5.133409837339413
PEKAO,2017-06,50,linear,,fcef3773407588ebdea96f3bb99d07f61ba8d915a814889e8bda625f4b5e2493,0,2,65614,-1.0924411482577567,-9.143160226916875,-6.994583941582175,-6.994583941582175
PEKAO,2017-06,50,linear,,fcef3773407588ebdea96f3bb99d07f61ba8d915a814889e8bda625f4b5e2493,0,3,65670,-0.7505093970905592,-9.507732149510119,-7.798719891053213,-7.798719891053213
PEKAO,2017-06,50,linear,,fcef3773407588ebdea96f3bb99d07f61ba8d915a814889e8bda625f4b5e2493,0,4,65674,-0.4243089634041091,-9.126493414554272,-8.346133103399971,-8.346133103399971
PEKAO,2017-06,50,linear,,fcef3773407588ebdea96f3bb99d07f61ba8d915a814889e8bda625f4b5e2493,0,5,65676,-0.11185760819676117,-9.195849903567476,-8.729980365797458,-8.723529052555874
PEKAO,2017-06,50,linear,,fcef3773407588ebdea96f3bb99d07f61ba8d915a814889e8bda625f4b5e2493,0,6,65674,0.20414750173599727,-9.005495129817913,-9.115362629740712,-9.005495129817913
PEKAO,2017-06,50,linear,,fcef3773407588ebdea96f3bb99d07f61ba8d915a814889e8bda625f4b5e2493,0,7,65673,0.5130792289083266,-8.718225516641995,-9.384024562283399,-8.718225516641995
PEKAO,2017-06,50,linear,,fcef3773407588ebdea96f3bb99d07f61ba8d915a814889e8bda625f4b5e2493,0,8,65674,0.8314757551733711,-8.374340617590862,-9.710994836919179,-8.374340617590862
PEKAO,2017-06,50,linear,,fcef3773407588ebdea96f3bb99d07f61ba8d915a814889e8bda625f4b5e2493,0,9,65675,1.1628695913355076,-7.7953749650269195,-9.574043073149989,-7.7953749650269195
PEKAO,2017-06,50,linear,,fcef3773407588ebdea96f3bb99d07f61ba8d915a814889e8bda625f4b5e2493,0,10,65674,1.5706987951182605,-5.668939159402808,-8.653888787240772,-5.668939159402808
PEKAO,2017-06,50,linear,,fcef3773407588ebdea96f3bb99d07f61ba8d915a814889e8bda625f4b5e2493,1,1,65739,-1.4922246436237188,-8.039138889902533,-5.474660054111477,-5.474660054111477
PEKAO,2017-06,50,linear,,fcef3773407588ebdea96f3bb99d07f61ba8d915a814889e8bda625f4b5e2493,1,2,65614,-1.0924411482577567,-9.084707582292454,-7.098228835619811,-7.098228835619811
PEKAO,2017-06,50,linear,,fcef3773407588ebdea96f3bb99d07f61ba8d915a814889e8bda625f4b5e2493,1,3,65670,-0.7505093970905592,-9.432594316609594,-7.791018275727876,-7.791018275727876
PEKAO,2017-06,50,linear,,fcef3773407588ebdea96f3bb99d07f61ba8d915a814889e8bda625f4b5e2493,1,4,65674,-0.4243089634041091,-9.051828727520283,-8.314538029198667,-8.314538029198667
PEKAO,2017-06,50,linear,,fcef3773407588ebdea96f3bb99d07f61ba8d915a814889e8bda625f4b5e2493,1,5,65676,-0.11185760819676117,-9.130849217169809,-8.663967191056322,-8.656483050233245
PEKAO,2017-06,50,linear,,fcef3773407588ebdea96f3bb99d07f61ba8d915a814889e8bda625f4b5e2493,1,6,65674,0.20414750173599727,-8.941145025591878,-9.056844260257186,-8.941145025591878
PEKAO,2017-06,50,linear,,fcef3773407588ebdea96f3bb99d07f61ba8d915a814889e8bda625f4b5e2493,1,7,65673,0.5130792289083266,-8.680052911414025,-9.3104414677692,-8.680052911414025
PEKAO,2017-06,50,linear,,fcef3773407588ebdea96f3bb99d07f61ba8d915a814889e8bda625f4b5e2493,1,8,65674,0.8314757551733711,-8.379055266625292,-9.61730492336129,-8.379055266625292
PEKAO,2017-06,50,linear,,fcef3773407588ebdea96f3bb99d07f61ba8d915a814889e8bda625f4b5e2493,1,9,65675,1.1628695913355076,-7.852427802467196,-9.48989891537237,-7.852427802467196
PEKAO,2017-06,50,linear,,fcef3773407588ebdea96f3bb99d07f61ba8d915a814889e8bda625f4b5e2493,1,10,65674,1.5706987951182605,-5.9894683397288535,-8.623217784548043,-5.9894683397288535
PEKAO,2017-06,50,linear,,fcef3773407588ebdea96f3bb99d07f61ba8d915a814889e8bda625f4b5e2493,5,1,65739,-1.4922246436237188,-7.88151777239286,-5.985572960599729,-5.985572960599729
PEKAO,2017-06,50,linear,,fcef3773407588ebdea96f3bb99d07f61ba8d915a814889e8bda625f4b5e2493,5,2,65614,-1.0924411482577567,-8.889930563122922,-7.380530189323825,-7.380530189323825
PEKAO,2017-06,50,linear,,fcef3773407588ebdea96f3bb99d07f61ba8d915a814889e8bda625f4b5e2493,5,3,65670,-0.7505093970905592,-9.273416893076883,-7.885000863258261,-7.885000863258261
PEKAO,2017-06,50,linear,,fcef3773407588ebdea96f3bb99d07f61ba8d915a814889e8bda625f4b5e2493,5,4,65674,-0.4243089634041091,-8.933517508135232,-8.33463688827069,-8.33463688827069
PEKAO,2017-06,50,linear,,fcef3773407588ebdea96f3bb99d07f61ba8d915a814889e8bda625f4b5e2493,5,5,65676,-0.11185760819676117,-8.994020382369788,-8.594972649408275,-8.565135092170351
PEKAO,2017-06,50,linear,,fcef3773407588ebdea96f3bb99d07f61ba8d915a814889e8bda625f4b5e2493,5,6,65674,0.20414750173599727,-8.914562819333838,-8.96898949334108,-8.914562819333838
PEKAO,2017-06,50,linear,,fcef3773407588ebdea96f3bb99d07f61ba8d915a814889e8bda625f4b5e2493,5,7,65673,0.5130792289083266,-8.675155313544995,-9.175124306881907,-8.675155313544995
PEKAO,2017-06,50,linear,,fcef3773407588ebdea96f3bb99d07f61ba8d915a814889e8bda625f4b5e2493,5,8,65674,0.8314757551733711,-8.510469005976457,-9.423897357058655,-8.510469005976457
PEKAO,2017-06,50,linear,,fcef3773407588ebdea96f3bb99d07f61ba8d915a814889e8bda625f4b5e2493,5,9,65675,1.1628695913355076,-8.062055329741176,-9.290583494912688,-8.062055329741176
PEKAO,2017-06,50,linear,,fcef3773407588ebdea96f3bb99d07f61ba8d915a814889e8bda625f4b5e2493,5,10,65674,1.5706987951182605,-6.446298622403601,-8.396293201883177,-6.446298622403601
PEKAO,2017-06,50,xgboost,,44adbb1c5d53c761ff42f583ff980c2742fbeb9b165f1d16c7cbcdffa632b09e,0,1,65684,-1.6864042282104492,-9.078466348530725,-5.995349259156567,-5.995349259156567
PEKAO,2017-06,50,xgboost,,44adbb1c5d53c761ff42f583ff980c2742fbeb9b165f1d16c7cbcdffa632b09e,0,2,65675,-1.0020129680633545,-9.543393480258102,-7.355417516274265,-7.355417516274265
PEKAO,2017-06,50,xgboost,,44adbb1c5d53c761ff42f583ff980c2742fbeb9b165f1d16c7cbcdffa632b09e,0,3,65667,-0.6343984007835388,-9.289587471245486,-7.853944708191183,-7.853944708191183
PEKAO,2017-06,50,xgboost,,44adbb1c5d53c761ff42f583ff980c2742fbeb9b165f1d16c7cbcdffa632b09e,0,4,65673,-0.3150181174278259,-9.308003072313475,-8.329067569644316,-8.329067569644316
PEKAO,2017-06,50,xgboost,,44adbb1c5d53c761ff42f583ff980c2742fbeb9b165f1d16c7cbcdffa632b09e,0,5,65673,-0.027636274695396423,-8.895134976084476,-8.456057133386606,-8.490058002799906
PEKAO,2017-06,50,xgboost,,44adbb1c5d53c761ff42f583ff980c2742fbeb9b165f1d16c7cbcdffa632b09e,0,6,65677,0.24955832958221436,-8.608825662372986,-8.664266361652883,-8.608825662372986
PEKAO,2017-06,50,xgboost,,44adbb1c5d53c761ff42f583ff980c2742fbeb9b165f1d16c7cbcdffa632b09e,0,7,65671,0.5516833662986755,-8.298672518141261,-9.057753528119559,-8.298672518141261
PEKAO,2017-06,50,xgboost,,44adbb1c5d53c761ff42f583ff980c2742fbeb9b165f1d16c7cbcdffa632b09e,0,8,65678,0.8594034314155579,-8.335979211274438,-9.572378004258555,-8.335979211274438
PEKAO,2017-06,50,xgboost,,44adbb1c5d53c761ff42f583ff980c2742fbeb9b165f1d16c7cbcdffa632b09e,0,9,65692,1.2259019613265991,-7.326023607703231,-9.258716309048534,-7.326023607703231
PEKAO,2017-06,50,xgboost,,44adbb1c5d53c761ff42f583ff980c2742fbeb9b165f1d16c7cbcdffa632b09e,0,10,65653,1.8909075260162354,-5.895671628263829,-8.896484724184935,-5.895671628263829
PEKAO,2017-06,50,xgboost,,44adbb1c5d53c761ff42f583ff980c2742fbeb9b165f1d16c7cbcdffa632b09e,1,1,65684,-1.6864042282104492,-9.008493247332265,-6.24541654970787,-6.24541654970787
PEKAO,2017-06,50,xgboost,,44adbb1c5d53c761ff42f583ff980c2742fbeb9b165f1d16c7cbcdffa632b09e,1,2,65675,-1.0020129680633545,-9.471530463735109,-7.410906338303499,-7.410906338303499
PEKAO,2017-06,50,xgboost,,44adbb1c5d53c761ff42f583ff980c2742fbeb9b165f1d16c7cbcdffa632b09e,1,3,65667,-0.6343984007835388,-9.225665492028712,-7.875683630756198,-7.875683630756198
PEKAO,2017-06,50,xgboost,,44adbb1c5d53c761ff42f583ff980c2742fbeb9b165f1d16c7cbcdffa632b09e,1,4,65673,-0.3150181174278259,-9.245116728756432,-8.312882406962284,-8.312882406962284
PEKAO,2017-06,50,xgboost,,44adbb1c5d53c761ff42f583ff980c2742fbeb9b165f1d16c7cbcdffa632b09e,1,5,65673,-0.027636274695396423,-8.839404574822035,-8.422263866683679,-8.461590709304772
PEKAO,2017-06,50,xgboost,,44adbb1c5d53c761ff42f583ff980c2742fbeb9b165f1d16c7cbcdffa632b09e,1,6,65677,0.24955832958221436,-8.574635732582024,-8.626778493729786,-8.574635732582024
PEKAO,2017-06,50,xgboost,,44adbb1c5d53c761ff42f583ff980c2742fbeb9b165f1d16c7cbcdffa632b09e,1,7,65671,0.5516833662986755,-8.300631920487975,-9.012696103220803,-8.300631920487975
PEKAO,2017-06,50,xgboost,,44adbb1c5d53c761ff42f583ff980c2742fbeb9b165f1d16c7cbcdffa632b09e,1,8,65678,0.8594034314155579,-8.334778798246562,-9.504438010831269,-8.334778798246562
PEKAO,2017-06,50,xgboost,,44adbb1c5d53c761ff42f583ff980c2742fbeb9b165f1d16c7cbcdffa632b09e,1,9,65692,1.2259019613265991,-7.373703056894196,-9.188733335307402,-7.373703056894196
PEKAO,2017-06,50,xgboost,,44adbb1c5d53c761ff42f583ff980c2742fbeb9b165f1d16c7cbcdffa632b09e,1,10,65653,1.8909075260162354,-6.205841850759779,-8.838823612119764,-6.205841850759779
PEKAO,2017-06,50,xgboost,,44adbb1c5d53c761ff42f583ff980c2742fbeb9b165f1d16c7cbcdffa632b09e,5,1,65684,-1.6864042282104492,-8.73498240234556,-6.668321879915816,-6.668321879915816
PEKAO,2017-06,50,xgboost,,44adbb1c5d53c761ff42f583ff980c2742fbeb9b165f1d16c7cbcdffa632b09e,5,2,65675,-1.0020129680633545,-9.260914302074918,-7.629548642367704,-7.629548642367704
PEKAO,2017-06,50,xgboost,,44adbb1c5d53c761ff42f583ff980c2742fbeb9b165f1d16c7cbcdffa632b09e,5,3,65667,-0.6343984007835388,-9.073955794098683,-7.991008814897036,-7.991008814897036
PEKAO,2017-06,50,xgboost,,44adbb1c5d53c761ff42f583ff980c2742fbeb9b165f1d16c7cbcdffa632b09e,5,4,65673,-0.3150181174278259,-9.111659447184762,-8.357047661241086,-8.357047661241086
PEKAO,2017-06,50,xgboost,,44adbb1c5d53c761ff42f583ff980c2742fbeb9b165f1d16c7cbcdffa632b09e,5,5,65673,-0.027636274695396423,-8.769468920745606,-8.429338745591943,-8.479201791224353
PEKAO,2017-06,50,xgboost,,44adbb1c5d53c761ff42f583ff980c2742fbeb9b165f1d16c7cbcdffa632b09e,5,6,65677,0.24955832958221436,-8.565064975830884,-8.555556318065399,-8.565064975830884
PEKAO,2017-06,50,xgboost,,44adbb1c5d53c761ff42f583ff980c2742fbeb9b165f1d16c7cbcdffa632b09e,5,7,65671,0.5516833662986755,-8.346435580667617,-8.91668481752423,-8.346435580667617
PEKAO,2017-06,50,xgboost,,44adbb1c5d53c761ff42f583ff980c2742fbeb9b165f1d16c7cbcdffa632b09e,5,8,65678,0.8594034314155579,-8.455461670566203,-9.3142739177223,-8.455461670566203
PEKAO,2017-06,50,xgboost,,44adbb1c5d53c761ff42f583ff980c2742fbeb9b165f1d16c7cbcdffa632b09e,5,9,65692,1.2259019613265991,-7.601359243781445,-8.995140081697723,-7.601359243781445
PEKAO,2017-06,50,xgboost,,44adbb1c5d53c761ff42f583ff980c2742fbeb9b165f1d16c7cbcdffa632b09e,5,10,65653,1.8909075260162354,-6.660310089841673,-8.577347343458563,-6.660310089841673
PEKAO,2017-06,50,xgboost,7.0,dc0dfc0e228eaaa92367597a3218e49e533a09ea18aa5dd03b8e184fb4228e94,0,1,65675,-0.10725332796573639,-6.86206753821469,-6.352948704424661,-6.352948704424661
PEKAO,2017-06,50,xgboost,7.0,dc0dfc0e228eaaa92367597a3218e49e533a09ea18aa5dd03b8e184fb4228e94,0,2,65675,-0.039109449833631516,-8.12787879278445,-7.754704121592007,-7.754704121592007
PEKAO,2017-06,50,xgboost,7.0,dc0dfc0e228eaaa92367597a3218e49e533a09ea18aa5dd03b8e184fb4228e94,0,3,65673,-0.016903230920433998,-8.473176746394232,-8.132026372576902,-8.132026372576902
PEKAO,2017-06,50,xgboost,7.0,dc0dfc0e228eaaa92367597a3218e49e533a09ea18aa5dd03b8e184fb4228e94,0,4,65674,-0.0034674592316150665,-8.547447039249288,-8.143626079739,-8.25004100370159
PEKAO,2017-06,50,xgboost,7.0,dc0dfc0e228eaaa92367597a3218e49e533a09ea18aa5dd03b8e184fb4228e94,0,5,65675,0.00690268911421299,-8.643565532158396,-8.367077583809497,-8.643565532158396
PEKAO,2017-06,50,xgboost,7.0,dc0dfc0e228eaaa92367597a3218e49e533a09ea18aa5dd03b8e184fb4228e94,0,6,65675,0.016448890790343285,-8.412348401159457,-8.294357692101418,-8.412348401159457
PEKAO,2017-06,50,xgboost,7.0,dc0dfc0e228eaaa92367597a3218e49e533a09ea18aa5dd03b8e184fb4228e94,0,7,65673,0.02611943893134594,-8.25584246656791,-8.391189076719199,-8.25584246656791
PEKAO,2017-06,50,xgboost,7.0,dc0dfc0e228eaaa92367597a3218e49e533a09ea18aa5dd03b8e184fb4228e94,0,8,65674,0.03707237169146538,-8.327663319970256,-8.635500866241362,-8.327663319970256
PEKAO,2017-06,50,xgboost,7.0,dc0dfc0e228eaaa92367597a3218e49e533a09ea18aa5dd03b8e184fb4228e94,0,9,65674,0.05161897838115692,-8.686046606586718,-8.967196988522863,-8.686046606586718
PEKAO,2017-06,50,xgboost,7.0,dc0dfc0e228eaaa92367597a3218e49e533a09ea18aa5dd03b8e184fb4228e94,0,10,65675,0.09716206043958664,-10.24423726878677,-10.400622462709554,-10.24423726878677
PEKAO,2017-06,50,xgboost,7.0,dc0dfc0e228eaaa92367597a3218e49e533a09ea18aa5dd03b8e184fb4228e94,1,1,65675,-0.10725332796573639,-6.941908407324711,-6.452171222058326,-6.452171222058326
PEKAO,2017-06,50,xgboost,7.0,dc0dfc0e228eaaa92367597a3218e49e533a09ea18aa5dd03b8e184fb4228e94,1,2,65675,-0.039109449833631516,-8.145904562343453,-7.7605087780807205,-7.7605087780807205
PEKAO,2017-06,50,xgboost,7.0,dc0dfc0e228eaaa92367597a3218e49e533a09ea18aa5dd03b8e184fb4228e94,1,3,65673,-0.016903230920433998,-8.465660304461327,-8.144120066897248,-8.144120066897248
PEKAO,2017-06,50,xgboost,7.0,dc0dfc0e228eaaa92367597a3218e49e533a09ea18aa5dd03b8e184fb4228e94,1,4,65674,-0.0034674592316150665,-8.551941401560763,-8.14047456729146,-8.241582577453357
PEKAO,2017-06,50,xgboost,7.0,dc0dfc0e228eaaa92367597a3218e49e533a09ea18aa5dd03b8e184fb4228e94,1,5,65675,0.00690268911421299,-8.635436419411649,-8.360752461900152,-8.635436419411649
PEKAO,2017-06,50,xgboost,7.0,dc0dfc0e228eaaa92367597a3218e49e533a09ea18aa5dd03b8e184fb4228e94,1,6,65675,0.016448890790343285,-8.398170797180628,-8.287346866177856,-8.398170797180628
PEKAO,2017-06,50,xgboost,7.0,dc0dfc0e228eaaa92367597a3218e49e533a09ea18aa5dd03b8e184fb4228e94,1,7,65673,0.02611943893134594,-8.235095804147356,-8.372073686337123,-8.235095804147356
PEKAO,2017-06,50,xgboost,7.0,dc0dfc0e228eaaa92367597a3218e49e533a09ea18aa5dd03b8e184fb4228e94,1,8,65674,0.03707237169146538,-8.316544283421555,-8.61549488979624,-8.316544283421555
PEKAO,2017-06,50,xgboost,7.0,dc0dfc0e228eaaa92367597a3218e49e533a09ea18aa5dd03b8e184fb4228e94,1,9,65674,0.05161897838115692,-8.679461479705397,-8.940270640983297,-8.679461479705397
PEKAO,2017-06,50,xgboost,7.0,dc0dfc0e228eaaa92367597a3218e49e533a09ea18aa5dd03b8e184fb4228e94,1,10,65675,0.09716206043958664,-10.210102114401812,-10.365255868500576,-10.210102114401812
PEKAO,2017-06,50,xgboost,7.0,dc0dfc0e228eaaa92367597a3218e49e533a09ea18aa5dd03b8e184fb4228e94,5,1,65675,-0.10725332796573639,-7.031490734549644,-6.651833186209332,-6.651833186209332
PEKAO,2017-06,50,xgboost,7.0,dc0dfc0e228eaaa92367597a3218e49e533a09ea18aa5dd03b8e184fb4228e94,5,2,65675,-0.039109449833631516,-8.135118763486593,-7.800531130347625,-7.800531130347625
PEKAO,2017-06,50,xgboost,7.0,dc0dfc0e228eaaa92367597a3218e49e533a09ea18aa5dd03b8e184fb4228e94,5,3,65673,-0.016903230920433998,-8.45045669012258,-8.152551539410506,-8.152551539410506
PEKAO,2017-06,50,xgboost,7.0,dc0dfc0e228eaaa92367597a3218e49e533a09ea18aa5dd03b8e184fb4228e94,5,4,65674,-0.0034674592316150665,-8.5307890527782,-8.1446365451959,-8.24975038681312
PEKAO,2017-06,50,xgboost,7.0,dc0dfc0e228eaaa92367597a3218e49e533a09ea18aa5dd03b8e184fb4228e94,5,5,65675,0.00690268911421299,-8.589961377359279,-8.382515139214535,-8.589961377359279
PEKAO,2017-06,50,xgboost,7.0,dc0dfc0e228eaaa92367597a3218e49e533a09ea18aa5dd03b8e184fb4228e94,5,6,65675,0.016448890790343285,-8.391292291519616,-8.248611818859777,-8.391292291519616
PEKAO,2017-06,50,xgboost,7.0,dc0dfc0e228eaaa92367597a3218e49e533a09ea18aa5dd03b8e184fb4228e94,5,7,65673,0.02611943893134594,-8.25801043389404,-8.327259228195384,-8.25801043389404
PEKAO,2017-06,50,xgboost,7.0,dc0dfc0e228eaaa92367597a3218e49e533a09ea18aa5dd03b8e184fb4228e94,5,8,65674,0.03707237169146538,-8.324463608831167,-8.565804051843392,-8.324463608831167
PEKAO,2017-06,50,xgboost,7.0,dc0dfc0e228eaaa92367597a3218e49e533a09ea18aa5dd03b8e184fb4228e94,5,9,65674,0.05161897838115692,-8.713480141294415,-8.873469783191442,-8.713480141294415
PEKAO,2017-06,50,xgboost,7.0,dc0dfc0e228eaaa92367597a3218e49e533a09ea18aa5dd03b8e184fb4228e94,5,10,65675,0.09716206043958664,-10.154869906783231,-10.286974498460099,-10.154869906783231
PEKAO,2017-09,10,linear,,1af5cb47f899a70ab4ad5657b5b15d843dcd73040ebce7fdd34b922d659965fb,0,1,40401,-0.6608445098335117,-7.358906026088979,-5.700097049353067,-5.700097049353067
PEKAO,2017-09,10,linear,,1af5cb47f899a70ab4ad5657b5b15d843dcd73040ebce7fdd34b922d659965fb,0,2,40401,-0.4756128513470061,-9.139161836577482,-8.17834818925003,-8.17834818925003
PEKAO,2017-09,10,linear,,1af5cb47f899a70ab4ad5657b5b15d843dcd73040ebce7fdd34b922d659965fb,0,3,40406,-0.3405200513600974,-9.676912638175036,-9.150963654577644,-9.150963654577644
PEKAO,2017-09,10,linear,,1af5cb47f899a70ab4ad5657b5b15d843dcd73040ebce7fdd34b922d659965fb,0,4,40397,-0.2131552340963228,-10.292115291022728,-9.961575482850991,-9.961575482850991
PEKAO,2017-09,10,linear,,1af5cb47f899a70ab4ad5657b5b15d843dcd73040ebce7fdd34b922d659965fb,0,5,40398,-0.08962756556100844,-10.243276938141538,-10.189972134060163,-10.189972134060163
PEKAO,2017-09,10,linear,,1af5cb47f899a70ab4ad5657b5b15d843dcd73040ebce7fdd34b922d659965fb,0,6,40401,0.03294806152826889,-10.176517153585257,-10.327980124939998,-10.210037366774841
PEKAO,2017-09,10,linear,,1af5cb47f899a70ab4ad5657b5b15d843dcd73040ebce7fdd34b922d659965fb,0,7,40400,0.16304194534003907,-9.764356019349966,-10.051156546862584,-9.764356019349966
PEKAO,2017-09,10,linear,,1af5cb47f899a70ab4ad5657b5b15d843dcd73040ebce7fdd34b922d659965fb,0,8,40401,0.3121160486780998,-9.27315288753495,-9.777162769866061,-9.27315288753495
PEKAO,2017-09,10,linear,,1af5cb47f899a70ab4ad5657b5b15d843dcd73040ebce7fdd34b922d659965fb,0,9,40405,0.47375584699438344,-7.948479547033666,-8.782439537463489,-7.948479547033666
PEKAO,2017-09,10,linear,,1af5cb47f899a70ab4ad5657b5b15d843dcd73040ebce7fdd34b922d659965fb,0,10,40396,0.6882156986368849,-5.587740713731402,-7.046314634704494,-5.587740713731402
PEKAO,2017-09,10,linear,,1af5cb47f899a70ab4ad5657b5b15d843dcd73040ebce7fdd34b922d659965fb,1,1,40401,-0.6608445098335117,-7.42566622833978,-5.994518902901567,-5.994518902901567
PEKAO,2017-09,10,linear,,1af5cb47f899a70ab4ad5657b5b15d843dcd73040ebce7fdd34b922d659965fb,1,2,40401,-0.4756128513470061,-9.09976562526861,-8.207275295151634,-8.207275295151634
PEKAO,2017-09,10,linear,,1af5cb47f899a70ab4ad5657b5b15d843dcd73040ebce7fdd34b922d659965fb,1,3,40406,-0.3405200513600974,-9.632213252794262,-9.126291387829646,-9.126291387829646
PEKAO,2017-09,10,linear,,1af5cb47f899a70ab4ad5657b5b15d843dcd73040ebce7fdd34b922d659965fb,1,4,40397,-0.2131552340963228,-10.218259588543823,-9.919724456792553,-9.919724456792553
PEKAO,2017-09,10,linear,,1af5cb47f899a70ab4ad5657b5b15d843dcd73040ebce7fdd34b922d659965fb,1,5,40398,-0.08962756556100844,-10.162316674639337,-10.094639805167336,-10.094639805167336
PEKAO,2017-09,10,linear,,1af5cb47f899a70ab4ad5657b5b15d843dcd73040ebce7fdd34b922d659965fb,1,6,40401,0.03294806152826889,-10.124951046271827,-10.27220982495162,-10.165077858822576
PEKAO,2017-09,10,linear,,1af5cb47f899a70ab4ad5657b5b15d843dcd73040ebce7fdd34b922d659965fb,1,7,40400,0.16304194534003907,-9.71566551696663,-9.987315720473891,-9.71566551696663
PEKAO,2017-09,10,linear,,1af5cb47f899a70ab4ad5657b5b15d843dcd73040ebce7fdd34b922d659965fb,1,8,40401,0.3121160486780998,-9.245626221884548,-9.719893049032455,-9.245626221884548
PEKAO,2017-09,10,linear,,1af5cb47f899a70ab4ad5657b5b15d843dcd73040ebce7fdd34b922d659965fb,1,9,40405,0.47375584699438344,-8.003495436653388,-8.759100025712929,-8.003495436653388
PEKAO,2017-09,10,linear,,1af5cb47f899a70ab4ad5657b5b15d843dcd73040ebce7fdd34b922d659965fb,1,10,40396,0.6882156986368849,-5.832732875888959,-7.085420137741556,-5.832732875888959
PEKAO,2017-09,10,linear,,1af5cb47f899a70ab4ad5657b5b15d843dcd73040ebce7fdd34b922d659965fb,5,1,40401,-0.6608445098335117,-7.477563925047963,-6.479363807520799,-6.479363807520799
PEKAO,2017-09,10,linear,,1af5cb47f899a70ab4ad5657b5b15d843dcd73040ebce7fdd34b922d659965fb,5,2,40401,-0.4756128513470061,-8.996269614877622,-8.313519142991339,-8.313519142991339
PEKAO,2017-09,10,linear,,1af5cb47f899a70ab4ad5657b5b15d843dcd73040ebce7fdd34b922d659965fb,5,3,40406,-0.3405200513600974,-9.544964672468815,-9.115477238502793,-9.115477238502793
PEKAO,2017-09,10,linear,,1af5cb47f899a70ab4ad5657b5b15d843dcd73040ebce7fdd34b922d659965fb,5,4,40397,-0.2131552340963228,-10.042910441869768,-9.848597705197308,-9.848597705197308
PEKAO,2017-09,10,linear,,1af5cb47f899a70ab4ad5657b5b15d843dcd73040ebce7fdd34b922d659965fb,5,5,40398,-0.08962756556100844,-10.028892826040298,-9.959375302444332,-9.959375302444332
PEKAO,2017-09,10,linear,,1af5cb47f899a70ab4ad5657b5b15d843dcd73040ebce7fdd34b922d659965fb,5,6,40401,0.03294806152826889,-10.043180311118322,-10.12282432668644,-10.06934413918245
PEKAO,2017-09,10,linear,,1af5cb47f899a70ab4ad5657b5b15d843dcd73040ebce7fdd34b922d659965fb,5,7,40400,0.16304194534003907,-9.667351991231163,-9.867251449367146,-9.667351991231163
PEKAO,2017-09,10,linear,,1af5cb47f899a70ab4ad5657b5b15d843dcd73040ebce7fdd34b922d659965fb,5,8,40401,0.3121160486780998,-9.26694734836401,-9.620974165343899,-9.26694734836401
PEKAO,2017-09,10,linear,,1af5cb47f899a70ab4ad5657b5b15d843dcd73040ebce7fdd34b922d659965fb,5,9,40405,0.47375584699438344,-8.12753543900334,-8.709834394484325,-8.12753543900334
PEKAO,2017-09,10,linear,,1af5cb47f899a70ab4ad5657b5b15d843dcd73040ebce7fdd34b922d659965fb,5,10,40396,0.6882156986368849,-6.26495557469252,-7.1320459057907915,-6.26495557469252
PEKAO,2017-09,10,xgboost,,618796c3b55218da3c34063f50ad1d8ae6af2ad4a3dc4cc6dd70d7e31430351e,0,1,40401,-0.7923230528831482,-7.846465940752978,-6.207365020414646,-6.207365020414646
PEKAO,2017-09,10,xgboost,,618796c3b55218da3c34063f50ad1d8ae6af2ad4a3dc4cc6dd70d7e31430351e,0,2,40407,-0.46355727314949036,-9.743893865009543,-8.705707031444486,-8.705707031444486
PEKAO,2017-09,10,xgboost,,618796c3b55218da3c34063f50ad1d8ae6af2ad4a3dc4cc6dd70d7e31430351e,0,3,40415,-0.3142198324203491,-9.982314914468736,-9.37566842085803,-9.37566842085803
PEKAO,2017-09,10,xgboost,,618796c3b55218da3c34063f50ad1d8ae6af2ad4a3dc4cc6dd70d7e31430351e,0,4,40402,-0.18905965983867645,-10.195259197057704,-9.929275847709956,-9.929275847709956
PEKAO,2017-09,10,xgboost,,618796c3b55218da3c34063f50ad1d8ae6af2ad4a3dc4cc6dd70d7e31430351e,0,5,40378,-0.08495500683784485,-9.729307938964277,-9.64476132912994,-9.64476132912994
PEKAO,2017-09,10,xgboost,,618796c3b55218da3c34063f50ad1d8ae6af2ad4a3dc4cc6dd70d7e31430351e,0,6,40404,0.019979069009423256,-9.170750282482658,-9.246942935855348,-9.163635508906056
PEKAO,2017-09,10,xgboost,,618796c3b55218da3c34063f50ad1d8ae6af2ad4a3dc4cc6dd70d7e31430351e,0,7,40401,0.13290026783943176,-9.03767095137372,-9.335474977173236,-9.03767095137372
PEKAO,2017-09,10,xgboost,,618796c3b55218da3c34063f50ad1d8ae6af2ad4a3dc4cc6dd70d7e31430351e,0,8,40400,0.2804647982120514,-9.819145120052152,-10.330654631674117,-9.819145120052152
PEKAO,2017-09,10,xgboost,,618796c3b55218da3c34063f50ad1d8ae6af2ad4a3dc4cc6dd70d7e31430351e,0,9,40410,0.4446467161178589,-7.974108766763429,-8.8119817600867,-7.974108766763429
PEKAO,2017-09,10,xgboost,,618796c3b55218da3c34063f50ad1d8ae6af2ad4a3dc4cc6dd70d7e31430351e,0,10,40388,0.7912607789039612,-5.961057878603143,-7.5780640408606175,-5.961057878603143
PEKAO,2017-09,10,xgboost,,618796c3b55218da3c34063f50ad1d8ae6af2ad4a3dc4cc6dd70d7e31430351e,1,1,40401,-0.7923230528831482,-7.829587622563803,-6.427731378824728,-6.427731378824728
PEKAO,2017-09,10,xgboost,,618796c3b55218da3c34063f50ad1d8ae6af2ad4a3dc4cc6dd70d7e31430351e,1,2,40407,-0.46355727314949036,-9.711981209869377,-8.715243381912414,-8.715243381912414
PEKAO,2017-09,10,xgboost,,618796c3b55218da3c34063f50ad1d8ae6af2ad4a3dc4cc6dd70d7e31430351e,1,3,40415,-0.3142198324203491,-9.944303606760945,-9.361928327636129,-9.361928327636129
PEKAO,2017-09,10,xgboost,,618796c3b55218da3c34063f50ad1d8ae6af2ad4a3dc4cc6dd70d7e31430351e,1,4,40402,-0.18905965983867645,-10.149337564278472,-9.895289729837648,-9.895289729837648
PEKAO,2017-09,10,xgboost,,618796c3b55218da3c34063f50ad1d8ae6af2ad4a3dc4cc6dd70d7e31430351e,1,5,40378,-0.08495500683784485,-9.68180087537705,-9.6043212754943,-9.6043212754943
PEKAO,2017-09,10,xgboost,,618796c3b55218da3c34063f50ad1d8ae6af2ad4a3dc4cc6dd70d7e31430351e,1,6,40404,0.019979069009423256,-9.134005211586562,-9.223466178851595,-9.13311412826828
PEKAO,2017-09,10,xgboost,,618796c3b55218da3c34063f50ad1d8ae6af2ad4a3dc4cc6dd70d7e31430351e,1,7,40401,0.13290026783943176,-9.011598974337023,-9.296628213245572,-9.011598974337023
PEKAO,2017-09,10,xgboost,,618796c3b55218da3c34063f50ad1d8ae6af2ad4a3dc4cc6dd70d7e31430351e,1,8,40400,0.2804647982120514,-9.789540268086746,-10.267187989554852,-9.789540268086746
PEKAO,2017-09,10,xgboost,,618796c3b55218da3c34063f50ad1d8ae6af2ad4a3dc4cc6dd70d7e31430351e,1,9,40410,0.4446467161178589,-7.9805742091592435,-8.790117150425267,-7.9805742091592435
PEKAO,2017-09,10,xgboost,,618796c3b55218da3c34063f50ad1d8ae6af2ad4a3dc4cc6dd70d7e31430351e,1,10,40388,0.7912607789039612,-6.227381107596268,-7.584351680377682,-6.227381107596268
PEKAO,2017-09,10,xgboost,,618796c3b55218da3c34063f50ad1d8ae6af2ad4a3dc4cc6dd70d7e31430351e,5,1,40401,-0.7923230528831482,-7.81721412295503,-6.869305030366851,-6.869305030366851
PEKAO,2017-09,10,xgboost,,618796c3b55218da3c34063f50ad1d8ae6af2ad4a3dc4cc6dd70d7e31430351e,5,2,40407,-0.46355727314949036,-9.606041729530626,-8.874583366344414,-8.874583366344414
PEKAO,2017-09,10,xgboost,,618796c3b55218da3c34063f50ad1d8ae6af2ad4a3dc4cc6dd70d7e31430351e,5,3,40415,-0.3142198324203491,-9.827467092605833,-9.335343655049519,-9.335343655049519
PEKAO,2017-09,10,xgboost,,618796c3b55218da3c34063f50ad1d8ae6af2ad4a3dc4cc6dd70d7e31430351e,5,4,40402,-0.18905965983867645,-9.9918574148901,-9.810437291660795,-9.810437291660795
PEKAO,2017-09,10,xgboost,,618796c3b55218da3c34063f50ad1d8ae6af2ad4a3dc4cc6dd70d7e31430351e,5,5,40378,-0.08495500683784485,-9.574721883180729,-9.470766499392612,-9.470766499392612
PEKAO,2017-09,10,xgboost,,618796c3b55218da3c34063f50ad1d8ae6af2ad4a3dc4cc6dd70d7e31430351e,5,6,40404,0.019979069009423256,-9.081756884811591,-9.149072996013746,-9.06843968893421
PEKAO,2017-09,10,xgboost,,618796c3b55218da3c34063f50ad1d8ae6af2ad4a3dc4cc6dd70d7e31430351e,5,7,40401,0.13290026783943176,-9.007249647130822,-9.229235363664685,-9.007249647130822
PEKAO,2017-09,10,xgboost,,618796c3b55218da3c34063f50ad1d8ae6af2ad4a3dc4cc6dd70d7e31430351e,5,8,40400,0.2804647982120514,-9.751841288627025,-10.14491098088425,-9.751841288627025
PEKAO,2017-09,10,xgboost,,618796c3b55218da3c34063f50ad1d8ae6af2ad4a3dc4cc6dd70d7e31430351e,5,9,40410,0.4446467161178589,-8.09515315396997,-8.73633710380471,-8.09515315396997
PEKAO,2017-09,10,xgboost,,618796c3b55218da3c34063f50ad1d8ae6af2ad4a3dc4cc6dd70d7e31430351e,5,10,40388,0.7912607789039612,-6.7067944088268,-7.54907066560518,-6.7067944088268
PEKAO,2017-09,20,linear,,efffabd657b6e63917b37e611f24af766138d129bb45c79ad531845537331bd0,0,1,40380,-0.9740671700409713,-7.898912253794718,-5.552901737663406,-5.552901737663406
PEKAO,2017-09,20,linear,,efffabd657b6e63917b37e611f24af766138d129bb45c79ad531845537331bd0,0,2,40380,-0.7063016832699849,-9.468753787333393,-8.030754047226347,-8.030754047226347
PEKAO,2017-09,20,linear,,efffabd657b6e63917b37e611f24af766138d129bb45c79ad531845537331bd0,0,3,40379,-0.5074229791270797,-9.883574321752116,-8.968013968564561,-8.968013968564561
PEKAO,2017-09,20,linear,,efffabd657b6e63917b37e611f24af766138d129bb45c79ad531845537331bd0,0,4,40383,-0.31856923229881884,-10.252276248394814,-9.796101227588967,-9.796101227588967
PEKAO,2017-09,20,linear,,efffabd657b6e63917b37e611f24af766138d129bb45c79ad531845537331bd0,0,5,40376,-0.133877154279342,-10.097891265890945,-9.88189230674547,-9.88189230674547
PEKAO,2017-09,20,linear,,efffabd657b6e63917b37e611f24af766138d129bb45c79ad531845537331bd0,0,6,40383,0.05049423382232794,-9.91019275603193,-10.107498551995745,-9.963758485198232
PEKAO,2017-09,20,linear,,efffabd657b6e63917b37e611f24af766138d129bb45c79ad531845537331bd0,0,7,40376,0.24500148471322578,-9.646823496173177,-10.08503267979237,-9.646823496173177
PEKAO,2017-09,20,linear,,efffabd657b6e63917b37e611f24af766138d129bb45c79ad531845537331bd0,0,8,40380,0.4670372839677922,-9.127902751469533,-9.886123199088633,-9.127902751469533
PEKAO,2017-09,20,linear,,efffabd657b6e63917b37e611f24af766138d129bb45c79ad531845537331bd0,0,9,40381,0.7053794936659716,-7.783258668968525,-9.085965722646582,-7.783258668968525
PEKAO,2017-09,20,linear,,efffabd657b6e63917b37e611f24af766138d129bb45c79ad531845537331bd0,0,10,40378,1.0176633669962216,-5.53967154890088,-7.625970689816135,-5.53967154890088
PEKAO,2017-09,20,linear,,efffabd657b6e63917b37e611f24af766138d129bb45c79ad531845537331bd0,1,1,40380,-0.9740671700409713,-7.9102849539988975,-5.854192551213906,-5.854192551213906
PEKAO,2017-09,20,linear,,efffabd657b6e63917b37e611f24af766138d129bb45c79ad531845537331bd0,1,2,40380,-0.7063016832699849,-9.4157210461742,-8.067152580860023,-8.067152580860023
PEKAO,2017-09,20,linear,,efffabd657b6e63917b37e611f24af766138d129bb45c79ad531845537331bd0,1,3,40379,-0.5074229791270797,-9.82960993184398,-8.958720950620332,-8.958720950620332
PEKAO,2017-09,20,linear,,efffabd657b6e63917b37e611f24af766138d129bb45c79ad531845537331bd0,1,4,40383,-0.31856923229881884,-10.18296638334959,-9.757461752210103,-9.757461752210103
PEKAO,2017-09,20,linear,,efffabd657b6e63917b37e611f24af766138d129bb45c79ad531845537331bd0,1,5,40376,-0.133877154279342,-10.036518102624763,-9.793832087122375,-9.793832087122375
PEKAO,2017-09,20,linear,,efffabd657b6e63917b37e611f24af766138d129bb45c79ad531845537331bd0,1,6,40383,0.05049423382232794,-9.874500712603751,-10.05879775481232,-9.930202634950716
PEKAO,2017-09,20,linear,,efffabd657b6e63917b37e611f24af766138d129bb45c79ad531845537331bd0,1,7,40376,0.24500148471322578,-9.607724102685106,-10.018588626699742,-9.607724102685106
PEKAO,2017-09,20,linear,,efffabd657b6e63917b37e611f24af766138d129bb45c79ad531845537331bd0,1,8,40380,0.4670372839677922,-9.113699445906539,-9.831651133786659,-9.113699445906539
PEKAO,2017-09,20,linear,,efffabd657b6e63917b37e611f24af766138d129bb45c79ad531845537331bd0,1,9,40381,0.7053794936659716,-7.844839263686308,-9.043252970004403,-7.844839263686308
PEKAO,2017-09,20,linear,,efffabd657b6e63917b37e611f24af766138d129bb45c79ad531845537331bd0,1,10,40378,1.0176633669962216,-5.793267621440231,-7.636824258831784,-5.793267621440231
PEKAO,2017-09,20,linear,,efffabd657b6e63917b37e611f24af766138d129bb45c79ad531845537331bd0,5,1,40380,-0.9740671700409713,-7.830932789550362,-6.369093256084713,-6.369093256084713
PEKAO,2017-09,20,linear,,efffabd657b6e63917b37e611f24af766138d129bb45c79ad531845537331bd0,5,2,40380,-0.7063016832699849,-9.274159176423503,-8.208461193230558,-8.208461193230558
PEKAO,2017-09,20,linear,,efffabd657b6e63917b37e611f24af766138d129bb45c79ad531845537331bd0,5,3,40379,-0.5074229791270797,-9.701390013002134,-8.988285393924876,-8.988285393924876
PEKAO,2017-09,20,linear,,efffabd657b6e63917b37e611f24af766138d129bb45c79ad531845537331bd0,5,4,40383,-0.31856923229881884,-10.038640018538095,-9.700845316354805,-9.700845316354805
PEKAO,2017-09,20,linear,,efffabd657b6e63917b37e611f24af766138d129bb45c79ad531845537331bd0,5,5,40376,-0.133877154279342,-9.929138168489132,-9.685859336516627,-9.685859336516627
PEKAO,2017-09,20,linear,,efffabd657b6e63917b37e611f24af766138d129bb45c79ad531845537331bd0,5,6,40383,0.05049423382232794,-9.826821370635596,-9.944900670224408,-9.874029720202786
PEKAO,2017-09,20,linear,,efffabd657b6e63917b37e611f24af766138d129bb45c79ad531845537331bd0,5,7,40376,0.24500148471322578,-9.598202806890939,-9.889890349241574,-9.598202806890939
PEKAO,2017-09,20,linear,,efffabd657b6e63917b37e611f24af766138d129bb45c79ad531845537331bd0,5,8,40380,0.4670372839677922,-9.146972063377016,-9.725183039446778,-9.146972063377016
PEKAO,2017-09,20,linear,,efffabd657b6e63917b37e611f24af766138d129bb45c79ad531845537331bd0,5,9,40381,0.7053794936659716,-8.01758292484131,-8.920003427255915,-8.01758292484131
PEKAO,2017-09,20,linear,,efffabd657b6e63917b37e611f24af766138d129bb45c79ad531845537331bd0,5,10,40378,1.0176633669962216,-6.245609718849751,-7.5898159554394855,-6.245609718849751
PEKAO,2017-09,20,xgboost,,74c6210538a197873cd2fa7f0a0833fe78faea5e58f89fd783a9b1277fcda201,0,1,40380,-1.1083006858825684,-8.471072434411926,-6.07433573799609,-6.07433573799609
PEKAO,2017-09,20,xgboost,,74c6210538a197873cd2fa7f0a0833fe78faea5e58f89fd783a9b1277fcda201,0,2,40381,-0.7148544192314148,-10.082142053256307,-8.578871000407041,-8.578871000407041
PEKAO,2017-09,20,xgboost,,74c6210538a197873cd2fa7f0a0833fe78faea5e58f89fd783a9b1277fcda201,0,3,40386,-0.49752679467201233,-9.930834239146629,-9.013715199482025,-9.013715199482025
PEKAO,2017-09,20,xgboost,,74c6210538a197873cd2fa7f0a0833fe78faea5e58f89fd783a9b1277fcda201,0,4,40380,-0.29650673270225525,-9.875412045917468,-9.38167612992958,-9.38167612992958
PEKAO,2017-09,20,xgboost,,74c6210538a197873cd2fa7f0a0833fe78faea5e58f89fd783a9b1277fcda201,0,5,40373,-0.13285663723945618,-9.82731972583948,-9.655799138934368,-9.655799138934368
PEKAO,2017-09,20,xgboost,,74c6210538a197873cd2fa7f0a0833fe78faea5e58f89fd783a9b1277fcda201,0,6,40384,0.038321029394865036,-9.392474223338624,-9.463622499982087,-9.367586022140875
PEKAO,2017-09,20,xgboost,,74c6210538a197873cd2fa7f0a0833fe78faea5e58f89fd783a9b1277fcda201,0,7,40374,0.22055062651634216,-9.110732799173864,-9.624387963632232,-9.110732799173864
PEKAO,2017-09,20,xgboost,,74c6210538a197873cd2fa7f0a0833fe78faea5e58f89fd783a9b1277fcda201,0,8,40380,0.4352472424507141,-9.140292763297087,-9.91856905867532,-9.140292763297087
PEKAO,2017-09,20,xgboost,,74c6210538a197873cd2fa7f0a0833fe78faea5e58f89fd783a9b1277fcda201,0,9,40390,0.6771050095558167,-7.944979654929901,-9.258863864440805,-7.944979654929901
PEKAO,2017-09,20,xgboost,,74c6210538a197873cd2fa7f0a0833fe78faea5e58f89fd783a9b1277fcda201,0,10,40368,1.1102979183197021,-5.833380474130027,-8.050253675954542,-5.833380474130027
PEKAO,2017-09,20,xgboost,,74c6210538a197873cd2fa7f0a0833fe78faea5e58f89fd783a9b1277fcda201,1,1,40380,-1.1083006858825684,-8.441635999358272,-6.332624671905892,-6.332624671905892
PEKAO,2017-09,20,xgboost,,74c6210538a197873cd2fa7f0a0833fe78faea5e58f89fd783a9b1277fcda201,1,2,40381,-0.7148544192314148,-10.02028996541959,-8.566096458502761,-8.566096458502761
PEKAO,2017-09,20,xgboost,,74c6210538a197873cd2fa7f0a0833fe78faea5e58f89fd783a9b1277fcda201,1,3,40386,-0.49752679467201233,-9.879574817000742,-8.998635911092268,-8.998635911092268
PEKAO,2017-09,20,xgboost,,74c6210538a197873cd2fa7f0a0833fe78faea5e58f89fd783a9b1277fcda201,1,4,40380,-0.29650673270225525,-9.824655654827751,-9.364723514421195,-9.364723514421195
PEKAO,2017-09,20,xgboost,,74c6210538a197873cd2fa7f0a0833fe78faea5e58f89fd783a9b1277fcda201,1,5,40373,-0.13285663723945618,-9.779307352370477,-9.62049970109535,-9.62049970109535
PEKAO,2017-09,20,xgboost,,74c6210538a197873cd2fa7f0a0833fe78faea5e58f89fd783a9b1277fcda201,1,6,40384,0.038321029394865036,-9.362636146110242,-9.442736973371279,-9.352716289695893
PEKAO,2017-09,20,xgboost,,74c6210538a197873cd2fa7f0a0833fe78faea5e58f89fd783a9b1277fcda201,1,7,40374,0.22055062651634216,-9.091022190306942,-9.569902606305847,-9.091022190306942
PEKAO,2017-09,20,xgboost,,74c6210538a197873cd2fa7f0a0833fe78faea5e58f89fd783a9b1277fcda201,1,8,40380,0.4352472424507141,-9.1371783934513,-9.862165967032361,-9.1371783934513
PEKAO,2017-09,20,xgboost,,74c6210538a197873cd2fa7f0a0833fe78faea5e58f89fd783a9b1277fcda201,1,9,40390,0.6771050095558167,-7.981856133898693,-9.22539360119354,-7.981856133898693
PEKAO,2017-09,20,xgboost,,74c6210538a197873cd2fa7f0a0833fe78faea5e58f89fd783a9b1277fcda201,1,10,40368,1.1102979183197021,-6.090418784570546,-8.037537771150424,-6.090418784570546
PEKAO,2017-09,20,xgboost,,74c6210538a197873cd2fa7f0a0833fe78faea5e58f89fd783a9b1277fcda201,5,1,40380,-1.1083006858825684,-8.309566310336983,-6.812920953581604,-6.812920953581604
PEKAO,2017-09,20,xgboost,,74c6210538a197873cd2fa7f0a0833fe78faea5e58f89fd783a9b1277fcda201,5,2,40381,-0.7148544192314148,-9.862955923971825,-8.752091521337865,-8.752091521337865
PEKAO,2017-09,20,xgboost,,74c6210538a197873cd2fa7f0a0833fe78faea5e58f89fd783a9b1277fcda201,5,3,40386,-0.49752679467201233,-9.73935608299538,-8.96885780323906,-8.96885780323906
PEKAO,2017-09,20,xgboost,,74c6210538a197873cd2fa7f0a0833fe78faea5e58f89fd783a9b1277fcda201,5,4,40380,-0.29650673270225525,-9.704406826960637,-9.352366866392135,-9.352366866392135
PEKAO,2017-09,20,xgboost,,74c6210538a197873cd2fa7f0a0833fe78faea5e58f89fd783a9b1277fcda201,5,5,40373,-0.13285663723945618,-9.68349023041066,-9.514522860059097,-9.514522860059097
PEKAO,2017-09,20,xgboost,,74c6210538a197873cd2fa7f0a0833fe78faea5e58f89fd783a9b1277fcda201,5,6,40384,0.038321029394865036,-9.330619239928655,-9.380405774162023,-9.348859547217343
PEKAO,2017-09,20,xgboost,,74c6210538a197873cd2fa7f0a0833fe78faea5e58f89fd783a9b1277fcda201,5,7,40374,0.22055062651634216,-9.092486867758911,-9.488591330494542,-9.092486867758911
PEKAO,2017-09,20,xgboost,,74c6210538a197873cd2fa7f0a0833fe78faea5e58f89fd783a9b1277fcda201,5,8,40380,0.4352472424507141,-9.170621965118706,-9.73008373017357,-9.170621965118706
PEKAO,2017-09,20,xgboost,,74c6210538a197873cd2fa7f0a0833fe78faea5e58f89fd783a9b1277fcda201,5,9,40390,0.6771050095558167,-8.148474318559233,-9.12687048613407,-8.148474318559233
PEKAO,2017-09,20,xgboost,,74c6210538a197873cd2fa7f0a0833fe78faea5e58f89fd783a9b1277fcda201,5,10,40368,1.1102979183197021,-6.567009401119643,-7.895436151543053,-6.567009401119643
PEKAO,2017-09,50,linear,,ba93e33fa10188eafb6b7ba205305381513999142ee1379f7f731f801d6f63b4,0,1,40317,-1.3857096599066752,-9.077549337581273,-5.949428378739472,-5.949428378739472
PEKAO,2017-09,50,linear,,ba93e33fa10188eafb6b7ba205305381513999142ee1379f7f731f801d6f63b4,0,2,40320,-1.047557926555332,-10.26306087196175,-8.133131779310204,-8.133131779310204
PEKAO,2017-09,50,linear,,ba93e33fa10188eafb6b7ba205305381513999142ee1379f7f731f801d6f63b4,0,3,40315,-0.7638100610668228,-10.085910123288862,-8.83648651947102,-8.83648651947102
PEKAO,2017-09,50,linear,,ba93e33fa10188eafb6b7ba205305381513999142ee1379f7f731f801d6f63b4,0,4,40318,-0.4868477771569267,-9.92286837273957,-9.201193498461231,-9.201193498461231
PEKAO,2017-09,50,linear,,ba93e33fa10188eafb6b7ba205305381513999142ee1379f7f731f801d6f63b4,0,5,40315,-0.20544197705592468,-9.48028542159859,-9.181748949980424,-9.181748949980424
PEKAO,2017-09,50,linear,,ba93e33fa10188eafb6b7ba205305381513999142ee1379f7f731f801d6f63b4,0,6,40315,0.0750192990209203,-9.31418083879567,-9.544689253675541,-9.301395678061855
PEKAO,2017-09,50,linear,,ba93e33fa10188eafb6b7ba205305381513999142ee1379f7f731f801d6f63b4,0,7,40316,0.3701360284327917,-9.020781744609598,-9.566465479477609,-9.020781744609598
PEKAO,2017-09,50,linear,,ba93e33fa10188eafb6b7ba205305381513999142ee1379f7f731f801d6f63b4,0,8,40317,0.7017577982727554,-8.851417167955212,-9.856792646644486,-8.851417167955212
PEKAO,2017-09,50,linear,,ba93e33fa10188eafb6b7ba205305381513999142ee1379f7f731f801d6f63b4,0,9,40317,1.04028120852483,-8.069181469277432,-9.737020058957635,-8.069181469277432
PEKAO,2017-09,50,linear,,ba93e33fa10188eafb6b7ba205305381513999142ee1379f7f731f801d6f63b4,0,10,40316,1.4492447193687046,-5.973039135824166,-8.57037052692013,-5.973039135824166
PEKAO,2017-09,50,linear,,ba93e33fa10188eafb6b7ba205305381513999142ee1379f7f731f801d6f63b4,1,1,40317,-1.3857096599066752,-9.044993704536813,-6.2440944817542245,-6.2440944817542245
PEKAO,2017-09,50,linear,,ba93e33fa10188eafb6b7ba205305381513999142ee1379f7f731f801d6f63b4,1,2,40320,-1.047557926555332,-10.199496853471242,-8.177886747010783,-8.177886747010783
PEKAO,2017-09,50,linear,,ba93e33fa10188eafb6b7ba205305381513999142ee1379f7f731f801d6f63b4,1,3,40315,-0.7638100610668228,-10.020473425290156,-8.843312205247718,-8.843312205247718
PEKAO,2017-09,50,linear,,ba93e33fa10188eafb6b7ba205305381513999142ee1379f7f731f801d6f63b4,1,4,40318,-0.4868477771569267,-9.864910648397347,-9.17767832359494,-9.17767832359494
PEKAO,2017-09,50,linear,,ba93e33fa10188eafb6b7ba205305381513999142ee1379f7f731f801d6f63b4,1,5,40315,-0.20544197705592468,-9.4279654414987,-9.123890338602576,-9.123890338602576
PEKAO,2017-09,50,linear,,ba93e33fa10188eafb6b7ba205305381513999142ee1379f7f731f801d6f63b4,1,6,40315,0.0750192990209203,-9.299371399526866,-9.50436177596286,-9.280988274834167
PEKAO,2017-09,50,linear,,ba93e33fa10188eafb6b7ba205305381513999142ee1379f7f731f801d6f63b4,1,7,40316,0.3701360284327917,-8.998951822224127,-9.507237229612727,-8.998951822224127
PEKAO,2017-09,50,linear,,ba93e33fa10188eafb6b7ba205305381513999142ee1379f7f731f801d6f63b4,1,8,40317,0.7017577982727554,-8.849290283857314,-9.79526445235495,-8.849290283857314
PEKAO,2017-09,50,linear,,ba93e33fa10188eafb6b7ba205305381513999142ee1379f7f731f801d6f63b4,1,9,40317,1.04028120852483,-8.145502847919747,-9.676605130201265,-8.145502847919747
PEKAO,2017-09,50,linear,,ba93e33fa10188eafb6b7ba205305381513999142ee1379f7f731f801d6f63b4,1,10,40316,1.4492447193687046,-6.208103368087309,-8.527581240638991,-6.208103368087309
PEKAO,2017-09,50,linear,,ba93e33fa10188eafb6b7ba205305381513999142ee1379f7f731f801d6f63b4,5,1,40317,-1.3857096599066752,-8.881661140327378,-6.756578794459832,-6.756578794459832
PEKAO,2017-09,50,linear,,ba93e33fa10188eafb6b7ba205305381513999142ee1379f7f731f801d6f63b4,5,2,40320,-1.047557926555332,-10.011363979048534,-8.368602645540628,-8.368602645540628
PEKAO,2017-09,50,linear,,ba93e33fa10188eafb6b7ba205305381513999142ee1379f7f731f801d6f63b4,5,3,40315,-0.7638100610668228,-9.841584042944433,-8.909221754504134,-8.909221754504134
PEKAO,2017-09,50,linear,,ba93e33fa10188eafb6b7ba205305381513999142ee1379f7f731f801d6f63b4,5,4,40318,-0.4868477771569267,-9.730058450031672,-9.16220917825037,-9.16220917825037
PEKAO,2017-09,50,linear,,ba93e33fa10188eafb6b7ba205305381513999142ee1379f7f731f801d6f63b4,5,5,40315,-0.20544197705592468,-9.328521476758269,-9.085069150961976,-9.085069150961976
PEKAO,2017-09,50,linear,,ba93e33fa10188eafb6b7ba205305381513999142ee1379f7f731f801d6f63b4,5,6,40315,0.0750192990209203,-9.296127542414867,-9.395721048482377,-9.242354024576342
PEKAO,2017-09,50,linear,,ba93e33fa10188eafb6b7ba205305381513999142ee1379f7f731f801d6f63b4,5,7,40316,0.3701360284327917,-9.03062144192874,-9.401210377311354,-9.03062144192874
PEKAO,2017-09,50,linear,,ba93e33fa10188eafb6b7ba205305381513999142ee1379f7f731f801d6f63b4,5,8,40317,0.7017577982727554,-8.949326381828685,-9.646291328358405,-8.949326381828685
PEKAO,2017-09,50,linear,,ba93e33fa10188eafb6b7ba205305381513999142ee1379f7f731f801d6f63b4,5,9,40317,1.04028120852483,-8.365052092448265,-9.51993526081427,-8.365052092448265
PEKAO,2017-09,50,linear,,ba93e33fa10188eafb6b7ba205305381513999142ee1379f7f731f801d6f63b4,5,10,40316,1.4492447193687046,-6.627395915231397,-8.335768557476475,-6.627395915231397
PEKAO,2017-09,50,xgboost,,930e2dab9dde09b6c046aaac9085df36c8d94ae09fba74f2659ac538e2d52dec,0,1,40317,-1.5613017082214355,-10.135209236454466,-6.899093111099114,-6.899093111099114
PEKAO,2017-09,50,xgboost,,930e2dab9dde09b6c046aaac9085df36c8d94ae09fba74f2659ac538e2d52dec,0,2,40329,-1.0672345161437988,-10.283368409366586,-8.19419087624529,-8.19419087624529
PEKAO,2017-09,50,xgboost,,930e2dab9dde09b6c046aaac9085df36c8d94ae09fba74f2659ac538e2d52dec,0,3,40304,-0.7388853430747986,-9.76033471217324,-8.36400097707075,-8.36400097707075
PEKAO,2017-09,50,xgboost,,930e2dab9dde09b6c046aaac9085df36c8d94ae09fba74f2659ac538e2d52dec,0,4,40317,-0.439367413520813,-9.801307613377567,-9.030755448393288,-9.030755448393288
PEKAO,2017-09,50,xgboost,,930e2dab9dde09b6c046aaac9085df36c8d94ae09fba74f2659ac538e2d52dec,0,5,40337,-0.1795056164264679,-9.424793218278268,-9.07461296723734,-9.07461296723734
PEKAO,2017-09,50,xgboost,,930e2dab9dde09b6c046aaac9085df36c8d94ae09fba74f2659ac538e2d52dec,0,6,40327,0.07800821959972382,-8.904355711375601,-9.153984576008122,-8.94706366588462
PEKAO,2017-09,50,xgboost,,930e2dab9dde09b6c046aaac9085df36c8d94ae09fba74f2659ac538e2d52dec,0,7,40285,0.3443449139595032,-8.86397993319766,-9.327285785776162,-8.86397993319766
PEKAO,2017-09,50,xgboost,,930e2dab9dde09b6c046aaac9085df36c8d94ae09fba74f2659ac538e2d52dec,0,8,40349,0.639732301235199,-8.422230539323314,-9.484729828221955,-8.422230539323314
PEKAO,2017-09,50,xgboost,,930e2dab9dde09b6c046aaac9085df36c8d94ae09fba74f2659ac538e2d52dec,0,9,40285,0.9896607995033264,-8.02696458175684,-9.793126179140309,-8.02696458175684
PEKAO,2017-09,50,xgboost,,930e2dab9dde09b6c046aaac9085df36c8d94ae09fba74f2659ac538e2d52dec,0,10,40316,1.551863193511963,-6.435019559084507,-9.255926965825283,-6.435019559084507
PEKAO,2017-09,50,xgboost,,930e2dab9dde09b6c046aaac9085df36c8d94ae09fba74f2659ac538e2d52dec,1,1,40317,-1.5613017082214355,-10.061167702127763,-7.114254822011384,-7.114254822011384
PEKAO,2017-09,50,xgboost,,930e2dab9dde09b6c046aaac9085df36c8d94ae09fba74f2659ac538e2d52dec,1,2,40329,-1.0672345161437988,-10.227251988501212,-8.224990542605717,-8.224990542605717
PEKAO,2017-09,50,xgboost,,930e2dab9dde09b6c046aaac9085df36c8d94ae09fba74f2659ac538e2d52dec,1,3,40304,-0.7388853430747986,-9.702074487707101,-8.374996698158142,-8.374996698158142
PEKAO,2017-09,50,xgboost,,930e2dab9dde09b6c046aaac9085df36c8d94ae09fba74f2659ac538e2d52dec,1,4,40317,-0.439367413520813,-9.758325371483851,-9.03135866782901,-9.03135866782901
PEKAO,2017-09,50,xgboost,,930e2dab9dde09b6c046aaac9085df36c8d94ae09fba74f2659ac538e2d52dec,1,5,40337,-0.1795056164264679,-9.37372366782202,-9.060010823825282,-9.060010823825282
PEKAO,2017-09,50,xgboost,,930e2dab9dde09b6c046aaac9085df36c8d94ae09fba74f2659ac538e2d52dec,1,6,40327,0.07800821959972382,-8.890197424847226,-9.12184337740857,-8.936556914638096
PEKAO,2017-09,50,xgboost,,930e2dab9dde09b6c046aaac9085df36c8d94ae09fba74f2659ac538e2d52dec,1,7,40285,0.3443449139595032,-8.870576144820376,-9.286381985136389,-8.870576144820376
PEKAO,2017-09,50,xgboost,,930e2dab9dde09b6c046aaac9085df36c8d94ae09fba74f2659ac538e2d52dec,1,8,40349,0.639732301235199,-8.443010476858017,-9.43446941655268,-8.443010476858017
PEKAO,2017-09,50,xgboost,,930e2dab9dde09b6c046aaac9085df36c8d94ae09fba74f2659ac538e2d52dec,1,9,40285,0.9896607995033264,-8.066401934737904,-9.736956355526509,-8.066401934737904
PEKAO,2017-09,50,xgboost,,930e2dab9dde09b6c046aaac9085df36c8d94ae09fba74f2659ac538e2d52dec,1,10,40316,1.551863193511963,-6.665667274052807,-9.193009546141072,-6.665667274052807
PEKAO,2017-09,50,xgboost,,930e2dab9dde09b6c046aaac9085df36c8d94ae09fba74f2659ac538e2d52dec,5,1,40317,-1.5613017082214355,-9.794866908647993,-7.522069019547645,-7.522069019547645
PEKAO,2017-09,50,xgboost,,930e2dab9dde09b6c046aaac9085df36c8d94ae09fba74f2659ac538e2d52dec,5,2,40329,-1.0672345161437988,-10.062242211672482,-8.429377409010039,-8.429377409010039
PEKAO,2017-09,50,xgboost,,930e2dab9dde09b6c046aaac9085df36c8d94ae09fba74f2659ac538e2d52dec,5,3,40304,-0.7388853430747986,-9.518879074138287,-8.486773407004382,-8.486773407004382
PEKAO,2017-09,50,xgboost,,930e2dab9dde09b6c046aaac9085df36c8d94ae09fba74f2659ac538e2d52dec,5,4,40317,-0.439367413520813,-9.639699539081391,-9.063977813915587,-9.063977813915587
PEKAO,2017-09,50,xgboost,,930e2dab9dde09b6c046aaac9085df36c8d94ae09fba74f2659ac538e2d52dec,5,5,40337,-0.1795056164264679,-9.300605198076427,-9.031848230082879,-9.031848230082879
PEKAO,2017-09,50,xgboost,,930e2dab9dde09b6c046aaac9085df36c8d94ae09fba74f2659ac538e2d52dec,5,6,40327,0.07800821959972382,-8.885683056089915,-9.054019382582224,-8.914552143523315
PEKAO,2017-09,50,xgboost,,930e2dab9dde09b6c046aaac9085df36c8d94ae09fba74f2659ac538e2d52dec,5,7,40285,0.3443449139595032,-8.949974328335053,-9.193969979010397,-8.949974328335053
PEKAO,2017-09,50,xgboost,,930e2dab9dde09b6c046aaac9085df36c8d94ae09fba74f2659ac538e2d52dec,5,8,40349,0.639732301235199,-8.582826016291143,-9.316894013564923,-8.582826016291143
PEKAO,2017-09,50,xgboost,,930e2dab9dde09b6c046aaac9085df36c8d94ae09fba74f2659ac538e2d52dec,5,9,40285,0.9896607995033264,-8.266811440383067,-9.552048959218387,-8.266811440383067
PEKAO,2017-09,50,xgboost,,930e2dab9dde09b6c046aaac9085df36c8d94ae09fba74f2659ac538e2d52dec,5,10,40316,1.551863193511963,-7.059595126067866,-8.929888117383078,-7.059595126067866
PEKAO,2017-11,10,linear,,c4570afe43759b3b7cd9ae7c621e534f6e7c6a87f59b0c57e711917a36776d8b,0,1,48169,-0.6767400991293511,-6.982125582433522,-5.642853357326477,-5.642853357326477
PEKAO,2017-11,10,linear,,c4570afe43759b3b7cd9ae7c621e534f6e7c6a87f59b0c57e711917a36776d8b,0,2,48158,-0.48990527413091345,-9.091898786076058,-8.276605666073523,-8.276605666073523
PEKAO,2017-11,10,linear,,c4570afe43759b3b7cd9ae7c621e534f6e7c6a87f59b0c57e711917a36776d8b,0,3,48165,-0.34268266850435375,-10.129987741468739,-9.505306778803735,-9.505306778803735
PEKAO,2017-11,10,linear,,c4570afe43759b3b7cd9ae7c621e534f6e7c6a87f59b0c57e711917a36776d8b,0,4,48162,-0.20407713712874667,-10.64069937571807,-10.288978922819702,-10.288978922819702
PEKAO,2017-11,10,linear,,c4570afe43759b3b7cd9ae7c621e534f6e7c6a87f59b0c57e711917a36776d8b,0,5,48164,-0.0692137820580135,-10.856429727955515,-10.78518189214917,-10.78518189214917
PEKAO,2017-11,10,linear,,c4570afe43759b3b7cd9ae7c621e534f6e7c6a87f59b0c57e711917a36776d8b,0,6,48163,0.05846324396395863,-10.80579950319864,-10.863933960842548,-10.81547363563005
PEKAO,2017-11,10,linear,,c4570afe43759b3b7cd9ae7c621e534f6e7c6a87f59b0c57e711917a36776d8b,0,7,48163,0.19423956774078502,-9.929256429398018,-10.293242160332358,-9.929256429398018
PEKAO,2017-11,10,linear,,c4570afe43759b3b7cd9ae7c621e534f6e7c6a87f59b0c57e711917a36776d8b,0,8,48165,0.3354989076431797,-9.169959178479488,-9.755872408116687,-9.169959178479488
PEKAO,2017-11,10,linear,,c4570afe43759b3b7cd9ae7c621e534f6e7c6a87f59b0c57e711917a36776d8b,0,9,48190,0.48963425316872106,-8.270859569420445,-9.135818051689888,-8.270859569420445
PEKAO,2017-11,10,linear,,c4570afe43759b3b7cd9ae7c621e534f6e7c6a87f59b0c57e711917a36776d8b,0,10,48136,0.6934011149131933,-5.986580531048871,-7.513700352072636,-5.986580531048871
PEKAO,2017-11,10,linear,,c4570afe43759b3b7cd9ae7c621e534f6e7c6a87f59b0c57e711917a36776d8b,1,1,48169,-0.6767400991293511,-7.030469801846418,-5.907794951960956,-5.907794951960956
PEKAO,2017-11,10,linear,,c4570afe43759b3b7cd9ae7c621e534f6e7c6a87f59b0c57e711917a36776d8b,1,2,48158,-0.48990527413091345,-9.084274398404636,-8.355243020957383,-8.355243020957383
PEKAO,2017-11,10,linear,,c4570afe43759b3b7cd9ae7c621e534f6e7c6a87f59b0c57e711917a36776d8b,1,3,48165,-0.34268266850435375,-10.074006089457226,-9.489294489363813,-9.489294489363813
PEKAO,2017-11,10,linear,,c4570afe43759b3b7cd9ae7c621e534f6e7c6a87f59b0c57e711917a36776d8b,1,4,48162,-0.20407713712874667,-10.57771710563188,-10.246889530742513,-10.246889530742513
PEKAO,2017-11,10,linear,,c4570afe43759b3b7cd9ae7c621e534f6e7c6a87f59b0c57e711917a36776d8b,1,5,48164,-0.0692137820580135,-10.750926641701179,-10.701810913184516,-10.701810913184516
PEKAO,2017-11,10,linear,,c4570afe43759b3b7cd9ae7c621e534f6e7c6a87f59b0c57e711917a36776d8b,1,6,48163,0.05846324396395863,-10.738708278721118,-10.795223378908197,-10.749492358593566
PEKAO,2017-11,10,linear,,c4570afe43759b3b7cd9ae7c621e534f6e7c6a87f59b0c57e711917a36776d8b,1,7,48163,0.19423956774078502,-9.876081393897623,-10.214994840156091,-9.876081393897623
PEKAO,2017-11,10,linear,,c4570afe43759b3b7cd9ae7c621e534f6e7c6a87f59b0c57e711917a36776d8b,1,8,48165,0.3354989076431797,-9.155822891719517,-9.70855281344788,-9.155822891719517
PEKAO,2017-11,10,linear,,c4570afe43759b3b7cd9ae7c621e534f6e7c6a87f59b0c57e711917a36776d8b,1,9,48190,0.48963425316872106,-8.3250243831727,-9.100104989624045,-8.3250243831727
PEKAO,2017-11,10,linear,,c4570afe43759b3b7cd9ae7c621e534f6e7c6a87f59b0c57e711917a36776d8b,1,10,48136,0.6934011149131933,-6.2511874297755465,-7.541187402791753,-6.2511874297755465
PEKAO,2017-11,10,linear,,c4570afe43759b3b7cd9ae7c621e534f6e7c6a87f59b0c57e711917a36776d8b,5,1,48169,-0.6767400991293511,-7.116694236136547,-6.329693536659974,-6.329693536659974
PEKAO,2017-11,10,linear,,c4570afe43759b3b7cd9ae7c621e534f6e7c6a87f59b0c57e711917a36776d8b,5,2,48158,-0.48990527413091345,-9.013849519977901,-8.524543783275202,-8.524543783275202
PEKAO,2017-11,10,linear,,c4570afe43759b3b7cd9ae7c621e534f6e7c6a87f59b0c57e711917a36776d8b,5,3,48165,-0.34268266850435375,-9.927947684608439,-9.571734761620718,-9.571734761620718
PEKAO,2017-11,10,linear,,c4570afe43759b3b7cd9ae7c621e534f6e7c6a87f59b0c57e711917a36776d8b,5,4,48162,-0.20407713712874667,-10.478059098488245,-10.203527662516729,-10.203527662516729
PEKAO,2017-11,10,linear,,c4570afe43759b3b7cd9ae7c621e534f6e7c6a87f59b0c57e711917a36776d8b,5,5,48164,-0.0692137820580135,-10.602874527091927,-10.600579099935423,-10.600579099935423
PEKAO,2017-11,10,linear,,c4570afe43759b3b7cd9ae7c621e534f6e7c6a87f59b0c57e711917a36776d8b,5,6,48163,0.05846324396395863,-10.619039179148684,-10.680526844041129,-10.629310306402985
PEKAO,2017-11,10,linear,,c4570afe43759b3b7cd9ae7c621e534f6e7c6a87f59b0c57e711917a36776d8b,5,7,48163,0.19423956774078502,-9.811009204334537,-10.028698165073525,-9.811009204334537
PEKAO,2017-11,10,linear,,c4570afe43759b3b7cd9ae7c621e534f6e7c6a87f59b0c57e711917a36776d8b,5,8,48165,0.3354989076431797,-9.16326452069729,-9.589561462870082,-9.16326452069729
PEKAO,2017-11,10,linear,,c4570afe43759b3b7cd9ae7c621e534f6e7c6a87f59b0c57e711917a36776d8b,5,9,48190,0.48963425316872106,-8.460351816196164,-8.99571149220285,-8.460351816196164
PEKAO,2017-11,10,linear,,c4570afe43759b3b7cd9ae7c621e534f6e7c6a87f59b0c57e711917a36776d8b,5,10,48136,0.6934011149131933,-6.674424161169663,-7.535010494984875,-6.674424161169663
PEKAO,2017-11,10,xgboost,,f5892ec54d17f43d11d16c2eaea5982b93241313e7f471963f4bd8218208f4b5,0,1,48164,-0.8274481296539307,-7.354215839421692,-5.881141088638067,-5.881141088638067
PEKAO,2017-11,10,xgboost,,f5892ec54d17f43d11d16c2eaea5982b93241313e7f471963f4bd8218208f4b5,0,2,48163,-0.48297759890556335,-9.74482076584587,-8.893048852558953,-8.893048852558953
PEKAO,2017-11,10,xgboost,,f5892ec54d17f43d11d16c2eaea5982b93241313e7f471963f4bd8218208f4b5,0,3,48165,-0.31743940711021423,-10.149272376218539,-9.600692803313336,-9.600692803313336
PEKAO,2017-11,10,xgboost,,f5892ec54d17f43d11d16c2eaea5982b93241313e7f471963f4bd8218208f4b5,0,4,48168,-0.1792265921831131,-10.064377423288299,-9.685313616996693,-9.685313616996693
PEKAO,2017-11,10,xgboost,,f5892ec54d17f43d11d16c2eaea5982b93241313e7f471963f4bd8218208f4b5,0,5,48170,-0.06548687070608139,-10.16565693163348,-10.04281561427103,-10.04281561427103
PEKAO,2017-11,10,xgboost,,f5892ec54d17f43d11d16c2eaea5982b93241313e7f471963f4bd8218208f4b5,0,6,48152,0.04056581109762192,-9.916152331239513,-10.0022196663938,-9.914377847263713
PEKAO,2017-11,10,xgboost,,f5892ec54d17f43d11d16c2eaea5982b93241313e7f471963f4bd8218208f4b5,0,7,48166,0.15406329929828644,-9.761477240973564,-10.119401701339823,-9.761477240973564
PEKAO,2017-11,10,xgboost,,f5892ec54d17f43d11d16c2eaea5982b93241313e7f471963f4bd8218208f4b5,0,8,48161,0.28440916538238525,-10.45727803273219,-10.9782570167537,-10.45727803273219
PEKAO,2017-11,10,xgboost,,f5892ec54d17f43d11d16c2eaea5982b93241313e7f471963f4bd8218208f4b5,0,9,48164,0.4482792019844055,-8.20572681579582,-9.089716662238004,-8.20572681579582
PEKAO,2017-11,10,xgboost,,f5892ec54d17f43d11d16c2eaea5982b93241313e7f471963f4bd8218208f4b5,0,10,48162,0.7944872379302979,-6.045580772267512,-7.769546444713711,-6.045580772267512
PEKAO,2017-11,10,xgboost,,f5892ec54d17f43d11d16c2eaea5982b93241313e7f471963f4bd8218208f4b5,1,1,48164,-0.8274481296539307,-7.3629468830756215,-6.139181927411455,-6.139181927411455
PEKAO,2017-11,10,xgboost,,f5892ec54d17f43d11d16c2eaea5982b93241313e7f471963f4bd8218208f4b5,1,2,48163,-0.48297759890556335,-9.718135362281782,-8.92848259081878,-8.92848259081878
PEKAO,2017-11,10,xgboost,,f5892ec54d17f43d11d16c2eaea5982b93241313e7f471963f4bd8218208f4b5,1,3,48165,-0.31743940711021423,-10.095331892521434,-9.563999687425714,-9.563999687425714
PEKAO,2017-11,10,xgboost,,f5892ec54d17f43d11d16c2eaea5982b93241313e7f471963f4bd8218208f4b5,1,4,48168,-0.1792265921831131,-10.010536208354422,-9.655797516411043,-9.655797516411043
PEKAO,2017-11,10,xgboost,,f5892ec54d17f43d11d16c2eaea5982b93241313e7f471963f4bd8218208f4b5,1,5,48170,-0.06548687070608139,-10.104624051829155,-10.005742272099658,-10.005742272099658
PEKAO,2017-11,10,xgboost,,f5892ec54d17f43d11d16c2eaea5982b93241313e7f471963f4bd8218208f4b5,1,6,48152,0.04056581109762192,-9.87913442120751,-9.973705358233245,-9.882518410644707
PEKAO,2017-11,10,xgboost,,f5892ec54d17f43d11d16c2eaea5982b93241313e7f471963f4bd8218208f4b5,1,7,48166,0.15406329929828644,-9.71828569451425,-10.070437127641222,-9.71828569451425
PEKAO,2017-11,10,xgboost,,f5892ec54d17f43d11d16c2eaea5982b93241313e7f471963f4bd8218208f4b5,1,8,48161,0.28440916538238525,-10.423320037063604,-10.914466980845937,-10.423320037063604
PEKAO,2017-11,10,xgboost,,f5892ec54d17f43d11d16c2eaea5982b93241313e7f471963f4bd8218208f4b5,1,9,48164,0.4482792019844055,-8.220640406208176,-9.053899065660966,-8.220640406208176
PEKAO,2017-11,10,xgboost,,f5892ec54d17f43d11d16c2eaea5982b93241313e7f471963f4bd8218208f4b5,1,10,48162,0.7944872379302979,-6.332125592080688,-7.7560286168250965,-6.332125592080688
PEKAO,2017-11,10,xgboost,,f5892ec54d17f43d11d16c2eaea5982b93241313e7f471963f4bd8218208f4b5,5,1,48164,-0.8274481296539307,-7.405992217775815,-6.653988713249889,-6.653988713249889
PEKAO,2017-11,10,xgboost,,f5892ec54d17f43d11d16c2eaea5982b93241313e7f471963f4bd8218208f4b5,5,2,48163,-0.48297759890556335,-9.608025181035885,-9.030899160591874,-9.030899160591874
PEKAO,2017-11,10,xgboost,,f5892ec54d17f43d11d16c2eaea5982b93241313e7f471963f4bd8218208f4b5,5,3,48165,-0.31743940711021423,-9.983696604801711,-9.615409691348056,-9.615409691348056
PEKAO,2017-11,10,xgboost,,f5892ec54d17f43d11d16c2eaea5982b93241313e7f471963f4bd8218208f4b5,5,4,48168,-0.1792265921831131,-9.884254464964217,-9.629445665639746,-9.629445665639746
PEKAO,2017-11,10,xgboost,,f5892ec54d17f43d11d16c2eaea5982b93241313e7f471963f4bd8218208f4b5,5,5,48170,-0.06548687070608139,-9.997040905602637,-9.928563478046298,-9.928563478046298
PEKAO,2017-11,10,xgboost,,f5892ec54d17f43d11d16c2eaea5982b93241313e7f471963f4bd8218208f4b5,5,6,48152,0.04056581109762192,-9.804015904896016,-9.90132955974911,-9.813025535673754
PEKAO,2017-11,10,xgboost,,f5892ec54d17f43d11d16c2eaea5982b93241313e7f471963f4bd8218208f4b5,5,7,48166,0.15406329929828644,-9.663718700545523,-9.945693380260902,-9.663718700545523
PEKAO,2017-11,10,xgboost,,f5892ec54d17f43d11d16c2eaea5982b93241313e7f471963f4bd8218208f4b5,5,8,48161,0.28440916538238525,-10.331486227099429,-10.718615688867292,-10.331486227099429
PEKAO,2017-11,10,xgboost,,f5892ec54d17f43d11d16c2eaea5982b93241313e7f471963f4bd8218208f4b5,5,9,48164,0.4482792019844055,-8.381185275621252,-8.961008673591557,-8.381185275621252
PEKAO,2017-11,10,xgboost,,f5892ec54d17f43d11d16c2eaea5982b93241313e7f471963f4bd8218208f4b5,5,10,48162,0.7944872379302979,-6.808831972519634,-7.67523979558058,-6.808831972519634
PEKAO,2017-11,20,linear,,672ab5f5d628bb669dc7700197dda1143a2958c9cad52ce2b3429f8eb12409fb,0,1,48143,-0.9858811145843681,-7.6320306779553295,-5.676550110933235,-5.676550110933235
PEKAO,2017-11,20,linear,,672ab5f5d628bb669dc7700197dda1143a2958c9cad52ce2b3429f8eb12409fb,0,2,48146,-0.7269838849076473,-9.534296245093396,-8.38314901018532,-8.38314901018532
PEKAO,2017-11,20,linear,,672ab5f5d628bb669dc7700197dda1143a2958c9cad52ce2b3429f8eb12409fb,0,3,48142,-0.5137138844703364,-10.142005002861215,-9.355343707995818,-9.355343707995818
PEKAO,2017-11,20,linear,,672ab5f5d628bb669dc7700197dda1143a2958c9cad52ce2b3429f8eb12409fb,0,4,48139,-0.30836804218040675,-10.63380004482254,-10.05798855542912,-10.05798855542912
PEKAO,2017-11,20,linear,,672ab5f5d628bb669dc7700197dda1143a2958c9cad52ce2b3429f8eb12409fb,0,5,48143,-0.10451001802558736,-10.260026763893764,-10.209950615678661,-10.209950615678661
PEKAO,2017-11,20,linear,,672ab5f5d628bb669dc7700197dda1143a2958c9cad52ce2b3429f8eb12409fb,0,6,48147,0.08929613401571222,-10.446353221629646,-10.489941619078959,-10.44841194505526
PEKAO,2017-11,20,linear,,672ab5f5d628bb669dc7700197dda1143a2958c9cad52ce2b3429f8eb12409fb,0,7,48137,0.29241305628940495,-9.69407258270351,-10.269372476468506,-9.69407258270351
PEKAO,2017-11,20,linear,,672ab5f5d628bb669dc7700197dda1143a2958c9cad52ce2b3429f8eb12409fb,0,8,48146,0.5003932751632584,-9.086402214191393,-9.977024276590312,-9.086402214191393
PEKAO,2017-11,20,linear,,672ab5f5d628bb669dc7700197dda1143a2958c9cad52ce2b3429f8eb12409fb,0,9,48139,0.7246662399480088,-8.302703256711487,-9.547130987953109,-8.302703256711487
PEKAO,2017-11,20,linear,,672ab5f5d628bb669dc7700197dda1143a2958c9cad52ce2b3429f8eb12409fb,0,10,48143,1.0084414997709945,-6.039431566363009,-8.189314311412309,-6.039431566363009
PEKAO,2017-11,20,linear,,672ab5f5d628bb669dc7700197dda1143a2958c9cad52ce2b3429f8eb12409fb,1,1,48143,-0.9858811145843681,-7.649143838391114,-5.943637217271718,-5.943637217271718
PEKAO,2017-11,20,linear,,672ab5f5d628bb669dc7700197dda1143a2958c9cad52ce2b3429f8eb12409fb,1,2,48146,-0.7269838849076473,-9.514600893450245,-8.46923480708489,-8.46923480708489
PEKAO,2017-11,20,linear,,672ab5f5d628bb669dc7700197dda1143a2958c9cad52ce2b3429f8eb12409fb,1,3,48142,-0.5137138844703364,-10.07238174887452,-9.36232661736447,-9.36232661736447
PEKAO,2017-11,20,linear,,672ab5f5d628bb669dc7700197dda1143a2958c9cad52ce2b3429f8eb12409fb,1,4,48139,-0.30836804218040675,-10.57438798032271,-10.0297248731865,-10.0297248731865
PEKAO,2017-11,20,linear,,672ab5f5d628bb669dc7700197dda1143a2958c9cad52ce2b3429f8eb12409fb,1,5,48143,-0.10451001802558736,-10.167424391546964,-10.133558383146594,-10.133558383146594
PEKAO,2017-11,20,linear,,672ab5f5d628bb669dc7700197dda1143a2958c9cad52ce2b3429f8eb12409fb,1,6,48147,0.08929613401571222,-10.393343398239985,-10.422930795808073,-10.395515475288805
PEKAO,2017-11,20,linear,,672ab5f5d628bb669dc7700197dda1143a2958c9cad52ce2b3429f8eb12409fb,1,7,48137,0.29241305628940495,-9.651816532751642,-10.200911653791103,-9.651816532751642
PEKAO,2017-11,20,linear,,672ab5f5d628bb669dc7700197dda1143a2958c9cad52ce2b3429f8eb12409fb,1,8,48146,0.5003932751632584,-9.084129718761247,-9.918740956507708,-9.084129718761247
PEKAO,2017-11,20,linear,,672ab5f5d628bb669dc7700197dda1143a2958c9cad52ce2b3429f8eb12409fb,1,9,48139,0.7246662399480088,-8.36675960556744,-9.489661888147541,-8.36675960556744
PEKAO,2017-11,20,linear,,672ab5f5d628bb669dc7700197dda1143a2958c9cad52ce2b3429f8eb12409fb,1,10,48143,1.0084414997709945,-6.297964948077783,-8.185040626987071,-6.297964948077783
PEKAO,2017-11,20,linear,,672ab5f5d628bb669dc7700197dda1143a2958c9cad52ce2b3429f8eb12409fb,5,1,48143,-0.9858811145843681,-7.644207070454277,-6.3694038542440214,-6.3694038542440214
PEKAO,2017-11,20,linear,,672ab5f5d628bb669dc7700197dda1143a2958c9cad52ce2b3429f8eb12409fb,5,2,48146,-0.7269838849076473,-9.395154596625021,-8.661878129806912,-8.661878129806912
PEKAO,2017-11,20,linear,,672ab5f5d628bb669dc7700197dda1143a2958c9cad52ce2b3429f8eb12409fb,5,3,48142,-0.5137138844703364,-9.882778357573095,-9.489966908790358,-9.489966908790358
PEKAO,2017-11,20,linear,,672ab5f5d628bb669dc7700197dda1143a2958c9cad52ce2b3429f8eb12409fb,5,4,48139,-0.30836804218040675,-10.461464429071652,-10.041330807637099,-10.041330807637099
PEKAO,2017-11,20,linear,,672ab5f5d628bb669dc7700197dda1143a2958c9cad52ce2b3429f8eb12409fb,5,5,48143,-0.10451001802558736,-10.05305528175606,-10.063668160903761,-10.063668160903761
PEKAO,2017-11,20,linear,,672ab5f5d628bb669dc7700197dda1143a2958c9cad52ce2b3429f8eb12409fb,5,6,48147,0.08929613401571222,-10.305692666964417,-10.301078734243577,-10.312708660317634
PEKAO,2017-11,20,linear,,672ab5f5d628bb669dc7700197dda1143a2958c9cad52ce2b3429f8eb12409fb,5,7,48137,0.29241305628940495,-9.62111125089622,-10.043355181607305,-9.62111125089622
PEKAO,2017-11,20,linear,,672ab5f5d628bb669dc7700197dda1143a2958c9cad52ce2b3429f8eb12409fb,5,8,48146,0.5003932751632584,-9.147093498495645,-9.773239579706013,-9.147093498495645
PEKAO,2017-11,20,linear,,672ab5f5d628bb669dc7700197dda1143a2958c9cad52ce2b3429f8eb12409fb,5,9,48139,0.7246662399480088,-8.536826400120118,-9.32419222869422,-8.536826400120118
PEKAO,2017-11,20,linear,,672ab5f5d628bb669dc7700197dda1143a2958c9cad52ce2b3429f8eb12409fb,5,10,48143,1.0084414997709945,-6.727652973140365,-8.086625165846552,-6.727652973140365
PEKAO,2017-11,20,xgboost,,8d77f4b9e75e93c06a9253c0898eaa086a2a4df01bac046f774414cf5d4a7da5,0,1,48143,-1.1672297716140747,-8.101206133942693,-6.119925699066854,-6.119925699066854
PEKAO,2017-11,20,xgboost,,8d77f4b9e75e93c06a9253c0898eaa086a2a4df01bac046f774414cf5d4a7da5,0,2,48150,-0.7355193495750427,-9.730322804331552,-8.385370949480372,-8.385370949480372
PEKAO,2017-11,20,xgboost,,8d77f4b9e75e93c06a9253c0898eaa086a2a4df01bac046f774414cf5d4a7da5,0,3,48135,-0.49582257866859436,-10.250160528743987,-9.490756072028892,-9.490756072028892
PEKAO,2017-11,20,xgboost,,8d77f4b9e75e93c06a9253c0898eaa086a2a4df01bac046f774414cf5d4a7da5,0,4,48162,-0.2780258357524872,-9.686283407663874,-9.16992979098427,-9.16992979098427
PEKAO,2017-11,20,xgboost,,8d77f4b9e75e93c06a9253c0898eaa086a2a4df01bac046f774414cf5d4a7da5,0,5,48136,-0.10109952837228775,-10.241706465290681,-10.088392537617002,-10.088392537617002
PEKAO,2017-11,20,xgboost,,8d77f4b9e75e93c06a9253c0898eaa086a2a4df01bac046f774414cf5d4a7da5,0,6,48133,0.06764785200357437,-10.080824451434767,-10.225965750452472,-10.082050264614018
PEKAO,2017-11,20,xgboost,,8d77f4b9e75e93c06a9253c0898eaa086a2a4df01bac046f774414cf5d4a7da5,0,7,48149,0.2500758469104767,-9.812105448483594,-10.308826121399902,-9.812105448483594
PEKAO,2017-11,20,xgboost,,8d77f4b9e75e93c06a9253c0898eaa086a2a4df01bac046f774414cf5d4a7da5,0,8,48148,0.44637855887413025,-9.646523142600444,-10.512404727630535,-9.646523142600444
PEKAO,2017-11,20,xgboost,,8d77f4b9e75e93c06a9253c0898eaa086a2a4df01bac046f774414cf5d4a7da5,0,9,48126,0.689282238483429,-8.301033125914747,-9.598787596239594,-8.301033125914747
PEKAO,2017-11,20,xgboost,,8d77f4b9e75e93c06a9253c0898eaa086a2a4df01bac046f774414cf5d4a7da5,0,10,48143,1.103493332862854,-5.9207474642612405,-8.255661725197692,-5.9207474642612405
PEKAO,2017-11,20,xgboost,,8d77f4b9e75e93c06a9253c0898eaa086a2a4df01bac046f774414cf5d4a7da5,1,1,48143,-1.1672297716140747,-8.084243084048788,-6.372871314553439,-6.372871314553439
PEKAO,2017-11,20,xgboost,,8d77f4b9e75e93c06a9253c0898eaa086a2a4df01bac046f774414cf5d4a7da5,1,2,48150,-0.7355193495750427,-9.68673516102269,-8.441513173744816,-8.441513173744816
PEKAO,2017-11,20,xgboost,,8d77f4b9e75e93c06a9253c0898eaa086a2a4df01bac046f774414cf5d4a7da5,1,3,48135,-0.49582257866859436,-10.188496806865972,-9.461321456097414,-9.461321456097414
PEKAO,2017-11,20,xgboost,,8d77f4b9e75e93c06a9253c0898eaa086a2a4df01bac046f774414cf5d4a7da5,1,4,48162,-0.2780258357524872,-9.637801399196002,-9.162785988308581,-9.162785988308581
PEKAO,2017-11,20,xgboost,,8d77f4b9e75e93c06a9253c0898eaa086a2a4df01bac046f774414cf5d4a7da5,1,5,48136,-0.10109952837228775,-10.187410228441188,-10.046873768724204,-10.046873768724204
PEKAO,2017-11,20,xgboost,,8d77f4b9e75e93c06a9253c0898eaa086a2a4df01bac046f774414cf5d4a7da5,1,6,48133,0.06764785200357437,-10.033794166797673,-10.18660912672827,-10.039931716945077
PEKAO,2017-11,20,xgboost,,8d77f4b9e75e93c06a9253c0898eaa086a2a4df01bac046f774414cf5d4a7da5,1,7,48149,0.2500758469104767,-9.783485255580079,-10.252249736342485,-9.783485255580079
PEKAO,2017-11,20,xgboost,,8d77f4b9e75e93c06a9253c0898eaa086a2a4df01bac046f774414cf5d4a7da5,1,8,48148,0.44637855887413025,-9.631476714131097,-10.45797706999991,-9.631476714131097
PEKAO,2017-11,20,xgboost,,8d77f4b9e75e93c06a9253c0898eaa086a2a4df01bac046f774414cf5d4a7da5,1,9,48126,0.689282238483429,-8.342650783933715,-9.541382697518683,-8.342650783933715
PEKAO,2017-11,20,xgboost,,8d77f4b9e75e93c06a9253c0898eaa086a2a4df01bac046f774414cf5d4a7da5,1,10,48143,1.103493332862854,-6.195668792264005,-8.232418447340212,-6.195668792264005
PEKAO,2017-11,20,xgboost,,8d77f4b9e75e93c06a9253c0898eaa086a2a4df01bac046f774414cf5d4a7da5,5,1,48143,-1.1672297716140747,-8.017701560087275,-6.8314258793277896,-6.8314258793277896
PEKAO,2017-11,20,xgboost,,8d77f4b9e75e93c06a9253c0898eaa086a2a4df01bac046f774414cf5d4a7da5,5,2,48150,-0.7355193495750427,-9.541400293627207,-8.641987137056534,-8.641987137056534
PEKAO,2017-11,20,xgboost,,8d77f4b9e75e93c06a9253c0898eaa086a2a4df01bac046f774414cf5d4a7da5,5,3,48135,-0.49582257866859436,-10.02040430011258,-9.529115322690808,-9.529115322690808
PEKAO,2017-11,20,xgboost,,8d77f4b9e75e93c06a9253c0898eaa086a2a4df01bac046f774414cf5d4a7da5,5,4,48162,-0.2780258357524872,-9.558659271301305,-9.224790584247136,-9.224790584247136
PEKAO,2017-11,20,xgboost,,8d77f4b9e75e93c06a9253c0898eaa086a2a4df01bac046f774414cf5d4a7da5,5,5,48136,-0.10109952837228775,-10.05395886523407,-9.97736476429941,-9.97736476429941
PEKAO,2017-11,20,xgboost,,8d77f4b9e75e93c06a9253c0898eaa086a2a4df01bac046f774414cf5d4a7da5,5,6,48133,0.06764785200357437,-9.995591826922482,-10.087430783827637,-10.005965253885392
PEKAO,2017-11,20,xgboost,,8d77f4b9e75e93c06a9253c0898eaa086a2a4df01bac046f774414cf5d4a7da5,5,7,48149,0.2500758469104767,-9.763577360587462,-10.122039864037616,-9.763577360587462
PEKAO,2017-11,20,xgboost,,8d77f4b9e75e93c06a9253c0898eaa086a2a4df01bac046f774414cf5d4a7da5,5,8,48148,0.44637855887413025,-9.626776534838488,-10.29160049698356,-9.626776534838488
PEKAO,2017-11,20,xgboost,,8d77f4b9e75e93c06a9253c0898eaa086a2a4df01bac046f774414cf5d4a7da5,5,9,48126,0.689282238483429,-8.514753192217366,-9.374423278169074,-8.514753192217366
PEKAO,2017-11,20,xgboost,,8d77f4b9e75e93c06a9253c0898eaa086a2a4df01bac046f774414cf5d4a7da5,5,10,48143,1.103493332862854,-6.682075707218052,-8.074719672988053,-6.682075707218052
PEKAO,2017-11,50,linear,,dea0e481c943c4b4cdbd0e39e063cda5d8dc7116df3d275df75ca60c4f7e14fe,0,1,48086,-1.3930959316399594,-8.842800422753966,-6.076035987946715,-6.076035987946715
PEKAO,2017-11,50,linear,,dea0e481c943c4b4cdbd0e39e063cda5d8dc7116df3d275df75ca60c4f7e14fe,0,2,48073,-1.0642495314882956,-9.954453729679877,-8.476758943291932,-8.476758943291932
PEKAO,2017-11,50,linear,,dea0e481c943c4b4cdbd0e39e063cda5d8dc7116df3d275df75ca60c4f7e14fe,0,3,48080,-0.7633953046403168,-10.194044601844693,-9.107709012428394,-9.107709012428394
PEKAO,2017-11,50,linear,,dea0e481c943c4b4cdbd0e39e063cda5d8dc7116df3d275df75ca60c4f7e14fe,0,4,48080,-0.46332818339313125,-9.908177369058095,-9.412367123505314,-9.412367123505314
PEKAO,2017-11,50,linear,,dea0e481c943c4b4cdbd0e39e063cda5d8dc7116df3d275df75ca60c4f7e14fe,0,5,48079,-0.15940391931244682,-9.530362473394426,-9.505300787786465,-9.505300787786465
PEKAO,2017-11,50,linear,,dea0e481c943c4b4cdbd0e39e063cda5d8dc7116df3d275df75ca60c4f7e14fe,0,6,48079,0.12969274142469156,-9.738289627840627,-9.875462449940771,-9.735377163341512
PEKAO,2017-11,50,linear,,dea0e481c943c4b4cdbd0e39e063cda5d8dc7116df3d275df75ca60c4f7e14fe,0,7,48093,0.43016714608045137,-9.351212584690915,-10.09608720943129,-9.351212584690915
PEKAO,2017-11,50,linear,,dea0e481c943c4b4cdbd0e39e063cda5d8dc7116df3d275df75ca60c4f7e14fe,0,8,48066,0.7303264344406042,-8.932691364807155,-10.115522544012313,-8.932691364807155
PEKAO,2017-11,50,linear,,dea0e481c943c4b4cdbd0e39e063cda5d8dc7116df3d275df75ca60c4f7e14fe,0,9,48083,1.0471002460718861,-8.404857077964571,-10.279058235160024,-8.404857077964571
PEKAO,2017-11,50,linear,,dea0e481c943c4b4cdbd0e39e063cda5d8dc7116df3d275df75ca60c4f7e14fe,0,10,48076,1.4106300400028553,-6.635474588892779,-9.471737811206133,-6.635474588892779
PEKAO,2017-11,50,linear,,dea0e481c943c4b4cdbd0e39e063cda5d8dc7116df3d275df75ca60c4f7e14fe,1,1,48086,-1.3930959316399594,-8.819716570356118,-6.328892266323037,-6.328892266323037
PEKAO,2017-11,50,linear,,dea0e481c943c4b4cdbd0e39e063cda5d8dc7116df3d275df75ca60c4f7e14fe,1,2,48073,-1.0642495314882956,-9.904231774318554,-8.575537934096728,-8.575537934096728
PEKAO,2017-11,50,linear,,dea0e481c943c4b4cdbd0e39e063cda5d8dc7116df3d275df75ca60c4f7e14fe,1,3,48080,-0.7633953046403168,-10.126220128093777,-9.124963382625351,-9.124963382625351
PEKAO,2017-11,50,linear,,dea0e481c943c4b4cdbd0e39e063cda5d8dc7116df3d275df75ca60c4f7e14fe,1,4,48080,-0.46332818339313125,-9.856758246871271,-9.392781965933708,-9.392781965933708
PEKAO,2017-11,50,linear,,dea0e481c943c4b4cdbd0e39e063cda5d8dc7116df3d275df75ca60c4f7e14fe,1,5,48079,-0.15940391931244682,-9.480342701170018,-9.469702313577466,-9.469702313577466
PEKAO,2017-11,50,linear,,dea0e481c943c4b4cdbd0e39e063cda5d8dc7116df3d275df75ca60c4f7e14fe,1,6,48079,0.12969274142469156,-9.686164089923215,-9.80556637644082,-9.673540144541658
PEKAO,2017-11,50,linear,,dea0e481c943c4b4cdbd0e39e063cda5d8dc7116df3d275df75ca60c4f7e14fe,1,7,48093,0.43016714608045137,-9.336037836056226,-10.022946489488001,-9.336037836056226
PEKAO,2017-11,50,linear,,dea0e481c943c4b4cdbd0e39e063cda5d8dc7116df3d275df75ca60c4f7e14fe,1,8,48066,0.7303264344406042,-8.93740854646812,-10.050887430699964,-8.93740854646812
PEKAO,2017-11,50,linear,,dea0e481c943c4b4cdbd0e39e063cda5d8dc7116df3d275df75ca60c4f7e14fe,1,9,48083,1.0471002460718861,-8.4675512732146,-10.220655485595753,-8.4675512732146
PEKAO,2017-11,50,linear,,dea0e481c943c4b4cdbd0e39e063cda5d8dc7116df3d275df75ca60c4f7e14fe,1,10,48076,1.4106300400028553,-6.8784298720075565,-9.423001001709977,-6.8784298720075565
PEKAO,2017-11,50,linear,,dea0e481c943c4b4cdbd0e39e063cda5d8dc7116df3d275df75ca60c4f7e14fe,5,1,48086,-1.3930959316399594,-8.669303594961889,-6.763031546080604,-6.763031546080604
PEKAO,2017-11,50,linear,,dea0e481c943c4b4cdbd0e39e063cda5d8dc7116df3d275df75ca60c4f7e14fe,5,2,48073,-1.0642495314882956,-9.736906878960436,-8.792589962903028,-8.792589962903028
PEKAO,2017-11,50,linear,,dea0e481c943c4b4cdbd0e39e063cda5d8dc7116df3d275df75ca60c4f7e14fe,5,3,48080,-0.7633953046403168,-9.956985387963755,-9.277445131322157,-9.277445131322157
PEKAO,2017-11,50,linear,,dea0e481c943c4b4cdbd0e39e063cda5d8dc7116df3d275df75ca60c4f7e14fe,5,4,48080,-0.46332818339313125,-9.749990105554653,-9.426814724975408,-9.426814724975408
PEKAO,2017-11,50,linear,,dea0e481c943c4b4cdbd0e39e063cda5d8dc7116df3d275df75ca60c4f7e14fe,5,5,48079,-0.15940391931244682,-9.417930478187236,-9.436862520557119,-9.436862520557119
PEKAO,2017-11,50,linear,,dea0e481c943c4b4cdbd0e39e063cda5d8dc7116df3d275df75ca60c4f7e14fe,5,6,48079,0.12969274142469156,-9.618618228096633,-9.724873836981443,-9.60718063023397
PEKAO,2017-11,50,linear,,dea0e481c943c4b4cdbd0e39e063cda5d8dc7116df3d275df75ca60c4f7e14fe,5,7,48093,0.43016714608045137,-9.388396467962197,-9.875368987325668,-9.388396467962197
PEKAO,2017-11,50,linear,,dea0e481c943c4b4cdbd0e39e063cda5d8dc7116df3d275df75ca60c4f7e14fe,5,8,48066,0.7303264344406042,-9.0287481425935,-9.885358789049398,-9.0287481425935
PEKAO,2017-11,50,linear,,dea0e481c943c4b4cdbd0e39e063cda5d8dc7116df3d275df75ca60c4f7e14fe,5,9,48083,1.0471002460718861,-8.638800289396642,-10.041533208855917,-8.638800289396642
PEKAO,2017-11,50,linear,,dea0e481c943c4b4cdbd0e39e063cda5d8dc7116df3d275df75ca60c4f7e14fe,5,10,48076,1.4106300400028553,-7.289730541268221,-9.18742336205463,-7.289730541268221
PEKAO,2017-11,50,xgboost,,63a51780d1c9f0adbe76309261ad6fc307dd906641d898091f4662b863a09f11,0,1,48084,-1.5999069213867188,-9.540397439837864,-6.599367158318487,-6.599367158318487
PEKAO,2017-11,50,xgboost,,63a51780d1c9f0adbe76309261ad6fc307dd906641d898091f4662b863a09f11,0,2,48089,-1.0640159845352173,-9.789952631170319,-7.960078960258272,-7.960078960258272
PEKAO,2017-11,50,xgboost,,63a51780d1c9f0adbe76309261ad6fc307dd906641d898091f4662b863a09f11,0,3,48072,-0.7142046689987183,-9.96821535009311,-9.053442924762535,-9.053442924762535
PEKAO,2017-11,50,xgboost,,63a51780d1c9f0adbe76309261ad6fc307dd906641d898091f4662b863a09f11,0,4,48073,-0.39966025948524475,-9.491426003096015,-9.050543516923844,-9.050543516923844
PEKAO,2017-11,50,xgboost,,63a51780d1c9f0adbe76309261ad6fc307dd906641d898091f4662b863a09f11,0,5,48121,-0.15191355347633362,-9.643604428571523,-9.504893617475942,-9.504893617475942
PEKAO,2017-11,50,xgboost,,63a51780d1c9f0adbe76309261ad6fc307dd906641d898091f4662b863a09f11,0,6,48039,0.09889239817857742,-9.580434145921414,-9.889660382360226,-9.637928259201255
PEKAO,2017-11,50,xgboost,,63a51780d1c9f0adbe76309261ad6fc307dd906641d898091f4662b863a09f11,0,7,48079,0.3643893599510193,-9.330525499397954,-10.080463760292133,-9.330525499397954
PEKAO,2017-11,50,xgboost,,63a51780d1c9f0adbe76309261ad6fc307dd906641d898091f4662b863a09f11,0,8,48080,0.6462063789367676,-9.194546017886923,-10.363861649180112,-9.194546017886923
PEKAO,2017-11,50,xgboost,,63a51780d1c9f0adbe76309261ad6fc307dd906641d898091f4662b863a09f11,0,9,48078,0.9931935667991638,-8.091041290091638,-10.016430291009828,-8.091041290091638
PEKAO,2017-11,50,xgboost,,63a51780d1c9f0adbe76309261ad6fc307dd906641d898091f4662b863a09f11,0,10,48080,1.5125492811203003,-6.862265229942974,-9.89779601617659,-6.862265229942974
PEKAO,2017-11,50,xgboost,,63a51780d1c9f0adbe76309261ad6fc307dd906641d898091f4662b863a09f11,1,1,48084,-1.5999069213867188,-9.476389994953804,-6.817072288996367,-6.817072288996367
PEKAO,2017-11,50,xgboost,,63a51780d1c9f0adbe76309261ad6fc307dd906641d898091f4662b863a09f11,1,2,48089,-1.0640159845352173,-9.74357106752369,-8.037076197322225,-8.037076197322225
PEKAO,2017-11,50,xgboost,,63a51780d1c9f0adbe76309261ad6fc307dd906641d898091f4662b863a09f11,1,3,48072,-0.7142046689987183,-9.90639338469348,-9.043249724366405,-9.043249724366405
PEKAO,2017-11,50,xgboost,,63a51780d1c9f0adbe76309261ad6fc307dd906641d898091f4662b863a09f11,1,4,48073,-0.39966025948524475,-9.450131759520112,-9.057151004445792,-9.057151004445792
PEKAO,2017-11,50,xgboost,,63a51780d1c9f0adbe76309261ad6fc307dd906641d898091f4662b863a09f11,1,5,48121,-0.15191355347633362,-9.59782948451265,-9.481632942654766,-9.481632942654766
PEKAO,2017-11,50,xgboost,,63a51780d1c9f0adbe76309261ad6fc307dd906641d898091f4662b863a09f11,1,6,48039,0.09889239817857742,-9.55883821520734,-9.852530466382628,-9.618687822335358
PEKAO,2017-11,50,xgboost,,63a51780d1c9f0adbe76309261ad6fc307dd906641d898091f4662b863a09f11,1,7,48079,0.3643893599510193,-9.325738302044519,-10.031654255793496,-9.325738302044519
PEKAO,2017-11,50,xgboost,,63a51780d1c9f0adbe76309261ad6fc307dd906641d898091f4662b863a09f11,1,8,48080,0.6462063789367676,-9.195986018567655,-10.306232107121332,-9.195986018567655
PEKAO,2017-11,50,xgboost,,63a51780d1c9f0adbe76309261ad6fc307dd906641d898091f4662b863a09f11,1,9,48078,0.9931935667991638,-8.14293212624867,-9.95264542289849,-8.14293212624867
PEKAO,2017-11,50,xgboost,,63a51780d1c9f0adbe76309261ad6fc307dd906641d898091f4662b863a09f11,1,10,48080,1.5125492811203003,-7.095100044755787,-9.83615847664286,-7.095100044755787
PEKAO,2017-11,50,xgboost,,63a51780d1c9f0adbe76309261ad6fc307dd906641d898091f4662b863a09f11,5,1,48084,-1.5999069213867188,-9.24875855156309,-7.227972166812308,-7.227972166812308
PEKAO,2017-11,50,xgboost,,63a51780d1c9f0adbe76309261ad6fc307dd906641d898091f4662b863a09f11,5,2,48089,-1.0640159845352173,-9.574135922894666,-8.287915202587644,-8.287915202587644
PEKAO,2017-11,50,xgboost,,63a51780d1c9f0adbe76309261ad6fc307dd906641d898091f4662b863a09f11,5,3,48072,-0.7142046689987183,-9.78005898420027,-9.159271324666188,-9.159271324666188
PEKAO,2017-11,50,xgboost,,63a51780d1c9f0adbe76309261ad6fc307dd906641d898091f4662b863a09f11,5,4,48073,-0.39966025948524475,-9.356186358882951,-9.13440654152537,-9.13440654152537
PEKAO,2017-11,50,xgboost,,63a51780d1c9f0adbe76309261ad6fc307dd906641d898091f4662b863a09f11,5,5,48121,-0.15191355347633362,-9.523351652301338,-9.467904466802604,-9.467904466802604
PEKAO,2017-11,50,xgboost,,63a51780d1c9f0adbe76309261ad6fc307dd906641d898091f4662b863a09f11,5,6,48039,0.09889239817857742,-9.531494456222743,-9.782876894725446,-9.582429773673622
PEKAO,2017-11,50,xgboost,,63a51780d1c9f0adbe76309261ad6fc307dd906641d898091f4662b863a09f11,5,7,48079,0.3643893599510193,-9.373240670389677,-9.912518355862675,-9.373240670389677
PEKAO,2017-11,50,xgboost,,63a51780d1c9f0adbe76309261ad6fc307dd906641d898091f4662b863a09f11,5,8,48080,0.6462063789367676,-9.266381592036222,-10.155786112676882,-9.266381592036222
PEKAO,2017-11,50,xgboost,,63a51780d1c9f0adbe76309261ad6fc307dd906641d898091f4662b863a09f11,5,9,48078,0.9931935667991638,-8.358830081808147,-9.742966107608309,-8.358830081808147
PEKAO,2017-11,50,xgboost,,63a51780d1c9f0adbe76309261ad6fc307dd906641d898091f4662b863a09f11,5,10,48080,1.5125492811203003,-7.4830596432768735,-9.540085317265543,-7.4830596432768735
