symbol,horizon,model,control_seed,bin,day,latency,long_crossed_bps,prediction_bps,rows,short_crossed_bps
KGHM,10,linear,,1.0,all,0,-6.870438310630771,-0.6003665522564912,8718,-5.500256455156896
KGHM,10,linear,,2.0,all,0,-8.905883977178817,-0.3989037339914297,8716,-8.094740586262178
KGHM,10,linear,,3.0,all,0,-9.858208551172709,-0.25214771243793677,8717,-9.232785909895943
KGHM,10,linear,,4.0,all,0,-10.644750522402894,-0.10522480141946253,8716,-9.994342642713503
KGHM,10,linear,,5.0,all,0,-11.902467867046914,0.03075553244922619,8720,-11.789990347516927
KGHM,10,linear,,6.0,all,0,-10.460970395805031,0.15034555124366622,8719,-10.454514339358292
KGHM,10,linear,,7.0,all,0,-10.161006492485992,0.2624615245020034,8712,-10.571164845789703
KGHM,10,linear,,8.0,all,0,-9.233763520823688,0.37761927750443874,8716,-9.977785417148514
KGHM,10,linear,,9.0,all,0,-7.646473968421953,0.49956386189611035,8719,-8.670292098096477
KGHM,10,linear,,10.0,all,0,-5.408439631699691,0.6500915406646429,8715,-6.78708924054426
KGHM,10,linear,,1.0,2017-12-27,0,-6.308748054342895,-0.6074151567458995,3381,-5.162435303298808
KGHM,10,linear,,2.0,2017-12-27,0,-7.577213807174983,-0.39892798760195886,2540,-7.212320678972338
KGHM,10,linear,,3.0,2017-12-27,0,-8.321207429297031,-0.2501893723157439,1864,-8.04120472728362
KGHM,10,linear,,4.0,2017-12-27,0,-7.942580018311767,-0.1062118588379277,1912,-7.4599203221935815
KGHM,10,linear,,5.0,2017-12-27,0,-8.652469013791539,0.028124402558861457,1892,-8.572803357796293
KGHM,10,linear,,6.0,2017-12-27,0,-8.598386901709931,0.15252004943509984,1789,-8.691730862617774
KGHM,10,linear,,7.0,2017-12-27,0,-7.392397633936732,0.2632472377520864,1761,-8.024220412215033
KGHM,10,linear,,8.0,2017-12-27,0,-7.6535609274171525,0.38349563624523847,1721,-8.435459071486552
KGHM,10,linear,,9.0,2017-12-27,0,-7.21113774858195,0.5000097803794382,2494,-8.010203467467491
KGHM,10,linear,,10.0,2017-12-27,0,-5.128528661093952,0.6476179895495096,3035,-6.265389578152207
KGHM,10,linear,,1.0,2017-12-28,0,-7.2534647714363185,-0.5890938702608889,2756,-5.643056111799414
KGHM,10,linear,,2.0,2017-12-28,0,-9.318935062967114,-0.40002550601255527,2819,-8.048268220052602
KGHM,10,linear,,3.0,2017-12-28,0,-9.363114614379679,-0.24911975333425032,3166,-8.583592791107169
KGHM,10,linear,,4.0,2017-12-28,0,-10.607703839638228,-0.10533187269947614,3303,-9.859067277336424
KGHM,10,linear,,5.0,2017-12-28,0,-11.256917549248953,0.032615531170493324,3042,-11.097978891415332
KGHM,10,linear,,6.0,2017-12-28,0,-9.77809926911904,0.14860692760852176,3848,-9.562473569856701
KGHM,10,linear,,7.0,2017-12-28,0,-10.323018188226854,0.2626236471529114,3899,-10.552220490731196
KGHM,10,linear,,8.0,2017-12-28,0,-9.643198459993858,0.37604412435876317,3908,-10.47154138377545
KGHM,10,linear,,9.0,2017-12-28,0,-7.811832504495398,0.5012304650536645,4012,-8.612085279458455
KGHM,10,linear,,10.0,2017-12-28,0,-5.65947167757814,0.6544740282897388,4332,-7.1293701925903985
KGHM,10,linear,,1.0,2017-12-29,0,-7.1972317358648725,-0.6031701864297533,2581,-5.790305839397663
KGHM,10,linear,,2.0,2017-12-29,0,-9.56433831765321,-0.3979433885942605,3357,-8.801428749759642
KGHM,10,linear,,3.0,2017-12-29,0,-11.060388506437961,-0.2557378574094689,3687,-10.392659177721987
KGHM,10,linear,,4.0,2017-12-29,0,-12.15543752525749,-0.1045847242352322,3501,-11.506090717170682
KGHM,10,linear,,5.0,2017-12-29,0,-14.045299852546268,0.03057591851432801,3786,-13.953755966643309
KGHM,10,linear,,6.0,2017-12-29,0,-12.394730930011335,0.1512540672993318,3082,-12.59150088086735
KGHM,10,linear,,7.0,2017-12-29,0,-11.551516518112344,0.26180105358152944,3052,-12.064950293986985
KGHM,10,linear,,8.0,2017-12-29,0,-9.596399387676822,0.37633728369180003,3087,-10.212558764510408
KGHM,10,linear,,9.0,2017-12-29,0,-7.8373054576014844,0.4960398977905856,2213,-9.5197212897659
KGHM,10,linear,,10.0,2017-12-29,0,-5.231925516746406,0.6415769199246687,1348,-6.861716385274238
KGHM,10,linear,,1.0,all,1,-6.912469806894611,-0.6003665522564912,8718,-5.720574345869948
KGHM,10,linear,,2.0,all,1,-8.896819713370888,-0.3989037339914297,8716,-8.166335419499761
KGHM,10,linear,,3.0,all,1,-9.801579229661161,-0.25214771243793677,8717,-9.231802106103306
KGHM,10,linear,,4.0,all,1,-10.568606813351114,-0.10522480141946253,8716,-9.930509641498722
KGHM,10,linear,,5.0,all,1,-11.795744109396173,0.03075553244922619,8720,-11.692524210001576
KGHM,10,linear,,6.0,all,1,-10.41087821607401,0.15034555124366622,8719,-10.367583695734668
KGHM,10,linear,,7.0,all,1,-10.117538272228412,0.2624615245020034,8712,-10.507781542648715
KGHM,10,linear,,8.0,all,1,-9.260209673660885,0.37761927750443874,8716,-9.948113633261716
KGHM,10,linear,,9.0,all,1,-7.717958941790889,0.49956386189611035,8719,-8.669691123266329
KGHM,10,linear,,10.0,all,1,-5.610128224256235,0.6500915406646429,8715,-6.838049473104457
KGHM,10,linear,,1.0,2017-12-27,1,-6.353758890063563,-0.6074151567458995,3381,-5.318543091021339
KGHM,10,linear,,2.0,2017-12-27,1,-7.554496257403911,-0.39892798760195886,2540,-7.208816086050789
KGHM,10,linear,,3.0,2017-12-27,1,-8.256453914867743,-0.2501893723157439,1864,-7.945447294518688
KGHM,10,linear,,4.0,2017-12-27,1,-7.9192509511577365,-0.1062118588379277,1912,-7.385135670906147
KGHM,10,linear,,5.0,2017-12-27,1,-8.565175186478212,0.028124402558861457,1892,-8.58468950927005
KGHM,10,linear,,6.0,2017-12-27,1,-8.535806067087112,0.15252004943509984,1789,-8.629165121208308
KGHM,10,linear,,7.0,2017-12-27,1,-7.354344445883481,0.2632472377520864,1761,-7.998759313910544
KGHM,10,linear,,8.0,2017-12-27,1,-7.637709618303074,0.38349563624523847,1721,-8.380822458294158
KGHM,10,linear,,9.0,2017-12-27,1,-7.209157363453221,0.5000097803794382,2494,-7.983200637364969
KGHM,10,linear,,10.0,2017-12-27,1,-5.274379545360734,0.6476179895495096,3035,-6.297744665606792
KGHM,10,linear,,1.0,2017-12-28,1,-7.290712707213702,-0.5890938702608889,2756,-5.892739835666077
KGHM,10,linear,,2.0,2017-12-28,1,-9.30955612596066,-0.40002550601255527,2819,-8.202860506871534
KGHM,10,linear,,3.0,2017-12-28,1,-9.298719818500187,-0.24911975333425032,3166,-8.618769354852613
KGHM,10,linear,,4.0,2017-12-28,1,-10.535103213858866,-0.10533187269947614,3303,-9.799998967701328
KGHM,10,linear,,5.0,2017-12-28,1,-11.153256201058642,0.032615531170493324,3042,-10.940310658206236
KGHM,10,linear,,6.0,2017-12-28,1,-9.708854887468437,0.14860692760852176,3848,-9.485140866010784
KGHM,10,linear,,7.0,2017-12-28,1,-10.264882162623866,0.2626236471529114,3899,-10.464481147801056
KGHM,10,linear,,8.0,2017-12-28,1,-9.659063627949822,0.37604412435876317,3908,-10.42834108559261
KGHM,10,linear,,9.0,2017-12-28,1,-7.851667303649802,0.5012304650536645,4012,-8.603185463335157
KGHM,10,linear,,10.0,2017-12-28,1,-5.880747574624115,0.6544740282897388,4332,-7.195876741465318
KGHM,10,linear,,1.0,2017-12-29,1,-7.240468325502269,-0.6031701864297533,2581,-6.0633792985104025
KGHM,10,linear,,2.0,2017-12-29,1,-9.565868754498545,-0.3979433885942605,3357,-8.86014980307419
KGHM,10,linear,,3.0,2017-12-29,1,-11.014534608698474,-0.2557378574094689,3687,-10.40853849320757
KGHM,10,linear,,4.0,2017-12-29,1,-12.047107469631214,-0.1045847242352322,3501,-11.443743513913972
KGHM,10,linear,,5.0,2017-12-29,1,-13.926405657025215,0.03057591851432801,3786,-13.8500141408905
KGHM,10,linear,,6.0,2017-12-29,1,-12.37580029362489,0.1512540672993318,3082,-12.478443799110769
KGHM,10,linear,,7.0,2017-12-29,1,-11.523662289116206,0.26180105358152944,3052,-12.010801327812196
KGHM,10,linear,,8.0,2017-12-29,1,-9.659821381438542,0.37633728369180003,3087,-10.213931329539667
KGHM,10,linear,,9.0,2017-12-29,1,-8.048963545765663,0.4960398977905856,2213,-9.563919762887595
KGHM,10,linear,,10.0,2017-12-29,1,-5.496385060053111,0.6415769199246687,1348,-6.904605381276683
KGHM,10,linear,,1.0,all,5,-6.948424711378876,-0.6003665522564912,8718,-6.133046890829387
KGHM,10,linear,,2.0,all,5,-8.880709626465707,-0.3989037339914297,8716,-8.30104063549612
KGHM,10,linear,,3.0,all,5,-9.598369585372438,-0.25214771243793677,8717,-9.302665723162717
KGHM,10,linear,,4.0,all,5,-10.36392251075481,-0.10522480141946253,8716,-9.858596803452247
KGHM,10,linear,,5.0,all,5,-11.594564047422493,0.03075553244922619,8720,-11.513756802449628
KGHM,10,linear,,6.0,all,5,-10.280581664404682,0.15034555124366622,8719,-10.219493941679712
KGHM,10,linear,,7.0,all,5,-10.066909830215394,0.2624615245020034,8712,-10.331078484109067
KGHM,10,linear,,8.0,all,5,-9.307472486785075,0.37761927750443874,8716,-9.873403656676608
KGHM,10,linear,,9.0,all,5,-7.958337265813865,0.49956386189611035,8719,-8.606207800550326
KGHM,10,linear,,10.0,all,5,-6.090695091585911,0.6500915406646429,8715,-6.933155654702631
KGHM,10,linear,,1.0,2017-12-27,5,-6.405307020711794,-0.6074151567458995,3381,-5.626712938182285
KGHM,10,linear,,2.0,2017-12-27,5,-7.568812432608864,-0.39892798760195886,2540,-7.287897110003432
KGHM,10,linear,,3.0,2017-12-27,5,-8.055422330920901,-0.2501893723157439,1864,-7.919291860618672
KGHM,10,linear,,4.0,2017-12-27,5,-7.872845761026086,-0.1062118588379277,1912,-7.280341434778289
KGHM,10,linear,,5.0,2017-12-27,5,-8.267849317488693,0.028124402558861457,1892,-8.610934289278756
KGHM,10,linear,,6.0,2017-12-27,5,-8.40055766656043,0.15252004943509984,1789,-8.526434554107194
KGHM,10,linear,,7.0,2017-12-27,5,-7.4480463539137185,0.2632472377520864,1761,-7.9324555103260375
KGHM,10,linear,,8.0,2017-12-27,5,-7.556585500711575,0.38349563624523847,1721,-8.123758622770938
KGHM,10,linear,,9.0,2017-12-27,5,-7.221107212867956,0.5000097803794382,2494,-7.900560489625065
KGHM,10,linear,,10.0,2017-12-27,5,-5.59860899180606,0.6476179895495096,3035,-6.2666366535931335
KGHM,10,linear,,1.0,2017-12-28,5,-7.339528401722638,-0.5890938702608889,2756,-6.377639462069583
KGHM,10,linear,,2.0,2017-12-28,5,-9.257685958813612,-0.40002550601255527,2819,-8.281801064961135
KGHM,10,linear,,3.0,2017-12-28,5,-9.111001905310843,-0.24911975333425032,3166,-8.701844858494217
KGHM,10,linear,,4.0,2017-12-28,5,-10.28264907440339,-0.10533187269947614,3303,-9.80696047742393
KGHM,10,linear,,5.0,2017-12-28,5,-10.913861581916278,0.032615531170493324,3042,-10.737436244027341
KGHM,10,linear,,6.0,2017-12-28,5,-9.536807478182356,0.14860692760852176,3848,-9.329521293019646
KGHM,10,linear,,7.0,2017-12-28,5,-10.15428930497746,0.2626236471529114,3899,-10.307148651272191
KGHM,10,linear,,8.0,2017-12-28,5,-9.679418666914387,0.37604412435876317,3908,-10.34992873714167
KGHM,10,linear,,9.0,2017-12-28,5,-8.062910726420247,0.5012304650536645,4012,-8.491151648155418
KGHM,10,linear,,10.0,2017-12-28,5,-6.423716185932742,0.6544740282897388,4332,-7.370912690135743
KGHM,10,linear,,1.0,2017-12-29,5,-7.242263975833738,-0.6031701864297533,2581,-6.535146064623217
KGHM,10,linear,,2.0,2017-12-29,5,-9.556766400820084,-0.3979433885942605,3357,-9.083769531560927
KGHM,10,linear,,3.0,2017-12-29,5,-10.796921187589062,-0.2557378574094689,3687,-10.517964811126529
KGHM,10,linear,,4.0,2017-12-29,5,-11.801050447272962,-0.1045847242352322,3501,-11.315374595447716
KGHM,10,linear,,5.0,2017-12-29,5,-13.803977985379351,0.03057591851432801,3786,-13.588164444721127
KGHM,10,linear,,6.0,2017-12-29,5,-12.300505739916321,0.1512540672993318,3082,-12.31342580294226
KGHM,10,linear,,7.0,2017-12-29,5,-11.466361340592181,0.26180105358152944,3052,-11.745651706606738
KGHM,10,linear,,8.0,2017-12-29,5,-9.81272380880877,0.37633728369180003,3087,-10.24557051410913
KGHM,10,linear,,9.0,2017-12-29,5,-8.599594847419965,0.4960398977905856,2213,-9.610044075677289
KGHM,10,linear,,10.0,2017-12-29,5,-6.128405723723426,0.6415769199246687,1348,-7.027014475823611
KGHM,10,xgboost,,1.0,all,0,-7.372100373131526,-0.785640317315108,8718,-5.839260591017532
KGHM,10,xgboost,,2.0,all,0,-9.549599293753671,-0.40914114756150877,8727,-8.768017333434106
KGHM,10,xgboost,,3.0,all,0,-9.39550421207271,-0.22673666766805536,8706,-8.760253657918623
KGHM,10,xgboost,,4.0,all,0,-10.437824972887666,-0.0921135784728937,8736,-9.95980201478539
KGHM,10,xgboost,,5.0,all,0,-10.56667861163287,0.014446346377420196,8699,-10.377751977247383
KGHM,10,xgboost,,6.0,all,0,-10.267209844484597,0.11797149873193388,8720,-10.204830260916236
KGHM,10,xgboost,,7.0,all,0,-9.630455626696715,0.22995749828072642,8711,-10.08652294653814
KGHM,10,xgboost,,8.0,all,0,-10.252123222151285,0.3540195038374061,8732,-10.804163947597846
KGHM,10,xgboost,,9.0,all,0,-7.905250120138845,0.5046775504034113,8703,-8.901019548433881
KGHM,10,xgboost,,10.0,all,0,-5.7122538892382755,0.8338483032309282,8716,-7.36960227366227
KGHM,10,xgboost,,1.0,2017-12-27,0,-6.395114733001519,-0.7980063725402174,3343,-5.164718494439846
KGHM,10,xgboost,,2.0,2017-12-27,0,-7.4354664903415335,-0.40797997282386633,2509,-6.938437549865821
KGHM,10,xgboost,,3.0,2017-12-27,0,-8.105350185845058,-0.22518642270903558,1972,-7.695664340500756
KGHM,10,xgboost,,4.0,2017-12-27,0,-8.092618981623126,-0.09211236672631487,1868,-7.847008323797173
KGHM,10,xgboost,,5.0,2017-12-27,0,-8.641959771445327,0.015645850176472804,1928,-8.614360462494131
KGHM,10,xgboost,,6.0,2017-12-27,0,-8.614674726462807,0.12274247735080406,1856,-8.777315907565313
KGHM,10,xgboost,,7.0,2017-12-27,0,-7.250837846589066,0.23424936341626787,1693,-7.971699560088602
KGHM,10,xgboost,,8.0,2017-12-27,0,-8.038516773972182,0.3536502749385991,1947,-8.570322552515204
KGHM,10,xgboost,,9.0,2017-12-27,0,-7.235627398840719,0.5032494021082232,2172,-8.030931823020206
KGHM,10,xgboost,,10.0,2017-12-27,0,-4.945884286124177,0.8635456761365089,3101,-6.25693779292139
KGHM,10,xgboost,,1.0,2017-12-28,0,-8.10606456354829,-0.7709533491438177,2812,-6.399966584538927
KGHM,10,xgboost,,2.0,2017-12-28,0,-9.180151163201327,-0.4159352451696724,2672,-8.079180910191797
KGHM,10,xgboost,,3.0,2017-12-28,0,-9.350427900967523,-0.22165853160257917,3130,-8.652742851664156
KGHM,10,xgboost,,4.0,2017-12-28,0,-10.333208565657797,-0.09400076259809889,3344,-9.569675633751332
KGHM,10,xgboost,,5.0,2017-12-28,0,-9.994730994895253,0.014738706942863802,3376,-9.634525336157877
KGHM,10,xgboost,,6.0,2017-12-28,0,-9.933331335555332,0.11378926798455083,3813,-9.736625453800032
KGHM,10,xgboost,,7.0,2017-12-28,0,-9.359068133348215,0.22765045550423463,4033,-9.69840340508126
KGHM,10,xgboost,,8.0,2017-12-28,0,-10.325800396958531,0.35340217830127457,3723,-10.79809675312007
KGHM,10,xgboost,,9.0,2017-12-28,0,-7.934783279338222,0.5087526680762241,4289,-8.825044738813439
KGHM,10,xgboost,,10.0,2017-12-28,0,-6.06757279448385,0.8223107220304064,3893,-7.8482105777051165
KGHM,10,xgboost,,1.0,2017-12-29,0,-7.841142781052975,-0.7856247230428204,2563,-6.103907089291836
KGHM,10,xgboost,,2.0,2017-12-29,0,-11.323858912647333,-0.4048432227469943,3546,-10.581606335091264
KGHM,10,xgboost,,3.0,2017-12-29,0,-10.140585397833023,-0.23199517181459464,3604,-9.436135721604673
KGHM,10,xgboost,,4.0,2017-12-29,0,-11.78024326388053,-0.09032343086447232,3524,-11.449949924247333
KGHM,10,xgboost,,5.0,2017-12-29,0,-12.228461550657254,0.013474431033234325,3395,-12.11823856951909
KGHM,10,xgboost,,6.0,2017-12-29,0,-11.689754562149538,0.1202959528529265,3051,-11.65836404307074
KGHM,10,xgboost,,7.0,2017-12-29,0,-11.346770086461124,0.230640304258321,2985,-11.810369547527978
KGHM,10,xgboost,,8.0,2017-12-29,0,-11.570082605821217,0.35500487014602633,3062,-12.231948846770495
KGHM,10,xgboost,,9.0,2017-12-29,0,-8.497468153525734,0.4982653106168165,2242,-9.889282928478739
KGHM,10,xgboost,,10.0,2017-12-29,0,-6.289057397447221,0.8064523974431378,1722,-8.29129241718066
KGHM,10,xgboost,,1.0,all,1,-7.385595961939562,-0.785640317315108,8718,-6.080132539417816
KGHM,10,xgboost,,2.0,all,1,-9.508329831746407,-0.40914114756150877,8727,-8.802219355588825
KGHM,10,xgboost,,3.0,all,1,-9.382747539324168,-0.22673666766805536,8706,-8.760795177116833
KGHM,10,xgboost,,4.0,all,1,-10.399114092644254,-0.0921135784728937,8736,-9.888991919509868
KGHM,10,xgboost,,5.0,all,1,-10.500603601929758,0.014446346377420196,8699,-10.317888977150487
KGHM,10,xgboost,,6.0,all,1,-10.22016620168059,0.11797149873193388,8720,-10.146544261097967
KGHM,10,xgboost,,7.0,all,1,-9.602339723383055,0.22995749828072642,8711,-10.049166968545405
KGHM,10,xgboost,,8.0,all,1,-10.225534419377809,0.3540195038374061,8732,-10.757116770044254
KGHM,10,xgboost,,9.0,all,1,-7.9281753218281885,0.5046775504034113,8703,-8.885090906077616
KGHM,10,xgboost,,10.0,all,1,-5.9359643429051046,0.8338483032309282,8716,-7.383295647292584
KGHM,10,xgboost,,1.0,2017-12-27,1,-6.423331415656329,-0.7980063725402174,3343,-5.332054719722905
KGHM,10,xgboost,,2.0,2017-12-27,1,-7.4177243728406985,-0.40797997282386633,2509,-6.902753512851178
KGHM,10,xgboost,,3.0,2017-12-27,1,-8.06467170133169,-0.22518642270903558,1972,-7.663898433139638
KGHM,10,xgboost,,4.0,2017-12-27,1,-8.090175611539983,-0.09211236672631487,1868,-7.775372511838771
KGHM,10,xgboost,,5.0,2017-12-27,1,-8.55387215182877,0.015645850176472804,1928,-8.602818783649726
KGHM,10,xgboost,,6.0,2017-12-27,1,-8.537603669468783,0.12274247735080406,1856,-8.721813274057741
KGHM,10,xgboost,,7.0,2017-12-27,1,-7.264054946489857,0.23424936341626787,1693,-7.966273453055599
KGHM,10,xgboost,,8.0,2017-12-27,1,-7.9351242977363174,0.3536502749385991,1947,-8.457801623748152
KGHM,10,xgboost,,9.0,2017-12-27,1,-7.223073653445404,0.5032494021082232,2172,-8.006208519954404
KGHM,10,xgboost,,10.0,2017-12-27,1,-5.123092870936345,0.8635456761365089,3101,-6.300077551209493
KGHM,10,xgboost,,1.0,2017-12-28,1,-8.101499489052555,-0.7709533491438177,2812,-6.6336030964150545
KGHM,10,xgboost,,2.0,2017-12-28,1,-9.141989303420967,-0.4159352451696724,2672,-8.184000635548816
KGHM,10,xgboost,,3.0,2017-12-28,1,-9.353340588853152,-0.22165853160257917,3130,-8.665588952423265
KGHM,10,xgboost,,4.0,2017-12-28,1,-10.277474418241571,-0.09400076259809889,3344,-9.507367703880334
KGHM,10,xgboost,,5.0,2017-12-28,1,-9.92764146986498,0.014738706942863802,3376,-9.571470366354916
KGHM,10,xgboost,,6.0,2017-12-28,1,-9.8844105577479,0.11378926798455083,3813,-9.674904292935071
KGHM,10,xgboost,,7.0,2017-12-28,1,-9.320519214211249,0.22765045550423463,4033,-9.660976218214955
KGHM,10,xgboost,,8.0,2017-12-28,1,-10.307911495723397,0.35340217830127457,3723,-10.771838399973628
KGHM,10,xgboost,,9.0,2017-12-28,1,-7.951317772526422,0.5087526680762241,4289,-8.808467896315154
KGHM,10,xgboost,,10.0,2017-12-28,1,-6.28866445996449,0.8223107220304064,3893,-7.849127245497217
KGHM,10,xgboost,,1.0,2017-12-29,1,-7.855252481636443,-0.7856247230428204,2563,-6.448632322860601
KGHM,10,xgboost,,2.0,2017-12-29,1,-11.263600837973142,-0.4048432227469943,3546,-10.612044572558839
KGHM,10,xgboost,,3.0,2017-12-29,1,-10.129498179583724,-0.23199517181459464,3604,-9.443668612858758
KGHM,10,xgboost,,4.0,2017-12-29,1,-11.738461468894352,-0.09032343086447232,3524,-11.371509635342662
KGHM,10,xgboost,,5.0,2017-12-29,1,-12.17589620683267,0.013474431033234325,3395,-12.034108288819208
KGHM,10,xgboost,,6.0,2017-12-29,1,-11.663323307580445,0.1202959528529265,3051,-11.602677958427293
KGHM,10,xgboost,,7.0,2017-12-29,1,-11.309307308230654,0.230640304258321,2985,-11.755000140340025
KGHM,10,xgboost,,8.0,2017-12-29,1,-11.581752137079098,0.35500487014602633,3062,-12.201257188597962
KGHM,10,xgboost,,9.0,2017-12-29,1,-8.56699015353322,0.4982653106168165,2242,-9.883114381336679
KGHM,10,xgboost,,10.0,2017-12-29,1,-6.602429429352805,0.8064523974431378,1722,-8.280843210674131
KGHM,10,xgboost,,1.0,all,5,-7.393873818479807,-0.785640317315108,8718,-6.575969350525697
KGHM,10,xgboost,,2.0,all,5,-9.427824937843218,-0.40914114756150877,8727,-8.87603227959818
KGHM,10,xgboost,,3.0,all,5,-9.240841071575385,-0.22673666766805536,8706,-8.86048339755756
KGHM,10,xgboost,,4.0,all,5,-10.190316937190142,-0.0921135784728937,8736,-9.741015777250553
KGHM,10,xgboost,,5.0,all,5,-10.357909087095292,0.014446346377420196,8699,-10.198261513542
KGHM,10,xgboost,,6.0,all,5,-10.094586634476318,0.11797149873193388,8720,-10.002111896765763
KGHM,10,xgboost,,7.0,all,5,-9.577633105230383,0.22995749828072642,8711,-9.956941473406543
KGHM,10,xgboost,,8.0,all,5,-10.195590618689526,0.3540195038374061,8732,-10.658908791065425
KGHM,10,xgboost,,9.0,all,5,-8.114598063505216,0.5046775504034113,8703,-8.836219143912468
KGHM,10,xgboost,,10.0,all,5,-6.493863343038028,0.8338483032309282,8716,-7.364932629595327
KGHM,10,xgboost,,1.0,2017-12-27,5,-6.4634590265983425,-0.7980063725402174,3343,-5.69063778938878
KGHM,10,xgboost,,2.0,2017-12-27,5,-7.36282596245937,-0.40797997282386633,2509,-6.93487395393646
KGHM,10,xgboost,,3.0,2017-12-27,5,-7.983543080678384,-0.22518642270903558,1972,-7.7454929642254795
KGHM,10,xgboost,,4.0,2017-12-27,5,-7.990047679010292,-0.09211236672631487,1868,-7.574482670992853
KGHM,10,xgboost,,5.0,2017-12-27,5,-8.296518850786914,0.015645850176472804,1928,-8.619463370088962
KGHM,10,xgboost,,6.0,2017-12-27,5,-8.373646394892031,0.12274247735080406,1856,-8.632274374422966
KGHM,10,xgboost,,7.0,2017-12-27,5,-7.321775120552339,0.23424936341626787,1693,-7.913192677397057
KGHM,10,xgboost,,8.0,2017-12-27,5,-7.727992106797808,0.3536502749385991,1947,-8.255752391859607
KGHM,10,xgboost,,9.0,2017-12-27,5,-7.2696116641234445,0.5032494021082232,2172,-7.8845381063575
KGHM,10,xgboost,,10.0,2017-12-27,5,-5.554410861324196,0.8635456761365089,3101,-6.240901247109006
KGHM,10,xgboost,,1.0,2017-12-28,5,-8.182369527524624,-0.7709533491438177,2812,-7.181387903958371
KGHM,10,xgboost,,2.0,2017-12-28,5,-9.029137856987953,-0.4159352451696724,2672,-8.232323287931955
KGHM,10,xgboost,,3.0,2017-12-28,5,-9.167760293122539,-0.22165853160257917,3130,-8.755288806062197
KGHM,10,xgboost,,4.0,2017-12-28,5,-10.034748217031932,-0.09400076259809889,3344,-9.437281500099813
KGHM,10,xgboost,,5.0,2017-12-28,5,-9.735692207569869,0.014738706942863802,3376,-9.445347713374545
KGHM,10,xgboost,,6.0,2017-12-28,5,-9.70620981403618,0.11378926798455083,3813,-9.485225610621598
KGHM,10,xgboost,,7.0,2017-12-28,5,-9.255395872026446,0.22765045550423463,4033,-9.576128043568243
KGHM,10,xgboost,,8.0,2017-12-28,5,-10.26137054243291,0.35340217830127457,3723,-10.727723984558187
KGHM,10,xgboost,,9.0,2017-12-28,5,-8.13855588825887,0.5087526680762241,4289,-8.752327149139633
KGHM,10,xgboost,,10.0,2017-12-28,5,-6.916685617322381,0.8223107220304064,3893,-7.900047554427039
KGHM,10,xgboost,,1.0,2017-12-29,5,-7.742343079277979,-0.7856247230428204,2563,-7.066498588382909
KGHM,10,xgboost,,2.0,2017-12-29,5,-11.189351815813705,-0.4048432227469943,3546,-10.734564897990003
KGHM,10,xgboost,,3.0,2017-12-29,5,-9.992265731566036,-0.23199517181459464,3604,-9.561931845368703
KGHM,10,xgboost,,4.0,2017-12-29,5,-11.504256998055354,-0.09032343086447232,3524,-11.177670506331557
KGHM,10,xgboost,,5.0,2017-12-29,5,-12.147294819313371,0.013474431033234325,3395,-11.843551590108357
KGHM,10,xgboost,,6.0,2017-12-29,5,-11.626853399801353,0.1202959528529265,3051,-11.481399294515986
KGHM,10,xgboost,,7.0,2017-12-29,5,-11.29245733624258,0.230640304258321,2985,-11.630605551859448
KGHM,10,xgboost,,8.0,2017-12-29,5,-11.684655166879127,0.35500487014602633,3062,-12.103306747917213
KGHM,10,xgboost,,9.0,2017-12-29,5,-8.887370297710744,0.4982653106168165,2242,-9.918674085549437
KGHM,10,xgboost,,10.0,2017-12-29,5,-7.229748959766023,0.8064523974431378,1722,-8.179345472057708
KGHM,20,linear,,1.0,all,0,-7.452444237666775,-0.9048242731369822,8718,-5.455749694191654
KGHM,20,linear,,2.0,all,0,-9.286148329356672,-0.6055573780450727,8712,-8.116209631527186
KGHM,20,linear,,3.0,all,0,-10.008989869906333,-0.3817784600768913,8720,-9.087948698569111
KGHM,20,linear,,4.0,all,0,-10.536821049945932,-0.15608928078581788,8705,-9.552471122244047
KGHM,20,linear,,5.0,all,0,-11.649724204305686,0.05169938204058152,8718,-11.411989416444966
KGHM,20,linear,,6.0,all,0,-10.22196854936575,0.2395697700627164,8710,-10.185593300189808
KGHM,20,linear,,7.0,all,0,-10.080030414026414,0.41173937737061517,8716,-10.557451539003491
KGHM,20,linear,,8.0,all,0,-9.061757985315523,0.5871511414255406,8711,-10.322132394706903
KGHM,20,linear,,9.0,all,0,-7.399055774187131,0.7724215518084687,8715,-8.985699503853102
KGHM,20,linear,,10.0,all,0,-5.416161506685736,0.999651906559558,8713,-7.401280490142868
KGHM,20,linear,,1.0,2017-12-27,0,-6.815503909005576,-0.9164281417683282,3365,-4.990116929074927
KGHM,20,linear,,2.0,2017-12-27,0,-8.037307434266616,-0.6044058670902259,2492,-7.340214053225796
KGHM,20,linear,,3.0,2017-12-27,0,-7.98552098970613,-0.38173056207737743,1930,-7.675728119929471
KGHM,20,linear,,4.0,2017-12-27,0,-7.955613394603655,-0.15308678353898864,1907,-7.167948733436678
KGHM,20,linear,,5.0,2017-12-27,0,-8.30638096022345,0.048210248705717496,1884,-8.620365434344412
KGHM,20,linear,,6.0,2017-12-27,0,-8.445791068421322,0.2410560428910182,1788,-8.657959153797036
KGHM,20,linear,,7.0,2017-12-27,0,-7.172565563523991,0.41195944118859656,1807,-8.225432130277394
KGHM,20,linear,,8.0,2017-12-27,0,-7.25885967713176,0.5959361520757528,1756,-8.56857901199365
KGHM,20,linear,,9.0,2017-12-27,0,-6.7866750832227964,0.773924687992455,2491,-8.195688942655154
KGHM,20,linear,,10.0,2017-12-27,0,-5.056089245161891,0.9889658260397262,2959,-6.633468736851781
KGHM,20,linear,,1.0,2017-12-28,0,-7.982790510253381,-0.8895636440500809,2719,-5.719885516912134
KGHM,20,linear,,2.0,2017-12-28,0,-9.34684899892118,-0.6103899020267988,2727,-7.595903475487719
KGHM,20,linear,,3.0,2017-12-28,0,-9.855550090389507,-0.3781018270395849,3162,-8.516233680285136
KGHM,20,linear,,4.0,2017-12-28,0,-10.47464713138192,-0.1572292312265362,3348,-9.413665067877739
KGHM,20,linear,,5.0,2017-12-28,0,-10.899714528202583,0.05469191634272301,3045,-10.47717216044229
KGHM,20,linear,,6.0,2017-12-28,0,-9.699641200094112,0.2387255307516833,3848,-9.355367993581062
KGHM,20,linear,,7.0,2017-12-28,0,-10.26751694164195,0.41160254700143056,3811,-10.335403024149477
KGHM,20,linear,,8.0,2017-12-28,0,-9.468217182473026,0.5848637172669461,3972,-10.904115205814781
KGHM,20,linear,,9.0,2017-12-28,0,-7.739225742624824,0.774865967902683,3978,-8.886620415557228
KGHM,20,linear,,10.0,2017-12-28,0,-5.678973921497208,1.0122972437659064,4465,-7.844129518564869
KGHM,20,linear,,1.0,2017-12-29,0,-7.718690513590068,-0.9057531389467034,2634,-5.777947474237518
KGHM,20,linear,,2.0,2017-12-29,0,-10.129715688263634,-0.602606124796092,3493,-9.076030950922169
KGHM,20,linear,,3.0,2017-12-29,0,-11.219152913351373,-0.3850083268913964,3628,-10.33749351791543
KGHM,20,linear,,4.0,2017-12-29,0,-12.02392866678362,-0.1566426744594928,3450,-11.005226735424928
KGHM,20,linear,,5.0,2017-12-29,0,-13.91487018888866,0.05102935307591089,3789,-13.551323838932586
KGHM,20,linear,,6.0,2017-12-29,0,-11.908930480376126,0.23976208530404752,3074,-12.11341269953292
KGHM,20,linear,,7.0,2017-12-29,0,-11.54525889308228,0.4117793403202182,3098,-12.190823379441426
KGHM,20,linear,,8.0,2017-12-29,0,-9.581849670887465,0.5850254860638795,2983,-10.579458581205055
KGHM,20,linear,,9.0,2017-12-29,0,-7.475745073718304,0.7664250248907952,2246,-10.037370439376287
KGHM,20,linear,,10.0,2017-12-29,0,-5.332372825317101,0.9803801312545455,1289,-7.629856181441626
KGHM,20,linear,,1.0,all,1,-7.483271137462554,-0.9048242731369822,8718,-5.666892302424626
KGHM,20,linear,,2.0,all,1,-9.274019149363545,-0.6055573780450727,8712,-8.187817705190742
KGHM,20,linear,,3.0,all,1,-9.947265130507892,-0.3817784600768913,8720,-9.111466167695312
KGHM,20,linear,,4.0,all,1,-10.447328601824383,-0.15608928078581788,8705,-9.50184602203227
KGHM,20,linear,,5.0,all,1,-11.555221883004737,0.05169938204058152,8718,-11.341565972911688
KGHM,20,linear,,6.0,all,1,-10.171803858432732,0.2395697700627164,8710,-10.094516449795941
KGHM,20,linear,,7.0,all,1,-10.032504913529003,0.41173937737061517,8716,-10.473694240737347
KGHM,20,linear,,8.0,all,1,-9.090304361150594,0.5871511414255406,8711,-10.290408106431242
KGHM,20,linear,,9.0,all,1,-7.477635909529601,0.7724215518084687,8715,-8.967202609104337
KGHM,20,linear,,10.0,all,1,-5.633225079042483,0.999651906559558,8713,-7.4409748830009175
KGHM,20,linear,,1.0,2017-12-27,1,-6.854059854164147,-0.9164281417683282,3365,-5.1522699873573075
KGHM,20,linear,,2.0,2017-12-27,1,-8.024859077143292,-0.6044058670902259,2492,-7.3367166292875
KGHM,20,linear,,3.0,2017-12-27,1,-7.932263588966996,-0.38173056207737743,1930,-7.617905742448926
KGHM,20,linear,,4.0,2017-12-27,1,-7.871382248002693,-0.15308678353898864,1907,-7.114030248213545
KGHM,20,linear,,5.0,2017-12-27,1,-8.256702602163784,0.048210248705717496,1884,-8.62276986499275
KGHM,20,linear,,6.0,2017-12-27,1,-8.383089933089389,0.2410560428910182,1788,-8.582945196317453
KGHM,20,linear,,7.0,2017-12-27,1,-7.140467797031497,0.41195944118859656,1807,-8.175774262338615
KGHM,20,linear,,8.0,2017-12-27,1,-7.248457734957013,0.5959361520757528,1756,-8.522765599209947
KGHM,20,linear,,9.0,2017-12-27,1,-6.779256670443016,0.773924687992455,2491,-8.170518588518352
KGHM,20,linear,,10.0,2017-12-27,1,-5.211759543006865,0.9889658260397262,2959,-6.646962461239599
KGHM,20,linear,,1.0,2017-12-28,1,-7.996073955426015,-0.8895636440500809,2719,-5.963131002229056
KGHM,20,linear,,2.0,2017-12-28,1,-9.327397891469879,-0.6103899020267988,2727,-7.742661522947511
KGHM,20,linear,,3.0,2017-12-28,1,-9.802334351808113,-0.3781018270395849,3162,-8.589415151098281
KGHM,20,linear,,4.0,2017-12-28,1,-10.376499672684027,-0.1572292312265362,3348,-9.369968679952065
KGHM,20,linear,,5.0,2017-12-28,1,-10.832696231092848,0.05469191634272301,3045,-10.361962231425444
KGHM,20,linear,,6.0,2017-12-28,1,-9.611880078248081,0.2387255307516833,3848,-9.263023445429516
KGHM,20,linear,,7.0,2017-12-28,1,-10.205732409899879,0.41160254700143056,3811,-10.217688405844184
KGHM,20,linear,,8.0,2017-12-28,1,-9.479337542771464,0.5848637172669461,3972,-10.860506346734079
KGHM,20,linear,,9.0,2017-12-28,1,-7.794983194814808,0.774865967902683,3978,-8.8675834557294
KGHM,20,linear,,10.0,2017-12-28,1,-5.909549440796734,1.0122972437659064,4465,-7.9026910222335385
KGHM,20,linear,,1.0,2017-12-29,1,-7.757752954568281,-0.9057531389467034,2634,-6.018536594540526
KGHM,20,linear,,2.0,2017-12-29,1,-10.123530477805827,-0.602606124796092,3493,-9.142551398327921
KGHM,20,linear,,3.0,2017-12-29,1,-11.145507715244012,-0.3850083268913964,3628,-10.360996745205052
KGHM,20,linear,,4.0,2017-12-29,1,-11.93992713849101,-0.1566426744594928,3450,-10.949698202309614
KGHM,20,linear,,5.0,2017-12-29,1,-13.7759927817052,0.05102935307591089,3789,-13.480680583665158
KGHM,20,linear,,6.0,2017-12-29,1,-11.913120450711341,0.23976208530404752,3074,-12.01457971655636
KGHM,20,linear,,7.0,2017-12-29,1,-11.506275436718672,0.4117793403202182,3098,-12.128949127033138
KGHM,20,linear,,8.0,2017-12-29,1,-9.65652725025479,0.5850254860638795,2983,-10.571852971398632
KGHM,20,linear,,9.0,2017-12-29,1,-7.6901270866000075,0.7664250248907952,2246,-10.027231499311457
KGHM,20,linear,,10.0,2017-12-29,1,-5.6435650681011795,0.9803801312545455,1289,-7.6643419848768675
KGHM,20,linear,,1.0,all,5,-7.488637823929834,-0.9048242731369822,8718,-6.068711074794252
KGHM,20,linear,,2.0,all,5,-9.208874287929378,-0.6055573780450727,8712,-8.364429078274435
KGHM,20,linear,,3.0,all,5,-9.734897515017623,-0.3817784600768913,8720,-9.150712414843975
KGHM,20,linear,,4.0,all,5,-10.258106171619964,-0.15608928078581788,8705,-9.471879833203138
KGHM,20,linear,,5.0,all,5,-11.343366411675076,0.05169938204058152,8718,-11.200130096634496
KGHM,20,linear,,6.0,all,5,-10.085927013448776,0.2395697700627164,8710,-9.966006900370479
KGHM,20,linear,,7.0,all,5,-9.965543515809289,0.41173937737061517,8716,-10.32169918804413
KGHM,20,linear,,8.0,all,5,-9.152124063618462,0.5871511414255406,8711,-10.197648422378187
KGHM,20,linear,,9.0,all,5,-7.735203524501466,0.7724215518084687,8715,-8.854562191474434
KGHM,20,linear,,10.0,all,5,-6.137907858100602,0.999651906559558,8713,-7.478400256464951
KGHM,20,linear,,1.0,2017-12-27,5,-6.866183306810545,-0.9164281417683282,3365,-5.473771272829888
KGHM,20,linear,,2.0,2017-12-27,5,-7.994472596405187,-0.6044058670902259,2492,-7.397839635763797
KGHM,20,linear,,3.0,2017-12-27,5,-7.82327883994286,-0.38173056207737743,1930,-7.618380515908385
KGHM,20,linear,,4.0,2017-12-27,5,-7.654142741841346,-0.15308678353898864,1907,-7.114108150422896
KGHM,20,linear,,5.0,2017-12-27,5,-8.140896532397182,0.048210248705717496,1884,-8.677497687384074
KGHM,20,linear,,6.0,2017-12-27,5,-8.267695270536823,0.2410560428910182,1788,-8.412882942576413
KGHM,20,linear,,7.0,2017-12-27,5,-7.207101725271794,0.41195944118859656,1807,-8.076232857537494
KGHM,20,linear,,8.0,2017-12-27,5,-7.235327305093997,0.5959361520757528,1756,-8.255534037443212
KGHM,20,linear,,9.0,2017-12-27,5,-6.785639368288349,0.773924687992455,2491,-8.059207993607878
KGHM,20,linear,,10.0,2017-12-27,5,-5.533736578526526,0.9889658260397262,2959,-6.61045897229211
KGHM,20,linear,,1.0,2017-12-28,5,-7.980163923771709,-0.8895636440500809,2719,-6.399049835051419
KGHM,20,linear,,2.0,2017-12-28,5,-9.17123839184189,-0.6103899020267988,2727,-7.982369021354023
KGHM,20,linear,,3.0,2017-12-28,5,-9.58218941062885,-0.3781018270395849,3162,-8.616393813784473
KGHM,20,linear,,4.0,2017-12-28,5,-10.210858317489363,-0.1572292312265362,3348,-9.388773622648822
KGHM,20,linear,,5.0,2017-12-28,5,-10.592354949584813,0.05469191634272301,3045,-10.163677501377089
KGHM,20,linear,,6.0,2017-12-28,5,-9.453581507042786,0.2387255307516833,3848,-9.17774967890568
KGHM,20,linear,,7.0,2017-12-28,5,-10.042575962218535,0.41160254700143056,3811,-10.075376474241482
KGHM,20,linear,,8.0,2017-12-28,5,-9.527290267330203,0.5848637172669461,3972,-10.75876488139795
KGHM,20,linear,,9.0,2017-12-28,5,-8.058133858154646,0.774865967902683,3978,-8.734479259074543
KGHM,20,linear,,10.0,2017-12-28,5,-6.461198374667949,1.0122972437659064,4465,-7.997920134169764
KGHM,20,linear,,1.0,2017-12-29,5,-7.7764510299421135,-0.9057531389467034,2634,-6.487762458420239
KGHM,20,linear,,2.0,2017-12-29,5,-10.104643570468419,-0.602606124796092,3493,-9.3522958592531
KGHM,20,linear,,3.0,2017-12-29,5,-10.884921514182894,-0.3850083268913964,3628,-10.431560259798726
KGHM,20,linear,,4.0,2017-12-29,5,-11.74330735313216,-0.1566426744594928,3450,-10.85579583088365
KGHM,20,linear,,5.0,2017-12-29,5,-13.539271176685475,0.05102935307591089,3789,-13.287392596393431
KGHM,20,linear,,6.0,2017-12-29,5,-11.935069454885609,0.23976208530404752,3074,-11.856117318305529
KGHM,20,linear,,7.0,2017-12-29,5,-11.479724814142282,0.4117793403202182,3098,-11.934447258259553
KGHM,20,linear,,8.0,2017-12-29,5,-9.780932292524238,0.5850254860638795,2983,-10.593759144711177
KGHM,20,linear,,9.0,2017-12-29,5,-8.21639116735744,0.7664250248907952,2246,-9.949360593955449
KGHM,20,linear,,10.0,2017-12-29,5,-6.404975864141328,0.9803801312545455,1289,-7.671248980992074
KGHM,20,xgboost,,1.0,all,0,-7.9743257335763165,-1.1517289314642787,8724,-5.868977711053291
KGHM,20,xgboost,,2.0,all,0,-9.822219650839422,-0.6431654388947851,8704,-8.574430177555456
KGHM,20,xgboost,,3.0,all,0,-9.520062716719059,-0.3651730959017889,8714,-8.706632414632255
KGHM,20,xgboost,,4.0,all,0,-10.374639099181353,-0.1554271080746561,8713,-9.49443613894743
KGHM,20,xgboost,,5.0,all,0,-10.738199553646936,0.01749156454207078,8717,-10.28314777036248
KGHM,20,xgboost,,6.0,all,0,-9.968098182078347,0.18692770469927347,8731,-9.976170783427506
KGHM,20,xgboost,,7.0,all,0,-9.809396079947238,0.3582033609053036,8699,-10.44105789252167
KGHM,20,xgboost,,8.0,all,0,-9.35266225952921,0.548825522773725,8709,-10.263891223995818
KGHM,20,xgboost,,9.0,all,0,-7.906388839033357,0.7873533011002218,8721,-9.652464100539648
KGHM,20,xgboost,,10.0,all,0,-5.645736782251385,1.177931996363211,8706,-7.816440914798175
KGHM,20,xgboost,,1.0,2017-12-27,0,-6.963332732963183,-1.1842352898707778,3518,-5.098759938745567
KGHM,20,xgboost,,2.0,2017-12-27,0,-7.753003820077999,-0.6424364268704273,2369,-6.73217890594402
KGHM,20,xgboost,,3.0,2017-12-27,0,-8.039964307048908,-0.3686492878108358,2047,-7.793800748047452
KGHM,20,xgboost,,4.0,2017-12-27,0,-7.81104288848461,-0.16115004829328744,1828,-7.366889483287649
KGHM,20,xgboost,,5.0,2017-12-27,0,-8.61548943906242,0.015184687733937687,1820,-8.785866194427252
KGHM,20,xgboost,,6.0,2017-12-27,0,-8.034754847320716,0.19093650467714196,1827,-8.453294276914274
KGHM,20,xgboost,,7.0,2017-12-27,0,-7.332731313197881,0.35446564213617193,1787,-8.33029622183233
KGHM,20,xgboost,,8.0,2017-12-27,0,-7.093010119547223,0.551565897808216,1961,-8.13979283144084
KGHM,20,xgboost,,9.0,2017-12-27,0,-7.00528931864791,0.795362553848756,2136,-8.58493320452526
KGHM,20,xgboost,,10.0,2017-12-27,0,-5.163503874337092,1.2018480021228901,3086,-6.907024192631525
KGHM,20,xgboost,,1.0,2017-12-28,0,-8.930203686023045,-1.1169858052469583,2695,-6.618198122836065
KGHM,20,xgboost,,2.0,2017-12-28,0,-9.409994799546292,-0.6444049227608187,2735,-7.6784127633212185
KGHM,20,xgboost,,3.0,2017-12-28,0,-9.618471034017114,-0.35521815968798354,3080,-8.56509160128098
KGHM,20,xgboost,,4.0,2017-12-28,0,-10.158650273516624,-0.15562315874412128,3442,-9.006769552219817
KGHM,20,xgboost,,5.0,2017-12-28,0,-10.107754458167902,0.02250199684056972,3411,-9.517079448791547
KGHM,20,xgboost,,6.0,2017-12-28,0,-9.753984771701788,0.1839122738976043,3844,-9.35377484817427
KGHM,20,xgboost,,7.0,2017-12-28,0,-9.717057354112404,0.3598450227123382,3868,-10.20159997290394
KGHM,20,xgboost,,8.0,2017-12-28,0,-9.64687602135678,0.5474086995427541,3804,-10.545087980446384
KGHM,20,xgboost,,9.0,2017-12-28,0,-7.883149574283712,0.7887625703012451,4093,-9.218537390721691
KGHM,20,xgboost,,10.0,2017-12-28,0,-5.826642422117836,1.162378054318299,4103,-8.224902251438905
KGHM,20,xgboost,,1.0,2017-12-29,0,-8.364840386827241,-1.1434753895612981,2511,-6.143958640254404
KGHM,20,xgboost,,2.0,2017-12-29,0,-11.497055003995126,-0.6427035058703687,3600,-10.467458202660493
KGHM,20,xgboost,,3.0,2017-12-29,0,-10.28021432734543,-0.3717371992473985,3587,-9.34909467463254
KGHM,20,xgboost,,4.0,2017-12-29,0,-11.951661292353482,-0.15219262038253956,3443,-11.111544381196202
KGHM,20,xgboost,,5.0,2017-12-29,0,-12.463323084691917,0.013793323354641725,3486,-11.814447688056273
KGHM,20,xgboost,,6.0,2017-12-29,0,-11.391389104329878,0.18832222706595667,3060,-11.667277107778194
KGHM,20,xgboost,,7.0,2017-12-29,0,-11.38067273228306,0.35831155918744173,3044,-11.984472589828904
KGHM,20,xgboost,,8.0,2017-12-29,0,-10.477658420029412,0.5488308624911081,2944,-11.315414486992545
KGHM,20,xgboost,,9.0,2017-12-29,0,-8.716929323047648,0.7781735648599903,2492,-11.280196049645436
KGHM,20,xgboost,,10.0,2017-12-29,0,-6.137440746293217,1.1713486281601158,1517,-8.561690183334346
KGHM,20,xgboost,,1.0,all,1,-7.987321994426932,-1.1517289314642787,8724,-6.086291025369357
KGHM,20,xgboost,,2.0,all,1,-9.78595178913262,-0.6431654388947851,8704,-8.612256684320101
KGHM,20,xgboost,,3.0,all,1,-9.462939314087574,-0.3651730959017889,8714,-8.72499838552692
KGHM,20,xgboost,,4.0,all,1,-10.334783959071284,-0.1554271080746561,8713,-9.45712741094899
KGHM,20,xgboost,,5.0,all,1,-10.676370862970908,0.01749156454207078,8717,-10.236217978580846
KGHM,20,xgboost,,6.0,all,1,-9.922073798778957,0.18692770469927347,8731,-9.90423442494776
KGHM,20,xgboost,,7.0,all,1,-9.791510153371478,0.3582033609053036,8699,-10.37857138741747
KGHM,20,xgboost,,8.0,all,1,-9.322406391117674,0.548825522773725,8709,-10.223961468612341
KGHM,20,xgboost,,9.0,all,1,-7.952736866994478,0.7873533011002218,8721,-9.619147451184311
KGHM,20,xgboost,,10.0,all,1,-5.875297090009388,1.177931996363211,8706,-7.834704342044616
KGHM,20,xgboost,,1.0,2017-12-27,1,-6.9939503432779855,-1.1842352898707778,3518,-5.280659961752253
KGHM,20,xgboost,,2.0,2017-12-27,1,-7.730473247785931,-0.6424364268704273,2369,-6.686895748289026
KGHM,20,xgboost,,3.0,2017-12-27,1,-7.987539734699596,-0.3686492878108358,2047,-7.765407831581091
KGHM,20,xgboost,,4.0,2017-12-27,1,-7.779219646309177,-0.16115004829328744,1828,-7.327643218493761
KGHM,20,xgboost,,5.0,2017-12-27,1,-8.581238467947953,0.015184687733937687,1820,-8.788472630396797
KGHM,20,xgboost,,6.0,2017-12-27,1,-7.963692200676474,0.19093650467714196,1827,-8.372543651411087
KGHM,20,xgboost,,7.0,2017-12-27,1,-7.295303459960552,0.35446564213617193,1787,-8.257585573351324
KGHM,20,xgboost,,8.0,2017-12-27,1,-7.04492841900953,0.551565897808216,1961,-8.10562980529542
KGHM,20,xgboost,,9.0,2017-12-27,1,-6.965389831172892,0.795362553848756,2136,-8.557633373219732
KGHM,20,xgboost,,10.0,2017-12-27,1,-5.340171521480494,1.2018480021228901,3086,-6.905470370199029
KGHM,20,xgboost,,1.0,2017-12-28,1,-8.922159143231292,-1.1169858052469583,2695,-6.796008097898098
KGHM,20,xgboost,,2.0,2017-12-28,1,-9.390599823234357,-0.6444049227608187,2735,-7.787297484422092
KGHM,20,xgboost,,3.0,2017-12-28,1,-9.54071925906848,-0.35521815968798354,3080,-8.6344409994603
KGHM,20,xgboost,,4.0,2017-12-28,1,-10.109679434913563,-0.15562315874412128,3442,-8.966835532349505
KGHM,20,xgboost,,5.0,2017-12-28,1,-10.051804653615669,0.02250199684056972,3411,-9.474187494760521
KGHM,20,xgboost,,6.0,2017-12-28,1,-9.68342356290585,0.1839122738976043,3844,-9.27178025272789
KGHM,20,xgboost,,7.0,2017-12-28,1,-9.695262100481271,0.3598450227123382,3868,-10.128102276578524
KGHM,20,xgboost,,8.0,2017-12-28,1,-9.63750150701773,0.5474086995427541,3804,-10.518272448276619
KGHM,20,xgboost,,9.0,2017-12-28,1,-7.9178199073819036,0.7887625703012451,4093,-9.185910539997984
KGHM,20,xgboost,,10.0,2017-12-28,1,-6.05266355162244,1.162378054318299,4103,-8.257233013494526
KGHM,20,xgboost,,1.0,2017-12-29,1,-8.375731135292817,-1.1434753895612981,2511,-6.4532852791885595
KGHM,20,xgboost,,2.0,2017-12-29,1,-11.438928536683187,-0.6427035058703687,3600,-10.505990981314179
KGHM,20,xgboost,,3.0,2017-12-29,1,-10.238122115444138,-0.3717371992473985,3587,-9.350367388318194
KGHM,20,xgboost,,4.0,2017-12-29,1,-11.916654808876691,-0.15219262038253956,3443,-11.077888883486775
KGHM,20,xgboost,,5.0,2017-12-29,1,-12.381343983754755,0.013793323354641725,3486,-11.737704643528094
KGHM,20,xgboost,,6.0,2017-12-29,1,-11.39113742179512,0.18832222706595667,3060,-11.613238634511378
KGHM,20,xgboost,,7.0,2017-12-29,1,-11.379226588885492,0.35831155918744173,3044,-11.941980116215515
KGHM,20,xgboost,,8.0,2017-12-29,1,-10.432295141939775,0.5488308624911081,2944,-11.25469836573244
KGHM,20,xgboost,,9.0,2017-12-29,1,-8.856383891155462,0.7781735648599903,2492,-11.240589163872109
KGHM,20,xgboost,,10.0,2017-12-29,1,-6.48417178511935,1.1713486281601158,1517,-8.58221976601067
KGHM,20,xgboost,,1.0,all,5,-7.918257385950843,-1.1517289314642787,8724,-6.518147115054574
KGHM,20,xgboost,,2.0,all,5,-9.687302878033574,-0.6431654388947851,8704,-8.771649161273995
KGHM,20,xgboost,,3.0,all,5,-9.322050881193716,-0.3651730959017889,8714,-8.805533742350324
KGHM,20,xgboost,,4.0,all,5,-10.16685475477119,-0.1554271080746561,8713,-9.339037476459819
KGHM,20,xgboost,,5.0,all,5,-10.529432478369687,0.01749156454207078,8717,-10.170657685674543
KGHM,20,xgboost,,6.0,all,5,-9.782720949206402,0.18692770469927347,8731,-9.779312381999281
KGHM,20,xgboost,,7.0,all,5,-9.783810784735962,0.3582033609053036,8699,-10.276477443658823
KGHM,20,xgboost,,8.0,all,5,-9.313445825040958,0.548825522773725,8709,-10.120377694554758
KGHM,20,xgboost,,9.0,all,5,-8.22459101149425,0.7873533011002218,8721,-9.537409791603341
KGHM,20,xgboost,,10.0,all,5,-6.381374278455091,1.177931996363211,8706,-7.756577655519319
KGHM,20,xgboost,,1.0,2017-12-27,5,-7.0119733818949,-1.1842352898707778,3518,-5.634112661749488
KGHM,20,xgboost,,2.0,2017-12-27,5,-7.5873071601495905,-0.6424364268704273,2369,-6.771948116644463
KGHM,20,xgboost,,3.0,2017-12-27,5,-7.950339295430889,-0.3686492878108358,2047,-7.763467401721213
KGHM,20,xgboost,,4.0,2017-12-27,5,-7.628375781299667,-0.16115004829328744,1828,-7.239457034821281
KGHM,20,xgboost,,5.0,2017-12-27,5,-8.436465955071485,0.015184687733937687,1820,-8.803734812316621
KGHM,20,xgboost,,6.0,2017-12-27,5,-7.850730903835813,0.19093650467714196,1827,-8.33309083862417
KGHM,20,xgboost,,7.0,2017-12-27,5,-7.375160566609609,0.35446564213617193,1787,-8.119570154401217
KGHM,20,xgboost,,8.0,2017-12-27,5,-6.937358654971703,0.551565897808216,1961,-7.943629785031754
KGHM,20,xgboost,,9.0,2017-12-27,5,-7.040134766618066,0.795362553848756,2136,-8.431842548866694
KGHM,20,xgboost,,10.0,2017-12-27,5,-5.6603366441818865,1.2018480021228901,3086,-6.7750106610686185
KGHM,20,xgboost,,1.0,2017-12-28,5,-8.825487364859093,-1.1169858052469583,2695,-7.204374706373553
KGHM,20,xgboost,,2.0,2017-12-28,5,-9.264088930870098,-0.6444049227608187,2735,-8.037593725809062
KGHM,20,xgboost,,3.0,2017-12-28,5,-9.346472938296493,-0.35521815968798354,3080,-8.734327241238175
KGHM,20,xgboost,,4.0,2017-12-28,5,-9.960182887889221,-0.15562315874412128,3442,-8.876696187295087
KGHM,20,xgboost,,5.0,2017-12-28,5,-9.904945300792813,0.02250199684056972,3411,-9.362462665699148
KGHM,20,xgboost,,6.0,2017-12-28,5,-9.397797248101629,0.1839122738976043,3844,-9.14720783817224
KGHM,20,xgboost,,7.0,2017-12-28,5,-9.657373384458461,0.3598450227123382,3868,-9.997056184065729
KGHM,20,xgboost,,8.0,2017-12-28,5,-9.641993121746022,0.5474086995427541,3804,-10.454053953555013
KGHM,20,xgboost,,9.0,2017-12-28,5,-8.170459834562605,0.7887625703012451,4093,-9.167160746541402
KGHM,20,xgboost,,10.0,2017-12-28,5,-6.645288797379367,1.162378054318299,4103,-8.235275949213412
KGHM,20,xgboost,,1.0,2017-12-29,5,-8.21428380296043,-1.1434753895612981,2511,-7.020198030276653
KGHM,20,xgboost,,2.0,2017-12-29,5,-11.390741767244478,-0.6427035058703687,3600,-10.645241769808425
KGHM,20,xgboost,,3.0,2017-12-29,5,-10.083877945643104,-0.3717371992473985,3587,-9.461353598133208
KGHM,20,xgboost,,4.0,2017-12-29,5,-11.721227142024654,-0.15219262038253956,3443,-10.915979609663495
KGHM,20,xgboost,,5.0,2017-12-29,5,-12.233197491312152,0.013793323354641725,3486,-11.675119201063957
KGHM,20,xgboost,,6.0,2017-12-29,5,-11.419777328271376,0.18832222706595667,3060,-11.436847227168387
KGHM,20,xgboost,,7.0,2017-12-29,5,-11.358488118528722,0.35831155918744173,3044,-11.897763500823547
KGHM,20,xgboost,,8.0,2017-12-29,5,-10.471636390203916,0.5488308624911081,2944,-11.139161037400426
KGHM,20,xgboost,,9.0,2017-12-29,5,-9.328747290080425,0.7781735648599903,2492,-11.093156570064016
KGHM,20,xgboost,,10.0,2017-12-29,5,-7.13436100767118,1.1713486281601158,1517,-8.458632135313648
KGHM,50,linear,,1.0,all,0,-8.926306888536187,-1.356378328989133,8709,-5.4800070205865605
KGHM,50,linear,,2.0,all,0,-9.822339136062347,-0.931979486147537,8701,-8.1942745026085
KGHM,50,linear,,3.0,all,0,-10.11795829315854,-0.5866748734509417,8708,-8.539838154394516
KGHM,50,linear,,4.0,all,0,-10.538132659680253,-0.23405153132888876,8701,-9.123556401019814
KGHM,50,linear,,5.0,all,0,-10.540640310482317,0.09801588268732235,8705,-10.36669213791274
KGHM,50,linear,,6.0,all,0,-10.03861646093269,0.4059653252566456,8705,-10.071441154466019
KGHM,50,linear,,7.0,all,0,-9.576578183862145,0.6776586649361613,8704,-10.226842607917346
KGHM,50,linear,,8.0,all,0,-8.675996468308211,0.9444740840032254,8709,-10.69718031294708
KGHM,50,linear,,9.0,all,0,-7.1927004720457015,1.2169482833237362,8701,-9.929382433260063
KGHM,50,linear,,10.0,all,0,-5.733926011243275,1.5411058586175792,8705,-8.441497530116123
KGHM,50,linear,,1.0,2017-12-27,0,-8.027878380986817,-1.3805128334998287,3179,-4.739651293869941
KGHM,50,linear,,2.0,2017-12-27,0,-8.049406828464765,-0.9395566095208387,2442,-6.773331594110095
KGHM,50,linear,,3.0,2017-12-27,0,-8.20615727330466,-0.5920149639646738,2137,-7.158052152535766
KGHM,50,linear,,4.0,2017-12-27,0,-7.536885135954037,-0.22664892360677436,1819,-7.677241844133722
KGHM,50,linear,,5.0,2017-12-27,0,-8.235742363621789,0.08733944657447772,2041,-8.713687322436071
KGHM,50,linear,,6.0,2017-12-27,0,-7.596430144283115,0.4076782197913537,1816,-8.70035964602236
KGHM,50,linear,,7.0,2017-12-27,0,-6.563116138434375,0.6709472836734981,1850,-8.363340112650773
KGHM,50,linear,,8.0,2017-12-27,0,-6.826481913245289,0.9564669540785032,1850,-8.438365843090011
KGHM,50,linear,,9.0,2017-12-27,0,-5.700292207877442,1.2229383412571777,2478,-8.516606924259285
KGHM,50,linear,,10.0,2017-12-27,0,-4.846389731838525,1.5041686003058676,2737,-7.679150842416403
KGHM,50,linear,,1.0,2017-12-28,0,-9.586740417534644,-1.3423712824049516,2686,-5.711424000710661
KGHM,50,linear,,2.0,2017-12-28,0,-9.613478344626056,-0.9283344743705638,2664,-7.1824929871785335
KGHM,50,linear,,3.0,2017-12-28,0,-10.166257481191394,-0.5790211170056899,3068,-8.32945022672605
KGHM,50,linear,,4.0,2017-12-28,0,-10.490998191141113,-0.23685838300770845,3420,-8.842981344780803
KGHM,50,linear,,5.0,2017-12-28,0,-10.027786348100806,0.10607703763849428,3112,-9.512485547919347
KGHM,50,linear,,6.0,2017-12-28,0,-9.505813609987971,0.4073468633798869,3832,-9.052653522255444
KGHM,50,linear,,7.0,2017-12-28,0,-9.818741159740958,0.6816019341959814,3706,-9.757296822345527
KGHM,50,linear,,8.0,2017-12-28,0,-9.148602161163467,0.9426509488498349,3799,-10.833184143705585
KGHM,50,linear,,9.0,2017-12-28,0,-7.807341233971403,1.2134089786891946,3933,-10.1611436066642
KGHM,50,linear,,10.0,2017-12-28,0,-6.1295447338509454,1.5712254194520971,4825,-8.84295799737932
KGHM,50,linear,,1.0,2017-12-29,0,-9.306820167934779,-1.3426298540543964,2844,-6.089010131212016
KGHM,50,linear,,2.0,2017-12-29,0,-11.181422819939836,-0.9295335824190957,3595,-9.90924767080281
KGHM,50,linear,,3.0,2017-12-29,0,-11.24194826476658,-0.5901204776034358,3503,-9.567056780731653
KGHM,50,linear,,4.0,2017-12-29,0,-12.161607277837918,-0.23516820108768793,3462,-10.160648507118376
KGHM,50,linear,,5.0,2017-12-29,0,-12.314372923228264,0.09708803693796109,3552,-12.064911095245883
KGHM,50,linear,,6.0,2017-12-29,0,-12.157265749730787,0.4032160054780094,3057,-12.162994385072693
KGHM,50,linear,,7.0,2017-12-29,0,-11.062425958777807,0.6769605389701618,3148,-11.874751215786574
KGHM,50,linear,,8.0,2017-12-29,0,-9.207425520500786,0.9394869208687375,3060,-11.893954239804598
KGHM,50,linear,,9.0,2017-12-29,0,-7.752004210890751,1.2165451049694063,2290,-11.060099034266809
KGHM,50,linear,,10.0,2017-12-29,0,-6.189154760279838,1.5024097912270324,1143,-8.572290294498634
KGHM,50,linear,,1.0,all,1,-8.925404511906592,-1.356378328989133,8709,-5.68379854133985
KGHM,50,linear,,2.0,all,1,-9.775298931591392,-0.931979486147537,8701,-8.265392315519982
KGHM,50,linear,,3.0,all,1,-10.044963029936957,-0.5866748734509417,8708,-8.570563687595005
KGHM,50,linear,,4.0,all,1,-10.485486375087547,-0.23405153132888876,8701,-9.096409919212187
KGHM,50,linear,,5.0,all,1,-10.475694814502699,0.09801588268732235,8705,-10.33040372822146
KGHM,50,linear,,6.0,all,1,-9.972512087368,0.4059653252566456,8705,-10.006907817437751
KGHM,50,linear,,7.0,all,1,-9.555051440577843,0.6776586649361613,8704,-10.154719781639207
KGHM,50,linear,,8.0,all,1,-8.708169390745029,0.9444740840032254,8709,-10.627585420666307
KGHM,50,linear,,9.0,all,1,-7.279114029982147,1.2169482833237362,8701,-9.900140239594355
KGHM,50,linear,,10.0,all,1,-5.940481432153385,1.5411058586175792,8705,-8.433696217793438
KGHM,50,linear,,1.0,2017-12-27,1,-8.023772721476721,-1.3805128334998287,3179,-4.922591306440776
KGHM,50,linear,,2.0,2017-12-27,1,-7.9982148154371515,-0.9395566095208387,2442,-6.731360061336488
KGHM,50,linear,,3.0,2017-12-27,1,-8.187376952745243,-0.5920149639646738,2137,-7.147532065625414
KGHM,50,linear,,4.0,2017-12-27,1,-7.512403939907605,-0.22664892360677436,1819,-7.63052492209192
KGHM,50,linear,,5.0,2017-12-27,1,-8.189922187666568,0.08733944657447772,2041,-8.718043134505004
KGHM,50,linear,,6.0,2017-12-27,1,-7.505153942231509,0.4076782197913537,1816,-8.663467848896447
KGHM,50,linear,,7.0,2017-12-27,1,-6.550994429898504,0.6709472836734981,1850,-8.305329233449312
KGHM,50,linear,,8.0,2017-12-27,1,-6.802122592175749,0.9564669540785032,1850,-8.37791592150072
KGHM,50,linear,,9.0,2017-12-27,1,-5.727122765717983,1.2229383412571777,2478,-8.487676795956117
KGHM,50,linear,,10.0,2017-12-27,1,-5.021212843297891,1.5041686003058676,2737,-7.670856173366069
KGHM,50,linear,,1.0,2017-12-28,1,-9.5819724545655,-1.3423712824049516,2686,-5.916360654642283
KGHM,50,linear,,2.0,2017-12-28,1,-9.581910455515562,-0.9283344743705638,2664,-7.359260422099035
KGHM,50,linear,,3.0,2017-12-28,1,-10.046211594647122,-0.5790211170056899,3068,-8.383161247032806
KGHM,50,linear,,4.0,2017-12-28,1,-10.426117597362714,-0.23685838300770845,3420,-8.845607935504935
KGHM,50,linear,,5.0,2017-12-28,1,-9.980727520995442,0.10607703763849428,3112,-9.466904254027845
KGHM,50,linear,,6.0,2017-12-28,1,-9.423544990879877,0.4073468633798869,3832,-8.99351523689954
KGHM,50,linear,,7.0,2017-12-28,1,-9.786311201171214,0.6816019341959814,3706,-9.67224934367889
KGHM,50,linear,,8.0,2017-12-28,1,-9.167227564721049,0.9426509488498349,3799,-10.741984751946072
KGHM,50,linear,,9.0,2017-12-28,1,-7.869384116960909,1.2134089786891946,3933,-10.117062518542387
KGHM,50,linear,,10.0,2017-12-28,1,-6.327311186323288,1.5712254194520971,4825,-8.844695052345132
KGHM,50,linear,,1.0,2017-12-29,1,-9.313149226321055,-1.3426298540543964,2844,-6.315027783046539
KGHM,50,linear,,2.0,2017-12-29,1,-11.125737405002983,-0.9295335824190957,3595,-9.978894993903708
KGHM,50,linear,,3.0,2017-12-29,1,-11.17708716651358,-0.5901204776034358,3503,-9.602812977858735
KGHM,50,linear,,4.0,2017-12-29,1,-12.10624841131263,-0.23516820108768793,3462,-10.114372829102589
KGHM,50,linear,,5.0,2017-12-29,1,-12.222766928457407,0.09708803693796109,3552,-12.013410016359359
KGHM,50,linear,,6.0,2017-12-29,1,-12.126376760351434,0.4032160054780094,3057,-12.07527790297698
KGHM,50,linear,,7.0,2017-12-29,1,-11.048207983461499,0.6769605389701618,3148,-11.809550771865458
KGHM,50,linear,,8.0,2017-12-29,1,-9.290595722254267,0.9394869208687375,3060,-11.845652582079545
KGHM,50,linear,,9.0,2017-12-29,1,-7.94474813511714,1.2165451049694063,2290,-11.056004471137124
KGHM,50,linear,,10.0,2017-12-29,1,-6.50879688607089,1.5024097912270324,1143,-8.525405600895615
KGHM,50,linear,,1.0,all,5,-8.815028892316082,-1.356378328989133,8709,-6.1009987877068825
KGHM,50,linear,,2.0,all,5,-9.666398016240029,-0.931979486147537,8701,-8.44779434088916
KGHM,50,linear,,3.0,all,5,-9.812147952139393,-0.5866748734509417,8708,-8.670104170615192
KGHM,50,linear,,4.0,all,5,-10.323802299678842,-0.23405153132888876,8701,-9.141079124115587
KGHM,50,linear,,5.0,all,5,-10.340389082582142,0.09801588268732235,8705,-10.281633258253605
KGHM,50,linear,,6.0,all,5,-9.859362697211012,0.4059653252566456,8705,-9.928011563900913
KGHM,50,linear,,7.0,all,5,-9.533285515434574,0.6776586649361613,8704,-10.082058235856818
KGHM,50,linear,,8.0,all,5,-8.856632110485117,0.9444740840032254,8709,-10.389995970517154
KGHM,50,linear,,9.0,all,5,-7.532694391501575,1.2169482833237362,8701,-9.70651657360697
KGHM,50,linear,,10.0,all,5,-6.418402142210808,1.5411058586175792,8705,-8.318258592876509
KGHM,50,linear,,1.0,2017-12-27,5,-7.9184851820658375,-1.3805128334998287,3179,-5.28277531585529
KGHM,50,linear,,2.0,2017-12-27,5,-7.923503150554018,-0.9395566095208387,2442,-6.801063453310759
KGHM,50,linear,,3.0,2017-12-27,5,-8.116625387054508,-0.5920149639646738,2137,-7.210243342634476
KGHM,50,linear,,4.0,2017-12-27,5,-7.419393451264074,-0.22664892360677436,1819,-7.628231523043381
KGHM,50,linear,,5.0,2017-12-27,5,-8.06785319513982,0.08733944657447772,2041,-8.757343887141912
KGHM,50,linear,,6.0,2017-12-27,5,-7.416318816070305,0.4076782197913537,1816,-8.589654984137178
KGHM,50,linear,,7.0,2017-12-27,5,-6.576845430685473,0.6709472836734981,1850,-8.239982806095105
KGHM,50,linear,,8.0,2017-12-27,5,-6.8571466658255575,0.9564669540785032,1850,-8.143508620826028
KGHM,50,linear,,9.0,2017-12-27,5,-5.786067994192481,1.2229383412571777,2478,-8.3181438079694
KGHM,50,linear,,10.0,2017-12-27,5,-5.3625540640779,1.5041686003058676,2737,-7.518590259303693
KGHM,50,linear,,1.0,2017-12-28,5,-9.501436781263099,-1.3423712824049516,2686,-6.370791371397339
KGHM,50,linear,,2.0,2017-12-28,5,-9.455427172398359,-0.9283344743705638,2664,-7.622744545554236
KGHM,50,linear,,3.0,2017-12-28,5,-9.704792105323191,-0.5790211170056899,3068,-8.496358830608074
KGHM,50,linear,,4.0,2017-12-28,5,-10.222438712071273,-0.23685838300770845,3420,-8.941750557508318
KGHM,50,linear,,5.0,2017-12-28,5,-9.809686046220003,0.10607703763849428,3112,-9.44424065878482
KGHM,50,linear,,6.0,2017-12-28,5,-9.282147209814505,0.4073468633798869,3832,-8.972622865763935
KGHM,50,linear,,7.0,2017-12-28,5,-9.690162312116477,0.6816019341959814,3706,-9.600502506461604
KGHM,50,linear,,8.0,2017-12-28,5,-9.296965068212698,0.9426509488498349,3799,-10.472020808119664
KGHM,50,linear,,9.0,2017-12-28,5,-8.065604420222394,1.2134089786891946,3933,-9.914766753381175
KGHM,50,linear,,10.0,2017-12-28,5,-6.8387457382138646,1.5712254194520971,4825,-8.769916376633953
KGHM,50,linear,,1.0,2017-12-29,5,-9.168904020717573,-1.3426298540543964,2844,-6.760798203045716
KGHM,50,linear,,2.0,2017-12-29,5,-11.006641573958929,-0.9295335824190957,3595,-10.17776638045486
KGHM,50,linear,,3.0,2017-12-29,5,-10.940523475867197,-0.5901204776034358,3503,-9.712859892150055
KGHM,50,linear,,4.0,2017-12-29,5,-11.94996728087016,-0.23516820108768793,3462,-10.132868114337196
KGHM,50,linear,,5.0,2017-12-29,5,-12.111164306520418,0.09708803693796109,3552,-11.891160391132496
KGHM,50,linear,,6.0,2017-12-29,5,-12.034193392616613,0.4032160054780094,3057,-11.920653055595988
KGHM,50,linear,,7.0,2017-12-29,5,-11.086026540937343,0.6769605389701618,3148,-11.731513470354221
KGHM,50,linear,,8.0,2017-12-29,5,-9.518796543888095,0.9394869208687375,3060,-11.646332323091219
KGHM,50,linear,,9.0,2017-12-29,5,-8.5074564306164,1.2165451049694063,2290,-10.851206423475078
KGHM,50,linear,,10.0,2017-12-29,5,-7.172293952477669,1.5024097912270324,1143,-8.326520554695515
KGHM,50,xgboost,,1.0,all,0,-9.559021732735399,-1.7062781247648955,8705,-5.8806650818265656
KGHM,50,xgboost,,2.0,all,0,-9.927812725548025,-0.9911033542042557,8705,-7.832291985468803
KGHM,50,xgboost,,3.0,all,0,-9.55246593494243,-0.562264438688173,8705,-8.487540808016515
KGHM,50,xgboost,,4.0,all,0,-10.313772809453754,-0.2252096617506803,8722,-8.818555192314166
KGHM,50,xgboost,,5.0,all,0,-10.318635030745243,0.05595634839224582,8689,-10.070494074729986
KGHM,50,xgboost,,6.0,all,0,-9.535407336472337,0.32379367419109006,8710,-9.787475121611743
KGHM,50,xgboost,,7.0,all,0,-9.391082832190543,0.5836586988250446,8699,-10.10762022344429
KGHM,50,xgboost,,8.0,all,0,-8.607952670095642,0.8812449883554471,8703,-10.257793603703933
KGHM,50,xgboost,,9.0,all,0,-7.712832626193096,1.2449193799219103,8706,-10.593490422090186
KGHM,50,xgboost,,10.0,all,0,-6.243654497974921,1.7427620501531398,8704,-9.236301167462384
KGHM,50,xgboost,,1.0,2017-12-27,0,-8.15694316942095,-1.7676326472124608,3475,-4.96710934908772
KGHM,50,xgboost,,2.0,2017-12-27,0,-7.956038352585012,-0.9893321707110844,2335,-6.171161509295882
KGHM,50,xgboost,,3.0,2017-12-27,0,-7.899657632141023,-0.5756620664113162,2254,-7.284270654187191
KGHM,50,xgboost,,4.0,2017-12-27,0,-7.103837570795482,-0.2311567556427186,1909,-7.748206764986474
KGHM,50,xgboost,,5.0,2017-12-27,0,-8.824151067248877,0.05500695518831298,1662,-8.967091714966571
KGHM,50,xgboost,,6.0,2017-12-27,0,-7.118823447765215,0.3299778132279714,1875,-8.621515756383017
KGHM,50,xgboost,,7.0,2017-12-27,0,-7.089608008986104,0.5747787042910981,1872,-8.221274262160396
KGHM,50,xgboost,,8.0,2017-12-27,0,-6.319845464336772,0.8794037822602142,1872,-8.47313629585466
KGHM,50,xgboost,,9.0,2017-12-27,0,-5.727425401421618,1.2599217506176834,2180,-8.527522696029022
KGHM,50,xgboost,,10.0,2017-12-27,0,-5.247597559024089,1.7910694380771643,2915,-8.188026057719375
KGHM,50,xgboost,,1.0,2017-12-28,0,-10.245404902006984,-1.6355318129185044,2435,-6.016651531675533
KGHM,50,xgboost,,2.0,2017-12-28,0,-9.566165718466166,-0.9990417613796059,2778,-6.617718506753412
KGHM,50,xgboost,,3.0,2017-12-28,0,-9.78469905974316,-0.5544328939434052,3001,-8.42710450411412
KGHM,50,xgboost,,4.0,2017-12-28,0,-10.354433243352497,-0.21838972791874942,3377,-8.18769280710236
KGHM,50,xgboost,,5.0,2017-12-28,0,-9.3104397191694,0.06161017644887473,3324,-8.974146625819133
KGHM,50,xgboost,,6.0,2017-12-28,0,-9.51804080682857,0.3253663056968914,3926,-9.25173928464686
KGHM,50,xgboost,,7.0,2017-12-28,0,-9.642477065644673,0.5899178706538064,3964,-9.753193206305014
KGHM,50,xgboost,,8.0,2017-12-28,0,-8.546365432790823,0.8904339976308296,3918,-10.04363507529407
KGHM,50,xgboost,,9.0,2017-12-28,0,-8.167527265602658,1.2435339920365718,4013,-10.461609964991348
KGHM,50,xgboost,,10.0,2017-12-28,0,-6.691767143278156,1.707917350271955,4309,-9.837706500568071
KGHM,50,xgboost,,1.0,2017-12-29,0,-10.704238187240374,-1.6916306485003776,2795,-6.898010042787299
KGHM,50,xgboost,,2.0,2017-12-29,0,-11.489268334273538,-0.9861152746729172,3592,-9.851452560562102
KGHM,50,xgboost,,3.0,2017-12-29,0,-10.43029153117066,-0.560323630830516,3450,-9.3262481340288
KGHM,50,xgboost,,4.0,2017-12-29,0,-12.057211716707124,-0.22860835625316267,3436,-10.033257585395901
KGHM,50,xgboost,,5.0,2017-12-29,0,-11.894404288916745,0.05130729817477402,3703,-11.549865838733895
KGHM,50,xgboost,,6.0,2017-12-29,0,-11.116457795979828,0.3176852479326065,2909,-11.262027443965811
KGHM,50,xgboost,,7.0,2017-12-29,0,-10.547853397201559,0.5807987591248478,2863,-11.831751671388245
KGHM,50,xgboost,,8.0,2017-12-29,0,-10.161208929944898,0.870068949724938,2913,-11.692723776928677
KGHM,50,xgboost,,9.0,2017-12-29,0,-8.709051552596302,1.2341173080823074,2513,-12.596294209257309
KGHM,50,xgboost,,10.0,2017-12-29,0,-6.900808949616835,1.7490659528487438,1480,-9.549994657022165
KGHM,50,xgboost,,1.0,all,1,-9.531083133890688,-1.7062781247648955,8705,-6.114778194661903
KGHM,50,xgboost,,2.0,all,1,-9.879217295205354,-0.9911033542042557,8705,-7.925300434555842
KGHM,50,xgboost,,3.0,all,1,-9.508519689870162,-0.562264438688173,8705,-8.516786463203434
KGHM,50,xgboost,,4.0,all,1,-10.272367688977008,-0.2252096617506803,8722,-8.788896956015977
KGHM,50,xgboost,,5.0,all,1,-10.283788583708272,0.05595634839224582,8689,-10.022788203075688
KGHM,50,xgboost,,6.0,all,1,-9.511326380603318,0.32379367419109006,8710,-9.736355324055044
KGHM,50,xgboost,,7.0,all,1,-9.35989093119571,0.5836586988250446,8699,-10.057941128347425
KGHM,50,xgboost,,8.0,all,1,-8.586478699063795,0.8812449883554471,8703,-10.184044999382342
KGHM,50,xgboost,,9.0,all,1,-7.795602507790648,1.2449193799219103,8706,-10.558637814227705
KGHM,50,xgboost,,10.0,all,1,-6.433358724567771,1.7427620501531398,8704,-9.165621643074449
KGHM,50,xgboost,,1.0,2017-12-27,1,-8.145496116834202,-1.7676326472124608,3475,-5.129465318104095
KGHM,50,xgboost,,2.0,2017-12-27,1,-7.93125095723895,-0.9893321707110844,2335,-6.1748062409221545
KGHM,50,xgboost,,3.0,2017-12-27,1,-7.862084790768077,-0.5756620664113162,2254,-7.270482972659174
KGHM,50,xgboost,,4.0,2017-12-27,1,-7.106077528713491,-0.2311567556427186,1909,-7.73419869334525
KGHM,50,xgboost,,5.0,2017-12-27,1,-8.77579141443876,0.05500695518831298,1662,-8.929329018578677
KGHM,50,xgboost,,6.0,2017-12-27,1,-7.063913257387837,0.3299778132279714,1875,-8.571426179367627
KGHM,50,xgboost,,7.0,2017-12-27,1,-7.039491845603583,0.5747787042910981,1872,-8.161534609665871
KGHM,50,xgboost,,8.0,2017-12-27,1,-6.295816310958458,0.8794037822602142,1872,-8.413472217668918
KGHM,50,xgboost,,9.0,2017-12-27,1,-5.7395376590028615,1.2599217506176834,2180,-8.504923917074503
KGHM,50,xgboost,,10.0,2017-12-27,1,-5.408585114966173,1.7910694380771643,2915,-8.158713279940317
KGHM,50,xgboost,,1.0,2017-12-28,1,-10.192767405702504,-1.6355318129185044,2435,-6.33025999635022
KGHM,50,xgboost,,2.0,2017-12-28,1,-9.540722629502822,-0.9990417613796059,2778,-6.8048174506014565
KGHM,50,xgboost,,3.0,2017-12-28,1,-9.746299233491147,-0.5544328939434052,3001,-8.486461708498222
KGHM,50,xgboost,,4.0,2017-12-28,1,-10.312407901519409,-0.21838972791874942,3377,-8.174569160328453
KGHM,50,xgboost,,5.0,2017-12-28,1,-9.260991819432194,0.06161017644887473,3324,-8.922068080440017
KGHM,50,xgboost,,6.0,2017-12-28,1,-9.469334474886454,0.3253663056968914,3926,-9.198642253753427
KGHM,50,xgboost,,7.0,2017-12-28,1,-9.59990252343676,0.5899178706538064,3964,-9.717388369975131
KGHM,50,xgboost,,8.0,2017-12-28,1,-8.519140503500703,0.8904339976308296,3918,-9.980180907294686
KGHM,50,xgboost,,9.0,2017-12-28,1,-8.249381859270162,1.2435339920365718,4013,-10.409530964296032
KGHM,50,xgboost,,10.0,2017-12-28,1,-6.867808139774235,1.707917350271955,4309,-9.736504979482769
KGHM,50,xgboost,,1.0,2017-12-29,1,-10.677313431711623,-1.6916306485003776,2795,-7.152081972453433
KGHM,50,xgboost,,2.0,2017-12-29,1,-11.407290675069826,-0.9861152746729172,3592,-9.929784196125981
KGHM,50,xgboost,,3.0,2017-12-29,1,-10.377356748470028,-0.560323630830516,3450,-9.357416218727234
KGHM,50,xgboost,,4.0,2017-12-29,1,-11.992167490544931,-0.22860835625316267,3436,-9.97865363514147
KGHM,50,xgboost,,5.0,2017-12-29,1,-11.878729912301202,0.05130729817477402,3703,-11.501622351678174
KGHM,50,xgboost,,6.0,2017-12-29,1,-11.145482388810064,0.3176852479326065,2909,-11.212912099680016
KGHM,50,xgboost,,7.0,2017-12-29,1,-10.544795275095446,0.5807987591248478,2863,-11.769441001613105
KGHM,50,xgboost,,8.0,2017-12-29,1,-10.1491120807148,0.870068949724938,2913,-11.596077872766125
KGHM,50,xgboost,,9.0,2017-12-29,1,-8.85457776957739,1.2341173080823074,2513,-12.57832029913411
KGHM,50,xgboost,,10.0,2017-12-29,1,-7.186853685286694,1.7490659528487438,1480,-9.486703793042379
KGHM,50,xgboost,,1.0,all,5,-9.334710067354296,-1.7062781247648955,8705,-6.584552218579459
KGHM,50,xgboost,,2.0,all,5,-9.765770856729855,-0.9911033542042557,8705,-8.133673619678643
KGHM,50,xgboost,,3.0,all,5,-9.28467214476532,-0.562264438688173,8705,-8.568706886733148
KGHM,50,xgboost,,4.0,all,5,-10.16234033993413,-0.2252096617506803,8722,-8.872247896510503
KGHM,50,xgboost,,5.0,all,5,-10.185966090782154,0.05595634839224582,8689,-10.016002315917
KGHM,50,xgboost,,6.0,all,5,-9.444356277483847,0.32379367419109006,8710,-9.635024113659203
KGHM,50,xgboost,,7.0,all,5,-9.335655893446543,0.5836586988250446,8699,-9.97018386467699
KGHM,50,xgboost,,8.0,all,5,-8.655047392696945,0.8812449883554471,8703,-10.016577649788417
KGHM,50,xgboost,,9.0,all,5,-8.118055786546346,1.2449193799219103,8706,-10.353180907865752
KGHM,50,xgboost,,10.0,all,5,-6.871059249189081,1.7427620501531398,8704,-8.917723566129679
KGHM,50,xgboost,,1.0,2017-12-27,5,-8.027346660496079,-1.7676326472124608,3475,-5.5016848716190285
KGHM,50,xgboost,,2.0,2017-12-27,5,-7.816812180809292,-0.9893321707110844,2335,-6.306734874508353
KGHM,50,xgboost,,3.0,2017-12-27,5,-7.76319451711529,-0.5756620664113162,2254,-7.244952090026175
KGHM,50,xgboost,,4.0,2017-12-27,5,-7.111270058762849,-0.2311567556427186,1909,-7.799966367598096
KGHM,50,xgboost,,5.0,2017-12-27,5,-8.630876466239984,0.05500695518831298,1662,-8.880452252788345
KGHM,50,xgboost,,6.0,2017-12-27,5,-7.085028477532521,0.3299778132279714,1875,-8.476158725984263
KGHM,50,xgboost,,7.0,2017-12-27,5,-7.012706232046547,0.5747787042910981,1872,-8.149354473008882
KGHM,50,xgboost,,8.0,2017-12-27,5,-6.314553178770218,0.8794037822602142,1872,-8.186564461918325
KGHM,50,xgboost,,9.0,2017-12-27,5,-5.831119261506665,1.2599217506176834,2180,-8.398222085868332
KGHM,50,xgboost,,10.0,2017-12-27,5,-5.7136892451653924,1.7910694380771643,2915,-7.908412998278748
KGHM,50,xgboost,,1.0,2017-12-28,5,-10.007398892727421,-1.6355318129185044,2435,-6.898846651903265
KGHM,50,xgboost,,2.0,2017-12-28,5,-9.424266801260782,-0.9990417613796059,2778,-7.083116244535114
KGHM,50,xgboost,,3.0,2017-12-28,5,-9.397256401681553,-0.5544328939434052,3001,-8.606732883634896
KGHM,50,xgboost,,4.0,2017-12-28,5,-10.153425206618603,-0.21838972791874942,3377,-8.295674429543151
KGHM,50,xgboost,,5.0,2017-12-28,5,-9.132808643589655,0.06161017644887473,3324,-8.943567785515633
KGHM,50,xgboost,,6.0,2017-12-28,5,-9.312045086951114,0.3253663056968914,3926,-9.175093275891985
KGHM,50,xgboost,,7.0,2017-12-28,5,-9.55607601792339,0.5899178706538064,3964,-9.65351975648267
KGHM,50,xgboost,,8.0,2017-12-28,5,-8.574687380725024,0.8904339976308296,3918,-9.787537871366073
KGHM,50,xgboost,,9.0,2017-12-28,5,-8.57008158468253,1.2435339920365718,4013,-10.233455241850153
KGHM,50,xgboost,,10.0,2017-12-28,5,-7.3497023295080535,1.707917350271955,4309,-9.45990034426575
KGHM,50,xgboost,,1.0,2017-12-29,5,-10.37409845699606,-1.6916306485003776,2795,-7.6570592259297365
KGHM,50,xgboost,,2.0,2017-12-29,5,-11.296816729326626,-0.9861152746729172,3592,-10.133771158131134
KGHM,50,xgboost,,3.0,2017-12-29,5,-10.180772207871856,-0.560323630830516,3450,-9.400482914291226
KGHM,50,xgboost,,4.0,2017-12-29,5,-11.866240098945335,-0.22860835625316267,3436,-10.034667581214384
KGHM,50,xgboost,,5.0,2017-12-29,5,-11.829296987475905,0.05130729817477402,3703,-11.488337337244023
KGHM,50,xgboost,,6.0,2017-12-29,5,-11.143632096988917,0.3176852479326065,2909,-11.002697221587907
KGHM,50,xgboost,,7.0,2017-12-29,5,-10.549353550699275,0.5807987591248478,2863,-11.599191599949425
KGHM,50,xgboost,,8.0,2017-12-29,5,-10.267218932476148,0.870068949724938,2913,-11.500670522960938
KGHM,50,xgboost,,9.0,2017-12-29,5,-9.380109943596091,1.2341173080823074,2513,-12.240275746574463
KGHM,50,xgboost,,10.0,2017-12-29,5,-7.7570460928611125,1.7490659528487438,1480,-9.32711584200612
PEKAO,10,linear,,1.0,all,0,-6.147052207721966,-0.6948003135506073,4302,-5.171723399561311
PEKAO,10,linear,,2.0,all,0,-8.146656661643485,-0.4891339729565146,4291,-7.407625295905356
PEKAO,10,linear,,3.0,all,0,-9.484734249857796,-0.35184765730110346,4297,-8.62444339998091
PEKAO,10,linear,,4.0,all,0,-10.022852303358667,-0.2215451036533307,4296,-9.737993981215572
PEKAO,10,linear,,5.0,all,0,-9.265013671636172,-0.101183480082743,4297,-9.193683856869393
PEKAO,10,linear,,6.0,all,0,-9.194189155645569,0.028620989875933443,4304,-9.276253330988682
PEKAO,10,linear,,7.0,all,0,-8.454914622412318,0.16547544279058873,4289,-8.58977823553378
PEKAO,10,linear,,8.0,all,0,-8.082428391244434,0.3205398538614693,4304,-8.786989504105286
PEKAO,10,linear,,9.0,all,0,-7.067050226281806,0.4986021263171241,4288,-7.870093011512347
PEKAO,10,linear,,10.0,all,0,-5.058481934720434,0.7224192629748863,4297,-6.251772963510414
PEKAO,10,linear,,1.0,2017-12-27,0,-6.061719946067377,-0.6717843558879569,1605,-4.903283658328443
PEKAO,10,linear,,2.0,2017-12-27,0,-7.8643166222661405,-0.48682485677392634,1440,-7.2595508782801454
PEKAO,10,linear,,3.0,2017-12-27,0,-8.262599265219759,-0.34819021149803064,1395,-7.696537915399935
PEKAO,10,linear,,4.0,2017-12-27,0,-8.213971883774262,-0.22473159969751022,1289,-7.997446630497085
PEKAO,10,linear,,5.0,2017-12-27,0,-6.952646461684599,-0.09888871265458357,1158,-6.468167912562718
PEKAO,10,linear,,6.0,2017-12-27,0,-7.07884055520393,0.02859805555907999,1196,-7.219392762399799
PEKAO,10,linear,,7.0,2017-12-27,0,-6.598257836490298,0.1666595441338965,1197,-7.129434220155778
PEKAO,10,linear,,8.0,2017-12-27,0,-7.3833987440434,0.3206146921933319,1257,-7.835979009795733
PEKAO,10,linear,,9.0,2017-12-27,0,-6.568075885399656,0.4978584852437199,1337,-7.327529035266443
PEKAO,10,linear,,10.0,2017-12-27,0,-4.533871900778185,0.7263885373161836,1723,-6.305085657627697
PEKAO,10,linear,,1.0,2017-12-28,0,-5.9968468055930675,-0.7231228169661781,1895,-5.355176774427778
PEKAO,10,linear,,2.0,2017-12-28,0,-7.981632587997928,-0.4855304288131317,1924,-7.145635071857127
PEKAO,10,linear,,3.0,2017-12-28,0,-9.495132651774268,-0.3517018132503318,1593,-8.585861624214239
PEKAO,10,linear,,4.0,2017-12-28,0,-9.978342093106269,-0.21581931557537054,1458,-9.80062594539071
PEKAO,10,linear,,5.0,2017-12-28,0,-8.957543290328871,-0.1016789833235108,1542,-9.217696686643531
PEKAO,10,linear,,6.0,2017-12-28,0,-8.98319341520323,0.027551398341439215,1552,-9.117329328678442
PEKAO,10,linear,,7.0,2017-12-28,0,-8.598444206573497,0.16706884280322312,1568,-8.7139190654537
PEKAO,10,linear,,8.0,2017-12-28,0,-8.21203684534168,0.321082011894047,1614,-9.083706937629028
PEKAO,10,linear,,9.0,2017-12-28,0,-6.841545724639349,0.4972241581959112,1616,-7.869828135829107
PEKAO,10,linear,,10.0,2017-12-28,0,-5.494126334693822,0.734620110578295,1569,-6.27654538997286
PEKAO,10,linear,,1.0,2017-12-29,0,-6.672734897235527,-0.673939301176602,802,-5.275466091963805
PEKAO,10,linear,,2.0,2017-12-29,0,-8.92775264265474,-0.5002001501245793,927,-8.181407768881723
PEKAO,10,linear,,3.0,2017-12-29,0,-10.774507855142081,-0.35592287996585964,1309,-9.660263812346662
PEKAO,10,linear,,4.0,2017-12-29,0,-11.57000707895085,-0.22428287358019863,1549,-11.127437577928797
PEKAO,10,linear,,5.0,2017-12-29,0,-11.238614521416874,-0.1023689996096964,1597,-11.146795741650491
PEKAO,10,linear,,6.0,2017-12-29,0,-11.030578818431371,0.029705459994501415,1556,-11.015749019689066
PEKAO,10,linear,,7.0,2017-12-29,0,-9.765520780407021,0.16290600674875794,1524,-9.609055771684064
PEKAO,10,linear,,8.0,2017-12-29,0,-8.549624638012572,0.3198635699481884,1433,-9.28700224216515
PEKAO,10,linear,,9.0,2017-12-29,0,-7.839742337453075,0.5010148938070277,1335,-8.413790446227619
PEKAO,10,linear,,10.0,2017-12-29,0,-5.277762556535607,0.6965663380198585,1005,-6.121697631088864
PEKAO,10,linear,,1.0,all,1,-6.194966603465259,-0.6948003135506073,4302,-5.407353853062698
PEKAO,10,linear,,2.0,all,1,-8.10133910747934,-0.4891339729565146,4291,-7.420582644497119
PEKAO,10,linear,,3.0,all,1,-9.453065759661177,-0.35184765730110346,4297,-8.633436154476911
PEKAO,10,linear,,4.0,all,1,-9.99593933803917,-0.2215451036533307,4296,-9.688372721662539
PEKAO,10,linear,,5.0,all,1,-9.20783719475527,-0.101183480082743,4297,-9.136451715932129
PEKAO,10,linear,,6.0,all,1,-9.1546038223242,0.028620989875933443,4304,-9.215981847055168
PEKAO,10,linear,,7.0,all,1,-8.414138576812613,0.16547544279058873,4289,-8.518124676641587
PEKAO,10,linear,,8.0,all,1,-8.033058972172583,0.3205398538614693,4304,-8.75096593188164
PEKAO,10,linear,,9.0,all,1,-7.085899976790306,0.4986021263171241,4288,-7.869300650438112
PEKAO,10,linear,,10.0,all,1,-5.282678063052345,0.7224192629748863,4297,-6.270458116092513
PEKAO,10,linear,,1.0,2017-12-27,1,-6.115572507190616,-0.6717843558879569,1605,-5.086898870752702
PEKAO,10,linear,,2.0,2017-12-27,1,-7.8288474301576825,-0.48682485677392634,1440,-7.256719639275794
PEKAO,10,linear,,3.0,2017-12-27,1,-8.195087656669847,-0.34819021149803064,1395,-7.704757995305501
PEKAO,10,linear,,4.0,2017-12-27,1,-8.153101221718595,-0.22473159969751022,1289,-7.948736578160707
PEKAO,10,linear,,5.0,2017-12-27,1,-6.915253613905973,-0.09888871265458357,1158,-6.42070843842902
PEKAO,10,linear,,6.0,2017-12-27,1,-7.0132741040692474,0.02859805555907999,1196,-7.1930910920085225
PEKAO,10,linear,,7.0,2017-12-27,1,-6.539159253312896,0.1666595441338965,1197,-7.027916490557998
PEKAO,10,linear,,8.0,2017-12-27,1,-7.292913131508993,0.3206146921933319,1257,-7.776661033190442
PEKAO,10,linear,,9.0,2017-12-27,1,-6.570980769939914,0.4978584852437199,1337,-7.321711786944493
PEKAO,10,linear,,10.0,2017-12-27,1,-4.788983809009522,0.7263885373161836,1723,-6.339200145718985
PEKAO,10,linear,,1.0,2017-12-28,1,-6.023471617321942,-0.7231228169661781,1895,-5.648761098064262
PEKAO,10,linear,,2.0,2017-12-28,1,-7.930317432733358,-0.4855304288131317,1924,-7.149289115340992
PEKAO,10,linear,,3.0,2017-12-28,1,-9.498069281821449,-0.3517018132503318,1593,-8.588355007595723
PEKAO,10,linear,,4.0,2017-12-28,1,-9.95342294903319,-0.21581931557537054,1458,-9.690969161539796
PEKAO,10,linear,,5.0,2017-12-28,1,-8.868896081886366,-0.1016789833235108,1542,-9.106954565217297
PEKAO,10,linear,,6.0,2017-12-28,1,-8.980635651132216,0.027551398341439215,1552,-9.015287440449523
PEKAO,10,linear,,7.0,2017-12-28,1,-8.52104320732162,0.16706884280322312,1568,-8.63802515150819
PEKAO,10,linear,,8.0,2017-12-28,1,-8.196181836447723,0.321082011894047,1614,-9.064024410585663
PEKAO,10,linear,,9.0,2017-12-28,1,-6.860148660706749,0.4972241581959112,1616,-7.888911283249716
PEKAO,10,linear,,10.0,2017-12-28,1,-5.709696171375408,0.734620110578295,1569,-6.300570240439577
PEKAO,10,linear,,1.0,2017-12-29,1,-6.759069500301156,-0.673939301176602,802,-5.478255994371404
PEKAO,10,linear,,2.0,2017-12-29,1,-8.879584757484157,-0.5002001501245793,927,-8.238200203952454
PEKAO,10,linear,,3.0,2017-12-29,1,-10.738924310365222,-0.35592287996585964,1309,-9.677989476880157
PEKAO,10,linear,,4.0,2017-12-29,1,-11.569475314222473,-0.22428287358019863,1549,-11.133566640082691
PEKAO,10,linear,,5.0,2017-12-29,1,-11.197479638504381,-0.1023689996096964,1597,-11.134144465932673
PEKAO,10,linear,,6.0,2017-12-29,1,-10.974031164691088,0.029705459994501415,1556,-10.971030087471462
PEKAO,10,linear,,7.0,2017-12-29,1,-9.776818228775236,0.16290600674875794,1524,-9.565221300100397
PEKAO,10,linear,,8.0,2017-12-29,1,-8.49857398876299,0.3198635699481884,1433,-9.253007015640565
PEKAO,10,linear,,9.0,2017-12-29,1,-7.874859607015025,0.5010148938070277,1335,-8.393971457829437
PEKAO,10,linear,,10.0,2017-12-29,1,-5.46242312549702,0.6965663380198585,1005,-6.105593996543305
PEKAO,10,linear,,1.0,all,5,-6.258985264031877,-0.6948003135506073,4302,-5.664795731515159
PEKAO,10,linear,,2.0,all,5,-7.998246996881711,-0.4891339729565146,4291,-7.445374376019652
PEKAO,10,linear,,3.0,all,5,-9.343964283367873,-0.35184765730110346,4297,-8.729703323212973
PEKAO,10,linear,,4.0,all,5,-9.864100042432986,-0.2215451036533307,4296,-9.65096817304666
PEKAO,10,linear,,5.0,all,5,-9.118792585967528,-0.101183480082743,4297,-9.06239642125684
PEKAO,10,linear,,6.0,all,5,-9.079225910376286,0.028620989875933443,4304,-9.231468044722446
PEKAO,10,linear,,7.0,all,5,-8.362059241189963,0.16547544279058873,4289,-8.487027271068902
PEKAO,10,linear,,8.0,all,5,-7.923289395384234,0.3205398538614693,4304,-8.589896614464468
PEKAO,10,linear,,9.0,all,5,-7.30403078697908,0.4986021263171241,4288,-7.791364721594602
PEKAO,10,linear,,10.0,all,5,-5.671928542300691,0.7224192629748863,4297,-6.261444659909965
PEKAO,10,linear,,1.0,2017-12-27,5,-6.198936785690145,-0.6717843558879569,1605,-5.31950764590973
PEKAO,10,linear,,2.0,2017-12-27,5,-7.755425225627795,-0.48682485677392634,1440,-7.270337246822977
PEKAO,10,linear,,3.0,2017-12-27,5,-7.9497972934763705,-0.34819021149803064,1395,-7.814731222729125
PEKAO,10,linear,,4.0,2017-12-27,5,-7.931083901327801,-0.22473159969751022,1289,-7.967255529089152
PEKAO,10,linear,,5.0,2017-12-27,5,-6.8473151601704165,-0.09888871265458357,1158,-6.379789753458806
PEKAO,10,linear,,6.0,2017-12-27,5,-6.878668005830459,0.02859805555907999,1196,-7.130893323910914
PEKAO,10,linear,,7.0,2017-12-27,5,-6.5651075831408825,0.1666595441338965,1197,-6.903289667112592
PEKAO,10,linear,,8.0,2017-12-27,5,-7.1121835626161,0.3206146921933319,1257,-7.607792735931475
PEKAO,10,linear,,9.0,2017-12-27,5,-6.781659532938666,0.4978584852437199,1337,-7.342130343210227
PEKAO,10,linear,,10.0,2017-12-27,5,-5.226722668957016,0.7263885373161836,1723,-6.290992656707925
PEKAO,10,linear,,1.0,2017-12-28,5,-6.082224352843848,-0.7231228169661781,1895,-5.8355138904787855
PEKAO,10,linear,,2.0,2017-12-28,5,-7.798086901919355,-0.4855304288131317,1924,-7.189744745332636
PEKAO,10,linear,,3.0,2017-12-28,5,-9.473006682663783,-0.3517018132503318,1593,-8.635068446679718
PEKAO,10,linear,,4.0,2017-12-28,5,-9.83421913416619,-0.21581931557537054,1458,-9.618405951541291
PEKAO,10,linear,,5.0,2017-12-28,5,-8.77529678219123,-0.1016789833235108,1542,-8.998754452649157
PEKAO,10,linear,,6.0,2017-12-28,5,-8.98901179257773,0.027551398341439215,1552,-9.052057199410841
PEKAO,10,linear,,7.0,2017-12-28,5,-8.350950206960983,0.16706884280322312,1568,-8.668526945229114
PEKAO,10,linear,,8.0,2017-12-28,5,-8.101164903536311,0.321082011894047,1614,-8.844096594595424
PEKAO,10,linear,,9.0,2017-12-28,5,-7.11432563578226,0.4972241581959112,1616,-7.840945465390965
PEKAO,10,linear,,10.0,2017-12-28,5,-6.028633702025741,0.734620110578295,1569,-6.350576584348779
PEKAO,10,linear,,1.0,2017-12-29,5,-6.796815356849575,-0.673939301176602,802,-5.952422247924939
PEKAO,10,linear,,2.0,2017-12-29,5,-8.7908806250513,-0.5002001501245793,927,-8.247839182368121
PEKAO,10,linear,,3.0,2017-12-29,5,-10.672687284758444,-0.35592287996585964,1309,-9.819954995094141
PEKAO,10,linear,,4.0,2017-12-29,5,-11.500784464729675,-0.22428287358019863,1549,-11.082718539099638
PEKAO,10,linear,,5.0,2017-12-29,5,-11.097528583773483,-0.1023689996096964,1597,-11.06903038299959
PEKAO,10,linear,,6.0,2017-12-29,5,-10.860639512342974,0.029705459994501415,1556,-11.024998249101749
PEKAO,10,linear,,7.0,2017-12-29,5,-9.784874267670139,0.16290600674875794,1524,-9.544207338557413
PEKAO,10,linear,,8.0,2017-12-29,5,-8.434433122971178,0.3198635699481884,1433,-9.165071637063637
PEKAO,10,linear,,9.0,2017-12-29,5,-8.056820218429339,0.5010148938070277,1335,-8.181255269853018
PEKAO,10,linear,,10.0,2017-12-29,5,-5.878315929527108,0.6965663380198585,1005,-6.071634522668787
PEKAO,10,xgboost,,1.0,all,0,-6.427389085608808,-0.8338169422514748,4297,-5.159719755288361
PEKAO,10,xgboost,,2.0,all,0,-8.187708240713844,-0.487233183301824,4297,-7.469768526198855
PEKAO,10,xgboost,,3.0,all,0,-9.843599137948269,-0.3241938121271906,4320,-9.188664668461218
PEKAO,10,xgboost,,4.0,all,0,-9.636931981744663,-0.18657055324159758,4272,-9.235261135373957
PEKAO,10,xgboost,,5.0,all,0,-8.92591575692641,-0.08088120305769828,4297,-8.952707270608355
PEKAO,10,xgboost,,6.0,all,0,-8.931372749801678,0.02003928637193246,4317,-8.960588816473114
PEKAO,10,xgboost,,7.0,all,0,-8.154989683778858,0.1303275556574788,4275,-8.378224542381947
PEKAO,10,xgboost,,8.0,all,0,-8.905168203795439,0.2811169213324279,4297,-9.324694199874127
PEKAO,10,xgboost,,9.0,all,0,-7.049388644674371,0.4622128045985171,4307,-7.861310011026906
PEKAO,10,xgboost,,10.0,all,0,-4.85153172741733,0.8455112432549059,4286,-6.373533875052396
PEKAO,10,xgboost,,1.0,2017-12-27,0,-6.173251913459996,-0.7834333419270322,1576,-4.806851549088319
PEKAO,10,xgboost,,2.0,2017-12-27,0,-7.871197388609269,-0.48557429334799007,1438,-7.191167575810962
PEKAO,10,xgboost,,3.0,2017-12-27,0,-9.020249778726745,-0.32535968128760717,1301,-8.63454448175341
PEKAO,10,xgboost,,4.0,2017-12-27,0,-7.601331543009287,-0.1868179642299349,1290,-7.235727779531178
PEKAO,10,xgboost,,5.0,2017-12-27,0,-7.046650657055884,-0.07847649286150227,1351,-6.770549835197864
PEKAO,10,xgboost,,6.0,2017-12-27,0,-6.525326844402295,0.02741229178931464,1147,-6.754227195600084
PEKAO,10,xgboost,,7.0,2017-12-27,0,-6.518043782425411,0.13419551738409655,1206,-6.976812435504831
PEKAO,10,xgboost,,8.0,2017-12-27,0,-8.048202139854787,0.2814849859742976,1206,-8.266188049806063
PEKAO,10,xgboost,,9.0,2017-12-27,0,-6.427405658039596,0.4609333504024528,1348,-7.42825726347334
PEKAO,10,xgboost,,10.0,2017-12-27,0,-4.402073722102908,0.8434665436838188,1734,-6.207135575436614
PEKAO,10,xgboost,,1.0,2017-12-28,0,-6.311025516902234,-0.8755650877490971,2066,-5.3001765562048195
PEKAO,10,xgboost,,2.0,2017-12-28,0,-8.108413726585749,-0.48633301865758627,1692,-7.396139551524005
PEKAO,10,xgboost,,3.0,2017-12-28,0,-9.337015495657715,-0.3223512919361226,1672,-8.762574943865449
PEKAO,10,xgboost,,4.0,2017-12-28,0,-9.479167782842561,-0.18790373600581112,1462,-9.294831175136405
PEKAO,10,xgboost,,5.0,2017-12-28,0,-8.900122728460929,-0.08080119078670064,1544,-9.043864296315782
PEKAO,10,xgboost,,6.0,2017-12-28,0,-9.143984915293055,0.01725398306585077,1331,-9.15678330563971
PEKAO,10,xgboost,,7.0,2017-12-28,0,-8.205973679571443,0.126781343719922,1600,-8.494920761484524
PEKAO,10,xgboost,,8.0,2017-12-28,0,-9.113420471584217,0.27783759019351034,1802,-9.730060803314187
PEKAO,10,xgboost,,9.0,2017-12-28,0,-6.6952406396334965,0.46189727296227034,1552,-7.4996109438045915
PEKAO,10,xgboost,,10.0,2017-12-28,0,-5.2662586925948185,0.8438272643903768,1610,-6.519229908230734
PEKAO,10,xgboost,,1.0,2017-12-29,0,-7.40590407225661,-0.8233633323480155,655,-5.5657297434988395
PEKAO,10,xgboost,,2.0,2017-12-29,0,-8.692685895581985,-0.49058242266057595,1167,-7.919818562023733
PEKAO,10,xgboost,,3.0,2017-12-29,0,-11.267641726112341,-0.3253548351277576,1347,-10.252757008796024
PEKAO,10,xgboost,,4.0,2017-12-29,0,-11.516258182246972,-0.18507826812565326,1520,-10.874936550442703
PEKAO,10,xgboost,,5.0,2017-12-29,0,-10.765225019319974,-0.08328655428557355,1402,-10.955095464294025
PEKAO,10,xgboost,,6.0,2017-12-29,0,-10.278163321429773,0.017456579186863063,1839,-10.194717100356002
PEKAO,10,xgboost,,7.0,2017-12-29,0,-9.443337106354846,0.1310145381338504,1469,-9.401634379229924
PEKAO,10,xgboost,,8.0,2017-12-29,0,-9.415820249223719,0.28535700570344,1289,-9.748346486594913
PEKAO,10,xgboost,,9.0,2017-12-29,0,-8.035935034018445,0.4637866563083605,1407,-8.675177854688057
PEKAO,10,xgboost,,10.0,2017-12-29,0,-4.970055896503798,0.8521531912678113,942,-6.4308205397197415
PEKAO,10,xgboost,,1.0,all,1,-6.438856720840961,-0.8338169422514748,4297,-5.403381595212478
PEKAO,10,xgboost,,2.0,all,1,-8.158589610000561,-0.487233183301824,4297,-7.454266352855777
PEKAO,10,xgboost,,3.0,all,1,-9.80803874213008,-0.3241938121271906,4320,-9.163730925433168
PEKAO,10,xgboost,,4.0,all,1,-9.603965956478387,-0.18657055324159758,4272,-9.196513339601367
PEKAO,10,xgboost,,5.0,all,1,-8.901831345327054,-0.08088120305769828,4297,-8.915959847672015
PEKAO,10,xgboost,,6.0,all,1,-8.894997913501301,0.02003928637193246,4317,-8.912101823366052
PEKAO,10,xgboost,,7.0,all,1,-8.11315580131015,0.1303275556574788,4275,-8.351628990345752
PEKAO,10,xgboost,,8.0,all,1,-8.857794305319533,0.2811169213324279,4297,-9.279567692734766
PEKAO,10,xgboost,,9.0,all,1,-7.0367240332459975,0.4622128045985171,4307,-7.845546166137587
PEKAO,10,xgboost,,10.0,all,1,-5.100832921048253,0.8455112432549059,4286,-6.382751046670847
PEKAO,10,xgboost,,1.0,2017-12-27,1,-6.208226331465594,-0.7834333419270322,1576,-5.006209003776914
PEKAO,10,xgboost,,2.0,2017-12-27,1,-7.835646830225506,-0.48557429334799007,1438,-7.174661808645646
PEKAO,10,xgboost,,3.0,2017-12-27,1,-8.97205222698506,-0.32535968128760717,1301,-8.628431425839908
PEKAO,10,xgboost,,4.0,2017-12-27,1,-7.5496263825853065,-0.1868179642299349,1290,-7.186994463174731
PEKAO,10,xgboost,,5.0,2017-12-27,1,-7.017527482858554,-0.07847649286150227,1351,-6.715414951184459
PEKAO,10,xgboost,,6.0,2017-12-27,1,-6.470480481781624,0.02741229178931464,1147,-6.689304105257358
PEKAO,10,xgboost,,7.0,2017-12-27,1,-6.4528685180779615,0.13419551738409655,1206,-6.937680319322303
PEKAO,10,xgboost,,8.0,2017-12-27,1,-7.979860045676272,0.2814849859742976,1206,-8.227190836590898
PEKAO,10,xgboost,,9.0,2017-12-27,1,-6.407094524043836,0.4609333504024528,1348,-7.436947738979701
PEKAO,10,xgboost,,10.0,2017-12-27,1,-4.641993447636834,0.8434665436838188,1734,-6.2184635636915395
PEKAO,10,xgboost,,1.0,2017-12-28,1,-6.290995625902472,-0.8755650877490971,2066,-5.560490178882436
PEKAO,10,xgboost,,2.0,2017-12-28,1,-8.089733471993236,-0.48633301865758627,1692,-7.341874813916799
PEKAO,10,xgboost,,3.0,2017-12-28,1,-9.295443658143716,-0.3223512919361226,1672,-8.69696423696431
PEKAO,10,xgboost,,4.0,2017-12-28,1,-9.467020928412802,-0.18790373600581112,1462,-9.23832701368419
PEKAO,10,xgboost,,5.0,2017-12-28,1,-8.898583240977715,-0.08080119078670064,1544,-9.001839060604466
PEKAO,10,xgboost,,6.0,2017-12-28,1,-9.094629391569272,0.01725398306585077,1331,-9.109175859906268
PEKAO,10,xgboost,,7.0,2017-12-28,1,-8.174546233823607,0.126781343719922,1600,-8.46689041270811
PEKAO,10,xgboost,,8.0,2017-12-28,1,-9.073944560021479,0.27783759019351034,1802,-9.66490130582112
PEKAO,10,xgboost,,9.0,2017-12-28,1,-6.6747623496114565,0.46189727296227034,1552,-7.4811415796040865
PEKAO,10,xgboost,,10.0,2017-12-28,1,-5.503692955251188,0.8438272643903768,1610,-6.557488826547374
PEKAO,10,xgboost,,1.0,2017-12-29,1,-7.460161325113468,-0.8233633323480155,655,-5.863469641380898
PEKAO,10,xgboost,,2.0,2017-12-29,1,-8.656358507022773,-0.49058242266057595,1167,-7.9617537722721625
PEKAO,10,xgboost,,3.0,2017-12-29,1,-11.25174879159472,-0.3253548351277576,1347,-10.260136680511678
PEKAO,10,xgboost,,4.0,2017-12-29,1,-11.479171010000726,-0.18507826812565326,1520,-10.86174212847063
PEKAO,10,xgboost,,5.0,2017-12-29,1,-10.721167715733843,-0.08328655428557355,1402,-10.941878999160592
PEKAO,10,xgboost,,6.0,2017-12-29,1,-10.262704273954812,0.017456579186863063,1839,-10.155844857643185
PEKAO,10,xgboost,,7.0,2017-12-29,1,-9.409331275480668,0.1310145381338504,1469,-9.386893674807634
PEKAO,10,xgboost,,8.0,2017-12-29,1,-9.3770231324389,0.28535700570344,1289,-9.725491135502727
PEKAO,10,xgboost,,9.0,2017-12-29,1,-8.039215228274657,0.4637866563083605,1407,-8.638969476804835
PEKAO,10,xgboost,,10.0,2017-12-29,1,-5.256908283923704,0.8521531912678113,942,-6.386516089011512
PEKAO,10,xgboost,,1.0,all,5,-6.456740040592835,-0.8338169422514748,4297,-5.712835191601095
PEKAO,10,xgboost,,2.0,all,5,-8.057528157700673,-0.487233183301824,4297,-7.5006971526691055
PEKAO,10,xgboost,,3.0,all,5,-9.678712627396001,-0.3241938121271906,4320,-9.212369489170204
PEKAO,10,xgboost,,4.0,all,5,-9.44426609146227,-0.18657055324159758,4272,-9.208144292528543
PEKAO,10,xgboost,,5.0,all,5,-8.92364317750964,-0.08088120305769828,4297,-8.854905443804869
PEKAO,10,xgboost,,6.0,all,5,-8.797823969156896,0.02003928637193246,4317,-8.899999683282116
PEKAO,10,xgboost,,7.0,all,5,-8.040761070805559,0.1303275556574788,4275,-8.353264216091468
PEKAO,10,xgboost,,8.0,all,5,-8.729006407685286,0.2811169213324279,4297,-9.124107752679228
PEKAO,10,xgboost,,9.0,all,5,-7.171976146788498,0.4622128045985171,4307,-7.78711774135979
PEKAO,10,xgboost,,10.0,all,5,-5.615861296339431,0.8455112432549059,4286,-6.255357344466773
PEKAO,10,xgboost,,1.0,2017-12-27,5,-6.305569987416121,-0.7834333419270322,1576,-5.2756000694969885
PEKAO,10,xgboost,,2.0,2017-12-27,5,-7.660721582313972,-0.48557429334799007,1438,-7.2510336600064464
PEKAO,10,xgboost,,3.0,2017-12-27,5,-8.812412171619629,-0.32535968128760717,1301,-8.63468474680531
PEKAO,10,xgboost,,4.0,2017-12-27,5,-7.2725565902931315,-0.1868179642299349,1290,-7.220452031900164
PEKAO,10,xgboost,,5.0,2017-12-27,5,-6.936007028746808,-0.07847649286150227,1351,-6.666064166938689
PEKAO,10,xgboost,,6.0,2017-12-27,5,-6.395111079666567,0.02741229178931464,1147,-6.665379002955815
PEKAO,10,xgboost,,7.0,2017-12-27,5,-6.404025809307431,0.13419551738409655,1206,-6.882099312158457
PEKAO,10,xgboost,,8.0,2017-12-27,5,-7.813914660968398,0.2814849859742976,1206,-8.106743434426825
PEKAO,10,xgboost,,9.0,2017-12-27,5,-6.450495808186932,0.4609333504024528,1348,-7.355175334440386
PEKAO,10,xgboost,,10.0,2017-12-27,5,-5.2534048246163,0.8434665436838188,1734,-6.138997351904295
PEKAO,10,xgboost,,1.0,2017-12-28,5,-6.290412201096172,-0.8755650877490971,2066,-5.850775493535794
PEKAO,10,xgboost,,2.0,2017-12-28,5,-8.067998429407062,-0.48633301865758627,1692,-7.36718239615464
PEKAO,10,xgboost,,3.0,2017-12-28,5,-9.12238082848905,-0.3223512919361226,1672,-8.685587737065267
PEKAO,10,xgboost,,4.0,2017-12-28,5,-9.31864039619666,-0.18790373600581112,1462,-9.158677304306755
PEKAO,10,xgboost,,5.0,2017-12-28,5,-8.956558943391128,-0.08080119078670064,1544,-8.991310499996947
PEKAO,10,xgboost,,6.0,2017-12-28,5,-8.968612006249867,0.01725398306585077,1331,-9.088233930907638
PEKAO,10,xgboost,,7.0,2017-12-28,5,-8.120773036007021,0.126781343719922,1600,-8.467775435956366
PEKAO,10,xgboost,,8.0,2017-12-28,5,-8.90444486067671,0.27783759019351034,1802,-9.48558942709101
PEKAO,10,xgboost,,9.0,2017-12-28,5,-6.918992880630166,0.46189727296227034,1552,-7.537213505583838
PEKAO,10,xgboost,,10.0,2017-12-28,5,-5.899897531227521,0.8438272643903768,1610,-6.406006069882826
PEKAO,10,xgboost,,1.0,2017-12-29,5,-7.345102361518956,-0.8233633323480155,655,-6.329778533034659
PEKAO,10,xgboost,,2.0,2017-12-29,5,-8.531300356225838,-0.49058242266057595,1167,-8.001916578951349
PEKAO,10,xgboost,,3.0,2017-12-29,5,-11.205990771967253,-0.3253548351277576,1347,-10.424208345396028
PEKAO,10,xgboost,,4.0,2017-12-29,5,-11.408193738163922,-0.18507826812565326,1520,-10.94264676160148
PEKAO,10,xgboost,,5.0,2017-12-29,5,-10.802726269134151,-0.08328655428557355,1402,-10.813903416904466
PEKAO,10,xgboost,,6.0,2017-12-29,5,-10.172806463379118,0.017456579186863063,1839,-10.15751471141953
PEKAO,10,xgboost,,7.0,2017-12-29,5,-9.29731898846683,0.1310145381338504,1469,-9.436318622054282
PEKAO,10,xgboost,,8.0,2017-12-29,5,-9.339914518042168,0.28535700570344,1289,-9.570617753084475
PEKAO,10,xgboost,,9.0,2017-12-29,5,-8.142257259448513,0.4637866563083605,1407,-8.476605828390092
PEKAO,10,xgboost,,10.0,2017-12-29,5,-5.797603529670731,0.8521531912678113,942,-6.212070485850526
PEKAO,20,linear,,1.0,all,0,-6.805761114592878,-1.007198526498791,4296,-5.262864874139305
PEKAO,20,linear,,2.0,all,0,-8.50382668354703,-0.7210227553364206,4291,-7.36467521443306
PEKAO,20,linear,,3.0,all,0,-9.90411134114349,-0.5237970092622226,4306,-8.639064834686783
PEKAO,20,linear,,4.0,all,0,-9.769131688621375,-0.33243364590902824,4284,-9.436332306618908
PEKAO,20,linear,,5.0,all,0,-8.868610710044146,-0.15213511904397517,4292,-8.720845121990859
PEKAO,20,linear,,6.0,all,0,-8.908011000225445,0.04065495080408859,4292,-9.203274960130543
PEKAO,20,linear,,7.0,all,0,-8.26974785976194,0.2425713777986388,4293,-8.4748740674224
PEKAO,20,linear,,8.0,all,0,-7.762272924211379,0.4729002106641322,4295,-9.117263581303126
PEKAO,20,linear,,9.0,all,0,-7.055243524890871,0.7295301064102541,4297,-8.079186412526095
PEKAO,20,linear,,10.0,all,0,-5.078175735746463,1.044901089052337,4289,-6.609607819323616
PEKAO,20,linear,,1.0,2017-12-27,0,-6.87063511189508,-0.9820301964198912,1544,-4.767337649981448
PEKAO,20,linear,,2.0,2017-12-27,0,-7.990655069566905,-0.7214244621877549,1542,-7.214476509837348
PEKAO,20,linear,,3.0,2017-12-27,0,-8.854185832635826,-0.5155322016668357,1357,-8.463844954633753
PEKAO,20,linear,,4.0,2017-12-27,0,-7.207161778577476,-0.3361191376635048,1265,-7.104564919822997
PEKAO,20,linear,,5.0,2017-12-27,0,-7.05475410833644,-0.14851772176964267,1193,-6.258774799281799
PEKAO,20,linear,,6.0,2017-12-27,0,-6.766589265625511,0.04047512786443115,1184,-7.293173493695608
PEKAO,20,linear,,7.0,2017-12-27,0,-6.577753322381132,0.24497333062135893,1241,-7.113388798572493
PEKAO,20,linear,,8.0,2017-12-27,0,-6.629659345799345,0.4717405004470702,1194,-7.752517600766962
PEKAO,20,linear,,9.0,2017-12-27,0,-6.613397089599564,0.7291964257051504,1404,-7.881457524589364
PEKAO,20,linear,,10.0,2017-12-27,0,-4.182984740672754,1.055040386389205,1663,-6.5174507323911595
PEKAO,20,linear,,1.0,2017-12-28,0,-6.511298823708165,-1.0410755610772702,1932,-5.583850903676446
PEKAO,20,linear,,2.0,2017-12-28,0,-8.265367334097476,-0.7148723583392084,1788,-6.911377259994721
PEKAO,20,linear,,3.0,2017-12-28,0,-9.735415539794202,-0.5307631747261213,1624,-8.12433945047521
PEKAO,20,linear,,4.0,2017-12-28,0,-9.84471229678317,-0.32657902870172156,1510,-9.88943227625902
PEKAO,20,linear,,5.0,2017-12-28,0,-8.450421294636046,-0.15291393079655735,1527,-8.768871773004312
PEKAO,20,linear,,6.0,2017-12-28,0,-8.74715856759236,0.03996809719678748,1567,-9.021717278025491
PEKAO,20,linear,,7.0,2017-12-28,0,-8.418121763192692,0.2480013553124105,1561,-8.814860138969223
PEKAO,20,linear,,8.0,2017-12-28,0,-7.713853534540016,0.4752720691105921,1631,-9.300802551870245
PEKAO,20,linear,,9.0,2017-12-28,0,-6.698554521075073,0.7241081520148354,1537,-7.96646769150797
PEKAO,20,linear,,10.0,2017-12-28,0,-5.784976587215524,1.0560119278649356,1644,-6.849720918646907
PEKAO,20,linear,,1.0,2017-12-29,0,-7.377390009903444,-0.9747710519087907,820,-5.439631977839277
PEKAO,20,linear,,2.0,2017-12-29,0,-9.770919238774043,-0.7318213795468865,961,-8.449069746194077
PEKAO,20,linear,,3.0,2017-12-29,0,-11.18615730071794,-0.5237232667668026,1325,-9.449394948793618
PEKAO,20,linear,,4.0,2017-12-29,0,-11.841209367800445,-0.3352025822334948,1509,-10.937660862046517
PEKAO,20,linear,,5.0,2017-12-29,0,-10.651375444882229,-0.15412386548296095,1572,-10.542672856656488
PEKAO,20,linear,,6.0,2017-12-29,0,-10.716900744354172,0.041491556880140015,1541,-10.855488473509892
PEKAO,20,linear,,7.0,2017-12-29,0,-9.522701285405253,0.23488726086235906,1491,-9.252127562364144
PEKAO,20,linear,,8.0,2017-12-29,0,-8.735954990318836,0.4712105459518845,1470,-10.022130683184216
PEKAO,20,linear,,9.0,2017-12-29,0,-7.917030688617914,0.7360212801681627,1356,-8.411679062133787
PEKAO,20,linear,,10.0,2017-12-29,0,-5.410886555494367,1.0091293268536365,982,-6.363692646493864
PEKAO,20,linear,,1.0,all,1,-6.829382335465526,-1.007198526498791,4296,-5.479412089964764
PEKAO,20,linear,,2.0,all,1,-8.464621557848652,-0.7210227553364206,4291,-7.411692431895099
PEKAO,20,linear,,3.0,all,1,-9.874779152032527,-0.5237970092622226,4306,-8.657558477015309
PEKAO,20,linear,,4.0,all,1,-9.725046562054965,-0.33243364590902824,4284,-9.40035689673279
PEKAO,20,linear,,5.0,all,1,-8.810013251714416,-0.15213511904397517,4292,-8.674503440214545
PEKAO,20,linear,,6.0,all,1,-8.853714833679247,0.04065495080408859,4292,-9.141164889235828
PEKAO,20,linear,,7.0,all,1,-8.2657553573233,0.2425713777986388,4293,-8.41585633096176
PEKAO,20,linear,,8.0,all,1,-7.73328813298375,0.4729002106641322,4295,-9.076526063395129
PEKAO,20,linear,,9.0,all,1,-7.076732562985576,0.7295301064102541,4297,-8.053281638760476
PEKAO,20,linear,,10.0,all,1,-5.29276794255219,1.044901089052337,4289,-6.5983010681756324
PEKAO,20,linear,,1.0,2017-12-27,1,-6.903712417723861,-0.9820301964198912,1544,-4.963235101051281
PEKAO,20,linear,,2.0,2017-12-27,1,-7.95001123907612,-0.7214244621877549,1542,-7.2500567489408025
PEKAO,20,linear,,3.0,2017-12-27,1,-8.816557902734349,-0.5155322016668357,1357,-8.472309203666853
PEKAO,20,linear,,4.0,2017-12-27,1,-7.1451198247234,-0.3361191376635048,1265,-7.079799612578466
PEKAO,20,linear,,5.0,2017-12-27,1,-7.008536718963914,-0.14851772176964267,1193,-6.229197893994342
PEKAO,20,linear,,6.0,2017-12-27,1,-6.650663448263834,0.04047512786443115,1184,-7.253421619079404
PEKAO,20,linear,,7.0,2017-12-27,1,-6.577655478912128,0.24497333062135893,1241,-7.024920711137593
PEKAO,20,linear,,8.0,2017-12-27,1,-6.577098222756607,0.4717405004470702,1194,-7.693397283073788
PEKAO,20,linear,,9.0,2017-12-27,1,-6.599483460912056,0.7291964257051504,1404,-7.842331342602269
PEKAO,20,linear,,10.0,2017-12-27,1,-4.4354295969681585,1.055040386389205,1663,-6.510226373937697
PEKAO,20,linear,,1.0,2017-12-28,1,-6.523822205776919,-1.0410755610772702,1932,-5.832608049076095
PEKAO,20,linear,,2.0,2017-12-28,1,-8.242105644644722,-0.7148723583392084,1788,-6.938233792276082
PEKAO,20,linear,,3.0,2017-12-28,1,-9.706433770488564,-0.5307631747261213,1624,-8.148198021433505
PEKAO,20,linear,,4.0,2017-12-28,1,-9.785880031430157,-0.32657902870172156,1510,-9.811170187674724
PEKAO,20,linear,,5.0,2017-12-28,1,-8.34976526305794,-0.15291393079655735,1527,-8.685903073889326
PEKAO,20,linear,,6.0,2017-12-28,1,-8.732309454341852,0.03996809719678748,1567,-8.91079532034303
PEKAO,20,linear,,7.0,2017-12-28,1,-8.391808661201043,0.2480013553124105,1561,-8.749977528553869
PEKAO,20,linear,,8.0,2017-12-28,1,-7.698154556118134,0.4752720691105921,1631,-9.278496395299594
PEKAO,20,linear,,9.0,2017-12-28,1,-6.748296550709197,0.7241081520148354,1537,-7.964410271410911
PEKAO,20,linear,,10.0,2017-12-28,1,-5.980377480691546,1.0560119278649356,1644,-6.842567751372674
PEKAO,20,linear,,1.0,2017-12-29,1,-7.409353705650306,-0.9747710519087907,820,-5.619171453232233
PEKAO,20,linear,,2.0,2017-12-29,1,-9.704358877677867,-0.7318213795468865,961,-8.551948696988052
PEKAO,20,linear,,3.0,2017-12-29,1,-11.164891706692925,-0.5237232667668026,1325,-9.471584623278485
PEKAO,20,linear,,4.0,2017-12-29,1,-11.826934424194057,-0.3352025822334948,1509,-10.934602685422579
PEKAO,20,linear,,5.0,2017-12-29,1,-10.624237286224458,-0.15412386548296095,1572,-10.51918682190622
PEKAO,20,linear,,6.0,2017-12-29,1,-10.66984401586844,0.041491556880140015,1541,-10.82583532811981
PEKAO,20,linear,,7.0,2017-12-29,1,-9.538835667018207,0.23488726086235906,1491,-9.223762377078799
PEKAO,20,linear,,8.0,2017-12-29,1,-8.71137902868377,0.4712105459518845,1470,-9.97587446636621
PEKAO,20,linear,,9.0,2017-12-29,1,-7.943151361053437,0.7360212801681627,1356,-8.372433192906788
PEKAO,20,linear,,10.0,2017-12-29,1,-5.5935047938812525,1.0091293268536365,982,-6.338518776262953
PEKAO,20,linear,,1.0,all,5,-6.837333439441648,-1.007198526498791,4296,-5.744817864759417
PEKAO,20,linear,,2.0,all,5,-8.324336724983523,-0.7210227553364206,4291,-7.507019619090952
PEKAO,20,linear,,3.0,all,5,-9.718535661445996,-0.5237970092622226,4306,-8.796405137541432
PEKAO,20,linear,,4.0,all,5,-9.590681246267964,-0.33243364590902824,4284,-9.403841708752125
PEKAO,20,linear,,5.0,all,5,-8.693900466127321,-0.15213511904397517,4292,-8.608097647167986
PEKAO,20,linear,,6.0,all,5,-8.834767260924318,0.04065495080408859,4292,-9.136167226483236
PEKAO,20,linear,,7.0,all,5,-8.234302203648989,0.2425713777986388,4293,-8.381850783506716
PEKAO,20,linear,,8.0,all,5,-7.742040482309585,0.4729002106641322,4295,-8.887036542121162
PEKAO,20,linear,,9.0,all,5,-7.3105409466905495,0.7295301064102541,4297,-7.93050145508931
PEKAO,20,linear,,10.0,all,5,-5.643283325730658,1.044901089052337,4289,-6.513432689365396
PEKAO,20,linear,,1.0,2017-12-27,5,-6.91139891332388,-0.9820301964198912,1544,-5.258246559594074
PEKAO,20,linear,,2.0,2017-12-27,5,-7.883931750423587,-0.7214244621877549,1542,-7.339015300508589
PEKAO,20,linear,,3.0,2017-12-27,5,-8.5647446816341,-0.5155322016668357,1357,-8.57939510524359
PEKAO,20,linear,,4.0,2017-12-27,5,-6.956024829608745,-0.3361191376635048,1265,-7.157658108893535
PEKAO,20,linear,,5.0,2017-12-27,5,-6.86023825748282,-0.14851772176964267,1193,-6.219129221254278
PEKAO,20,linear,,6.0,2017-12-27,5,-6.494761640871085,0.04047512786443115,1184,-7.287034286941508
PEKAO,20,linear,,7.0,2017-12-27,5,-6.599950597751116,0.24497333062135893,1241,-6.936418027282027
PEKAO,20,linear,,8.0,2017-12-27,5,-6.60659391156895,0.4717405004470702,1194,-7.473281619301766
PEKAO,20,linear,,9.0,2017-12-27,5,-6.744418819052755,0.7291964257051504,1404,-7.705148094977137
PEKAO,20,linear,,10.0,2017-12-27,5,-4.905378470598826,1.055040386389205,1663,-6.3492133213789765
PEKAO,20,linear,,1.0,2017-12-28,5,-6.53270688550227,-1.0410755610772702,1932,-6.016573831418062
PEKAO,20,linear,,2.0,2017-12-28,5,-8.104939662856125,-0.7148723583392084,1788,-7.01410842745319
PEKAO,20,linear,,3.0,2017-12-28,5,-9.51730072889956,-0.5307631747261213,1624,-8.283514890445224
PEKAO,20,linear,,4.0,2017-12-28,5,-9.661595862232534,-0.32657902870172156,1510,-9.725722284585745
PEKAO,20,linear,,5.0,2017-12-28,5,-8.175291869605992,-0.15291393079655735,1527,-8.589299039504871
PEKAO,20,linear,,6.0,2017-12-28,5,-8.818999784429076,0.03996809719678748,1567,-8.873342765557123
PEKAO,20,linear,,7.0,2017-12-28,5,-8.377436184961503,0.2480013553124105,1561,-8.758812166704098
PEKAO,20,linear,,8.0,2017-12-28,5,-7.660419234427498,0.4752720691105921,1631,-9.12003947651044
PEKAO,20,linear,,9.0,2017-12-28,5,-7.0376304988156795,0.7241081520148354,1537,-7.880311542609513
PEKAO,20,linear,,10.0,2017-12-28,5,-6.281917508097133,1.0560119278649356,1644,-6.824968388277443
PEKAO,20,linear,,1.0,2017-12-29,5,-7.415603452291294,-0.9747710519087907,820,-6.020712459382335
PEKAO,20,linear,,2.0,2017-12-29,5,-9.439202924624736,-0.7318213795468865,961,-8.693687537823859
PEKAO,20,linear,,3.0,2017-12-29,5,-11.146837465264978,-0.5237232667668026,1325,-9.647285420645142
PEKAO,20,linear,,4.0,2017-12-29,5,-11.728361363542591,-0.3352025822334948,1509,-10.964731426652955
PEKAO,20,linear,,5.0,2017-12-29,5,-10.589240378214443,-0.15412386548296095,1572,-10.439360246415209
PEKAO,20,linear,,6.0,2017-12-29,5,-10.648702556064537,0.041491556880140015,1541,-10.824174579298697
PEKAO,20,linear,,7.0,2017-12-29,5,-9.444763771784752,0.23488726086235906,1491,-9.190264821939797
PEKAO,20,linear,,8.0,2017-12-29,5,-8.754861884187136,0.4712105459518845,1470,-9.77682946175208
PEKAO,20,linear,,9.0,2017-12-29,5,-8.206041555530621,0.7360212801681627,1356,-8.220721228746344
PEKAO,20,linear,,10.0,2017-12-29,5,-5.823752957373987,1.0091293268536365,982,-6.269982709681086
PEKAO,20,xgboost,,1.0,all,0,-6.882435656177781,-1.1768859531305311,4294,-5.0316425475198505
PEKAO,20,xgboost,,2.0,all,0,-8.938041576366295,-0.7313752661711015,4293,-7.6513563917428975
PEKAO,20,xgboost,,3.0,all,0,-9.767299456446734,-0.5026725503973035,4294,-8.86050146275911
PEKAO,20,xgboost,,4.0,all,0,-9.608690701293263,-0.29452587810189956,4295,-9.095898114304722
PEKAO,20,xgboost,,5.0,all,0,-8.905442964730907,-0.13227979453473254,4292,-8.859105251674162
PEKAO,20,xgboost,,6.0,all,0,-8.653783679804361,0.03147433879740699,4293,-8.929038295311344
PEKAO,20,xgboost,,7.0,all,0,-8.089356460483335,0.21492064270437555,4293,-8.414472081430226
PEKAO,20,xgboost,,8.0,all,0,-8.247654574774154,0.43029320778474817,4295,-9.28590740418326
PEKAO,20,xgboost,,9.0,all,0,-6.962330996066443,0.6953214171159412,4292,-8.04213382367239
PEKAO,20,xgboost,,10.0,all,0,-4.871843610094957,1.1790376712013302,4294,-6.736568279209691
PEKAO,20,xgboost,,1.0,2017-12-27,0,-6.908913315757295,-1.1042549953448038,1507,-4.67322074635795
PEKAO,20,xgboost,,2.0,2017-12-27,0,-8.211677331347953,-0.7319061547848698,1531,-7.247700507380289
PEKAO,20,xgboost,,3.0,2017-12-27,0,-8.933009580109388,-0.5042131478984827,1226,-8.527331892591523
PEKAO,20,xgboost,,4.0,2017-12-27,0,-7.222952121336406,-0.2990440702932208,1219,-6.916726656175901
PEKAO,20,xgboost,,5.0,2017-12-27,0,-7.061726704156101,-0.1351286880412376,1435,-6.6486990875761895
PEKAO,20,xgboost,,6.0,2017-12-27,0,-6.358529351549849,0.03769900046389825,1085,-6.965823981779316
PEKAO,20,xgboost,,7.0,2017-12-27,0,-6.399900982938242,0.21142706382429627,1269,-7.089563362759484
PEKAO,20,xgboost,,8.0,2017-12-27,0,-7.608806649159534,0.4278639904777922,1226,-8.293461965430375
PEKAO,20,xgboost,,9.0,2017-12-27,0,-6.098906681485807,0.6947599176778005,1367,-7.840511477182677
PEKAO,20,xgboost,,10.0,2017-12-27,0,-4.210339444889315,1.1865242358630266,1722,-6.412517434808824
PEKAO,20,xgboost,,1.0,2017-12-28,0,-6.55751924782056,-1.2356651423439788,2171,-5.163770061921026
PEKAO,20,xgboost,,2.0,2017-12-28,0,-9.198481861153084,-0.7218446228431742,1514,-7.7929450564299145
PEKAO,20,xgboost,,3.0,2017-12-28,0,-9.103976653219046,-0.4979767586777103,1713,-8.289389475831431
PEKAO,20,xgboost,,4.0,2017-12-28,0,-9.407895388275834,-0.2944077859426184,1529,-9.159506899983723
PEKAO,20,xgboost,,5.0,2017-12-28,0,-8.692087157236026,-0.1297358636967168,1446,-8.940246444403892
PEKAO,20,xgboost,,6.0,2017-12-28,0,-8.904686978036196,0.03301711748363494,1524,-9.218377923004349
PEKAO,20,xgboost,,7.0,2017-12-28,0,-7.916927992168847,0.2189355471770193,1417,-8.37498650150031
PEKAO,20,xgboost,,8.0,2017-12-28,0,-8.235773463286435,0.4163577017393663,1783,-9.578248370606177
PEKAO,20,xgboost,,9.0,2017-12-28,0,-6.989046503135948,0.6869740572897075,1594,-8.112967090051157
PEKAO,20,xgboost,,10.0,2017-12-28,0,-5.427925320886047,1.1780832052230834,1630,-6.850980319269748
PEKAO,20,xgboost,,1.0,2017-12-29,0,-7.962779308056346,-1.1474139297550374,616,-5.442832191328342
PEKAO,20,xgboost,,2.0,2017-12-29,0,-9.513167432100175,-0.7422860061797576,1248,-7.9747794050626135
PEKAO,20,xgboost,,3.0,2017-12-29,0,-11.360739567382979,-0.507215073407796,1355,-9.88395587355806
PEKAO,20,xgboost,,4.0,2017-12-29,0,-11.687056158675974,-0.2910823659043044,1547,-10.750165841619422
PEKAO,20,xgboost,,5.0,2017-12-29,0,-10.999167508715633,-0.1319894768947156,1411,-11.023954777395925
PEKAO,20,xgboost,,6.0,2017-12-29,0,-9.905549902874926,0.02606759733306352,1684,-9.93208695183041
PEKAO,20,xgboost,,7.0,2017-12-29,0,-9.575510872808383,0.21413920646360668,1607,-9.495530096833999
PEKAO,20,xgboost,,8.0,2017-12-29,0,-8.873169021575187,0.4519302433191525,1286,-9.826727127961622
PEKAO,20,xgboost,,9.0,2017-12-29,0,-7.81711425659457,0.7058948666237961,1331,-8.164379895080115
PEKAO,20,xgboost,,10.0,2017-12-29,0,-5.118868009133854,1.1670036109010125,942,-7.1309673543268906
PEKAO,20,xgboost,,1.0,all,1,-6.891580836902128,-1.1768859531305311,4294,-5.287329402137601
PEKAO,20,xgboost,,2.0,all,1,-8.889819547668266,-0.7313752661711015,4293,-7.638915910857927
PEKAO,20,xgboost,,3.0,all,1,-9.738525118506253,-0.5026725503973035,4294,-8.862178393553357
PEKAO,20,xgboost,,4.0,all,1,-9.58441954503283,-0.29452587810189956,4295,-9.077984411169455
PEKAO,20,xgboost,,5.0,all,1,-8.863293859876592,-0.13227979453473254,4292,-8.815128699462708
PEKAO,20,xgboost,,6.0,all,1,-8.616760369159104,0.03147433879740699,4293,-8.867436896811604
PEKAO,20,xgboost,,7.0,all,1,-8.055896570060625,0.21492064270437555,4293,-8.399929987999538
PEKAO,20,xgboost,,8.0,all,1,-8.202408781086232,0.43029320778474817,4295,-9.23389383010466
PEKAO,20,xgboost,,9.0,all,1,-6.966107333859981,0.6953214171159412,4292,-7.995392078209763
PEKAO,20,xgboost,,10.0,all,1,-5.119118480407685,1.1790376712013302,4294,-6.729304889402838
PEKAO,20,xgboost,,1.0,2017-12-27,1,-6.937696797702428,-1.1042549953448038,1507,-4.907793602146463
PEKAO,20,xgboost,,2.0,2017-12-27,1,-8.168085564944723,-0.7319061547848698,1531,-7.239862080894229
PEKAO,20,xgboost,,3.0,2017-12-27,1,-8.89137300552439,-0.5042131478984827,1226,-8.540186325792625
PEKAO,20,xgboost,,4.0,2017-12-27,1,-7.18108086946023,-0.2990440702932208,1219,-6.903758068134837
PEKAO,20,xgboost,,5.0,2017-12-27,1,-7.028798076413319,-0.1351286880412376,1435,-6.591300643951606
PEKAO,20,xgboost,,6.0,2017-12-27,1,-6.2391810306916575,0.03769900046389825,1085,-6.889952899294061
PEKAO,20,xgboost,,7.0,2017-12-27,1,-6.384425715073624,0.21142706382429627,1269,-7.092766821644966
PEKAO,20,xgboost,,8.0,2017-12-27,1,-7.557520183872516,0.4278639904777922,1226,-8.2038565008561
PEKAO,20,xgboost,,9.0,2017-12-27,1,-6.0674693352952795,0.6947599176778005,1367,-7.817421821510796
PEKAO,20,xgboost,,10.0,2017-12-27,1,-4.460948045693191,1.1865242358630266,1722,-6.394167287339052
PEKAO,20,xgboost,,1.0,2017-12-28,1,-6.56299971432348,-1.2356651423439788,2171,-5.425718835329448
PEKAO,20,xgboost,,2.0,2017-12-28,1,-9.123546646408593,-0.7218446228431742,1514,-7.7236397395606495
PEKAO,20,xgboost,,3.0,2017-12-28,1,-9.084131126472611,-0.4979767586777103,1713,-8.273133017895454
PEKAO,20,xgboost,,4.0,2017-12-28,1,-9.401850534390496,-0.2944077859426184,1529,-9.083264303372237
PEKAO,20,xgboost,,5.0,2017-12-28,1,-8.629598331139913,-0.1297358636967168,1446,-8.89323249574736
PEKAO,20,xgboost,,6.0,2017-12-28,1,-8.910177966772823,0.03301711748363494,1524,-9.147415452126873
PEKAO,20,xgboost,,7.0,2017-12-28,1,-7.86076991633268,0.2189355471770193,1417,-8.34826525303346
PEKAO,20,xgboost,,8.0,2017-12-28,1,-8.185861315922947,0.4163577017393663,1783,-9.552242201069298
PEKAO,20,xgboost,,9.0,2017-12-28,1,-6.982173510716069,0.6869740572897075,1594,-8.063007218836276
PEKAO,20,xgboost,,10.0,2017-12-28,1,-5.677649179894028,1.1780832052230834,1630,-6.861258543651136
PEKAO,20,xgboost,,1.0,2017-12-29,1,-7.936796525525816,-1.1474139297550374,616,-5.728103738382965
PEKAO,20,xgboost,,2.0,2017-12-29,1,-9.49167203168821,-0.7422860061797576,1248,-8.02567836039198
PEKAO,20,xgboost,,3.0,2017-12-29,1,-11.332315080771487,-0.507215073407796,1355,-9.898190942318408
PEKAO,20,xgboost,,4.0,2017-12-29,1,-11.658639236561676,-0.2910823659043044,1547,-10.786005714971097
PEKAO,20,xgboost,,5.0,2017-12-29,1,-10.968485343805035,-0.1319894768947156,1411,-10.996741151787887
PEKAO,20,xgboost,,6.0,2017-12-29,1,-9.883093601625777,0.02606759733306352,1684,-9.888151159879339
PEKAO,20,xgboost,,7.0,2017-12-29,1,-9.547863578966043,0.21413920646360668,1607,-9.477714049947817
PEKAO,20,xgboost,,8.0,2017-12-29,1,-8.840151821965046,0.4519302433191525,1286,-9.774493068229686
PEKAO,20,xgboost,,9.0,2017-12-29,1,-7.869810307661137,0.7058948666237961,1331,-8.097200347743067
PEKAO,20,xgboost,,10.0,2017-12-29,1,-5.355811100806431,1.1670036109010125,942,-7.113617516079179
PEKAO,20,xgboost,,1.0,all,5,-6.879720226797776,-1.1768859531305311,4294,-5.6482654324308985
PEKAO,20,xgboost,,2.0,all,5,-8.726213613402743,-0.7313752661711015,4293,-7.69927221365311
PEKAO,20,xgboost,,3.0,all,5,-9.587415355415363,-0.5026725503973035,4294,-8.980455878876876
PEKAO,20,xgboost,,4.0,all,5,-9.407968434111233,-0.29452587810189956,4295,-9.13556447468217
PEKAO,20,xgboost,,5.0,all,5,-8.829859040448191,-0.13227979453473254,4292,-8.741960298284768
PEKAO,20,xgboost,,6.0,all,5,-8.567789774875386,0.03147433879740699,4293,-8.852734616142701
PEKAO,20,xgboost,,7.0,all,5,-8.008936832171562,0.21492064270437555,4293,-8.343399059647473
PEKAO,20,xgboost,,8.0,all,5,-8.227602433055111,0.43029320778474817,4295,-9.101781167599528
PEKAO,20,xgboost,,9.0,all,5,-7.12515144050202,0.6953214171159412,4292,-7.835842583613983
PEKAO,20,xgboost,,10.0,all,5,-5.570732112969494,1.1790376712013302,4294,-6.569089565708208
PEKAO,20,xgboost,,1.0,2017-12-27,5,-6.945551604429835,-1.1042549953448038,1507,-5.262271940348761
PEKAO,20,xgboost,,2.0,2017-12-27,5,-8.042506606897932,-0.7319061547848698,1531,-7.3601278379507145
PEKAO,20,xgboost,,3.0,2017-12-27,5,-8.712373484635416,-0.5042131478984827,1226,-8.598034935130935
PEKAO,20,xgboost,,4.0,2017-12-27,5,-6.920065893926709,-0.2990440702932208,1219,-6.952096376327615
PEKAO,20,xgboost,,5.0,2017-12-27,5,-6.878195066531709,-0.1351286880412376,1435,-6.599535926634314
PEKAO,20,xgboost,,6.0,2017-12-27,5,-6.1703960005560905,0.03769900046389825,1085,-6.915579923550335
PEKAO,20,xgboost,,7.0,2017-12-27,5,-6.36303566513269,0.21142706382429627,1269,-7.043273810330831
PEKAO,20,xgboost,,8.0,2017-12-27,5,-7.56028202064933,0.4278639904777922,1226,-7.979831470079107
PEKAO,20,xgboost,,9.0,2017-12-27,5,-6.1274340359868935,0.6947599176778005,1367,-7.702317450798751
PEKAO,20,xgboost,,10.0,2017-12-27,5,-5.021945914035102,1.1865242358630266,1722,-6.1840961009871265
PEKAO,20,xgboost,,1.0,2017-12-28,5,-6.522608042723724,-1.2356651423439788,2171,-5.761742284476149
PEKAO,20,xgboost,,2.0,2017-12-28,5,-8.96506624890285,-0.7218446228431742,1514,-7.723904137778856
PEKAO,20,xgboost,,3.0,2017-12-28,5,-8.933241638385349,-0.4979767586777103,1713,-8.363421395730187
PEKAO,20,xgboost,,4.0,2017-12-28,5,-9.222588269149044,-0.2944077859426184,1529,-8.981834285321517
PEKAO,20,xgboost,,5.0,2017-12-28,5,-8.598115977499377,-0.1297358636967168,1446,-8.865430168445487
PEKAO,20,xgboost,,6.0,2017-12-28,5,-8.833043959755091,0.03301711748363494,1524,-9.057250128441492
PEKAO,20,xgboost,,7.0,2017-12-28,5,-7.8360866485110705,0.2189355471770193,1417,-8.278381883725167
PEKAO,20,xgboost,,8.0,2017-12-28,5,-8.253173485285105,0.4163577017393663,1783,-9.487911727368838
PEKAO,20,xgboost,,9.0,2017-12-28,5,-7.195726407848251,0.6869740572897075,1594,-7.95036914478003
PEKAO,20,xgboost,,10.0,2017-12-28,5,-6.04623617774098,1.1780832052230834,1630,-6.7472502616608185
PEKAO,20,xgboost,,1.0,2017-12-29,5,-7.977257021494621,-1.1474139297550374,616,-6.192638722654181
PEKAO,20,xgboost,,2.0,2017-12-29,5,-9.275198017899301,-0.7422860061797576,1248,-8.08543992685342
PEKAO,20,xgboost,,3.0,2017-12-29,5,-11.206161415082248,-0.507215073407796,1355,-10.106528311838353
PEKAO,20,xgboost,,4.0,2017-12-29,5,-11.55160092843064,-0.2910823659043044,1547,-11.008027998552004
PEKAO,20,xgboost,,5.0,2017-12-29,5,-11.052210756673666,-0.1319894768947156,1411,-10.794293070124597
PEKAO,20,xgboost,,6.0,2017-12-29,5,-9.872376988283799,0.02606759733306352,1684,-9.915757894479611
PEKAO,20,xgboost,,7.0,2017-12-29,5,-9.461069558505878,0.21413920646360668,1607,-9.427399233676548
PEKAO,20,xgboost,,8.0,2017-12-29,5,-8.828334656603637,0.4519302433191525,1286,-9.636026533922509
PEKAO,20,xgboost,,9.0,2017-12-29,5,-8.065334155770454,0.7058948666237961,1331,-7.835822687340314
PEKAO,20,xgboost,,10.0,2017-12-29,5,-5.7511336087099405,1.1670036109010125,942,-6.964585119685857
PEKAO,50,linear,,1.0,all,0,-8.125905060610636,-1.403761168521549,4287,-5.166573243049626
PEKAO,50,linear,,2.0,all,0,-8.97020973292951,-1.0391174372843432,4283,-7.673629492994871
PEKAO,50,linear,,3.0,all,0,-9.921680444594886,-0.7658845730859072,4286,-8.44344762188425
PEKAO,50,linear,,4.0,all,0,-8.83808982247113,-0.4908944820158137,4282,-8.813211337039867
PEKAO,50,linear,,5.0,all,0,-8.67855449184522,-0.22646467793993405,4289,-8.417039627555493
PEKAO,50,linear,,6.0,all,0,-8.575184424194823,0.0524855614241313,4281,-8.82805393579653
PEKAO,50,linear,,7.0,all,0,-8.03989913867399,0.3407351429788136,4283,-8.340672814738578
PEKAO,50,linear,,8.0,all,0,-7.454920231276649,0.6752029064206506,4285,-9.079976103359735
PEKAO,50,linear,,9.0,all,0,-7.053610243179972,1.0214007453373004,4289,-8.7255940909864
PEKAO,50,linear,,10.0,all,0,-5.261889925727741,1.4308992213352172,4280,-7.363134509165804
PEKAO,50,linear,,1.0,2017-12-27,0,-7.745760902467878,-1.3622918708559162,1587,-4.828318583157691
PEKAO,50,linear,,2.0,2017-12-27,0,-8.033127480541392,-1.033202060608531,1485,-7.331093709631798
PEKAO,50,linear,,3.0,2017-12-27,0,-8.36133166683943,-0.7605749476065663,1265,-8.309618299893291
PEKAO,50,linear,,4.0,2017-12-27,0,-6.818008888981992,-0.49968639978073426,1322,-7.067786708256239
PEKAO,50,linear,,5.0,2017-12-27,0,-6.849092932776842,-0.22216766581578828,1257,-6.300590524991851
PEKAO,50,linear,,6.0,2017-12-27,0,-6.545742145577737,0.05160976977235881,1179,-7.3485866659094095
PEKAO,50,linear,,7.0,2017-12-27,0,-6.4415394441867635,0.3415438812942391,1258,-7.519029664226202
PEKAO,50,linear,,8.0,2017-12-27,0,-6.502556970661745,0.6745874266809259,1217,-7.8944144269509255
PEKAO,50,linear,,9.0,2017-12-27,0,-6.021079245547016,1.0301695363817034,1393,-8.009660552021886
PEKAO,50,linear,,10.0,2017-12-27,0,-3.8742845423780374,1.4410535200042365,1594,-7.161575723274976
PEKAO,50,linear,,1.0,2017-12-28,0,-7.867312187809083,-1.463057945141538,1855,-5.41725193812992
PEKAO,50,linear,,2.0,2017-12-28,0,-9.289497307245698,-1.0418529389407067,1757,-7.134875245044923
PEKAO,50,linear,,3.0,2017-12-28,0,-8.851728061431594,-0.7743003772362897,1723,-7.85429393895683
PEKAO,50,linear,,4.0,2017-12-28,0,-8.872981278174292,-0.4791706785077532,1533,-9.254862998616815
PEKAO,50,linear,,5.0,2017-12-28,0,-7.810811045026567,-0.2245619838474445,1480,-8.937078585137687
PEKAO,50,linear,,6.0,2017-12-28,0,-8.30985965670511,0.05220546943985049,1566,-8.431179881761642
PEKAO,50,linear,,7.0,2017-12-28,0,-7.830377046762308,0.34619839097826943,1507,-8.06472323478484
PEKAO,50,linear,,8.0,2017-12-28,0,-7.5997279560112965,0.6763601512211868,1697,-9.909228078688331
PEKAO,50,linear,,9.0,2017-12-28,0,-6.764562930870309,1.0137532507099507,1510,-8.736055690385228
PEKAO,50,linear,,10.0,2017-12-28,0,-5.864083497432758,1.453091094294046,1663,-7.5597360002329275
PEKAO,50,linear,,1.0,2017-12-29,0,-9.407536490219444,-1.351472712622471,845,-5.251545036984009
PEKAO,50,linear,,2.0,2017-12-29,0,-9.768076089051327,-1.0429388186036044,1041,-9.071570753265975
PEKAO,50,linear,,3.0,2017-12-29,0,-12.862642817515535,-0.759887844026013,1298,-9.35593289769512
PEKAO,50,linear,,4.0,2017-12-29,0,-10.672048051258582,-0.4953441494948829,1427,-9.955747680455772
PEKAO,50,linear,,5.0,2017-12-29,0,-10.98776420901053,-0.2317593502962071,1552,-9.63528631872872
PEKAO,50,linear,,6.0,2017-12-29,0,-10.4034468150662,0.053443362468938264,1536,-10.368286149218116
PEKAO,50,linear,,7.0,2017-12-29,0,-9.572498801503919,0.3346412644966098,1518,-9.295536517198956
PEKAO,50,linear,,8.0,2017-12-29,0,-8.121067116246483,0.6743168337851546,1371,-9.105933767879716
PEKAO,50,linear,,9.0,2017-12-29,0,-8.406263288843967,1.0209193535353123,1386,-9.433745898118676
PEKAO,50,linear,,10.0,2017-12-29,0,-6.445071813620198,1.379001824650027,1023,-7.357598267782961
PEKAO,50,linear,,1.0,all,1,-8.12253809012412,-1.403761168521549,4287,-5.357958105135369
PEKAO,50,linear,,2.0,all,1,-8.909556445266096,-1.0391174372843432,4283,-7.7309171621024335
PEKAO,50,linear,,3.0,all,1,-9.85791401597061,-0.7658845730859072,4286,-8.472536245927019
PEKAO,50,linear,,4.0,all,1,-8.802252408022202,-0.4908944820158137,4282,-8.785782599022234
PEKAO,50,linear,,5.0,all,1,-8.653450303209771,-0.22646467793993405,4289,-8.382004398793464
PEKAO,50,linear,,6.0,all,1,-8.52049524136073,0.0524855614241313,4281,-8.773378011435483
PEKAO,50,linear,,7.0,all,1,-8.032363857515653,0.3407351429788136,4283,-8.290463116659957
PEKAO,50,linear,,8.0,all,1,-7.48910537441424,0.6752029064206506,4285,-9.029634614280567
PEKAO,50,linear,,9.0,all,1,-7.068743601564213,1.0214007453373004,4289,-8.688979144905195
PEKAO,50,linear,,10.0,all,1,-5.464741511003258,1.4308992213352172,4280,-7.339930439050256
PEKAO,50,linear,,1.0,2017-12-27,1,-7.713689353215258,-1.3622918708559162,1587,-5.011425913832876
PEKAO,50,linear,,2.0,2017-12-27,1,-7.972369091601321,-1.033202060608531,1485,-7.352221922116754
PEKAO,50,linear,,3.0,2017-12-27,1,-8.265267459609714,-0.7605749476065663,1265,-8.331170461367176
PEKAO,50,linear,,4.0,2017-12-27,1,-6.791195592192461,-0.49968639978073426,1322,-7.070704316692676
PEKAO,50,linear,,5.0,2017-12-27,1,-6.817670096900356,-0.22216766581578828,1257,-6.275631250779463
PEKAO,50,linear,,6.0,2017-12-27,1,-6.492508403204758,0.05160976977235881,1179,-7.308676053851963
PEKAO,50,linear,,7.0,2017-12-27,1,-6.413386182971435,0.3415438812942391,1258,-7.441268185763182
PEKAO,50,linear,,8.0,2017-12-27,1,-6.492889224854909,0.6745874266809259,1217,-7.823404670737265
PEKAO,50,linear,,9.0,2017-12-27,1,-6.037944731633306,1.0301695363817034,1393,-7.961746157174057
PEKAO,50,linear,,10.0,2017-12-27,1,-4.140266580817378,1.4410535200042365,1594,-7.149175106788168
PEKAO,50,linear,,1.0,2017-12-28,1,-7.8853263984664155,-1.463057945141538,1855,-5.645527971486627
PEKAO,50,linear,,2.0,2017-12-28,1,-9.22408647268299,-1.0418529389407067,1757,-7.19647430102384
PEKAO,50,linear,,3.0,2017-12-28,1,-8.808726134804209,-0.7743003772362897,1723,-7.884846395004008
PEKAO,50,linear,,4.0,2017-12-28,1,-8.82707336681798,-0.4791706785077532,1533,-9.158603033822555
PEKAO,50,linear,,5.0,2017-12-28,1,-7.722087420287175,-0.2245619838474445,1480,-8.876026262872665
PEKAO,50,linear,,6.0,2017-12-28,1,-8.267399067861444,0.05220546943985049,1566,-8.333510323381413
PEKAO,50,linear,,7.0,2017-12-28,1,-7.821576239028329,0.34619839097826943,1507,-8.016520585887806
PEKAO,50,linear,,8.0,2017-12-28,1,-7.680716697766514,0.6763601512211868,1697,-9.855863123122147
PEKAO,50,linear,,9.0,2017-12-28,1,-6.76711320426257,1.0137532507099507,1510,-8.72938364467159
PEKAO,50,linear,,10.0,2017-12-28,1,-6.042377386888695,1.453091094294046,1663,-7.545253549030399
PEKAO,50,linear,,1.0,2017-12-29,1,-9.411142390123413,-1.351472712622471,845,-5.377490040656639
PEKAO,50,linear,,2.0,2017-12-29,1,-9.715602518292716,-1.0429388186036044,1041,-9.173163596582576
PEKAO,50,linear,,3.0,2017-12-29,1,-12.80278968087527,-0.759887844026013,1298,-9.39042324947752
PEKAO,50,linear,,4.0,2017-12-29,1,-10.638669072838594,-0.4953441494948829,1427,-9.974149636647168
PEKAO,50,linear,,5.0,2017-12-29,1,-11.028445655050223,-0.2317593502962071,1552,-9.616900460788559
PEKAO,50,linear,,6.0,2017-12-29,1,-10.335173034255114,0.053443362468938264,1536,-10.346110047557648
PEKAO,50,linear,,7.0,2017-12-29,1,-9.583306450161913,0.3346412644966098,1518,-9.26616708038972
PEKAO,50,linear,,8.0,2017-12-29,1,-8.136246613134078,0.6743168337851546,1371,-9.077681340602991
PEKAO,50,linear,,9.0,2017-12-29,1,-8.433364615806083,1.0209193535353123,1386,-9.375865694156435
PEKAO,50,linear,,10.0,2017-12-29,1,-6.589477168010889,1.379001824650027,1023,-7.3033827046698
PEKAO,50,linear,,1.0,all,5,-8.046131719100776,-1.403761168521549,4287,-5.5510083122149965
PEKAO,50,linear,,2.0,all,5,-8.697781031491978,-1.0391174372843432,4283,-7.84219849041116
PEKAO,50,linear,,3.0,all,5,-9.624350319736054,-0.7658845730859072,4286,-8.580668140581617
PEKAO,50,linear,,4.0,all,5,-8.661095089626405,-0.4908944820158137,4282,-8.78218982207402
PEKAO,50,linear,,5.0,all,5,-8.611764854491975,-0.22646467793993405,4289,-8.386681420493906
PEKAO,50,linear,,6.0,all,5,-8.48766379760319,0.0524855614241313,4281,-8.768400685682
PEKAO,50,linear,,7.0,all,5,-8.016545109400038,0.3407351429788136,4283,-8.289314192463928
PEKAO,50,linear,,8.0,all,5,-7.608004783061601,0.6752029064206506,4285,-8.887353034596986
PEKAO,50,linear,,9.0,all,5,-7.257727028211516,1.0214007453373004,4289,-8.582392999331452
PEKAO,50,linear,,10.0,all,5,-5.914589313480003,1.4308992213352172,4280,-7.179831278173918
PEKAO,50,linear,,1.0,2017-12-27,5,-7.530824247882211,-1.3622918708559162,1587,-5.263743067533382
PEKAO,50,linear,,2.0,2017-12-27,5,-7.803189152126299,-1.033202060608531,1485,-7.40003695539149
PEKAO,50,linear,,3.0,2017-12-27,5,-7.936532981752909,-0.7605749476065663,1265,-8.343743436097014
PEKAO,50,linear,,4.0,2017-12-27,5,-6.604137240410923,-0.49968639978073426,1322,-7.15983230865362
PEKAO,50,linear,,5.0,2017-12-27,5,-6.764050879384416,-0.22216766581578828,1257,-6.344152893096301
PEKAO,50,linear,,6.0,2017-12-27,5,-6.435869665790849,0.05160976977235881,1179,-7.295521630271002
PEKAO,50,linear,,7.0,2017-12-27,5,-6.456838209713661,0.3415438812942391,1258,-7.36642805880886
PEKAO,50,linear,,8.0,2017-12-27,5,-6.492924234965324,0.6745874266809259,1217,-7.646214472473492
PEKAO,50,linear,,9.0,2017-12-27,5,-6.218047814718764,1.0301695363817034,1393,-7.879631666122136
PEKAO,50,linear,,10.0,2017-12-27,5,-4.788259151537734,1.4410535200042365,1594,-7.001123934370912
PEKAO,50,linear,,1.0,2017-12-28,5,-7.922777320570732,-1.463057945141538,1855,-5.768072698736611
PEKAO,50,linear,,2.0,2017-12-28,5,-8.96060995086705,-1.0418529389407067,1757,-7.33646085467509
PEKAO,50,linear,,3.0,2017-12-28,5,-8.659248798117533,-0.7743003772362897,1723,-8.040641715308626
PEKAO,50,linear,,4.0,2017-12-28,5,-8.66635011021525,-0.4791706785077532,1533,-8.976654622808711
PEKAO,50,linear,,5.0,2017-12-28,5,-7.54311121555773,-0.2245619838474445,1480,-8.965281241027375
PEKAO,50,linear,,6.0,2017-12-28,5,-8.282058630166594,0.05220546943985049,1566,-8.372937354221182
PEKAO,50,linear,,7.0,2017-12-28,5,-7.816332172455733,0.34619839097826943,1507,-7.98110752381994
PEKAO,50,linear,,8.0,2017-12-28,5,-7.878945810463278,0.6763601512211868,1697,-9.698601085743936
PEKAO,50,linear,,9.0,2017-12-28,5,-6.9895764344880025,1.0137532507099507,1510,-8.613070997727563
PEKAO,50,linear,,10.0,2017-12-28,5,-6.3297414192937405,1.453091094294046,1663,-7.434532572525361
PEKAO,50,linear,,1.0,2017-12-29,5,-9.284729785487867,-1.351472712622471,845,-5.614008911400943
PEKAO,50,linear,,2.0,2017-12-29,5,-9.530325248126015,-1.0429388186036044,1041,-9.326531732959173
PEKAO,50,linear,,3.0,2017-12-29,5,-12.5503586820607,-0.759887844026013,1298,-9.52841489090395
PEKAO,50,linear,,4.0,2017-12-29,5,-10.561054676241802,-0.4953441494948829,1427,-10.0762627675649
PEKAO,50,linear,,5.0,2017-12-29,5,-11.127347233572442,-0.2317593502962071,1552,-9.48921403940451
PEKAO,50,linear,,6.0,2017-12-29,5,-10.2721969835488,0.053443362468938264,1536,-10.302137654039559
PEKAO,50,linear,,7.0,2017-12-29,5,-9.507870653392484,0.3346412644966098,1518,-9.360103524337822
PEKAO,50,linear,,8.0,2017-12-29,5,-8.262465835966433,0.6743168337851546,1371,-8.984929757651631
PEKAO,50,linear,,9.0,2017-12-29,5,-8.594798125554885,1.0209193535353123,1386,-9.255280993258184
PEKAO,50,linear,,10.0,2017-12-29,5,-6.994718664572603,1.379001824650027,1023,-7.044241105657342
PEKAO,50,xgboost,,1.0,all,0,-8.813661603297724,-1.6125890360969088,4285,-5.845125346551891
PEKAO,50,xgboost,,2.0,all,0,-9.63170492381129,-1.0328721355679877,4286,-7.598490415422423
PEKAO,50,xgboost,,3.0,all,0,-9.00997091350833,-0.713195716976953,4298,-8.087243412389084
PEKAO,50,xgboost,,4.0,all,0,-9.133294376802885,-0.4124619598186499,4269,-9.1102206634447
PEKAO,50,xgboost,,5.0,all,0,-8.644698553086805,-0.17403954394314677,4286,-8.156849944378612
PEKAO,50,xgboost,,6.0,all,0,-7.978081616822912,0.0535088057946208,4289,-8.313097602138138
PEKAO,50,xgboost,,7.0,all,0,-8.160497851309886,0.31607931346492796,4292,-8.569724608355969
PEKAO,50,xgboost,,8.0,all,0,-7.433099349222397,0.6203323473231258,4280,-8.840294841347394
PEKAO,50,xgboost,,9.0,all,0,-6.7214028908965995,0.9737998503230972,4285,-8.55177297643233
PEKAO,50,xgboost,,10.0,all,0,-5.389028316121944,1.5714600702754238,4275,-7.780938970592863
PEKAO,50,xgboost,,1.0,2017-12-27,0,-8.812693178380329,-1.5062763693697356,1301,-5.682410225364841
PEKAO,50,xgboost,,2.0,2017-12-27,0,-8.568731007780784,-1.038407406724459,1503,-6.731682777866933
PEKAO,50,xgboost,,3.0,2017-12-27,0,-7.677664347712192,-0.7120788137417919,1325,-7.612929052737013
PEKAO,50,xgboost,,4.0,2017-12-27,0,-6.452476881127477,-0.40660414173861975,1326,-7.269321712837246
PEKAO,50,xgboost,,5.0,2017-12-27,0,-6.805679906516531,-0.17609642582085946,1402,-6.375887386102131
PEKAO,50,xgboost,,6.0,2017-12-27,0,-6.202489153436013,0.052063481633595386,1165,-6.9418710735912175
PEKAO,50,xgboost,,7.0,2017-12-27,0,-6.209397621458641,0.3070076935587333,1204,-7.470447946237636
PEKAO,50,xgboost,,8.0,2017-12-27,0,-6.726335133019872,0.6117728889423213,1234,-7.809455783666776
PEKAO,50,xgboost,,9.0,2017-12-27,0,-5.578421818401404,0.9830909658908222,1534,-7.905500502264424
PEKAO,50,xgboost,,10.0,2017-12-27,0,-4.187338319297796,1.5836916570089905,1563,-7.425711752251399
PEKAO,50,xgboost,,1.0,2017-12-28,0,-8.012294248844045,-1.7084777974144916,2238,-5.998371756727453
PEKAO,50,xgboost,,2.0,2017-12-28,0,-9.541555461341648,-1.017085798618332,1508,-7.423495408369851
PEKAO,50,xgboost,,3.0,2017-12-28,0,-8.94567111780813,-0.7031694251218653,1634,-7.79305256956848
PEKAO,50,xgboost,,4.0,2017-12-28,0,-8.634510430196878,-0.4176848072095961,1562,-8.820433359916874
PEKAO,50,xgboost,,5.0,2017-12-28,0,-7.915395471655384,-0.16938936539750896,1487,-8.391440445327051
PEKAO,50,xgboost,,6.0,2017-12-28,0,-7.838854581322802,0.049998528784178875,1349,-8.677654104390271
PEKAO,50,xgboost,,7.0,2017-12-28,0,-8.094715604983628,0.31916937650196137,1575,-8.389728509269657
PEKAO,50,xgboost,,8.0,2017-12-28,0,-7.846000002707742,0.6191903665338774,1799,-9.45705131364474
PEKAO,50,xgboost,,9.0,2017-12-28,0,-6.2349186627878534,0.954787578657464,1532,-8.682244031946038
PEKAO,50,xgboost,,10.0,2017-12-28,0,-6.111257121631027,1.5923964992100657,1607,-7.856679424386424
PEKAO,50,xgboost,,1.0,2017-12-29,0,-11.219452568558937,-1.5103286226697006,746,-5.669156052572592
PEKAO,50,xgboost,,2.0,2017-12-29,0,-10.991387422005852,-1.045018240330266,1275,-8.827278140819425
PEKAO,50,xgboost,,3.0,2017-12-29,0,-10.406813382406016,-0.7265361633382688,1339,-8.915603654142531
PEKAO,50,xgboost,,4.0,2017-12-29,0,-12.271501852446752,-0.41217910619769554,1381,-11.205571696475799
PEKAO,50,xgboost,,5.0,2017-12-29,0,-11.266586759658063,-0.1769250608399329,1397,-9.694483038003018
PEKAO,50,xgboost,,6.0,2017-12-29,0,-9.249283020054117,0.05712523753246912,1775,-8.936022776346045
PEKAO,50,xgboost,,7.0,2017-12-29,0,-9.781602751973969,0.320081548153448,1513,-9.63186800376338
PEKAO,50,xgboost,,8.0,2017-12-29,0,-7.53681929082126,0.6304500659131583,1247,-8.970616014976066
PEKAO,50,xgboost,,9.0,2017-12-29,0,-8.771137757730258,0.986001842866871,1219,-9.20107594470679
PEKAO,50,xgboost,,10.0,2017-12-29,0,-6.038457976378096,1.5237109197210943,1105,-8.173251398666578
PEKAO,50,xgboost,,1.0,all,1,-8.775885581609844,-1.6125890360969088,4285,-6.039791313336071
PEKAO,50,xgboost,,2.0,all,1,-9.586580611208005,-1.0328721355679877,4286,-7.625639539887411
PEKAO,50,xgboost,,3.0,all,1,-8.964828094240778,-0.713195716976953,4298,-8.091624056550293
PEKAO,50,xgboost,,4.0,all,1,-9.082853788229464,-0.4124619598186499,4269,-9.106448650945149
PEKAO,50,xgboost,,5.0,all,1,-8.621624561887943,-0.17403954394314677,4286,-8.11029693216687
PEKAO,50,xgboost,,6.0,all,1,-7.93170838196825,0.0535088057946208,4289,-8.27887581561196
PEKAO,50,xgboost,,7.0,all,1,-8.164720887663806,0.31607931346492796,4292,-8.537297168429884
PEKAO,50,xgboost,,8.0,all,1,-7.442043717966103,0.6203323473231258,4280,-8.821732286159351
PEKAO,50,xgboost,,9.0,all,1,-6.733543090497347,0.9737998503230972,4285,-8.491198487230179
PEKAO,50,xgboost,,10.0,all,1,-5.613249146011819,1.5714600702754238,4275,-7.7511998483053635
PEKAO,50,xgboost,,1.0,2017-12-27,1,-8.725273333639906,-1.5062763693697356,1301,-5.866539338791972
PEKAO,50,xgboost,,2.0,2017-12-27,1,-8.555697742478024,-1.038407406724459,1503,-6.77604565592409
PEKAO,50,xgboost,,3.0,2017-12-27,1,-7.6096010936073535,-0.7120788137417919,1325,-7.592161733205119
PEKAO,50,xgboost,,4.0,2017-12-27,1,-6.4199208811415245,-0.40660414173861975,1326,-7.2632282176740715
PEKAO,50,xgboost,,5.0,2017-12-27,1,-6.77760120543281,-0.17609642582085946,1402,-6.356366106145332
PEKAO,50,xgboost,,6.0,2017-12-27,1,-6.124967360962406,0.052063481633595386,1165,-6.8947296583336275
PEKAO,50,xgboost,,7.0,2017-12-27,1,-6.192934048633921,0.3070076935587333,1204,-7.447795574234382
PEKAO,50,xgboost,,8.0,2017-12-27,1,-6.716798716556457,0.6117728889423213,1234,-7.768095309115627
PEKAO,50,xgboost,,9.0,2017-12-27,1,-5.570805135430688,0.9830909658908222,1534,-7.86968107235689
PEKAO,50,xgboost,,10.0,2017-12-27,1,-4.468567929209254,1.5836916570089905,1563,-7.392966957392251
PEKAO,50,xgboost,,1.0,2017-12-28,1,-8.002733496728656,-1.7084777974144916,2238,-6.193789768779982
PEKAO,50,xgboost,,2.0,2017-12-28,1,-9.44631676476479,-1.017085798618332,1508,-7.4214927146742635
PEKAO,50,xgboost,,3.0,2017-12-28,1,-8.926803414359286,-0.7031694251218653,1634,-7.789274324300889
PEKAO,50,xgboost,,4.0,2017-12-28,1,-8.570692681335721,-0.4176848072095961,1562,-8.785384237434775
PEKAO,50,xgboost,,5.0,2017-12-28,1,-7.883187520473647,-0.16938936539750896,1487,-8.322341721244463
PEKAO,50,xgboost,,6.0,2017-12-28,1,-7.78557241606767,0.049998528784178875,1349,-8.624930518494319
PEKAO,50,xgboost,,7.0,2017-12-28,1,-8.128529607302864,0.31916937650196137,1575,-8.338719014234275
PEKAO,50,xgboost,,8.0,2017-12-28,1,-7.865712222195129,0.6191903665338774,1799,-9.452320889310043
PEKAO,50,xgboost,,9.0,2017-12-28,1,-6.25703882636355,0.954787578657464,1532,-8.622163969734178
PEKAO,50,xgboost,,10.0,2017-12-28,1,-6.293857224032111,1.5923964992100657,1607,-7.842646844044262
PEKAO,50,xgboost,,1.0,2017-12-29,1,-11.183607968436906,-1.5103286226697006,746,-5.879941816819179
PEKAO,50,xgboost,,2.0,2017-12-29,1,-10.967705969747241,-1.045018240330266,1275,-8.868614457548821
PEKAO,50,xgboost,,3.0,2017-12-29,1,-10.352287468972404,-0.7265361633382688,1339,-8.954825730133477
PEKAO,50,xgboost,,4.0,2017-12-29,1,-12.219019381108996,-0.41217910619769554,1381,-11.239405137853662
PEKAO,50,xgboost,,5.0,2017-12-29,1,-11.258257794767795,-0.1769250608399329,1397,-9.644799735834596
PEKAO,50,xgboost,,6.0,2017-12-29,1,-9.228604555191735,0.05712523753246912,1775,-8.924342000987142
PEKAO,50,xgboost,,7.0,2017-12-29,1,-9.771484021015068,0.320081548153448,1513,-9.611005372177058
PEKAO,50,xgboost,,8.0,2017-12-29,1,-7.5485174089296025,0.6304500659131583,1247,-8.954658615432699
PEKAO,50,xgboost,,9.0,2017-12-29,1,-8.79559768912346,0.986001842866871,1219,-9.108728097746583
PEKAO,50,xgboost,,10.0,2017-12-29,1,-6.242570015227927,1.5237109197210943,1105,-8.12492173640019
PEKAO,50,xgboost,,1.0,all,5,-8.606826269533412,-1.6125890360969088,4285,-6.250673654006075
PEKAO,50,xgboost,,2.0,all,5,-9.349819949468122,-1.0328721355679877,4286,-7.766509997277274
PEKAO,50,xgboost,,3.0,all,5,-8.808101569739124,-0.713195716976953,4298,-8.172680581785707
PEKAO,50,xgboost,,4.0,all,5,-8.875323243432636,-0.4124619598186499,4269,-9.163979577129002
PEKAO,50,xgboost,,5.0,all,5,-8.590280378442431,-0.17403954394314677,4286,-8.138383589527514
PEKAO,50,xgboost,,6.0,all,5,-7.933394457915644,0.0535088057946208,4289,-8.232413390757912
PEKAO,50,xgboost,,7.0,all,5,-8.214447482436245,0.31607931346492796,4292,-8.54006904285219
PEKAO,50,xgboost,,8.0,all,5,-7.5576747334623775,0.6203323473231258,4280,-8.741330485574297
PEKAO,50,xgboost,,9.0,all,5,-6.890726860684897,0.9737998503230972,4285,-8.33172931872249
PEKAO,50,xgboost,,10.0,all,5,-6.095634250237223,1.5714600702754238,4275,-7.514273361435163
PEKAO,50,xgboost,,1.0,2017-12-27,5,-8.435860725656251,-1.5062763693697356,1301,-6.13558617390414
PEKAO,50,xgboost,,2.0,2017-12-27,5,-8.357136072582392,-1.038407406724459,1503,-6.880319260556284
PEKAO,50,xgboost,,3.0,2017-12-27,5,-7.375724470962584,-0.7120788137417919,1325,-7.639628241251313
PEKAO,50,xgboost,,4.0,2017-12-27,5,-6.197898708532996,-0.40660414173861975,1326,-7.310760355964572
PEKAO,50,xgboost,,5.0,2017-12-27,5,-6.673858690372651,-0.17609642582085946,1402,-6.409583556791775
PEKAO,50,xgboost,,6.0,2017-12-27,5,-6.151625246616546,0.052063481633595386,1165,-6.9047476669469185
PEKAO,50,xgboost,,7.0,2017-12-27,5,-6.2025633165096306,0.3070076935587333,1204,-7.402410914578684
PEKAO,50,xgboost,,8.0,2017-12-27,5,-6.815332850748337,0.6117728889423213,1234,-7.678957461588134
PEKAO,50,xgboost,,9.0,2017-12-27,5,-5.711364737002374,0.9830909658908222,1534,-7.713238587678638
PEKAO,50,xgboost,,10.0,2017-12-27,5,-5.136880464641185,1.5836916570089905,1563,-7.201850616906092
PEKAO,50,xgboost,,1.0,2017-12-28,5,-7.946673202409185,-1.7084777974144916,2238,-6.368921516433123
PEKAO,50,xgboost,,2.0,2017-12-28,5,-9.136072293137964,-1.017085798618332,1508,-7.603440104294068
PEKAO,50,xgboost,,3.0,2017-12-28,5,-8.83290449877292,-0.7031694251218653,1634,-7.860858159204338
PEKAO,50,xgboost,,4.0,2017-12-28,5,-8.274069764199455,-0.4176848072095961,1562,-8.804741451754422
PEKAO,50,xgboost,,5.0,2017-12-28,5,-7.863410369691309,-0.16938936539750896,1487,-8.306691212143607
PEKAO,50,xgboost,,6.0,2017-12-28,5,-7.763138000217783,0.049998528784178875,1349,-8.619274374553687
PEKAO,50,xgboost,,7.0,2017-12-28,5,-8.299095087930478,0.31916937650196137,1575,-8.314742158383497
PEKAO,50,xgboost,,8.0,2017-12-28,5,-7.96853788174629,0.6191903665338774,1799,-9.329227154959408
PEKAO,50,xgboost,,9.0,2017-12-28,5,-6.443440129813349,0.954787578657464,1532,-8.49142980963863
PEKAO,50,xgboost,,10.0,2017-12-28,5,-6.62585737682332,1.5923964992100657,1607,-7.6270239483014555
PEKAO,50,xgboost,,1.0,2017-12-29,5,-10.885443879195893,-1.5103286226697006,746,-6.096638929476431
PEKAO,50,xgboost,,2.0,2017-12-29,5,-10.77282805355058,-1.045018240330266,1275,-9.004042605834393
PEKAO,50,xgboost,,3.0,2017-12-29,5,-10.195235005017457,-0.7265361633382688,1339,-9.080680723463104
PEKAO,50,xgboost,,4.0,2017-12-29,5,-12.126172532237238,-0.41217910619769554,1381,-11.349713566339092
PEKAO,50,xgboost,,5.0,2017-12-29,5,-11.287258839206032,-0.1769250608399329,1397,-9.69422053374038
PEKAO,50,xgboost,,6.0,2017-12-29,5,-9.232232256562325,0.05712523753246912,1775,-8.809796546306819
PEKAO,50,xgboost,,7.0,2017-12-29,5,-9.72732822078537,0.320081548153448,1513,-9.679943616202815
PEKAO,50,xgboost,,8.0,2017-12-29,5,-7.6995408758091015,0.6304500659131583,1247,-8.944491835514242
PEKAO,50,xgboost,,9.0,2017-12-29,5,-8.9369817986867,0.986001842866871,1219,-8.90933688995936
PEKAO,50,xgboost,,10.0,2017-12-29,5,-6.680669184592657,1.5237109197210943,1105,-7.792215946597882
PKNORLEN,10,linear,,1.0,all,0,-8.967204476136274,-0.5896476695767038,9814,-7.608154718335292
PKNORLEN,10,linear,,2.0,all,0,-11.33541586835532,-0.38805856811746803,9813,-10.182357034707247
PKNORLEN,10,linear,,3.0,all,0,-12.794237628738156,-0.24312807396246208,9814,-11.95559179190071
PKNORLEN,10,linear,,4.0,all,0,-13.848153243364315,-0.12909141349523018,9813,-13.168546545733406
PKNORLEN,10,linear,,5.0,all,0,-14.653230158437038,-0.027068814209243876,9818,-14.372735969433188
PKNORLEN,10,linear,,6.0,all,0,-13.493854263062133,0.07202215727646974,9815,-13.565680195011652
PKNORLEN,10,linear,,7.0,all,0,-12.96299297349049,0.16733468476385907,9807,-13.189068465885345
PKNORLEN,10,linear,,8.0,all,0,-11.333726230418101,0.2671460422604011,9814,-12.0317484776992
PKNORLEN,10,linear,,9.0,all,0,-9.82741811964838,0.3872833693750326,9813,-10.98377571683633
PKNORLEN,10,linear,,10.0,all,0,-7.147001246600657,0.5564778795260966,9814,-8.84222658498327
PKNORLEN,10,linear,,1.0,2017-12-27,0,-7.773268741797942,-0.6002284092386971,1767,-6.3151657142821085
PKNORLEN,10,linear,,2.0,2017-12-27,0,-9.712591740421562,-0.38634691518979064,2524,-8.486917348150097
PKNORLEN,10,linear,,3.0,2017-12-27,0,-11.638437495530539,-0.24136446599918182,2596,-10.627858132868662
PKNORLEN,10,linear,,4.0,2017-12-27,0,-11.201695244720378,-0.12832861682653643,2719,-10.533752058630341
PKNORLEN,10,linear,,5.0,2017-12-27,0,-12.069441663409933,-0.02423170205890697,2633,-11.64947805191053
PKNORLEN,10,linear,,6.0,2017-12-27,0,-12.594666618351456,0.07330463639746575,3175,-12.369998437890288
PKNORLEN,10,linear,,7.0,2017-12-27,0,-12.57176006075892,0.16518184584093248,3467,-12.744774498946214
PKNORLEN,10,linear,,8.0,2017-12-27,0,-11.225214116258536,0.26409019962009905,3051,-11.94970367695106
PKNORLEN,10,linear,,9.0,2017-12-27,0,-10.04515246725488,0.3908348276599191,3618,-11.168688844695732
PKNORLEN,10,linear,,10.0,2017-12-27,0,-6.765556467214911,0.5586803535098874,4000,-8.539657249461081
PKNORLEN,10,linear,,1.0,2017-12-28,0,-9.809027103497415,-0.5900863839506716,2250,-8.380963728428986
PKNORLEN,10,linear,,2.0,2017-12-28,0,-11.577161655278509,-0.38475083150740025,2390,-9.966118943317184
PKNORLEN,10,linear,,3.0,2017-12-28,0,-13.761858208957934,-0.24040431971671303,2465,-12.786378574577046
PKNORLEN,10,linear,,4.0,2017-12-28,0,-13.877152287250466,-0.12759808141914006,2792,-12.855810756296092
PKNORLEN,10,linear,,5.0,2017-12-28,0,-13.277245649806062,-0.02984761600465789,2636,-12.9197103857402
PKNORLEN,10,linear,,6.0,2017-12-28,0,-13.621396959315872,0.07387504593074505,2948,-13.649963993232653
PKNORLEN,10,linear,,7.0,2017-12-28,0,-13.388026839096609,0.16883808293792485,2934,-13.653638707823834
PKNORLEN,10,linear,,8.0,2017-12-28,0,-11.147625720896674,0.26765299945116955,3148,-11.869186479489628
PKNORLEN,10,linear,,9.0,2017-12-28,0,-9.74350695550465,0.38239532012203287,3160,-10.993508936489352
PKNORLEN,10,linear,,10.0,2017-12-28,0,-7.3271798753909,0.5581861827698745,2855,-9.079490221418466
PKNORLEN,10,linear,,1.0,2017-12-29,0,-9.004393286040235,-0.5862522453358603,5797,-7.702322615083813
PKNORLEN,10,linear,,2.0,2017-12-29,0,-12.053569709579731,-0.39055411873749657,4899,-11.161352504658764
PKNORLEN,10,linear,,3.0,2017-12-29,0,-12.923686906155622,-0.24550391669093816,4753,-12.249912675458472
PKNORLEN,10,linear,,4.0,2017-12-29,0,-15.501977968557886,-0.13054269831592333,4302,-15.03678562861165
PKNORLEN,10,linear,,5.0,2017-12-29,0,-16.94608798920372,-0.027100732160249757,4549,-16.790962730359084
PKNORLEN,10,linear,,6.0,2017-12-29,0,-14.165285710353679,0.06943976644170106,3692,-14.52662844574427
PKNORLEN,10,linear,,7.0,2017-12-29,0,-12.995099593206284,0.16823102131790416,3406,-13.241128974849074
PKNORLEN,10,linear,,8.0,2017-12-29,0,-11.587367963274064,0.269283656273962,3615,-12.242554524019063
PKNORLEN,10,linear,,9.0,2017-12-29,0,-9.655225832680957,0.38813907269126324,3035,-10.753208115288105
PKNORLEN,10,linear,,10.0,2017-12-29,0,-7.488795478552952,0.551852295985661,2959,-9.022317717144904
PKNORLEN,10,linear,,1.0,all,1,-8.980012716789199,-0.5896476695767038,9814,-7.8103124973426485
PKNORLEN,10,linear,,2.0,all,1,-11.301535749259555,-0.38805856811746803,9813,-10.237199529339676
PKNORLEN,10,linear,,3.0,all,1,-12.701170153112136,-0.24312807396246208,9814,-11.972631853003247
PKNORLEN,10,linear,,4.0,all,1,-13.763392240277811,-0.12909141349523018,9813,-13.136768535126775
PKNORLEN,10,linear,,5.0,all,1,-14.561011080424176,-0.027068814209243876,9818,-14.301609398750152
PKNORLEN,10,linear,,6.0,all,1,-13.457231732145956,0.07202215727646974,9815,-13.523931197360499
PKNORLEN,10,linear,,7.0,all,1,-12.937126885161174,0.16733468476385907,9807,-13.129250755181198
PKNORLEN,10,linear,,8.0,all,1,-11.366232304243907,0.2671460422604011,9814,-11.979531719548328
PKNORLEN,10,linear,,9.0,all,1,-9.923140000993065,0.3872833693750326,9813,-10.953620684473767
PKNORLEN,10,linear,,10.0,all,1,-7.366942276180095,0.5564778795260966,9814,-8.84954881055861
PKNORLEN,10,linear,,1.0,2017-12-27,1,-7.775860578649648,-0.6002284092386971,1767,-6.42323580315432
PKNORLEN,10,linear,,2.0,2017-12-27,1,-9.673942948226097,-0.38634691518979064,2524,-8.560924091128467
PKNORLEN,10,linear,,3.0,2017-12-27,1,-11.537629055611859,-0.24136446599918182,2596,-10.624572284194532
PKNORLEN,10,linear,,4.0,2017-12-27,1,-11.15436427858569,-0.12832861682653643,2719,-10.559929431312232
PKNORLEN,10,linear,,5.0,2017-12-27,1,-11.953107423082443,-0.02423170205890697,2633,-11.622562914876866
PKNORLEN,10,linear,,6.0,2017-12-27,1,-12.516378150890013,0.07330463639746575,3175,-12.332227333067342
PKNORLEN,10,linear,,7.0,2017-12-27,1,-12.519200217007256,0.16518184584093248,3467,-12.685862343579094
PKNORLEN,10,linear,,8.0,2017-12-27,1,-11.213477985113801,0.26409019962009905,3051,-11.920493329574537
PKNORLEN,10,linear,,9.0,2017-12-27,1,-10.15193659102152,0.3908348276599191,3618,-11.157615952961653
PKNORLEN,10,linear,,10.0,2017-12-27,1,-6.978582341162026,0.5586803535098874,4000,-8.55615822156159
PKNORLEN,10,linear,,1.0,2017-12-28,1,-9.823101790424865,-0.5900863839506716,2250,-8.6067236707424
PKNORLEN,10,linear,,2.0,2017-12-28,1,-11.521469727206103,-0.38475083150740025,2390,-10.109671949583312
PKNORLEN,10,linear,,3.0,2017-12-28,1,-13.689751879000106,-0.24040431971671303,2465,-12.842365723243216
PKNORLEN,10,linear,,4.0,2017-12-28,1,-13.784956542861655,-0.12759808141914006,2792,-12.79709213516581
PKNORLEN,10,linear,,5.0,2017-12-28,1,-13.203007115144981,-0.02984761600465789,2636,-12.850646890304953
PKNORLEN,10,linear,,6.0,2017-12-28,1,-13.579027839808365,0.07387504593074505,2948,-13.622669966515607
PKNORLEN,10,linear,,7.0,2017-12-28,1,-13.365214360316857,0.16883808293792485,2934,-13.591426562143049
PKNORLEN,10,linear,,8.0,2017-12-28,1,-11.163064879441947,0.26765299945116955,3148,-11.79833354188195
PKNORLEN,10,linear,,9.0,2017-12-28,1,-9.826366093694865,0.38239532012203287,3160,-10.956734247378824
PKNORLEN,10,linear,,10.0,2017-12-28,1,-7.534352893274844,0.5581861827698745,2855,-9.05897736051227
PKNORLEN,10,linear,,1.0,2017-12-29,1,-9.019824069629005,-0.5862522453358603,5797,-7.923998779640621
PKNORLEN,10,linear,,2.0,2017-12-29,1,-12.032787437872782,-0.39055411873749657,4899,-11.163043603979972
PKNORLEN,10,linear,,3.0,2017-12-29,1,-12.823976535354273,-0.24550391669093816,4753,-12.257855638083386
PKNORLEN,10,linear,,4.0,2017-12-29,1,-15.398385149396075,-0.13054269831592333,4302,-14.98586245236591
PKNORLEN,10,linear,,5.0,2017-12-29,1,-16.8574078230614,-0.027100732160249757,4549,-16.693050718666594
PKNORLEN,10,linear,,6.0,2017-12-29,1,-14.169083085097975,0.06943976644170106,3692,-14.469916538005547
PKNORLEN,10,linear,,7.0,2017-12-29,1,-12.993774890558372,0.16823102131790416,3406,-13.18245210732401
PKNORLEN,10,linear,,8.0,2017-12-29,1,-11.672075867436856,0.269283656273962,3615,-12.18714942109848
PKNORLEN,10,linear,,9.0,2017-12-29,1,-9.751153010660069,0.38813907269126324,3035,-10.707197705834838
PKNORLEN,10,linear,,10.0,2017-12-29,1,-7.730403725408472,0.551852295985661,2959,-9.04408880578348
PKNORLEN,10,linear,,1.0,all,5,-9.02825049617261,-0.5896476695767038,9814,-8.152612989851464
PKNORLEN,10,linear,,2.0,all,5,-11.1668714602882,-0.38805856811746803,9813,-10.451157497767761
PKNORLEN,10,linear,,3.0,all,5,-12.564146301190014,-0.24312807396246208,9814,-12.04551345252538
PKNORLEN,10,linear,,4.0,all,5,-13.507935778562707,-0.12909141349523018,9813,-13.098985705500569
PKNORLEN,10,linear,,5.0,all,5,-14.377903235836751,-0.027068814209243876,9818,-14.174781378882631
PKNORLEN,10,linear,,6.0,all,5,-13.335851785357887,0.07202215727646974,9815,-13.388367500310217
PKNORLEN,10,linear,,7.0,all,5,-12.865665518107159,0.16733468476385907,9807,-12.934673717624028
PKNORLEN,10,linear,,8.0,all,5,-11.499760470139808,0.2671460422604011,9814,-11.848287624439527
PKNORLEN,10,linear,,9.0,all,5,-10.174135758617748,0.3872833693750326,9813,-10.93431314184337
PKNORLEN,10,linear,,10.0,all,5,-7.815457773289695,0.5564778795260966,9814,-8.844702876953649
PKNORLEN,10,linear,,1.0,2017-12-27,5,-7.8817145241898166,-0.6002284092386971,1767,-6.597030760801497
PKNORLEN,10,linear,,2.0,2017-12-27,5,-9.485630503339767,-0.38634691518979064,2524,-8.693396897048084
PKNORLEN,10,linear,,3.0,2017-12-27,5,-11.375446934021513,-0.24136446599918182,2596,-10.751379011831236
PKNORLEN,10,linear,,4.0,2017-12-27,5,-10.92268164416401,-0.12832861682653643,2719,-10.63512349788335
PKNORLEN,10,linear,,5.0,2017-12-27,5,-11.717073504256621,-0.02423170205890697,2633,-11.514607894564572
PKNORLEN,10,linear,,6.0,2017-12-27,5,-12.268960797491827,0.07330463639746575,3175,-12.264971375373358
PKNORLEN,10,linear,,7.0,2017-12-27,5,-12.330857631807431,0.16518184584093248,3467,-12.43696135537841
PKNORLEN,10,linear,,8.0,2017-12-27,5,-11.291557328547094,0.26409019962009905,3051,-11.803636301972217
PKNORLEN,10,linear,,9.0,2017-12-27,5,-10.396010500067016,0.3908348276599191,3618,-11.221542783693193
PKNORLEN,10,linear,,10.0,2017-12-27,5,-7.530253117677364,0.5586803535098874,4000,-8.616056064428536
PKNORLEN,10,linear,,1.0,2017-12-28,5,-9.966247012637204,-0.5900863839506716,2250,-9.01483754773409
PKNORLEN,10,linear,,2.0,2017-12-28,5,-11.331872305058722,-0.38475083150740025,2390,-10.482678176638585
PKNORLEN,10,linear,,3.0,2017-12-28,5,-13.596376100247326,-0.24040431971671303,2465,-13.06095554277752
PKNORLEN,10,linear,,4.0,2017-12-28,5,-13.465006951247915,-0.12759808141914006,2792,-12.744931126292501
PKNORLEN,10,linear,,5.0,2017-12-28,5,-13.068539796246737,-0.02984761600465789,2636,-12.795319047984222
PKNORLEN,10,linear,,6.0,2017-12-28,5,-13.418657021800596,0.07387504593074505,2948,-13.483588103341926
PKNORLEN,10,linear,,7.0,2017-12-28,5,-13.334587541460087,0.16883808293792485,2934,-13.360402623643726
PKNORLEN,10,linear,,8.0,2017-12-28,5,-11.276926278773967,0.26765299945116955,3148,-11.647985208657753
PKNORLEN,10,linear,,9.0,2017-12-28,5,-10.004970364290829,0.38239532012203287,3160,-10.897352272572865
PKNORLEN,10,linear,,10.0,2017-12-28,5,-7.940654705804787,0.5581861827698745,2855,-8.926128426206915
PKNORLEN,10,linear,,1.0,2017-12-29,5,-9.01366310622061,-0.5862522453358603,5797,-8.292117654936058
PKNORLEN,10,linear,,2.0,2017-12-29,5,-11.952562449538311,-0.39055411873749657,4899,-11.341390878807811
PKNORLEN,10,linear,,3.0,2017-12-29,5,-12.678056905543718,-0.24550391669093816,4753,-12.22571716714151
PKNORLEN,10,linear,,4.0,2017-12-29,5,-15.169758948551776,-0.13054269831592333,4302,-14.886006097797209
PKNORLEN,10,linear,,5.0,2017-12-29,5,-16.676748412800862,-0.027100732160249757,4549,-16.51386677973065
PKNORLEN,10,linear,,6.0,2017-12-29,5,-14.187224767330163,0.06943976644170106,3692,-14.278419601864135
PKNORLEN,10,linear,,7.0,2017-12-29,5,-13.006112295935596,0.16823102131790416,3406,-13.07456806572848
PKNORLEN,10,linear,,8.0,2017-12-29,5,-11.869528055041345,0.269283656273962,3615,-12.060399156867966
PKNORLEN,10,linear,,9.0,2017-12-29,5,-10.085773264881214,0.38813907269126324,3035,-10.630392055412441
PKNORLEN,10,linear,,10.0,2017-12-29,5,-8.080203085935432,0.551852295985661,2959,-9.075225792459689
PKNORLEN,10,xgboost,,1.0,all,0,-9.732874378791044,-0.7333460486244925,9815,-8.113766708912106
PKNORLEN,10,xgboost,,2.0,all,0,-12.236946734788294,-0.41205470991095766,9812,-11.041216674619001
PKNORLEN,10,xgboost,,3.0,all,0,-12.26056300396456,-0.22992005536876678,9814,-11.422760520841656
PKNORLEN,10,xgboost,,4.0,all,0,-12.754944765128426,-0.10892300479941056,9820,-12.160462444727626
PKNORLEN,10,xgboost,,5.0,all,0,-12.843548167127457,-0.012641434383934141,9817,-12.611895099385126
PKNORLEN,10,xgboost,,6.0,all,0,-12.916448720274843,0.07547093369579735,9803,-13.005066660142417
PKNORLEN,10,xgboost,,7.0,all,0,-13.065913170762467,0.1653824885961905,9820,-13.368300946737568
PKNORLEN,10,xgboost,,8.0,all,0,-11.48590230073927,0.27609000170773,9807,-12.11407161189669
PKNORLEN,10,xgboost,,9.0,all,0,-11.268710333785476,0.4357093741345627,9817,-12.442970163901153
PKNORLEN,10,xgboost,,10.0,all,0,-7.796109005507119,0.778119043733974,9810,-9.619003791608813
PKNORLEN,10,xgboost,,1.0,2017-12-27,0,-7.978103357592333,-0.7767412290585284,1960,-6.231098250675497
PKNORLEN,10,xgboost,,2.0,2017-12-27,0,-10.617308275406794,-0.4034477404610272,2166,-9.328163476603292
PKNORLEN,10,xgboost,,3.0,2017-12-27,0,-10.4994331097867,-0.2339276023019768,2676,-9.520561775503653
PKNORLEN,10,xgboost,,4.0,2017-12-27,0,-11.144798925207581,-0.10993855321671793,2896,-10.537837966639245
PKNORLEN,10,xgboost,,5.0,2017-12-27,0,-10.76732481693873,-0.012060737916248263,2849,-10.474225418710242
PKNORLEN,10,xgboost,,6.0,2017-12-27,0,-12.158794745830017,0.07691911395395581,3135,-11.975331971095587
PKNORLEN,10,xgboost,,7.0,2017-12-27,0,-12.73418001934724,0.16369521167492074,3368,-12.905246707797012
PKNORLEN,10,xgboost,,8.0,2017-12-27,0,-11.37525687675982,0.2791169006307933,2947,-11.934302685845728
PKNORLEN,10,xgboost,,9.0,2017-12-27,0,-10.429871565370696,0.4403802915408738,3655,-11.723631739469836
PKNORLEN,10,xgboost,,10.0,2017-12-27,0,-7.592342487814359,0.7766697096512708,3898,-9.412336647765066
PKNORLEN,10,xgboost,,1.0,2017-12-28,0,-10.198672630872139,-0.7490968329948918,2134,-8.274251321842787
PKNORLEN,10,xgboost,,2.0,2017-12-28,0,-11.87911010859487,-0.40907475879888217,2508,-10.532027348944682
PKNORLEN,10,xgboost,,3.0,2017-12-28,0,-12.548063054767535,-0.22841561050110912,2148,-11.351531125247979
PKNORLEN,10,xgboost,,4.0,2017-12-28,0,-12.943678289096077,-0.1083174470094948,2935,-12.025222780492133
PKNORLEN,10,xgboost,,5.0,2017-12-28,0,-12.911939995386902,-0.012583343151205743,2835,-12.4510014385186
PKNORLEN,10,xgboost,,6.0,2017-12-28,0,-12.931386205240821,0.07853312639661834,2815,-13.01634957779202
PKNORLEN,10,xgboost,,7.0,2017-12-28,0,-12.92941195800375,0.16905706492623662,3075,-13.385926215231118
PKNORLEN,10,xgboost,,8.0,2017-12-28,0,-11.88571336350756,0.27951593142691383,3376,-12.48594497915716
PKNORLEN,10,xgboost,,9.0,2017-12-28,0,-11.431350930788494,0.43227187751452456,2907,-12.69925304832586
PKNORLEN,10,xgboost,,10.0,2017-12-28,0,-7.3891851510139075,0.7832730763406871,2845,-9.332368363982017
PKNORLEN,10,xgboost,,1.0,2017-12-29,0,-10.16030624937458,-0.7126037435209891,5721,-8.69890147803458
PKNORLEN,10,xgboost,,2.0,2017-12-29,0,-13.094399276927927,-0.4171377019735569,5138,-12.01192902489016
PKNORLEN,10,xgboost,,3.0,2017-12-29,0,-13.081251077650965,-0.22841852269992083,4990,-12.473518954561035
PKNORLEN,10,xgboost,,4.0,2017-12-29,0,-13.785039891617698,-0.10863127351259193,3989,-13.437987865403263
PKNORLEN,10,xgboost,,5.0,2017-12-29,0,-14.227837906196449,-0.01308157299540815,4133,-14.195818266285526
PKNORLEN,10,xgboost,,6.0,2017-12-29,0,-13.522001845036149,0.07205538281021785,3853,-13.834668746043835
PKNORLEN,10,xgboost,,7.0,2017-12-29,0,-13.521056340202668,0.16371930424793607,3377,-13.814072038278612
PKNORLEN,10,xgboost,,8.0,2017-12-29,0,-11.192076214792564,0.2702099185107633,3484,-11.905786461839527
PKNORLEN,10,xgboost,,9.0,2017-12-29,0,-12.065379913837166,0.43353444312208445,3255,-13.021823496089738
PKNORLEN,10,xgboost,,10.0,2017-12-29,0,-8.432555126146038,0.775180107147172,3067,-10.147554922453665
PKNORLEN,10,xgboost,,1.0,all,1,-9.68817150115778,-0.7333460486244925,9815,-8.3298140613917
PKNORLEN,10,xgboost,,2.0,all,1,-12.184842669459634,-0.41205470991095766,9812,-11.083434744996726
PKNORLEN,10,xgboost,,3.0,all,1,-12.194473510687189,-0.22992005536876678,9814,-11.43188697419848
PKNORLEN,10,xgboost,,4.0,all,1,-12.702885128683421,-0.10892300479941056,9820,-12.129597507232987
PKNORLEN,10,xgboost,,5.0,all,1,-12.781536011848265,-0.012641434383934141,9817,-12.581741064440585
PKNORLEN,10,xgboost,,6.0,all,1,-12.890411793975433,0.07547093369579735,9803,-12.953686430740802
PKNORLEN,10,xgboost,,7.0,all,1,-13.047305855452734,0.1653824885961905,9820,-13.305136585928384
PKNORLEN,10,xgboost,,8.0,all,1,-11.493783243880141,0.27609000170773,9807,-12.091174900350005
PKNORLEN,10,xgboost,,9.0,all,1,-11.3478826535705,0.4357093741345627,9817,-12.395759445675063
PKNORLEN,10,xgboost,,10.0,all,1,-8.025310359609412,0.778119043733974,9810,-9.591795247605802
PKNORLEN,10,xgboost,,1.0,2017-12-27,1,-7.948770929314537,-0.7767412290585284,1960,-6.426078787664491
PKNORLEN,10,xgboost,,2.0,2017-12-27,1,-10.53735811570114,-0.4034477404610272,2166,-9.373387659109497
PKNORLEN,10,xgboost,,3.0,2017-12-27,1,-10.444815938151661,-0.2339276023019768,2676,-9.523899083192203
PKNORLEN,10,xgboost,,4.0,2017-12-27,1,-11.098816582264249,-0.10993855321671793,2896,-10.537876608807897
PKNORLEN,10,xgboost,,5.0,2017-12-27,1,-10.694028833271224,-0.012060737916248263,2849,-10.47279249233466
PKNORLEN,10,xgboost,,6.0,2017-12-27,1,-12.10649455086742,0.07691911395395581,3135,-11.927138393974438
PKNORLEN,10,xgboost,,7.0,2017-12-27,1,-12.709057923122991,0.16369521167492074,3368,-12.85114794887922
PKNORLEN,10,xgboost,,8.0,2017-12-27,1,-11.37826367271975,0.2791169006307933,2947,-11.902616903953605
PKNORLEN,10,xgboost,,9.0,2017-12-27,1,-10.482149288589179,0.4403802915408738,3655,-11.717578690007707
PKNORLEN,10,xgboost,,10.0,2017-12-27,1,-7.784651806431381,0.7766697096512708,3898,-9.398456973863828
PKNORLEN,10,xgboost,,1.0,2017-12-28,1,-10.128258394934033,-0.7490968329948918,2134,-8.597942772904183
PKNORLEN,10,xgboost,,2.0,2017-12-28,1,-11.836703021151171,-0.40907475879888217,2508,-10.611994219128766
PKNORLEN,10,xgboost,,3.0,2017-12-28,1,-12.506589376619031,-0.22841561050110912,2148,-11.38272871829426
PKNORLEN,10,xgboost,,4.0,2017-12-28,1,-12.889173805754153,-0.1083174470094948,2935,-12.002576104389002
PKNORLEN,10,xgboost,,5.0,2017-12-28,1,-12.839746715294062,-0.012583343151205743,2835,-12.414984610936301
PKNORLEN,10,xgboost,,6.0,2017-12-28,1,-12.918775205873832,0.07853312639661834,2815,-12.975256106850294
PKNORLEN,10,xgboost,,7.0,2017-12-28,1,-12.903233422997527,0.16905706492623662,3075,-13.322214713134882
PKNORLEN,10,xgboost,,8.0,2017-12-28,1,-11.854083613092081,0.27951593142691383,3376,-12.460841044092758
PKNORLEN,10,xgboost,,9.0,2017-12-28,1,-11.516924652965155,0.43227187751452456,2907,-12.616355614249805
PKNORLEN,10,xgboost,,10.0,2017-12-28,1,-7.6219311910042755,0.7832730763406871,2845,-9.272554347186714
PKNORLEN,10,xgboost,,1.0,2017-12-29,1,-10.119928132777117,-0.7126037435209891,5721,-8.882013758321904
PKNORLEN,10,xgboost,,2.0,2017-12-29,1,-13.049300781837703,-0.4171377019735569,5138,-12.034453590249466
PKNORLEN,10,xgboost,,3.0,2017-12-29,1,-12.99841314677606,-0.22841852269992083,4990,-12.476249204662418
PKNORLEN,10,xgboost,,4.0,2017-12-29,1,-13.730367014676736,-0.10863127351259193,3989,-13.378640259598532
PKNORLEN,10,xgboost,,5.0,2017-12-29,1,-14.180587695249464,-0.01308157299540815,4133,-14.149887453894838
PKNORLEN,10,xgboost,,6.0,2017-12-29,1,-13.507525095986756,0.07205538281021785,3853,-13.773180190671852
PKNORLEN,10,xgboost,,7.0,2017-12-29,1,-13.515840580322834,0.16371930424793607,3377,-13.74236444746869
PKNORLEN,10,xgboost,,8.0,2017-12-29,1,-11.242365944726917,0.2702099185107633,3484,-11.892462935397266
PKNORLEN,10,xgboost,,9.0,2017-12-29,1,-12.16903483690889,0.43353444312208445,3255,-12.960268692961519
PKNORLEN,10,xgboost,,10.0,2017-12-29,1,-8.70535625950168,0.775180107147172,3067,-10.133651443477508
PKNORLEN,10,xgboost,,1.0,all,5,-9.646956980020066,-0.7333460486244925,9815,-8.703342918927016
PKNORLEN,10,xgboost,,2.0,all,5,-12.027996746529668,-0.41205470991095766,9812,-11.275061910803148
PKNORLEN,10,xgboost,,3.0,all,5,-12.04302363305185,-0.22992005536876678,9814,-11.50002985064188
PKNORLEN,10,xgboost,,4.0,all,5,-12.563035771986364,-0.10892300479941056,9820,-12.151606998016815
PKNORLEN,10,xgboost,,5.0,all,5,-12.62609568782316,-0.012641434383934141,9817,-12.513389668835073
PKNORLEN,10,xgboost,,6.0,all,5,-12.810817309927113,0.07547093369579735,9803,-12.808184999620606
PKNORLEN,10,xgboost,,7.0,all,5,-12.990666851047791,0.1653824885961905,9820,-13.120332453912836
PKNORLEN,10,xgboost,,8.0,all,5,-11.561491418602866,0.27609000170773,9807,-11.983361639129912
PKNORLEN,10,xgboost,,9.0,all,5,-11.591850747587765,0.4357093741345627,9817,-12.283503673575698
PKNORLEN,10,xgboost,,10.0,all,5,-8.473036035332157,0.778119043733974,9810,-9.534153299082705
PKNORLEN,10,xgboost,,1.0,2017-12-27,5,-7.915142826372326,-0.7767412290585284,1960,-6.7233099738897675
PKNORLEN,10,xgboost,,2.0,2017-12-27,5,-10.303601569894989,-0.4034477404610272,2166,-9.503082653663574
PKNORLEN,10,xgboost,,3.0,2017-12-27,5,-10.294011155503107,-0.2339276023019768,2676,-9.549008221971393
PKNORLEN,10,xgboost,,4.0,2017-12-27,5,-10.933423280190617,-0.10993855321671793,2896,-10.654466823167482
PKNORLEN,10,xgboost,,5.0,2017-12-27,5,-10.483638061097363,-0.012060737916248263,2849,-10.508745021528064
PKNORLEN,10,xgboost,,6.0,2017-12-27,5,-11.926990690165866,0.07691911395395581,3135,-11.783959435738797
PKNORLEN,10,xgboost,,7.0,2017-12-27,5,-12.504383540540914,0.16369521167492074,3368,-12.635945437712548
PKNORLEN,10,xgboost,,8.0,2017-12-27,5,-11.405176430292219,0.2791169006307933,2947,-11.804313278164187
PKNORLEN,10,xgboost,,9.0,2017-12-27,5,-10.811573151519147,0.4403802915408738,3655,-11.716284303828644
PKNORLEN,10,xgboost,,10.0,2017-12-27,5,-8.285324037622368,0.7766697096512708,3898,-9.405144039325766
PKNORLEN,10,xgboost,,1.0,2017-12-28,5,-10.20427433212075,-0.7490968329948918,2134,-9.115388064274791
PKNORLEN,10,xgboost,,2.0,2017-12-28,5,-11.714625399798305,-0.40907475879888217,2508,-10.857513008174777
PKNORLEN,10,xgboost,,3.0,2017-12-28,5,-12.328852954531994,-0.22841561050110912,2148,-11.673414804493783
PKNORLEN,10,xgboost,,4.0,2017-12-28,5,-12.69393421659641,-0.1083174470094948,2935,-12.075614940317466
PKNORLEN,10,xgboost,,5.0,2017-12-28,5,-12.689647558227055,-0.012583343151205743,2835,-12.363560996151584
PKNORLEN,10,xgboost,,6.0,2017-12-28,5,-12.806071411591088,0.07853312639661834,2815,-12.84901272641619
PKNORLEN,10,xgboost,,7.0,2017-12-28,5,-12.965024654892932,0.16905706492623662,3075,-13.107451456344752
PKNORLEN,10,xgboost,,8.0,2017-12-28,5,-11.816822488849391,0.27951593142691383,3376,-12.331333646018777
PKNORLEN,10,xgboost,,9.0,2017-12-28,5,-11.687979905997246,0.43227187751452456,2907,-12.408919401585008
PKNORLEN,10,xgboost,,10.0,2017-12-28,5,-8.040657371028304,0.7832730763406871,2845,-9.122136936348078
PKNORLEN,10,xgboost,,1.0,2017-12-29,5,-10.03238619025721,-0.7126037435209891,5721,-9.227999488075914
PKNORLEN,10,xgboost,,2.0,2017-12-29,5,-12.90790630086851,-0.4171377019735569,5138,-12.225883187322468
PKNORLEN,10,xgboost,,3.0,2017-12-29,5,-12.857932652567099,-0.22841852269992083,4990,-12.471673737906075
PKNORLEN,10,xgboost,,4.0,2017-12-29,5,-13.649817131051293,-0.10863127351259193,3989,-13.294438443419484
PKNORLEN,10,xgboost,,5.0,2017-12-29,5,-14.059362618853104,-0.01308157299540815,4133,-13.998024773416578
PKNORLEN,10,xgboost,,6.0,2017-12-29,5,-13.533411692685332,0.07205538281021785,3853,-13.611719152706488
PKNORLEN,10,xgboost,,7.0,2017-12-29,5,-13.499003227406499,0.16371930424793607,3377,-13.615157605847816
PKNORLEN,10,xgboost,,8.0,2017-12-29,5,-11.446296980428126,0.2702099185107633,3484,-11.79762743261705
PKNORLEN,10,xgboost,,9.0,2017-12-29,5,-12.382163236108331,0.43353444312208445,3255,-12.808420194344485
PKNORLEN,10,xgboost,,10.0,2017-12-29,5,-9.112689986103991,0.775180107147172,3067,-10.080310666709886
PKNORLEN,20,linear,,1.0,all,0,-9.563046881044146,-0.8770364388656876,9811,-7.463896064008646
PKNORLEN,20,linear,,2.0,all,0,-11.658657545372746,-0.5780808037678214,9810,-10.000488480828237
PKNORLEN,20,linear,,3.0,all,0,-12.961789317119743,-0.36262026386625645,9811,-11.796191616884691
PKNORLEN,20,linear,,4.0,all,0,-13.44101937146799,-0.19304322865160886,9810,-12.640078349408766
PKNORLEN,20,linear,,5.0,all,0,-14.342383401386384,-0.03855773922054911,9811,-13.824048969012926
PKNORLEN,20,linear,,6.0,all,0,-13.328769305192527,0.10984592683313607,9810,-13.350538726266224
PKNORLEN,20,linear,,7.0,all,0,-12.95658888755032,0.2522443024914919,9810,-13.184296787094357
PKNORLEN,20,linear,,8.0,all,0,-11.521647731021126,0.3989586800924105,9813,-12.403271419629355
PKNORLEN,20,linear,,9.0,all,0,-9.655190524486832,0.5747352409420878,9808,-11.372680585654962
PKNORLEN,20,linear,,10.0,all,0,-7.151793748378999,0.8200892023777427,9811,-9.621569486939501
PKNORLEN,20,linear,,1.0,2017-12-27,0,-8.65390801497276,-0.8976925836156985,1745,-5.835931941056878
PKNORLEN,20,linear,,2.0,2017-12-27,0,-9.983158234257973,-0.5763296570729576,2514,-8.28249514899073
PKNORLEN,20,linear,,3.0,2017-12-27,0,-11.818445207999032,-0.35943366732855714,2673,-10.388590874470209
PKNORLEN,20,linear,,4.0,2017-12-27,0,-11.00180133126016,-0.19092922736395337,2655,-10.22416686619683
PKNORLEN,20,linear,,5.0,2017-12-27,0,-11.488968480515165,-0.03558247296735296,2715,-11.107836552032197
PKNORLEN,20,linear,,6.0,2017-12-27,0,-12.419591006456473,0.11217305328411271,3157,-12.1923532498071
PKNORLEN,20,linear,,7.0,2017-12-27,0,-12.358393355246635,0.24975968500114004,3436,-12.623083949841954
PKNORLEN,20,linear,,8.0,2017-12-27,0,-11.25675812702395,0.3954639087931788,3105,-12.25584928430479
PKNORLEN,20,linear,,9.0,2017-12-27,0,-9.818223192738643,0.5815499863559093,3629,-11.603393213362962
PKNORLEN,20,linear,,10.0,2017-12-27,0,-6.73214219902993,0.8227735929959394,3911,-9.401306290368485
PKNORLEN,20,linear,,1.0,2017-12-28,0,-10.401057830674182,-0.8810642250803573,2260,-8.202513126239312
PKNORLEN,20,linear,,2.0,2017-12-28,0,-11.990947133774414,-0.5738433179409174,2416,-9.777649579607074
PKNORLEN,20,linear,,3.0,2017-12-28,0,-13.876721761474869,-0.3584005553336864,2478,-12.684486548787293
PKNORLEN,20,linear,,4.0,2017-12-28,0,-13.551934105946227,-0.18970383669282637,2834,-12.169487464142845
PKNORLEN,20,linear,,5.0,2017-12-28,0,-13.548287275921531,-0.040067764124963434,2643,-12.931389708432254
PKNORLEN,20,linear,,6.0,2017-12-28,0,-13.389328168358471,0.11244668351043274,2825,-13.336931036359701
PKNORLEN,20,linear,,7.0,2017-12-28,0,-13.422141864018208,0.2522463040006761,2939,-13.617586544617927
PKNORLEN,20,linear,,8.0,2017-12-28,0,-11.043937280773731,0.3984720715761581,3167,-11.985646958563104
PKNORLEN,20,linear,,9.0,2017-12-28,0,-9.502202868296466,0.5676290411154206,3154,-11.518759972098207
PKNORLEN,20,linear,,10.0,2017-12-28,0,-7.258504504793601,0.8243275261281058,2852,-9.615344539018228
PKNORLEN,20,linear,,1.0,2017-12-29,0,-9.5100917613629,-0.8692603848812019,5806,-7.665674023689927
PKNORLEN,20,linear,,2.0,2017-12-29,0,-12.357303779504733,-0.5810808342081264,4880,-10.995860206563853
PKNORLEN,20,linear,,3.0,2017-12-29,0,-13.131093224108511,-0.36669198281238924,4660,-12.13123924418496
PKNORLEN,20,linear,,4.0,2017-12-29,0,-14.867029910519244,-0.19653235390731702,4321,-14.433158552318117
PKNORLEN,20,linear,,5.0,2017-12-29,0,-16.553436078181566,-0.03947551421607134,4453,-16.00994951646799
PKNORLEN,20,linear,,6.0,2017-12-29,0,-14.033888714979863,0.10600740127955814,3828,-14.315751180071707
PKNORLEN,20,linear,,7.0,2017-12-29,0,-13.156629542908785,0.25472793080629713,3435,-13.3749485225929
PKNORLEN,20,linear,,8.0,2017-12-29,0,-12.181176456337349,0.4024583564705764,3541,-12.906056621092105
PKNORLEN,20,linear,,9.0,2017-12-29,0,-9.619116975573975,0.5739690403293772,3025,-10.943592813491549
PKNORLEN,20,linear,,10.0,2017-12-29,0,-7.5904151828310225,0.8126789822190147,3048,-9.910021886303252
PKNORLEN,20,linear,,1.0,all,1,-9.559454322440102,-0.8770364388656876,9811,-7.669372318114108
PKNORLEN,20,linear,,2.0,all,1,-11.582624839565717,-0.5780808037678214,9810,-10.054464239543048
PKNORLEN,20,linear,,3.0,all,1,-12.86065095964902,-0.36262026386625645,9811,-11.841444178202236
PKNORLEN,20,linear,,4.0,all,1,-13.349783620970134,-0.19304322865160886,9810,-12.617154246342494
PKNORLEN,20,linear,,5.0,all,1,-14.273441132791493,-0.03855773922054911,9811,-13.774668257846006
PKNORLEN,20,linear,,6.0,all,1,-13.2805378267128,0.10984592683313607,9810,-13.300854012116902
PKNORLEN,20,linear,,7.0,all,1,-12.945511636923126,0.2522443024914919,9810,-13.112964094449275
PKNORLEN,20,linear,,8.0,all,1,-11.569785336030224,0.3989586800924105,9813,-12.354672565012521
PKNORLEN,20,linear,,9.0,all,1,-9.771918448064929,0.5747352409420878,9808,-11.326558410657837
PKNORLEN,20,linear,,10.0,all,1,-7.381720102941355,0.8200892023777427,9811,-9.600352734898765
PKNORLEN,20,linear,,1.0,2017-12-27,1,-8.664198051287295,-0.8976925836156985,1745,-5.93259677003015
PKNORLEN,20,linear,,2.0,2017-12-27,1,-9.903739268901228,-0.5763296570729576,2514,-8.378028649834683
PKNORLEN,20,linear,,3.0,2017-12-27,1,-11.685634656914408,-0.35943366732855714,2673,-10.43019715541382
PKNORLEN,20,linear,,4.0,2017-12-27,1,-10.959973316980077,-0.19092922736395337,2655,-10.235973181758292
PKNORLEN,20,linear,,5.0,2017-12-27,1,-11.387617094559678,-0.03558247296735296,2715,-11.086683268962513
PKNORLEN,20,linear,,6.0,2017-12-27,1,-12.332503952475147,0.11217305328411271,3157,-12.164190947249155
PKNORLEN,20,linear,,7.0,2017-12-27,1,-12.314365502867478,0.24975968500114004,3436,-12.576588767171504
PKNORLEN,20,linear,,8.0,2017-12-27,1,-11.279520782833472,0.3954639087931788,3105,-12.234363335738095
PKNORLEN,20,linear,,9.0,2017-12-27,1,-9.927138371909901,0.5815499863559093,3629,-11.568985463499176
PKNORLEN,20,linear,,10.0,2017-12-27,1,-6.953413402692272,0.8227735929959394,3911,-9.38301099758486
PKNORLEN,20,linear,,1.0,2017-12-28,1,-10.389475063081836,-0.8810642250803573,2260,-8.447053972780445
PKNORLEN,20,linear,,2.0,2017-12-28,1,-11.88244486301805,-0.5738433179409174,2416,-9.890102970330148
PKNORLEN,20,linear,,3.0,2017-12-28,1,-13.761895910899757,-0.3584005553336864,2478,-12.749215612533389
PKNORLEN,20,linear,,4.0,2017-12-28,1,-13.44063216301128,-0.18970383669282637,2834,-12.138272801704115
PKNORLEN,20,linear,,5.0,2017-12-28,1,-13.492740201156298,-0.040067764124963434,2643,-12.89110651099808
PKNORLEN,20,linear,,6.0,2017-12-28,1,-13.34201411994372,0.11244668351043274,2825,-13.283261232240378
PKNORLEN,20,linear,,7.0,2017-12-28,1,-13.416050628454231,0.2522463040006761,2939,-13.556944298126682
PKNORLEN,20,linear,,8.0,2017-12-28,1,-11.08869174451797,0.3984720715761581,3167,-11.920839626276027
PKNORLEN,20,linear,,9.0,2017-12-28,1,-9.609271045367134,0.5676290411154206,3154,-11.460786610551876
PKNORLEN,20,linear,,10.0,2017-12-28,1,-7.498697635820427,0.8243275261281058,2852,-9.583919463635292
PKNORLEN,20,linear,,1.0,2017-12-29,1,-9.505436981639436,-0.8692603848812019,5806,-7.888647687018788
PKNORLEN,20,linear,,2.0,2017-12-29,1,-12.299090648580002,-0.5810808342081264,4880,-10.999475694244934
PKNORLEN,20,linear,,3.0,2017-12-29,1,-13.055400656646938,-0.36669198281238924,4660,-12.168226512459926
PKNORLEN,20,linear,,4.0,2017-12-29,1,-14.758596763517923,-0.19653235390731702,4321,-14.39433215436754
PKNORLEN,20,linear,,5.0,2017-12-29,1,-16.496303209169486,-0.03947551421607134,4453,-15.937958835375253
PKNORLEN,20,linear,,6.0,2017-12-29,1,-14.017024872844182,0.10600740127955814,3828,-14.251257590732017
PKNORLEN,20,linear,,7.0,2017-12-29,1,-13.174246431830046,0.25472793080629713,3435,-13.269624299956849
PKNORLEN,20,linear,,8.0,2017-12-29,1,-12.254590431199729,0.4024583564705764,3541,-12.848179787230983
PKNORLEN,20,linear,,9.0,2017-12-29,1,-9.755289292519617,0.5739690403293772,3025,-10.895773776863775
PKNORLEN,20,linear,,10.0,2017-12-29,1,-7.821840700350491,0.8126789822190147,3048,-9.894608385908644
PKNORLEN,20,linear,,1.0,all,5,-9.53837234527734,-0.8770364388656876,9811,-8.0402033949546
PKNORLEN,20,linear,,2.0,all,5,-11.395865735694308,-0.5780808037678214,9810,-10.27165415785836
PKNORLEN,20,linear,,3.0,all,5,-12.60415077337095,-0.36262026386625645,9811,-11.951830812651712
PKNORLEN,20,linear,,4.0,all,5,-13.112768443877686,-0.19304322865160886,9810,-12.6085634515307
PKNORLEN,20,linear,,5.0,all,5,-14.158473418959833,-0.03855773922054911,9811,-13.741862303456193
PKNORLEN,20,linear,,6.0,all,5,-13.172123947824973,0.10984592683313607,9810,-13.148536436826381
PKNORLEN,20,linear,,7.0,all,5,-12.901747033223405,0.2522443024914919,9810,-12.914289474592646
PKNORLEN,20,linear,,8.0,all,5,-11.737588898418275,0.3989586800924105,9813,-12.205684309952314
PKNORLEN,20,linear,,9.0,all,5,-10.05247922928809,0.5747352409420878,9808,-11.21512547730015
PKNORLEN,20,linear,,10.0,all,5,-7.880006186903429,0.8200892023777427,9811,-9.536568772369252
PKNORLEN,20,linear,,1.0,2017-12-27,5,-8.710491927597392,-0.8976925836156985,1745,-6.070251755423121
PKNORLEN,20,linear,,2.0,2017-12-27,5,-9.623114995449647,-0.5763296570729576,2514,-8.555153541609673
PKNORLEN,20,linear,,3.0,2017-12-27,5,-11.415078062380442,-0.35943366732855714,2673,-10.631380633828062
PKNORLEN,20,linear,,4.0,2017-12-27,5,-10.749198165265643,-0.19092922736395337,2655,-10.24949856347919
PKNORLEN,20,linear,,5.0,2017-12-27,5,-11.198220617431007,-0.03558247296735296,2715,-11.109757577041428
PKNORLEN,20,linear,,6.0,2017-12-27,5,-12.110414781718898,0.11217305328411271,3157,-12.097913398601898
PKNORLEN,20,linear,,7.0,2017-12-27,5,-12.144884590379013,0.24975968500114004,3436,-12.443150464306228
PKNORLEN,20,linear,,8.0,2017-12-27,5,-11.427588066001558,0.3954639087931788,3105,-12.122576546061095
PKNORLEN,20,linear,,9.0,2017-12-27,5,-10.203586030270968,0.5815499863559093,3629,-11.521109445694616
PKNORLEN,20,linear,,10.0,2017-12-27,5,-7.508499873797627,0.8227735929959394,3911,-9.330716739847592
PKNORLEN,20,linear,,1.0,2017-12-28,5,-10.404050829497233,-0.8810642250803573,2260,-8.93590703428565
PKNORLEN,20,linear,,2.0,2017-12-28,5,-11.642990723522422,-0.5738433179409174,2416,-10.22586178578018
PKNORLEN,20,linear,,3.0,2017-12-28,5,-13.422757229451529,-0.3584005553336864,2478,-12.958043588243909
PKNORLEN,20,linear,,4.0,2017-12-28,5,-13.14122833517861,-0.18970383669282637,2834,-12.193570020047552
PKNORLEN,20,linear,,5.0,2017-12-28,5,-13.407371704821374,-0.040067764124963434,2643,-12.86907475643764
PKNORLEN,20,linear,,6.0,2017-12-28,5,-13.223609134735046,0.11244668351043274,2825,-13.08316570381443
PKNORLEN,20,linear,,7.0,2017-12-28,5,-13.412750209960365,0.2522463040006761,2939,-13.292963296157799
PKNORLEN,20,linear,,8.0,2017-12-28,5,-11.258089989047958,0.3984720715761581,3167,-11.765897969520971
PKNORLEN,20,linear,,9.0,2017-12-28,5,-9.847593385110972,0.5676290411154206,3154,-11.335078282175454
PKNORLEN,20,linear,,10.0,2017-12-28,5,-7.999168610431622,0.8243275261281058,2852,-9.452558106592127
PKNORLEN,20,linear,,1.0,2017-12-29,5,-9.450225248225072,-0.8692603848812019,5806,-8.283619754943278
PKNORLEN,20,linear,,2.0,2017-12-29,5,-12.186775856674299,-0.5810808342081264,4880,-11.1786043464219
PKNORLEN,20,linear,,3.0,2017-12-29,5,-12.850907116355918,-0.36669198281238924,4660,-12.174184475758613
PKNORLEN,20,linear,,4.0,2017-12-29,5,-14.546377274650228,-0.19653235390731702,4321,-14.330250251484411
PKNORLEN,20,linear,,5.0,2017-12-29,5,-16.409146714854447,-0.03947551421607134,4453,-15.864687773697854
PKNORLEN,20,linear,,6.0,2017-12-29,5,-14.00973371385839,0.10600740127955814,3828,-14.06324104822488
PKNORLEN,20,linear,,7.0,2017-12-29,5,-13.221613413771705,0.25472793080629713,3435,-13.061570778162995
PKNORLEN,20,linear,,8.0,2017-12-29,5,-12.438273911304384,0.4024583564705764,3541,-12.671895252349463
PKNORLEN,20,linear,,9.0,2017-12-29,5,-10.084824145574958,0.5739690403293772,3025,-10.722977719323216
PKNORLEN,20,linear,,10.0,2017-12-29,5,-8.245199742892398,0.8126789822190147,3048,-9.879313430501982
PKNORLEN,20,xgboost,,1.0,all,0,-10.025640187572115,-1.0802996930125583,9813,-7.618488138454465
PKNORLEN,20,xgboost,,2.0,all,0,-12.685378945541581,-0.6430498292116613,9811,-11.000919244509664
PKNORLEN,20,xgboost,,3.0,all,0,-12.796069073715206,-0.37479133562444666,9808,-11.560422671662499
PKNORLEN,20,xgboost,,4.0,all,0,-12.666385997965616,-0.19294481465396224,9817,-11.818703506479142
PKNORLEN,20,xgboost,,5.0,all,0,-12.923224689098015,-0.03484704019638906,9810,-12.62779606579265
PKNORLEN,20,xgboost,,6.0,all,0,-12.923303332260451,0.1170470557531031,9807,-12.935352171183823
PKNORLEN,20,xgboost,,7.0,all,0,-12.846012943592065,0.25807141807631906,9807,-13.074468291823564
PKNORLEN,20,xgboost,,8.0,all,0,-10.901391238951978,0.42826654275930714,9811,-11.975895957058626
PKNORLEN,20,xgboost,,9.0,all,0,-11.145713377545794,0.6577033529443297,9821,-12.746830062732814
PKNORLEN,20,xgboost,,10.0,all,0,-7.665105711660521,1.1197845689617858,9800,-10.297421516322736
PKNORLEN,20,xgboost,,1.0,2017-12-27,0,-8.365011855622285,-1.1555019495009888,1958,-5.446341326555715
PKNORLEN,20,xgboost,,2.0,2017-12-27,0,-10.861487493230893,-0.6292024878633989,2220,-9.064643871624034
PKNORLEN,20,xgboost,,3.0,2017-12-27,0,-10.937573034331091,-0.38153842564930585,2682,-9.423055554257868
PKNORLEN,20,xgboost,,4.0,2017-12-27,0,-11.097692381669892,-0.19318567557923977,2908,-10.40010386418444
PKNORLEN,20,xgboost,,5.0,2017-12-27,0,-10.783087181572283,-0.03082266404753438,2869,-10.430198360823974
PKNORLEN,20,xgboost,,6.0,2017-12-27,0,-12.184724004023371,0.12003067630180744,3137,-12.110105913853287
PKNORLEN,20,xgboost,,7.0,2017-12-27,0,-12.104422561241634,0.25774577660092585,3408,-12.308527162520067
PKNORLEN,20,xgboost,,8.0,2017-12-27,0,-10.68293102521572,0.4306956599063604,2901,-11.711256535625122
PKNORLEN,20,xgboost,,9.0,2017-12-27,0,-10.517086724615892,0.6631338448562571,3755,-12.464185221341255
PKNORLEN,20,xgboost,,10.0,2017-12-27,0,-7.504889252782841,1.1296693277255965,3702,-10.246162047242322
PKNORLEN,20,xgboost,,1.0,2017-12-28,0,-10.557142616172937,-1.0978904960385938,2214,-7.879969154146631
PKNORLEN,20,xgboost,,2.0,2017-12-28,0,-12.507733055967197,-0.6332085619290029,2480,-10.494727100840317
PKNORLEN,20,xgboost,,3.0,2017-12-28,0,-13.094933647959186,-0.36713807749620564,2241,-11.575621597119921
PKNORLEN,20,xgboost,,4.0,2017-12-28,0,-12.62293167734563,-0.19453187853543835,2807,-11.375408799131739
PKNORLEN,20,xgboost,,5.0,2017-12-28,0,-13.20425155839133,-0.03558731753053895,2822,-12.580732230735764
PKNORLEN,20,xgboost,,6.0,2017-12-28,0,-12.621351348685018,0.11887196693723029,2789,-12.616164134888246
PKNORLEN,20,xgboost,,7.0,2017-12-28,0,-13.4638100542095,0.25874414123614015,3096,-13.638095209901124
PKNORLEN,20,xgboost,,8.0,2017-12-28,0,-11.300773261443329,0.4303071041510239,3348,-12.471779489352121
PKNORLEN,20,xgboost,,9.0,2017-12-28,0,-11.060004748544703,0.6502794652702242,2886,-12.84142579359026
PKNORLEN,20,xgboost,,10.0,2017-12-28,0,-7.252945069435559,1.121721406288742,2885,-9.91181380733794
PKNORLEN,20,xgboost,,1.0,2017-12-29,0,-10.393440913868083,-1.0472927693990164,5641,-8.269816712990062
PKNORLEN,20,xgboost,,2.0,2017-12-29,0,-13.56379820405737,-0.6538397804255403,5111,-12.087573097788098
PKNORLEN,20,xgboost,,3.0,2017-12-29,0,-13.679330254216213,-0.37459793869890234,4885,-12.726923760081972
PKNORLEN,20,xgboost,,4.0,2017-12-29,0,-13.80820396826505,-0.19168803457448624,4102,-13.127727398072793
PKNORLEN,20,xgboost,,5.0,2017-12-29,0,-14.221354498261787,-0.03714295486841943,4119,-14.190729291839181
PKNORLEN,20,xgboost,,6.0,2017-12-29,0,-13.737286180720025,0.11332397022004043,3881,-13.83177395486696
PKNORLEN,20,xgboost,,7.0,2017-12-29,0,-13.032098371560181,0.2577768480627962,3303,-13.336453889855111
PKNORLEN,20,xgboost,,8.0,2017-12-29,0,-10.703924104967655,0.42437022934463303,3562,-11.725334726137788
PKNORLEN,20,xgboost,,9.0,2017-12-29,0,-11.965791423158667,0.6580284607110534,3180,-12.994731981025492
PKNORLEN,20,xgboost,,10.0,2017-12-29,0,-8.219791296342807,1.1066562923878998,3213,-10.702725218456823
PKNORLEN,20,xgboost,,1.0,all,1,-9.988913139808703,-1.0802996930125583,9813,-7.82572595976862
PKNORLEN,20,xgboost,,2.0,all,1,-12.587577161834938,-0.6430498292116613,9811,-11.05883974032964
PKNORLEN,20,xgboost,,3.0,all,1,-12.708783875369233,-0.37479133562444666,9808,-11.584611013040085
PKNORLEN,20,xgboost,,4.0,all,1,-12.599808410984334,-0.19294481465396224,9817,-11.805510240964999
PKNORLEN,20,xgboost,,5.0,all,1,-12.881110923273809,-0.03484704019638906,9810,-12.598108085661508
PKNORLEN,20,xgboost,,6.0,all,1,-12.894556315388408,0.1170470557531031,9807,-12.893043018197185
PKNORLEN,20,xgboost,,7.0,all,1,-12.839533842608818,0.25807141807631906,9807,-13.015730728975116
PKNORLEN,20,xgboost,,8.0,all,1,-10.926239763514259,0.42826654275930714,9811,-11.940613874008292
PKNORLEN,20,xgboost,,9.0,all,1,-11.260995949411372,0.6577033529443297,9821,-12.679855876048315
PKNORLEN,20,xgboost,,10.0,all,1,-7.88537716446934,1.1197845689617858,9800,-10.249660737435894
PKNORLEN,20,xgboost,,1.0,2017-12-27,1,-8.342488596098141,-1.1555019495009888,1958,-5.627850867121845
PKNORLEN,20,xgboost,,2.0,2017-12-27,1,-10.777519563555233,-0.6292024878633989,2220,-9.09883914364803
PKNORLEN,20,xgboost,,3.0,2017-12-27,1,-10.839940962038053,-0.38153842564930585,2682,-9.466120941460154
PKNORLEN,20,xgboost,,4.0,2017-12-27,1,-11.025946123895352,-0.19318567557923977,2908,-10.403227040119774
PKNORLEN,20,xgboost,,5.0,2017-12-27,1,-10.721199947611149,-0.03082266404753438,2869,-10.43490628673445
PKNORLEN,20,xgboost,,6.0,2017-12-27,1,-12.126727374645416,0.12003067630180744,3137,-12.095915850332
PKNORLEN,20,xgboost,,7.0,2017-12-27,1,-12.100484668747537,0.25774577660092585,3408,-12.275965291768198
PKNORLEN,20,xgboost,,8.0,2017-12-27,1,-10.686019489368256,0.4306956599063604,2901,-11.695921093301827
PKNORLEN,20,xgboost,,9.0,2017-12-27,1,-10.598681600215098,0.6631338448562571,3755,-12.413293802399805
PKNORLEN,20,xgboost,,10.0,2017-12-27,1,-7.704981026639877,1.1296693277255965,3702,-10.193177690867113
PKNORLEN,20,xgboost,,1.0,2017-12-28,1,-10.527341641785018,-1.0978904960385938,2214,-8.189995858107904
PKNORLEN,20,xgboost,,2.0,2017-12-28,1,-12.362664043402155,-0.6332085619290029,2480,-10.586347596877419
PKNORLEN,20,xgboost,,3.0,2017-12-28,1,-12.993625358332443,-0.36713807749620564,2241,-11.605435051290925
PKNORLEN,20,xgboost,,4.0,2017-12-28,1,-12.550053396169277,-0.19453187853543835,2807,-11.37071659819432
PKNORLEN,20,xgboost,,5.0,2017-12-28,1,-13.16499707047691,-0.03558731753053895,2822,-12.53360625710981
PKNORLEN,20,xgboost,,6.0,2017-12-28,1,-12.597345253142132,0.11887196693723029,2789,-12.6033799200808
PKNORLEN,20,xgboost,,7.0,2017-12-28,1,-13.462415858847448,0.25874414123614015,3096,-13.577633491328381
PKNORLEN,20,xgboost,,8.0,2017-12-28,1,-11.30992307354356,0.4303071041510239,3348,-12.429188119564193
PKNORLEN,20,xgboost,,9.0,2017-12-28,1,-11.192348252144972,0.6502794652702242,2886,-12.73788383957399
PKNORLEN,20,xgboost,,10.0,2017-12-28,1,-7.462518611173555,1.121721406288742,2885,-9.846735417885593
PKNORLEN,20,xgboost,,1.0,2017-12-29,1,-10.349065338569513,-1.0472927693990164,5641,-8.445641910216983
PKNORLEN,20,xgboost,,2.0,2017-12-29,1,-13.482922965375193,-0.6538397804255403,5111,-12.13944663533936
PKNORLEN,20,xgboost,,3.0,2017-12-29,1,-13.604158886676021,-0.37459793869890234,4885,-12.738167553932046
PKNORLEN,20,xgboost,,4.0,2017-12-29,1,-13.749602135372589,-0.19168803457448624,4102,-13.097149759081825
PKNORLEN,20,xgboost,,5.0,2017-12-29,1,-14.191054570219434,-0.03714295486841943,4119,-14.149030669127063
PKNORLEN,20,xgboost,,6.0,2017-12-29,1,-13.728774568342711,0.11332397022004043,3881,-13.745518747710118
PKNORLEN,20,xgboost,,7.0,2017-12-29,1,-13.01823104583148,0.2577768480627962,3303,-13.25232463080844
PKNORLEN,20,xgboost,,8.0,2017-12-29,1,-10.761250233283898,0.42437022934463303,3562,-11.680677653544594
PKNORLEN,20,xgboost,,9.0,2017-12-29,1,-12.10536941970786,0.6580284607110534,3180,-12.941953952719716
PKNORLEN,20,xgboost,,10.0,2017-12-29,1,-8.472919470259258,1.1066562923878998,3213,-10.676532752779881
PKNORLEN,20,xgboost,,1.0,all,5,-9.933882921768209,-1.0802996930125583,9813,-8.221474682218387
PKNORLEN,20,xgboost,,2.0,all,5,-12.338453523493529,-0.6430498292116613,9811,-11.282117736931102
PKNORLEN,20,xgboost,,3.0,all,5,-12.452717993151698,-0.37479133562444666,9808,-11.692539142838696
PKNORLEN,20,xgboost,,4.0,all,5,-12.4297421041665,-0.19294481465396224,9817,-11.832056140049998
PKNORLEN,20,xgboost,,5.0,all,5,-12.750790317645313,-0.03484704019638906,9810,-12.557565673155551
PKNORLEN,20,xgboost,,6.0,all,5,-12.83505775302077,0.1170470557531031,9807,-12.73191087052245
PKNORLEN,20,xgboost,,7.0,all,5,-12.816365340574045,0.25807141807631906,9807,-12.861335405670259
PKNORLEN,20,xgboost,,8.0,all,5,-11.062890478413427,0.42826654275930714,9811,-11.835422648942057
PKNORLEN,20,xgboost,,9.0,all,5,-11.554927746116594,0.6577033529443297,9821,-12.517364103850039
PKNORLEN,20,xgboost,,10.0,all,5,-8.376464222434066,1.1197845689617858,9800,-10.10154749789447
PKNORLEN,20,xgboost,,1.0,2017-12-27,5,-8.245378258887412,-1.1555019495009888,1958,-5.941045818183518
PKNORLEN,20,xgboost,,2.0,2017-12-27,5,-10.549722160256081,-0.6292024878633989,2220,-9.203312125330145
PKNORLEN,20,xgboost,,3.0,2017-12-27,5,-10.54052123168539,-0.38153842564930585,2682,-9.57235337569228
PKNORLEN,20,xgboost,,4.0,2017-12-27,5,-10.853424396214912,-0.19318567557923977,2908,-10.436875296196222
PKNORLEN,20,xgboost,,5.0,2017-12-27,5,-10.52808087369141,-0.03082266404753438,2869,-10.500095672220887
PKNORLEN,20,xgboost,,6.0,2017-12-27,5,-11.8563817706433,0.12003067630180744,3137,-12.067474639219919
PKNORLEN,20,xgboost,,7.0,2017-12-27,5,-12.027329016865464,0.25774577660092585,3408,-12.206894160617926
PKNORLEN,20,xgboost,,8.0,2017-12-27,5,-10.7102991149622,0.4306956599063604,2901,-11.634514550209184
PKNORLEN,20,xgboost,,9.0,2017-12-27,5,-10.98776429402364,0.6631338448562571,3755,-12.300495479020434
PKNORLEN,20,xgboost,,10.0,2017-12-27,5,-8.25855222860407,1.1296693277255965,3702,-10.041929408886647
PKNORLEN,20,xgboost,,1.0,2017-12-28,5,-10.550075109353616,-1.0978904960385938,2214,-8.753201955166436
PKNORLEN,20,xgboost,,2.0,2017-12-28,5,-12.086641808336932,-0.6332085619290029,2480,-10.857583965759368
PKNORLEN,20,xgboost,,3.0,2017-12-28,5,-12.62843846634017,-0.36713807749620564,2241,-11.866316908994891
PKNORLEN,20,xgboost,,4.0,2017-12-28,5,-12.36657642192314,-0.19453187853543835,2807,-11.543864629777614
PKNORLEN,20,xgboost,,5.0,2017-12-28,5,-12.960667385670066,-0.03558731753053895,2822,-12.478422582120974
PKNORLEN,20,xgboost,,6.0,2017-12-28,5,-12.592221797450149,0.11887196693723029,2789,-12.365639510084765
PKNORLEN,20,xgboost,,7.0,2017-12-28,5,-13.457900904618132,0.25874414123614015,3096,-13.334012081631144
PKNORLEN,20,xgboost,,8.0,2017-12-28,5,-11.456973449428855,0.4303071041510239,3348,-12.350623042528477
PKNORLEN,20,xgboost,,9.0,2017-12-28,5,-11.407771535060933,0.6502794652702242,2886,-12.520243355032848
PKNORLEN,20,xgboost,,10.0,2017-12-28,5,-7.937268618858891,1.121721406288742,2885,-9.639782102960112
PKNORLEN,20,xgboost,,1.0,2017-12-29,5,-10.278120224836197,-1.0472927693990164,5641,-8.804320903362386
PKNORLEN,20,xgboost,,2.0,2017-12-29,5,-13.23758807250067,-0.6538397804255403,5111,-12.391057711546642
PKNORLEN,20,xgboost,,3.0,2017-12-29,5,-13.421954868041622,-0.37459793869890234,4885,-12.776858949088572
PKNORLEN,20,xgboost,,4.0,2017-12-29,5,-13.590453455892566,-0.19168803457448624,4102,-13.018340748353598
PKNORLEN,20,xgboost,,5.0,2017-12-29,5,-14.155179807506418,-0.03714295486841943,4119,-14.044874057613217
PKNORLEN,20,xgboost,,6.0,2017-12-29,5,-13.800627461035353,0.11332397022004043,3881,-13.532185872289196
PKNORLEN,20,xgboost,,7.0,2017-12-29,5,-13.029154224896889,0.2577768480627962,3303,-13.093526981317682
PKNORLEN,20,xgboost,,8.0,2017-12-29,5,-10.97964448133661,0.42437022934463303,3562,-11.514800379626145
PKNORLEN,20,xgboost,,9.0,2017-12-29,5,-12.35819554099574,0.6580284607110534,3180,-12.770833338856827
PKNORLEN,20,xgboost,,10.0,2017-12-29,5,-8.906681937178236,1.1066562923878998,3213,-10.584865060886248
PKNORLEN,50,linear,,1.0,all,0,-11.595340619700522,-1.3338013899532617,9804,-7.655572410876018
PKNORLEN,50,linear,,2.0,all,0,-12.399384183473119,-0.9059117249231345,9799,-10.094614919031832
PKNORLEN,50,linear,,3.0,all,0,-13.047338421180564,-0.5796514274817954,9802,-11.66622730974627
PKNORLEN,50,linear,,4.0,all,0,-12.786497598786456,-0.3120287001492097,9803,-11.728739384781335
PKNORLEN,50,linear,,5.0,all,0,-13.139211208503616,-0.06059257300995916,9801,-12.139118993085173
PKNORLEN,50,linear,,6.0,all,0,-13.005320378061878,0.18155133740244225,9800,-12.680954719096146
PKNORLEN,50,linear,,7.0,all,0,-11.957560929880414,0.4129215820541061,9801,-12.236529332016739
PKNORLEN,50,linear,,8.0,all,0,-11.218239097442225,0.6390656950484781,9802,-12.60299421621779
PKNORLEN,50,linear,,9.0,all,0,-10.31394745766689,0.8962906692108906,9801,-12.520860654393532
PKNORLEN,50,linear,,10.0,all,0,-7.777811520628787,1.2424078063954147,9802,-11.617728409808606
PKNORLEN,50,linear,,1.0,2017-12-27,0,-10.573601759105413,-1.3441742118025226,1779,-4.8594971842306265
PKNORLEN,50,linear,,2.0,2017-12-27,0,-10.831161325174198,-0.8937715855974931,2279,-8.744567097083216
PKNORLEN,50,linear,,3.0,2017-12-27,0,-11.014282998488838,-0.5817046408684936,2691,-10.229117222811205
PKNORLEN,50,linear,,4.0,2017-12-27,0,-10.92208794433221,-0.3097002576612534,2768,-9.863064317708723
PKNORLEN,50,linear,,5.0,2017-12-27,0,-10.84961176192052,-0.05687345457704039,2813,-10.088789296481524
PKNORLEN,50,linear,,6.0,2017-12-27,0,-12.374399208488938,0.18327159484437375,3169,-12.133643065150268
PKNORLEN,50,linear,,7.0,2017-12-27,0,-11.331905756354743,0.4089752694481096,3506,-12.33333661192398
PKNORLEN,50,linear,,8.0,2017-12-27,0,-10.912076688448229,0.6410302039276217,3150,-12.213581664947602
PKNORLEN,50,linear,,9.0,2017-12-27,0,-9.235144761674807,0.9043062088932465,3519,-12.102448685204953
PKNORLEN,50,linear,,10.0,2017-12-27,0,-7.199943825959764,1.2390902898860268,3836,-11.211175383260336
PKNORLEN,50,linear,,1.0,2017-12-28,0,-12.32009107999661,-1.345217026602617,2342,-8.288237720744547
PKNORLEN,50,linear,,2.0,2017-12-28,0,-13.411094832702187,-0.8947978566799406,2401,-10.30079491040345
PKNORLEN,50,linear,,3.0,2017-12-28,0,-13.22770538424372,-0.5712003403869617,2462,-12.160169569678812
PKNORLEN,50,linear,,4.0,2017-12-28,0,-13.166422442645446,-0.30577140772844325,2776,-11.51002520847591
PKNORLEN,50,linear,,5.0,2017-12-28,0,-13.058261347854028,-0.06266282234381003,2684,-11.522590343533404
PKNORLEN,50,linear,,6.0,2017-12-28,0,-12.813540762745065,0.188134658683556,2801,-12.09605366027835
PKNORLEN,50,linear,,7.0,2017-12-28,0,-12.386611198683418,0.41466311443160975,2993,-12.251587072246773
PKNORLEN,50,linear,,8.0,2017-12-28,0,-11.043687722001225,0.6349869616351854,3068,-12.82696227595368
PKNORLEN,50,linear,,9.0,2017-12-28,0,-9.940640239702306,0.8898922106688121,3235,-12.712799494669069
PKNORLEN,50,linear,,10.0,2017-12-28,0,-7.5281946239929445,1.2513640834929025,2776,-11.267926045807501
PKNORLEN,50,linear,,1.0,2017-12-29,0,-11.616510398863863,-1.3258498377620551,5683,-8.270127341808633
PKNORLEN,50,linear,,2.0,2017-12-29,0,-12.62303384654486,-0.9165293797727233,5119,-10.598955772115959
PKNORLEN,50,linear,,3.0,2017-12-29,0,-14.12862228424831,-0.5829384524772516,4649,-12.236495625510596
PKNORLEN,50,linear,,4.0,2017-12-29,0,-13.750577090915312,-0.3176204758164346,4259,-13.083831927415956
PKNORLEN,50,linear,,5.0,2017-12-29,0,-14.686124003397142,-0.0617322874476322,4304,-13.863640445674163
PKNORLEN,50,linear,,6.0,2017-12-29,0,-13.667608599701312,0.17531337950638992,3830,-13.561565292752315
PKNORLEN,50,linear,,7.0,2017-12-29,0,-12.232969646977205,0.4155331403795924,3302,-12.120092584632339
PKNORLEN,50,linear,,8.0,2017-12-29,0,-11.636747805082868,0.6408305809699847,3584,-12.753528683079224
PKNORLEN,50,linear,,9.0,2017-12-29,0,-11.956203951697596,0.8938267142523786,3047,-12.800305869780221
PKNORLEN,50,linear,,10.0,2017-12-29,0,-8.689923427152761,1.2386032195952226,3190,-12.41101642620554
PKNORLEN,50,linear,,1.0,all,1,-11.551626683523848,-1.3338013899532617,9804,-7.824291810472652
PKNORLEN,50,linear,,2.0,all,1,-12.326468188689454,-0.9059117249231345,9799,-10.219427021949613
PKNORLEN,50,linear,,3.0,all,1,-12.942208362513044,-0.5796514274817954,9802,-11.709109391255577
PKNORLEN,50,linear,,4.0,all,1,-12.715932292158534,-0.3120287001492097,9803,-11.718017598351963
PKNORLEN,50,linear,,5.0,all,1,-13.078951833646006,-0.06059257300995916,9801,-12.095582307149233
PKNORLEN,50,linear,,6.0,all,1,-12.977334610039136,0.18155133740244225,9800,-12.648713305985488
PKNORLEN,50,linear,,7.0,all,1,-11.95618546035435,0.4129215820541061,9801,-12.176554681869613
PKNORLEN,50,linear,,8.0,all,1,-11.252902806752664,0.6390656950484781,9802,-12.540470501093962
PKNORLEN,50,linear,,9.0,all,1,-10.43446647068038,0.8962906692108906,9801,-12.458155365193477
PKNORLEN,50,linear,,10.0,all,1,-7.999102518756787,1.2424078063954147,9802,-11.548453465197433
PKNORLEN,50,linear,,1.0,2017-12-27,1,-10.501253223621688,-1.3441742118025226,1779,-5.009359196370235
PKNORLEN,50,linear,,2.0,2017-12-27,1,-10.731954439513062,-0.8937715855974931,2279,-8.861530667072717
PKNORLEN,50,linear,,3.0,2017-12-27,1,-10.879114392070505,-0.5817046408684936,2691,-10.272087440803254
PKNORLEN,50,linear,,4.0,2017-12-27,1,-10.882019192884348,-0.3097002576612534,2768,-9.890395183156244
PKNORLEN,50,linear,,5.0,2017-12-27,1,-10.789671983698012,-0.05687345457704039,2813,-10.077851655434094
PKNORLEN,50,linear,,6.0,2017-12-27,1,-12.323921870209384,0.18327159484437375,3169,-12.129492442371372
PKNORLEN,50,linear,,7.0,2017-12-27,1,-11.329319022997728,0.4089752694481096,3506,-12.315645038212521
PKNORLEN,50,linear,,8.0,2017-12-27,1,-10.893716017399266,0.6410302039276217,3150,-12.164199054002184
PKNORLEN,50,linear,,9.0,2017-12-27,1,-9.336043469352953,0.9043062088932465,3519,-12.0569596657063
PKNORLEN,50,linear,,10.0,2017-12-27,1,-7.422062363543118,1.2390902898860268,3836,-11.127575456529852
PKNORLEN,50,linear,,1.0,2017-12-28,1,-12.261329147806924,-1.345217026602617,2342,-8.50710813213952
PKNORLEN,50,linear,,2.0,2017-12-28,1,-13.331555316613565,-0.8947978566799406,2401,-10.451055705369313
PKNORLEN,50,linear,,3.0,2017-12-28,1,-13.13026016948831,-0.5712003403869617,2462,-12.230781715607437
PKNORLEN,50,linear,,4.0,2017-12-28,1,-13.060762373382595,-0.30577140772844325,2776,-11.502126151821201
PKNORLEN,50,linear,,5.0,2017-12-28,1,-12.978664784180195,-0.06266282234381003,2684,-11.451298194593155
PKNORLEN,50,linear,,6.0,2017-12-28,1,-12.803983244555226,0.188134658683556,2801,-12.057814419076664
PKNORLEN,50,linear,,7.0,2017-12-28,1,-12.386524942764192,0.41466311443160975,2993,-12.190642146150317
PKNORLEN,50,linear,,8.0,2017-12-28,1,-11.08710718956371,0.6349869616351854,3068,-12.770469477906989
PKNORLEN,50,linear,,9.0,2017-12-28,1,-10.028544370994156,0.8898922106688121,3235,-12.634066195137242
PKNORLEN,50,linear,,10.0,2017-12-28,1,-7.766920030211992,1.2513640834929025,2776,-11.219601890037923
PKNORLEN,50,linear,,1.0,2017-12-29,1,-11.587961579496923,-1.3258498377620551,5683,-8.424082289998324
PKNORLEN,50,linear,,2.0,2017-12-29,1,-12.5649293413027,-0.9165293797727233,5119,-10.715325698228915
PKNORLEN,50,linear,,3.0,2017-12-29,1,-14.03680985222863,-0.5829384524772516,4649,-12.264641507003677
PKNORLEN,50,linear,,4.0,2017-12-29,1,-13.683066162389329,-0.3176204758164346,4259,-13.046539199861979
PKNORLEN,50,linear,,5.0,2017-12-29,1,-14.637714533151103,-0.0617322874476322,4304,-13.816106210814477
PKNORLEN,50,linear,,6.0,2017-12-29,1,-13.644755536211699,0.17531337950638992,3830,-13.51046753549587
PKNORLEN,50,linear,,7.0,2017-12-29,1,-12.231711704606218,0.4155331403795924,3302,-12.01610205620929
PKNORLEN,50,linear,,8.0,2017-12-29,1,-11.710519810100577,0.6408305809699847,3584,-12.674292542800634
PKNORLEN,50,linear,,9.0,2017-12-29,1,-12.13400980318978,0.8938267142523786,3047,-12.734734338487632
PKNORLEN,50,linear,,10.0,2017-12-29,1,-8.895047541828882,1.2386032195952226,3190,-12.340735601213625
PKNORLEN,50,linear,,1.0,all,5,-11.434230618226012,-1.3338013899532617,9804,-8.222976885684558
PKNORLEN,50,linear,,2.0,all,5,-12.121461454758123,-0.9059117249231345,9799,-10.501509684629498
PKNORLEN,50,linear,,3.0,all,5,-12.68114202969457,-0.5796514274817954,9802,-11.828602536663546
PKNORLEN,50,linear,,4.0,all,5,-12.529403965621762,-0.3120287001492097,9803,-11.753173646226783
PKNORLEN,50,linear,,5.0,all,5,-12.976188026360756,-0.06059257300995916,9801,-12.040823287131266
PKNORLEN,50,linear,,6.0,all,5,-12.957358435103,0.18155133740244225,9800,-12.567229962659768
PKNORLEN,50,linear,,7.0,all,5,-11.96740798837888,0.4129215820541061,9801,-12.030923051605884
PKNORLEN,50,linear,,8.0,all,5,-11.404795523998265,0.6390656950484781,9802,-12.362283653480539
PKNORLEN,50,linear,,9.0,all,5,-10.701249287733896,0.8962906692108906,9801,-12.267389244752286
PKNORLEN,50,linear,,10.0,all,5,-8.440070789586022,1.2424078063954147,9802,-11.34744197056182
PKNORLEN,50,linear,,1.0,2017-12-27,5,-10.319110270330818,-1.3441742118025226,1779,-5.384354885894536
PKNORLEN,50,linear,,2.0,2017-12-27,5,-10.375693645853294,-0.8937715855974931,2279,-9.033063674592228
PKNORLEN,50,linear,,3.0,2017-12-27,5,-10.58570926593473,-0.5817046408684936,2691,-10.470380092908062
PKNORLEN,50,linear,,4.0,2017-12-27,5,-10.702555633465572,-0.3097002576612534,2768,-9.954574651103322
PKNORLEN,50,linear,,5.0,2017-12-27,5,-10.696693779310358,-0.05687345457704039,2813,-10.098587268237809
PKNORLEN,50,linear,,6.0,2017-12-27,5,-12.256593785125082,0.18327159484437375,3169,-12.151997734256234
PKNORLEN,50,linear,,7.0,2017-12-27,5,-11.274763956005877,0.4089752694481096,3506,-12.24740108949296
PKNORLEN,50,linear,,8.0,2017-12-27,5,-10.966642980601709,0.6410302039276217,3150,-11.994624342054953
PKNORLEN,50,linear,,9.0,2017-12-27,5,-9.607041202146382,0.9043062088932465,3519,-11.893971345812439
PKNORLEN,50,linear,,10.0,2017-12-27,5,-7.90011329343381,1.2390902898860268,3836,-10.965104263542795
PKNORLEN,50,linear,,1.0,2017-12-28,5,-12.134512607568883,-1.345217026602617,2342,-8.916296808699842
PKNORLEN,50,linear,,2.0,2017-12-28,5,-13.137217730685444,-0.8947978566799406,2401,-10.892460798043698
PKNORLEN,50,linear,,3.0,2017-12-28,5,-12.807383817112713,-0.5712003403869617,2462,-12.439221185807408
PKNORLEN,50,linear,,4.0,2017-12-28,5,-12.801380512979781,-0.30577140772844325,2776,-11.585801335955082
PKNORLEN,50,linear,,5.0,2017-12-28,5,-12.869680801246194,-0.06266282234381003,2684,-11.413273932692034
PKNORLEN,50,linear,,6.0,2017-12-28,5,-12.714915876666407,0.188134658683556,2801,-11.925686003817649
PKNORLEN,50,linear,,7.0,2017-12-28,5,-12.479761891479356,0.41466311443160975,2993,-11.961084430370434
PKNORLEN,50,linear,,8.0,2017-12-28,5,-11.24457515372987,0.6349869616351854,3068,-12.648612031439786
PKNORLEN,50,linear,,9.0,2017-12-28,5,-10.24850874143409,0.8898922106688121,3235,-12.424478679426528
PKNORLEN,50,linear,,10.0,2017-12-28,5,-8.220092823349297,1.2513640834929025,2776,-11.001425824670362
PKNORLEN,50,linear,,1.0,2017-12-29,5,-11.494716044913421,-1.3258498377620551,5683,-8.825854464062994
PKNORLEN,50,linear,,2.0,2017-12-29,5,-12.422257316839115,-0.9165293797727233,5119,-10.971897423165823
PKNORLEN,50,linear,,3.0,2017-12-29,5,-13.827195436159245,-0.5829384524772516,4649,-12.29141894491345
PKNORLEN,50,linear,,4.0,2017-12-29,5,-13.539431974060944,-0.3176204758164346,4259,-13.031207821342063
PKNORLEN,50,linear,,5.0,2017-12-29,5,-14.53243400897234,-0.0617322874476322,4304,-13.701569659915231
PKNORLEN,50,linear,,6.0,2017-12-29,5,-13.71448762099358,0.17531337950638992,3830,-13.37998076175313
PKNORLEN,50,linear,,7.0,2017-12-29,5,-12.23843607605908,0.4155331403795924,3302,-11.864373988167241
PKNORLEN,50,linear,,8.0,2017-12-29,5,-11.927043461409705,0.6408305809699847,3584,-12.440316959119942
PKNORLEN,50,linear,,9.0,2017-12-29,5,-12.445631933110441,0.8938267142523786,3047,-12.531870132575769
PKNORLEN,50,linear,,10.0,2017-12-29,5,-9.280803012003899,1.2386032195952226,3190,-12.108316034862657
PKNORLEN,50,xgboost,,1.0,all,0,-11.876649485006118,-1.6534850979016718,9802,-7.762587955856315
PKNORLEN,50,xgboost,,2.0,all,0,-12.889085174086459,-1.0414941293656845,9827,-10.388787189346026
PKNORLEN,50,xgboost,,3.0,all,0,-12.917320750705272,-0.6417232333034064,9810,-11.530231930099442
PKNORLEN,50,xgboost,,4.0,all,0,-12.788076424603677,-0.3418951957310374,9768,-11.143821560653114
PKNORLEN,50,xgboost,,5.0,all,0,-12.539435011164507,-0.0706271238953256,9802,-11.6797869899609
PKNORLEN,50,xgboost,,6.0,all,0,-12.550497070790444,0.1966692539258879,9800,-12.524505165766417
PKNORLEN,50,xgboost,,7.0,all,0,-12.089558501976333,0.4476954228184002,9801,-12.611052384677556
PKNORLEN,50,xgboost,,8.0,all,0,-10.925370481504693,0.7101976914099959,9806,-12.414172657113802
PKNORLEN,50,xgboost,,9.0,all,0,-10.90567715091883,1.0368396227391652,9797,-13.229474747613331
PKNORLEN,50,xgboost,,10.0,all,0,-7.758430867270285,1.6208969279956487,9802,-11.660508909442285
PKNORLEN,50,xgboost,,1.0,2017-12-27,0,-10.012283953132913,-1.7070384238803735,1912,-4.91265344986897
PKNORLEN,50,xgboost,,2.0,2017-12-27,0,-11.203453339438985,-1.0372525965134929,2159,-8.657734274538662
PKNORLEN,50,xgboost,,3.0,2017-12-27,0,-11.27044983664627,-0.6371056022075886,2757,-10.27894771999376
PKNORLEN,50,xgboost,,4.0,2017-12-27,0,-10.819579451148181,-0.3475071073068304,2981,-9.602572194355677
PKNORLEN,50,xgboost,,5.0,2017-12-27,0,-10.668080158703344,-0.0702074113547454,2869,-10.218597380507816
PKNORLEN,50,xgboost,,6.0,2017-12-27,0,-11.326442810624677,0.19514272740955818,3185,-11.514779594085024
PKNORLEN,50,xgboost,,7.0,2017-12-27,0,-10.849310646817402,0.44180673978892,3221,-11.720566389558854
PKNORLEN,50,xgboost,,8.0,2017-12-27,0,-10.760706786573685,0.7077693337168355,3182,-12.065227871855695
PKNORLEN,50,xgboost,,9.0,2017-12-27,0,-10.3748483235991,1.0440690607790173,3641,-13.616393107086562
PKNORLEN,50,xgboost,,10.0,2017-12-27,0,-7.499588494601952,1.6237923658592253,3603,-11.318032681889918
PKNORLEN,50,xgboost,,1.0,2017-12-28,0,-12.129462013436887,-1.7005726834032553,2256,-7.694000299747643
PKNORLEN,50,xgboost,,2.0,2017-12-28,0,-13.68242320555004,-1.0266323812867377,2455,-10.420482711970932
PKNORLEN,50,xgboost,,3.0,2017-12-28,0,-13.020747070410607,-0.6372255644643613,2451,-11.50397591823816
PKNORLEN,50,xgboost,,4.0,2017-12-28,0,-13.30859457009517,-0.33515196698655086,2897,-10.951825045791074
PKNORLEN,50,xgboost,,5.0,2017-12-28,0,-12.811172567602025,-0.07504260682612308,2616,-11.832614449176399
PKNORLEN,50,xgboost,,6.0,2017-12-28,0,-12.170201425591909,0.1985345507310473,2830,-11.940256524804244
PKNORLEN,50,xgboost,,7.0,2017-12-28,0,-11.94940266496832,0.44735725033427515,3057,-12.437778727181053
PKNORLEN,50,xgboost,,8.0,2017-12-28,0,-11.701250626529102,0.7089853731202971,3067,-13.387044509737372
PKNORLEN,50,xgboost,,9.0,2017-12-28,0,-10.72353609194863,1.0248672391732114,3028,-13.036552649271226
PKNORLEN,50,xgboost,,10.0,2017-12-28,0,-7.238425549047245,1.613246360531866,2881,-11.490865418233634
PKNORLEN,50,xgboost,,1.0,2017-12-29,0,-12.408123008755098,-1.6164557134212227,5634,-8.757229157068416
PKNORLEN,50,xgboost,,2.0,2017-12-29,0,-13.21358819801909,-1.0502497520324205,5213,-11.090788097656972
PKNORLEN,50,xgboost,,3.0,2017-12-29,0,-13.848855996351274,-0.6468850314902099,4602,-12.293844283931115
PKNORLEN,50,xgboost,,4.0,2017-12-29,0,-13.908937198480789,-0.3426165389869084,3890,-12.467903376716864
PKNORLEN,50,xgboost,,5.0,2017-12-29,0,-13.61843700886442,-0.06823037891778527,4317,-12.558257306433717
PKNORLEN,50,xgboost,,6.0,2017-12-29,0,-13.8648562503254,0.19655913424184804,3785,-13.811004399512308
PKNORLEN,50,xgboost,,7.0,2017-12-29,0,-13.345106255368444,0.45337275501309965,3523,-13.5755579087321
PKNORLEN,50,xgboost,,8.0,2017-12-29,0,-10.403676771209671,0.713415350778605,3557,-11.887477221267531
PKNORLEN,50,xgboost,,9.0,2017-12-29,0,-11.69988139862756,1.040014173101891,3128,-12.965855299703442
PKNORLEN,50,xgboost,,10.0,2017-12-29,0,-8.49102411335967,1.6243957291531808,3318,-12.179702624343825
PKNORLEN,50,xgboost,,1.0,all,1,-11.820589183597983,-1.6534850979016718,9802,-7.947767176879464
PKNORLEN,50,xgboost,,2.0,all,1,-12.787234816393276,-1.0414941293656845,9827,-10.491915789538835
PKNORLEN,50,xgboost,,3.0,all,1,-12.816687876546952,-0.6417232333034064,9810,-11.565694724657806
PKNORLEN,50,xgboost,,4.0,all,1,-12.760573705085063,-0.3418951957310374,9768,-11.13054608178147
PKNORLEN,50,xgboost,,5.0,all,1,-12.495767060077588,-0.0706271238953256,9802,-11.662011785487099
PKNORLEN,50,xgboost,,6.0,all,1,-12.5443682703447,0.1966692539258879,9800,-12.508834687895574
PKNORLEN,50,xgboost,,7.0,all,1,-12.069672443306862,0.4476954228184002,9801,-12.55772901561869
PKNORLEN,50,xgboost,,8.0,all,1,-10.979616476967907,0.7101976914099959,9806,-12.350754137337569
PKNORLEN,50,xgboost,,9.0,all,1,-10.985940588851735,1.0368396227391652,9797,-13.139663462691548
PKNORLEN,50,xgboost,,10.0,all,1,-7.974446239800475,1.6208969279956487,9802,-11.585099804197538
PKNORLEN,50,xgboost,,1.0,2017-12-27,1,-9.947388131844882,-1.7070384238803735,1912,-5.1636621616788
PKNORLEN,50,xgboost,,2.0,2017-12-27,1,-11.080151255165463,-1.0372525965134929,2159,-8.709225559165917
PKNORLEN,50,xgboost,,3.0,2017-12-27,1,-11.154566834662678,-0.6371056022075886,2757,-10.338613308694827
PKNORLEN,50,xgboost,,4.0,2017-12-27,1,-10.780924042491575,-0.3475071073068304,2981,-9.581783190940454
PKNORLEN,50,xgboost,,5.0,2017-12-27,1,-10.65103198964136,-0.0702074113547454,2869,-10.218630993871615
PKNORLEN,50,xgboost,,6.0,2017-12-27,1,-11.323616115565414,0.19514272740955818,3185,-11.555289782171965
PKNORLEN,50,xgboost,,7.0,2017-12-27,1,-10.81349742698463,0.44180673978892,3221,-11.701235805948166
PKNORLEN,50,xgboost,,8.0,2017-12-27,1,-10.809561605473068,0.7077693337168355,3182,-11.998225404103112
PKNORLEN,50,xgboost,,9.0,2017-12-27,1,-10.411385242886823,1.0440690607790173,3641,-13.53944519238137
PKNORLEN,50,xgboost,,10.0,2017-12-27,1,-7.691643472232697,1.6237923658592253,3603,-11.23895094554373
PKNORLEN,50,xgboost,,1.0,2017-12-28,1,-12.06850321248549,-1.7005726834032553,2256,-7.980492485217289
PKNORLEN,50,xgboost,,2.0,2017-12-28,1,-13.566765537804304,-1.0266323812867377,2455,-10.556663486829192
PKNORLEN,50,xgboost,,3.0,2017-12-28,1,-12.924494076658881,-0.6372255644643613,2451,-11.525767845204925
PKNORLEN,50,xgboost,,4.0,2017-12-28,1,-13.274811382177544,-0.33515196698655086,2897,-10.936442899062882
PKNORLEN,50,xgboost,,5.0,2017-12-28,1,-12.717722389099672,-0.07504260682612308,2616,-11.812277618713976
PKNORLEN,50,xgboost,,6.0,2017-12-28,1,-12.181222620695497,0.1985345507310473,2830,-11.899339886858828
PKNORLEN,50,xgboost,,7.0,2017-12-28,1,-11.95812840901811,0.44735725033427515,3057,-12.366385289241633
PKNORLEN,50,xgboost,,8.0,2017-12-28,1,-11.722888228811716,0.7089853731202971,3067,-13.350792353661978
PKNORLEN,50,xgboost,,9.0,2017-12-28,1,-10.792423151623762,1.0248672391732114,3028,-12.929068485459895
PKNORLEN,50,xgboost,,10.0,2017-12-28,1,-7.462200776380301,1.613246360531866,2881,-11.427223585871614
PKNORLEN,50,xgboost,,1.0,2017-12-29,1,-12.357022687641594,-1.6164557134212227,5634,-8.879499603832524
PKNORLEN,50,xgboost,,2.0,2017-12-29,1,-13.127124608763653,-1.0502497520324205,5213,-11.199737122845434
PKNORLEN,50,xgboost,,3.0,2017-12-29,1,-13.755026580588803,-0.6468850314902099,4602,-12.322088519822726
PKNORLEN,50,xgboost,,4.0,2017-12-29,1,-13.894658304996188,-0.3426165389869084,3890,-12.461954590247487
PKNORLEN,50,xgboost,,5.0,2017-12-29,1,-13.587244886429167,-0.06823037891778527,4317,-12.530198969045893
PKNORLEN,50,xgboost,,6.0,2017-12-29,1,-13.84312594576855,0.19655913424184804,3785,-13.76693529863895
PKNORLEN,50,xgboost,,7.0,2017-12-29,1,-13.31495482775041,0.45337275501309965,3523,-13.506835572497323
PKNORLEN,50,xgboost,,8.0,2017-12-29,1,-10.49086194736195,0.713415350778605,3557,-11.80384078892179
PKNORLEN,50,xgboost,,9.0,2017-12-29,1,-11.842055299396666,1.040014173101891,3128,-12.878178908106126
PKNORLEN,50,xgboost,,10.0,2017-12-29,1,-8.726320125171249,1.6243957291531808,3318,-12.098064157038605
PKNORLEN,50,xgboost,,1.0,all,5,-11.6390270635474,-1.6534850979016718,9802,-8.373997605266366
PKNORLEN,50,xgboost,,2.0,all,5,-12.528244107733965,-1.0414941293656845,9827,-10.762545895841612
PKNORLEN,50,xgboost,,3.0,all,5,-12.621876462592457,-0.6417232333034064,9810,-11.724396487306171
PKNORLEN,50,xgboost,,4.0,all,5,-12.626743485159395,-0.3418951957310374,9768,-11.16255026536388
PKNORLEN,50,xgboost,,5.0,all,5,-12.369071692232332,-0.0706271238953256,9802,-11.591352993002628
PKNORLEN,50,xgboost,,6.0,all,5,-12.569493045782066,0.1966692539258879,9800,-12.450629585250573
PKNORLEN,50,xgboost,,7.0,all,5,-12.095392584730032,0.4476954228184002,9801,-12.42440559575714
PKNORLEN,50,xgboost,,8.0,all,5,-11.103667645601151,0.7101976914099959,9806,-12.184124475400445
PKNORLEN,50,xgboost,,9.0,all,5,-11.23505200643973,1.0368396227391652,9797,-12.945001262393328
PKNORLEN,50,xgboost,,10.0,all,5,-8.424902956768298,1.6208969279956487,9802,-11.303880574561342
PKNORLEN,50,xgboost,,1.0,2017-12-27,5,-9.719994596419145,-1.7070384238803735,1912,-5.579847277443163
PKNORLEN,50,xgboost,,2.0,2017-12-27,5,-10.631980709279516,-1.0372525965134929,2159,-8.876156463148112
PKNORLEN,50,xgboost,,3.0,2017-12-27,5,-10.926160444513084,-0.6371056022075886,2757,-10.52224637945917
PKNORLEN,50,xgboost,,4.0,2017-12-27,5,-10.629160292377751,-0.3475071073068304,2981,-9.654868196306104
PKNORLEN,50,xgboost,,5.0,2017-12-27,5,-10.53205539991459,-0.0702074113547454,2869,-10.234546211532031
PKNORLEN,50,xgboost,,6.0,2017-12-27,5,-11.31388212938092,0.19514272740955818,3185,-11.629202740402294
PKNORLEN,50,xgboost,,7.0,2017-12-27,5,-10.799547920137279,0.44180673978892,3221,-11.648738480961564
PKNORLEN,50,xgboost,,8.0,2017-12-27,5,-10.883361880162427,0.7077693337168355,3182,-11.840317665229998
PKNORLEN,50,xgboost,,9.0,2017-12-27,5,-10.660099842789878,1.0440690607790173,3641,-13.40732513327655
PKNORLEN,50,xgboost,,10.0,2017-12-27,5,-8.160725152512121,1.6237923658592253,3603,-10.939190815195932
PKNORLEN,50,xgboost,,1.0,2017-12-28,5,-11.89753438487773,-1.7005726834032553,2256,-8.454538078721695
PKNORLEN,50,xgboost,,2.0,2017-12-28,5,-13.309766836606387,-1.0266323812867377,2455,-10.986941695686168
PKNORLEN,50,xgboost,,3.0,2017-12-28,5,-12.725189313912066,-0.6372255644643613,2451,-11.77303406022695
PKNORLEN,50,xgboost,,4.0,2017-12-28,5,-13.040287062943483,-0.33515196698655086,2897,-11.030300984925674
PKNORLEN,50,xgboost,,5.0,2017-12-28,5,-12.539264907568489,-0.07504260682612308,2616,-11.720536108872581
PKNORLEN,50,xgboost,,6.0,2017-12-28,5,-12.253505960915595,0.1985345507310473,2830,-11.777863343788605
PKNORLEN,50,xgboost,,7.0,2017-12-28,5,-12.006914242447698,0.44735725033427515,3057,-12.175212759889348
PKNORLEN,50,xgboost,,8.0,2017-12-28,5,-11.79822806540294,0.7089853731202971,3067,-13.191116389413262
PKNORLEN,50,xgboost,,9.0,2017-12-28,5,-11.021216606107576,1.0248672391732114,3028,-12.671577150629311
PKNORLEN,50,xgboost,,10.0,2017-12-28,5,-7.908239749258828,1.613246360531866,2881,-11.212267066771838
PKNORLEN,50,xgboost,,1.0,2017-12-29,5,-12.186772459399016,-1.6164557134212227,5634,-9.28999265650576
PKNORLEN,50,xgboost,,2.0,2017-12-29,5,-12.945545925858147,-1.0502497520324205,5213,-11.43813060648172
PKNORLEN,50,xgboost,,3.0,2017-12-29,5,-13.582734624969786,-0.6468850314902099,4602,-12.418685308711073
PKNORLEN,50,xgboost,,4.0,2017-12-29,5,-13.849560902342322,-0.3426165389869084,3890,-12.416413096544014
PKNORLEN,50,xgboost,,5.0,2017-12-29,5,-13.486786376350983,-0.06823037891778527,4317,-12.414780286244078
PKNORLEN,50,xgboost,,6.0,2017-12-29,5,-13.862323750910143,0.19655913424184804,3785,-13.644862865086541
PKNORLEN,50,xgboost,,7.0,2017-12-29,5,-13.356929330971969,0.45337275501309965,3523,-13.34981186200874
PKNORLEN,50,xgboost,,8.0,2017-12-29,5,-10.701867290834192,0.713415350778605,3557,-11.623412940310494
PKNORLEN,50,xgboost,,9.0,2017-12-29,5,-12.111297025638859,1.040014173101891,3128,-12.671538025991675
PKNORLEN,50,xgboost,,10.0,2017-12-29,5,-9.160387986777277,1.6243957291531808,3318,-11.779442876832327
PKOBP,10,linear,,1.0,all,0,-5.215013690548918,-0.49173520723792874,10252,-4.599352780830932
PKOBP,10,linear,,2.0,all,0,-6.19239671977639,-0.32288341684232136,10252,-5.7322363128302145
PKOBP,10,linear,,3.0,all,0,-7.628150294842112,-0.18896346917342782,10256,-7.229535428000285
PKOBP,10,linear,,4.0,all,0,-8.10734443343037,-0.07331926804728042,10252,-7.831620364752692
PKOBP,10,linear,,5.0,all,0,-7.872999550004336,0.030842608378469062,10247,-7.770819392470215
PKOBP,10,linear,,6.0,all,0,-7.532160313717486,0.12597480550493506,10250,-7.480809510492141
PKOBP,10,linear,,7.0,all,0,-7.887398798769891,0.21263719210579235,10249,-8.086723572625091
PKOBP,10,linear,,8.0,all,0,-7.490039036864887,0.3042709372879653,10251,-7.753150003624452
PKOBP,10,linear,,9.0,all,0,-6.576103539635963,0.40550528096620014,10253,-7.040129269199837
PKOBP,10,linear,,10.0,all,0,-4.0161354133966,0.5423673051480644,10250,-5.095574755150154
PKOBP,10,linear,,1.0,2017-12-27,0,-4.738027349416883,-0.4899575156398529,2749,-4.225726948975765
PKOBP,10,linear,,2.0,2017-12-27,0,-5.369390155693564,-0.3213214050060897,2969,-5.105177783711053
PKOBP,10,linear,,3.0,2017-12-27,0,-5.820876540077776,-0.19310637962122273,2705,-5.651839798072056
PKOBP,10,linear,,4.0,2017-12-27,0,-6.156536066653204,-0.0729879288599653,2509,-6.026642544367718
PKOBP,10,linear,,5.0,2017-12-27,0,-5.89592902874668,0.030640809562638423,2272,-5.963873620980777
PKOBP,10,linear,,6.0,2017-12-27,0,-5.007776392556886,0.12384933955653583,2401,-5.117710153401304
PKOBP,10,linear,,7.0,2017-12-27,0,-5.0226043889120895,0.21215519090295312,2061,-5.327599030089793
PKOBP,10,linear,,8.0,2017-12-27,0,-5.306289360098107,0.3036500863752773,1820,-5.664052666589366
PKOBP,10,linear,,9.0,2017-12-27,0,-4.5376966003845745,0.40164228723931267,1682,-5.083041262241984
PKOBP,10,linear,,10.0,2017-12-27,0,-3.51118981799949,0.5360952713833748,1455,-4.298040415832429
PKOBP,10,linear,,1.0,2017-12-28,0,-5.500209726136656,-0.4844930537515682,3530,-4.90459625438522
PKOBP,10,linear,,2.0,2017-12-28,0,-6.757586892905862,-0.3235901976366981,4163,-6.2859364099191595
PKOBP,10,linear,,3.0,2017-12-28,0,-8.080198422924523,-0.18921905380985035,3990,-7.759568556541589
PKOBP,10,linear,,4.0,2017-12-28,0,-7.3499098465911255,-0.07395075468793078,3868,-7.152543072837113
PKOBP,10,linear,,5.0,2017-12-28,0,-7.65931172410704,0.0306050067612927,3888,-7.614180888245927
PKOBP,10,linear,,6.0,2017-12-28,0,-7.494440360930934,0.12523055891290957,4015,-7.444199113940501
PKOBP,10,linear,,7.0,2017-12-28,0,-7.798807732708826,0.21315207968096728,4160,-8.108996108481259
PKOBP,10,linear,,8.0,2017-12-28,0,-8.374006552515594,0.30113829470326164,3903,-8.856640842942442
PKOBP,10,linear,,9.0,2017-12-28,0,-6.862074085556995,0.4032097522374484,3886,-7.411366149539051
PKOBP,10,linear,,10.0,2017-12-28,0,-4.464366672977221,0.5210016088685469,2315,-5.478183804392614
PKOBP,10,linear,,1.0,2017-12-29,0,-5.291654376717369,-0.4993998626645491,3973,-4.586664119900456
PKOBP,10,linear,,2.0,2017-12-29,0,-6.2214415268353385,-0.32342677732141795,3120,-5.5901476169242885
PKOBP,10,linear,,3.0,2017-12-29,0,-8.49448095353032,-0.1855300641016471,3561,-7.834094399097185
PKOBP,10,linear,,4.0,2017-12-29,0,-10.126527704175688,-0.0729034589362967,3875,-9.678164962552787
PKOBP,10,linear,,5.0,2017-12-29,0,-9.17535396433908,0.031180822715916802,4087,-8.924328395956401
PKOBP,10,linear,,6.0,2017-12-29,0,-9.152528442341534,0.128085236858375,3834,-8.999013031235473
PKOBP,10,linear,,7.0,2017-12-29,0,-9.444717595574996,0.212352056099418,4028,-9.475477776449221
PKOBP,10,linear,,8.0,2017-12-29,0,-7.605829495816041,0.30722072807179707,4528,-7.641673061828016
PKOBP,10,linear,,9.0,2017-12-29,0,-7.0707287115402755,0.40879620521135573,4685,-7.43483482111124
PKOBP,10,linear,,10.0,2017-12-29,0,-3.9693824003369786,0.5514085699651489,6480,-5.137962488901851
PKOBP,10,linear,,1.0,all,1,-5.231587632821948,-0.49173520723792874,10252,-4.692045369018119
PKOBP,10,linear,,2.0,all,1,-6.166643771190558,-0.32288341684232136,10252,-5.7448021214574485
PKOBP,10,linear,,3.0,all,1,-7.593802485917539,-0.18896346917342782,10256,-7.205123657014096
PKOBP,10,linear,,4.0,all,1,-8.056950320427113,-0.07331926804728042,10252,-7.826822191981604
PKOBP,10,linear,,5.0,all,1,-7.828529248541624,0.030842608378469062,10247,-7.739924945971518
PKOBP,10,linear,,6.0,all,1,-7.485520959391584,0.12597480550493506,10250,-7.444056145861367
PKOBP,10,linear,,7.0,all,1,-7.824000774285244,0.21263719210579235,10249,-8.065375327016723
PKOBP,10,linear,,8.0,all,1,-7.4777478321024695,0.3042709372879653,10251,-7.735889996903161
PKOBP,10,linear,,9.0,all,1,-6.601920911875949,0.40550528096620014,10253,-7.031756331371219
PKOBP,10,linear,,10.0,all,1,-4.251049080644965,0.5423673051480644,10250,-5.133701141188711
PKOBP,10,linear,,1.0,2017-12-27,1,-4.759579033225336,-0.4899575156398529,2749,-4.311842964679224
PKOBP,10,linear,,2.0,2017-12-27,1,-5.358673856175253,-0.3213214050060897,2969,-5.107481835290986
PKOBP,10,linear,,3.0,2017-12-27,1,-5.7939949658040675,-0.19310637962122273,2705,-5.633388914635601
PKOBP,10,linear,,4.0,2017-12-27,1,-6.138390152173183,-0.0729879288599653,2509,-6.010333159119188
PKOBP,10,linear,,5.0,2017-12-27,1,-5.8688735105586884,0.030640809562638423,2272,-5.929786048792027
PKOBP,10,linear,,6.0,2017-12-27,1,-4.992609582001346,0.12384933955653583,2401,-5.102524228185855
PKOBP,10,linear,,7.0,2017-12-27,1,-5.020364132097322,0.21215519090295312,2061,-5.31762640817129
PKOBP,10,linear,,8.0,2017-12-27,1,-5.311289293914948,0.3036500863752773,1820,-5.644038719211361
PKOBP,10,linear,,9.0,2017-12-27,1,-4.55390371380474,0.40164228723931267,1682,-5.085763106334176
PKOBP,10,linear,,10.0,2017-12-27,1,-3.6221789778476725,0.5360952713833748,1455,-4.308912042446552
PKOBP,10,linear,,1.0,2017-12-28,1,-5.50985869633655,-0.4844930537515682,3530,-4.996402747833372
PKOBP,10,linear,,2.0,2017-12-28,1,-6.743982903281681,-0.3235901976366981,4163,-6.29356390941046
PKOBP,10,linear,,3.0,2017-12-28,1,-8.059731711803003,-0.18921905380985035,3990,-7.743697231001735
PKOBP,10,linear,,4.0,2017-12-28,1,-7.321202918583777,-0.07395075468793078,3868,-7.1678131896208575
PKOBP,10,linear,,5.0,2017-12-28,1,-7.6395395815083615,0.0306050067612927,3888,-7.589096934626052
PKOBP,10,linear,,6.0,2017-12-28,1,-7.4763816992082415,0.12523055891290957,4015,-7.420532248711438
PKOBP,10,linear,,7.0,2017-12-28,1,-7.766644137955892,0.21315207968096728,4160,-8.100862543020463
PKOBP,10,linear,,8.0,2017-12-28,1,-8.366521932220149,0.30113829470326164,3903,-8.829889981494917
PKOBP,10,linear,,9.0,2017-12-28,1,-6.906335133279293,0.4032097522374484,3886,-7.408393368805159
PKOBP,10,linear,,10.0,2017-12-28,1,-4.61896763835354,0.5210016088685469,2315,-5.473199455970562
PKOBP,10,linear,,1.0,2017-12-29,1,-5.3109369371472805,-0.4993998626645491,3973,-4.6846944660001935
PKOBP,10,linear,,2.0,2017-12-29,1,-6.1651693708011654,-0.32342677732141795,3120,-5.6190677004253455
PKOBP,10,linear,,3.0,2017-12-29,1,-8.438908279409237,-0.1855300641016471,3561,-7.79558530203604
PKOBP,10,linear,,4.0,2017-12-29,1,-10.03360539461528,-0.0729034589362967,3875,-9.660788077035326
PKOBP,10,linear,,5.0,2017-12-29,1,-9.097707046956733,0.031180822715916802,4087,-8.889681462365688
PKOBP,10,linear,,6.0,2017-12-29,1,-9.056249792659733,0.128085236858375,3834,-8.935048994425758
PKOBP,10,linear,,7.0,2017-12-29,1,-9.317769077830278,0.212352056099418,4028,-9.434661251337696
PKOBP,10,linear,,8.0,2017-12-29,1,-7.582445099492486,0.30722072807179707,4528,-7.633700815263905
PKOBP,10,linear,,9.0,2017-12-29,1,-7.084698129118716,0.40879620521135573,4685,-7.417999464144753
PKOBP,10,linear,,10.0,2017-12-29,1,-4.260813669915754,0.5514085699651489,6480,-5.197610020810602
PKOBP,10,linear,,1.0,all,5,-5.281298319787754,-0.49173520723792874,10252,-4.797919949064531
PKOBP,10,linear,,2.0,all,5,-6.116836814393841,-0.32288341684232136,10252,-5.780664231375364
PKOBP,10,linear,,3.0,all,5,-7.537855644036056,-0.18896346917342782,10256,-7.177485612757525
PKOBP,10,linear,,4.0,all,5,-7.978511320176747,-0.07331926804728042,10252,-7.79339822687653
PKOBP,10,linear,,5.0,all,5,-7.753830105765337,0.030842608378469062,10247,-7.724442647277701
PKOBP,10,linear,,6.0,all,5,-7.413088019984028,0.12597480550493506,10250,-7.405896940828173
PKOBP,10,linear,,7.0,all,5,-7.809488431158607,0.21263719210579235,10249,-8.043671473006393
PKOBP,10,linear,,8.0,all,5,-7.494622296041708,0.3042709372879653,10251,-7.658398920943029
PKOBP,10,linear,,9.0,all,5,-6.6356171506727275,0.40550528096620014,10253,-6.991869419623492
PKOBP,10,linear,,10.0,all,5,-4.495307461213757,0.5423673051480644,10250,-5.24421306595488
PKOBP,10,linear,,1.0,2017-12-27,5,-4.801036352540755,-0.4899575156398529,2749,-4.474067857140158
PKOBP,10,linear,,2.0,2017-12-27,5,-5.331863660056456,-0.3213214050060897,2969,-5.1074976536472665
PKOBP,10,linear,,3.0,2017-12-27,5,-5.720900169457364,-0.19310637962122273,2705,-5.56276884212277
PKOBP,10,linear,,4.0,2017-12-27,5,-6.0503566897012835,-0.0729879288599653,2509,-5.944181282821348
PKOBP,10,linear,,5.0,2017-12-27,5,-5.838796792705141,0.030640809562638423,2272,-5.9358001669128555
PKOBP,10,linear,,6.0,2017-12-27,5,-4.9679446568400865,0.12384933955653583,2401,-5.096874743443016
PKOBP,10,linear,,7.0,2017-12-27,5,-5.077770888549541,0.21215519090295312,2061,-5.2899163904229045
PKOBP,10,linear,,8.0,2017-12-27,5,-5.361265622471404,0.3036500863752773,1820,-5.602761189240649
PKOBP,10,linear,,9.0,2017-12-27,5,-4.567415336834747,0.40164228723931267,1682,-5.070966322246642
PKOBP,10,linear,,10.0,2017-12-27,5,-3.8269336592244225,0.5360952713833748,1455,-4.363423778548306
PKOBP,10,linear,,1.0,2017-12-28,5,-5.571545969435845,-0.4844930537515682,3530,-5.103017396769468
PKOBP,10,linear,,2.0,2017-12-28,5,-6.6857705515168515,-0.3235901976366981,4163,-6.305497614304713
PKOBP,10,linear,,3.0,2017-12-28,5,-8.041495725208474,-0.18921905380985035,3990,-7.736287354847799
PKOBP,10,linear,,4.0,2017-12-28,5,-7.2937795242979755,-0.07395075468793078,3868,-7.1913507771952565
PKOBP,10,linear,,5.0,2017-12-28,5,-7.579461401520109,0.0306050067612927,3888,-7.5827511003837085
PKOBP,10,linear,,6.0,2017-12-28,5,-7.407063926526118,0.12523055891290957,4015,-7.418996533022352
PKOBP,10,linear,,7.0,2017-12-28,5,-7.747462183139843,0.21315207968096728,4160,-8.092648556269115
PKOBP,10,linear,,8.0,2017-12-28,5,-8.408328425477109,0.30113829470326164,3903,-8.717120707368045
PKOBP,10,linear,,9.0,2017-12-28,5,-6.981414380178721,0.4032097522374484,3886,-7.384249411309952
PKOBP,10,linear,,10.0,2017-12-28,5,-4.763880522560649,0.5210016088685469,2315,-5.517349060063036
PKOBP,10,linear,,1.0,2017-12-29,5,-5.3557171329526785,-0.4993998626645491,3973,-4.750921562530847
PKOBP,10,linear,,2.0,2017-12-29,5,-6.104693912978649,-0.32342677732141795,3120,-5.720968781420186
PKOBP,10,linear,,3.0,2017-12-29,5,-8.353733384799161,-0.1855300641016471,3561,-7.777932092293277
PKOBP,10,linear,,4.0,2017-12-29,5,-9.910455205163073,-0.0729034589362967,3875,-9.591696252167269
PKOBP,10,linear,,5.0,2017-12-29,5,-8.984292843562791,0.031180822715916802,4087,-8.853557511410992
PKOBP,10,linear,,6.0,2017-12-29,5,-8.950640432644985,0.128085236858375,3834,-8.838178483150065
PKOBP,10,linear,,7.0,2017-12-29,5,-9.271280647413654,0.212352056099418,4028,-9.402098622666683
PKOBP,10,linear,,8.0,2017-12-29,5,-7.564523824909108,0.30722072807179707,4528,-7.572062688452194
PKOBP,10,linear,,9.0,2017-12-29,5,-7.091315638829653,0.40879620521135573,4685,-7.356046658064106
PKOBP,10,linear,,10.0,2017-12-29,5,-4.549433579250243,0.5514085699651489,6480,-5.344404205895649
PKOBP,10,xgboost,,1.0,all,0,-5.318847781836782,-0.5314447712278547,10253,-4.618727183135685
PKOBP,10,xgboost,,2.0,all,0,-6.219563106772824,-0.26969313300186093,10253,-5.750729836645244
PKOBP,10,xgboost,,3.0,all,0,-7.272279793295084,-0.15501319880264075,10249,-6.913934029376437
PKOBP,10,xgboost,,4.0,all,0,-8.18433652439167,-0.060569451977566975,10250,-7.890504226165311
PKOBP,10,xgboost,,5.0,all,0,-7.604984227677683,0.017884370911276787,10253,-7.526401905243724
PKOBP,10,xgboost,,6.0,all,0,-7.460574463723577,0.08625847231680202,10262,-7.435467138367576
PKOBP,10,xgboost,,7.0,all,0,-7.214090340227826,0.16170262915694308,10244,-7.416664598660263
PKOBP,10,xgboost,,8.0,all,0,-7.760951436497253,0.25017824558325946,10255,-7.987958643410833
PKOBP,10,xgboost,,9.0,all,0,-6.759082042955599,0.3564047209366308,10241,-7.240765010271406
PKOBP,10,xgboost,,10.0,all,0,-4.722709309625194,0.6103120170652843,10252,-5.838723537873342
PKOBP,10,xgboost,,1.0,2017-12-27,0,-4.559466462766533,-0.5431286316328394,2951,-4.024581036902004
PKOBP,10,xgboost,,2.0,2017-12-27,0,-5.474943194917806,-0.2696273585475942,2835,-5.14353229293669
PKOBP,10,xgboost,,3.0,2017-12-27,0,-5.499852379568098,-0.15531973533208634,2951,-5.384991089545446
PKOBP,10,xgboost,,4.0,2017-12-27,0,-6.049550110892351,-0.0568665929921725,2274,-5.918233235736583
PKOBP,10,xgboost,,5.0,2017-12-27,0,-5.9290881832987665,0.016933293799996182,2583,-6.005534515064909
PKOBP,10,xgboost,,6.0,2017-12-27,0,-5.264815843593712,0.08331923877492829,2269,-5.461408241931758
PKOBP,10,xgboost,,7.0,2017-12-27,0,-4.9630978791965745,0.15894461754175757,2073,-5.188375016138411
PKOBP,10,xgboost,,8.0,2017-12-27,0,-5.475683932194893,0.250195554143011,1794,-5.8815614373398715
PKOBP,10,xgboost,,9.0,2017-12-27,0,-4.81619757949549,0.3550272814318611,1427,-5.305829084592533
PKOBP,10,xgboost,,10.0,2017-12-27,0,-3.492315173131497,0.6153106542677703,1466,-4.448975559274781
PKOBP,10,xgboost,,1.0,2017-12-28,0,-5.824349388267378,-0.5224643215327196,3195,-5.047634814503278
PKOBP,10,xgboost,,2.0,2017-12-28,0,-6.614244490182243,-0.2715073971873372,4329,-6.097912819191897
PKOBP,10,xgboost,,3.0,2017-12-28,0,-7.721670991652222,-0.15648215270727667,4036,-7.435562651550455
PKOBP,10,xgboost,,4.0,2017-12-28,0,-7.698889158580252,-0.062226639401338206,3953,-7.52027287729176
PKOBP,10,xgboost,,5.0,2017-12-28,0,-7.602937433983422,0.018116812157136678,3907,-7.625421665637557
PKOBP,10,xgboost,,6.0,2017-12-28,0,-7.518111988917579,0.08587155863371762,4125,-7.470155556289586
PKOBP,10,xgboost,,7.0,2017-12-28,0,-7.329653383592088,0.16251478576670303,4112,-7.655727698731764
PKOBP,10,xgboost,,8.0,2017-12-28,0,-7.972330734288116,0.24978318741694513,3727,-8.362391261268149
PKOBP,10,xgboost,,9.0,2017-12-28,0,-6.818933893115134,0.3531340751706927,3517,-7.328397182265511
PKOBP,10,xgboost,,10.0,2017-12-28,0,-5.971846663569954,0.6292150270486072,2817,-7.132994821736652
PKOBP,10,xgboost,,1.0,2017-12-29,0,-5.471235568549844,-0.5300358266748592,4107,-4.711974174934111
PKOBP,10,xgboost,,2.0,2017-12-29,0,-6.3498388404502615,-0.26721094488885344,3089,-5.821448485065215
PKOBP,10,xgboost,,3.0,2017-12-29,0,-8.31970174956085,-0.15291838357961668,3262,-7.651707633406757
PKOBP,10,xgboost,,4.0,2017-12-29,0,-9.868024752418016,-0.061034139883761204,4023,-9.369119377627422
PKOBP,10,xgboost,,5.0,2017-12-29,0,-8.757478595361505,0.01829587349720908,3763,-8.467547338401625
PKOBP,10,xgboost,,6.0,2017-12-29,0,-8.68726371337441,0.08839527165734873,3868,-8.556472803332564
PKOBP,10,xgboost,,7.0,2017-12-29,0,-8.246638292285953,0.16228843110297578,4059,-8.312505159654053
PKOBP,10,xgboost,,8.0,2017-12-29,0,-8.46056260249892,0.25048270908762343,4734,-8.491415808796784
PKOBP,10,xgboost,,9.0,2017-12-29,0,-7.242751511021766,0.3589473804291946,5297,-7.703848117131983
PKOBP,10,xgboost,,10.0,2017-12-29,0,-4.435381093514852,0.6001632850730133,5969,-5.569232556131434
PKOBP,10,xgboost,,1.0,all,1,-5.319548612188424,-0.5314447712278547,10253,-4.714061478883052
PKOBP,10,xgboost,,2.0,all,1,-6.206823444475906,-0.26969313300186093,10253,-5.754056795626007
PKOBP,10,xgboost,,3.0,all,1,-7.2521845134880065,-0.15501319880264075,10249,-6.898017109892993
PKOBP,10,xgboost,,4.0,all,1,-8.144260663557615,-0.060569451977566975,10250,-7.869373120860428
PKOBP,10,xgboost,,5.0,all,1,-7.574392042764818,0.017884370911276787,10253,-7.509216945482907
PKOBP,10,xgboost,,6.0,all,1,-7.413100869328868,0.08625847231680202,10262,-7.413522411410835
PKOBP,10,xgboost,,7.0,all,1,-7.1903139737358295,0.16170262915694308,10244,-7.403377767094101
PKOBP,10,xgboost,,8.0,all,1,-7.753501355846713,0.25017824558325946,10255,-7.967295052537992
PKOBP,10,xgboost,,9.0,all,1,-6.764076718132397,0.3564047209366308,10241,-7.234101567333127
PKOBP,10,xgboost,,10.0,all,1,-4.899247638748158,0.6103120170652843,10252,-5.856405293541045
PKOBP,10,xgboost,,1.0,2017-12-27,1,-4.564886974070382,-0.5431286316328394,2951,-4.100958623848021
PKOBP,10,xgboost,,2.0,2017-12-27,1,-5.475751448837807,-0.2696273585475942,2835,-5.146767959458088
PKOBP,10,xgboost,,3.0,2017-12-27,1,-5.482924382632117,-0.15531973533208634,2951,-5.358017291477756
PKOBP,10,xgboost,,4.0,2017-12-27,1,-6.0195391700776355,-0.0568665929921725,2274,-5.891213163915016
PKOBP,10,xgboost,,5.0,2017-12-27,1,-5.917617680670802,0.016933293799996182,2583,-5.9852541406182835
PKOBP,10,xgboost,,6.0,2017-12-27,1,-5.250776402557995,0.08331923877492829,2269,-5.457417784948932
PKOBP,10,xgboost,,7.0,2017-12-27,1,-4.968577961592465,0.15894461754175757,2073,-5.176272398261918
PKOBP,10,xgboost,,8.0,2017-12-27,1,-5.480758768158532,0.250195554143011,1794,-5.884109011104116
PKOBP,10,xgboost,,9.0,2017-12-27,1,-4.809780611116337,0.3550272814318611,1427,-5.2898504176157735
PKOBP,10,xgboost,,10.0,2017-12-27,1,-3.597786658680362,0.6153106542677703,1466,-4.45817831384469
PKOBP,10,xgboost,,1.0,2017-12-28,1,-5.824383077295239,-0.5224643215327196,3195,-5.155474395536814
PKOBP,10,xgboost,,2.0,2017-12-28,1,-6.606395202071415,-0.2715073971873372,4329,-6.096867182213057
PKOBP,10,xgboost,,3.0,2017-12-28,1,-7.704217888395731,-0.15648215270727667,4036,-7.424351090253357
PKOBP,10,xgboost,,4.0,2017-12-28,1,-7.680554807191371,-0.062226639401338206,3953,-7.516267970419963
PKOBP,10,xgboost,,5.0,2017-12-28,1,-7.580919895500193,0.018116812157136678,3907,-7.6161733794282105
PKOBP,10,xgboost,,6.0,2017-12-28,1,-7.4912179222402555,0.08587155863371762,4125,-7.458099635373212
PKOBP,10,xgboost,,7.0,2017-12-28,1,-7.314191896524947,0.16251478576670303,4112,-7.633124707585708
PKOBP,10,xgboost,,8.0,2017-12-28,1,-7.971723575760277,0.24978318741694513,3727,-8.347785245054986
PKOBP,10,xgboost,,9.0,2017-12-28,1,-6.798946648028302,0.3531340751706927,3517,-7.327072171340357
PKOBP,10,xgboost,,10.0,2017-12-28,1,-6.15364235191045,0.6292150270486072,2817,-7.117605608107531
PKOBP,10,xgboost,,1.0,2017-12-29,1,-5.469064165650821,-0.5300358266748592,4107,-4.8112010592335785
PKOBP,10,xgboost,,2.0,2017-12-29,1,-6.317811780184243,-0.26721094488885344,3089,-5.8309870924860645
PKOBP,10,xgboost,,3.0,2017-12-29,1,-8.293472050283881,-0.15291838357961668,3262,-7.63997159162473
PKOBP,10,xgboost,,4.0,2017-12-29,1,-9.800896489157726,-0.061034139883761204,4023,-9.334488806116463
PKOBP,10,xgboost,,5.0,2017-12-29,1,-8.704858122130148,0.01829587349720908,3763,-8.444246745520385
PKOBP,10,xgboost,,6.0,2017-12-29,1,-8.598230489764138,0.08839527165734873,3868,-8.513450112702781
PKOBP,10,xgboost,,7.0,2017-12-29,1,-8.199496712012335,0.16228843110297578,4059,-8.308051334546091
PKOBP,10,xgboost,,8.0,2017-12-29,1,-8.442978751008255,0.25048270908762343,4734,-8.457187070033035
PKOBP,10,xgboost,,9.0,2017-12-29,1,-7.267407471628343,0.3589473804291946,5297,-7.696149665568586
PKOBP,10,xgboost,,10.0,2017-12-29,1,-4.626892451916397,0.6001632850730133,5969,-5.604604232408707
PKOBP,10,xgboost,,1.0,all,5,-5.321567791582258,-0.5314447712278547,10253,-4.84110837620804
PKOBP,10,xgboost,,2.0,all,5,-6.198516609767117,-0.26969313300186093,10253,-5.812814100937022
PKOBP,10,xgboost,,3.0,all,5,-7.189227880028242,-0.15501319880264075,10249,-6.875322200130044
PKOBP,10,xgboost,,4.0,all,5,-8.061725309479781,-0.060569451977566975,10250,-7.809889928862204
PKOBP,10,xgboost,,5.0,all,5,-7.495992554962103,0.017884370911276787,10253,-7.47666059418633
PKOBP,10,xgboost,,6.0,all,5,-7.365500020771747,0.08625847231680202,10262,-7.386740242494688
PKOBP,10,xgboost,,7.0,all,5,-7.173791212809425,0.16170262915694308,10244,-7.37636814508695
PKOBP,10,xgboost,,8.0,all,5,-7.736192528763479,0.25017824558325946,10255,-7.918341230581983
PKOBP,10,xgboost,,9.0,all,5,-6.831751514941668,0.3564047209366308,10241,-7.204021501875146
PKOBP,10,xgboost,,10.0,all,5,-5.1419588766172915,0.6103120170652843,10252,-5.916571058120878
PKOBP,10,xgboost,,1.0,2017-12-27,5,-4.581935374006971,-0.5431286316328394,2951,-4.279823922417767
PKOBP,10,xgboost,,2.0,2017-12-27,5,-5.477397321057159,-0.2696273585475942,2835,-5.196561830867342
PKOBP,10,xgboost,,3.0,2017-12-27,5,-5.398913173023323,-0.15531973533208634,2951,-5.276310721204508
PKOBP,10,xgboost,,4.0,2017-12-27,5,-5.937421534844086,-0.0568665929921725,2274,-5.7891690804708045
PKOBP,10,xgboost,,5.0,2017-12-27,5,-5.8894137020078094,0.016933293799996182,2583,-5.96144950633117
PKOBP,10,xgboost,,6.0,2017-12-27,5,-5.26084579298614,0.08331923877492829,2269,-5.452520894996926
PKOBP,10,xgboost,,7.0,2017-12-27,5,-5.004710584789646,0.15894461754175757,2073,-5.165157765669408
PKOBP,10,xgboost,,8.0,2017-12-27,5,-5.509846117905651,0.250195554143011,1794,-5.8575748342136915
PKOBP,10,xgboost,,9.0,2017-12-27,5,-4.902233639252461,0.3550272814318611,1427,-5.286549726892371
PKOBP,10,xgboost,,10.0,2017-12-27,5,-3.7265693427111524,0.6153106542677703,1466,-4.433219307707394
PKOBP,10,xgboost,,1.0,2017-12-28,5,-5.791819834313753,-0.5224643215327196,3195,-5.2739808555964585
PKOBP,10,xgboost,,2.0,2017-12-28,5,-6.592316279083258,-0.2715073971873372,4329,-6.1580767374226415
PKOBP,10,xgboost,,3.0,2017-12-28,5,-7.667668152606604,-0.15648215270727667,4036,-7.4003233095576855
PKOBP,10,xgboost,,4.0,2017-12-28,5,-7.665675362734605,-0.062226639401338206,3953,-7.517964081362535
PKOBP,10,xgboost,,5.0,2017-12-28,5,-7.51533357551484,0.018116812157136678,3907,-7.575591708057323
PKOBP,10,xgboost,,6.0,2017-12-28,5,-7.451252372839448,0.08587155863371762,4125,-7.4896414009715
PKOBP,10,xgboost,,7.0,2017-12-28,5,-7.298741825607368,0.16251478576670303,4112,-7.6164012005057184
PKOBP,10,xgboost,,8.0,2017-12-28,5,-7.988027159032671,0.24978318741694513,3727,-8.29479074745795
PKOBP,10,xgboost,,9.0,2017-12-28,5,-6.83248596737837,0.3531340751706927,3517,-7.287627127978564
PKOBP,10,xgboost,,10.0,2017-12-28,5,-6.392380917422163,0.6292150270486072,2817,-7.071762203057577
PKOBP,10,xgboost,,1.0,2017-12-29,5,-5.487187462324295,-0.5300358266748592,4107,-4.907658863544075
PKOBP,10,xgboost,,2.0,2017-12-29,5,-6.3084597677545435,-0.26721094488885344,3089,-5.894534150241423
PKOBP,10,xgboost,,3.0,2017-12-29,5,-8.216889976976507,-0.15291838357961668,3262,-7.672311285555949
PKOBP,10,xgboost,,4.0,2017-12-29,5,-9.651646319423916,-0.061034139883761204,4023,-9.238948363962438
PKOBP,10,xgboost,,5.0,2017-12-29,5,-8.578699918736058,0.01829587349720908,3763,-8.414015464777854
PKOBP,10,xgboost,,6.0,2017-12-29,5,-8.50865720550967,0.08839527165734873,3868,-8.411630733899955
PKOBP,10,xgboost,,7.0,2017-12-29,5,-8.154995258648265,0.16228843110297578,4059,-8.26250344753844
PKOBP,10,xgboost,,8.0,2017-12-29,5,-8.381625100386984,0.25048270908762343,4734,-8.40291824065549
PKOBP,10,xgboost,,9.0,2017-12-29,5,-7.351071684733742,0.3589473804291946,5297,-7.66507327380165
PKOBP,10,xgboost,,10.0,2017-12-29,5,-4.899459658617472,0.6001632850730133,5969,-5.735706627030158
PKOBP,20,linear,,1.0,all,0,-5.555443265257111,-0.7493273431156294,10249,-4.518175331180273
PKOBP,20,linear,,2.0,all,0,-6.489080439579296,-0.493317117220126,10251,-5.744424334448541
PKOBP,20,linear,,3.0,all,0,-7.722763605571621,-0.28925432681296165,10245,-6.944755428271114
PKOBP,20,linear,,4.0,all,0,-7.964034435400082,-0.11130030472499279,10251,-7.56940514191492
PKOBP,20,linear,,5.0,all,0,-7.766690277188986,0.05050775524650771,10260,-7.683940129653516
PKOBP,20,linear,,6.0,all,0,-7.27271763292001,0.19689696997228304,10235,-7.231398610668897
PKOBP,20,linear,,7.0,all,0,-7.639023408100979,0.33170439335434554,10246,-8.069539288350922
PKOBP,20,linear,,8.0,all,0,-7.5164997445906865,0.4734056878032504,10253,-7.920611332053806
PKOBP,20,linear,,9.0,all,0,-6.550715514932718,0.6265148745045891,10243,-7.238344700930341
PKOBP,20,linear,,10.0,all,0,-3.991132515278402,0.8260899709282492,10249,-5.748362512966188
PKOBP,20,linear,,1.0,2017-12-27,0,-5.01798738366856,-0.7438059388499392,2680,-4.275943938579639
PKOBP,20,linear,,2.0,2017-12-27,0,-5.418313625051915,-0.49119511830462753,2935,-4.8938693256831645
PKOBP,20,linear,,3.0,2017-12-27,0,-5.82210488174822,-0.29653704765684424,2660,-5.558646071058743
PKOBP,20,linear,,4.0,2017-12-27,0,-6.0622845709332775,-0.11208214898162236,2560,-5.876309050995268
PKOBP,20,linear,,5.0,2017-12-27,0,-5.7243965329872015,0.050317829303685974,2332,-5.8500885549257795
PKOBP,20,linear,,6.0,2017-12-27,0,-4.631353540778414,0.1928395748179159,2348,-4.899955345387749
PKOBP,20,linear,,7.0,2017-12-27,0,-5.275368647413948,0.3278329148491045,2118,-5.776334478396261
PKOBP,20,linear,,8.0,2017-12-27,0,-5.209088977215655,0.47047725841779325,1839,-5.757534959994846
PKOBP,20,linear,,9.0,2017-12-27,0,-4.434762892815179,0.6222327467218753,1718,-5.335674103857589
PKOBP,20,linear,,10.0,2017-12-27,0,-3.473341913143289,0.8234554742442867,1423,-4.684198734252942
PKOBP,20,linear,,1.0,2017-12-28,0,-5.8644285058021115,-0.7391161960822311,3543,-4.8252226624978105
PKOBP,20,linear,,2.0,2017-12-28,0,-7.0555133916510595,-0.4964070134247268,4142,-6.342360352524012
PKOBP,20,linear,,3.0,2017-12-28,0,-8.08744837068073,-0.29069935065498703,4039,-7.371668502066112
PKOBP,20,linear,,4.0,2017-12-28,0,-7.290723890377477,-0.11166533707466232,3851,-7.013230570641626
PKOBP,20,linear,,5.0,2017-12-28,0,-7.5286235924310825,0.04982052335342518,3915,-7.6054299799708
PKOBP,20,linear,,6.0,2017-12-28,0,-7.445238439717507,0.19656534058110664,4020,-7.391008544292943
PKOBP,20,linear,,7.0,2017-12-28,0,-7.421255581823556,0.33194638156005585,4122,-8.087760463466902
PKOBP,20,linear,,8.0,2017-12-28,0,-8.150567652059424,0.4715920186599767,3933,-8.926136959100175
PKOBP,20,linear,,9.0,2017-12-28,0,-6.917796694859568,0.6262081311728697,3917,-7.789967117237061
PKOBP,20,linear,,10.0,2017-12-28,0,-4.341471594979312,0.7985779575553551,2226,-5.9697006391845076
PKOBP,20,linear,,1.0,2017-12-29,0,-5.6412969799631165,-0.7619889072913325,4026,-4.409211455698817
PKOBP,20,linear,,2.0,2017-12-29,0,-6.740036744921646,-0.491247084686267,3174,-5.750639824006758
PKOBP,20,linear,,3.0,2017-12-29,0,-8.733138799901726,-0.2821453339357287,3546,-7.4982661403768445
PKOBP,20,linear,,4.0,2017-12-29,0,-9.907106977565986,-0.11041299720531852,3840,-9.255903648875277
PKOBP,20,linear,,5.0,2017-12-29,0,-9.1857433751969,0.05128857263003088,4013,-8.826205045744448
PKOBP,20,linear,,6.0,2017-12-29,0,-8.697178260026948,0.19970532631440435,3867,-8.481100408887537
PKOBP,20,linear,,7.0,2017-12-29,0,-9.112777717399698,0.33350227555358736,4006,-9.26322378751615
PKOBP,20,linear,,8.0,2017-12-29,0,-7.906934763811426,0.47619938170647524,4481,-7.925780972099122
PKOBP,20,linear,,9.0,2017-12-29,0,-7.027570901873791,0.6283721247565524,4608,-7.4788141195713065
PKOBP,20,linear,,10.0,2017-12-29,0,-3.98461149034265,0.8359370361629977,6600,-5.903151359655122
PKOBP,20,linear,,1.0,all,1,-5.567160842307527,-0.7493273431156294,10249,-4.613537047663629
PKOBP,20,linear,,2.0,all,1,-6.460682183456916,-0.493317117220126,10251,-5.764709627420479
PKOBP,20,linear,,3.0,all,1,-7.683518628975277,-0.28925432681296165,10245,-6.9278035291257085
PKOBP,20,linear,,4.0,all,1,-7.911635744603897,-0.11130030472499279,10251,-7.562197421613698
PKOBP,20,linear,,5.0,all,1,-7.722042993554296,0.05050775524650771,10260,-7.660403932490807
PKOBP,20,linear,,6.0,all,1,-7.229332561505386,0.19689696997228304,10235,-7.1921523554108004
PKOBP,20,linear,,7.0,all,1,-7.5848948358969865,0.33170439335434554,10246,-8.043508896844692
PKOBP,20,linear,,8.0,all,1,-7.499574605769646,0.4734056878032504,10253,-7.896331672076847
PKOBP,20,linear,,9.0,all,1,-6.579668034803226,0.6265148745045891,10243,-7.2241689846368855
PKOBP,20,linear,,10.0,all,1,-4.2293719802681995,0.8260899709282492,10249,-5.783878278656828
PKOBP,20,linear,,1.0,2017-12-27,1,-5.023121101170515,-0.7438059388499392,2680,-4.365973956606305
PKOBP,20,linear,,2.0,2017-12-27,1,-5.406695760875201,-0.49119511830462753,2935,-4.891553067211925
PKOBP,20,linear,,3.0,2017-12-27,1,-5.793894186471047,-0.29653704765684424,2660,-5.555270415939925
PKOBP,20,linear,,4.0,2017-12-27,1,-6.04272104989429,-0.11208214898162236,2560,-5.865670191455001
PKOBP,20,linear,,5.0,2017-12-27,1,-5.694122651645575,0.050317829303685974,2332,-5.819810003933058
PKOBP,20,linear,,6.0,2017-12-27,1,-4.623613962565543,0.1928395748179159,2348,-4.88831872038096
PKOBP,20,linear,,7.0,2017-12-27,1,-5.27964009803253,0.3278329148491045,2118,-5.7462102803653465
PKOBP,20,linear,,8.0,2017-12-27,1,-5.209076729072109,0.47047725841779325,1839,-5.740196020323708
PKOBP,20,linear,,9.0,2017-12-27,1,-4.4771436151491075,0.6222327467218753,1718,-5.326365082292572
PKOBP,20,linear,,10.0,2017-12-27,1,-3.5836248677843296,0.8234554742442867,1423,-4.69375595797751
PKOBP,20,linear,,1.0,2017-12-28,1,-5.883622375316689,-0.7391161960822311,3543,-4.916047846818043
PKOBP,20,linear,,2.0,2017-12-28,1,-7.030926788422718,-0.4964070134247268,4142,-6.371349187750198
PKOBP,20,linear,,3.0,2017-12-28,1,-8.060524868536882,-0.29069935065498703,4039,-7.346993964935808
PKOBP,20,linear,,4.0,2017-12-28,1,-7.255979089800648,-0.11166533707466232,3851,-7.019183660039088
PKOBP,20,linear,,5.0,2017-12-28,1,-7.509569450584702,0.04982052335342518,3915,-7.601975946326523
PKOBP,20,linear,,6.0,2017-12-28,1,-7.423844927234039,0.19656534058110664,4020,-7.360022295396371
PKOBP,20,linear,,7.0,2017-12-28,1,-7.408556094465949,0.33194638156005585,4122,-8.069659100404168
PKOBP,20,linear,,8.0,2017-12-28,1,-8.136813407179075,0.4715920186599767,3933,-8.902443850432055
PKOBP,20,linear,,9.0,2017-12-28,1,-6.958809671709364,0.6262081311728697,3917,-7.771395690935766
PKOBP,20,linear,,10.0,2017-12-28,1,-4.514431406405512,0.7985779575553551,2226,-5.975741330244718
PKOBP,20,linear,,1.0,2017-12-29,1,-5.650817895162899,-0.7619889072913325,4026,-4.512114624074345
PKOBP,20,linear,,2.0,2017-12-29,1,-6.691147525772284,-0.491247084686267,3174,-5.780466856571839
PKOBP,20,linear,,3.0,2017-12-29,1,-8.671582028713553,-0.2821453339357287,3546,-7.479926459423847
PKOBP,20,linear,,4.0,2017-12-29,1,-9.81511371233929,-0.11041299720531852,3840,-9.237784844798616
PKOBP,20,linear,,5.0,2017-12-29,1,-9.10777540273872,0.05128857263003088,4013,-8.78699516279976
PKOBP,20,linear,,6.0,2017-12-29,1,-8.609287968818952,0.19970532631440435,3867,-8.416503070773633
PKOBP,20,linear,,7.0,2017-12-29,1,-8.985143919016226,0.33350227555358736,4006,-9.231199194056645
PKOBP,20,linear,,8.0,2017-12-29,1,-7.880285471492362,0.47619938170647524,4481,-7.898138024699696
PKOBP,20,linear,,9.0,2017-12-29,1,-7.041265074995161,0.6283721247565524,4608,-7.466560498450865
PKOBP,20,linear,,10.0,2017-12-29,1,-4.2724562012504546,0.8359370361629977,6600,-5.954205083125317
PKOBP,20,linear,,1.0,all,5,-5.5811607981868105,-0.7493273431156294,10249,-4.745009885841062
PKOBP,20,linear,,2.0,all,5,-6.405059573645237,-0.493317117220126,10251,-5.801462493790543
PKOBP,20,linear,,3.0,all,5,-7.5987158729230115,-0.28925432681296165,10245,-6.950672421264664
PKOBP,20,linear,,4.0,all,5,-7.836601183822502,-0.11130030472499279,10251,-7.545134091670079
PKOBP,20,linear,,5.0,all,5,-7.642252536167813,0.05050775524650771,10260,-7.633929970839162
PKOBP,20,linear,,6.0,all,5,-7.171682849974664,0.19689696997228304,10235,-7.162895209903638
PKOBP,20,linear,,7.0,all,5,-7.585590442133122,0.33170439335434554,10246,-7.9943882378478905
PKOBP,20,linear,,8.0,all,5,-7.536536806508739,0.4734056878032504,10253,-7.826568415764607
PKOBP,20,linear,,9.0,all,5,-6.5954107066690355,0.6265148745045891,10243,-7.162703436237628
PKOBP,20,linear,,10.0,all,5,-4.512232738374303,0.8260899709282492,10249,-5.844574631237253
PKOBP,20,linear,,1.0,2017-12-27,5,-5.030859609143536,-0.7438059388499392,2680,-4.526445757952652
PKOBP,20,linear,,2.0,2017-12-27,5,-5.353230772575556,-0.49119511830462753,2935,-4.897755075940828
PKOBP,20,linear,,3.0,2017-12-27,5,-5.748602024100243,-0.29653704765684424,2660,-5.526220474035947
PKOBP,20,linear,,4.0,2017-12-27,5,-5.961769614716913,-0.11208214898162236,2560,-5.824839749957102
PKOBP,20,linear,,5.0,2017-12-27,5,-5.6862495287836365,0.050317829303685974,2332,-5.85305138619715
PKOBP,20,linear,,6.0,2017-12-27,5,-4.620737392927409,0.1928395748179159,2348,-4.856388807581643
PKOBP,20,linear,,7.0,2017-12-27,5,-5.32260964268621,0.3278329148491045,2118,-5.6880873461095804
PKOBP,20,linear,,8.0,2017-12-27,5,-5.264738391477414,0.47047725841779325,1839,-5.746327054576196
PKOBP,20,linear,,9.0,2017-12-27,5,-4.502306980401936,0.6222327467218753,1718,-5.242858054752816
PKOBP,20,linear,,10.0,2017-12-27,5,-3.773742297284602,0.8234554742442867,1423,-4.69204822658424
PKOBP,20,linear,,1.0,2017-12-28,5,-5.933510944700125,-0.7391161960822311,3543,-5.063770295549674
PKOBP,20,linear,,2.0,2017-12-28,5,-6.941283170210581,-0.4964070134247268,4142,-6.405783713043099
PKOBP,20,linear,,3.0,2017-12-28,5,-8.00728726245791,-0.29069935065498703,4039,-7.353199157920518
PKOBP,20,linear,,4.0,2017-12-28,5,-7.201839147995274,-0.11166533707466232,3851,-7.0522636935723515
PKOBP,20,linear,,5.0,2017-12-28,5,-7.456886243818513,0.04982052335342518,3915,-7.613255582432925
PKOBP,20,linear,,6.0,2017-12-28,5,-7.3827936315945655,0.19656534058110664,4020,-7.3634934080411805
PKOBP,20,linear,,7.0,2017-12-28,5,-7.422776413220974,0.33194638156005585,4122,-8.027788018552332
PKOBP,20,linear,,8.0,2017-12-28,5,-8.205407086878328,0.4715920186599767,3933,-8.789831702923085
PKOBP,20,linear,,9.0,2017-12-28,5,-7.033819581858227,0.6262081311728697,3917,-7.719134965271408
PKOBP,20,linear,,10.0,2017-12-28,5,-4.677249976204046,0.7985779575553551,2226,-5.947273680502367
PKOBP,20,linear,,1.0,2017-12-29,5,-5.637402879046053,-0.7619889072913325,4026,-4.60998349019857
PKOBP,20,linear,,2.0,2017-12-29,5,-6.677926427509715,-0.491247084686267,3174,-5.84849550615501
PKOBP,20,linear,,3.0,2017-12-29,5,-8.521187106859028,-0.2821453339357287,3546,-7.560722249317513
PKOBP,20,linear,,4.0,2017-12-29,5,-9.723069261135254,-0.11041299720531852,3840,-9.18627925257101
PKOBP,20,linear,,5.0,2017-12-29,5,-8.959747688863404,0.05128857263003088,4013,-8.688988303756084
PKOBP,20,linear,,6.0,2017-12-29,5,-8.501125464672093,0.19970532631440435,3867,-8.354845630420611
PKOBP,20,linear,,7.0,2017-12-29,5,-8.949572658909068,0.33350227555358736,4006,-9.179378600463478
PKOBP,20,linear,,8.0,2017-12-29,5,-7.881810288443352,0.47619938170647524,4481,-7.834836515481452
PKOBP,20,linear,,9.0,2017-12-29,5,-7.003115706150549,0.6283721247565524,4608,-7.405488172818701
PKOBP,20,linear,,10.0,2017-12-29,5,-4.615799939323036,0.8359370361629977,6600,-6.0584287206549945
PKOBP,20,xgboost,,1.0,all,0,-5.794575271884994,-0.7498031971386275,10256,-4.607867439434281
PKOBP,20,xgboost,,2.0,all,0,-6.893728561258643,-0.4198851987844658,10242,-6.151725132222979
PKOBP,20,xgboost,,3.0,all,0,-7.109992842653053,-0.24609887008492987,10249,-6.388021210457268
PKOBP,20,xgboost,,4.0,all,0,-8.077447567149628,-0.09695077152637738,10267,-7.657505743664874
PKOBP,20,xgboost,,5.0,all,0,-7.3947199462460045,0.031078496799860227,10227,-7.323299273169716
PKOBP,20,xgboost,,6.0,all,0,-7.053875303718016,0.14863184672852311,10248,-7.055730638476186
PKOBP,20,xgboost,,7.0,all,0,-7.1399047884638,0.26540338182145734,10248,-7.56632821013254
PKOBP,20,xgboost,,8.0,all,0,-7.514616109935214,0.4082166595845414,10248,-7.8826092394996445
PKOBP,20,xgboost,,9.0,all,0,-6.829455108989796,0.5815100117785031,10248,-7.530511242817914
PKOBP,20,xgboost,,10.0,all,0,-4.660077763550089,0.8923733991778227,10249,-6.506363248928638
PKOBP,20,xgboost,,1.0,2017-12-27,0,-4.93351262582851,-0.7456118251521616,2855,-4.139969110268808
PKOBP,20,xgboost,,2.0,2017-12-27,0,-5.880252444672515,-0.4102876379260202,2761,-5.258338934514312
PKOBP,20,xgboost,,3.0,2017-12-27,0,-5.455291521495473,-0.24984200058778416,2738,-5.236701751820288
PKOBP,20,xgboost,,4.0,2017-12-27,0,-5.59409829883288,-0.09787412046477706,2526,-5.574944033742307
PKOBP,20,xgboost,,5.0,2017-12-27,0,-5.585813160605317,0.03171150285905638,2569,-5.5926861849784
PKOBP,20,xgboost,,6.0,2017-12-27,0,-5.008921804475443,0.1462048832125235,2491,-5.359767862000394
PKOBP,20,xgboost,,7.0,2017-12-27,0,-5.057032058100645,0.2615058356369924,2018,-5.49266050948997
PKOBP,20,xgboost,,8.0,2017-12-27,0,-5.311483985003864,0.4051516919092975,1882,-5.824446014515103
PKOBP,20,xgboost,,9.0,2017-12-27,0,-4.724223250031646,0.5803197688715799,1400,-5.7613110473957825
PKOBP,20,xgboost,,10.0,2017-12-27,0,-3.5432762179565924,0.8666775362038387,1373,-5.000630569435427
PKOBP,20,xgboost,,1.0,2017-12-28,0,-6.279760807089632,-0.737197509838627,3488,-5.01680332157392
PKOBP,20,xgboost,,2.0,2017-12-28,0,-7.442872655457787,-0.42490415698633205,4236,-6.680424376849749
PKOBP,20,xgboost,,3.0,2017-12-28,0,-7.468738657760885,-0.24764178102801304,4025,-6.794705395725846
PKOBP,20,xgboost,,4.0,2017-12-28,0,-7.690033281151862,-0.09769570963755153,3845,-7.381529256280334
PKOBP,20,xgboost,,5.0,2017-12-28,0,-7.362495464811285,0.02998442494854836,3869,-7.553744974797741
PKOBP,20,xgboost,,6.0,2017-12-28,0,-7.254156390585051,0.147216603004912,4086,-7.23791538099765
PKOBP,20,xgboost,,7.0,2017-12-28,0,-7.145488024961495,0.2650475230085475,4043,-7.829396937831159
PKOBP,20,xgboost,,8.0,2017-12-28,0,-7.411812202821619,0.4095896446968172,3803,-8.01019140894705
PKOBP,20,xgboost,,9.0,2017-12-28,0,-6.9474547279087595,0.5784624491798273,3683,-7.882080881960423
PKOBP,20,xgboost,,10.0,2017-12-28,0,-5.971134139832127,0.9015750993114007,2630,-7.759437744274292
PKOBP,20,xgboost,,1.0,2017-12-29,0,-5.990334716734849,-0.7640978570731436,3913,-4.584734644357451
PKOBP,20,xgboost,,2.0,2017-12-29,0,-7.039193330092766,-0.4214995465770892,3245,-6.221700260615778
PKOBP,20,xgboost,,3.0,2017-12-29,0,-7.995426093232639,-0.24137743925798644,3486,-6.822734013682176
PKOBP,20,xgboost,,4.0,2017-12-29,0,-10.06988806546316,-0.09561692490012938,3896,-9.280113668012401
PKOBP,20,xgboost,,5.0,2017-12-29,0,-8.654091297785161,0.03176648081322806,3789,-8.26137016363281
PKOBP,20,xgboost,,6.0,2017-12-29,0,-8.218579919810237,0.15185392571872472,3671,-8.003765620295445
PKOBP,20,xgboost,,7.0,2017-12-29,0,-8.138391567712107,0.2676254944034599,4187,-8.311748452265617
PKOBP,20,xgboost,,8.0,2017-12-29,0,-8.508974627987767,0.4083364945139353,4563,-8.625161989666735
PKOBP,20,xgboost,,9.0,2017-12-29,0,-7.315947268924524,0.5840057548802682,5165,-7.759368801894222
PKOBP,20,xgboost,,10.0,2017-12-29,0,-4.353528012105662,0.8941473262530659,6246,-6.309723006563141
PKOBP,20,xgboost,,1.0,all,1,-5.795293916249471,-0.7498031971386275,10256,-4.6978720195792105
PKOBP,20,xgboost,,2.0,all,1,-6.874310212927464,-0.4198851987844658,10242,-6.157482821344488
PKOBP,20,xgboost,,3.0,all,1,-7.0874833806601565,-0.24609887008492987,10249,-6.389075372358386
PKOBP,20,xgboost,,4.0,all,1,-8.033005707784277,-0.09695077152637738,10267,-7.640631945347621
PKOBP,20,xgboost,,5.0,all,1,-7.36339805019316,0.031078496799860227,10227,-7.309629423570835
PKOBP,20,xgboost,,6.0,all,1,-7.018051487401185,0.14863184672852311,10248,-7.031700670970827
PKOBP,20,xgboost,,7.0,all,1,-7.11769994415598,0.26540338182145734,10248,-7.559275805728388
PKOBP,20,xgboost,,8.0,all,1,-7.5002834046230555,0.4082166595845414,10248,-7.857038102527575
PKOBP,20,xgboost,,9.0,all,1,-6.834514564477583,0.5815100117785031,10248,-7.498719785019651
PKOBP,20,xgboost,,10.0,all,1,-4.844127848821466,0.8923733991778227,10249,-6.528248449374558
PKOBP,20,xgboost,,1.0,2017-12-27,1,-4.9303664186375045,-0.7456118251521616,2855,-4.205356506723533
PKOBP,20,xgboost,,2.0,2017-12-27,1,-5.862135165569236,-0.4102876379260202,2761,-5.267422671358531
PKOBP,20,xgboost,,3.0,2017-12-27,1,-5.44369023026989,-0.24984200058778416,2738,-5.220934413691599
PKOBP,20,xgboost,,4.0,2017-12-27,1,-5.559848032916555,-0.09787412046477706,2526,-5.573155248630618
PKOBP,20,xgboost,,5.0,2017-12-27,1,-5.576925193280351,0.03171150285905638,2569,-5.566969835016063
PKOBP,20,xgboost,,6.0,2017-12-27,1,-5.004379377574952,0.1462048832125235,2491,-5.3451737989678305
PKOBP,20,xgboost,,7.0,2017-12-27,1,-5.060422754209019,0.2615058356369924,2018,-5.484741292965238
PKOBP,20,xgboost,,8.0,2017-12-27,1,-5.31505884440721,0.4051516919092975,1882,-5.812329682245319
PKOBP,20,xgboost,,9.0,2017-12-27,1,-4.727437076243092,0.5803197688715799,1400,-5.741770740260976
PKOBP,20,xgboost,,10.0,2017-12-27,1,-3.68741039396313,0.8666775362038387,1373,-5.0055398833997495
PKOBP,20,xgboost,,1.0,2017-12-28,1,-6.2876262890269,-0.737197509838627,3488,-5.1188275051389445
PKOBP,20,xgboost,,2.0,2017-12-28,1,-7.426302156795019,-0.42490415698633205,4236,-6.681515722127139
PKOBP,20,xgboost,,3.0,2017-12-28,1,-7.441681307874984,-0.24764178102801304,4025,-6.790175036177065
PKOBP,20,xgboost,,4.0,2017-12-28,1,-7.664698530096684,-0.09769570963755153,3845,-7.369784239611197
PKOBP,20,xgboost,,5.0,2017-12-28,1,-7.343771464559754,0.02998442494854836,3869,-7.562576768042106
PKOBP,20,xgboost,,6.0,2017-12-28,1,-7.2425251627625045,0.147216603004912,4086,-7.218501990372062
PKOBP,20,xgboost,,7.0,2017-12-28,1,-7.137086999085261,0.2650475230085475,4043,-7.821011515912165
PKOBP,20,xgboost,,8.0,2017-12-28,1,-7.394481862362399,0.4095896446968172,3803,-7.9916691619669855
PKOBP,20,xgboost,,9.0,2017-12-28,1,-6.953587520570202,0.5784624491798273,3683,-7.848760687829094
PKOBP,20,xgboost,,10.0,2017-12-28,1,-6.141690931954937,0.9015750993114007,2630,-7.749959053066567
PKOBP,20,xgboost,,1.0,2017-12-29,1,-5.987502628090641,-0.7640978570731436,3913,-4.681986268383353
PKOBP,20,xgboost,,2.0,2017-12-29,1,-7.0149504075447515,-0.4214995465770892,3245,-6.230719402668346
PKOBP,20,xgboost,,3.0,2017-12-29,1,-7.969600130152087,-0.24137743925798644,3486,-6.8434482346531285
PKOBP,20,xgboost,,4.0,2017-12-29,1,-9.999981422600664,-0.09561692490012938,3896,-9.248397747314687
PKOBP,20,xgboost,,5.0,2017-12-29,1,-8.594694970020202,0.03176648081322806,3789,-8.232891288769533
PKOBP,20,xgboost,,6.0,2017-12-29,1,-8.13460223326084,0.15185392571872472,3671,-7.9681943367529104
PKOBP,20,xgboost,,7.0,2017-12-29,1,-8.090521416865291,0.2676254944034599,4187,-8.306400995717171
PKOBP,20,xgboost,,8.0,2017-12-29,1,-8.489754342064103,0.4083364945139353,4563,-8.588166598675532
PKOBP,20,xgboost,,9.0,2017-12-29,1,-7.3207416286090785,0.5840057548802682,5165,-7.725346700337169
PKOBP,20,xgboost,,10.0,2017-12-29,1,-4.552034053893426,0.8941473262530659,6246,-6.348546235697552
PKOBP,20,xgboost,,1.0,all,5,-5.788927344068963,-0.7498031971386275,10256,-4.81052464135283
PKOBP,20,xgboost,,2.0,all,5,-6.809592684722678,-0.4198851987844658,10242,-6.2184734206108745
PKOBP,20,xgboost,,3.0,all,5,-7.011452775954953,-0.24609887008492987,10249,-6.421974965753042
PKOBP,20,xgboost,,4.0,all,5,-7.925675799891587,-0.09695077152637738,10267,-7.603783464053312
PKOBP,20,xgboost,,5.0,all,5,-7.3180031459949735,0.031078496799860227,10227,-7.289940590523959
PKOBP,20,xgboost,,6.0,all,5,-6.974370987227205,0.14863184672852311,10248,-7.014678381407655
PKOBP,20,xgboost,,7.0,all,5,-7.11141817077175,0.26540338182145734,10248,-7.54402954213349
PKOBP,20,xgboost,,8.0,all,5,-7.513502424137957,0.4082166595845414,10248,-7.8101008357920065
PKOBP,20,xgboost,,9.0,all,5,-6.898522222780844,0.5815100117785031,10248,-7.405068163168406
PKOBP,20,xgboost,,10.0,all,5,-5.114123641573659,0.8923733991778227,10249,-6.5497473437598375
PKOBP,20,xgboost,,1.0,2017-12-27,5,-4.920108649558111,-0.7456118251521616,2855,-4.361537961692952
PKOBP,20,xgboost,,2.0,2017-12-27,5,-5.796237542290898,-0.4102876379260202,2761,-5.3449495618881455
PKOBP,20,xgboost,,3.0,2017-12-27,5,-5.419575875306423,-0.24984200058778416,2738,-5.163592005952959
PKOBP,20,xgboost,,4.0,2017-12-27,5,-5.483261530756533,-0.09787412046477706,2526,-5.518251061406329
PKOBP,20,xgboost,,5.0,2017-12-27,5,-5.583048315763049,0.03171150285905638,2569,-5.545728820972069
PKOBP,20,xgboost,,6.0,2017-12-27,5,-5.004419477396725,0.1462048832125235,2491,-5.336154033595688
PKOBP,20,xgboost,,7.0,2017-12-27,5,-5.084139999556226,0.2615058356369924,2018,-5.489167633011736
PKOBP,20,xgboost,,8.0,2017-12-27,5,-5.369420095057241,0.4051516919092975,1882,-5.78446839786096
PKOBP,20,xgboost,,9.0,2017-12-27,5,-4.810243734155559,0.5803197688715799,1400,-5.670145136534861
PKOBP,20,xgboost,,10.0,2017-12-27,5,-3.838112851253961,0.8666775362038387,1373,-4.909289306071414
PKOBP,20,xgboost,,1.0,2017-12-28,5,-6.269486298200945,-0.737197509838627,3488,-5.228703481451827
PKOBP,20,xgboost,,2.0,2017-12-28,5,-7.354680188869359,-0.42490415698633205,4236,-6.718353116472757
PKOBP,20,xgboost,,3.0,2017-12-28,5,-7.3521815232401035,-0.24764178102801304,4025,-6.813256785412023
PKOBP,20,xgboost,,4.0,2017-12-28,5,-7.60745657379217,-0.09769570963755153,3845,-7.384084174348973
PKOBP,20,xgboost,,5.0,2017-12-28,5,-7.323278572709269,0.02998442494854836,3869,-7.585575449816638
PKOBP,20,xgboost,,6.0,2017-12-28,5,-7.228205819071731,0.147216603004912,4086,-7.228067789227054
PKOBP,20,xgboost,,7.0,2017-12-28,5,-7.162353736213388,0.2650475230085475,4043,-7.811933037969108
PKOBP,20,xgboost,,8.0,2017-12-28,5,-7.397290421603644,0.4095896446968172,3803,-7.973686917033844
PKOBP,20,xgboost,,9.0,2017-12-28,5,-7.030587950309073,0.5784624491798273,3683,-7.726750750252718
PKOBP,20,xgboost,,10.0,2017-12-28,5,-6.40163678743541,0.9015750993114007,2630,-7.648139036920715
PKOBP,20,xgboost,,1.0,2017-12-29,5,-5.99446982830513,-0.7640978570731436,3913,-4.765354484481799
PKOBP,20,xgboost,,2.0,2017-12-29,5,-6.960249966907207,-0.4214995465770892,3245,-6.309169563064656
PKOBP,20,xgboost,,3.0,2017-12-29,5,-7.868344843124472,-0.24137743925798644,3486,-6.95856223477347
PKOBP,20,xgboost,,4.0,2017-12-29,5,-9.823286520678908,-0.09561692490012938,3896,-9.17277694916611
PKOBP,20,xgboost,,5.0,2017-12-29,5,-8.488942267902654,0.03176648081322806,3789,-8.170666049847114
PKOBP,20,xgboost,,6.0,2017-12-29,5,-8.028574225601215,0.15185392571872472,3671,-7.916148016397998
PKOBP,20,xgboost,,7.0,2017-12-29,5,-8.039317587641198,0.2676254944034599,4187,-8.27571750462317
PKOBP,20,xgboost,,8.0,2017-12-29,5,-8.494680856960198,0.4083364945139353,4563,-8.509229124466897
PKOBP,20,xgboost,,9.0,2017-12-29,5,-7.3703889816557595,0.5840057548802682,5165,-7.6459462404298675
PKOBP,20,xgboost,,10.0,2017-12-29,5,-4.852484711297089,0.8941473262530659,6246,-6.447854729724149
PKOBP,50,linear,,1.0,all,0,-6.258590884365224,-1.161432176464401,10240,-4.415491225859867
PKOBP,50,linear,,2.0,all,0,-6.950582159507554,-0.7703312799591028,10247,-5.702279592622485
PKOBP,50,linear,,3.0,all,0,-7.948860046970871,-0.4537599189423198,10235,-6.791173428987705
PKOBP,50,linear,,4.0,all,0,-7.7245644326434295,-0.1709545773260819,10237,-6.947294915529953
PKOBP,50,linear,,5.0,all,0,-7.442964022438608,0.08944183696247902,10237,-7.40932283426361
PKOBP,50,linear,,6.0,all,0,-6.762475150187058,0.32129531472755013,10239,-6.839691645488915
PKOBP,50,linear,,7.0,all,0,-7.261318454126069,0.5402291324093634,10244,-7.924601840239728
PKOBP,50,linear,,8.0,all,0,-7.2867167774598425,0.7686230596766818,10234,-7.875783799826305
PKOBP,50,linear,,9.0,all,0,-6.5094235130743865,1.006901710575032,10243,-7.745050565543487
PKOBP,50,linear,,10.0,all,0,-4.173988820894378,1.293194712283845,10236,-7.175455760397236
PKOBP,50,linear,,1.0,2017-12-27,0,-5.185959963403102,-1.1420033888818577,2573,-4.142774209079183
PKOBP,50,linear,,2.0,2017-12-27,0,-5.671118597512327,-0.7640250376048239,2866,-4.921579710326653
PKOBP,50,linear,,3.0,2017-12-27,0,-5.907649912094183,-0.4663965803436241,2585,-5.332002852095289
PKOBP,50,linear,,4.0,2017-12-27,0,-5.741601920929446,-0.1724930609114208,2662,-5.377509038958206
PKOBP,50,linear,,5.0,2017-12-27,0,-5.968709491908978,0.09070980407014285,2361,-5.857435325033773
PKOBP,50,linear,,6.0,2017-12-27,0,-4.536525914694119,0.31691092999493486,2387,-5.158730092258053
PKOBP,50,linear,,7.0,2017-12-27,0,-4.8934099886320235,0.53188761007808,2134,-5.826088492279667
PKOBP,50,linear,,8.0,2017-12-27,0,-4.978678964001732,0.7622994542848143,1934,-6.164267068349405
PKOBP,50,linear,,9.0,2017-12-27,0,-4.102874350481305,1.0039277584907096,1700,-5.55120535468557
PKOBP,50,linear,,10.0,2017-12-27,0,-3.236261588787555,1.3021064865330434,1381,-5.612908087790587
PKOBP,50,linear,,1.0,2017-12-28,0,-6.857307719183213,-1.145560264694371,3648,-4.847038455592067
PKOBP,50,linear,,2.0,2017-12-28,0,-7.490164656114542,-0.7727751083432941,4179,-6.336312058881641
PKOBP,50,linear,,3.0,2017-12-28,0,-7.82519721537372,-0.4545785795562274,3891,-6.7910572867843095
PKOBP,50,linear,,4.0,2017-12-28,0,-7.292164882305508,-0.17179407491313772,3910,-6.9968014023938565
PKOBP,50,linear,,5.0,2017-12-28,0,-7.059546167959104,0.0881264917325235,3933,-7.523750327052643
PKOBP,50,linear,,6.0,2017-12-28,0,-7.280361228692441,0.3232319975223349,4054,-7.09935394033188
PKOBP,50,linear,,7.0,2017-12-28,0,-6.871446630257563,0.5404626425613507,4081,-8.00418658770012
PKOBP,50,linear,,8.0,2017-12-28,0,-7.5441516140183715,0.7652644945079617,3733,-8.698990585590588
PKOBP,50,linear,,9.0,2017-12-28,0,-7.019218937882065,1.0031234400786215,3976,-8.583927733390896
PKOBP,50,linear,,10.0,2017-12-28,0,-4.799043725267822,1.255711802020707,2273,-7.802878072664032
PKOBP,50,linear,,1.0,2017-12-29,0,-6.4018504878037685,-1.1882774127388354,4019,-4.198376667540294
PKOBP,50,linear,,2.0,2017-12-29,0,-7.391565081230766,-0.7727862867579249,3202,-5.573567595796391
PKOBP,50,linear,,3.0,2017-12-29,0,-9.480570681820765,-0.44422249458182883,3759,-7.7947402953298965
PKOBP,50,linear,,4.0,2017-12-29,0,-9.626154732235214,-0.16894151351446926,3665,-8.034661802241038
PKOBP,50,linear,,5.0,2017-12-29,0,-8.708167514259141,0.08999460958439653,3943,-8.224428865243162
PKOBP,50,linear,,6.0,2017-12-29,0,-7.608665424768634,0.32198362813110337,3798,-7.618992404906682
PKOBP,50,linear,,7.0,2017-12-29,0,-8.91040844632554,0.5444107789034558,4029,-8.955488444896194
PKOBP,50,linear,,8.0,2017-12-29,0,-8.0536843461822,0.7740461769533851,4567,-7.927687112157869
PKOBP,50,linear,,9.0,2017-12-29,0,-6.961402266604692,1.0112980587329206,4567,-7.8313569459019625
PKOBP,50,linear,,10.0,2017-12-29,0,-4.154883915075277,1.3042690809848432,6582,-7.286629783503793
PKOBP,50,linear,,1.0,all,1,-6.259478271873815,-1.161432176464401,10240,-4.511137818017146
PKOBP,50,linear,,2.0,all,1,-6.907416191499439,-0.7703312799591028,10247,-5.732757632017176
PKOBP,50,linear,,3.0,all,1,-7.904078875525253,-0.4537599189423198,10235,-6.780593452738985
PKOBP,50,linear,,4.0,all,1,-7.677571710437623,-0.1709545773260819,10237,-6.939471109447097
PKOBP,50,linear,,5.0,all,1,-7.401782671059338,0.08944183696247902,10237,-7.389418960278094
PKOBP,50,linear,,6.0,all,1,-6.728531793805858,0.32129531472755013,10239,-6.8145274278663726
PKOBP,50,linear,,7.0,all,1,-7.227208921167376,0.5402291324093634,10244,-7.899657714236008
PKOBP,50,linear,,8.0,all,1,-7.255735457663205,0.7686230596766818,10234,-7.848142970302221
PKOBP,50,linear,,9.0,all,1,-6.550883024678609,1.006901710575032,10243,-7.7286891904651585
PKOBP,50,linear,,10.0,all,1,-4.406411440490153,1.293194712283845,10236,-7.181269152961148
PKOBP,50,linear,,1.0,2017-12-27,1,-5.174494903870093,-1.1420033888818577,2573,-4.231255350438435
PKOBP,50,linear,,2.0,2017-12-27,1,-5.6592257029019,-0.7640250376048239,2866,-4.935068223507195
PKOBP,50,linear,,3.0,2017-12-27,1,-5.8891796056031644,-0.4663965803436241,2585,-5.316202547158287
PKOBP,50,linear,,4.0,2017-12-27,1,-5.719361780161871,-0.1724930609114208,2662,-5.386960069212091
PKOBP,50,linear,,5.0,2017-12-27,1,-5.948438888750274,0.09070980407014285,2361,-5.812091148362622
PKOBP,50,linear,,6.0,2017-12-27,1,-4.527968031120676,0.31691092999493486,2387,-5.1444164734764035
PKOBP,50,linear,,7.0,2017-12-27,1,-4.888043579038175,0.53188761007808,2134,-5.800466331477425
PKOBP,50,linear,,8.0,2017-12-27,1,-4.989260106334181,0.7622994542848143,1934,-6.1477823776729394
PKOBP,50,linear,,9.0,2017-12-27,1,-4.139000570943193,1.0039277584907096,1700,-5.541811679760497
PKOBP,50,linear,,10.0,2017-12-27,1,-3.3598283033998753,1.3021064865330434,1381,-5.607910978612973
PKOBP,50,linear,,1.0,2017-12-28,1,-6.860439009924162,-1.145560264694371,3648,-4.933994148697034
PKOBP,50,linear,,2.0,2017-12-28,1,-7.457110601020169,-0.7727751083432941,4179,-6.374253188080084
PKOBP,50,linear,,3.0,2017-12-28,1,-7.783843868861318,-0.4545785795562274,3891,-6.788157456374616
PKOBP,50,linear,,4.0,2017-12-28,1,-7.2608219542765156,-0.17179407491313772,3910,-6.999768378602217
PKOBP,50,linear,,5.0,2017-12-28,1,-7.047499362942899,0.0881264917325235,3933,-7.510514940087849
PKOBP,50,linear,,6.0,2017-12-28,1,-7.257438194453722,0.3232319975223349,4054,-7.076438635650802
PKOBP,50,linear,,7.0,2017-12-28,1,-6.869232694735011,0.5404626425613507,4081,-7.97921178035741
PKOBP,50,linear,,8.0,2017-12-28,1,-7.5387701211548706,0.7652644945079617,3733,-8.658881712958708
PKOBP,50,linear,,9.0,2017-12-28,1,-7.065304722004306,1.0031234400786215,3976,-8.56509087597351
PKOBP,50,linear,,10.0,2017-12-28,1,-4.97440602551319,1.255711802020707,2273,-7.800834910718386
PKOBP,50,linear,,1.0,2017-12-29,1,-6.408609258055926,-1.1882774127388354,4019,-4.306499274787437
PKOBP,50,linear,,2.0,2017-12-29,1,-7.307210383546102,-0.7727862867579249,3202,-5.609512134204158
PKOBP,50,linear,,3.0,2017-12-29,1,-9.414147783127799,-0.44422249458182883,3759,-7.77980041011591
PKOBP,50,linear,,4.0,2017-12-29,1,-9.544487503339116,-0.16894151351446926,3665,-8.002778631059392
PKOBP,50,linear,,5.0,2017-12-29,1,-8.62540451251347,0.08999460958439653,3943,-8.213106628383766
PKOBP,50,linear,,6.0,2017-12-29,1,-7.547004451336948,0.32198362813110337,3798,-7.5846082103231325
PKOBP,50,linear,,7.0,2017-12-29,1,-8.828767575963655,0.5444107789034558,4029,-8.930934524105794
PKOBP,50,linear,,8.0,2017-12-29,1,-7.984177526998861,0.7740461769533851,4567,-7.905513160757307
PKOBP,50,linear,,9.0,2017-12-29,1,-7.000819416792301,1.0112980587329206,4567,-7.814557083308759
PKOBP,50,linear,,10.0,2017-12-29,1,-4.429851066829307,1.3042690809848432,6582,-7.297424526919309
PKOBP,50,linear,,1.0,all,5,-6.231724602521787,-1.161432176464401,10240,-4.633415022943715
PKOBP,50,linear,,2.0,all,5,-6.818532543373036,-0.7703312799591028,10247,-5.814193003930975
PKOBP,50,linear,,3.0,all,5,-7.8015563753889685,-0.4537599189423198,10235,-6.806128311913895
PKOBP,50,linear,,4.0,all,5,-7.6184811153065946,-0.1709545773260819,10237,-6.96419622685741
PKOBP,50,linear,,5.0,all,5,-7.342313880113266,0.08944183696247902,10237,-7.372933528708419
PKOBP,50,linear,,6.0,all,5,-6.673628461224267,0.32129531472755013,10239,-6.814775257223922
PKOBP,50,linear,,7.0,all,5,-7.235243458127301,0.5402291324093634,10244,-7.8446395098776085
PKOBP,50,linear,,8.0,all,5,-7.299466870020691,0.7686230596766818,10234,-7.748382254971123
PKOBP,50,linear,,9.0,all,5,-6.604119967020369,1.006901710575032,10243,-7.686454400417926
PKOBP,50,linear,,10.0,all,5,-4.691034675375332,1.293194712283845,10236,-7.138912456007399
PKOBP,50,linear,,1.0,2017-12-27,5,-5.124121322693144,-1.1420033888818577,2573,-4.378109758398307
PKOBP,50,linear,,2.0,2017-12-27,5,-5.621169536763671,-0.7640250376048239,2866,-4.9779387524355005
PKOBP,50,linear,,3.0,2017-12-27,5,-5.8460647154152925,-0.4663965803436241,2585,-5.27572926203594
PKOBP,50,linear,,4.0,2017-12-27,5,-5.6595105195798725,-0.1724930609114208,2662,-5.3887400752614
PKOBP,50,linear,,5.0,2017-12-27,5,-5.948360004099447,0.09070980407014285,2361,-5.775494222587809
PKOBP,50,linear,,6.0,2017-12-27,5,-4.503232071980355,0.31691092999493486,2387,-5.155861517730338
PKOBP,50,linear,,7.0,2017-12-27,5,-4.928486436802923,0.53188761007808,2134,-5.742785043348319
PKOBP,50,linear,,8.0,2017-12-27,5,-5.031564335642737,0.7622994542848143,1934,-6.091275232543206
PKOBP,50,linear,,9.0,2017-12-27,5,-4.212650114578381,1.0039277584907096,1700,-5.508326267055661
PKOBP,50,linear,,10.0,2017-12-27,5,-3.5657444398342952,1.3021064865330434,1381,-5.571528169380244
PKOBP,50,linear,,1.0,2017-12-28,5,-6.856288355750486,-1.145560264694371,3648,-5.070591605962812
PKOBP,50,linear,,2.0,2017-12-28,5,-7.345400855669352,-0.7727751083432941,4179,-6.4560976415697935
PKOBP,50,linear,,3.0,2017-12-28,5,-7.694199076609145,-0.4545785795562274,3891,-6.841068879104036
PKOBP,50,linear,,4.0,2017-12-28,5,-7.194102323729029,-0.17179407491313772,3910,-7.061487508615896
PKOBP,50,linear,,5.0,2017-12-28,5,-7.004893497599732,0.0881264917325235,3933,-7.496215856789816
PKOBP,50,linear,,6.0,2017-12-28,5,-7.211629345713481,0.3232319975223349,4054,-7.082021499225663
PKOBP,50,linear,,7.0,2017-12-28,5,-6.897571128960532,0.5404626425613507,4081,-7.924227818934171
PKOBP,50,linear,,8.0,2017-12-28,5,-7.64813852894551,0.7652644945079617,3733,-8.530003796132124
PKOBP,50,linear,,9.0,2017-12-28,5,-7.161398014920975,1.0031234400786215,3976,-8.49095735399834
PKOBP,50,linear,,10.0,2017-12-28,5,-5.209445164562494,1.255711802020707,2273,-7.689135670232757
PKOBP,50,linear,,1.0,2017-12-29,5,-6.373912875032562,-1.1882774127388354,4019,-4.40004360488491
PKOBP,50,linear,,2.0,2017-12-29,5,-7.202623642641033,-0.7727862867579249,3202,-5.724931668544782
PKOBP,50,linear,,3.0,2017-12-29,5,-9.257441767935989,-0.44422249458182883,3759,-7.822390029657358
PKOBP,50,linear,,4.0,2017-12-29,5,-9.494088427964938,-0.16894151351446926,3665,-8.00470246529476
PKOBP,50,linear,,5.0,2017-12-29,5,-8.513553917063394,0.08999460958439653,3943,-8.206482807279716
PKOBP,50,linear,,6.0,2017-12-29,5,-7.4634337786034,0.32198362813110337,3798,-7.5721240805773
PKOBP,50,linear,,7.0,2017-12-29,5,-8.799070774790446,0.5444107789034558,4029,-8.877292163715701
PKOBP,50,linear,,8.0,2017-12-29,5,-7.974862578083011,0.7740461769533851,4567,-7.811235718562449
PKOBP,50,linear,,9.0,2017-12-29,5,-7.009147606761681,1.0112980587329206,4567,-7.796836288589619
PKOBP,50,linear,,10.0,2017-12-29,5,-4.74811136534187,1.3042690809848432,6582,-7.277760881090636
PKOBP,50,xgboost,,1.0,all,0,-6.796256551241486,-1.1564781441469676,10240,-4.638159858468296
PKOBP,50,xgboost,,2.0,all,0,-7.015206861138594,-0.6568653898971121,10247,-5.916057474290758
PKOBP,50,xgboost,,3.0,all,0,-7.492495209817258,-0.3782868139714448,10233,-6.304967729791291
PKOBP,50,xgboost,,4.0,all,0,-7.6036311244113515,-0.15439223445703756,10237,-7.010214882337777
PKOBP,50,xgboost,,5.0,all,0,-7.125104210748016,0.05467087496171184,10239,-6.959725932260363
PKOBP,50,xgboost,,6.0,all,0,-6.788979900780457,0.25164257998377243,10258,-7.040255223779506
PKOBP,50,xgboost,,7.0,all,0,-6.896242962310791,0.442401580897446,10220,-7.4812327036107105
PKOBP,50,xgboost,,8.0,all,0,-7.0787338379724885,0.6769498850070053,10239,-7.748964832317252
PKOBP,50,xgboost,,9.0,all,0,-6.074779867345092,0.9453270659956615,10240,-7.375297358607375
PKOBP,50,xgboost,,10.0,all,0,-5.448671865348555,1.4084098469129425,10239,-8.351732609211888
PKOBP,50,xgboost,,1.0,2017-12-27,0,-5.611870217324665,-1.1021994173398029,2778,-4.311902239033635
PKOBP,50,xgboost,,2.0,2017-12-27,0,-5.572032236692004,-0.6467885874349959,2804,-5.029785435154711
PKOBP,50,xgboost,,3.0,2017-12-27,0,-5.29763080202115,-0.37911079456279806,2849,-4.652392319891136
PKOBP,50,xgboost,,4.0,2017-12-27,0,-5.343572043887717,-0.14559391692967352,2561,-5.468313259201234
PKOBP,50,xgboost,,5.0,2017-12-27,0,-5.8702794673327645,0.05639576094317311,2622,-5.6196924206877465
PKOBP,50,xgboost,,6.0,2017-12-27,0,-4.620258981019431,0.24664914017124684,2479,-5.338086837847317
PKOBP,50,xgboost,,7.0,2017-12-27,0,-4.913535938008052,0.442879920381193,2080,-5.705643155906713
PKOBP,50,xgboost,,8.0,2017-12-27,0,-5.053023357853271,0.677501077070791,1805,-6.091267757504297
PKOBP,50,xgboost,,9.0,2017-12-27,0,-4.110668840565509,0.9496747792921238,1601,-6.158123757311371
PKOBP,50,xgboost,,10.0,2017-12-27,0,-3.814210015559845,1.3833733700898538,1004,-6.492544048978669
PKOBP,50,xgboost,,1.0,2017-12-28,0,-7.274841795968174,-1.1354742610642137,3686,-5.132734076259986
PKOBP,50,xgboost,,2.0,2017-12-28,0,-7.690556954297263,-0.6602566156470985,4275,-6.432359901034633
PKOBP,50,xgboost,,3.0,2017-12-28,0,-7.905768617075881,-0.3720133489321086,3872,-6.579426326111374
PKOBP,50,xgboost,,4.0,2017-12-28,0,-6.955454891621677,-0.15505038208584024,3684,-6.978697465439409
PKOBP,50,xgboost,,5.0,2017-12-28,0,-6.91797833696964,0.05447186289363692,3728,-7.1431625687405225
PKOBP,50,xgboost,,6.0,2017-12-28,0,-7.068979149744008,0.24824304354723037,3987,-7.335390008950231
PKOBP,50,xgboost,,7.0,2017-12-28,0,-6.820669641122911,0.44492473980044106,4082,-7.720184493172166
PKOBP,50,xgboost,,8.0,2017-12-28,0,-6.86174359172871,0.676329447194723,4027,-8.127930345167298
PKOBP,50,xgboost,,9.0,2017-12-28,0,-6.634897838173274,0.933482966225618,3454,-8.033001352926387
PKOBP,50,xgboost,,10.0,2017-12-28,0,-6.689403698201212,1.3853562969405577,2883,-9.659787252436695
PKOBP,50,xgboost,,1.0,2017-12-29,0,-7.200430286294016,-1.2169142183295245,3776,-4.395401145547036
PKOBP,50,xgboost,,2.0,2017-12-29,0,-7.381223274868057,-0.6612081500052502,3168,-6.003782828901684
PKOBP,50,xgboost,,3.0,2017-12-29,0,-8.817373929892918,-0.3845349164565087,3512,-7.342975605034507
PKOBP,50,xgboost,,4.0,2017-12-29,0,-9.651700399666408,-0.15942927737363832,3992,-8.028481470691052
PKOBP,50,xgboost,,5.0,2017-12-29,0,-8.16966984064788,0.053698713981097775,3889,-7.6873464225008785
PKOBP,50,xgboost,,6.0,2017-12-29,0,-7.912371819153321,0.25848136929488635,3792,-7.842727017094434
PKOBP,50,xgboost,,7.0,2017-12-29,0,-7.988534955321788,0.4396183180171554,4058,-8.150977665225904
PKOBP,50,xgboost,,8.0,2017-12-29,0,-8.106695521257917,0.6772910698027683,4407,-8.081628571774989
PKOBP,50,xgboost,,9.0,2017-12-29,0,-6.308124955606148,0.951874574504455,5185,-7.312999449117892
PKOBP,50,xgboost,,10.0,2017-12-29,0,-5.143881220366447,1.4228305029741461,6352,-8.051906377797692
PKOBP,50,xgboost,,1.0,all,1,-6.783706908363174,-1.1564781441469676,10240,-4.7258268087459845
PKOBP,50,xgboost,,2.0,all,1,-6.981698761940034,-0.6568653898971121,10247,-5.931751747903189
PKOBP,50,xgboost,,3.0,all,1,-7.462426884566037,-0.3782868139714448,10233,-6.312311125786579
PKOBP,50,xgboost,,4.0,all,1,-7.576060509887798,-0.15439223445703756,10237,-7.004710037234437
PKOBP,50,xgboost,,5.0,all,1,-7.097331837774522,0.05467087496171184,10239,-6.93917238675195
PKOBP,50,xgboost,,6.0,all,1,-6.743519221624482,0.25164257998377243,10258,-7.035638889053192
PKOBP,50,xgboost,,7.0,all,1,-6.888318239497266,0.442401580897446,10220,-7.458260109381354
PKOBP,50,xgboost,,8.0,all,1,-7.074776046160007,0.6769498850070053,10239,-7.72268530643737
PKOBP,50,xgboost,,9.0,all,1,-6.120625614498313,0.9453270659956615,10240,-7.353200722068642
PKOBP,50,xgboost,,10.0,all,1,-5.591269687896445,1.4084098469129425,10239,-8.342557715461657
PKOBP,50,xgboost,,1.0,2017-12-27,1,-5.599598900939849,-1.1021994173398029,2778,-4.362696742701821
PKOBP,50,xgboost,,2.0,2017-12-27,1,-5.558245269457471,-0.6467885874349959,2804,-5.0525249094733855
PKOBP,50,xgboost,,3.0,2017-12-27,1,-5.2792967626100005,-0.37911079456279806,2849,-4.644421105617843
PKOBP,50,xgboost,,4.0,2017-12-27,1,-5.32221795229642,-0.14559391692967352,2561,-5.452352040758237
PKOBP,50,xgboost,,5.0,2017-12-27,1,-5.861585177391877,0.05639576094317311,2622,-5.600598693850734
PKOBP,50,xgboost,,6.0,2017-12-27,1,-4.620278626780794,0.24664914017124684,2479,-5.327976678509933
PKOBP,50,xgboost,,7.0,2017-12-27,1,-4.900394313796109,0.442879920381193,2080,-5.695756029059549
PKOBP,50,xgboost,,8.0,2017-12-27,1,-5.060560274696888,0.677501077070791,1805,-6.083718386714121
PKOBP,50,xgboost,,9.0,2017-12-27,1,-4.144767204944431,0.9496747792921238,1601,-6.150984682761215
PKOBP,50,xgboost,,10.0,2017-12-27,1,-3.9773659856204944,1.3833733700898538,1004,-6.472073678960201
PKOBP,50,xgboost,,1.0,2017-12-28,1,-7.26321121414057,-1.1354742610642137,3686,-5.229840776130381
PKOBP,50,xgboost,,2.0,2017-12-28,1,-7.658242113259818,-0.6602566156470985,4275,-6.437165287023056
PKOBP,50,xgboost,,3.0,2017-12-28,1,-7.870032933833639,-0.3720133489321086,3872,-6.606948983632978
PKOBP,50,xgboost,,4.0,2017-12-28,1,-6.945004682064593,-0.15505038208584024,3684,-6.984248469824122
PKOBP,50,xgboost,,5.0,2017-12-28,1,-6.900368839717176,0.05447186289363692,3728,-7.116406421278187
PKOBP,50,xgboost,,6.0,2017-12-28,1,-7.0434112400299504,0.24824304354723037,3987,-7.334878105773215
PKOBP,50,xgboost,,7.0,2017-12-28,1,-6.828458316228853,0.44492473980044106,4082,-7.701877331858943
PKOBP,50,xgboost,,8.0,2017-12-28,1,-6.865087644604383,0.676329447194723,4027,-8.093014859373746
PKOBP,50,xgboost,,9.0,2017-12-28,1,-6.665058508945184,0.933482966225618,3454,-8.000804235678451
PKOBP,50,xgboost,,10.0,2017-12-28,1,-6.820611020358968,1.3853562969405577,2883,-9.633003263940681
PKOBP,50,xgboost,,1.0,2017-12-29,1,-7.186778723386085,-1.2169142183295245,3776,-4.500980367986399
PKOBP,50,xgboost,,2.0,2017-12-29,1,-7.328649761317887,-0.6612081500052502,3168,-6.027935199677098
PKOBP,50,xgboost,,3.0,2017-12-29,1,-8.784034827245023,-0.3845349164565087,3512,-7.340494748189617
PKOBP,50,xgboost,,4.0,2017-12-29,1,-9.604342188167411,-0.15942927737363832,3992,-8.019481891772301
PKOBP,50,xgboost,,5.0,2017-12-29,1,-8.119292701822115,0.053698713981097775,3889,-7.67175447522538
PKOBP,50,xgboost,,6.0,2017-12-29,1,-7.8162628812328405,0.25848136929488635,3792,-7.8373867431866335
PKOBP,50,xgboost,,7.0,2017-12-29,1,-7.967477917230156,0.4396183180171554,4058,-8.116604856773137
PKOBP,50,xgboost,,8.0,2017-12-29,1,-8.091357543903467,0.6772910698027683,4407,-8.055568941659896
PKOBP,50,xgboost,,9.0,2017-12-29,1,-6.368046655245906,0.951874574504455,5185,-7.293012745776051
PKOBP,50,xgboost,,10.0,2017-12-29,1,-5.288399451056961,1.4228305029741461,6352,-8.052509141214559
PKOBP,50,xgboost,,1.0,all,5,-6.728985134677382,-1.1564781441469676,10240,-4.850982365834921
PKOBP,50,xgboost,,2.0,all,5,-6.883977849658312,-0.6568653898971121,10247,-6.004874607902928
PKOBP,50,xgboost,,3.0,all,5,-7.357226049754425,-0.3782868139714448,10233,-6.354945157786135
PKOBP,50,xgboost,,4.0,all,5,-7.510436201435411,-0.15439223445703756,10237,-7.020464203390374
PKOBP,50,xgboost,,5.0,all,5,-7.050604606937249,0.05467087496171184,10239,-6.928538537052815
PKOBP,50,xgboost,,6.0,all,5,-6.699250770420001,0.25164257998377243,10258,-7.06630999313246
PKOBP,50,xgboost,,7.0,all,5,-6.930355884426528,0.442401580897446,10220,-7.409030538808
PKOBP,50,xgboost,,8.0,all,5,-7.1057697455142845,0.6769498850070053,10239,-7.651779088817039
PKOBP,50,xgboost,,9.0,all,5,-6.242428955797813,0.9453270659956615,10240,-7.29379463673997
PKOBP,50,xgboost,,10.0,all,5,-5.807768616948495,1.4084098469129425,10239,-8.243658247300175
PKOBP,50,xgboost,,1.0,2017-12-27,5,-5.539107296587132,-1.1021994173398029,2778,-4.517500593216896
PKOBP,50,xgboost,,2.0,2017-12-27,5,-5.509589254805541,-0.6467885874349959,2804,-5.123180229802723
PKOBP,50,xgboost,,3.0,2017-12-27,5,-5.2425313672259515,-0.37911079456279806,2849,-4.593310996604054
PKOBP,50,xgboost,,4.0,2017-12-27,5,-5.310540961309409,-0.14559391692967352,2561,-5.407947455410971
PKOBP,50,xgboost,,5.0,2017-12-27,5,-5.846828174107104,0.05639576094317311,2622,-5.598870741713746
PKOBP,50,xgboost,,6.0,2017-12-27,5,-4.6276507538718015,0.24664914017124684,2479,-5.326251763525486
PKOBP,50,xgboost,,7.0,2017-12-27,5,-4.890510446431759,0.442879920381193,2080,-5.704456209715962
PKOBP,50,xgboost,,8.0,2017-12-27,5,-5.116007175889317,0.677501077070791,1805,-6.018048512434275
PKOBP,50,xgboost,,9.0,2017-12-27,5,-4.301010476761289,0.9496747792921238,1601,-6.08135206315099
PKOBP,50,xgboost,,10.0,2017-12-27,5,-4.115696481913393,1.3833733700898538,1004,-6.326757191519667
PKOBP,50,xgboost,,1.0,2017-12-28,5,-7.196373470815636,-1.1354742610642137,3686,-5.349112890581625
PKOBP,50,xgboost,,2.0,2017-12-28,5,-7.548553089219601,-0.6602566156470985,4275,-6.508119796375511
PKOBP,50,xgboost,,3.0,2017-12-28,5,-7.721965749356185,-0.3720133489321086,3872,-6.70468943683609
PKOBP,50,xgboost,,4.0,2017-12-28,5,-6.917217552834347,-0.15505038208584024,3684,-7.0361467116060314
PKOBP,50,xgboost,,5.0,2017-12-28,5,-6.861500947022315,0.05447186289363692,3728,-7.092606503114006
PKOBP,50,xgboost,,6.0,2017-12-28,5,-7.0207958053899615,0.24824304354723037,3987,-7.354980099365562
PKOBP,50,xgboost,,7.0,2017-12-28,5,-6.909581159212424,0.44492473980044106,4082,-7.66350970123011
PKOBP,50,xgboost,,8.0,2017-12-28,5,-6.939220092880542,0.676329447194723,4027,-8.039518461650301
PKOBP,50,xgboost,,9.0,2017-12-28,5,-6.768019015271248,0.933482966225618,3454,-7.875994963769393
PKOBP,50,xgboost,,10.0,2017-12-28,5,-7.04122544191007,1.3853562969405577,2883,-9.459190513783023
PKOBP,50,xgboost,,1.0,2017-12-29,5,-7.148128997815388,-1.2169142183295245,3776,-4.610066913005608
PKOBP,50,xgboost,,2.0,2017-12-29,5,-7.203651609394002,-0.6612081500052502,3168,-6.10616812288799
PKOBP,50,xgboost,,3.0,2017-12-29,5,-8.670578280297025,-0.3845349164565087,3512,-7.398420635213904
PKOBP,50,xgboost,,4.0,2017-12-29,5,-9.469191013912619,-0.15942927737363832,3992,-8.040474481774336
PKOBP,50,xgboost,,5.0,2017-12-29,5,-8.043476875140776,0.053698713981097775,3889,-7.667737195294759
PKOBP,50,xgboost,,6.0,2017-12-29,5,-7.715468171948942,0.25848136929488635,3792,-7.900349190823469
PKOBP,50,xgboost,,7.0,2017-12-29,5,-7.996812498362728,0.4396183180171554,4058,-8.026756182845554
PKOBP,50,xgboost,,8.0,2017-12-29,5,-8.072916759203677,0.6772910698027683,4407,-7.966609412386667
PKOBP,50,xgboost,,9.0,2017-12-29,5,-6.491767995241638,0.951874574504455,5185,-7.280332849036273
PKOBP,50,xgboost,,10.0,2017-12-29,5,-5.515385807945194,1.4228305029741461,6352,-7.994947468920699
PZU,10,linear,,1.0,all,0,-5.298645933418259,-0.44992461284960994,15326,-4.3414763438475905
PZU,10,linear,,2.0,all,0,-7.170450660754825,-0.3044999936072597,15325,-6.47540074027301
PZU,10,linear,,3.0,all,0,-7.845027306843107,-0.19749369740208134,15325,-7.557539965254955
PZU,10,linear,,4.0,all,0,-8.526088991785883,-0.1047304137327851,15325,-8.32416559605474
PZU,10,linear,,5.0,all,0,-9.26995195230554,-0.017748934712932492,15332,-9.157803044731725
PZU,10,linear,,6.0,all,0,-9.105052003858287,0.06185560368195757,15342,-9.284277609875662
PZU,10,linear,,7.0,all,0,-8.599934113797596,0.1390185282352604,15303,-8.978078297924826
PZU,10,linear,,8.0,all,0,-8.612176233981527,0.21576616450698557,15324,-8.95319372333132
PZU,10,linear,,9.0,all,0,-7.5807638231778816,0.2983259129974626,15325,-8.254161453882942
PZU,10,linear,,10.0,all,0,-5.13508215691754,0.4195622103770138,15326,-6.323599899381299
PZU,10,linear,,1.0,2017-12-27,0,-5.316561854487099,-0.45122485461598627,8023,-4.1721106421216
PZU,10,linear,,2.0,2017-12-27,0,-7.471836189520156,-0.30434734202707037,8245,-6.657510377031678
PZU,10,linear,,3.0,2017-12-27,0,-7.872166350927267,-0.19621821438133813,8212,-7.508653810007469
PZU,10,linear,,4.0,2017-12-27,0,-8.467920782012548,-0.10504519769836249,8077,-8.253994265182332
PZU,10,linear,,5.0,2017-12-27,0,-8.930124189116896,-0.018133840337678217,7680,-8.94324083039581
PZU,10,linear,,6.0,2017-12-27,0,-7.832544979602003,0.06247362328664288,7612,-8.026095668405237
PZU,10,linear,,7.0,2017-12-27,0,-8.15312473808292,0.14024368009024044,8456,-8.568969887635985
PZU,10,linear,,8.0,2017-12-27,0,-8.23960351877358,0.21429044136854056,7859,-8.669589017073445
PZU,10,linear,,9.0,2017-12-27,0,-7.341554544711235,0.2979179567365738,8006,-8.06396557127895
PZU,10,linear,,10.0,2017-12-27,0,-5.189037632833459,0.414860986206458,8045,-6.53466386667865
PZU,10,linear,,1.0,2017-12-28,0,-5.212705661156581,-0.4467709632262043,3987,-4.396152742357455
PZU,10,linear,,2.0,2017-12-28,0,-6.681192217057355,-0.30741134760378697,3896,-6.2198719487821235
PZU,10,linear,,3.0,2017-12-28,0,-7.318762981686763,-0.19682805650471957,3317,-7.144304390455473
PZU,10,linear,,4.0,2017-12-28,0,-7.297346450743369,-0.10228985929885448,3201,-7.449500321007312
PZU,10,linear,,5.0,2017-12-28,0,-8.26271485420349,-0.015121565888996163,3267,-8.158451942131215
PZU,10,linear,,6.0,2017-12-28,0,-9.68071018281524,0.06365980653871205,3228,-9.905069875206873
PZU,10,linear,,7.0,2017-12-28,0,-8.193008646918567,0.13551095762931648,3158,-8.695228502106334
PZU,10,linear,,8.0,2017-12-28,0,-7.384934351626436,0.21824170354720365,3240,-7.585972520026643
PZU,10,linear,,9.0,2017-12-28,0,-6.914722677648939,0.30091092682932846,3575,-7.5579533814135065
PZU,10,linear,,10.0,2017-12-28,0,-4.80742627570312,0.43182136122746817,4058,-5.977633964202459
PZU,10,linear,,1.0,2017-12-29,0,-5.358629175508727,-0.4505704998691761,3316,-4.685513202740468
PZU,10,linear,,2.0,2017-12-29,0,-6.988675287631455,-0.3013329009904854,3184,-6.316495657538482
PZU,10,linear,,3.0,2017-12-29,0,-8.246174023525002,-0.2008346345524744,3796,-8.024388097104863
PZU,10,linear,,4.0,2017-12-29,0,-9.614062677038245,-0.1060325399134235,4047,-9.1560354712421
PZU,10,linear,,5.0,2017-12-29,0,-10.615566734697374,-0.01903229588733451,4385,-10.27814919257567
PZU,10,linear,,6.0,2017-12-29,0,-10.843856727751175,0.05951701371028541,4502,-10.966499623643706
PZU,10,linear,,7.0,2017-12-29,0,-9.972471578001254,0.1392128963263039,3689,-10.157980811504995
PZU,10,linear,,8.0,2017-12-29,0,-10.24633307839567,0.21661278265011763,4225,-10.529204631068078
PZU,10,linear,,9.0,2017-12-29,0,-8.72825489654058,0.296729939005944,3744,-9.325649727175083
PZU,10,linear,,10.0,2017-12-29,0,-5.4129461849115,0.4158618424902553,3223,-6.232355762877589
PZU,10,linear,,1.0,all,1,-5.332679832487065,-0.44992461284960994,15326,-4.505973738486009
PZU,10,linear,,2.0,all,1,-7.177313536655924,-0.3044999936072597,15325,-6.5129830856828725
PZU,10,linear,,3.0,all,1,-7.823788401506647,-0.19749369740208134,15325,-7.5632873667667075
PZU,10,linear,,4.0,all,1,-8.483795261811835,-0.1047304137327851,15325,-8.299757344894024
PZU,10,linear,,5.0,all,1,-9.223995797162923,-0.017748934712932492,15332,-9.127214335026315
PZU,10,linear,,6.0,all,1,-9.067575848972663,0.06185560368195757,15342,-9.24934390038903
PZU,10,linear,,7.0,all,1,-8.553808487984863,0.1390185282352604,15303,-8.92905153582294
PZU,10,linear,,8.0,all,1,-8.596804340480631,0.21576616450698557,15324,-8.91509353106307
PZU,10,linear,,9.0,all,1,-7.5886580016333545,0.2983259129974626,15325,-8.206195303316733
PZU,10,linear,,10.0,all,1,-5.296288357239527,0.4195622103770138,15326,-6.335775379851719
PZU,10,linear,,1.0,2017-12-27,1,-5.360642717973369,-0.45122485461598627,8023,-4.356875768258396
PZU,10,linear,,2.0,2017-12-27,1,-7.48369093263966,-0.30434734202707037,8245,-6.6953751708783695
PZU,10,linear,,3.0,2017-12-27,1,-7.861479251062041,-0.19621821438133813,8212,-7.528703423054191
PZU,10,linear,,4.0,2017-12-27,1,-8.423453928551439,-0.10504519769836249,8077,-8.226264986857078
PZU,10,linear,,5.0,2017-12-27,1,-8.87283874483838,-0.018133840337678217,7680,-8.903596026505562
PZU,10,linear,,6.0,2017-12-27,1,-7.802755803627522,0.06247362328664288,7612,-7.97980811780521
PZU,10,linear,,7.0,2017-12-27,1,-8.09469780537259,0.14024368009024044,8456,-8.522772332154242
PZU,10,linear,,8.0,2017-12-27,1,-8.2099172944997,0.21429044136854056,7859,-8.608035292009802
PZU,10,linear,,9.0,2017-12-27,1,-7.356187157415575,0.2979179567365738,8006,-8.006805498347257
PZU,10,linear,,10.0,2017-12-27,1,-5.348096765061466,0.414860986206458,8045,-6.556383975909965
PZU,10,linear,,1.0,2017-12-28,1,-5.232131736243364,-0.4467709632262043,3987,-4.537177144899405
PZU,10,linear,,2.0,2017-12-28,1,-6.6921990390313235,-0.30741134760378697,3896,-6.241920260093284
PZU,10,linear,,3.0,2017-12-28,1,-7.304271876946527,-0.19682805650471957,3317,-7.136318488647755
PZU,10,linear,,4.0,2017-12-28,1,-7.250074663265881,-0.10228985929885448,3201,-7.4232498163374885
PZU,10,linear,,5.0,2017-12-28,1,-8.210052613310905,-0.015121565888996163,3267,-8.122509846029471
PZU,10,linear,,6.0,2017-12-28,1,-9.619774945557284,0.06365980653871205,3228,-9.877482981504425
PZU,10,linear,,7.0,2017-12-28,1,-8.167903117450752,0.13551095762931648,3158,-8.647407226946672
PZU,10,linear,,8.0,2017-12-28,1,-7.384231277289089,0.21824170354720365,3240,-7.564614644386648
PZU,10,linear,,9.0,2017-12-28,1,-6.897344546604548,0.30091092682932846,3575,-7.513588783785502
PZU,10,linear,,10.0,2017-12-28,1,-4.955512639242465,0.43182136122746817,4058,-5.991704624121066
PZU,10,linear,,1.0,2017-12-29,1,-5.385918381783511,-0.4505704998691761,3316,-4.829196004398534
PZU,10,linear,,2.0,2017-12-29,1,-6.977541065820351,-0.3013329009904854,3184,-6.372354325023373
PZU,10,linear,,3.0,2017-12-29,1,-8.196211756463715,-0.2008346345524744,3796,-8.011195458043774
PZU,10,linear,,4.0,2017-12-29,1,-9.580043491287947,-0.1060325399134235,4047,-9.139712465915494
PZU,10,linear,,5.0,2017-12-29,1,-10.594449284847538,-0.01903229588733451,4385,-10.267410041980035
PZU,10,linear,,6.0,2017-12-29,1,-10.810203903480009,0.05951701371028541,4502,-10.945495260492885
PZU,10,linear,,7.0,2017-12-29,1,-9.936548822036398,0.1392128963263039,3689,-10.101436917675409
PZU,10,linear,,8.0,2017-12-29,1,-10.246338546185894,0.21661278265011763,4225,-10.521891707051527
PZU,10,linear,,9.0,2017-12-29,1,-8.745871457972973,0.296729939005944,3744,-9.293904460878105
PZU,10,linear,,10.0,2017-12-29,1,-5.596030592022206,0.4158618424902553,3223,-6.21832051527412
PZU,10,linear,,1.0,all,5,-5.373590071082104,-0.44992461284960994,15326,-4.807338641425594
PZU,10,linear,,2.0,all,5,-7.1572741662101045,-0.3044999936072597,15325,-6.62380899169496
PZU,10,linear,,3.0,all,5,-7.788440469087414,-0.19749369740208134,15325,-7.609054948580903
PZU,10,linear,,4.0,all,5,-8.341854066800405,-0.1047304137327851,15325,-8.28392403404331
PZU,10,linear,,5.0,all,5,-9.129152935083265,-0.017748934712932492,15332,-9.103752592284623
PZU,10,linear,,6.0,all,5,-9.022064900807408,0.06185560368195757,15342,-9.165522751325838
PZU,10,linear,,7.0,all,5,-8.491266411905467,0.1390185282352604,15303,-8.823716676113614
PZU,10,linear,,8.0,all,5,-8.584927537403725,0.21576616450698557,15324,-8.809521455235306
PZU,10,linear,,9.0,all,5,-7.661356629353598,0.2983259129974626,15325,-8.11826714604852
PZU,10,linear,,10.0,all,5,-5.60069930846338,0.4195622103770138,15326,-6.277807089096745
PZU,10,linear,,1.0,2017-12-27,5,-5.414647037742656,-0.45122485461598627,8023,-4.680070096266129
PZU,10,linear,,2.0,2017-12-27,5,-7.443145669761653,-0.30434734202707037,8245,-6.808049652453535
PZU,10,linear,,3.0,2017-12-27,5,-7.828181288838764,-0.19621821438133813,8212,-7.580139221949184
PZU,10,linear,,4.0,2017-12-27,5,-8.284076038771387,-0.10504519769836249,8077,-8.21058229396989
PZU,10,linear,,5.0,2017-12-27,5,-8.788934387304534,-0.018133840337678217,7680,-8.844538107844523
PZU,10,linear,,6.0,2017-12-27,5,-7.754361761889392,0.06247362328664288,7612,-7.894811683519154
PZU,10,linear,,7.0,2017-12-27,5,-8.03523145898998,0.14024368009024044,8456,-8.442962006694483
PZU,10,linear,,8.0,2017-12-27,5,-8.187721419632135,0.21429044136854056,7859,-8.432960315026543
PZU,10,linear,,9.0,2017-12-27,5,-7.427044533705076,0.2979179567365738,8006,-7.930863799015211
PZU,10,linear,,10.0,2017-12-27,5,-5.655586986753992,0.414860986206458,8045,-6.505355351201577
PZU,10,linear,,1.0,2017-12-28,5,-5.170625125558953,-0.4467709632262043,3987,-4.801930820671707
PZU,10,linear,,2.0,2017-12-28,5,-6.717243597323183,-0.30741134760378697,3896,-6.342659595850024
PZU,10,linear,,3.0,2017-12-28,5,-7.315763377622668,-0.19682805650471957,3317,-7.222357178011141
PZU,10,linear,,4.0,2017-12-28,5,-7.119616110667376,-0.10228985929885448,3201,-7.426246037134171
PZU,10,linear,,5.0,2017-12-28,5,-8.090512749089497,-0.015121565888996163,3267,-8.06333802160024
PZU,10,linear,,6.0,2017-12-28,5,-9.530893627360546,0.06365980653871205,3228,-9.772683807106144
PZU,10,linear,,7.0,2017-12-28,5,-8.123766164749307,0.13551095762931648,3158,-8.488857375094627
PZU,10,linear,,8.0,2017-12-28,5,-7.369392251254837,0.21824170354720365,3240,-7.549358625999891
PZU,10,linear,,9.0,2017-12-28,5,-6.961705667474785,0.30091092682932846,3575,-7.434995499375382
PZU,10,linear,,10.0,2017-12-28,5,-5.249965975565103,0.43182136122746817,4058,-5.907296928348157
PZU,10,linear,,1.0,2017-12-29,5,-5.518288863085483,-0.4505704998691761,3316,-5.121764612221774
PZU,10,linear,,2.0,2017-12-29,5,-6.955436399124967,-0.3013329009904854,3184,-6.490735435871288
PZU,10,linear,,3.0,2017-12-29,5,-8.115500084627579,-0.2008346345524744,3796,-8.009511337432212
PZU,10,linear,,4.0,2017-12-29,5,-9.423904185399909,-0.1060325399134235,4047,-9.108685215827139
PZU,10,linear,,5.0,2017-12-29,5,-10.498848701236582,-0.01903229588733451,4385,-10.332897778812756
PZU,10,linear,,6.0,2017-12-29,5,-10.80066489283993,0.05951701371028541,4502,-10.87870284019426
PZU,10,linear,,7.0,2017-12-29,5,-9.851200633204604,0.1392128963263039,3689,-9.983149356305029
PZU,10,linear,,8.0,2017-12-29,5,-10.255928059697066,0.21661278265011763,4225,-10.476343128045578
PZU,10,linear,,9.0,2017-12-29,5,-8.83046849540029,0.296729939005944,3744,-9.171431497866134
PZU,10,linear,,10.0,2017-12-29,5,-5.905292697558397,0.4158618424902553,3223,-6.176319178356566
PZU,10,xgboost,,1.0,all,0,-5.429723836304316,-0.5149331227267594,15332,-4.387896404607712
PZU,10,xgboost,,2.0,all,0,-7.439056372477552,-0.26510127971199415,15319,-6.760806820141643
PZU,10,xgboost,,3.0,all,0,-8.206315009326113,-0.1573348884835001,15326,-7.845590220596582
PZU,10,xgboost,,4.0,all,0,-8.20913695126956,-0.08553651210933276,15337,-7.997801621822994
PZU,10,xgboost,,5.0,all,0,-8.814575056851535,-0.00826999481095794,15323,-8.803780300679026
PZU,10,xgboost,,6.0,all,0,-8.39538436304464,0.05670022762026677,15328,-8.569500745672418
PZU,10,xgboost,,7.0,all,0,-8.450457589897383,0.11235243090852537,15314,-8.725628229053072
PZU,10,xgboost,,8.0,all,0,-9.041432017006757,0.1788805626863694,15324,-9.45193492806146
PZU,10,xgboost,,9.0,all,0,-7.854993659533135,0.2682238977390061,15337,-8.43987109746608
PZU,10,xgboost,,10.0,all,0,-5.30183799203067,0.4883907911499266,15313,-6.667423036253501
PZU,10,xgboost,,1.0,2017-12-27,0,-5.6311494061625185,-0.5232296991356665,8516,-4.475184266435833
PZU,10,xgboost,,2.0,2017-12-27,0,-7.723856722898692,-0.2649466524968285,7849,-6.920770006094896
PZU,10,xgboost,,3.0,2017-12-27,0,-8.097676409110553,-0.15714429636854924,8136,-7.671452428719937
PZU,10,xgboost,,4.0,2017-12-27,0,-8.056546305709654,-0.08451605838240801,8154,-7.816926186725532
PZU,10,xgboost,,5.0,2017-12-27,0,-8.496657581995764,-0.008970535681522986,7742,-8.56908023225126
PZU,10,xgboost,,6.0,2017-12-27,0,-7.906681242381575,0.05697159011785264,7568,-8.161227037246638
PZU,10,xgboost,,7.0,2017-12-27,0,-7.8352904893284,0.11148359209190345,8496,-8.090849444440185
PZU,10,xgboost,,8.0,2017-12-27,0,-8.406123471780353,0.17874523785397195,7728,-8.912134161609226
PZU,10,xgboost,,9.0,2017-12-27,0,-7.448883516727801,0.26975474028532004,7669,-8.069321449798915
PZU,10,xgboost,,10.0,2017-12-27,0,-5.420105263540869,0.4874784314555387,8357,-6.941237837345343
PZU,10,xgboost,,1.0,2017-12-28,0,-5.012873385889798,-0.5069667297757716,3744,-4.14446005070451
PZU,10,xgboost,,2.0,2017-12-28,0,-6.926136800451301,-0.2635308250055036,4063,-6.4511253391316785
PZU,10,xgboost,,3.0,2017-12-28,0,-7.472048670005598,-0.1609341323764143,3184,-7.2390208630898005
PZU,10,xgboost,,4.0,2017-12-28,0,-7.577884062248734,-0.08726836256493319,3341,-7.651801464940001
PZU,10,xgboost,,5.0,2017-12-28,0,-8.079102842046083,-0.008182345073490978,3276,-8.045219549659928
PZU,10,xgboost,,6.0,2017-12-28,0,-7.92514836221343,0.056707424212159,3466,-8.168182729672905
PZU,10,xgboost,,7.0,2017-12-28,0,-8.081538129668456,0.11218716571502076,2941,-8.36203702827332
PZU,10,xgboost,,8.0,2017-12-28,0,-8.47927138194551,0.17722351332303396,3440,-8.842626697072543
PZU,10,xgboost,,9.0,2017-12-28,0,-7.1374637324134325,0.269851743580864,3662,-7.7731987421684305
PZU,10,xgboost,,10.0,2017-12-28,0,-4.644022347144958,0.4981866404922616,3810,-5.973866130196442
PZU,10,xgboost,,1.0,2017-12-29,0,-5.379381366720819,-0.5016429308355631,3072,-4.442610687708405
PZU,10,xgboost,,2.0,2017-12-29,0,-7.394616768922266,-0.2673303453076225,3407,-6.761594847965655
PZU,10,xgboost,,3.0,2017-12-29,0,-9.010555567426541,-0.15486126514156343,4006,-8.68136204011979
PZU,10,xgboost,,4.0,2017-12-29,0,-9.081921965874983,-0.08619623811588754,3842,-8.682560815454117
PZU,10,xgboost,,5.0,2017-12-29,0,-9.94598598972866,-0.00707685964720119,4305,-9.803105027765291
PZU,10,xgboost,,6.0,2017-12-29,0,-9.636265405443115,0.05621615338430301,4294,-9.61299950413087
PZU,10,xgboost,,7.0,2017-12-29,0,-10.07837913206074,0.11438175758381987,3877,-10.392484632345397
PZU,10,xgboost,,8.0,2017-12-29,0,-10.688086738402413,0.18050376771876625,4156,-10.960019778336907
PZU,10,xgboost,,9.0,2017-12-29,0,-9.28835693419276,0.26380522500796133,4006,-9.758667755743529
PZU,10,xgboost,,10.0,2017-12-29,0,-5.784329415744543,0.47895099584531875,3146,-6.780004574509339
PZU,10,xgboost,,1.0,all,1,-5.429831868348726,-0.5149331227267594,15332,-4.556344770578904
PZU,10,xgboost,,2.0,all,1,-7.435220331021058,-0.26510127971199415,15319,-6.799728297013021
PZU,10,xgboost,,3.0,all,1,-8.175901535044451,-0.1573348884835001,15326,-7.839000432338784
PZU,10,xgboost,,4.0,all,1,-8.178678057911801,-0.08553651210933276,15337,-7.965042237467072
PZU,10,xgboost,,5.0,all,1,-8.783398919333326,-0.00826999481095794,15323,-8.77846267293037
PZU,10,xgboost,,6.0,all,1,-8.369156101505476,0.05670022762026677,15328,-8.541386786204207
PZU,10,xgboost,,7.0,all,1,-8.420198110318868,0.11235243090852537,15314,-8.697289229883197
PZU,10,xgboost,,8.0,all,1,-9.020156167137857,0.1788805626863694,15324,-9.426360413142074
PZU,10,xgboost,,9.0,all,1,-7.8432175320786754,0.2682238977390061,15337,-8.401357695365705
PZU,10,xgboost,,10.0,all,1,-5.488864220264691,0.4883907911499266,15313,-6.640224815408823
PZU,10,xgboost,,1.0,2017-12-27,1,-5.643074770942525,-0.5232296991356665,8516,-4.649815086302762
PZU,10,xgboost,,2.0,2017-12-27,1,-7.731462286275707,-0.2649466524968285,7849,-6.963900387193714
PZU,10,xgboost,,3.0,2017-12-27,1,-8.07040462552576,-0.15714429636854924,8136,-7.6661085660812285
PZU,10,xgboost,,4.0,2017-12-27,1,-8.018275356054215,-0.08451605838240801,8154,-7.787231055162593
PZU,10,xgboost,,5.0,2017-12-27,1,-8.450995727672984,-0.008970535681522986,7742,-8.530679170429838
PZU,10,xgboost,,6.0,2017-12-27,1,-7.876926324472945,0.05697159011785264,7568,-8.130818435953437
PZU,10,xgboost,,7.0,2017-12-27,1,-7.790969230736426,0.11148359209190345,8496,-8.060235136364154
PZU,10,xgboost,,8.0,2017-12-27,1,-8.390402815377936,0.17874523785397195,7728,-8.880566336574798
PZU,10,xgboost,,9.0,2017-12-27,1,-7.428972070860043,0.26975474028532004,7669,-8.029261758355394
PZU,10,xgboost,,10.0,2017-12-27,1,-5.6126775505424025,0.4874784314555387,8357,-6.907706686585462
PZU,10,xgboost,,1.0,2017-12-28,1,-4.993159171085948,-0.5069667297757716,3744,-4.2831260558943836
PZU,10,xgboost,,2.0,2017-12-28,1,-6.918468610167724,-0.2635308250055036,4063,-6.49878922231111
PZU,10,xgboost,,3.0,2017-12-28,1,-7.474943828280094,-0.1609341323764143,3184,-7.2193967564114185
PZU,10,xgboost,,4.0,2017-12-28,1,-7.559176448841258,-0.08726836256493319,3341,-7.61292956593954
PZU,10,xgboost,,5.0,2017-12-28,1,-8.043342382710716,-0.008182345073490978,3276,-8.030582566058897
PZU,10,xgboost,,6.0,2017-12-28,1,-7.89469655672109,0.056707424212159,3466,-8.123237486292508
PZU,10,xgboost,,7.0,2017-12-28,1,-8.018968146431781,0.11218716571502076,2941,-8.327153851859359
PZU,10,xgboost,,8.0,2017-12-28,1,-8.448035300718905,0.17722351332303396,3440,-8.817531703456334
PZU,10,xgboost,,9.0,2017-12-28,1,-7.115682107310491,0.269851743580864,3662,-7.751516584856039
PZU,10,xgboost,,10.0,2017-12-28,1,-4.843925783440354,0.4981866404922616,3810,-5.963637733830259
PZU,10,xgboost,,1.0,2017-12-29,1,-5.370888515504666,-0.5016429308355631,3072,-4.6302177064755385
PZU,10,xgboost,,2.0,2017-12-29,1,-7.3689917237517175,-0.2673303453076225,3407,-6.780394198006745
PZU,10,xgboost,,3.0,2017-12-29,1,-8.947287504635511,-0.15486126514156343,4006,-8.68260161257448
PZU,10,xgboost,,4.0,2017-12-29,1,-9.057823947253665,-0.08619623811588754,3842,-8.64861350661965
PZU,10,xgboost,,5.0,2017-12-29,1,-9.94434914553775,-0.00707685964720119,4305,-9.793188597778233
PZU,10,xgboost,,6.0,2017-12-29,1,-9.619661861823333,0.05621615338430301,4294,-9.602515511912584
PZU,10,xgboost,,7.0,2017-12-29,1,-10.103444405063346,0.11438175758381987,3877,-10.374095968419661
PZU,10,xgboost,,8.0,2017-12-29,1,-10.664725388235516,0.18050376771876625,4156,-10.945192796450748
PZU,10,xgboost,,9.0,2017-12-29,1,-9.301301198475775,0.26380522500796133,4006,-9.707728610897023
PZU,10,xgboost,,10.0,2017-12-29,1,-5.941028061068852,0.47895099584531875,3146,-6.749077575545871
PZU,10,xgboost,,1.0,all,5,-5.467968299811561,-0.5149331227267594,15332,-4.897778817075083
PZU,10,xgboost,,2.0,all,5,-7.3616217906520385,-0.26510127971199415,15319,-6.891403552015455
PZU,10,xgboost,,3.0,all,5,-8.136616162968947,-0.1573348884835001,15326,-7.858248287838803
PZU,10,xgboost,,4.0,all,5,-8.062175727985837,-0.08553651210933276,15337,-7.970573034891737
PZU,10,xgboost,,5.0,all,5,-8.693458722758132,-0.00826999481095794,15323,-8.748193123691054
PZU,10,xgboost,,6.0,all,5,-8.287951961797553,0.05670022762026677,15328,-8.467743536585834
PZU,10,xgboost,,7.0,all,5,-8.401052761010776,0.11235243090852537,15314,-8.601026571922732
PZU,10,xgboost,,8.0,all,5,-9.008346329247399,0.1788805626863694,15324,-9.358450840006066
PZU,10,xgboost,,9.0,all,5,-7.878610716053275,0.2682238977390061,15337,-8.309746830471433
PZU,10,xgboost,,10.0,all,5,-5.85305294380561,0.4883907911499266,15313,-6.519930675045114
PZU,10,xgboost,,1.0,2017-12-27,5,-5.6900240339874655,-0.5232296991356665,8516,-4.986703033373254
PZU,10,xgboost,,2.0,2017-12-27,5,-7.641707903314551,-0.2649466524968285,7849,-7.057681753217239
PZU,10,xgboost,,3.0,2017-12-27,5,-8.027153275286347,-0.15714429636854924,8136,-7.680878275548437
PZU,10,xgboost,,4.0,2017-12-27,5,-7.890900859348061,-0.08451605838240801,8154,-7.797435786659356
PZU,10,xgboost,,5.0,2017-12-27,5,-8.382294393119565,-0.008970535681522986,7742,-8.46975861529424
PZU,10,xgboost,,6.0,2017-12-27,5,-7.804103872923252,0.05697159011785264,7568,-8.06073321646453
PZU,10,xgboost,,7.0,2017-12-27,5,-7.750587087871884,0.11148359209190345,8496,-7.961280125977465
PZU,10,xgboost,,8.0,2017-12-27,5,-8.377886772874689,0.17874523785397195,7728,-8.78184647578855
PZU,10,xgboost,,9.0,2017-12-27,5,-7.453896052760996,0.26975474028532004,7669,-7.975702292133144
PZU,10,xgboost,,10.0,2017-12-27,5,-5.980946271903952,0.4874784314555387,8357,-6.770800278320221
PZU,10,xgboost,,1.0,2017-12-28,5,-4.946869675851028,-0.5069667297757716,3744,-4.599469987492986
PZU,10,xgboost,,2.0,2017-12-28,5,-6.8550021292875,-0.2635308250055036,4063,-6.570974805773441
PZU,10,xgboost,,3.0,2017-12-28,5,-7.510899414416022,-0.1609341323764143,3184,-7.270542521498315
PZU,10,xgboost,,4.0,2017-12-28,5,-7.453503855062072,-0.08726836256493319,3341,-7.607034052383078
PZU,10,xgboost,,5.0,2017-12-28,5,-7.883345412313053,-0.008182345073490978,3276,-8.019811109463918
PZU,10,xgboost,,6.0,2017-12-28,5,-7.763698860645373,0.056707424212159,3466,-7.96566991786936
PZU,10,xgboost,,7.0,2017-12-28,5,-8.019188322318511,0.11218716571502076,2941,-8.237616280460323
PZU,10,xgboost,,8.0,2017-12-28,5,-8.482052309493682,0.17722351332303396,3440,-8.793440797172032
PZU,10,xgboost,,9.0,2017-12-28,5,-7.153777824753916,0.269851743580864,3662,-7.67115923212351
PZU,10,xgboost,,10.0,2017-12-28,5,-5.217599681857075,0.4981866404922616,3810,-5.868849300368378
PZU,10,xgboost,,1.0,2017-12-29,5,-5.487488682580516,-0.5016429308355631,3072,-5.014832733728778
PZU,10,xgboost,,2.0,2017-12-29,5,-7.32052985811199,-0.2673303453076225,3407,-6.890459728930186
PZU,10,xgboost,,3.0,2017-12-29,5,-8.856254750482215,-0.15486126514156343,4006,-8.685591667774533
PZU,10,xgboost,,4.0,2017-12-29,5,-8.954978436551874,-0.08619623811588754,3842,-8.65416097415469
PZU,10,xgboost,,5.0,2017-12-29,5,-9.869525028235449,-0.00707685964720119,4305,-9.80320344717915
PZU,10,xgboost,,6.0,2017-12-29,5,-9.563877342606625,0.05621615338430301,4294,-9.590342806532115
PZU,10,xgboost,,7.0,2017-12-29,5,-10.116146821671595,0.11438175758381987,3877,-10.2786318006929
PZU,10,xgboost,,8.0,2017-12-29,5,-10.616296974002234,0.18050376771876625,4156,-10.898304803918972
PZU,10,xgboost,,9.0,2017-12-29,5,-9.354265933408925,0.26380522500796133,4006,-9.532985809419618
PZU,10,xgboost,,10.0,2017-12-29,5,-6.2828915913282,0.47895099584531875,3146,-6.6420230981056
PZU,20,linear,,1.0,all,0,-5.695287156089564,-0.6734610007879285,15198,-4.316351862809412
PZU,20,linear,,2.0,all,0,-7.442388996245856,-0.45961595273570804,15198,-6.315679786911338
PZU,20,linear,,3.0,all,0,-7.916936816379918,-0.3008554322765876,15200,-7.502677500409498
PZU,20,linear,,4.0,all,0,-8.388847055169649,-0.16096143105220903,15188,-8.24682698584065
PZU,20,linear,,5.0,all,0,-8.85388225187175,-0.029326146468594022,15198,-8.728178697368074
PZU,20,linear,,6.0,all,0,-8.731932474187861,0.0918313183914925,15194,-9.009672813965183
PZU,20,linear,,7.0,all,0,-8.652511396066371,0.20911508787682542,15196,-9.246012176472723
PZU,20,linear,,8.0,all,0,-8.466615554319322,0.32495494044790857,15196,-9.049313710409093
PZU,20,linear,,9.0,all,0,-7.637777378250889,0.4465078582182423,15196,-8.689709720334655
PZU,20,linear,,10.0,all,0,-5.172276736513579,0.6200245673039004,15196,-6.8492887377836364
PZU,20,linear,,1.0,2017-12-27,0,-5.787725810970427,-0.6748218974706535,7952,-4.107954400573463
PZU,20,linear,,2.0,2017-12-27,0,-7.758089796931171,-0.45990497344297315,8042,-6.499137863533035
PZU,20,linear,,3.0,2017-12-27,0,-8.037819453847922,-0.29948525059316594,8086,-7.490931827992945
PZU,20,linear,,4.0,2017-12-27,0,-8.357477613609396,-0.16159588659996527,7970,-8.140944492369389
PZU,20,linear,,5.0,2017-12-27,0,-8.549980605850122,-0.02882921297475155,7671,-8.58035170307859
PZU,20,linear,,6.0,2017-12-27,0,-7.579493964148598,0.09373620129623919,7559,-7.883575904349422
PZU,20,linear,,7.0,2017-12-27,0,-7.934195917917952,0.21222097150870906,8151,-8.636767187513087
PZU,20,linear,,8.0,2017-12-27,0,-8.142781260186016,0.3230006924351772,7750,-8.8486431330165
PZU,20,linear,,9.0,2017-12-27,0,-7.22424193600297,0.4456580733016243,7776,-8.406802990682765
PZU,20,linear,,10.0,2017-12-27,0,-5.243731497771801,0.6125954575170329,7985,-7.156856727330397
PZU,20,linear,,1.0,2017-12-28,0,-5.487168245875663,-0.6684866194452128,3902,-4.375747531925057
PZU,20,linear,,2.0,2017-12-28,0,-6.848753779762072,-0.46323666530548585,3952,-6.058382045444173
PZU,20,linear,,3.0,2017-12-28,0,-7.418870919837942,-0.29942208802662346,3292,-7.130100669130809
PZU,20,linear,,4.0,2017-12-28,0,-6.927926202666343,-0.15703789039803884,3218,-7.480682912274056
PZU,20,linear,,5.0,2017-12-28,0,-7.439425742153479,-0.026060984780559706,3219,-7.4790265973560395
PZU,20,linear,,6.0,2017-12-28,0,-8.978649401141084,0.09302777288150578,3161,-9.272252705820463
PZU,20,linear,,7.0,2017-12-28,0,-8.927859776993387,0.20304727456850152,3291,-9.727617637143892
PZU,20,linear,,8.0,2017-12-28,0,-7.159165524063688,0.32670837438112266,3219,-7.4936623253874135
PZU,20,linear,,9.0,2017-12-28,0,-6.929364740487415,0.4476526727561205,3545,-8.037818950178314
PZU,20,linear,,10.0,2017-12-28,0,-4.819059236906284,0.6379819574790285,4118,-6.522677219461517
PZU,20,linear,,1.0,2017-12-29,0,-5.718315805623661,-0.6760292381019972,3344,-4.742612245228976
PZU,20,linear,,2.0,2017-12-29,0,-7.382208139951416,-0.4544245168419538,3204,-6.172568308161826
PZU,20,linear,,3.0,2017-12-29,0,-8.090190590542639,-0.30498883320882975,3822,-7.8484384726046
PZU,20,linear,,4.0,2017-12-29,0,-9.62666149331736,-0.16285376682958463,4000,-9.074160761266462
PZU,20,linear,,5.0,2017-12-29,0,-10.451924274020092,-0.03265078256540184,4308,-9.924789998002565
PZU,20,linear,,6.0,2017-12-29,0,-10.504710858472093,0.08776761644247325,4474,-10.726738415581412
PZU,20,linear,,7.0,2017-12-29,0,-9.970790016406529,0.20769077144480896,3754,-10.146649452429351
PZU,20,linear,,8.0,2017-12-29,0,-10.056016412357176,0.3272026618265817,4227,-10.601913375225127
PZU,20,linear,,9.0,2017-12-29,0,-9.115706255616397,0.44716580917949217,3875,-9.853796303554613
PZU,20,linear,,10.0,2017-12-29,0,-5.458078028054454,0.6152954722204733,3093,-6.490108600673907
PZU,20,linear,,1.0,all,1,-5.712083501546713,-0.6734610007879285,15198,-4.4879288559803285
PZU,20,linear,,2.0,all,1,-7.42991923050717,-0.45961595273570804,15198,-6.362574236504031
PZU,20,linear,,3.0,all,1,-7.889673696705053,-0.3008554322765876,15200,-7.509733376217071
PZU,20,linear,,4.0,all,1,-8.357846882010241,-0.16096143105220903,15188,-8.22661582624354
PZU,20,linear,,5.0,all,1,-8.795497780937295,-0.029326146468594022,15198,-8.703247924212416
PZU,20,linear,,6.0,all,1,-8.706009910576649,0.0918313183914925,15194,-8.975038287868234
PZU,20,linear,,7.0,all,1,-8.623396615875144,0.20911508787682542,15196,-9.188738342015514
PZU,20,linear,,8.0,all,1,-8.460791736158749,0.32495494044790857,15196,-9.00430788427074
PZU,20,linear,,9.0,all,1,-7.647250310957815,0.4465078582182423,15196,-8.643381733383853
PZU,20,linear,,10.0,all,1,-5.337694089637831,0.6200245673039004,15196,-6.847563220646166
PZU,20,linear,,1.0,2017-12-27,1,-5.802309235710479,-0.6748218974706535,7952,-4.301924359684629
PZU,20,linear,,2.0,2017-12-27,1,-7.741635656451795,-0.45990497344297315,8042,-6.554927759708587
PZU,20,linear,,3.0,2017-12-27,1,-8.024210634591048,-0.29948525059316594,8086,-7.504798747699422
PZU,20,linear,,4.0,2017-12-27,1,-8.323108386944401,-0.16159588659996527,7970,-8.120738915162892
PZU,20,linear,,5.0,2017-12-27,1,-8.49359851191652,-0.02882921297475155,7671,-8.54928923876444
PZU,20,linear,,6.0,2017-12-27,1,-7.557942562243339,0.09373620129623919,7559,-7.836935537536035
PZU,20,linear,,7.0,2017-12-27,1,-7.894533942178755,0.21222097150870906,8151,-8.576846294442278
PZU,20,linear,,8.0,2017-12-27,1,-8.128280488257221,0.3230006924351772,7750,-8.78777679456299
PZU,20,linear,,9.0,2017-12-27,1,-7.228125534972804,0.4456580733016243,7776,-8.350001066863397
PZU,20,linear,,10.0,2017-12-27,1,-5.421001875570368,0.6125954575170329,7985,-7.154235059017096
PZU,20,linear,,1.0,2017-12-28,1,-5.507589815280494,-0.6684866194452128,3902,-4.523593157116055
PZU,20,linear,,2.0,2017-12-28,1,-6.842648266523939,-0.46323666530548585,3952,-6.078340696861456
PZU,20,linear,,3.0,2017-12-28,1,-7.394131649567494,-0.29942208802662346,3292,-7.13227217449513
PZU,20,linear,,4.0,2017-12-28,1,-6.877149989974475,-0.15703789039803884,3218,-7.446334546524026
PZU,20,linear,,5.0,2017-12-28,1,-7.368007657195104,-0.026060984780559706,3219,-7.454358329756219
PZU,20,linear,,6.0,2017-12-28,1,-8.946060983809351,0.09302777288150578,3161,-9.25170698814455
PZU,20,linear,,7.0,2017-12-28,1,-8.918227047201336,0.20304727456850152,3291,-9.6721535631212
PZU,20,linear,,8.0,2017-12-28,1,-7.165883471346852,0.32670837438112266,3219,-7.462370359739014
PZU,20,linear,,9.0,2017-12-28,1,-6.928823744454584,0.4476526727561205,3545,-8.011391128433
PZU,20,linear,,10.0,2017-12-28,1,-4.949893102957649,0.6379819574790285,4118,-6.517423313232255
PZU,20,linear,,1.0,2017-12-29,1,-5.736144304698781,-0.6760292381019972,3344,-4.888630306791271
PZU,20,linear,,2.0,2017-12-29,1,-7.37188906578028,-0.4544245168419538,3204,-6.230359478406783
PZU,20,linear,,3.0,2017-12-29,1,-8.031865936221196,-0.30498883320882975,3822,-7.845291639498685
PZU,20,linear,,4.0,2017-12-29,1,-9.618283983071702,-0.16285376682958463,4000,-9.065311861106075
PZU,20,linear,,5.0,2017-12-29,1,-10.399713194350591,-0.03265078256540184,4308,-9.910581415536916
PZU,20,linear,,6.0,2017-12-29,1,-10.476112647179894,0.08776761644247325,4474,-10.702434114463598
PZU,20,linear,,7.0,2017-12-29,1,-9.947496963185948,0.20769077144480896,3754,-10.093536580457343
PZU,20,linear,,8.0,2017-12-29,1,-10.056550400853878,0.3272026618265817,4227,-10.57554347374381
PZU,20,linear,,9.0,2017-12-29,1,-9.145556488070948,0.44716580917949217,3875,-9.810281025619677
PZU,20,linear,,10.0,2017-12-29,1,-5.63893941536615,0.6152954722204733,3093,-6.495394293823863
PZU,20,linear,,1.0,all,5,-5.704834618102312,-0.6734610007879285,15198,-4.809210028321078
PZU,20,linear,,2.0,all,5,-7.365723852710868,-0.45961595273570804,15198,-6.502139810562182
PZU,20,linear,,3.0,all,5,-7.795867395004869,-0.3008554322765876,15200,-7.550716072126983
PZU,20,linear,,4.0,all,5,-8.269385442280749,-0.16096143105220903,15188,-8.23279981921252
PZU,20,linear,,5.0,all,5,-8.66070276195698,-0.029326146468594022,15198,-8.721650955562502
PZU,20,linear,,6.0,all,5,-8.676230783090359,0.0918313183914925,15194,-8.901194133712512
PZU,20,linear,,7.0,all,5,-8.647950273155303,0.20911508787682542,15196,-9.040693196517644
PZU,20,linear,,8.0,all,5,-8.457527254103724,0.32495494044790857,15196,-8.884577293469787
PZU,20,linear,,9.0,all,5,-7.741934927579043,0.4465078582182423,15196,-8.549825323199526
PZU,20,linear,,10.0,all,5,-5.648553765679248,0.6200245673039004,15196,-6.74031708354935
PZU,20,linear,,1.0,2017-12-27,5,-5.763791045597196,-0.6748218974706535,7952,-4.669050887230565
PZU,20,linear,,2.0,2017-12-27,5,-7.648027516413405,-0.45990497344297315,8042,-6.718696949175205
PZU,20,linear,,3.0,2017-12-27,5,-7.939471385630522,-0.29948525059316594,8086,-7.567321397938241
PZU,20,linear,,4.0,2017-12-27,5,-8.223812219349178,-0.16159588659996527,7970,-8.126615082514574
PZU,20,linear,,5.0,2017-12-27,5,-8.375065739280368,-0.02882921297475155,7671,-8.52794116136702
PZU,20,linear,,6.0,2017-12-27,5,-7.521882372518116,0.09373620129623919,7559,-7.741430159058351
PZU,20,linear,,7.0,2017-12-27,5,-7.931654182074821,0.21222097150870906,8151,-8.42360186221301
PZU,20,linear,,8.0,2017-12-27,5,-8.118590275168081,0.3230006924351772,7750,-8.619725357910859
PZU,20,linear,,9.0,2017-12-27,5,-7.335706680391705,0.4456580733016243,7776,-8.260613894969076
PZU,20,linear,,10.0,2017-12-27,5,-5.766366713168351,0.6125954575170329,7985,-7.039613576239347
PZU,20,linear,,1.0,2017-12-28,5,-5.457587513353607,-0.6684866194452128,3902,-4.782409134727598
PZU,20,linear,,2.0,2017-12-28,5,-6.817263656104394,-0.46323666530548585,3952,-6.2025845626988785
PZU,20,linear,,3.0,2017-12-28,5,-7.324873322712112,-0.29942208802662346,3292,-7.18353453309502
PZU,20,linear,,4.0,2017-12-28,5,-6.742901216402926,-0.15703789039803884,3218,-7.432183457690412
PZU,20,linear,,5.0,2017-12-28,5,-7.2082730870986556,-0.026060984780559706,3219,-7.462398921380862
PZU,20,linear,,6.0,2017-12-28,5,-8.934118224751563,0.09302777288150578,3161,-9.146161977186168
PZU,20,linear,,7.0,2017-12-28,5,-8.972738470502003,0.20304727456850152,3291,-9.559761578560693
PZU,20,linear,,8.0,2017-12-28,5,-7.143589114773244,0.32670837438112266,3219,-7.396955606326213
PZU,20,linear,,9.0,2017-12-28,5,-7.000022734865245,0.4476526727561205,3545,-7.97727921066131
PZU,20,linear,,10.0,2017-12-28,5,-5.232967972271645,0.6379819574790285,4118,-6.377257200446757
PZU,20,linear,,1.0,2017-12-29,5,-5.853141044923531,-0.6760292381019972,3344,-5.173780176871773
PZU,20,linear,,2.0,2017-12-29,5,-7.333647895623784,-0.4544245168419538,3204,-6.328072966251897
PZU,20,linear,,3.0,2017-12-29,5,-7.897733072081984,-0.30498883320882975,3822,-7.831849238527662
PZU,20,linear,,4.0,2017-12-29,5,-9.588246648690616,-0.16285376682958463,4000,-9.088468769927717
PZU,20,linear,,5.0,2017-12-29,5,-10.25459615200369,-0.03265078256540184,4308,-10.007509852801185
PZU,20,linear,,6.0,2017-12-29,5,-10.444343754128477,0.08776761644247325,4474,-10.687584954273655
PZU,20,linear,,7.0,2017-12-29,5,-9.9185020794763,0.20769077144480896,3754,-9.925524688423184
PZU,20,linear,,8.0,2017-12-29,5,-10.079559063248755,0.3272026618265817,4227,-10.503043513364949
PZU,20,linear,,9.0,2017-12-29,5,-9.235847075527213,0.44716580917949217,3875,-9.653976041875124
PZU,20,linear,,10.0,2017-12-29,5,-5.897711836016144,0.6152954722204733,3093,-6.451018054932101
PZU,20,xgboost,,1.0,all,0,-5.9757553814619335,-0.7326624727878375,15232,-4.431539509209957
PZU,20,xgboost,,2.0,all,0,-7.3593277589226,-0.4126841874010748,15174,-6.3338679959132005
PZU,20,xgboost,,3.0,all,0,-8.169510952359081,-0.24996692073389923,15188,-7.647800730823346
PZU,20,xgboost,,4.0,all,0,-8.47223940244522,-0.13243049567077625,15216,-8.271299729801369
PZU,20,xgboost,,5.0,all,0,-8.537647643338152,-0.01411391094688772,15172,-8.519941864142266
PZU,20,xgboost,,6.0,all,0,-7.666132540361118,0.08778234260806164,15233,-8.058990288910849
PZU,20,xgboost,,7.0,all,0,-8.896672210864352,0.17672070478995902,15160,-9.263590249992495
PZU,20,xgboost,,8.0,all,0,-8.819826323678683,0.2879546329603624,15197,-9.528184978912106
PZU,20,xgboost,,9.0,all,0,-7.631089455897925,0.4257159589724712,15194,-8.565186200549695
PZU,20,xgboost,,10.0,all,0,-5.436349001572948,0.7056183454958063,15194,-7.341363443612624
PZU,20,xgboost,,1.0,2017-12-27,0,-6.103248504749487,-0.7468236448966469,8252,-4.297535353384347
PZU,20,xgboost,,2.0,2017-12-27,0,-7.769016887468949,-0.41570686661511014,7784,-6.533576243869121
PZU,20,xgboost,,3.0,2017-12-27,0,-7.977468599498494,-0.24984026093798503,8085,-7.436332694871361
PZU,20,xgboost,,4.0,2017-12-27,0,-8.439312875332005,-0.13170144581122828,7904,-8.175973177929096
PZU,20,xgboost,,5.0,2017-12-27,0,-8.157092980131042,-0.014379411708441765,7739,-8.115832481561084
PZU,20,xgboost,,6.0,2017-12-27,0,-7.157656012275489,0.08888718142760832,7436,-7.695937855701061
PZU,20,xgboost,,7.0,2017-12-27,0,-8.030618769166287,0.1761857234242743,8287,-8.447947515934432
PZU,20,xgboost,,8.0,2017-12-27,0,-8.39634272447643,0.28672463356183947,7494,-9.244734736780952
PZU,20,xgboost,,9.0,2017-12-27,0,-7.1971183895094075,0.4267697279489116,7717,-8.290763360226867
PZU,20,xgboost,,10.0,2017-12-27,0,-5.497146950932205,0.7003066054410231,8244,-7.632670878779582
PZU,20,xgboost,,1.0,2017-12-28,0,-5.619837795481808,-0.7172112976162639,3775,-4.368895755846341
PZU,20,xgboost,,2.0,2017-12-28,0,-6.685683666877898,-0.40934382991296,4067,-6.047147510078599
PZU,20,xgboost,,3.0,2017-12-28,0,-7.644883246684978,-0.25350379919866617,3169,-7.214491817638528
PZU,20,xgboost,,4.0,2017-12-28,0,-7.447897174371198,-0.13310008281559654,3234,-7.836255371495248
PZU,20,xgboost,,5.0,2017-12-28,0,-7.904300445238276,-0.01699986077576599,3215,-8.123828346892514
PZU,20,xgboost,,6.0,2017-12-28,0,-7.2225558231416995,0.08590034234521214,3493,-7.582300297406472
PZU,20,xgboost,,7.0,2017-12-28,0,-8.930709173748937,0.17714508726857184,3196,-9.505815872553027
PZU,20,xgboost,,8.0,2017-12-28,0,-7.6070063345893795,0.28610099565804537,3477,-8.089231375334212
PZU,20,xgboost,,9.0,2017-12-28,0,-6.472611165907432,0.42857673609826846,3262,-7.556839597634212
PZU,20,xgboost,,10.0,2017-12-28,0,-5.186017702068815,0.7195795116870745,4029,-7.045146954429646
PZU,20,xgboost,,1.0,2017-12-29,0,-6.066711897438872,-0.7144004428442481,3205,-4.850348389965211
PZU,20,xgboost,,2.0,2017-12-29,0,-7.2241157052786065,-0.4096919210460076,3323,-6.216974590496541
PZU,20,xgboost,,3.0,2017-12-29,0,-8.98679809576505,-0.24737812474892718,3934,-8.431449692835164
PZU,20,xgboost,,4.0,2017-12-29,0,-9.348397822232918,-0.13331253717727903,4078,-8.80106788104228
PZU,20,xgboost,,5.0,2017-12-29,0,-9.718615822676918,-0.011427083281285446,4218,-9.563305417900853
PZU,20,xgboost,,6.0,2017-12-29,0,-8.904618817334201,0.08740089406158955,4304,-9.073101820898016
PZU,20,xgboost,,7.0,2017-12-29,0,-10.818946548088377,0.1775575457406751,3677,-10.891297143502344
PZU,20,xgboost,,8.0,2017-12-29,0,-10.568657652236467,0.2916609065980072,4226,-11.214748583779878
PZU,20,xgboost,,9.0,2017-12-29,0,-9.322171520255974,0.42157271100674376,4215,-9.84797331264496
PZU,20,xgboost,,10.0,2017-12-29,0,-5.610045171098603,0.7013528358850607,2921,-6.927778280792294
PZU,20,xgboost,,1.0,all,1,-5.967407165484709,-0.7326624727878375,15232,-4.611060869681469
PZU,20,xgboost,,2.0,all,1,-7.340609616348613,-0.4126841874010748,15174,-6.374055610524864
PZU,20,xgboost,,3.0,all,1,-8.14085698041487,-0.24996692073389923,15188,-7.647193993564328
PZU,20,xgboost,,4.0,all,1,-8.4275199225121,-0.13243049567077625,15216,-8.247842712017311
PZU,20,xgboost,,5.0,all,1,-8.502853404268077,-0.01411391094688772,15172,-8.498753081250683
PZU,20,xgboost,,6.0,all,1,-7.649207641111187,0.08778234260806164,15233,-8.03820580076119
PZU,20,xgboost,,7.0,all,1,-8.870352797520649,0.17672070478995902,15160,-9.215615481331021
PZU,20,xgboost,,8.0,all,1,-8.803778879735486,0.2879546329603624,15197,-9.497583564081786
PZU,20,xgboost,,9.0,all,1,-7.634936979681452,0.4257159589724712,15194,-8.522692956227598
PZU,20,xgboost,,10.0,all,1,-5.628727901561869,0.7056183454958063,15194,-7.3037795492178015
PZU,20,xgboost,,1.0,2017-12-27,1,-6.088422447371527,-0.7468236448966469,8252,-4.4934900470668575
PZU,20,xgboost,,2.0,2017-12-27,1,-7.744069966072661,-0.41570686661511014,7784,-6.580170348324084
PZU,20,xgboost,,3.0,2017-12-27,1,-7.956871612063388,-0.24984026093798503,8085,-7.429602560084896
PZU,20,xgboost,,4.0,2017-12-27,1,-8.387378689992817,-0.13170144581122828,7904,-8.153092203669475
PZU,20,xgboost,,5.0,2017-12-27,1,-8.131081828373798,-0.014379411708441765,7739,-8.093114739995793
PZU,20,xgboost,,6.0,2017-12-27,1,-7.140610687677063,0.08888718142760832,7436,-7.671119559401795
PZU,20,xgboost,,7.0,2017-12-27,1,-8.008357705930282,0.1761857234242743,8287,-8.397817830588995
PZU,20,xgboost,,8.0,2017-12-27,1,-8.374072133041828,0.28672463356183947,7494,-9.208790563758617
PZU,20,xgboost,,9.0,2017-12-27,1,-7.20171746796849,0.4267697279489116,7717,-8.24934721965371
PZU,20,xgboost,,10.0,2017-12-27,1,-5.685378384789592,0.7003066054410231,8244,-7.5779558116241565
PZU,20,xgboost,,1.0,2017-12-28,1,-5.609106973781773,-0.7172112976162639,3775,-4.516643109972839
PZU,20,xgboost,,2.0,2017-12-28,1,-6.684552206637563,-0.40934382991296,4067,-6.067688423335917
PZU,20,xgboost,,3.0,2017-12-28,1,-7.626632974961539,-0.25350379919866617,3169,-7.2189691758794465
PZU,20,xgboost,,4.0,2017-12-28,1,-7.404841407969963,-0.13310008281559654,3234,-7.813990428995376
PZU,20,xgboost,,5.0,2017-12-28,1,-7.848330113394724,-0.01699986077576599,3215,-8.099191853806536
PZU,20,xgboost,,6.0,2017-12-28,1,-7.197215879433924,0.08590034234521214,3493,-7.549219354931193
PZU,20,xgboost,,7.0,2017-12-28,1,-8.883617143502283,0.17714508726857184,3196,-9.46538700029099
PZU,20,xgboost,,8.0,2017-12-28,1,-7.560995355939878,0.28610099565804537,3477,-8.059592938250445
PZU,20,xgboost,,9.0,2017-12-28,1,-6.483449541538824,0.42857673609826846,3262,-7.528860656126688
PZU,20,xgboost,,10.0,2017-12-28,1,-5.382186962779351,0.7195795116870745,4029,-7.031314513224269
PZU,20,xgboost,,1.0,2017-12-29,1,-6.0778486998212315,-0.7144004428442481,3205,-5.024983325567849
PZU,20,xgboost,,2.0,2017-12-29,1,-7.198464001856542,-0.4096919210460076,3323,-6.266200729775034
PZU,20,xgboost,,3.0,2017-12-29,1,-8.933205118799043,-0.24737812474892718,3934,-8.439332068532451
PZU,20,xgboost,,4.0,2017-12-29,1,-9.316342536014231,-0.13331253717727903,4078,-8.775549014438653
PZU,20,xgboost,,5.0,2017-12-29,1,-9.683847383880135,-0.011427083281285446,4218,-9.547549778549053
PZU,20,xgboost,,6.0,2017-12-29,1,-8.894731379325597,0.08740089406158955,4304,-9.06926596480223
PZU,20,xgboost,,7.0,2017-12-29,1,-10.801535956142372,0.1775575457406751,3677,-10.841620201783318
PZU,20,xgboost,,8.0,2017-12-29,1,-10.588298679063358,0.2916609065980072,4226,-11.192829222017757
PZU,20,xgboost,,9.0,2017-12-29,1,-9.31923282668268,0.42157271100674376,4215,-9.79227540274476
PZU,20,xgboost,,10.0,2017-12-29,1,-5.80890142385746,0.7013528358850607,2921,-6.905783151662149
PZU,20,xgboost,,1.0,all,5,-5.913812458759281,-0.7326624727878375,15232,-4.955955720352563
PZU,20,xgboost,,2.0,all,5,-7.291965449356711,-0.4126841874010748,15174,-6.513970149957951
PZU,20,xgboost,,3.0,all,5,-8.053472989703724,-0.24996692073389923,15188,-7.653232622444504
PZU,20,xgboost,,4.0,all,5,-8.311217113111029,-0.13243049567077625,15216,-8.279630689340241
PZU,20,xgboost,,5.0,all,5,-8.399553126698072,-0.01411391094688772,15172,-8.51509654327266
PZU,20,xgboost,,6.0,all,5,-7.6261335468541835,0.08778234260806164,15233,-7.972247056351757
PZU,20,xgboost,,7.0,all,5,-8.870445155912645,0.17672070478995902,15160,-9.108342959954186
PZU,20,xgboost,,8.0,all,5,-8.808472719322763,0.2879546329603624,15197,-9.38388313630051
PZU,20,xgboost,,9.0,all,5,-7.687668608750876,0.4257159589724712,15194,-8.416264333021692
PZU,20,xgboost,,10.0,all,5,-6.012170052864018,0.7056183454958063,15194,-7.141485988499008
PZU,20,xgboost,,1.0,2017-12-27,5,-6.0310041623203565,-0.7468236448966469,8252,-4.8778449583272385
PZU,20,xgboost,,2.0,2017-12-27,5,-7.656351539651796,-0.41570686661511014,7784,-6.736018747807022
PZU,20,xgboost,,3.0,2017-12-27,5,-7.865252639993818,-0.24984026093798503,8085,-7.450767869310738
PZU,20,xgboost,,4.0,2017-12-27,5,-8.260483929847004,-0.13170144581122828,7904,-8.187545208614285
PZU,20,xgboost,,5.0,2017-12-27,5,-8.034365432023918,-0.014379411708441765,7739,-8.065577335437364
PZU,20,xgboost,,6.0,2017-12-27,5,-7.10301394789556,0.08888718142760832,7436,-7.605638656972902
PZU,20,xgboost,,7.0,2017-12-27,5,-8.009739418750994,0.1761857234242743,8287,-8.269933569957546
PZU,20,xgboost,,8.0,2017-12-27,5,-8.382250459702963,0.28672463356183947,7494,-9.045750000623737
PZU,20,xgboost,,9.0,2017-12-27,5,-7.26453380276075,0.4267697279489116,7717,-8.181554119183227
PZU,20,xgboost,,10.0,2017-12-27,5,-6.106912189330431,0.7003066054410231,8244,-7.386038920325114
PZU,20,xgboost,,1.0,2017-12-28,5,-5.491317418822834,-0.7172112976162639,3775,-4.778999347944461
PZU,20,xgboost,,2.0,2017-12-28,5,-6.6765891111772895,-0.40934382991296,4067,-6.203292057806031
PZU,20,xgboost,,3.0,2017-12-28,5,-7.54257716224997,-0.25350379919866617,3169,-7.230415086435586
PZU,20,xgboost,,4.0,2017-12-28,5,-7.259975208701127,-0.13310008281559654,3234,-7.814834571643498
PZU,20,xgboost,,5.0,2017-12-28,5,-7.72034245177317,-0.01699986077576599,3215,-8.144618814044176
PZU,20,xgboost,,6.0,2017-12-28,5,-7.216028210818847,0.08590034234521214,3493,-7.418569096296522
PZU,20,xgboost,,7.0,2017-12-28,5,-8.890080039840555,0.17714508726857184,3196,-9.405454124047065
PZU,20,xgboost,,8.0,2017-12-28,5,-7.573405292767966,0.28610099565804537,3477,-8.008312596586807
PZU,20,xgboost,,9.0,2017-12-28,5,-6.533567228724837,0.42857673609826846,3262,-7.4502037273639266
PZU,20,xgboost,,10.0,2017-12-28,5,-5.716947339248628,0.7195795116870745,4029,-6.880816654003707
PZU,20,xgboost,,1.0,2017-12-29,5,-6.1097103801240555,-0.7144004428442481,3205,-5.365497160001101
PZU,20,xgboost,,2.0,2017-12-29,5,-7.191560466064135,-0.4096919210460076,3323,-6.374066904434236
PZU,20,xgboost,,3.0,2017-12-29,5,-8.851843707702084,-0.24737812474892718,3934,-8.409927157446727
PZU,20,xgboost,,4.0,2017-12-29,5,-9.243220889320074,-0.13331253717727903,4078,-8.826711190637258
PZU,20,xgboost,,5.0,2017-12-29,5,-9.587284252579252,-0.011427083281285446,4218,-9.622236194507115
PZU,20,xgboost,,6.0,2017-12-29,5,-8.862754196628288,0.08740089406158955,4304,-9.054983388195184
PZU,20,xgboost,,7.0,2017-12-29,5,-10.793185257850364,0.1775575457406751,3677,-10.739654174112824
PZU,20,xgboost,,8.0,2017-12-29,5,-10.580464923705582,0.2916609065980072,4226,-11.115267065629967
PZU,20,xgboost,,9.0,2017-12-29,5,-9.355523887391621,0.42157271100674376,4215,-9.593618642831197
PZU,20,xgboost,,10.0,2017-12-29,5,-6.151984547943548,0.7013528358850607,2921,-6.810826070220046
PZU,50,linear,,1.0,all,0,-6.483099213006284,-1.0330046595232034,14879,-4.443482334849639
PZU,50,linear,,2.0,all,0,-7.900435351378482,-0.7161662451792988,14873,-6.273488747982814
PZU,50,linear,,3.0,all,0,-7.6434915880504875,-0.4784382092710602,14874,-7.54755538153152
PZU,50,linear,,4.0,all,0,-8.257051902809932,-0.26106953676140376,14877,-8.019094574637114
PZU,50,linear,,5.0,all,0,-8.177892364219767,-0.0553723112687238,14873,-8.312264136954056
PZU,50,linear,,6.0,all,0,-8.244167314321793,0.13605513545556966,14874,-8.68483355927064
PZU,50,linear,,7.0,all,0,-8.53272134322914,0.3231371540183882,14880,-9.239664231871409
PZU,50,linear,,8.0,all,0,-8.217336352377826,0.5059640961702319,14870,-9.077539123848101
PZU,50,linear,,9.0,all,0,-7.665534617235696,0.6902822700030872,14875,-9.324494944086277
PZU,50,linear,,10.0,all,0,-5.255412203675208,0.9371107932528223,14875,-7.990338625332478
PZU,50,linear,,1.0,2017-12-27,0,-6.701210785414026,-1.0322766036084352,7760,-4.173912665547216
PZU,50,linear,,2.0,2017-12-27,0,-8.229833179370434,-0.7162393288132967,7616,-6.485878393357675
PZU,50,linear,,3.0,2017-12-27,0,-7.760824577960687,-0.4765960955559504,7767,-7.59029507260309
PZU,50,linear,,4.0,2017-12-27,0,-8.23659206527697,-0.2625210808981394,7549,-7.6465356518346
PZU,50,linear,,5.0,2017-12-27,0,-7.952581675347246,-0.055738108028772035,7581,-8.239860152130248
PZU,50,linear,,6.0,2017-12-27,0,-7.3477707509441155,0.13773054878460178,7299,-7.815226621387504
PZU,50,linear,,7.0,2017-12-27,0,-7.421923247148882,0.32536403545523235,7636,-8.448444806675472
PZU,50,linear,,8.0,2017-12-27,0,-7.967027688203741,0.5041038216360284,7603,-8.994293681164338
PZU,50,linear,,9.0,2017-12-27,0,-7.009275732845047,0.6886866937380525,7299,-9.074195402972729
PZU,50,linear,,10.0,2017-12-27,0,-5.385469638272219,0.9292259423092677,7682,-8.47900469396871
PZU,50,linear,,1.0,2017-12-28,0,-5.789345709460483,-1.0261918073185965,3732,-4.6789224408261685
PZU,50,linear,,2.0,2017-12-28,0,-7.389450588718934,-0.7228031902181781,3996,-6.228131058508108
PZU,50,linear,,3.0,2017-12-28,0,-6.751418765844556,-0.4790568780587726,3199,-7.2518378146544125
PZU,50,linear,,4.0,2017-12-28,0,-6.622747773980364,-0.2599019167520861,3258,-7.461983003834525
PZU,50,linear,,5.0,2017-12-28,0,-6.521433040502327,-0.05240801028247021,3320,-7.315183847651338
PZU,50,linear,,6.0,2017-12-28,0,-7.654774299194862,0.13682029174938418,3019,-8.082178842310997
PZU,50,linear,,7.0,2017-12-28,0,-9.537036764631681,0.3183113847735328,3466,-10.262432633860033
PZU,50,linear,,8.0,2017-12-28,0,-6.722788185830079,0.5068923007011522,3399,-7.776648979125666
PZU,50,linear,,9.0,2017-12-28,0,-6.836930688206481,0.6922641828988433,3291,-8.605917196026557
PZU,50,linear,,10.0,2017-12-28,0,-4.689659914281088,0.9612937098824882,4207,-7.401923903944081
PZU,50,linear,,1.0,2017-12-29,0,-6.7478002089758276,-1.042179527644312,3387,-4.801674882320082
PZU,50,linear,,2.0,2017-12-29,0,-7.7572894616516646,-0.707862707205705,3261,-5.833037900992932
PZU,50,linear,,3.0,2017-12-29,0,-8.140527316198964,-0.4815929113625049,3908,-7.7046795667636045
PZU,50,linear,,4.0,2017-12-29,0,-9.603247029410193,-0.259311895312298,4070,-9.156076590831463
PZU,50,linear,,5.0,2017-12-29,0,-9.992475769830161,-0.05715186163036434,3972,-9.283865639832783
PZU,50,linear,,6.0,2017-12-29,0,-10.07080823371641,0.13286399218523795,4556,-10.477343574659178
PZU,50,linear,,7.0,2017-12-29,0,-9.856463273109402,0.3230634773510847,3778,-9.900552598600793
PZU,50,linear,,8.0,2017-12-29,0,-10.022679163083966,0.5088050217345933,3868,-10.384323173133572
PZU,50,linear,,9.0,2017-12-29,0,-9.419786455649348,0.6914779843131353,4285,-10.302738985965469
PZU,50,linear,,10.0,2017-12-29,0,-5.717910083416279,0.9233244217482623,2986,-7.56218323136645
PZU,50,linear,,1.0,all,1,-6.478392619908709,-1.0330046595232034,14879,-4.619388524171649
PZU,50,linear,,2.0,all,1,-7.877746378526377,-0.7161662451792988,14873,-6.330716665314547
PZU,50,linear,,3.0,all,1,-7.608798268717599,-0.4784382092710602,14874,-7.567527191698804
PZU,50,linear,,4.0,all,1,-8.225178491349338,-0.26106953676140376,14877,-8.005128770448179
PZU,50,linear,,5.0,all,1,-8.134115202134554,-0.0553723112687238,14873,-8.288933268547341
PZU,50,linear,,6.0,all,1,-8.232904233205144,0.13605513545556966,14874,-8.647755959411505
PZU,50,linear,,7.0,all,1,-8.494629833909238,0.3231371540183882,14880,-9.191676274514005
PZU,50,linear,,8.0,all,1,-8.223362582089976,0.5059640961702319,14870,-9.026581048372613
PZU,50,linear,,9.0,all,1,-7.687163360319711,0.6902822700030872,14875,-9.269650631053468
PZU,50,linear,,10.0,all,1,-5.411972590282155,0.9371107932528223,14875,-7.963528127707272
PZU,50,linear,,1.0,2017-12-27,1,-6.69492145643292,-1.0322766036084352,7760,-4.373904259515658
PZU,50,linear,,2.0,2017-12-27,1,-8.19859957970829,-0.7162393288132967,7616,-6.53825726270564
PZU,50,linear,,3.0,2017-12-27,1,-7.734835834913125,-0.4765960955559504,7767,-7.62119071915151
PZU,50,linear,,4.0,2017-12-27,1,-8.194312450426118,-0.2625210808981394,7549,-7.633932212902759
PZU,50,linear,,5.0,2017-12-27,1,-7.904703430327332,-0.055738108028772035,7581,-8.206795906179298
PZU,50,linear,,6.0,2017-12-27,1,-7.3452140463708435,0.13773054878460178,7299,-7.770212546988517
PZU,50,linear,,7.0,2017-12-27,1,-7.377572432081205,0.32536403545523235,7636,-8.3943949203932
PZU,50,linear,,8.0,2017-12-27,1,-7.966258487771695,0.5041038216360284,7603,-8.933460424157861
PZU,50,linear,,9.0,2017-12-27,1,-7.021798802559971,0.6886866937380525,7299,-9.013249551172908
PZU,50,linear,,10.0,2017-12-27,1,-5.565178192955661,0.9292259423092677,7682,-8.449593195044802
PZU,50,linear,,1.0,2017-12-28,1,-5.774021974284741,-1.0261918073185965,3732,-4.834164256525495
PZU,50,linear,,2.0,2017-12-28,1,-7.390014342024517,-0.7228031902181781,3996,-6.274822397982645
PZU,50,linear,,3.0,2017-12-28,1,-6.716987002944507,-0.4790568780587726,3199,-7.2741982542311
PZU,50,linear,,4.0,2017-12-28,1,-6.60219955295643,-0.2599019167520861,3258,-7.423671830724816
PZU,50,linear,,5.0,2017-12-28,1,-6.475227386649438,-0.05240801028247021,3320,-7.286827303351281
PZU,50,linear,,6.0,2017-12-28,1,-7.614959755012933,0.13682029174938418,3019,-8.067911739556909
PZU,50,linear,,7.0,2017-12-28,1,-9.505301549065534,0.3183113847735328,3466,-10.201508187630747
PZU,50,linear,,8.0,2017-12-28,1,-6.746713260963739,0.5068923007011522,3399,-7.743554756634103
PZU,50,linear,,9.0,2017-12-28,1,-6.85228509973743,0.6922641828988433,3291,-8.575360119354873
PZU,50,linear,,10.0,2017-12-28,1,-4.807463078461963,0.9612937098824882,4207,-7.368224219330362
PZU,50,linear,,1.0,2017-12-29,1,-6.758418447496772,-1.042179527644312,3387,-4.945167933851583
PZU,50,linear,,2.0,2017-12-29,1,-7.7260626120927585,-0.707862707205705,3261,-5.9145021000056595
PZU,50,linear,,3.0,2017-12-29,1,-8.088319881452366,-0.4815929113625049,3908,-7.700985393652235
PZU,50,linear,,4.0,2017-12-29,1,-9.581609234399338,-0.259311895312298,4070,-9.15907214207695
PZU,50,linear,,5.0,2017-12-29,1,-9.958555833927392,-0.05715186163036434,3972,-9.283312711790805
PZU,50,linear,,6.0,2017-12-29,1,-10.064516404707748,0.13286399218523795,4556,-10.437865500020903
PZU,50,linear,,7.0,2017-12-29,1,-9.82519154794501,0.3230634773510847,3778,-9.876685011730478
PZU,50,linear,,8.0,2017-12-29,1,-10.02633400701499,0.5088050217345933,3868,-10.337078067897936
PZU,50,linear,,9.0,2017-12-29,1,-9.461744518467814,0.6914779843131353,4285,-10.239634658135909
PZU,50,linear,,10.0,2017-12-29,1,-5.869523185221768,0.9233244217482623,2986,-7.5517704904851595
PZU,50,linear,,1.0,all,5,-6.387424166959111,-1.0330046595232034,14879,-4.949231657769644
PZU,50,linear,,2.0,all,5,-7.776625284680571,-0.7161662451792988,14873,-6.537247797131725
PZU,50,linear,,3.0,all,5,-7.496779558612867,-0.4784382092710602,14874,-7.660927350512073
PZU,50,linear,,4.0,all,5,-8.13787016059637,-0.26106953676140376,14877,-8.016915649647737
PZU,50,linear,,5.0,all,5,-8.048389404179169,-0.0553723112687238,14873,-8.316356901641957
PZU,50,linear,,6.0,all,5,-8.210623751516136,0.13605513545556966,14874,-8.600335040591585
PZU,50,linear,,7.0,all,5,-8.517378411328977,0.3231371540183882,14880,-9.041349699665261
PZU,50,linear,,8.0,all,5,-8.255340599396481,0.5059640961702319,14870,-8.890521178843706
PZU,50,linear,,9.0,all,5,-7.80149845073279,0.6902822700030872,14875,-9.102478939633839
PZU,50,linear,,10.0,all,5,-5.733174492296007,0.9371107932528223,14875,-7.793111306449501
PZU,50,linear,,1.0,2017-12-27,5,-6.580729843042511,-1.0322766036084352,7760,-4.731509712640214
PZU,50,linear,,2.0,2017-12-27,5,-8.055341122698175,-0.7162393288132967,7616,-6.716016950565664
PZU,50,linear,,3.0,2017-12-27,5,-7.623341571624283,-0.4765960955559504,7767,-7.744917464779277
PZU,50,linear,,4.0,2017-12-27,5,-8.093820768808108,-0.2625210808981394,7549,-7.630712563541997
PZU,50,linear,,5.0,2017-12-27,5,-7.824375452105577,-0.055738108028772035,7581,-8.226865550761392
PZU,50,linear,,6.0,2017-12-27,5,-7.325470247487521,0.13773054878460178,7299,-7.7226034884941885
PZU,50,linear,,7.0,2017-12-27,5,-7.412368655530084,0.32536403545523235,7636,-8.231634433324121
PZU,50,linear,,8.0,2017-12-27,5,-7.986730919335199,0.5041038216360284,7603,-8.784186652164966
PZU,50,linear,,9.0,2017-12-27,5,-7.152687279248932,0.6886866937380525,7299,-8.848507788315874
PZU,50,linear,,10.0,2017-12-27,5,-5.9280049473673335,0.9292259423092677,7682,-8.274003112968167
PZU,50,linear,,1.0,2017-12-28,5,-5.620824650244229,-1.0261918073185965,3732,-5.177460329216417
PZU,50,linear,,2.0,2017-12-28,5,-7.314444433218519,-0.7228031902181781,3996,-6.487461293986063
PZU,50,linear,,3.0,2017-12-28,5,-6.615970439841015,-0.4790568780587726,3199,-7.3670748581281815
PZU,50,linear,,4.0,2017-12-28,5,-6.597617109099001,-0.2599019167520861,3258,-7.36482951996894
PZU,50,linear,,5.0,2017-12-28,5,-6.387213901887774,-0.05240801028247021,3320,-7.2925693805148315
PZU,50,linear,,6.0,2017-12-28,5,-7.604612994904546,0.13682029174938418,3019,-8.059964448874393
PZU,50,linear,,7.0,2017-12-28,5,-9.491538296128848,0.3183113847735328,3466,-10.015329847644301
PZU,50,linear,,8.0,2017-12-28,5,-6.755837369386005,0.5068923007011522,3399,-7.654643541302892
PZU,50,linear,,9.0,2017-12-28,5,-6.933435073019279,0.6922641828988433,3291,-8.459022107349865
PZU,50,linear,,10.0,2017-12-28,5,-5.124115794585139,0.9612937098824882,4207,-7.16304391250239
PZU,50,linear,,1.0,2017-12-29,5,-6.789224388385963,-1.042179527644312,3387,-5.196581197883319
PZU,50,linear,,2.0,2017-12-29,5,-7.692042291764378,-0.707862707205705,3261,-6.180743962117061
PZU,50,linear,,3.0,2017-12-29,5,-7.966252745893185,-0.4815929113625049,3908,-7.734541195348994
PZU,50,linear,,4.0,2017-12-29,5,-9.45253190516345,-0.259311895312298,4070,-9.255231056897303
PZU,50,linear,,5.0,2017-12-29,5,-9.864439866988162,-0.05715186163036434,3972,-9.34289479216754
PZU,50,linear,,6.0,2017-12-29,5,-10.030264203692447,0.13286399218523795,4556,-10.364589082547926
PZU,50,linear,,7.0,2017-12-29,5,-9.85708628178001,0.3230634773510847,3778,-9.784380557496279
PZU,50,linear,,8.0,2017-12-29,5,-10.101010422641451,0.5088050217345933,3868,-10.185559828362758
PZU,50,linear,,9.0,2017-12-29,5,-9.573369936547456,0.6914779843131353,4285,-10.029282176160411
PZU,50,linear,,10.0,2017-12-29,5,-6.0900473608196775,0.9233244217482623,2986,-7.443641336141095
PZU,50,xgboost,,1.0,all,0,-7.077093430024053,-1.1177952055626257,14876,-4.6456090722357155
PZU,50,xgboost,,2.0,all,0,-7.974952663146966,-0.6354739357146525,14880,-6.523983846310123
PZU,50,xgboost,,3.0,all,0,-7.730164994153517,-0.38332691476672204,14882,-7.4076641155253435
PZU,50,xgboost,,4.0,all,0,-7.813511192357789,-0.1932214712412667,14863,-7.739343198329519
PZU,50,xgboost,,5.0,all,0,-8.311025524870784,-0.0066875574174811514,14874,-8.259887544553129
PZU,50,xgboost,,6.0,all,0,-7.973598546035615,0.1439578626865812,14876,-8.617437300220121
PZU,50,xgboost,,7.0,all,0,-8.516688293620033,0.2872346761831905,14894,-9.013624722033796
PZU,50,xgboost,,8.0,all,0,-8.06533111284224,0.46072506223383186,14857,-9.179585347049944
PZU,50,xgboost,,9.0,all,0,-7.178631554110492,0.68364591948933,14873,-8.816850760086943
PZU,50,xgboost,,10.0,all,0,-5.735252959742872,1.096535284919899,14875,-8.7090535596583
PZU,50,xgboost,,1.0,2017-12-27,0,-7.3325971824728375,-1.1279832709045794,7940,-4.409735575180145
PZU,50,xgboost,,2.0,2017-12-27,0,-8.35224236397277,-0.6442616233408339,7438,-6.6583414775303815
PZU,50,xgboost,,3.0,2017-12-27,0,-7.633812738782571,-0.38228546282777204,7883,-7.304797191486626
PZU,50,xgboost,,4.0,2017-12-27,0,-7.7139911357232185,-0.1912906739274013,7606,-7.434580878569147
PZU,50,xgboost,,5.0,2017-12-27,0,-7.9635271806129255,-0.0069768938088163954,7431,-7.9696307115917095
PZU,50,xgboost,,6.0,2017-12-27,0,-7.359309141153153,0.1448650427665307,7174,-8.136164505257039
PZU,50,xgboost,,7.0,2017-12-27,0,-7.6795032313196705,0.285777447986459,7628,-8.410451717844108
PZU,50,xgboost,,8.0,2017-12-27,0,-7.643058337612808,0.4621342578805594,7470,-9.023496546828158
PZU,50,xgboost,,9.0,2017-12-27,0,-6.699096521972571,0.68220088386726,7515,-8.73155545203317
PZU,50,xgboost,,10.0,2017-12-27,0,-5.6638171222869165,1.0916610515595595,7707,-8.926822280279618
PZU,50,xgboost,,1.0,2017-12-28,0,-6.2954977211805,-1.0994074335259711,3751,-4.821967658440307
PZU,50,xgboost,,2.0,2017-12-28,0,-7.38708935375603,-0.6301858798402254,3965,-6.57388881604958
PZU,50,xgboost,,3.0,2017-12-28,0,-7.081559218545313,-0.38055055552851597,3241,-7.285743641705157
PZU,50,xgboost,,4.0,2017-12-28,0,-6.598877678554529,-0.19291442824025215,3333,-7.648893908807446
PZU,50,xgboost,,5.0,2017-12-28,0,-6.834105135317782,-0.005388398893804502,3175,-7.20565140449134
PZU,50,xgboost,,6.0,2017-12-28,0,-7.834262486761438,0.14275873696762226,3278,-8.678570190933721
PZU,50,xgboost,,7.0,2017-12-28,0,-7.98364555197317,0.2866509568304418,3359,-8.53166707719872
PZU,50,xgboost,,8.0,2017-12-28,0,-7.067228021563761,0.4575734314460407,3565,-8.080875777854773
PZU,50,xgboost,,9.0,2017-12-28,0,-5.977364037766687,0.6831047362580548,3178,-7.874951401085514
PZU,50,xgboost,,10.0,2017-12-28,0,-5.187818684739136,1.1216757610432881,4042,-8.147304554001835
PZU,50,xgboost,,1.0,2017-12-29,0,-7.360630544444403,-1.1140524407570926,3185,-5.025927599635342
PZU,50,xgboost,,2.0,2017-12-29,0,-7.8382248020577325,-0.6227055494559713,3477,-6.179656763758139
PZU,50,xgboost,,3.0,2017-12-29,0,-8.491654123433815,-0.3879059317773044,3758,-7.728591262371651
PZU,50,xgboost,,4.0,2017-12-29,0,-9.038109319847292,-0.19722478895065557,3924,-8.406899183567658
PZU,50,xgboost,,5.0,2017-12-29,0,-10.014746807206988,-0.007150249448563899,4268,-9.549507570427659
PZU,50,xgboost,,6.0,2017-12-29,0,-9.07297824606444,0.14337527322301652,4424,-9.352576860641907
PZU,50,xgboost,,7.0,2017-12-29,0,-10.609480263013168,0.2905816047704827,3907,-10.605613307895057
PZU,50,xgboost,,8.0,2017-12-29,0,-9.821640676257108,0.46091053378731717,3822,-10.509486694992784
PZU,50,xgboost,,9.0,2017-12-29,0,-8.954070294171997,0.6866553269077146,4180,-9.686312578969872
PZU,50,xgboost,,10.0,2017-12-29,0,-6.6192213982707555,1.0760451736010883,3126,-8.89851163740459
PZU,50,xgboost,,1.0,all,1,-7.045781446513523,-1.1177952055626257,14876,-4.824499450883981
PZU,50,xgboost,,2.0,all,1,-7.948203021467118,-0.6354739357146525,14880,-6.572230032185424
PZU,50,xgboost,,3.0,all,1,-7.692261546362675,-0.38332691476672204,14882,-7.421395322674393
PZU,50,xgboost,,4.0,all,1,-7.77283887387622,-0.1932214712412667,14863,-7.730638925300332
PZU,50,xgboost,,5.0,all,1,-8.288594162266993,-0.0066875574174811514,14874,-8.240731314228974
PZU,50,xgboost,,6.0,all,1,-7.951716378127702,0.1439578626865812,14876,-8.578642398888785
PZU,50,xgboost,,7.0,all,1,-8.511772183869354,0.2872346761831905,14894,-8.977110972934938
PZU,50,xgboost,,8.0,all,1,-8.05287260631264,0.46072506223383186,14857,-9.139399633792573
PZU,50,xgboost,,9.0,all,1,-7.2042805909156495,0.68364591948933,14873,-8.778385000938515
PZU,50,xgboost,,10.0,all,1,-5.905033154196633,1.096535284919899,14875,-8.6481326631138
PZU,50,xgboost,,1.0,2017-12-27,1,-7.2928191704956795,-1.1279832709045794,7940,-4.604738146115359
PZU,50,xgboost,,2.0,2017-12-27,1,-8.324767182449532,-0.6442616233408339,7438,-6.710651918923017
PZU,50,xgboost,,3.0,2017-12-27,1,-7.583309259044561,-0.38228546282777204,7883,-7.320559534499802
PZU,50,xgboost,,4.0,2017-12-27,1,-7.670574906410239,-0.1912906739274013,7606,-7.421716973297858
PZU,50,xgboost,,5.0,2017-12-27,1,-7.943444241357118,-0.0069768938088163954,7431,-7.933846400319296
PZU,50,xgboost,,6.0,2017-12-27,1,-7.33954745871901,0.1448650427665307,7174,-8.099172646707654
PZU,50,xgboost,,7.0,2017-12-27,1,-7.666490123446436,0.285777447986459,7628,-8.380497989711584
PZU,50,xgboost,,8.0,2017-12-27,1,-7.638790401684549,0.4621342578805594,7470,-8.971922462657428
PZU,50,xgboost,,9.0,2017-12-27,1,-6.713226894917704,0.68220088386726,7515,-8.694691369468591
PZU,50,xgboost,,10.0,2017-12-27,1,-5.858781291416069,1.0916610515595595,7707,-8.852693458435592
PZU,50,xgboost,,1.0,2017-12-28,1,-6.2706338934609125,-1.0994074335259711,3751,-4.9808568301100316
PZU,50,xgboost,,2.0,2017-12-28,1,-7.350794944899088,-0.6301858798402254,3965,-6.612530937290481
PZU,50,xgboost,,3.0,2017-12-28,1,-7.072785697517582,-0.38055055552851597,3241,-7.285559936904227
PZU,50,xgboost,,4.0,2017-12-28,1,-6.562835921171311,-0.19291442824025215,3333,-7.635187825942347
PZU,50,xgboost,,5.0,2017-12-28,1,-6.821423779532817,-0.005388398893804502,3175,-7.1988558980120825
PZU,50,xgboost,,6.0,2017-12-28,1,-7.814374246851438,0.14275873696762226,3278,-8.645605521985873
PZU,50,xgboost,,7.0,2017-12-28,1,-7.975892834662568,0.2866509568304418,3359,-8.4660348927545
PZU,50,xgboost,,8.0,2017-12-28,1,-7.020284188415045,0.4575734314460407,3565,-8.062125236692859
PZU,50,xgboost,,9.0,2017-12-28,1,-5.998496748839026,0.6831047362580548,3178,-7.843278893836942
PZU,50,xgboost,,10.0,2017-12-28,1,-5.3434970094067324,1.1216757610432881,4042,-8.10378913534342
PZU,50,xgboost,,1.0,2017-12-29,1,-7.342829780291235,-1.1140524407570926,3185,-5.188206901554604
PZU,50,xgboost,,2.0,2017-12-29,1,-7.823911619167734,-0.6227055494559713,3477,-6.230160695890982
PZU,50,xgboost,,3.0,2017-12-29,1,-8.455058807415268,-0.3879059317773044,3758,-7.750062433760451
PZU,50,xgboost,,4.0,2017-12-29,1,-8.99882245642253,-0.19722478895065557,3924,-8.410506122316383
PZU,50,xgboost,,5.0,2017-12-29,1,-9.980973503284398,-0.007150249448563899,4268,-9.550107190928005
PZU,50,xgboost,,6.0,2017-12-29,1,-9.046180061256443,0.14337527322301652,4424,-9.306538168471787
PZU,50,xgboost,,7.0,2017-12-29,1,-10.622811418804503,0.2905816047704827,3907,-10.581326071310631
PZU,50,xgboost,,8.0,2017-12-29,1,-9.825340366222834,0.46091053378731717,3822,-10.471565435477556
PZU,50,xgboost,,9.0,2017-12-29,1,-9.003861829084084,0.6866553269077146,4180,-9.639802428896715
PZU,50,xgboost,,10.0,2017-12-29,1,-6.745145823323503,1.0760451736010883,3126,-8.847648494752582
PZU,50,xgboost,,1.0,all,5,-6.906667368891769,-1.1177952055626257,14876,-5.155694051491263
PZU,50,xgboost,,2.0,all,5,-7.82720347485953,-0.6354739357146525,14880,-6.7705035615112985
PZU,50,xgboost,,3.0,all,5,-7.620859673829419,-0.38332691476672204,14882,-7.515605731748616
PZU,50,xgboost,,4.0,all,5,-7.6736202032134155,-0.1932214712412667,14863,-7.784848172401651
PZU,50,xgboost,,5.0,all,5,-8.224873618606507,-0.0066875574174811514,14874,-8.230224494398206
PZU,50,xgboost,,6.0,all,5,-7.920396460042389,0.1439578626865812,14876,-8.526000137246749
PZU,50,xgboost,,7.0,all,5,-8.554683273543512,0.2872346761831905,14894,-8.868125650457971
PZU,50,xgboost,,8.0,all,5,-8.079998967084977,0.46072506223383186,14857,-9.019347091945377
PZU,50,xgboost,,9.0,all,5,-7.349886664268502,0.68364591948933,14873,-8.647858382381557
PZU,50,xgboost,,10.0,all,5,-6.2059988235575645,1.096535284919899,14875,-8.390488144522928
PZU,50,xgboost,,1.0,2017-12-27,5,-7.139015317986828,-1.1279832709045794,7940,-4.954996179837108
PZU,50,xgboost,,2.0,2017-12-27,5,-8.181600003904112,-0.6442616233408339,7438,-6.895599823665272
PZU,50,xgboost,,3.0,2017-12-27,5,-7.47083874872414,-0.38228546282777204,7883,-7.42318241050555
PZU,50,xgboost,,4.0,2017-12-27,5,-7.596800145789226,-0.1912906739274013,7606,-7.481789481440944
PZU,50,xgboost,,5.0,2017-12-27,5,-7.886439923451964,-0.0069768938088163954,7431,-7.909819565453596
PZU,50,xgboost,,6.0,2017-12-27,5,-7.287719452530841,0.1448650427665307,7174,-8.02022130481221
PZU,50,xgboost,,7.0,2017-12-27,5,-7.725951860186479,0.285777447986459,7628,-8.27576899233948
PZU,50,xgboost,,8.0,2017-12-27,5,-7.641392936285698,0.4621342578805594,7470,-8.848321763510345
PZU,50,xgboost,,9.0,2017-12-27,5,-6.872843128037073,0.68220088386726,7515,-8.578542746926427
PZU,50,xgboost,,10.0,2017-12-27,5,-6.20467420511039,1.0916610515595595,7707,-8.574823167722379
PZU,50,xgboost,,1.0,2017-12-28,5,-6.082971601442207,-1.0994074335259711,3751,-5.272165997701504
PZU,50,xgboost,,2.0,2017-12-28,5,-7.210721568280849,-0.6301858798402254,3965,-6.8731501785704765
PZU,50,xgboost,,3.0,2017-12-28,5,-7.049264710501216,-0.38055055552851597,3241,-7.373250208341983
PZU,50,xgboost,,4.0,2017-12-28,5,-6.497656215515733,-0.19291442824025215,3333,-7.612490362467527
PZU,50,xgboost,,5.0,2017-12-28,5,-6.804640579415407,-0.005388398893804502,3175,-7.156589474221881
PZU,50,xgboost,,6.0,2017-12-28,5,-7.789864567446779,0.14275873696762226,3278,-8.67204561958453
PZU,50,xgboost,,7.0,2017-12-28,5,-7.943144287535879,0.2866509568304418,3359,-8.316666479120764
PZU,50,xgboost,,8.0,2017-12-28,5,-7.067173610153252,0.4575734314460407,3565,-7.988536533164499
PZU,50,xgboost,,9.0,2017-12-28,5,-6.172358817520683,0.6831047362580548,3178,-7.716271450696581
PZU,50,xgboost,,10.0,2017-12-28,5,-5.621583091575553,1.1216757610432881,4042,-7.836202085668038
PZU,50,xgboost,,1.0,2017-12-29,5,-7.2975119867531655,-1.1140524407570926,3185,-5.518850984206928
PZU,50,xgboost,,2.0,2017-12-29,5,-7.772083939786438,-0.6227055494559713,3477,-6.385844420142048
PZU,50,xgboost,,3.0,2017-12-29,5,-8.428511145024638,-0.3879059317773044,3758,-7.832249503095071
PZU,50,xgboost,,4.0,2017-12-29,5,-8.82137283516162,-0.19722478895065557,3924,-8.518674111228759
PZU,50,xgboost,,5.0,2017-12-29,5,-9.87064228967613,-0.007150249448563899,4268,-9.586766250735423
PZU,50,xgboost,,6.0,2017-12-29,5,-9.043070148065954,0.14337527322301652,4424,-9.237962219702023
PZU,50,xgboost,,7.0,2017-12-29,5,-10.698456673872943,0.2905816047704827,3907,-10.498749644481396
PZU,50,xgboost,,8.0,2017-12-29,5,-9.881963762357673,0.46091053378731717,3822,-10.315108171344512
PZU,50,xgboost,,9.0,2017-12-29,5,-9.10279711205409,0.6866553269077146,4180,-9.480750791314604
PZU,50,xgboost,,10.0,2017-12-29,5,-6.9649294771223955,1.0760451736010883,3126,-8.65272558089315
KGHM,20,xgboost,7.0,1.0,all,0,-10.263211946141466,-0.029385741749196555,8714,-10.395400271647318
KGHM,20,xgboost,7.0,2.0,all,0,-8.867871495660406,-0.014240917818836215,8716,-8.755057129738292
KGHM,20,xgboost,7.0,3.0,all,0,-8.200619914846607,-0.008672629673464254,8718,-8.326069715057745
KGHM,20,xgboost,7.0,4.0,all,0,-8.451231647963569,-0.0041344442610074,8709,-8.364095013487647
KGHM,20,xgboost,7.0,5.0,all,0,-8.574836225150776,-0.00011082805785965265,8712,-8.550035355941516
KGHM,20,xgboost,7.0,6.0,all,0,-8.798254436856134,0.004069228660409946,8716,-8.704964243012437
KGHM,20,xgboost,7.0,7.0,all,0,-8.967636104206868,0.00837916177111796,8714,-8.726856773934147
KGHM,20,xgboost,7.0,8.0,all,0,-8.925659273460646,0.01287919852013204,8711,-8.892355565882244
KGHM,20,xgboost,7.0,9.0,all,0,-9.418228100605504,0.01893236036037281,8714,-9.348708808180039
KGHM,20,xgboost,7.0,10.0,all,0,-10.644999276995444,0.037126095554029785,8714,-11.011623932106145
KGHM,20,xgboost,7.0,1.0,2017-12-27,0,-8.038695570993353,-0.025949550138862718,1929,-8.532677608052483
KGHM,20,xgboost,7.0,2.0,2017-12-27,0,-7.2810941699559715,-0.01421323741384435,2652,-7.18405753017698
KGHM,20,xgboost,7.0,3.0,2017-12-27,0,-7.071395075139491,-0.008626022535534175,2813,-7.190583894858817
KGHM,20,xgboost,7.0,4.0,2017-12-27,0,-7.4487261629118136,-0.004189408170721158,2547,-7.737157586388635
KGHM,20,xgboost,7.0,5.0,2017-12-27,0,-7.128371176568698,-0.00020622025418804338,2698,-7.438042362588026
KGHM,20,xgboost,7.0,6.0,2017-12-27,0,-7.294094885153431,0.004095614083375557,2703,-7.383952186334363
KGHM,20,xgboost,7.0,7.0,2017-12-27,0,-7.298669063825207,0.008354185877420667,2363,-7.170178743200932
KGHM,20,xgboost,7.0,8.0,2017-12-27,0,-6.9709812821539465,0.012817010747369241,2114,-6.967512767006057
KGHM,20,xgboost,7.0,9.0,2017-12-27,0,-7.01405580403596,0.018810919180704565,1745,-7.13035736038413
KGHM,20,xgboost,7.0,10.0,2017-12-27,0,-6.159190643373366,0.029175870719314354,815,-6.938611091050842
KGHM,20,xgboost,7.0,1.0,2017-12-28,0,-9.316104121317709,-0.035004968910833795,2563,-9.661421012579924
KGHM,20,xgboost,7.0,2.0,2017-12-28,0,-9.409912534904809,-0.014201953586129364,2420,-9.179387183535885
KGHM,20,xgboost,7.0,3.0,2017-12-28,0,-8.160191588301743,-0.008696936112489426,2554,-8.27049461668052
KGHM,20,xgboost,7.0,4.0,2017-12-28,0,-8.307868098982548,-0.004025302231942381,2688,-8.064358898557467
KGHM,20,xgboost,7.0,5.0,2017-12-28,0,-8.190577292682388,-9.499418579303575e-05,2920,-8.09483788986108
KGHM,20,xgboost,7.0,6.0,2017-12-28,0,-8.834847608184617,0.004066070094713467,3161,-8.565771080907606
KGHM,20,xgboost,7.0,7.0,2017-12-28,0,-8.909082105999149,0.008455155757927506,3314,-8.516970591042933
KGHM,20,xgboost,7.0,8.0,2017-12-28,0,-8.731959079147103,0.012923148955401084,4055,-8.618363077981973
KGHM,20,xgboost,7.0,9.0,2017-12-28,0,-9.086225540647947,0.019041995526282676,4894,-8.857502921968761
KGHM,20,xgboost,7.0,10.0,2017-12-28,0,-10.106785435479354,0.038827533028616724,6506,-10.556052104425996
KGHM,20,xgboost,7.0,1.0,2017-12-29,0,-11.8545263570093,-0.02754451351638218,4222,-11.692032403116805
KGHM,20,xgboost,7.0,2.0,2017-12-29,0,-9.662710725297263,-0.014286939190183362,3644,-9.61658627568956
KGHM,20,xgboost,7.0,3.0,2017-12-29,0,-9.179361609890387,-0.008693228668906518,3351,-9.321611467810657
KGHM,20,xgboost,7.0,4.0,2017-12-29,0,-9.297156429220854,-0.004178595296150126,3474,-9.055661019173744
KGHM,20,xgboost,7.0,5.0,2017-12-29,0,-10.198817732546427,-4.258848473118568e-05,3094,-9.949302872755535
KGHM,20,xgboost,7.0,6.0,2017-12-29,0,-10.18327275862439,0.004047722499081238,2852,-10.111235342105777
KGHM,20,xgboost,7.0,7.0,2017-12-29,0,-10.330104680592195,0.008315669497334578,3037,-10.16709154401122
KGHM,20,xgboost,7.0,8.0,2017-12-29,0,-10.860216142683223,0.012860805890944228,2542,-10.930182951901072
KGHM,20,xgboost,7.0,9.0,2017-12-29,0,-12.223096142025328,0.0187759075201599,2075,-12.372797908672498
KGHM,20,xgboost,7.0,10.0,2017-12-29,0,-15.783228486834416,0.03383096348700212,1393,-15.522360311393378
KGHM,20,xgboost,7.0,1.0,all,1,-10.23810008359378,-0.029385741749196555,8714,-10.401024362973768
KGHM,20,xgboost,7.0,2.0,all,1,-8.880154064835477,-0.014240917818836215,8716,-8.766276691153784
KGHM,20,xgboost,7.0,3.0,all,1,-8.209293995166574,-0.008672629673464254,8718,-8.336759641172709
KGHM,20,xgboost,7.0,4.0,all,1,-8.446709077321454,-0.0041344442610074,8709,-8.376371094771786
KGHM,20,xgboost,7.0,5.0,all,1,-8.553931908324921,-0.00011082805785965265,8712,-8.584320882191152
KGHM,20,xgboost,7.0,6.0,all,1,-8.790051951973076,0.004069228660409946,8716,-8.690112215806385
KGHM,20,xgboost,7.0,7.0,all,1,-8.995269484309265,0.00837916177111796,8714,-8.745281511944125
KGHM,20,xgboost,7.0,8.0,all,1,-8.925594945089316,0.01287919852013204,8711,-8.883088336374511
KGHM,20,xgboost,7.0,9.0,all,1,-9.434188651446156,0.01893236036037281,8714,-9.318069008881865
KGHM,20,xgboost,7.0,10.0,all,1,-10.63872991334986,0.037126095554029785,8714,-10.973872847684897
KGHM,20,xgboost,7.0,1.0,2017-12-27,1,-8.020043601106801,-0.025949550138862718,1929,-8.535013996218078
KGHM,20,xgboost,7.0,2.0,2017-12-27,1,-7.270921898579721,-0.01421323741384435,2652,-7.1705548179809195
KGHM,20,xgboost,7.0,3.0,2017-12-27,1,-7.077734819917122,-0.008626022535534175,2813,-7.19051386130472
KGHM,20,xgboost,7.0,4.0,2017-12-27,1,-7.418888887818827,-0.004189408170721158,2547,-7.7425453218824
KGHM,20,xgboost,7.0,5.0,2017-12-27,1,-7.133315130637209,-0.00020622025418804338,2698,-7.466218636766648
KGHM,20,xgboost,7.0,6.0,2017-12-27,1,-7.290835512247353,0.004095614083375557,2703,-7.3640273494697315
KGHM,20,xgboost,7.0,7.0,2017-12-27,1,-7.328967007425285,0.008354185877420667,2363,-7.175757222893296
KGHM,20,xgboost,7.0,8.0,2017-12-27,1,-6.983723480872106,0.012817010747369241,2114,-6.98849918993878
KGHM,20,xgboost,7.0,9.0,2017-12-27,1,-7.001352558888719,0.018810919180704565,1745,-7.115206262072632
KGHM,20,xgboost,7.0,10.0,2017-12-27,1,-6.203004932439912,0.029175870719314354,815,-6.895014256205045
KGHM,20,xgboost,7.0,1.0,2017-12-28,1,-9.316165849027456,-0.035004968910833795,2563,-9.673603947687516
KGHM,20,xgboost,7.0,2.0,2017-12-28,1,-9.4118011662437,-0.014201953586129364,2420,-9.192197279230049
KGHM,20,xgboost,7.0,3.0,2017-12-28,1,-8.137526523907031,-0.008696936112489426,2554,-8.293097721912211
KGHM,20,xgboost,7.0,4.0,2017-12-28,1,-8.294693323839654,-0.004025302231942381,2688,-8.09413444559593
KGHM,20,xgboost,7.0,5.0,2017-12-28,1,-8.152594300139107,-9.499418579303575e-05,2920,-8.134397048189236
KGHM,20,xgboost,7.0,6.0,2017-12-28,1,-8.850262445887648,0.004066070094713467,3161,-8.557330335663886
KGHM,20,xgboost,7.0,7.0,2017-12-28,1,-8.910441898963375,0.008455155757927506,3314,-8.534404253956874
KGHM,20,xgboost,7.0,8.0,2017-12-28,1,-8.735224354248363,0.012923148955401084,4055,-8.612883347122223
KGHM,20,xgboost,7.0,9.0,2017-12-28,1,-9.059941186719,0.019041995526282676,4894,-8.843010733406869
KGHM,20,xgboost,7.0,10.0,2017-12-28,1,-10.147687603000398,0.038827533028616724,6506,-10.517781782622189
KGHM,20,xgboost,7.0,1.0,2017-12-29,1,-11.81118118210417,-0.02754451351638218,4222,-11.695177020920328
KGHM,20,xgboost,7.0,2.0,2017-12-29,1,-9.698237961515597,-0.014286939190183362,3644,-9.64474172532225
KGHM,20,xgboost,7.0,3.0,2017-12-29,1,-9.213880710049768,-0.008693228668906518,3351,-9.332254096726265
KGHM,20,xgboost,7.0,4.0,2017-12-29,1,-9.317888227586934,-0.004178595296150126,3474,-9.05944719049256
KGHM,20,xgboost,7.0,5.0,2017-12-29,1,-10.171491663368238,-4.258848473118568e-05,3094,-9.983938675804891
KGHM,20,xgboost,7.0,6.0,2017-12-29,1,-10.144209268002061,0.004047722499081238,2852,-10.094085188049867
KGHM,20,xgboost,7.0,7.0,2017-12-29,1,-10.384334802291859,0.008315669497334578,3037,-10.196593045693497
KGHM,20,xgboost,7.0,8.0,2017-12-29,1,-10.844190154064632,0.012860805890944228,2542,-10.889714098366316
KGHM,20,xgboost,7.0,9.0,2017-12-29,1,-12.36279880753649,0.0187759075201599,2075,-12.29104765628271
KGHM,20,xgboost,7.0,10.0,2017-12-29,1,-15.52734235453808,0.03383096348700212,1393,-15.490454485412148
KGHM,20,xgboost,7.0,1.0,all,5,-10.187878263304874,-0.029385741749196555,8714,-10.322554430475277
KGHM,20,xgboost,7.0,2.0,all,5,-8.93930667901075,-0.014240917818836215,8716,-8.740586909853063
KGHM,20,xgboost,7.0,3.0,all,5,-8.181776204107592,-0.008672629673464254,8718,-8.37613606326731
KGHM,20,xgboost,7.0,4.0,all,5,-8.425224264552538,-0.0041344442610074,8709,-8.379373319462523
KGHM,20,xgboost,7.0,5.0,all,5,-8.584531576625258,-0.00011082805785965265,8712,-8.665356137678796
KGHM,20,xgboost,7.0,6.0,all,5,-8.76211971385538,0.004069228660409946,8716,-8.68954881012107
KGHM,20,xgboost,7.0,7.0,all,5,-9.034236080068503,0.00837916177111796,8714,-8.758137205322452
KGHM,20,xgboost,7.0,8.0,all,5,-8.926611634577396,0.01287919852013204,8711,-8.90915960759897
KGHM,20,xgboost,7.0,9.0,all,5,-9.44556946736107,0.01893236036037281,8714,-9.288531577900304
KGHM,20,xgboost,7.0,10.0,all,5,-10.622722649919842,0.037126095554029785,8714,-10.943780555689141
KGHM,20,xgboost,7.0,1.0,2017-12-27,5,-7.931438962443717,-0.025949550138862718,1929,-8.435260104432656
KGHM,20,xgboost,7.0,2.0,2017-12-27,5,-7.250811793760686,-0.01421323741384435,2652,-7.084744339016849
KGHM,20,xgboost,7.0,3.0,2017-12-27,5,-7.025295760777107,-0.008626022535534175,2813,-7.209284385597575
KGHM,20,xgboost,7.0,4.0,2017-12-27,5,-7.380107952669772,-0.004189408170721158,2547,-7.700270938315011
KGHM,20,xgboost,7.0,5.0,2017-12-27,5,-7.1844111480167125,-0.00020622025418804338,2698,-7.560996321914476
KGHM,20,xgboost,7.0,6.0,2017-12-27,5,-7.292633522467303,0.004095614083375557,2703,-7.368829705428428
KGHM,20,xgboost,7.0,7.0,2017-12-27,5,-7.4065977528005025,0.008354185877420667,2363,-7.101903293319291
KGHM,20,xgboost,7.0,8.0,2017-12-27,5,-7.02401106643189,0.012817010747369241,2114,-7.098194375275853
KGHM,20,xgboost,7.0,9.0,2017-12-27,5,-6.932609081143509,0.018810919180704565,1745,-7.2001946008993505
KGHM,20,xgboost,7.0,10.0,2017-12-27,5,-6.4006722701503715,0.029175870719314354,815,-6.895436708358323
KGHM,20,xgboost,7.0,1.0,2017-12-28,5,-9.477421554607751,-0.035004968910833795,2563,-9.599034883557934
KGHM,20,xgboost,7.0,2.0,2017-12-28,5,-9.404646744547657,-0.014201953586129364,2420,-9.177517697368906
KGHM,20,xgboost,7.0,3.0,2017-12-28,5,-8.026160066150148,-0.008696936112489426,2554,-8.340051539047721
KGHM,20,xgboost,7.0,4.0,2017-12-28,5,-8.205511327573937,-0.004025302231942381,2688,-8.099152033653812
KGHM,20,xgboost,7.0,5.0,2017-12-28,5,-8.184368880631249,-9.499418579303575e-05,2920,-8.221256807538234
KGHM,20,xgboost,7.0,6.0,2017-12-28,5,-8.811037295566624,0.004066070094713467,3161,-8.541772764860387
KGHM,20,xgboost,7.0,7.0,2017-12-28,5,-8.859537203484065,0.008455155757927506,3314,-8.525142214877414
KGHM,20,xgboost,7.0,8.0,2017-12-28,5,-8.742932915995084,0.012923148955401084,4055,-8.68194272614074
KGHM,20,xgboost,7.0,9.0,2017-12-28,5,-9.066294249735659,0.019041995526282676,4894,-8.822159604892754
KGHM,20,xgboost,7.0,10.0,2017-12-28,5,-10.191275717852163,0.038827533028616724,6506,-10.478745676379003
KGHM,20,xgboost,7.0,1.0,2017-12-29,5,-11.650117002232372,-0.02754451351638218,4222,-11.624063514720982
KGHM,20,xgboost,7.0,2.0,2017-12-29,5,-9.85911059698107,-0.014286939190183362,3644,-9.65549415246264
KGHM,20,xgboost,7.0,3.0,2017-12-29,5,-9.271189246015075,-0.008693228668906518,3351,-9.383152966920486
KGHM,20,xgboost,7.0,4.0,2017-12-29,5,-9.361464800235865,-0.004178595296150126,3474,-9.09408505839071
KGHM,20,xgboost,7.0,5.0,2017-12-29,5,-10.183109465664812,-4.258848473118568e-05,3094,-10.047493444382924
KGHM,20,xgboost,7.0,6.0,2017-12-29,5,-10.100616452821978,0.004047722499081238,2852,-10.10505505803595
KGHM,20,xgboost,7.0,7.0,2017-12-29,5,-10.4912862757666,0.008315669497334578,3037,-10.301049991755882
KGHM,20,xgboost,7.0,8.0,2017-12-29,5,-10.801873162866487,0.012860805890944228,2542,-10.777666671109666
KGHM,20,xgboost,7.0,9.0,2017-12-29,5,-12.453419486160298,0.0187759075201599,2075,-12.144711077064459
KGHM,20,xgboost,7.0,10.0,2017-12-29,5,-15.107980941050094,0.03383096348700212,1393,-15.48428102974972
PEKAO,20,xgboost,7.0,1.0,all,0,-7.6944623018419875,-0.031921061828149494,4294,-7.907898223830933
PEKAO,20,xgboost,7.0,2.0,all,0,-7.126048936658464,-0.020338533626686656,4293,-7.3888642069712445
PEKAO,20,xgboost,7.0,3.0,all,0,-7.5834967616475435,-0.01598881981038442,4294,-7.6982307341976695
PEKAO,20,xgboost,7.0,4.0,all,0,-7.319318191239931,-0.012555909993449361,4293,-7.592613640997369
PEKAO,20,xgboost,7.0,5.0,all,0,-7.859583814553335,-0.009487818697971497,4294,-7.675940038107108
PEKAO,20,xgboost,7.0,6.0,all,0,-7.982464370518201,-0.0064741432842417975,4295,-7.987997783614966
PEKAO,20,xgboost,7.0,7.0,all,0,-8.191584680291452,-0.003215179381532014,4291,-8.140317426596216
PEKAO,20,xgboost,7.0,8.0,all,0,-8.162343868875766,0.0007741515163898536,4294,-8.317725232833615
PEKAO,20,xgboost,7.0,9.0,all,0,-9.262773489424584,0.006913131970082207,4293,-8.876198554893302
PEKAO,20,xgboost,7.0,10.0,all,0,-9.74497560537083,0.02274869820692988,4294,-9.320808720687065
PEKAO,20,xgboost,7.0,1.0,2017-12-27,0,-5.81631876767068,-0.030177951100924912,2064,-6.269394664281835
PEKAO,20,xgboost,7.0,2.0,2017-12-27,0,-5.895502510611688,-0.02035495367594533,2047,-6.044001123952305
PEKAO,20,xgboost,7.0,3.0,2017-12-27,0,-6.218836421572038,-0.0159887034587713,1827,-6.217125763754746
PEKAO,20,xgboost,7.0,4.0,2017-12-27,0,-6.424714226243878,-0.012573277576172156,1762,-6.887311708383476
PEKAO,20,xgboost,7.0,5.0,2017-12-27,0,-7.02154614208902,-0.009502414883060134,1682,-6.894959556251434
PEKAO,20,xgboost,7.0,6.0,2017-12-27,0,-7.4769027266304615,-0.006486255105917581,1254,-7.408368956584343
PEKAO,20,xgboost,7.0,7.0,2017-12-27,0,-7.57216257781876,-0.003360772012273807,996,-7.760514462834344
PEKAO,20,xgboost,7.0,8.0,2017-12-27,0,-7.40278300371203,0.0010186146337665585,855,-7.8801559756959625
PEKAO,20,xgboost,7.0,9.0,2017-12-27,0,-8.412912379222183,0.006678390433733291,535,-7.959870855280413
PEKAO,20,xgboost,7.0,10.0,2017-12-27,0,-11.498668730558851,0.02665178187323355,565,-11.733030673200306
PEKAO,20,xgboost,7.0,1.0,2017-12-28,0,-9.001502182124545,-0.032849538817483565,1064,-8.917057264071387
PEKAO,20,xgboost,7.0,2.0,2017-12-28,0,-8.834757574408636,-0.020410841740913135,1063,-9.293197156008326
PEKAO,20,xgboost,7.0,3.0,2017-12-28,0,-8.63419497371006,-0.016106857780287875,1175,-8.997012389143123
PEKAO,20,xgboost,7.0,4.0,2017-12-28,0,-8.088451935913659,-0.012482469841682662,1200,-8.351832568806367
PEKAO,20,xgboost,7.0,5.0,2017-12-28,0,-7.768788867261,-0.009422487925840882,1341,-7.87449712616736
PEKAO,20,xgboost,7.0,6.0,2017-12-28,0,-7.287874023246185,-0.006483912477335977,1688,-7.721731552628038
PEKAO,20,xgboost,7.0,7.0,2017-12-28,0,-7.659910979730981,-0.0031413686000309653,1874,-7.562964273421739
PEKAO,20,xgboost,7.0,8.0,2017-12-28,0,-7.821798308964105,0.0007106492229006441,2096,-7.8758263602605325
PEKAO,20,xgboost,7.0,9.0,2017-12-28,0,-8.065550931874935,0.006913124121285016,2410,-7.994340287328528
PEKAO,20,xgboost,7.0,10.0,2017-12-28,0,-7.653778370571031,0.02285613781034452,2410,-7.358274477206681
PEKAO,20,xgboost,7.0,1.0,2017-12-29,0,-9.826364378950851,-0.03415938174610839,1166,-9.88742320504319
PEKAO,20,xgboost,7.0,2.0,2017-12-29,0,-7.719938414417815,-0.020245147856394818,1183,-8.004780357531983
PEKAO,20,xgboost,7.0,3.0,2017-12-29,0,-8.55769493668198,-0.01588163556871307,1292,-8.611474028654568
PEKAO,20,xgboost,7.0,4.0,2017-12-29,0,-7.810175961874473,-0.012599130505367073,1331,-7.8418092021505466
PEKAO,20,xgboost,7.0,5.0,2017-12-29,0,-9.064411028875917,-0.009537431429763838,1271,-8.499971600178272
PEKAO,20,xgboost,7.0,6.0,2017-12-29,0,-9.31760317881856,-0.006450729668333146,1353,-8.857407944001025
PEKAO,20,xgboost,7.0,7.0,2017-12-29,0,-9.326912568337281,-0.003210472234673562,1421,-9.167934288634072
PEKAO,20,xgboost,7.0,8.0,2017-12-29,0,-9.177390803566631,0.0007176249652329662,1343,-9.285961831318998
PEKAO,20,xgboost,7.0,9.0,2017-12-29,0,-11.740504986199761,0.007006311226423377,1348,-10.816490649940777
PEKAO,20,xgboost,7.0,10.0,2017-12-29,0,-12.81468653799879,0.020880486140447053,1319,-11.873350133589069
PEKAO,20,xgboost,7.0,1.0,all,1,-7.714007626396299,-0.031921061828149494,4294,-7.974840070873533
PEKAO,20,xgboost,7.0,2.0,all,1,-7.168129522843612,-0.020338533626686656,4293,-7.404661659036728
PEKAO,20,xgboost,7.0,3.0,all,1,-7.592856232396856,-0.01598881981038442,4294,-7.690790275950921
PEKAO,20,xgboost,7.0,4.0,all,1,-7.31396660479593,-0.012555909993449361,4293,-7.582524076712458
PEKAO,20,xgboost,7.0,5.0,all,1,-7.851074882789103,-0.009487818697971497,4294,-7.683731221992574
PEKAO,20,xgboost,7.0,6.0,all,1,-7.9892821340561735,-0.0064741432842417975,4295,-7.96850680022904
PEKAO,20,xgboost,7.0,7.0,all,1,-8.173911648890495,-0.003215179381532014,4291,-8.14008335741898
PEKAO,20,xgboost,7.0,8.0,all,1,-8.145949488408183,0.0007741515163898536,4294,-8.280924883056722
PEKAO,20,xgboost,7.0,9.0,all,1,-9.264720995273644,0.006913131970082207,4293,-8.842706909834925
PEKAO,20,xgboost,7.0,10.0,all,1,-9.714228050861074,0.02274869820692988,4294,-9.338740659090732
PEKAO,20,xgboost,7.0,1.0,2017-12-27,1,-5.8562066687038525,-0.030177951100924912,2064,-6.326510495919433
PEKAO,20,xgboost,7.0,2.0,2017-12-27,1,-5.9606913378840405,-0.02035495367594533,2047,-6.08984312748379
PEKAO,20,xgboost,7.0,3.0,2017-12-27,1,-6.235952193414016,-0.0159887034587713,1827,-6.232169979227166
PEKAO,20,xgboost,7.0,4.0,2017-12-27,1,-6.435773250097009,-0.012573277576172156,1762,-6.887206337258162
PEKAO,20,xgboost,7.0,5.0,2017-12-27,1,-6.977191583934875,-0.009502414883060134,1682,-6.904360138499409
PEKAO,20,xgboost,7.0,6.0,2017-12-27,1,-7.46754852970649,-0.006486255105917581,1254,-7.361255546160941
PEKAO,20,xgboost,7.0,7.0,2017-12-27,1,-7.509075002223347,-0.003360772012273807,996,-7.697583139278906
PEKAO,20,xgboost,7.0,8.0,2017-12-27,1,-7.393495184916809,0.0010186146337665585,855,-7.825174443964723
PEKAO,20,xgboost,7.0,9.0,2017-12-27,1,-8.31071475761583,0.006678390433733291,535,-7.864772208135023
PEKAO,20,xgboost,7.0,10.0,2017-12-27,1,-11.408619951486653,0.02665178187323355,565,-11.684570886277935
PEKAO,20,xgboost,7.0,1.0,2017-12-28,1,-9.004345178445215,-0.032849538817483565,1064,-9.027506770411714
PEKAO,20,xgboost,7.0,2.0,2017-12-28,1,-8.871042960001963,-0.020410841740913135,1063,-9.268425482534196
PEKAO,20,xgboost,7.0,3.0,2017-12-28,1,-8.60004538634453,-0.016106857780287875,1175,-8.982544652913708
PEKAO,20,xgboost,7.0,4.0,2017-12-28,1,-8.051109782602783,-0.012482469841682662,1200,-8.351802367662204
PEKAO,20,xgboost,7.0,5.0,2017-12-28,1,-7.833882341500114,-0.009422487925840882,1341,-7.86805596151054
PEKAO,20,xgboost,7.0,6.0,2017-12-28,1,-7.308437483021995,-0.006483912477335977,1688,-7.69110614279064
PEKAO,20,xgboost,7.0,7.0,2017-12-28,1,-7.637641106823196,-0.0031413686000309653,1874,-7.575358064717987
PEKAO,20,xgboost,7.0,8.0,2017-12-28,1,-7.801899169089951,0.0007106492229006441,2096,-7.856312319362378
PEKAO,20,xgboost,7.0,9.0,2017-12-28,1,-8.082221819308238,0.006913124121285016,2410,-7.973171233512563
PEKAO,20,xgboost,7.0,10.0,2017-12-28,1,-7.639399403141717,0.02285613781034452,2410,-7.379424603636004
PEKAO,20,xgboost,7.0,1.0,2017-12-29,1,-9.825141435399013,-0.03415938174610839,1166,-9.93205694428403
PEKAO,20,xgboost,7.0,2.0,2017-12-29,1,-7.727241087436103,-0.020245147856394818,1183,-8.00504423698352
PEKAO,20,xgboost,7.0,3.0,2017-12-29,1,-8.59565532166399,-0.01588163556871307,1292,-8.578629199467194
PEKAO,20,xgboost,7.0,4.0,2017-12-29,1,-7.811941719455042,-0.012599130505367073,1331,-7.809433098334377
PEKAO,20,xgboost,7.0,5.0,2017-12-29,1,-9.025682991790944,-0.009537431429763838,1271,-8.520649150192346
PEKAO,20,xgboost,7.0,6.0,2017-12-29,1,-9.322260486458385,-0.006450729668333146,1353,-8.877409521853142
PEKAO,20,xgboost,7.0,7.0,2017-12-29,1,-9.347133532011254,-0.003210472234673562,1421,-9.194992165152389
PEKAO,20,xgboost,7.0,8.0,2017-12-29,1,-9.161941967020354,0.0007176249652329662,1343,-9.233757763866105
PEKAO,20,xgboost,7.0,9.0,2017-12-29,1,-11.757463095587857,0.007006311226423377,1348,-10.785419109646751
PEKAO,20,xgboost,7.0,10.0,2017-12-29,1,-12.779433219284272,0.020880486140447053,1319,-11.913841201384226
PEKAO,20,xgboost,7.0,1.0,all,5,-7.772978278434069,-0.031921061828149494,4294,-7.964345205446236
PEKAO,20,xgboost,7.0,2.0,all,5,-7.199462112562868,-0.020338533626686656,4293,-7.417973138946772
PEKAO,20,xgboost,7.0,3.0,all,5,-7.629239470331789,-0.01598881981038442,4294,-7.800046264344149
PEKAO,20,xgboost,7.0,4.0,all,5,-7.352079875580314,-0.012555909993449361,4293,-7.576047460617629
PEKAO,20,xgboost,7.0,5.0,all,5,-7.896967298857228,-0.009487818697971497,4294,-7.718331236580953
PEKAO,20,xgboost,7.0,6.0,all,5,-8.000391626000551,-0.0064741432842417975,4295,-7.959417544928353
PEKAO,20,xgboost,7.0,7.0,all,5,-8.12263671274742,-0.003215179381532014,4291,-8.196966279220675
PEKAO,20,xgboost,7.0,8.0,all,5,-8.115339280462095,0.0007741515163898536,4294,-8.228195675331195
PEKAO,20,xgboost,7.0,9.0,all,5,-9.210321457196304,0.006913131970082207,4293,-8.729573434324655
PEKAO,20,xgboost,7.0,10.0,all,5,-9.632101701097065,0.02274869820692988,4294,-9.317595135974937
PEKAO,20,xgboost,7.0,1.0,2017-12-27,5,-6.035118314882031,-0.030177951100924912,2064,-6.301734824995027
PEKAO,20,xgboost,7.0,2.0,2017-12-27,5,-6.039231293919069,-0.02035495367594533,2047,-6.216435062643279
PEKAO,20,xgboost,7.0,3.0,2017-12-27,5,-6.182278900680281,-0.0159887034587713,1827,-6.391155036569545
PEKAO,20,xgboost,7.0,4.0,2017-12-27,5,-6.397752046436428,-0.012573277576172156,1762,-6.887177997178925
PEKAO,20,xgboost,7.0,5.0,2017-12-27,5,-6.893000372262384,-0.009502414883060134,1682,-6.899294256864842
PEKAO,20,xgboost,7.0,6.0,2017-12-27,5,-7.464297205718747,-0.006486255105917581,1254,-7.317430557943627
PEKAO,20,xgboost,7.0,7.0,2017-12-27,5,-7.457715717970693,-0.003360772012273807,996,-7.677864121024706
PEKAO,20,xgboost,7.0,8.0,2017-12-27,5,-7.407234340245057,0.0010186146337665585,855,-7.531205718744661
PEKAO,20,xgboost,7.0,9.0,2017-12-27,5,-8.083891148014404,0.006678390433733291,535,-7.711920126113854
PEKAO,20,xgboost,7.0,10.0,2017-12-27,5,-11.3323438376268,0.02665178187323355,565,-11.594425825936955
PEKAO,20,xgboost,7.0,1.0,2017-12-28,5,-8.981712615277731,-0.032849538817483565,1064,-8.962879420779995
PEKAO,20,xgboost,7.0,2.0,2017-12-28,5,-8.725684829724168,-0.020410841740913135,1063,-9.156507857144192
PEKAO,20,xgboost,7.0,3.0,2017-12-28,5,-8.65004949485757,-0.016106857780287875,1175,-9.16467981215806
PEKAO,20,xgboost,7.0,4.0,2017-12-28,5,-8.114206317406623,-0.012482469841682662,1200,-8.40710930710687
PEKAO,20,xgboost,7.0,5.0,2017-12-28,5,-7.931356516857212,-0.009422487925840882,1341,-7.935346463914445
PEKAO,20,xgboost,7.0,6.0,2017-12-28,5,-7.438844594604461,-0.006483912477335977,1688,-7.66542143523438
PEKAO,20,xgboost,7.0,7.0,2017-12-28,5,-7.563871065556049,-0.0031413686000309653,1874,-7.621099203859557
PEKAO,20,xgboost,7.0,8.0,2017-12-28,5,-7.709768566865842,0.0007106492229006441,2096,-7.8372501518226745
PEKAO,20,xgboost,7.0,9.0,2017-12-28,5,-8.092079548607131,0.006913124121285016,2410,-7.881140387396039
PEKAO,20,xgboost,7.0,10.0,2017-12-28,5,-7.6409969771351225,0.02285613781034452,2410,-7.383270989521737
PEKAO,20,xgboost,7.0,1.0,2017-12-29,5,-9.746262695560784,-0.03415938174610839,1166,-9.996238361652225
PEKAO,20,xgboost,7.0,2.0,2017-12-29,5,-7.8356563115665825,-0.020245147856394818,1183,-7.934867506444146
PEKAO,20,xgboost,7.0,3.0,2017-12-29,5,-8.746998899074446,-0.01588163556871307,1292,-8.551284541792182
PEKAO,20,xgboost,7.0,4.0,2017-12-29,5,-7.928318722131745,-0.012599130505367073,1331,-7.738717467223123
PEKAO,20,xgboost,7.0,5.0,2017-12-29,5,-9.189301232133822,-0.009537431429763838,1271,-8.573250811740897
PEKAO,20,xgboost,7.0,6.0,2017-12-29,5,-9.197844539548209,-0.006450729668333146,1353,-8.921218812365362
PEKAO,20,xgboost,7.0,7.0,2017-12-29,5,-9.325584027057234,-0.003210472234673562,1421,-9.320260191106613
PEKAO,20,xgboost,7.0,8.0,2017-12-29,5,-9.199111387374467,0.0007176249652329662,1343,-9.282066286020205
PEKAO,20,xgboost,7.0,9.0,2017-12-29,5,-11.656614643481339,0.007006311226423377,1348,-10.650321329718379
PEKAO,20,xgboost,7.0,10.0,2017-12-29,5,-12.541825414219868,0.020880486140447053,1319,-11.876588201269607
PKNORLEN,20,xgboost,7.0,1.0,all,0,-18.709682334492932,-0.02925363500661949,9814,-17.38456132630874
PKNORLEN,20,xgboost,7.0,2.0,all,0,-14.561256625847617,-0.013935843124120374,9807,-13.418802817973758
PKNORLEN,20,xgboost,7.0,3.0,all,0,-12.912194246730884,-0.0085624205000754,9811,-12.18235935976739
PKNORLEN,20,xgboost,7.0,4.0,all,0,-11.69021302062313,-0.0045918361580927994,9812,-11.110862795165168
PKNORLEN,20,xgboost,7.0,5.0,all,0,-10.650543370502675,-0.0012568155138122637,9809,-10.377368207279636
PKNORLEN,20,xgboost,7.0,6.0,all,0,-9.745487998511132,0.001689359030941845,9828,-9.75438160357629
PKNORLEN,20,xgboost,7.0,7.0,all,0,-9.59043455985403,0.004673425665667477,9804,-9.587583975654105
PKNORLEN,20,xgboost,7.0,8.0,all,0,-9.00886543846965,0.008049834770014476,9799,-9.667217335613973
PKNORLEN,20,xgboost,7.0,9.0,all,0,-8.746804373527747,0.012493573728033648,9810,-9.764127480334581
PKNORLEN,20,xgboost,7.0,10.0,all,0,-10.962625463814673,0.02784405244853613,9811,-12.407730334408473
PKNORLEN,20,xgboost,7.0,1.0,2017-12-27,0,-17.637513807334393,-0.026911724540251942,2556,-16.5976311911801
PKNORLEN,20,xgboost,7.0,2.0,2017-12-27,0,-13.729440595164636,-0.01393587204493326,2821,-12.537102920757567
PKNORLEN,20,xgboost,7.0,3.0,2017-12-27,0,-12.116661561142882,-0.008513294266794211,3054,-11.20400642765363
PKNORLEN,20,xgboost,7.0,4.0,2017-12-27,0,-10.247076386643876,-0.004586123960937748,3337,-10.04038850875437
PKNORLEN,20,xgboost,7.0,5.0,2017-12-27,0,-9.086367241222101,-0.0012428508194913682,3172,-9.17749824825182
PKNORLEN,20,xgboost,7.0,6.0,2017-12-27,0,-8.525520868747062,0.0016581857031558562,3297,-8.7720764198677
PKNORLEN,20,xgboost,7.0,7.0,2017-12-27,0,-8.618201787626623,0.004678238819215051,3079,-9.058726756842889
PKNORLEN,20,xgboost,7.0,8.0,2017-12-27,0,-8.554134290548161,0.008020707843413131,2825,-9.626648330011088
PKNORLEN,20,xgboost,7.0,9.0,2017-12-27,0,-8.457060700532937,0.012380970428342518,2716,-9.593028928372787
PKNORLEN,20,xgboost,7.0,10.0,2017-12-27,0,-9.379039695479404,0.024113401483176495,2683,-11.25102286469433
PKNORLEN,20,xgboost,7.0,1.0,2017-12-28,0,-16.97126907693504,-0.026502648715252874,3298,-15.269504371905354
PKNORLEN,20,xgboost,7.0,2.0,2017-12-28,0,-14.627045486464917,-0.01401293827333134,3482,-13.391666841292471
PKNORLEN,20,xgboost,7.0,3.0,2017-12-28,0,-13.130747934693733,-0.008554464504530169,3063,-12.784676406239493
PKNORLEN,20,xgboost,7.0,4.0,2017-12-28,0,-12.093564489641594,-0.004580488737824971,2921,-11.395224634017596
PKNORLEN,20,xgboost,7.0,5.0,2017-12-28,0,-10.663115490813675,-0.001273051988363143,2933,-10.23214360018087
PKNORLEN,20,xgboost,7.0,6.0,2017-12-28,0,-9.645771069915346,0.0016232266405235033,2703,-10.111055328420894
PKNORLEN,20,xgboost,7.0,7.0,2017-12-28,0,-9.36372113668348,0.00464961523199784,2511,-9.560034246088037
PKNORLEN,20,xgboost,7.0,8.0,2017-12-28,0,-8.4258658810724,0.008097151053403667,2381,-10.032587031302663
PKNORLEN,20,xgboost,7.0,9.0,2017-12-28,0,-8.817343015731193,0.012529557015018901,2175,-10.246383483083752
PKNORLEN,20,xgboost,7.0,10.0,2017-12-28,0,-10.209600223612254,0.023895976614598885,2101,-11.76388284068053
PKNORLEN,20,xgboost,7.0,1.0,2017-12-29,0,-20.849518111978576,-0.03305633095130701,3960,-19.653968210402475
PKNORLEN,20,xgboost,7.0,2.0,2017-12-29,0,-15.165559197162471,-0.013859208736230607,3504,-14.1556072931025
PKNORLEN,20,xgboost,7.0,3.0,2017-12-29,0,-13.388676887650096,-0.008609632392548545,3694,-12.491778076965922
PKNORLEN,20,xgboost,7.0,4.0,2017-12-29,0,-12.713723799065965,-0.0046065259207570455,3554,-11.882261715386013
PKNORLEN,20,xgboost,7.0,5.0,2017-12-29,0,-11.980104022016123,-0.0012559176818814188,3704,-11.519898251193487
PKNORLEN,20,xgboost,7.0,6.0,2017-12-29,0,-10.866639117849312,0.001762905089722196,3828,-10.348574684148982
PKNORLEN,20,xgboost,7.0,7.0,2017-12-29,0,-10.435897804104014,0.004684096833007648,4214,-9.990414717861066
PKNORLEN,20,xgboost,7.0,8.0,2017-12-29,0,-9.590780839959105,0.008043221118130989,4593,-9.502763208767332
PKNORLEN,20,xgboost,7.0,9.0,2017-12-29,0,-8.875595239366618,0.012539836568604534,4919,-9.645362865809023
PKNORLEN,20,xgboost,7.0,10.0,2017-12-29,0,-12.12253528002888,0.031485238815586465,5027,-13.294177465016281
PKNORLEN,20,xgboost,7.0,1.0,all,1,-18.582294799823863,-0.02925363500661949,9814,-17.33522591331922
PKNORLEN,20,xgboost,7.0,2.0,all,1,-14.495622005143419,-0.013935843124120374,9807,-13.420084215558987
PKNORLEN,20,xgboost,7.0,3.0,all,1,-12.873449001177066,-0.0085624205000754,9811,-12.184587874351427
PKNORLEN,20,xgboost,7.0,4.0,all,1,-11.66127376540057,-0.0045918361580927994,9812,-11.130027066948289
PKNORLEN,20,xgboost,7.0,5.0,all,1,-10.640733783123274,-0.0012568155138122637,9809,-10.39827102798034
PKNORLEN,20,xgboost,7.0,6.0,all,1,-9.76278826412439,0.001689359030941845,9828,-9.757989824567145
PKNORLEN,20,xgboost,7.0,7.0,all,1,-9.589048344752461,0.004673425665667477,9804,-9.598759102403784
PKNORLEN,20,xgboost,7.0,8.0,all,1,-9.055364691667814,0.008049834770014476,9799,-9.691276006564538
PKNORLEN,20,xgboost,7.0,9.0,all,1,-8.804493465079377,0.012493573728033648,9810,-9.749749235111267
PKNORLEN,20,xgboost,7.0,10.0,all,1,-11.107622970184995,0.02784405244853613,9811,-12.384530504926147
PKNORLEN,20,xgboost,7.0,1.0,2017-12-27,1,-17.468978002775064,-0.026911724540251942,2556,-16.533331915706864
PKNORLEN,20,xgboost,7.0,2.0,2017-12-27,1,-13.652286753228847,-0.01393587204493326,2821,-12.541827197897849
PKNORLEN,20,xgboost,7.0,3.0,2017-12-27,1,-12.081792670796899,-0.008513294266794211,3054,-11.221464563225851
PKNORLEN,20,xgboost,7.0,4.0,2017-12-27,1,-10.235098963400052,-0.004586123960937748,3337,-10.047107121872463
PKNORLEN,20,xgboost,7.0,5.0,2017-12-27,1,-9.057011502840181,-0.0012428508194913682,3172,-9.205598585405657
PKNORLEN,20,xgboost,7.0,6.0,2017-12-27,1,-8.54030823877322,0.0016581857031558562,3297,-8.759931365650877
PKNORLEN,20,xgboost,7.0,7.0,2017-12-27,1,-8.632683215802325,0.004678238819215051,3079,-9.077497673323359
PKNORLEN,20,xgboost,7.0,8.0,2017-12-27,1,-8.615517773026161,0.008020707843413131,2825,-9.669014845520339
PKNORLEN,20,xgboost,7.0,9.0,2017-12-27,1,-8.506173594941297,0.012380970428342518,2716,-9.574970972599706
PKNORLEN,20,xgboost,7.0,10.0,2017-12-27,1,-9.554232816277478,0.024113401483176495,2683,-11.206273758383675
PKNORLEN,20,xgboost,7.0,1.0,2017-12-28,1,-16.836564722291673,-0.026502648715252874,3298,-15.275189554241305
PKNORLEN,20,xgboost,7.0,2.0,2017-12-28,1,-14.565925391386633,-0.01401293827333134,3482,-13.36222850895559
PKNORLEN,20,xgboost,7.0,3.0,2017-12-28,1,-13.097301424939499,-0.008554464504530169,3063,-12.77588549222119
PKNORLEN,20,xgboost,7.0,4.0,2017-12-28,1,-12.075209071216314,-0.004580488737824971,2921,-11.440898054840714
PKNORLEN,20,xgboost,7.0,5.0,2017-12-28,1,-10.687321949720195,-0.001273051988363143,2933,-10.274721585758115
PKNORLEN,20,xgboost,7.0,6.0,2017-12-28,1,-9.675291290841754,0.0016232266405235033,2703,-10.071459785232529
PKNORLEN,20,xgboost,7.0,7.0,2017-12-28,1,-9.388564121257833,0.00464961523199784,2511,-9.556493211269045
PKNORLEN,20,xgboost,7.0,8.0,2017-12-28,1,-8.513509128642294,0.008097151053403667,2381,-10.073726054816056
PKNORLEN,20,xgboost,7.0,9.0,2017-12-28,1,-8.852210637830888,0.012529557015018901,2175,-10.1870141420802
PKNORLEN,20,xgboost,7.0,10.0,2017-12-28,1,-10.349176691284713,0.023895976614598885,2101,-11.75519079601622
PKNORLEN,20,xgboost,7.0,1.0,2017-12-29,1,-20.754783569762722,-0.03305633095130701,3960,-19.56846858254552
PKNORLEN,20,xgboost,7.0,2.0,2017-12-29,1,-15.104712289033872,-0.013859208736230607,3504,-14.18464375243544
PKNORLEN,20,xgboost,7.0,3.0,2017-12-29,1,-13.342333261869191,-0.008609632392548545,3694,-12.490552679073254
PKNORLEN,20,xgboost,7.0,4.0,2017-12-29,1,-12.660159608390984,-0.0046065259207570455,3554,-11.891324112835811
PKNORLEN,20,xgboost,7.0,5.0,2017-12-29,1,-11.960097708725112,-0.0012559176818814188,3704,-11.517473917258057
PKNORLEN,20,xgboost,7.0,6.0,2017-12-29,1,-10.87747503590228,0.001762905089722196,3828,-10.3962577021451
PKNORLEN,20,xgboost,7.0,7.0,2017-12-29,1,-10.407288524446926,0.004684096833007648,4214,-10.004808839655317
PKNORLEN,20,xgboost,7.0,8.0,2017-12-29,1,-9.606796357404027,0.008043221118130989,4593,-9.506706926456333
PKNORLEN,20,xgboost,7.0,9.0,2017-12-29,1,-8.948110443440932,0.012539836568604534,4919,-9.652909753168588
PKNORLEN,20,xgboost,7.0,10.0,2017-12-29,1,-12.253682531534379,0.031485238815586465,5027,-13.276415442143813
PKNORLEN,20,xgboost,7.0,1.0,all,5,-18.26155412288566,-0.02925363500661949,9814,-17.237918875679973
PKNORLEN,20,xgboost,7.0,2.0,all,5,-14.213982880056035,-0.013935843124120374,9807,-13.354124411278155
PKNORLEN,20,xgboost,7.0,3.0,all,5,-12.709648339565696,-0.0085624205000754,9811,-12.15258068504193
PKNORLEN,20,xgboost,7.0,4.0,all,5,-11.573737307857428,-0.0045918361580927994,9812,-11.1834391221344
PKNORLEN,20,xgboost,7.0,5.0,all,5,-10.701197622074691,-0.0012568155138122637,9809,-10.45601039944952
PKNORLEN,20,xgboost,7.0,6.0,all,5,-9.822373878586477,0.001689359030941845,9828,-9.774203967488281
PKNORLEN,20,xgboost,7.0,7.0,all,5,-9.606841720948234,0.004673425665667477,9804,-9.633584268612692
PKNORLEN,20,xgboost,7.0,8.0,all,5,-9.305741222009354,0.008049834770014476,9799,-9.805455183433885
PKNORLEN,20,xgboost,7.0,9.0,all,5,-8.983932841271491,0.012493573728033648,9810,-9.727874866436931
PKNORLEN,20,xgboost,7.0,10.0,all,5,-11.372074540089825,0.02784405244853613,9811,-12.307284107916832
PKNORLEN,20,xgboost,7.0,1.0,2017-12-27,5,-17.091813566372085,-0.026911724540251942,2556,-16.321373755498445
PKNORLEN,20,xgboost,7.0,2.0,2017-12-27,5,-13.332436878353658,-0.01393587204493326,2821,-12.430022549886056
PKNORLEN,20,xgboost,7.0,3.0,2017-12-27,5,-11.862380274812319,-0.008513294266794211,3054,-11.212831538558477
PKNORLEN,20,xgboost,7.0,4.0,2017-12-27,5,-10.189899128214881,-0.004586123960937748,3337,-10.081861969460721
PKNORLEN,20,xgboost,7.0,5.0,2017-12-27,5,-9.12156822802171,-0.0012428508194913682,3172,-9.38212895841466
PKNORLEN,20,xgboost,7.0,6.0,2017-12-27,5,-8.579460206025901,0.0016581857031558562,3297,-8.778610022783775
PKNORLEN,20,xgboost,7.0,7.0,2017-12-27,5,-8.64714459182674,0.004678238819215051,3079,-9.14239332665613
PKNORLEN,20,xgboost,7.0,8.0,2017-12-27,5,-8.93969647675592,0.008020707843413131,2825,-9.81018963653501
PKNORLEN,20,xgboost,7.0,9.0,2017-12-27,5,-8.633827621174465,0.012380970428342518,2716,-9.560129449174292
PKNORLEN,20,xgboost,7.0,10.0,2017-12-27,5,-9.91765930278088,0.024113401483176495,2683,-11.026034615242624
PKNORLEN,20,xgboost,7.0,1.0,2017-12-28,5,-16.427017428771403,-0.026502648715252874,3298,-15.209711644107237
PKNORLEN,20,xgboost,7.0,2.0,2017-12-28,5,-14.30813719637307,-0.01401293827333134,3482,-13.343442220997874
PKNORLEN,20,xgboost,7.0,3.0,2017-12-28,5,-13.031643897298318,-0.008554464504530169,3063,-12.69166892326049
PKNORLEN,20,xgboost,7.0,4.0,2017-12-28,5,-12.05970126399213,-0.004580488737824971,2921,-11.584037212709875
PKNORLEN,20,xgboost,7.0,5.0,2017-12-28,5,-10.843357147150092,-0.001273051988363143,2933,-10.352157402777213
PKNORLEN,20,xgboost,7.0,6.0,2017-12-28,5,-9.785743295584208,0.0016232266405235033,2703,-10.036491198735948
PKNORLEN,20,xgboost,7.0,7.0,2017-12-28,5,-9.565943773648103,0.00464961523199784,2511,-9.62359080975963
PKNORLEN,20,xgboost,7.0,8.0,2017-12-28,5,-8.745057785338968,0.008097151053403667,2381,-10.189145863117586
PKNORLEN,20,xgboost,7.0,9.0,2017-12-28,5,-9.056921286971033,0.012529557015018901,2175,-10.055836926412512
PKNORLEN,20,xgboost,7.0,10.0,2017-12-28,5,-10.448055110411751,0.023895976614598885,2101,-11.640789527319747
PKNORLEN,20,xgboost,7.0,1.0,2017-12-29,5,-20.544422526834527,-0.03305633095130701,3960,-19.51865543550595
PKNORLEN,20,xgboost,7.0,2.0,2017-12-29,5,-14.830134689812454,-0.013859208736230607,3504,-14.10871537518884
PKNORLEN,20,xgboost,7.0,3.0,2017-12-29,5,-13.143130818293846,-0.008609632392548545,3694,-12.48251209264805
PKNORLEN,20,xgboost,7.0,4.0,2017-12-29,5,-12.473671829409964,-0.0046065259207570455,3554,-11.888508321881474
PKNORLEN,20,xgboost,7.0,5.0,2017-12-29,5,-11.941378656332224,-0.0012559176818814188,3704,-11.457887497236364
PKNORLEN,20,xgboost,7.0,6.0,2017-12-29,5,-10.918742437700208,0.001762905089722196,3828,-10.44648997836297
PKNORLEN,20,xgboost,7.0,7.0,2017-12-29,5,-10.332423639846125,0.004684096833007648,4214,-9.998432509112053
PKNORLEN,20,xgboost,7.0,8.0,2017-12-29,5,-9.82153997403486,0.008043221118130989,4593,-9.603638867662587
PKNORLEN,20,xgboost,7.0,9.0,2017-12-29,5,-9.144968805570539,0.012539836568604534,4919,-9.675481915194494
PKNORLEN,20,xgboost,7.0,10.0,2017-12-29,5,-12.534509571610318,0.031485238815586465,5027,-13.269666742227429
PKOBP,20,xgboost,7.0,1.0,all,0,-6.207035881983333,-0.026808140230832077,10249,-6.78892642181927
PKOBP,20,xgboost,7.0,2.0,all,0,-7.866208564556321,-0.009277621132207113,10253,-7.933778326141659
PKOBP,20,xgboost,7.0,3.0,all,0,-8.669759897401896,-0.003470403065312931,10243,-8.579223060792161
PKOBP,20,xgboost,7.0,4.0,all,0,-9.120581702586977,0.0021957353211743283,10251,-9.014730507264956
PKOBP,20,xgboost,7.0,5.0,all,0,-8.893833196641902,0.008537060800616572,10246,-8.761216598192576
PKOBP,20,xgboost,7.0,6.0,all,0,-6.466569148800467,0.016567787758674596,10251,-6.220001000929379
PKOBP,20,xgboost,7.0,7.0,all,0,-5.56368339960259,0.022390538629532362,10256,-5.422800382242134
PKOBP,20,xgboost,7.0,8.0,all,0,-5.314211865508997,0.02618637077544564,10237,-5.271088179704211
PKOBP,20,xgboost,7.0,9.0,all,0,-5.400520689448249,0.03021149090367737,10256,-5.5489282015415675
PKOBP,20,xgboost,7.0,10.0,all,0,-4.965427806975393,0.04011266312154475,10240,-5.127710997481375
PKOBP,20,xgboost,7.0,1.0,2017-12-27,0,-3.792613976459749,-0.028401947868039866,835,-4.259295109178191
PKOBP,20,xgboost,7.0,2.0,2017-12-27,0,-5.31439340969195,-0.008833054470425932,1158,-5.413225643026258
PKOBP,20,xgboost,7.0,3.0,2017-12-27,0,-6.20255593283733,-0.0035448807615083094,1878,-6.122825006377052
PKOBP,20,xgboost,7.0,4.0,2017-12-27,0,-6.303475079041081,0.0020412291910759904,1813,-6.199681901852725
PKOBP,20,xgboost,7.0,5.0,2017-12-27,0,-6.621025256028645,0.008592615239052616,2142,-6.758403352341267
PKOBP,20,xgboost,7.0,6.0,2017-12-27,0,-4.885783932468796,0.016254192764269135,1876,-4.996213515822905
PKOBP,20,xgboost,7.0,7.0,2017-12-27,0,-4.618330584290562,0.022469984033588575,2276,-4.678803514242637
PKOBP,20,xgboost,7.0,8.0,2017-12-27,0,-4.875696270193436,0.026285953570047014,2939,-4.808262636539868
PKOBP,20,xgboost,7.0,9.0,2017-12-27,0,-5.03923340973475,0.03010759030823433,3369,-5.120377340240508
PKOBP,20,xgboost,7.0,10.0,2017-12-27,0,-4.698754830148364,0.04015061563698337,4327,-4.855666718081547
PKOBP,20,xgboost,7.0,1.0,2017-12-28,0,-6.777603769558034,-0.0214529413767289,3438,-6.978928753007118
PKOBP,20,xgboost,7.0,2.0,2017-12-28,0,-8.089247554564073,-0.00926411266226948,5006,-8.281347461502413
PKOBP,20,xgboost,7.0,3.0,2017-12-28,0,-8.863412671161468,-0.0035783461804451268,4191,-8.922214053304343
PKOBP,20,xgboost,7.0,4.0,2017-12-28,0,-9.611983305945154,0.001987474972412448,3556,-9.74217107189803
PKOBP,20,xgboost,7.0,5.0,2017-12-28,0,-8.891190858328487,0.00861264299721798,3092,-9.165399294980944
PKOBP,20,xgboost,7.0,6.0,2017-12-28,0,-6.624016064098104,0.016806732387516586,3489,-6.354110366826886
PKOBP,20,xgboost,7.0,7.0,2017-12-28,0,-5.832944234043888,0.022275065280074797,4111,-5.6501491155642
PKOBP,20,xgboost,7.0,8.0,2017-12-28,0,-5.633218537283172,0.02616710030642163,4065,-5.485153947384052
PKOBP,20,xgboost,7.0,9.0,2017-12-28,0,-5.811773278919186,0.030329916146345403,3769,-5.940137014012021
PKOBP,20,xgboost,7.0,10.0,2017-12-28,0,-5.030754532474835,0.04060560011497033,2991,-5.3402927221223155
PKOBP,20,xgboost,7.0,1.0,2017-12-29,0,-6.216143963246782,-0.029666296904750786,5976,-7.033072026141808
PKOBP,20,xgboost,7.0,2.0,2017-12-29,0,-8.315821860069683,-0.009420059771202076,4089,-8.222080824413043
PKOBP,20,xgboost,7.0,3.0,2017-12-29,0,-9.585382865927505,-0.0033285107057120797,4174,-9.340037698207837
PKOBP,20,xgboost,7.0,4.0,2017-12-29,0,-9.808822220191859,0.002404808122089022,4882,-9.53027833065233
PKOBP,20,xgboost,7.0,5.0,2017-12-29,0,-9.866803012854726,0.008466690138401576,5012,-9.367819366377704
PKOBP,20,xgboost,7.0,6.0,2017-12-29,0,-6.961088342080197,0.01651756802872677,4886,-6.594114333807673
PKOBP,20,xgboost,7.0,7.0,2017-12-29,0,-5.8336993513374065,0.022466499653049574,3869,-5.618899174922371
PKOBP,20,xgboost,7.0,8.0,2017-12-29,0,-5.311748275614291,0.02612007341177387,3233,-5.422670897223993
PKOBP,20,xgboost,7.0,9.0,2017-12-29,0,-5.2937746457147075,0.030180604555515658,3118,-5.539089150073361
PKOBP,20,xgboost,7.0,10.0,2017-12-29,0,-5.2934571480985015,0.03955188451728782,2922,-5.312962078440309
PKOBP,20,xgboost,7.0,1.0,all,1,-6.259086007406468,-0.026808140230832077,10249,-6.823549038219031
PKOBP,20,xgboost,7.0,2.0,all,1,-7.848180529656959,-0.009277621132207113,10253,-7.933801446323884
PKOBP,20,xgboost,7.0,3.0,all,1,-8.667251370725772,-0.003470403065312931,10243,-8.55523071444999
PKOBP,20,xgboost,7.0,4.0,all,1,-9.084705938425081,0.0021957353211743283,10251,-8.999695194552945
PKOBP,20,xgboost,7.0,5.0,all,1,-8.86322843688358,0.008537060800616572,10246,-8.730227732096695
PKOBP,20,xgboost,7.0,6.0,all,1,-6.467935776461308,0.016567787758674596,10251,-6.228387855703492
PKOBP,20,xgboost,7.0,7.0,all,1,-5.55928444979873,0.022390538629532362,10256,-5.42723887374209
PKOBP,20,xgboost,7.0,8.0,all,1,-5.31287748691431,0.02618637077544564,10237,-5.276320879437186
PKOBP,20,xgboost,7.0,9.0,all,1,-5.416751757964664,0.03021149090367737,10256,-5.549065339710221
PKOBP,20,xgboost,7.0,10.0,all,1,-4.988328964951572,0.04011266312154475,10240,-5.144661555010968
PKOBP,20,xgboost,7.0,1.0,2017-12-27,1,-3.9179878393564236,-0.028401947868039866,835,-4.335708938801825
PKOBP,20,xgboost,7.0,2.0,2017-12-27,1,-5.308513581747939,-0.008833054470425932,1158,-5.440799129741443
PKOBP,20,xgboost,7.0,3.0,2017-12-27,1,-6.218312472307583,-0.0035448807615083094,1878,-6.117987815038727
PKOBP,20,xgboost,7.0,4.0,2017-12-27,1,-6.280906803998302,0.0020412291910759904,1813,-6.15820727010738
PKOBP,20,xgboost,7.0,5.0,2017-12-27,1,-6.613591078029522,0.008592615239052616,2142,-6.779659497179031
PKOBP,20,xgboost,7.0,6.0,2017-12-27,1,-4.8906793892780085,0.016254192764269135,1876,-5.004675545367264
PKOBP,20,xgboost,7.0,7.0,2017-12-27,1,-4.6063073309961915,0.022469984033588575,2276,-4.680819672003057
PKOBP,20,xgboost,7.0,8.0,2017-12-27,1,-4.855561497576322,0.026285953570047014,2939,-4.789672828864769
PKOBP,20,xgboost,7.0,9.0,2017-12-27,1,-5.023030989920134,0.03010759030823433,3369,-5.101461625778052
PKOBP,20,xgboost,7.0,10.0,2017-12-27,1,-4.713972545299302,0.04015061563698337,4327,-4.865642033182403
PKOBP,20,xgboost,7.0,1.0,2017-12-28,1,-6.8290018620979485,-0.0214529413767289,3438,-6.995479147123699
PKOBP,20,xgboost,7.0,2.0,2017-12-28,1,-8.084700569999372,-0.00926411266226948,5006,-8.278158891020109
PKOBP,20,xgboost,7.0,3.0,2017-12-28,1,-8.834156627080768,-0.0035783461804451268,4191,-8.916265246039828
PKOBP,20,xgboost,7.0,4.0,2017-12-28,1,-9.585848536186987,0.001987474972412448,3556,-9.736447387691282
PKOBP,20,xgboost,7.0,5.0,2017-12-28,1,-8.85981169268901,0.00861264299721798,3092,-9.14113097310848
PKOBP,20,xgboost,7.0,6.0,2017-12-28,1,-6.640882479185701,0.016806732387516586,3489,-6.3639052326911605
PKOBP,20,xgboost,7.0,7.0,2017-12-28,1,-5.835185679002922,0.022275065280074797,4111,-5.657349871180855
PKOBP,20,xgboost,7.0,8.0,2017-12-28,1,-5.646615823831934,0.02616710030642163,4065,-5.49184195311793
PKOBP,20,xgboost,7.0,9.0,2017-12-28,1,-5.822603385715219,0.030329916146345403,3769,-5.931705865362562
PKOBP,20,xgboost,7.0,10.0,2017-12-28,1,-5.029925976779329,0.04060560011497033,2991,-5.347027732018967
PKOBP,20,xgboost,7.0,1.0,2017-12-29,1,-6.25832400303774,-0.029666296904750786,5976,-7.072252312750344
PKOBP,20,xgboost,7.0,2.0,2017-12-29,1,-8.277849153703064,-0.009420059771202076,4089,-8.218233658222434
PKOBP,20,xgboost,7.0,3.0,2017-12-29,1,-9.601512827804253,-0.0033285107057120797,4174,-9.28930988148433
PKOBP,20,xgboost,7.0,4.0,2017-12-29,1,-9.760909288092105,0.002404808122089022,4882,-9.518279137244441
PKOBP,20,xgboost,7.0,5.0,2017-12-29,1,-9.826773487904132,0.008466690138401576,5012,-9.310356291152003
PKOBP,20,xgboost,7.0,6.0,2017-12-29,1,-6.950031956680398,0.01651756802872677,4886,-6.601466890881711
PKOBP,20,xgboost,7.0,7.0,2017-12-29,1,-5.826729776533325,0.022466499653049574,3869,-5.621827602790237
PKOBP,20,xgboost,7.0,8.0,2017-12-29,1,-5.308981833680227,0.02612007341177387,3233,-5.447729928654665
PKOBP,20,xgboost,7.0,9.0,2017-12-29,1,-5.351578724786402,0.030180604555515658,3118,-5.570170141202782
PKOBP,20,xgboost,7.0,10.0,2017-12-29,1,-5.352026283725887,0.03955188451728782,2922,-5.350698596599359
PKOBP,20,xgboost,7.0,1.0,all,5,-6.362854635795392,-0.026808140230832077,10249,-6.912029116322053
PKOBP,20,xgboost,7.0,2.0,all,5,-7.853826946734445,-0.009277621132207113,10253,-7.95160732993753
PKOBP,20,xgboost,7.0,3.0,all,5,-8.644422542087392,-0.003470403065312931,10243,-8.525561264532866
PKOBP,20,xgboost,7.0,4.0,all,5,-9.04216867207927,0.0021957353211743283,10251,-8.942630252134842
PKOBP,20,xgboost,7.0,5.0,all,5,-8.753431380372719,0.008537060800616572,10246,-8.640545842223808
PKOBP,20,xgboost,7.0,6.0,all,5,-6.4728503354898415,0.016567787758674596,10251,-6.228836436756568
PKOBP,20,xgboost,7.0,7.0,all,5,-5.534332426447823,0.022390538629532362,10256,-5.444000281579845
PKOBP,20,xgboost,7.0,8.0,all,5,-5.333601698247886,0.02618637077544564,10237,-5.296142706170845
PKOBP,20,xgboost,7.0,9.0,all,5,-5.425898818317067,0.03021149090367737,10256,-5.5421883325244945
PKOBP,20,xgboost,7.0,10.0,all,5,-5.041651597502716,0.04011266312154475,10240,-5.183324605088687
PKOBP,20,xgboost,7.0,1.0,2017-12-27,5,-3.879930496649301,-0.028401947868039866,835,-4.335706290956139
PKOBP,20,xgboost,7.0,2.0,2017-12-27,5,-5.359768769165741,-0.008833054470425932,1158,-5.560780985909026
PKOBP,20,xgboost,7.0,3.0,2017-12-27,5,-6.260776534965023,-0.0035448807615083094,1878,-6.096153068155925
PKOBP,20,xgboost,7.0,4.0,2017-12-27,5,-6.254519168364485,0.0020412291910759904,1813,-6.173336366532271
PKOBP,20,xgboost,7.0,5.0,2017-12-27,5,-6.6104772622438706,0.008592615239052616,2142,-6.789196144230338
PKOBP,20,xgboost,7.0,6.0,2017-12-27,5,-4.865159126504246,0.016254192764269135,1876,-5.013114499896189
PKOBP,20,xgboost,7.0,7.0,2017-12-27,5,-4.587273197962906,0.022469984033588575,2276,-4.68181758123333
PKOBP,20,xgboost,7.0,8.0,2017-12-27,5,-4.816891615076761,0.026285953570047014,2939,-4.749479198851615
PKOBP,20,xgboost,7.0,9.0,2017-12-27,5,-4.980442291752962,0.03010759030823433,3369,-5.084582259649194
PKOBP,20,xgboost,7.0,10.0,2017-12-27,5,-4.786458940714648,0.04015061563698337,4327,-4.870818069052813
PKOBP,20,xgboost,7.0,1.0,2017-12-28,5,-6.875155381156927,-0.0214529413767289,3438,-7.0858873826160185
PKOBP,20,xgboost,7.0,2.0,2017-12-28,5,-8.09426808540698,-0.00926411266226948,5006,-8.251477592190334
PKOBP,20,xgboost,7.0,3.0,2017-12-28,5,-8.763849203852534,-0.0035783461804451268,4191,-8.90707418218596
PKOBP,20,xgboost,7.0,4.0,2017-12-28,5,-9.55772438313721,0.001987474972412448,3556,-9.670674993991376
PKOBP,20,xgboost,7.0,5.0,2017-12-28,5,-8.777711119789245,0.00861264299721798,3092,-9.090589542527024
PKOBP,20,xgboost,7.0,6.0,2017-12-28,5,-6.681251019148189,0.016806732387516586,3489,-6.35809127274197
PKOBP,20,xgboost,7.0,7.0,2017-12-28,5,-5.80859852338043,0.022275065280074797,4111,-5.662914870772027
PKOBP,20,xgboost,7.0,8.0,2017-12-28,5,-5.693519135945311,0.02616710030642163,4065,-5.546496784437387
PKOBP,20,xgboost,7.0,9.0,2017-12-28,5,-5.846107965191512,0.030329916146345403,3769,-5.912447518351499
PKOBP,20,xgboost,7.0,10.0,2017-12-28,5,-5.07220252049994,0.04060560011497033,2991,-5.377869995780303
PKOBP,20,xgboost,7.0,1.0,2017-12-29,5,-6.415055387742184,-0.029666296904750786,5976,-7.17198641880898
PKOBP,20,xgboost,7.0,2.0,2017-12-29,5,-8.265778775893127,-0.009420059771202076,4089,-8.261567313685992
PKOBP,20,xgboost,7.0,3.0,2017-12-29,5,-9.596978857832028,-0.0033285107057120797,4174,-9.235553587223757
PKOBP,20,xgboost,7.0,4.0,2017-12-29,5,-9.701876259484608,0.002404808122089022,4882,-9.440746334182288
PKOBP,20,xgboost,7.0,5.0,2017-12-29,5,-9.654296258017592,0.008466690138401576,5012,-9.154124439942176
PKOBP,20,xgboost,7.0,6.0,2017-12-29,5,-6.941315076131061,0.01651756802872677,4886,-6.603319496682275
PKOBP,20,xgboost,7.0,7.0,2017-12-29,5,-5.800033868562511,0.022466499653049574,3869,-5.659758862561909
PKOBP,20,xgboost,7.0,8.0,2017-12-29,5,-5.350782814919677,0.02612007341177387,3233,-5.478312430840725
PKOBP,20,xgboost,7.0,9.0,2017-12-29,5,-5.399271096516131,0.030180604555515658,3118,-5.589067097160451
PKOBP,20,xgboost,7.0,10.0,2017-12-29,5,-5.388277475407323,0.03955188451728782,2922,-5.446955856925994
PZU,20,xgboost,7.0,1.0,all,0,-12.021442894420144,-0.015097862756155829,15201,-11.867700486905212
PZU,20,xgboost,7.0,2.0,all,0,-10.763013763164583,-0.00521203587889063,15198,-10.642940752629993
PZU,20,xgboost,7.0,3.0,all,0,-10.157961633987663,-0.0004289482974954042,15189,-10.163034465953247
PZU,20,xgboost,7.0,4.0,all,0,-9.313715831759174,0.004219801612743992,15208,-9.168792971958865
PZU,20,xgboost,7.0,5.0,all,0,-7.5665294566858154,0.008479871933416682,15184,-7.511562018634205
PZU,20,xgboost,7.0,6.0,all,0,-6.474210470076663,0.012115491525837465,15202,-6.575202987194605
PZU,20,xgboost,7.0,7.0,all,0,-6.067622840519642,0.015941689064057143,15197,-6.476577787601459
PZU,20,xgboost,7.0,8.0,all,0,-5.702928637781946,0.020456163407517935,15189,-6.015092574406762
PZU,20,xgboost,7.0,9.0,all,0,-4.646391326393287,0.026291646813239807,15196,-4.85424036112792
PZU,20,xgboost,7.0,10.0,all,0,-4.2416506798653515,0.03707774067478988,15196,-4.6753789248873385
PZU,20,xgboost,7.0,1.0,2017-12-27,0,-12.176731898729608,-0.01466168083155351,6850,-11.935595946476033
PZU,20,xgboost,7.0,2.0,2017-12-27,0,-10.96023413777807,-0.005254097512486029,7350,-10.771098541554917
PZU,20,xgboost,7.0,3.0,2017-12-27,0,-10.13424777275344,-0.0003857646267931974,7568,-10.11498642977887
PZU,20,xgboost,7.0,4.0,2017-12-27,0,-8.6935975196323,0.004221447744774816,7705,-8.6766610212292
PZU,20,xgboost,7.0,5.0,2017-12-27,0,-7.022249148596657,0.008481387351377193,8164,-7.096983267918473
PZU,20,xgboost,7.0,6.0,2017-12-27,0,-6.167096742327494,0.012132105420516619,8789,-6.188002284887877
PZU,20,xgboost,7.0,7.0,2017-12-27,0,-5.951692627766505,0.015907978642700563,8320,-6.3567539932119965
PZU,20,xgboost,7.0,8.0,2017-12-27,0,-5.6476708574458625,0.020499344239934447,8433,-6.0080256205551095
PZU,20,xgboost,7.0,9.0,2017-12-27,0,-4.812241838461708,0.026260066128622635,7860,-5.012741538753144
PZU,20,xgboost,7.0,10.0,2017-12-27,0,-4.374665817589965,0.037451986253155975,7903,-4.7681871494043655
PZU,20,xgboost,7.0,1.0,2017-12-28,0,-12.72055567363384,-0.015742506888163137,2565,-12.930867062487176
PZU,20,xgboost,7.0,2.0,2017-12-28,0,-11.172278552198762,-0.005220152801507292,2588,-11.36184786156995
PZU,20,xgboost,7.0,3.0,2017-12-28,0,-10.34964085833766,-0.0004806584648523008,2764,-10.490765667000263
PZU,20,xgboost,7.0,4.0,2017-12-28,0,-8.98525573695508,0.004266392395465471,3136,-8.63260232650136
PZU,20,xgboost,7.0,5.0,2017-12-28,0,-7.09530564567803,0.00852330579247997,3396,-6.863824370903733
PZU,20,xgboost,7.0,6.0,2017-12-28,0,-5.81147592933468,0.012199976530605642,3755,-6.183173665339217
PZU,20,xgboost,7.0,7.0,2017-12-28,0,-5.454292445432762,0.016008445525985182,4265,-5.953964002502994
PZU,20,xgboost,7.0,8.0,2017-12-28,0,-5.272619913555426,0.0203706605971772,3854,-5.528001340882214
PZU,20,xgboost,7.0,9.0,2017-12-28,0,-4.47385532224468,0.026351112874919546,4370,-4.745182597726437
PZU,20,xgboost,7.0,10.0,2017-12-28,0,-4.020278821323873,0.0368288538086221,4224,-4.932268237940583
PZU,20,xgboost,7.0,1.0,2017-12-29,0,-11.527672766835815,-0.015328476994822812,5786,-11.316005677982318
PZU,20,xgboost,7.0,2.0,2017-12-29,0,-10.286065659090516,-0.00514926789359441,5260,-10.110147720969385
PZU,20,xgboost,7.0,3.0,2017-12-29,0,-10.085831744285624,-0.0004668085234167217,4857,-10.051397343876596
PZU,20,xgboost,7.0,4.0,2017-12-29,0,-10.64370494379105,0.0041834397758051195,4367,-10.422140932693186
PZU,20,xgboost,7.0,5.0,2017-12-29,0,-9.234239306967911,0.008435756796107486,3624,-9.052494130261113
PZU,20,xgboost,7.0,6.0,2017-12-29,0,-8.42597523820066,0.011941202318448604,2658,-8.409355386043673
PZU,20,xgboost,7.0,7.0,2017-12-29,0,-7.438370736825786,0.015940063641225466,2612,-7.711601433376834
PZU,20,xgboost,7.0,8.0,2017-12-29,0,-6.434975048789251,0.02044423503787106,2902,-6.682509954087878
PZU,20,xgboost,7.0,9.0,2017-12-29,0,-4.461090353120063,0.02628772149009433,2966,-4.594888766364001
PZU,20,xgboost,7.0,10.0,2017-12-29,0,-4.2038064625442635,0.0364565726450947,3069,-4.082819831796765
PZU,20,xgboost,7.0,1.0,all,1,-11.937637262698107,-0.015097862756155829,15201,-11.807567435546193
PZU,20,xgboost,7.0,2.0,all,1,-10.707488318285437,-0.00521203587889063,15198,-10.590733887077471
PZU,20,xgboost,7.0,3.0,all,1,-10.097815253672309,-0.0004289482974954042,15189,-10.102095047569293
PZU,20,xgboost,7.0,4.0,all,1,-9.288721849352848,0.004219801612743992,15208,-9.152665605681989
PZU,20,xgboost,7.0,5.0,all,1,-7.550127808727038,0.008479871933416682,15184,-7.4956783597732315
PZU,20,xgboost,7.0,6.0,all,1,-6.479330402959605,0.012115491525837465,15202,-6.5811457264857225
PZU,20,xgboost,7.0,7.0,all,1,-6.0896761714170315,0.015941689064057143,15197,-6.481260988198736
PZU,20,xgboost,7.0,8.0,all,1,-5.714734821121643,0.020456163407517935,15189,-6.05910027668758
PZU,20,xgboost,7.0,9.0,all,1,-4.712513971058487,0.026291646813239807,15196,-4.917195659464473
PZU,20,xgboost,7.0,10.0,all,1,-4.379150983369058,0.03707774067478988,15196,-4.758556963582425
PZU,20,xgboost,7.0,1.0,2017-12-27,1,-12.087088301057397,-0.01466168083155351,6850,-11.850916309154082
PZU,20,xgboost,7.0,2.0,2017-12-27,1,-10.890611166065687,-0.005254097512486029,7350,-10.712836790975402
PZU,20,xgboost,7.0,3.0,2017-12-27,1,-10.059251538395978,-0.0003857646267931974,7568,-10.036807548064518
PZU,20,xgboost,7.0,4.0,2017-12-27,1,-8.662544660322922,0.004221447744774816,7705,-8.662775191505531
PZU,20,xgboost,7.0,5.0,2017-12-27,1,-7.013629577276368,0.008481387351377193,8164,-7.082550097938314
PZU,20,xgboost,7.0,6.0,2017-12-27,1,-6.176067445597274,0.012132105420516619,8789,-6.204101561560108
PZU,20,xgboost,7.0,7.0,2017-12-27,1,-5.986374292017239,0.015907978642700563,8320,-6.362752754121391
PZU,20,xgboost,7.0,8.0,2017-12-27,1,-5.662964356721318,0.020499344239934447,8433,-6.057670248508067
PZU,20,xgboost,7.0,9.0,2017-12-27,1,-4.869308989010115,0.026260066128622635,7860,-5.067929946523758
PZU,20,xgboost,7.0,10.0,2017-12-27,1,-4.5103587381902095,0.037451986253155975,7903,-4.857967072623348
PZU,20,xgboost,7.0,1.0,2017-12-28,1,-12.6400645162179,-0.015742506888163137,2565,-12.821666146654506
PZU,20,xgboost,7.0,2.0,2017-12-28,1,-11.077047217794622,-0.005220152801507292,2588,-11.282994337444133
PZU,20,xgboost,7.0,3.0,2017-12-28,1,-10.282774878612534,-0.0004806584648523008,2764,-10.437739078800613
PZU,20,xgboost,7.0,4.0,2017-12-28,1,-8.953234946703883,0.004266392395465471,3136,-8.614988657608304
PZU,20,xgboost,7.0,5.0,2017-12-28,1,-7.076193196706342,0.00852330579247997,3396,-6.870848366054962
PZU,20,xgboost,7.0,6.0,2017-12-28,1,-5.780916249817749,0.012199976530605642,3755,-6.177824858112092
PZU,20,xgboost,7.0,7.0,2017-12-28,1,-5.4379747224096775,0.016008445525985182,4265,-5.9489490013925215
PZU,20,xgboost,7.0,8.0,2017-12-28,1,-5.2849742949626,0.0203706605971772,3854,-5.546663703694163
PZU,20,xgboost,7.0,9.0,2017-12-28,1,-4.545749584878231,0.026351112874919546,4370,-4.812761661717918
PZU,20,xgboost,7.0,10.0,2017-12-28,1,-4.169474739272864,0.0368288538086221,4224,-5.014133891592553
PZU,20,xgboost,7.0,1.0,2017-12-29,1,-11.449309312812277,-0.015328476994822812,5786,-11.306685482866127
PZU,20,xgboost,7.0,2.0,2017-12-29,1,-10.26977513138152,-0.00514926789359441,5260,-10.079512140081517
PZU,20,xgboost,7.0,3.0,2017-12-29,1,-10.052647823957773,-0.0004668085234167217,4857,-10.012816829312913
PZU,20,xgboost,7.0,4.0,2017-12-29,1,-10.63444709968093,0.0041834397758051195,4367,-10.403126001923958
PZU,20,xgboost,7.0,5.0,2017-12-29,1,-9.202846766780448,0.008435756796107486,3624,-9.01187642497398
PZU,20,xgboost,7.0,6.0,2017-12-29,1,-8.468767301870516,0.011941202318448604,2658,-8.397666052397767
PZU,20,xgboost,7.0,7.0,2017-12-29,1,-7.482853168592625,0.015940063641225466,2612,-7.727929874589249
PZU,20,xgboost,7.0,8.0,2017-12-29,1,-6.435919312543037,0.02044423503787106,2902,-6.743797030634675
PZU,20,xgboost,7.0,9.0,2017-12-29,1,-4.542706663744909,0.02628772149009433,2966,-4.671614093000026
PZU,20,xgboost,7.0,10.0,2017-12-29,1,-4.3298637786478995,0.0364565726450947,3069,-4.1508036121112
PZU,20,xgboost,7.0,1.0,all,5,-11.739596897504754,-0.015097862756155829,15201,-11.622161347233778
PZU,20,xgboost,7.0,2.0,all,5,-10.54729566062607,-0.00521203587889063,15198,-10.439576592505347
PZU,20,xgboost,7.0,3.0,all,5,-9.928720500186259,-0.0004289482974954042,15189,-9.960593515907926
PZU,20,xgboost,7.0,4.0,all,5,-9.214236963064078,0.004219801612743992,15208,-9.106351630571613
PZU,20,xgboost,7.0,5.0,all,5,-7.5299135267903585,0.008479871933416682,15184,-7.490556020047695
PZU,20,xgboost,7.0,6.0,all,5,-6.487430047540434,0.012115491525837465,15202,-6.60019524312956
PZU,20,xgboost,7.0,7.0,all,5,-6.169973214072687,0.015941689064057143,15197,-6.4932773204282626
PZU,20,xgboost,7.0,8.0,all,5,-5.771000384206945,0.020456163407517935,15189,-6.13502174150275
PZU,20,xgboost,7.0,9.0,all,5,-4.880358962480988,0.026291646813239807,15196,-5.111841098988766
PZU,20,xgboost,7.0,10.0,all,5,-4.697285304305161,0.03707774067478988,15196,-4.970574701432433
PZU,20,xgboost,7.0,1.0,2017-12-27,5,-11.85180253149889,-0.01466168083155351,6850,-11.646074137061849
PZU,20,xgboost,7.0,2.0,2017-12-27,5,-10.691643619144442,-0.005254097512486029,7350,-10.510916666563777
PZU,20,xgboost,7.0,3.0,2017-12-27,5,-9.834274029632969,-0.0003857646267931974,7568,-9.845232737456671
PZU,20,xgboost,7.0,4.0,2017-12-27,5,-8.610608069245258,0.004221447744774816,7705,-8.574345092201012
PZU,20,xgboost,7.0,5.0,2017-12-27,5,-6.994070037437111,0.008481387351377193,8164,-7.128966503681281
PZU,20,xgboost,7.0,6.0,2017-12-27,5,-6.199965166615073,0.012132105420516619,8789,-6.2542636048719205
PZU,20,xgboost,7.0,7.0,2017-12-27,5,-6.068249379575602,0.015907978642700563,8320,-6.408985745734154
PZU,20,xgboost,7.0,8.0,2017-12-27,5,-5.742901708984193,0.020499344239934447,8433,-6.130143297467387
PZU,20,xgboost,7.0,9.0,2017-12-27,5,-5.030029048653427,0.026260066128622635,7860,-5.236606683088167
PZU,20,xgboost,7.0,10.0,2017-12-27,5,-4.840894366350692,0.037451986253155975,7903,-5.062742348263389
PZU,20,xgboost,7.0,1.0,2017-12-28,5,-12.445185916445167,-0.015742506888163137,2565,-12.546892117869529
PZU,20,xgboost,7.0,2.0,2017-12-28,5,-10.918758774338162,-0.005220152801507292,2588,-11.118074036652942
PZU,20,xgboost,7.0,3.0,2017-12-28,5,-10.106240237040877,-0.0004806584648523008,2764,-10.298739469617397
PZU,20,xgboost,7.0,4.0,2017-12-28,5,-8.769449206223033,0.004266392395465471,3136,-8.622193612307884
PZU,20,xgboost,7.0,5.0,2017-12-28,5,-7.033485825716328,0.00852330579247997,3396,-6.786794518108713
PZU,20,xgboost,7.0,6.0,2017-12-28,5,-5.73634990366938,0.012199976530605642,3755,-6.211452480525738
PZU,20,xgboost,7.0,7.0,2017-12-28,5,-5.502589637875388,0.016008445525985182,4265,-5.9071972117791045
PZU,20,xgboost,7.0,8.0,2017-12-28,5,-5.307794317476363,0.0203706605971772,3854,-5.605941811046448
PZU,20,xgboost,7.0,9.0,2017-12-28,5,-4.661221199904455,0.026351112874919546,4370,-5.017074357893918
PZU,20,xgboost,7.0,10.0,2017-12-28,5,-4.509532641034819,0.0368288538086221,4224,-5.190969279557214
PZU,20,xgboost,7.0,1.0,2017-12-29,5,-11.293961842813774,-0.015328476994822812,5786,-11.183907452141662
PZU,20,xgboost,7.0,2.0,2017-12-29,5,-10.162827213212205,-0.00514926789359441,5260,-10.006059305474276
PZU,20,xgboost,7.0,3.0,2017-12-29,5,-9.974861397135225,-0.0004668085234167217,4857,-9.947913869061335
PZU,20,xgboost,7.0,4.0,2017-12-29,5,-10.59866907488627,0.0041834397758051195,4367,-10.392687770580892
PZU,20,xgboost,7.0,5.0,2017-12-29,5,-9.202235469375163,0.008435756796107486,3624,-8.964615311493661
PZU,20,xgboost,7.0,6.0,2017-12-29,5,-8.499030791968123,0.011941202318448604,2658,-8.293243490768296
PZU,20,xgboost,7.0,7.0,2017-12-29,5,-7.5837302031604485,0.015940063641225466,2612,-7.718751120138695
PZU,20,xgboost,7.0,8.0,2017-12-29,5,-6.467813723053649,0.02044423503787106,2902,-6.851842544579528
PZU,20,xgboost,7.0,9.0,2017-12-29,5,-4.806598053898416,0.02628772149009433,2966,-4.920834075240681
PZU,20,xgboost,7.0,10.0,2017-12-29,5,-4.585889029397407,0.0364565726450947,3069,-4.429894476308901
