symbol,horizon,model,control_seed,adverse_before_fill,day,eligible_decisions,excluded_invalid_placement,fill_before_adverse,fill_probability,fills,interpretation,latency,markout_1,markout_10,markout_10_observations,markout_1_observations,markout_5,markout_5_observations,markout_remaining,markout_remaining_observations,mean_fill_time,mean_queue_ahead,median_fill_time,median_queue_ahead,no_event_fraction,placed_orders,queue_ahead_p10,queue_ahead_p90,simultaneous,spread_1,spread_10,spread_10_observations,spread_1_observations,spread_5,spread_5_observations,spread_remaining,spread_remaining_observations,unfilled_fraction,zero_signal_decisions
KGHM,10,linear,,0.024798412534553754,all,87183,0,0.0031772249177018457,0.003980133741669821,347,retain,0,0.31459862752485934,-0.018538060477140822,347,347,0.21866988765626572,347,0.29518142798773805,347,7.648414985590778,1643.5609809251803,8.0,795.0,0.972001422295631,87183,210.0,2861.0,2.2940252113370725e-05,4.737593582658661,4.07119539682822,347,347,4.545708619678785,347,4.698776394324201,347,0.9960198662583302,0
KGHM,10,linear,,0.017415379119406982,2017-12-27,22394,0,0.0019201571849602572,0.002456015004018934,55,retain,0,0.08164250228588191,0.7278379189060196,55,55,0.4454489078726134,55,0.24331328908159264,55,7.909090909090909,3158.6020809145307,8.0,1126.0,0.9806644636956328,22394,336.0,14261.400000000038,0.0,2.185535959964703,3.477861269693483,55,55,2.9132085311275695,55,2.5088064440100113,55,0.9975439849959811,0
KGHM,10,linear,,0.021487603305785124,2017-12-28,35090,0,0.0030777999430037046,0.0040752351097178684,143,retain,0,0.2482341647281249,-0.5430388164515134,143,143,-0.0005476483325747413,143,0.2014552899609562,143,7.489510489510489,1164.1572242804218,8.0,717.0,0.9753776004559703,35090,215.0,2165.0,5.699629524080935e-05,3.0748793866128246,1.4924296366242233,143,143,2.577253543752879,143,2.9813490810680596,143,0.9959247648902821,0
KGHM,10,linear,,0.03427724839220176,2017-12-29,29699,0,0.0042425670898010035,0.005017003939526583,149,retain,0,0.46428121187436794,0.20933394783333878,149,149,0.3453494952703936,149,0.40427931642846143,149,7.704697986577181,1067.597057139971,8.0,668.0,0.9614801845179972,29699,160.0,2119.0,0.0,7.275387537576263,6.765134193483135,149,149,7.0374977520796,149,7.155423730316878,149,0.9949829960604735,0
KGHM,10,linear,,0.02643864056065976,all,87183,0,0.0036589702120826306,0.004679811431127628,408,retain,1,0.3276545978597693,-0.14615085411708523,408,408,0.19693547739777462,408,0.40192751603373394,321,7.5,1622.2240459722652,8.0,785.0,0.9698679788490876,87183,200.0,2805.200000000026,3.4410378170056086e-05,4.6404439558118185,3.6926566837747083,408,408,4.37897015104021,408,4.731450277996286,321,0.9953201885688724,0
KGHM,10,linear,,0.01804054657497544,2017-12-27,22394,0,0.0021880860944895955,0.002857908368312941,64,retain,1,0.20981287992476014,0.7314084827448911,64,64,0.38378639536829817,64,0.13678737147188597,49,7.953125,3126.1502634634276,8.0,1102.0,0.9797713673305349,22394,323.0,14067.0,0.0,2.0881427987254026,3.131369425753202,64,64,2.436201587594201,64,1.817244730991386,49,0.9971420916316871,0
KGHM,10,linear,,0.023510971786833857,2017-12-28,35090,0,0.0037902536335138216,0.005186662866913651,182,retain,1,0.2806707312657926,-0.6580651040393726,182,182,0.08515623677525122,182,0.45000631269945734,143,7.318681318681318,1145.7038757480764,8.0,707.0,0.9726132801367912,35090,200.0,2131.0,8.549444286121403e-05,3.1233458375869834,1.2458092266627434,182,182,2.73223567313802,182,3.4466272910372573,143,0.9948133371330864,0
KGHM,10,linear,,0.036230176100205395,2017-12-29,29699,0,0.004612949930974107,0.005454729115458433,162,retain,1,0.4269936945754751,0.08227257752914813,162,162,0.24869697766435322,162,0.4493430134006495,129,7.5246913580246915,1051.2340819556214,8.0,653.0,0.9591568739688205,29699,150.0,2111.0,0.0,7.353154644518307,6.66332718814356,162,162,6.996518688316406,162,7.262657711627148,129,0.9945452708845416,0
KGHM,10,linear,,0.03192136081575536,all,87183,0,0.004737162061411055,0.006125047314269984,534,retain,5,0.16723597178968044,-0.3651355033256984,534,534,0.03038384653027104,534,0.6838562731361153,91,7.644194756554307,1562.199901356916,8.0,746.0,0.9632497161143802,87183,159.0,2675.0,9.17610084534829e-05,3.86234623958346,2.797429322192397,534,534,3.5885145304453037,534,3.7218249525022404,91,0.99387495268573,0
KGHM,10,linear,,0.021434312762347058,2017-12-27,22394,0,0.0029025631865678306,0.004286862552469411,96,retain,5,0.1405907704407065,0.4660530372637184,96,96,0.4902313350200857,96,0.0,11,7.885416666666667,3034.2020630526035,8.0,1060.0,0.9754845047780656,22394,262.0,13567.0,0.00017861927301955882,1.252048156701446,1.9028812459637905,96,96,1.951257251006034,96,0.8046447878471351,11,0.9957131374475305,0
KGHM,10,linear,,0.02884012539184953,2017-12-28,35090,0,0.004901681390709604,0.006611570247933884,232,retain,5,0.1437143739738772,-0.9084067206574489,232,232,-0.1818753440777507,232,1.0048816888956567,42,7.577586206896552,1094.7986890852094,8.0,671.0,0.9661442006269593,35090,161.0,2069.0,0.0001139925904816187,2.6418558058259562,0.5375501341756469,232,232,1.99048954469636,232,1.8000723282850455,42,0.9933884297520661,0
KGHM,10,linear,,0.0434694770867706,2017-12-29,29699,0,0.005926125458769656,0.006936260480150847,206,retain,5,0.20614349617204855,-0.14064607359568826,206,206,0.05513517335570221,206,0.5269971032044451,38,7.606796116504855,1004.5074581635745,8.0,623.0,0.9506043974544598,29699,120.0,2052.0,0.0,6.453328747294208,5.759412753929447,206,206,6.151225673745908,206,6.690314216405616,38,0.9930637395198492,0
KGHM,10,linear,,0.024798412534553754,all,87183,0,0.0031772249177018457,0.003980133741669821,347,reset,0,0.31459862752485934,-0.018538060477140822,347,347,0.21866988765626572,347,0.29518142798773805,347,7.648414985590778,1643.5609809251803,8.0,795.0,0.972001422295631,87183,210.0,2861.0,2.2940252113370725e-05,4.737593582658661,4.07119539682822,347,347,4.545708619678785,347,4.698776394324201,347,0.9960198662583302,0
KGHM,10,linear,,0.017415379119406982,2017-12-27,22394,0,0.0019201571849602572,0.002456015004018934,55,reset,0,0.08164250228588191,0.7278379189060196,55,55,0.4454489078726134,55,0.24331328908159264,55,7.909090909090909,3158.6020809145307,8.0,1126.0,0.9806644636956328,22394,336.0,14261.400000000038,0.0,2.185535959964703,3.477861269693483,55,55,2.9132085311275695,55,2.5088064440100113,55,0.9975439849959811,0
KGHM,10,linear,,0.021487603305785124,2017-12-28,35090,0,0.0030777999430037046,0.0040752351097178684,143,reset,0,0.2482341647281249,-0.5430388164515134,143,143,-0.0005476483325747413,143,0.2014552899609562,143,7.489510489510489,1164.1572242804218,8.0,717.0,0.9753776004559703,35090,215.0,2165.0,5.699629524080935e-05,3.0748793866128246,1.4924296366242233,143,143,2.577253543752879,143,2.9813490810680596,143,0.9959247648902821,0
KGHM,10,linear,,0.03427724839220176,2017-12-29,29699,0,0.0042425670898010035,0.005017003939526583,149,reset,0,0.46428121187436794,0.20933394783333878,149,149,0.3453494952703936,149,0.40427931642846143,149,7.704697986577181,1067.597057139971,8.0,668.0,0.9614801845179972,29699,160.0,2119.0,0.0,7.275387537576263,6.765134193483135,149,149,7.0374977520796,149,7.155423730316878,149,0.9949829960604735,0
KGHM,10,linear,,0.02643864056065976,all,87183,0,0.0036589702120826306,0.004679811431127628,408,reset,1,0.3276545978597693,-0.14615085411708523,408,408,0.19693547739777462,408,0.40192751603373394,321,7.5,1622.2240459722652,8.0,785.0,0.9698679788490876,87183,200.0,2805.200000000026,3.4410378170056086e-05,4.6404439558118185,3.6926566837747083,408,408,4.37897015104021,408,4.731450277996286,321,0.9953201885688724,0
KGHM,10,linear,,0.01804054657497544,2017-12-27,22394,0,0.0021880860944895955,0.002857908368312941,64,reset,1,0.20981287992476014,0.7314084827448911,64,64,0.38378639536829817,64,0.13678737147188597,49,7.953125,3126.1502634634276,8.0,1102.0,0.9797713673305349,22394,323.0,14067.0,0.0,2.0881427987254026,3.131369425753202,64,64,2.436201587594201,64,1.817244730991386,49,0.9971420916316871,0
KGHM,10,linear,,0.023510971786833857,2017-12-28,35090,0,0.0037902536335138216,0.005186662866913651,182,reset,1,0.2806707312657926,-0.6580651040393726,182,182,0.08515623677525122,182,0.45000631269945734,143,7.318681318681318,1145.7038757480764,8.0,707.0,0.9726132801367912,35090,200.0,2131.0,8.549444286121403e-05,3.1233458375869834,1.2458092266627434,182,182,2.73223567313802,182,3.4466272910372573,143,0.9948133371330864,0
KGHM,10,linear,,0.036230176100205395,2017-12-29,29699,0,0.004612949930974107,0.005454729115458433,162,reset,1,0.4269936945754751,0.08227257752914813,162,162,0.24869697766435322,162,0.4493430134006495,129,7.5246913580246915,1051.2340819556214,8.0,653.0,0.9591568739688205,29699,150.0,2111.0,0.0,7.353154644518307,6.66332718814356,162,162,6.996518688316406,162,7.262657711627148,129,0.9945452708845416,0
KGHM,10,linear,,0.03192136081575536,all,87183,0,0.004737162061411055,0.006125047314269984,534,reset,5,0.16723597178968044,-0.3651355033256984,534,534,0.03038384653027104,534,0.6838562731361153,91,7.644194756554307,1562.199901356916,8.0,746.0,0.9632497161143802,87183,159.0,2675.0,9.17610084534829e-05,3.86234623958346,2.797429322192397,534,534,3.5885145304453037,534,3.7218249525022404,91,0.99387495268573,0
KGHM,10,linear,,0.021434312762347058,2017-12-27,22394,0,0.0029025631865678306,0.004286862552469411,96,reset,5,0.1405907704407065,0.4660530372637184,96,96,0.4902313350200857,96,0.0,11,7.885416666666667,3034.2020630526035,8.0,1060.0,0.9754845047780656,22394,262.0,13567.0,0.00017861927301955882,1.252048156701446,1.9028812459637905,96,96,1.951257251006034,96,0.8046447878471351,11,0.9957131374475305,0
KGHM,10,linear,,0.02884012539184953,2017-12-28,35090,0,0.004901681390709604,0.006611570247933884,232,reset,5,0.1437143739738772,-0.9084067206574489,232,232,-0.1818753440777507,232,1.0048816888956567,42,7.577586206896552,1094.7986890852094,8.0,671.0,0.9661442006269593,35090,161.0,2069.0,0.0001139925904816187,2.6418558058259562,0.5375501341756469,232,232,1.99048954469636,232,1.8000723282850455,42,0.9933884297520661,0
KGHM,10,linear,,0.0434694770867706,2017-12-29,29699,0,0.005926125458769656,0.006936260480150847,206,reset,5,0.20614349617204855,-0.14064607359568826,206,206,0.05513517335570221,206,0.5269971032044451,38,7.606796116504855,1004.5074581635745,8.0,623.0,0.9506043974544598,29699,120.0,2052.0,0.0,6.453328747294208,5.759412753929447,206,206,6.151225673745908,206,6.690314216405616,38,0.9930637395198492,0
KGHM,10,xgboost,,0.024213436105662803,all,87183,0,0.002970762648681509,0.0037163208423660575,324,retain,0,0.25451398149162174,0.007338963219809108,324,324,0.1929017620512696,324,0.26117488291844476,324,7.737654320987654,1636.868655586525,8.0,790.0,0.9727928609935423,87183,210.0,2829.0,2.2940252113370725e-05,4.936648128279853,4.442143067413294,324,324,4.813372951256227,324,4.949982260201533,324,0.9962836791576339,0
KGHM,10,xgboost,,0.01656693757256408,2017-12-27,22394,0,0.0018308475484504778,0.002277395730999375,51,retain,0,0.0441411441895322,0.5218260974623987,51,51,0.21728892870088212,51,0.17458726586543669,51,7.8431372549019605,3147.9004644101096,8.0,1108.5,0.9816022148789855,22394,328.0,14261.400000000038,0.0,1.9207154915042344,2.876132045709155,51,51,2.2671928178439567,51,2.1815310696592554,51,0.9977226042690006,0
KGHM,10,xgboost,,0.021003134796238245,2017-12-28,35090,0,0.0029353092049016812,0.003761755485893417,132,retain,0,0.03353627359201849,-0.5884561610361927,132,132,-0.151910237101219,132,0.10062596366809222,132,7.621212121212121,1160.8815047021944,8.0,710.0,0.9760045597036193,35090,214.0,2177.500000000011,5.699629524080935e-05,2.8260079203517456,1.5820826168532518,132,132,2.4549953795009425,132,2.9602396889841516,132,0.9962382445141066,0
KGHM,10,xgboost,,0.03377218088151116,2017-12-29,29699,0,0.0038721842486279,0.004747634600491599,141,retain,0,0.5374790321664742,0.3790135203504485,141,141,0.5068835945973564,141,0.4427949241294372,141,7.808510638297872,1059.8910737735278,8.0,666.0,0.962355634869861,29699,159.0,2111.0,0.0,8.003435872407989,7.686075986426322,141,141,7.942174556048588,141,7.814074672388413,141,0.9952523653995085,0
KGHM,10,xgboost,,0.02592248488810892,all,87183,0,0.003418097564892238,0.004312767397313696,376,retain,1,0.2372728893228004,-0.13555132524830607,376,376,0.09519316257716993,376,0.29966038760994324,297,7.545212765957447,1617.1882477088423,8.0,779.0,0.9706250071688288,87183,200.0,2778.0,3.4410378170056086e-05,4.929392712631744,4.183597563674893,376,376,4.6451895965653875,376,4.994459278684481,297,0.9956872326026863,0
KGHM,10,xgboost,,0.017415379119406982,2017-12-27,22394,0,0.002098776457979816,0.0026346342770384923,59,retain,1,0.1519770802640875,0.33851261388748566,59,59,-0.0006174441112734735,59,0.050552292313002,44,7.898305084745763,3117.60721621863,8.0,1091.0,0.9804411896043583,22394,323.0,14067.0,4.4654818254889704e-05,1.964495550045618,2.3377744425438483,59,59,1.6595971323434127,59,1.5181136884318092,44,0.9973653657229615,0
KGHM,10,xgboost,,0.022827016243944145,2017-12-28,35090,0,0.003505272157309775,0.004588201766885153,161,retain,1,-0.01381766145962143,-0.6753854429033062,161,161,-0.17968452350950156,161,0.2078413992686288,128,7.366459627329193,1143.6245369051012,8.0,705.0,0.9736107153035053,35090,200.0,2147.0,5.699629524080935e-05,3.0614852529589403,1.738355798088505,161,161,2.7296231436826086,161,3.399385620554368,128,0.9954117982331149,0
KGHM,10,xgboost,,0.03599447792854978,2017-12-29,29699,0,0.004309909424559749,0.005252702111182195,156,retain,1,0.528670526569172,0.2422917550942793,156,156,0.41511709369622296,156,0.48136908121597266,125,7.596153846153846,1045.3497424155696,8.0,653.0,0.9596956126468905,29699,149.0,2078.0,0.0,7.978508312631121,7.405312232945023,156,156,7.751318790816824,156,7.8514883523786585,125,0.9947472978888178,0
KGHM,10,xgboost,,0.032036062076322216,all,87183,0,0.004599520548730831,0.005930055171306333,517,retain,5,0.1815887494828437,-0.2524268073548435,517,517,0.04864254223954084,517,0.4831271317746356,92,7.615087040618955,1557.4756546574447,8.0,742.0,0.9632726563664935,87183,160.0,2625.0,9.17610084534829e-05,4.265822620928703,3.397587190625907,517,517,3.9997988093428467,517,4.408041350325441,92,0.9940699448286937,0
KGHM,10,xgboost,,0.021478967580601947,2017-12-27,22394,0,0.0030365276413325,0.004286862552469411,96,retain,5,0.2571552343233828,0.4658027209079488,96,96,0.4202163278170805,96,0.0,11,7.927083333333333,3025.0797981602213,8.0,1055.0,0.975305885505046,22394,262.0,13567.0,0.00017861927301955882,1.57846414390826,1.9957408062379045,96,96,1.9045874295856768,96,1.6188775770017394,11,0.9957131374475305,0
KGHM,10,xgboost,,0.02901111427757196,2017-12-28,35090,0,0.004987175833570818,0.006469079509831861,227,retain,5,-0.05858938506360037,-0.8796221225284003,227,227,-0.332615591606971,227,0.5680296765071057,43,7.546255506607929,1093.7514961527502,8.0,671.0,0.9658877172983756,35090,164.0,2069.0,0.0001139925904816187,2.523503966438342,0.8812953467214018,227,227,1.975239018004846,227,2.170224014235296,43,0.9935309204901681,0
KGHM,10,xgboost,,0.04357049058890872,2017-12-29,29699,0,0.005320044445940941,0.00653220647159837,194,retain,5,0.4252282030774367,0.1260438206408748,194,194,0.31088229980507887,194,0.526905790354235,38,7.541237113402062,998.7549412438129,8.0,617.0,0.9511094649651504,29699,120.0,2021.0,0.0,7.634341942388878,7.035605239427821,194,194,7.405548113932611,194,7.7476978492316775,38,0.9934677935284016,0
KGHM,10,xgboost,,0.024213436105662803,all,87183,0,0.002970762648681509,0.0037163208423660575,324,reset,0,0.25451398149162174,0.007338963219809108,324,324,0.1929017620512696,324,0.26117488291844476,324,7.737654320987654,1636.868655586525,8.0,790.0,0.9727928609935423,87183,210.0,2829.0,2.2940252113370725e-05,4.936648128279853,4.442143067413294,324,324,4.813372951256227,324,4.949982260201533,324,0.9962836791576339,0
KGHM,10,xgboost,,0.01656693757256408,2017-12-27,22394,0,0.0018308475484504778,0.002277395730999375,51,reset,0,0.0441411441895322,0.5218260974623987,51,51,0.21728892870088212,51,0.17458726586543669,51,7.8431372549019605,3147.9004644101096,8.0,1108.5,0.9816022148789855,22394,328.0,14261.400000000038,0.0,1.9207154915042344,2.876132045709155,51,51,2.2671928178439567,51,2.1815310696592554,51,0.9977226042690006,0
KGHM,10,xgboost,,0.021003134796238245,2017-12-28,35090,0,0.0029353092049016812,0.003761755485893417,132,reset,0,0.03353627359201849,-0.5884561610361927,132,132,-0.151910237101219,132,0.10062596366809222,132,7.621212121212121,1160.8815047021944,8.0,710.0,0.9760045597036193,35090,214.0,2177.500000000011,5.699629524080935e-05,2.8260079203517456,1.5820826168532518,132,132,2.4549953795009425,132,2.9602396889841516,132,0.9962382445141066,0
KGHM,10,xgboost,,0.03377218088151116,2017-12-29,29699,0,0.0038721842486279,0.004747634600491599,141,reset,0,0.5374790321664742,0.3790135203504485,141,141,0.5068835945973564,141,0.4427949241294372,141,7.808510638297872,1059.8910737735278,8.0,666.0,0.962355634869861,29699,159.0,2111.0,0.0,8.003435872407989,7.686075986426322,141,141,7.942174556048588,141,7.814074672388413,141,0.9952523653995085,0
KGHM,10,xgboost,,0.02592248488810892,all,87183,0,0.003418097564892238,0.004312767397313696,376,reset,1,0.2372728893228004,-0.13555132524830607,376,376,0.09519316257716993,376,0.29966038760994324,297,7.545212765957447,1617.1882477088423,8.0,779.0,0.9706250071688288,87183,200.0,2778.0,3.4410378170056086e-05,4.929392712631744,4.183597563674893,376,376,4.6451895965653875,376,4.994459278684481,297,0.9956872326026863,0
KGHM,10,xgboost,,0.017415379119406982,2017-12-27,22394,0,0.002098776457979816,0.0026346342770384923,59,reset,1,0.1519770802640875,0.33851261388748566,59,59,-0.0006174441112734735,59,0.050552292313002,44,7.898305084745763,3117.60721621863,8.0,1091.0,0.9804411896043583,22394,323.0,14067.0,4.4654818254889704e-05,1.964495550045618,2.3377744425438483,59,59,1.6595971323434127,59,1.5181136884318092,44,0.9973653657229615,0
KGHM,10,xgboost,,0.022827016243944145,2017-12-28,35090,0,0.003505272157309775,0.004588201766885153,161,reset,1,-0.01381766145962143,-0.6753854429033062,161,161,-0.17968452350950156,161,0.2078413992686288,128,7.366459627329193,1143.6245369051012,8.0,705.0,0.9736107153035053,35090,200.0,2147.0,5.699629524080935e-05,3.0614852529589403,1.738355798088505,161,161,2.7296231436826086,161,3.399385620554368,128,0.9954117982331149,0
KGHM,10,xgboost,,0.03599447792854978,2017-12-29,29699,0,0.004309909424559749,0.005252702111182195,156,reset,1,0.528670526569172,0.2422917550942793,156,156,0.41511709369622296,156,0.48136908121597266,125,7.596153846153846,1045.3497424155696,8.0,653.0,0.9596956126468905,29699,149.0,2078.0,0.0,7.978508312631121,7.405312232945023,156,156,7.751318790816824,156,7.8514883523786585,125,0.9947472978888178,0
KGHM,10,xgboost,,0.032036062076322216,all,87183,0,0.004599520548730831,0.005930055171306333,517,reset,5,0.1815887494828437,-0.2524268073548435,517,517,0.04864254223954084,517,0.4831271317746356,92,7.615087040618955,1557.4756546574447,8.0,742.0,0.9632726563664935,87183,160.0,2625.0,9.17610084534829e-05,4.265822620928703,3.397587190625907,517,517,3.9997988093428467,517,4.408041350325441,92,0.9940699448286937,0
KGHM,10,xgboost,,0.021478967580601947,2017-12-27,22394,0,0.0030365276413325,0.004286862552469411,96,reset,5,0.2571552343233828,0.4658027209079488,96,96,0.4202163278170805,96,0.0,11,7.927083333333333,3025.0797981602213,8.0,1055.0,0.975305885505046,22394,262.0,13567.0,0.00017861927301955882,1.57846414390826,1.9957408062379045,96,96,1.9045874295856768,96,1.6188775770017394,11,0.9957131374475305,0
KGHM,10,xgboost,,0.02901111427757196,2017-12-28,35090,0,0.004987175833570818,0.006469079509831861,227,reset,5,-0.05858938506360037,-0.8796221225284003,227,227,-0.332615591606971,227,0.5680296765071057,43,7.546255506607929,1093.7514961527502,8.0,671.0,0.9658877172983756,35090,164.0,2069.0,0.0001139925904816187,2.523503966438342,0.8812953467214018,227,227,1.975239018004846,227,2.170224014235296,43,0.9935309204901681,0
KGHM,10,xgboost,,0.04357049058890872,2017-12-29,29699,0,0.005320044445940941,0.00653220647159837,194,reset,5,0.4252282030774367,0.1260438206408748,194,194,0.31088229980507887,194,0.526905790354235,38,7.541237113402062,998.7549412438129,8.0,617.0,0.9511094649651504,29699,120.0,2021.0,0.0,7.634341942388878,7.035605239427821,194,194,7.405548113932611,194,7.7476978492316775,38,0.9934677935284016,0
KGHM,20,linear,,0.051966082636283314,all,87153,0,0.01644234851353367,0.01962066710268149,1710,retain,0,-0.3016979995164808,-0.7254960734095292,1710,1710,-0.44690759611971415,1710,-0.4887034592972412,1710,14.304093567251462,1644.388764586417,15.0,795.0,0.9310522873567175,87153,210.0,2861.800000000003,0.0005392814934655147,3.6020807892117936,2.754340858477802,1710,1710,3.3117017597874936,1710,3.2280450214632386,1710,0.9803793328973185,0
KGHM,20,linear,,0.03493566833452466,2017-12-27,22384,0,0.01277698355968549,0.01478734810578985,331,retain,0,-0.49894589874681106,-0.3458982296886575,331,331,-0.405244670877201,331,-0.34468401898846407,331,14.76737160120846,3159.4769478198714,15.0,1126.0,0.9522873481057899,22384,336.0,14279.800000000003,0.0,2.2238180182961935,2.52996260696979,331,331,2.411395578011565,331,2.5325101422356346,331,0.9852126518942101,0
KGHM,20,linear,,0.04831812998859749,2017-12-28,35080,0,0.015108323831242873,0.01904218928164196,668,retain,0,-0.34543093962879456,-1.1063240350732146,668,668,-0.5948677837232541,668,-0.6943928645548313,668,14.088323353293413,1165.8430729760548,15.0,717.0,0.9357753705815279,35080,217.0,2167.0,0.0007981755986316989,2.3478402274666306,0.825960741763861,668,668,1.8490390235784901,668,1.6499076277717544,668,0.9809578107183581,0
KGHM,20,linear,,0.06911650779750075,2017-12-29,29689,0,0.020782107851392773,0.023948263666677894,711,retain,0,-0.1687828678142797,-0.5444184473620842,711,711,-0.327291594623381,711,-0.3625008039247166,711,14.291139240506329,1067.5302974165515,15.0,666.0,0.9094614166863149,29689,160.0,2119.0,0.0006399676647916737,5.422105644934484,4.670553403082676,711,711,5.105035169007532,711,5.034539851294811,711,0.9760517363333221,0
KGHM,20,linear,,0.05426089750209402,all,87153,0,0.017624178169426182,0.021192615285761822,1847,retain,1,-0.2648319878712316,-0.7138532013707353,1847,1847,-0.40663204488872673,1847,-0.43572002664505066,1673,14.080129940443964,1622.994733399883,15.0,785.0,0.9275412206120272,87153,200.0,2807.0,0.0005737037164526751,3.612175490326103,2.7139837867076095,1847,1847,3.3286253475050627,1847,3.240588805488282,1673,0.9788073847142382,0
KGHM,20,linear,,0.036409935668334524,2017-12-27,22384,0,0.013715153681200857,0.016038241601143675,359,retain,1,-0.4537283739468638,-0.3124389649829963,359,359,-0.3920582082684414,359,-0.29934143843641287,321,14.662952646239555,3127.0935489635453,15.0,1102.0,0.9498749106504646,22384,323.0,14067.0,0.0,2.249180605813244,2.531812906045495,359,359,2.37269042122469,359,2.5146754004681666,321,0.9839617583988564,0
KGHM,20,linear,,0.05119726339794755,2017-12-28,35080,0,0.016505131128848348,0.021009122006841505,737,retain,1,-0.2979237019182793,-1.04477686615818,737,737,-0.47583214113275263,737,-0.5919363134283355,671,13.738127544097694,1147.2519099201825,14.0,707.0,0.931442417331813,35080,200.0,2133.0,0.0008551881413911061,2.3688056735686147,0.8750122732258503,737,737,2.0130893684577793,737,1.715029050205002,671,0.9789908779931585,0
KGHM,20,linear,,0.071339553369935,2017-12-29,29689,0,0.02189363063760989,0.025295564013607733,751,retain,1,-0.14205915717372672,-0.5809863171028945,751,751,-0.34568868458890684,751,-0.3460818451228606,681,14.137150466045274,1051.1098723432922,15.0,653.0,0.9060931658189901,29689,150.0,2111.0,0.0006736501734649197,5.4839181248006525,4.605756558470267,751,751,5.076602251756065,751,5.085917438097003,681,0.9747044359863922,0
KGHM,20,linear,,0.06119123839684233,all,87153,0,0.01946003006207474,0.023797230158456965,2074,retain,5,-0.2625788783202598,-0.7085449310101148,2074,2074,-0.42209952749752777,2074,-0.24057047631433331,1255,13.64946962391514,1563.0409853935034,14.0,746.0,0.9185914426353654,87153,159.0,2675.0,0.0007572889057175312,3.418439718626563,2.5263449368303115,2074,2074,3.0994018925271773,2074,3.2281018044392025,1255,0.9762027698415431,0
KGHM,20,linear,,0.04181558255897069,2017-12-27,22384,0,0.01523409578270193,0.01854002859185132,415,retain,5,-0.44602042472435194,-0.13488156196396012,415,415,-0.2576282052619078,415,0.000251676306355664,225,14.166265060240963,3035.256075768406,15.0,1060.0,0.9427269478198713,22384,262.0,13567.0,0.00022337383845604002,1.7622956926137023,2.3845011135302663,415,415,2.139103273379996,415,2.179685378847262,225,0.9814599714081487,0
KGHM,20,linear,,0.0580387685290764,2017-12-28,35080,0,0.018728620296465222,0.023774230330672746,834,retain,5,-0.3111360899434093,-1.0057870535495343,834,834,-0.48970425183546096,834,-0.4076960612383303,517,13.442446043165468,1096.2445267958951,14.0,671.0,0.9222348916761688,35080,161.0,2082.0,0.0009977194982896237,2.3702472529130842,0.9809310622797297,834,834,2.0132116353158436,834,1.8216046052061685,517,0.9762257696693273,0
KGHM,20,linear,,0.07952440297753377,2017-12-29,29689,0,0.023510391053925696,0.027788069655427936,825,retain,5,-0.12121529498522328,-0.6966302255025736,825,825,-0.43649135613988677,825,-0.17776551907056842,513,13.59878787878788,1004.6239684731719,14.0,623.0,0.8960894607430362,29689,120.0,2052.0,0.0008757452255043956,5.31115764250581,4.159969613248135,825,825,4.680500803388186,825,5.105397609042838,513,0.9722119303445721,0
KGHM,20,linear,,0.051966082636283314,all,87153,0,0.01644234851353367,0.01962066710268149,1710,reset,0,-0.3016979995164808,-0.7254960734095292,1710,1710,-0.44690759611971415,1710,-0.4887034592972412,1710,14.304093567251462,1644.388764586417,15.0,795.0,0.9310522873567175,87153,210.0,2861.800000000003,0.0005392814934655147,3.6020807892117936,2.754340858477802,1710,1710,3.3117017597874936,1710,3.2280450214632386,1710,0.9803793328973185,0
KGHM,20,linear,,0.03493566833452466,2017-12-27,22384,0,0.01277698355968549,0.01478734810578985,331,reset,0,-0.49894589874681106,-0.3458982296886575,331,331,-0.405244670877201,331,-0.34468401898846407,331,14.76737160120846,3159.4769478198714,15.0,1126.0,0.9522873481057899,22384,336.0,14279.800000000003,0.0,2.2238180182961935,2.52996260696979,331,331,2.411395578011565,331,2.5325101422356346,331,0.9852126518942101,0
KGHM,20,linear,,0.04831812998859749,2017-12-28,35080,0,0.015108323831242873,0.01904218928164196,668,reset,0,-0.34543093962879456,-1.1063240350732146,668,668,-0.5948677837232541,668,-0.6943928645548313,668,14.088323353293413,1165.8430729760548,15.0,717.0,0.9357753705815279,35080,217.0,2167.0,0.0007981755986316989,2.3478402274666306,0.825960741763861,668,668,1.8490390235784901,668,1.6499076277717544,668,0.9809578107183581,0
KGHM,20,linear,,0.06911650779750075,2017-12-29,29689,0,0.020782107851392773,0.023948263666677894,711,reset,0,-0.1687828678142797,-0.5444184473620842,711,711,-0.327291594623381,711,-0.3625008039247166,711,14.291139240506329,1067.5302974165515,15.0,666.0,0.9094614166863149,29689,160.0,2119.0,0.0006399676647916737,5.422105644934484,4.670553403082676,711,711,5.105035169007532,711,5.034539851294811,711,0.9760517363333221,0
KGHM,20,linear,,0.05426089750209402,all,87153,0,0.017624178169426182,0.021192615285761822,1847,reset,1,-0.2648319878712316,-0.7138532013707353,1847,1847,-0.40663204488872673,1847,-0.43572002664505066,1673,14.080129940443964,1622.994733399883,15.0,785.0,0.9275412206120272,87153,200.0,2807.0,0.0005737037164526751,3.612175490326103,2.7139837867076095,1847,1847,3.3286253475050627,1847,3.240588805488282,1673,0.9788073847142382,0
KGHM,20,linear,,0.036409935668334524,2017-12-27,22384,0,0.013715153681200857,0.016038241601143675,359,reset,1,-0.4537283739468638,-0.3124389649829963,359,359,-0.3920582082684414,359,-0.29934143843641287,321,14.662952646239555,3127.0935489635453,15.0,1102.0,0.9498749106504646,22384,323.0,14067.0,0.0,2.249180605813244,2.531812906045495,359,359,2.37269042122469,359,2.5146754004681666,321,0.9839617583988564,0
KGHM,20,linear,,0.05119726339794755,2017-12-28,35080,0,0.016505131128848348,0.021009122006841505,737,reset,1,-0.2979237019182793,-1.04477686615818,737,737,-0.47583214113275263,737,-0.5919363134283355,671,13.738127544097694,1147.2519099201825,14.0,707.0,0.931442417331813,35080,200.0,2133.0,0.0008551881413911061,2.3688056735686147,0.8750122732258503,737,737,2.0130893684577793,737,1.715029050205002,671,0.9789908779931585,0
KGHM,20,linear,,0.071339553369935,2017-12-29,29689,0,0.02189363063760989,0.025295564013607733,751,reset,1,-0.14205915717372672,-0.5809863171028945,751,751,-0.34568868458890684,751,-0.3460818451228606,681,14.137150466045274,1051.1098723432922,15.0,653.0,0.9060931658189901,29689,150.0,2111.0,0.0006736501734649197,5.4839181248006525,4.605756558470267,751,751,5.076602251756065,751,5.085917438097003,681,0.9747044359863922,0
KGHM,20,linear,,0.06119123839684233,all,87153,0,0.01946003006207474,0.023797230158456965,2074,reset,5,-0.2625788783202598,-0.7085449310101148,2074,2074,-0.42209952749752777,2074,-0.24057047631433331,1255,13.64946962391514,1563.0409853935034,14.0,746.0,0.9185914426353654,87153,159.0,2675.0,0.0007572889057175312,3.418439718626563,2.5263449368303115,2074,2074,3.0994018925271773,2074,3.2281018044392025,1255,0.9762027698415431,0
KGHM,20,linear,,0.04181558255897069,2017-12-27,22384,0,0.01523409578270193,0.01854002859185132,415,reset,5,-0.44602042472435194,-0.13488156196396012,415,415,-0.2576282052619078,415,0.000251676306355664,225,14.166265060240963,3035.256075768406,15.0,1060.0,0.9427269478198713,22384,262.0,13567.0,0.00022337383845604002,1.7622956926137023,2.3845011135302663,415,415,2.139103273379996,415,2.179685378847262,225,0.9814599714081487,0
KGHM,20,linear,,0.0580387685290764,2017-12-28,35080,0,0.018728620296465222,0.023774230330672746,834,reset,5,-0.3111360899434093,-1.0057870535495343,834,834,-0.48970425183546096,834,-0.4076960612383303,517,13.442446043165468,1096.2445267958951,14.0,671.0,0.9222348916761688,35080,161.0,2082.0,0.0009977194982896237,2.3702472529130842,0.9809310622797297,834,834,2.0132116353158436,834,1.8216046052061685,517,0.9762257696693273,0
KGHM,20,linear,,0.07952440297753377,2017-12-29,29689,0,0.023510391053925696,0.027788069655427936,825,reset,5,-0.12121529498522328,-0.6966302255025736,825,825,-0.43649135613988677,825,-0.17776551907056842,513,13.59878787878788,1004.6239684731719,14.0,623.0,0.8960894607430362,29689,120.0,2052.0,0.0008757452255043956,5.31115764250581,4.159969613248135,825,825,4.680500803388186,825,5.105397609042838,513,0.9722119303445721,0
KGHM,20,xgboost,,0.05001549000034422,all,87153,0,0.015512948492880338,0.018622422636053838,1623,retain,0,-0.27792650896143395,-0.6641640990848892,1623,1623,-0.4351723400103447,1623,-0.4531724930104714,1623,14.383857054836723,1633.4612692621022,15.0,787.0,0.9339896503849552,87153,209.0,2816.0,0.00048191112182024716,3.5914750818659678,2.8187840051937427,1623,1623,3.2769527368404106,1623,3.2408931703578956,1623,0.9813775773639462,0
KGHM,20,xgboost,,0.032433881343817014,2017-12-27,22384,0,0.012151536812008578,0.014072551822730522,315,retain,0,-0.48142104739626684,-0.2708629939914368,315,315,-0.4611637710341742,315,-0.3833420479320812,315,14.726984126984126,3146.309730164403,15.0,1102.0,0.9554145818441744,22384,328.0,14279.800000000003,0.0,2.2942868048867218,2.715499277560324,315,315,2.3350075955460126,315,2.490624886536912,315,0.9859274481772695,0
KGHM,20,xgboost,,0.045980615735461805,2017-12-28,35080,0,0.014709236031927024,0.01812998859749145,636,retain,0,-0.3837444624657844,-1.071251680855198,636,636,-0.6282805107480492,636,-0.6769810629621865,636,14.193396226415095,1157.9468358038769,15.0,710.0,0.9385974914481185,35080,211.0,2167.0,0.0007126567844925884,2.3536109221934005,0.9784876581844238,636,636,1.8645916973633996,636,1.7670959690934915,636,0.9818700114025085,0
KGHM,20,xgboost,,0.06803866751995688,2017-12-29,29689,0,0.018996934891710733,0.022634645828421302,672,retain,0,-0.08238930950348872,-0.4632446736362599,672,672,-0.2402257665554544,672,-0.2740866890080934,672,14.40327380952381,1054.7097578227626,15.0,660.0,0.9123917949408872,29689,158.0,2078.0,0.0005726026474451817,5.371082094961525,4.608907763977156,672,672,5.055188362755758,672,4.987425208167077,672,0.9773653541715787,0
KGHM,20,xgboost,,0.052574208575723154,all,87153,0,0.016660355925785686,0.020125526373159845,1754,retain,1,-0.2520429486106423,-0.6640383135293857,1754,1754,-0.4192171640131653,1754,-0.42024509522300474,1581,14.19327251995439,1613.8907782864617,15.0,777.0,0.9302261540050256,87153,200.0,2766.0,0.0005392814934655147,3.643157770875706,2.8189639038311123,1754,1754,3.308800748675571,1754,3.2392883799434324,1581,0.9798744736268401,0
KGHM,20,xgboost,,0.03413152251608292,2017-12-27,22384,0,0.012955682630450322,0.015100071479628305,338,retain,1,-0.4022709313041343,-0.23230132384998056,338,338,-0.43610274888475975,338,-0.34416121844140185,305,14.514792899408285,3115.9207469621156,15.0,1082.0,0.9528681200857756,22384,323.0,14067.0,4.467476769120801e-05,2.362835050170261,2.7028933294433917,338,338,2.295383921471034,338,2.4122716534809885,305,0.9848999285203717,0
KGHM,20,xgboost,,0.048973774230330676,2017-12-28,35080,0,0.015935005701254275,0.01984036488027366,696,retain,1,-0.3633474136692987,-1.049031841969899,696,696,-0.5804829290067246,696,-0.6174369422695121,629,13.939655172413794,1141.006014823261,15.0,703.0,0.9343500570125427,35080,200.0,2133.0,0.0007411630558722919,2.456983488232299,1.0855110196403213,696,696,2.0227849191255247,696,1.857244759459514,629,0.9801596351197264,0
KGHM,20,xgboost,,0.07073326821381656,2017-12-29,29689,0,0.02031055272996733,0.02425140624473711,720,retain,1,-0.07392494051171854,-0.4945544339697215,720,720,-0.25540008051022606,720,-0.2644056989728282,647,14.2875,1040.1886894135876,15.0,647.0,0.9082825288827512,29689,149.0,2065.0,0.0006736501734649197,5.390833299095501,4.5491237115253345,720,720,5.027692283344968,720,4.972743617741623,647,0.9757485937552629,0
KGHM,20,xgboost,,0.05992909022064645,all,87153,0,0.019001067088912603,0.023372689408281987,2037,retain,5,-0.28581529340820805,-0.6765314382027067,2037,2037,-0.4230796702537931,2037,-0.2422732195040127,1209,13.746195385370642,1554.3131733847372,14.0,739.0,0.9203125537847234,87153,159.0,2598.0,0.0007572889057175312,3.5065276651005988,2.7249005104449897,2037,2037,3.2319794792429453,2037,3.2730388625058353,1209,0.976627310591718,0
KGHM,20,xgboost,,0.04034131522516083,2017-12-27,22384,0,0.014429949964260187,0.017378484631879913,389,retain,5,-0.3895128191859094,-0.08638960338170149,389,389,-0.23458317768735454,389,0.010526467205411711,216,14.053984575835475,3023.3727215868475,15.0,1055.0,0.945005360972123,22384,262.0,13567.0,0.00022337383845604002,1.9953346301145205,2.6015348899251705,389,389,2.3052340763654606,389,2.270282835893988,216,0.98262151536812,0
KGHM,20,xgboost,,0.05672748004561003,2017-12-28,35080,0,0.01878563283922463,0.023603192702394526,828,retain,5,-0.36435157150457637,-1.0023881950709161,828,828,-0.5576269437636945,828,-0.5079758585246741,498,13.559178743961352,1091.2212086659065,14.0,662.0,0.9234891676168757,35080,164.0,2069.0,0.0009977194982896237,2.4675973862450244,1.191496644204453,828,828,2.0811552255855585,828,1.85507193887123,498,0.9763968072976055,0
KGHM,20,xgboost,,0.07848024520866315,2017-12-29,29689,0,0.022702010845767794,0.027619657112061706,820,retain,5,-0.15731971317489238,-0.6274531199813576,820,820,-0.37664063750031296,820,-0.08527285202309612,495,13.789024390243902,993.8981104112635,14.0,612.0,0.8979419987200646,29689,120.0,2020.0,0.0008757452255043956,5.2724890815664525,4.331787861212519,820,820,4.833670264301065,820,5.137165791229457,495,0.9723803428879383,0
KGHM,20,xgboost,,0.05001549000034422,all,87153,0,0.015512948492880338,0.018622422636053838,1623,reset,0,-0.27792650896143395,-0.6641640990848892,1623,1623,-0.4351723400103447,1623,-0.4531724930104714,1623,14.383857054836723,1633.4612692621022,15.0,787.0,0.9339896503849552,87153,209.0,2816.0,0.00048191112182024716,3.5914750818659678,2.8187840051937427,1623,1623,3.2769527368404106,1623,3.2408931703578956,1623,0.9813775773639462,0
KGHM,20,xgboost,,0.032433881343817014,2017-12-27,22384,0,0.012151536812008578,0.014072551822730522,315,reset,0,-0.48142104739626684,-0.2708629939914368,315,315,-0.4611637710341742,315,-0.3833420479320812,315,14.726984126984126,3146.309730164403,15.0,1102.0,0.9554145818441744,22384,328.0,14279.800000000003,0.0,2.2942868048867218,2.715499277560324,315,315,2.3350075955460126,315,2.490624886536912,315,0.9859274481772695,0
KGHM,20,xgboost,,0.045980615735461805,2017-12-28,35080,0,0.014709236031927024,0.01812998859749145,636,reset,0,-0.3837444624657844,-1.071251680855198,636,636,-0.6282805107480492,636,-0.6769810629621865,636,14.193396226415095,1157.9468358038769,15.0,710.0,0.9385974914481185,35080,211.0,2167.0,0.0007126567844925884,2.3536109221934005,0.9784876581844238,636,636,1.8645916973633996,636,1.7670959690934915,636,0.9818700114025085,0
KGHM,20,xgboost,,0.06803866751995688,2017-12-29,29689,0,0.018996934891710733,0.022634645828421302,672,reset,0,-0.08238930950348872,-0.4632446736362599,672,672,-0.2402257665554544,672,-0.2740866890080934,672,14.40327380952381,1054.7097578227626,15.0,660.0,0.9123917949408872,29689,158.0,2078.0,0.0005726026474451817,5.371082094961525,4.608907763977156,672,672,5.055188362755758,672,4.987425208167077,672,0.9773653541715787,0
KGHM,20,xgboost,,0.052574208575723154,all,87153,0,0.016660355925785686,0.020125526373159845,1754,reset,1,-0.2520429486106423,-0.6640383135293857,1754,1754,-0.4192171640131653,1754,-0.42024509522300474,1581,14.19327251995439,1613.8907782864617,15.0,777.0,0.9302261540050256,87153,200.0,2766.0,0.0005392814934655147,3.643157770875706,2.8189639038311123,1754,1754,3.308800748675571,1754,3.2392883799434324,1581,0.9798744736268401,0
KGHM,20,xgboost,,0.03413152251608292,2017-12-27,22384,0,0.012955682630450322,0.015100071479628305,338,reset,1,-0.4022709313041343,-0.23230132384998056,338,338,-0.43610274888475975,338,-0.34416121844140185,305,14.514792899408285,3115.9207469621156,15.0,1082.0,0.9528681200857756,22384,323.0,14067.0,4.467476769120801e-05,2.362835050170261,2.7028933294433917,338,338,2.295383921471034,338,2.4122716534809885,305,0.9848999285203717,0
KGHM,20,xgboost,,0.048973774230330676,2017-12-28,35080,0,0.015935005701254275,0.01984036488027366,696,reset,1,-0.3633474136692987,-1.049031841969899,696,696,-0.5804829290067246,696,-0.6174369422695121,629,13.939655172413794,1141.006014823261,15.0,703.0,0.9343500570125427,35080,200.0,2133.0,0.0007411630558722919,2.456983488232299,1.0855110196403213,696,696,2.0227849191255247,696,1.857244759459514,629,0.9801596351197264,0
KGHM,20,xgboost,,0.07073326821381656,2017-12-29,29689,0,0.02031055272996733,0.02425140624473711,720,reset,1,-0.07392494051171854,-0.4945544339697215,720,720,-0.25540008051022606,720,-0.2644056989728282,647,14.2875,1040.1886894135876,15.0,647.0,0.9082825288827512,29689,149.0,2065.0,0.0006736501734649197,5.390833299095501,4.5491237115253345,720,720,5.027692283344968,720,4.972743617741623,647,0.9757485937552629,0
KGHM,20,xgboost,,0.05992909022064645,all,87153,0,0.019001067088912603,0.023372689408281987,2037,reset,5,-0.28581529340820805,-0.6765314382027067,2037,2037,-0.4230796702537931,2037,-0.2422732195040127,1209,13.746195385370642,1554.3131733847372,14.0,739.0,0.9203125537847234,87153,159.0,2598.0,0.0007572889057175312,3.5065276651005988,2.7249005104449897,2037,2037,3.2319794792429453,2037,3.2730388625058353,1209,0.976627310591718,0
KGHM,20,xgboost,,0.04034131522516083,2017-12-27,22384,0,0.014429949964260187,0.017378484631879913,389,reset,5,-0.3895128191859094,-0.08638960338170149,389,389,-0.23458317768735454,389,0.010526467205411711,216,14.053984575835475,3023.3727215868475,15.0,1055.0,0.945005360972123,22384,262.0,13567.0,0.00022337383845604002,1.9953346301145205,2.6015348899251705,389,389,2.3052340763654606,389,2.270282835893988,216,0.98262151536812,0
KGHM,20,xgboost,,0.05672748004561003,2017-12-28,35080,0,0.01878563283922463,0.023603192702394526,828,reset,5,-0.36435157150457637,-1.0023881950709161,828,828,-0.5576269437636945,828,-0.5079758585246741,498,13.559178743961352,1091.2212086659065,14.0,662.0,0.9234891676168757,35080,164.0,2069.0,0.0009977194982896237,2.4675973862450244,1.191496644204453,828,828,2.0811552255855585,828,1.85507193887123,498,0.9763968072976055,0
KGHM,20,xgboost,,0.07848024520866315,2017-12-29,29689,0,0.022702010845767794,0.027619657112061706,820,reset,5,-0.15731971317489238,-0.6274531199813576,820,820,-0.37664063750031296,820,-0.08527285202309612,495,13.789024390243902,993.8981104112635,14.0,612.0,0.8979419987200646,29689,120.0,2020.0,0.0008757452255043956,5.2724890815664525,4.331787861212519,820,820,4.833670264301065,820,5.137165791229457,495,0.9723803428879383,0
KGHM,50,linear,,0.12370352503359636,all,87063,0,0.07067296095930534,0.08636274881407716,7519,retain,0,-0.4792960052748066,-1.086134537931345,7510,7519,-0.8440247220024459,7519,-1.32303787295347,7519,31.099082324777232,1645.804578293879,32.0,797.0,0.8025337973651264,87063,211.0,2869.0,0.0030897166419719055,3.8130119460662595,2.5995842377922442,7510,7519,3.083519004621674,7519,2.1252237628763275,7519,0.9136372511859229,0
KGHM,50,linear,,0.08718797530643285,2017-12-27,22354,0,0.07126241388565804,0.08338552384360741,1864,retain,0,-0.7094554152578436,-0.8163695705724134,1855,1864,-0.7600122789187453,1864,-0.942009159227705,1864,32.34978540772532,3161.726983984969,33.0,1126.0,0.8405654468998837,22354,336.0,14309.0,0.0009841639080254093,2.5158563286994715,2.2995945096212145,1855,1864,2.4148040726284643,1864,2.050851129682251,1864,0.9166144761563926,0
KGHM,50,linear,,0.12222539229671897,2017-12-28,35050,0,0.06616262482168331,0.0838231098430813,2938,retain,0,-0.4531720041986746,-1.242655039327068,2938,2938,-0.8228756189487673,2938,-1.4861460055324103,2938,30.74063989108237,1166.511640513552,31.0,718.0,0.8077318116975749,35050,216.0,2177.0,0.0038801711840228247,3.5912878733991875,2.012426121901838,2938,2938,2.852071551830924,2938,1.5251616648769648,2938,0.9161768901569187,0
KGHM,50,linear,,0.1529721163896288,2017-12-29,29659,0,0.07555885228766984,0.09160794362588084,2717,retain,0,-0.34964387975154365,-1.101061582962697,2717,2717,-0.9245308900847891,2717,-1.408067622260757,2717,30.628634523371364,1069.6653966755453,31.0,673.0,0.7677264911156816,29659,167.0,2119.0,0.0037425402070197914,4.942685628903046,3.4393161075910195,2717,2717,3.7925647350355742,2717,2.8251181435152253,2717,0.9083920563741191,0
KGHM,50,linear,,0.12679324167556827,all,87063,0,0.07287826056993212,0.08928017642396885,7773,retain,1,-0.4636562305748251,-1.0668163676581157,7763,7773,-0.8239583513926315,7773,-1.2854260520887293,7554,30.861572108580987,1624.2718720926225,32.0,786.0,0.7971928373706396,87063,200.0,2807.0,0.0031356603838599635,3.8046973247854052,2.5986024368184073,7763,7773,3.084053303541218,7773,2.1353075582941172,7554,0.9107198235760311,0
KGHM,50,linear,,0.0892457725686678,2017-12-27,22354,0,0.07305180280934061,0.08553279055202648,1912,retain,1,-0.6998234800306529,-0.809031878165738,1902,1912,-0.7560661525212652,1912,-0.931176342883728,1852,32.15010460251046,3129.1960275565893,33.0,1102.0,0.8367182607139662,22354,323.0,14087.0,0.0009841639080254093,2.5273442342154415,2.3062398823384864,1902,1912,2.41491402937264,1912,2.0351170012181714,1852,0.9144672094479736,0
KGHM,50,linear,,0.12621968616262483,2017-12-28,35050,0,0.06884450784593438,0.08747503566333809,3066,retain,1,-0.4306118711838214,-1.2030613090531985,3066,3066,-0.776199261200945,3066,-1.4142073863517486,2987,30.41487279843444,1147.704308131241,31.0,707.0,0.8009129814550642,35050,200.0,2147.0,0.004022824536376605,3.5425811323692193,1.9977880347571928,3066,3066,2.8515925324618334,3066,1.5444523210242371,2987,0.9125249643366619,0
KGHM,50,linear,,0.1557705924002832,2017-12-29,29659,0,0.07751441383728379,0.09423783674432719,2795,retain,1,-0.3383475453988948,-1.0927838484084482,2795,2795,-0.922791716247645,2795,-1.3853894465653493,2715,30.470125223613596,1053.201321689875,31.0,653.0,0.7630061701338549,29659,150.0,2111.0,0.0037088236285781717,4.966038060069054,3.4566240952586558,2795,2795,3.796797137652028,2795,2.85370074629772,2715,0.9057621632556728,0
KGHM,50,linear,,0.13669411805244477,all,87063,0,0.07842596740291513,0.09655077357775405,8406,retain,5,-0.4640352015251254,-1.0393293302987987,8392,8406,-0.8091191108673336,8406,-1.1904901320730878,7254,30.586842731382347,1563.9746620263488,31.0,747.0,0.7813537323547316,87063,160.0,2676.0,0.003526182189908457,3.7113315507641964,2.560908754223392,8392,8406,3.0210945251863603,8406,2.159692764023353,7254,0.903449226422246,0
KGHM,50,linear,,0.09689541021741076,2017-12-27,22354,0,0.07658584593361367,0.09058781426142973,2025,retain,5,-0.7114432397945195,-0.7981265140238012,2011,2025,-0.7544474136494369,2025,-0.87274107591483,1691,31.9679012345679,3037.183546568847,33.0,1058.0,0.8249530285407534,22354,262.0,13567.0,0.001565715308222242,2.395039074204397,2.217318732840357,2011,2025,2.309059513934018,2025,1.9464246152060305,1691,0.9094121857385703,0
KGHM,50,linear,,0.1380599144079886,2017-12-28,35050,0,0.07540656205420827,0.09554921540656205,3349,retain,5,-0.40882728468640156,-1.1458434546880927,3349,3349,-0.7278942380192025,3349,-1.2602828524792977,2943,30.110779337115556,1097.0241369472183,31.0,662.0,0.782339514978602,35050,161.0,2087.0,0.004194008559201141,3.4951366567661277,2.0212082242439218,3349,3349,2.8571711695456066,3349,1.6896909137993399,2943,0.904450784593438,0
KGHM,50,linear,,0.16507636805017026,2017-12-29,29659,0,0.08338109848612563,0.10222866583499106,3032,retain,5,-0.3597772978303243,-1.0816588358889283,3032,3032,-0.935350075918334,3032,-1.3171747419235222,2620,30.190303430079155,1005.4428335412522,31.0,623.0,0.7473279611585016,29659,120.0,2052.0,0.004214572305202468,4.829250074851638,3.384924785853513,3032,3032,3.6777073932031406,3032,2.8252850864887598,2620,0.897771334165009,0
KGHM,50,linear,,0.12370352503359636,all,87063,0,0.07067296095930534,0.08636274881407716,7519,reset,0,-0.4792960052748066,-1.086134537931345,7510,7519,-0.8440247220024459,7519,-1.32303787295347,7519,31.099082324777232,1645.804578293879,32.0,797.0,0.8025337973651264,87063,211.0,2869.0,0.0030897166419719055,3.8130119460662595,2.5995842377922442,7510,7519,3.083519004621674,7519,2.1252237628763275,7519,0.9136372511859229,0
KGHM,50,linear,,0.08718797530643285,2017-12-27,22354,0,0.07126241388565804,0.08338552384360741,1864,reset,0,-0.7094554152578436,-0.8163695705724134,1855,1864,-0.7600122789187453,1864,-0.942009159227705,1864,32.34978540772532,3161.726983984969,33.0,1126.0,0.8405654468998837,22354,336.0,14309.0,0.0009841639080254093,2.5158563286994715,2.2995945096212145,1855,1864,2.4148040726284643,1864,2.050851129682251,1864,0.9166144761563926,0
KGHM,50,linear,,0.12222539229671897,2017-12-28,35050,0,0.06616262482168331,0.0838231098430813,2938,reset,0,-0.4531720041986746,-1.242655039327068,2938,2938,-0.8228756189487673,2938,-1.4861460055324103,2938,30.74063989108237,1166.511640513552,31.0,718.0,0.8077318116975749,35050,216.0,2177.0,0.0038801711840228247,3.5912878733991875,2.012426121901838,2938,2938,2.852071551830924,2938,1.5251616648769648,2938,0.9161768901569187,0
KGHM,50,linear,,0.1529721163896288,2017-12-29,29659,0,0.07555885228766984,0.09160794362588084,2717,reset,0,-0.34964387975154365,-1.101061582962697,2717,2717,-0.9245308900847891,2717,-1.408067622260757,2717,30.628634523371364,1069.6653966755453,31.0,673.0,0.7677264911156816,29659,167.0,2119.0,0.0037425402070197914,4.942685628903046,3.4393161075910195,2717,2717,3.7925647350355742,2717,2.8251181435152253,2717,0.9083920563741191,0
KGHM,50,linear,,0.12679324167556827,all,87063,0,0.07287826056993212,0.08928017642396885,7773,reset,1,-0.4636562305748251,-1.0668163676581157,7763,7773,-0.8239583513926315,7773,-1.2854260520887293,7554,30.861572108580987,1624.2718720926225,32.0,786.0,0.7971928373706396,87063,200.0,2807.0,0.0031356603838599635,3.8046973247854052,2.5986024368184073,7763,7773,3.084053303541218,7773,2.1353075582941172,7554,0.9107198235760311,0
KGHM,50,linear,,0.0892457725686678,2017-12-27,22354,0,0.07305180280934061,0.08553279055202648,1912,reset,1,-0.6998234800306529,-0.809031878165738,1902,1912,-0.7560661525212652,1912,-0.931176342883728,1852,32.15010460251046,3129.1960275565893,33.0,1102.0,0.8367182607139662,22354,323.0,14087.0,0.0009841639080254093,2.5273442342154415,2.3062398823384864,1902,1912,2.41491402937264,1912,2.0351170012181714,1852,0.9144672094479736,0
KGHM,50,linear,,0.12621968616262483,2017-12-28,35050,0,0.06884450784593438,0.08747503566333809,3066,reset,1,-0.4306118711838214,-1.2030613090531985,3066,3066,-0.776199261200945,3066,-1.4142073863517486,2987,30.41487279843444,1147.704308131241,31.0,707.0,0.8009129814550642,35050,200.0,2147.0,0.004022824536376605,3.5425811323692193,1.9977880347571928,3066,3066,2.8515925324618334,3066,1.5444523210242371,2987,0.9125249643366619,0
KGHM,50,linear,,0.1557705924002832,2017-12-29,29659,0,0.07751441383728379,0.09423783674432719,2795,reset,1,-0.3383475453988948,-1.0927838484084482,2795,2795,-0.922791716247645,2795,-1.3853894465653493,2715,30.470125223613596,1053.201321689875,31.0,653.0,0.7630061701338549,29659,150.0,2111.0,0.0037088236285781717,4.966038060069054,3.4566240952586558,2795,2795,3.796797137652028,2795,2.85370074629772,2715,0.9057621632556728,0
KGHM,50,linear,,0.13669411805244477,all,87063,0,0.07842596740291513,0.09655077357775405,8406,reset,5,-0.4640352015251254,-1.0393293302987987,8392,8406,-0.8091191108673336,8406,-1.1904901320730878,7254,30.586842731382347,1563.9746620263488,31.0,747.0,0.7813537323547316,87063,160.0,2676.0,0.003526182189908457,3.7113315507641964,2.560908754223392,8392,8406,3.0210945251863603,8406,2.159692764023353,7254,0.903449226422246,0
KGHM,50,linear,,0.09689541021741076,2017-12-27,22354,0,0.07658584593361367,0.09058781426142973,2025,reset,5,-0.7114432397945195,-0.7981265140238012,2011,2025,-0.7544474136494369,2025,-0.87274107591483,1691,31.9679012345679,3037.183546568847,33.0,1058.0,0.8249530285407534,22354,262.0,13567.0,0.001565715308222242,2.395039074204397,2.217318732840357,2011,2025,2.309059513934018,2025,1.9464246152060305,1691,0.9094121857385703,0
KGHM,50,linear,,0.1380599144079886,2017-12-28,35050,0,0.07540656205420827,0.09554921540656205,3349,reset,5,-0.40882728468640156,-1.1458434546880927,3349,3349,-0.7278942380192025,3349,-1.2602828524792977,2943,30.110779337115556,1097.0241369472183,31.0,662.0,0.782339514978602,35050,161.0,2087.0,0.004194008559201141,3.4951366567661277,2.0212082242439218,3349,3349,2.8571711695456066,3349,1.6896909137993399,2943,0.904450784593438,0
KGHM,50,linear,,0.16507636805017026,2017-12-29,29659,0,0.08338109848612563,0.10222866583499106,3032,reset,5,-0.3597772978303243,-1.0816588358889283,3032,3032,-0.935350075918334,3032,-1.3171747419235222,2620,30.190303430079155,1005.4428335412522,31.0,623.0,0.7473279611585016,29659,120.0,2052.0,0.004214572305202468,4.829250074851638,3.384924785853513,3032,3032,3.6777073932031406,3032,2.8252850864887598,2620,0.897771334165009,0
KGHM,50,xgboost,,0.12293396735697139,all,87063,0,0.06892709876755912,0.08438716791289066,7347,retain,0,-0.4593071440481702,-1.0500752994826432,7338,7347,-0.8253592140317323,7347,-1.2828941578855098,7347,31.224853681774874,1623.4312049894904,32.0,779.0,0.8051870484591618,87063,207.0,2778.0,0.0029518854163077314,3.974593831074108,2.7934929968276756,7338,7347,3.242480020157023,7347,2.3271485713020024,7347,0.9156128320871093,0
KGHM,50,xgboost,,0.08884316006083923,2017-12-27,22354,0,0.066341594345531,0.0773016015030867,1728,retain,0,-0.7250428565347685,-0.8288039745053563,1719,1728,-0.7744010105835071,1728,-0.9772369641063875,1728,32.31886574074074,3144.0514001968327,33.0,1091.0,0.8439205511317884,22354,325.0,14309.0,0.0008946944618412812,2.434813506038692,2.224403664042663,1719,1728,2.336149074225402,1728,1.930533949114262,1728,0.9226983984969133,0
KGHM,50,xgboost,,0.11897289586305278,2017-12-28,35050,0,0.06704707560627675,0.08487874465049929,2975,retain,0,-0.4109687230347253,-1.1653331918711547,2975,2975,-0.7805753394276852,2975,-1.4051300568586589,2975,30.97546218487395,1141.9661911554922,32.0,696.0,0.8101854493580599,35050,208.0,2114.0,0.0037945791726105562,3.9309000520216366,2.422297066906823,2975,2975,3.191879662548312,2975,1.942481002533508,2975,0.9151212553495007,0
KGHM,50,xgboost,,0.15330928217404496,2017-12-29,29659,0,0.07309754206143161,0.0891466333996426,2644,retain,0,-0.34002404697485583,-1.0642482108972176,2644,2644,-0.9090535417569869,2644,-1.3451195101567666,2644,30.790468986384266,1046.3181833507535,31.0,650.0,0.770086651606595,29659,150.0,2065.0,0.0035065241579284533,5.030089063427474,3.581152775410118,2644,2644,3.891752311554813,2644,3.019181886062474,2644,0.9108533666003574,0
KGHM,50,xgboost,,0.12651757922423992,all,87063,0,0.07101753902346576,0.08728162365183832,7599,retain,1,-0.4403085131246208,-1.032677854799024,7589,7599,-0.8042193385313537,7599,-1.2508187578832752,7379,30.96446900908014,1604.1196949335538,32.0,766.0,0.7994096229167384,87063,197.0,2756.0,0.003055258835555862,3.952889304894664,2.768548548157112,7589,7599,3.2250566856461793,7599,2.3055120715193094,7379,0.9127183763481617,0
KGHM,50,xgboost,,0.09121410038471862,2017-12-27,22354,0,0.06804151382302943,0.0795383376576899,1778,retain,1,-0.7109176292011691,-0.8221620871374812,1768,1778,-0.7701484160344553,1778,-0.9609081333937781,1720,32.08042744656918,3113.51489666279,33.0,1069.0,0.8397154871611345,22354,314.3000000000002,14081.000000000015,0.0010288986311174735,2.434154881711286,2.208377171565254,1768,1778,2.3157430634216656,1778,1.918804212189641,1720,0.9204616623423101,0
KGHM,50,xgboost,,0.12353780313837376,2017-12-28,35050,0,0.0694151212553495,0.08833095577746077,3096,retain,1,-0.3755201256647385,-1.1269310788461222,3096,3096,-0.7306950780161857,3096,-1.3456881980426862,3014,30.583333333333332,1125.3217403708986,31.0,687.0,0.8031669044222539,35050,200.0,2111.0,0.0038801711840228247,3.8803584630455226,2.377662359968846,3096,3096,3.170194199259109,3096,1.9052878847286712,3014,0.9116690442225392,0
KGHM,50,xgboost,,0.15664722343976534,2017-12-29,29659,0,0.07515425334637041,0.09187767625341381,2725,retain,1,-0.3373513898922146,-1.0621765320745444,2725,2725,-0.9099841865146365,2725,-1.3312383350029235,2645,30.669357798165137,1032.3151151421155,31.0,645.0,0.7645908493206109,29659,145.0,2021.0,0.0036076738932533125,5.026234365733193,3.5760959362104234,2725,2725,3.8806948060753754,2725,3.0130406979971966,2645,0.9081223237465862,0
KGHM,50,xgboost,,0.1370961257939653,all,87063,0,0.07687536611419317,0.09506908790186416,8277,retain,5,-0.4481919935382513,-1.0136262089758263,8263,8277,-0.782268755862384,8277,-1.1554280273616508,7180,30.55261568201039,1543.8944212811411,31.0,729.0,0.7825138118374051,87063,155.0,2560.2000000000116,0.0035146962544364427,3.8393337024777003,2.7088300952728104,8263,8277,3.171148226289491,8277,2.3496929505095334,7180,0.9049309120981358,0
KGHM,50,xgboost,,0.09984790194148699,2017-12-27,22354,0,0.07162029167039456,0.0846380960901852,1892,retain,5,-0.7247593673593236,-0.8176897396636957,1878,1892,-0.751860169130682,1892,-0.8906825475353073,1589,31.85940803382664,3014.1289702066742,33.0,1048.0,0.8269213563568042,22354,261.0,13567.0,0.0016104500313143062,2.313208690029043,2.1222684691204927,1878,1892,2.2590246673540846,1892,1.8916612469560847,1589,0.9153619039098148,0
KGHM,50,xgboost,,0.13557774607703282,2017-12-28,35050,0,0.07617689015691868,0.09689015691868759,3396,retain,5,-0.36654188687222194,-1.0875106413569735,3396,3396,-0.6857866072957497,3396,-1.199098493720123,2999,29.968786808009423,1077.5518972895863,31.0,650.0,0.7840228245363766,35050,160.0,2067.0,0.004222539229671897,3.755929793571572,2.314125829334209,3396,3396,3.11761949518134,3396,2.0021564923194064,2999,0.9031098430813124,0
KGHM,50,xgboost,,0.16696449644290098,2017-12-29,29659,0,0.08166155298560301,0.10077885296200141,2989,retain,5,-0.3658963397973235,-1.0527888576883744,2989,2989,-0.9111367460359107,2989,-1.2671999559245373,2592,30.388758782201407,986.8858356653967,31.0,612.0,0.7472605280016185,29659,116.0,2002.0,0.004113422569877609,4.900112624591474,3.525818526534617,2989,2989,3.809328669363787,2989,3.032591953232767,2592,0.8992211470379986,0
KGHM,50,xgboost,,0.12293396735697139,all,87063,0,0.06892709876755912,0.08438716791289066,7347,reset,0,-0.4593071440481702,-1.0500752994826432,7338,7347,-0.8253592140317323,7347,-1.2828941578855098,7347,31.224853681774874,1623.4312049894904,32.0,779.0,0.8051870484591618,87063,207.0,2778.0,0.0029518854163077314,3.974593831074108,2.7934929968276756,7338,7347,3.242480020157023,7347,2.3271485713020024,7347,0.9156128320871093,0
KGHM,50,xgboost,,0.08884316006083923,2017-12-27,22354,0,0.066341594345531,0.0773016015030867,1728,reset,0,-0.7250428565347685,-0.8288039745053563,1719,1728,-0.7744010105835071,1728,-0.9772369641063875,1728,32.31886574074074,3144.0514001968327,33.0,1091.0,0.8439205511317884,22354,325.0,14309.0,0.0008946944618412812,2.434813506038692,2.224403664042663,1719,1728,2.336149074225402,1728,1.930533949114262,1728,0.9226983984969133,0
KGHM,50,xgboost,,0.11897289586305278,2017-12-28,35050,0,0.06704707560627675,0.08487874465049929,2975,reset,0,-0.4109687230347253,-1.1653331918711547,2975,2975,-0.7805753394276852,2975,-1.4051300568586589,2975,30.97546218487395,1141.9661911554922,32.0,696.0,0.8101854493580599,35050,208.0,2114.0,0.0037945791726105562,3.9309000520216366,2.422297066906823,2975,2975,3.191879662548312,2975,1.942481002533508,2975,0.9151212553495007,0
KGHM,50,xgboost,,0.15330928217404496,2017-12-29,29659,0,0.07309754206143161,0.0891466333996426,2644,reset,0,-0.34002404697485583,-1.0642482108972176,2644,2644,-0.9090535417569869,2644,-1.3451195101567666,2644,30.790468986384266,1046.3181833507535,31.0,650.0,0.770086651606595,29659,150.0,2065.0,0.0035065241579284533,5.030089063427474,3.581152775410118,2644,2644,3.891752311554813,2644,3.019181886062474,2644,0.9108533666003574,0
KGHM,50,xgboost,,0.12651757922423992,all,87063,0,0.07101753902346576,0.08728162365183832,7599,reset,1,-0.4403085131246208,-1.032677854799024,7589,7599,-0.8042193385313537,7599,-1.2508187578832752,7379,30.96446900908014,1604.1196949335538,32.0,766.0,0.7994096229167384,87063,197.0,2756.0,0.003055258835555862,3.952889304894664,2.768548548157112,7589,7599,3.2250566856461793,7599,2.3055120715193094,7379,0.9127183763481617,0
KGHM,50,xgboost,,0.09121410038471862,2017-12-27,22354,0,0.06804151382302943,0.0795383376576899,1778,reset,1,-0.7109176292011691,-0.8221620871374812,1768,1778,-0.7701484160344553,1778,-0.9609081333937781,1720,32.08042744656918,3113.51489666279,33.0,1069.0,0.8397154871611345,22354,314.3000000000002,14081.000000000015,0.0010288986311174735,2.434154881711286,2.208377171565254,1768,1778,2.3157430634216656,1778,1.918804212189641,1720,0.9204616623423101,0
KGHM,50,xgboost,,0.12353780313837376,2017-12-28,35050,0,0.0694151212553495,0.08833095577746077,3096,reset,1,-0.3755201256647385,-1.1269310788461222,3096,3096,-0.7306950780161857,3096,-1.3456881980426862,3014,30.583333333333332,1125.3217403708986,31.0,687.0,0.8031669044222539,35050,200.0,2111.0,0.0038801711840228247,3.8803584630455226,2.377662359968846,3096,3096,3.170194199259109,3096,1.9052878847286712,3014,0.9116690442225392,0
KGHM,50,xgboost,,0.15664722343976534,2017-12-29,29659,0,0.07515425334637041,0.09187767625341381,2725,reset,1,-0.3373513898922146,-1.0621765320745444,2725,2725,-0.9099841865146365,2725,-1.3312383350029235,2645,30.669357798165137,1032.3151151421155,31.0,645.0,0.7645908493206109,29659,145.0,2021.0,0.0036076738932533125,5.026234365733193,3.5760959362104234,2725,2725,3.8806948060753754,2725,3.0130406979971966,2645,0.9081223237465862,0
KGHM,50,xgboost,,0.1370961257939653,all,87063,0,0.07687536611419317,0.09506908790186416,8277,reset,5,-0.4481919935382513,-1.0136262089758263,8263,8277,-0.782268755862384,8277,-1.1554280273616508,7180,30.55261568201039,1543.8944212811411,31.0,729.0,0.7825138118374051,87063,155.0,2560.2000000000116,0.0035146962544364427,3.8393337024777003,2.7088300952728104,8263,8277,3.171148226289491,8277,2.3496929505095334,7180,0.9049309120981358,0
KGHM,50,xgboost,,0.09984790194148699,2017-12-27,22354,0,0.07162029167039456,0.0846380960901852,1892,reset,5,-0.7247593673593236,-0.8176897396636957,1878,1892,-0.751860169130682,1892,-0.8906825475353073,1589,31.85940803382664,3014.1289702066742,33.0,1048.0,0.8269213563568042,22354,261.0,13567.0,0.0016104500313143062,2.313208690029043,2.1222684691204927,1878,1892,2.2590246673540846,1892,1.8916612469560847,1589,0.9153619039098148,0
KGHM,50,xgboost,,0.13557774607703282,2017-12-28,35050,0,0.07617689015691868,0.09689015691868759,3396,reset,5,-0.36654188687222194,-1.0875106413569735,3396,3396,-0.6857866072957497,3396,-1.199098493720123,2999,29.968786808009423,1077.5518972895863,31.0,650.0,0.7840228245363766,35050,160.0,2067.0,0.004222539229671897,3.755929793571572,2.314125829334209,3396,3396,3.11761949518134,3396,2.0021564923194064,2999,0.9031098430813124,0
KGHM,50,xgboost,,0.16696449644290098,2017-12-29,29659,0,0.08166155298560301,0.10077885296200141,2989,reset,5,-0.3658963397973235,-1.0527888576883744,2989,2989,-0.9111367460359107,2989,-1.2671999559245373,2592,30.388758782201407,986.8858356653967,31.0,612.0,0.7472605280016185,29659,116.0,2002.0,0.004113422569877609,4.900112624591474,3.525818526534617,2989,2989,3.809328669363787,2989,3.032591953232767,2592,0.8992211470379986,0
PEKAO,10,linear,,0.03029315960912052,all,42980,0,0.008189855746859005,0.009027454630060494,388,retain,0,-0.18449917096349294,-0.5298259773865135,388,388,-0.4223746885594345,388,-0.13540155627481515,388,7.850515463917525,936.4866914844114,8.0,704.0,0.9614239181014426,42980,205.0,1672.0,9.306654257794323e-05,3.824652133515024,3.1341732571958247,388,388,3.348909240610765,388,3.9228646651808887,388,0.9909725453699395,0
PEKAO,10,linear,,0.01727687104837524,2017-12-27,13602,0,0.008601676224084693,0.009410380826349067,128,retain,0,-0.15399941029843317,-0.5675854114469121,128,128,-0.2618026060032133,128,-0.10822564463187488,128,8.1015625,878.2113659755918,8.0,721.0,0.97412145272754,13602,223.0,1631.0,0.0,3.793057069659874,2.9656445449729274,128,128,3.577311974119764,128,3.884634309023185,128,0.990589619173651,0
PEKAO,10,linear,,0.03752448579823702,2017-12-28,16336,0,0.010161606268364348,0.011447110675808031,187,retain,0,-0.2372755813725202,-0.29676174267845695,187,187,-0.36525184462343374,187,-0.13192790994107126,187,7.524064171122995,986.6432419196866,8.0,767.0,0.9523139079333987,16336,251.0,1702.0,0.0,3.2326789727412786,3.1140662416741796,187,187,2.976794826916993,187,3.4433827076828813,187,0.9885528893241919,0
PEKAO,10,linear,,0.03481061186934519,2017-12-29,13042,0,0.005290599601288146,0.0055973010274497775,73,retain,0,-0.1027838369722536,-1.0606452147930276,73,73,-0.8502541184666733,73,-0.19195071455846532,73,8.246575342465754,934.4397331697593,9.0,590.0,0.959592087103205,13042,159.0,1715.0,0.00030670142616163164,5.396476095681457,3.4811826690736116,73,73,3.9016468498105423,73,5.2181607150481994,73,0.9944026989725502,0
PEKAO,10,linear,,0.03187529083294555,all,42980,0,0.00932992089343881,0.010446719404374128,449,retain,1,-0.16283262140557975,-0.47843381187414646,449,449,-0.39927823313159444,449,-0.040855956566208045,344,7.6815144766147,920.7729409027455,8.0,686.0,0.9586551884597487,42980,189.0,1663.0,0.00013959981386691485,3.7172650008069192,3.086220293418818,449,449,3.2443759874177935,449,3.770335914652164,344,0.9895532805956259,0
PEKAO,10,linear,,0.018232612851051315,2017-12-27,13602,0,0.009777973827378326,0.010660197029848552,145,retain,1,-0.0954924517420373,-0.48758918965042203,145,145,-0.20405459755819932,145,-0.000976116928018793,113,7.848275862068966,865.0459491251287,8.0,710.0,0.9719894133215704,13602,209.0,1629.0,0.0,3.7265046095524355,2.942114615176237,145,145,3.509252669483409,145,3.811574623151634,113,0.9893398029701514,0
PEKAO,10,linear,,0.04003428011753183,2017-12-28,16336,0,0.0116307541625857,0.01346718903036239,220,retain,1,-0.2683984583545209,-0.27158108796739694,220,220,-0.38069798271041805,220,-0.11296711454905385,174,7.3954545454545455,969.405362389814,8.0,744.5,0.9482737512242899,16336,232.0,1677.0,6.121449559255632e-05,3.1445231164003986,3.1384632016322556,220,220,2.919969032602065,220,3.2923571052375635,174,0.9865328109696376,0
PEKAO,10,linear,,0.035884066860910904,2017-12-29,13042,0,0.005980677810151817,0.006440729949394265,84,retain,1,-0.0025926270299439897,-1.0043870199922995,84,84,-0.7849339742125595,84,0.10021280851975309,57,8.142857142857142,917.977304094464,9.0,568.0,0.9577518785462352,13042,150.0,1712.0,0.00038337678270203957,5.201353944870429,3.198147478397602,84,84,3.636785644083814,84,5.1476751914539225,57,0.9935592700506057,0
PEKAO,10,linear,,0.03529548627268497,all,42980,0,0.01170311772917636,0.01326198231735691,570,retain,5,-0.22938047428832742,-0.6414234561207671,570,570,-0.5620109079383964,570,0.3269722797946853,97,7.6192982456140355,874.4633317822243,8.0,636.0,0.9526291298278269,42980,141.0,1643.0,0.00037226617031177293,3.1062148074440628,2.2822095057379888,570,570,2.4409245678740974,570,3.274116080177173,97,0.9867380176826431,0
PEKAO,10,linear,,0.02095280105866784,2017-12-27,13602,0,0.012424643434789,0.013159829436847523,179,retain,5,-0.1543553793121901,-0.723418851337998,179,179,-0.46069501125585627,179,0.2548882236462489,23,7.832402234636872,819.6057932656962,8.0,664.0,0.9666225555065432,13602,155.0,1592.0,0.0,3.5430378017618436,2.404670557073105,179,179,2.930161432196847,179,4.084343182113225,23,0.9868401705631524,0
PEKAO,10,linear,,0.0431562193927522,2017-12-28,16336,0,0.01444662095984329,0.017140058765915768,280,retain,5,-0.4178613022251882,-0.48516396900639436,280,280,-0.5847494501319791,280,0.3079109875459788,59,7.371428571428571,921.9967556317335,8.0,715.0,0.9419686581782566,16336,159.0,1659.0,0.0004285014691478942,2.390599368750638,2.256208734819059,280,280,2.056859786719994,280,2.6574044143026376,59,0.9828599412340843,0
PEKAO,10,linear,,0.04040791289679497,2017-12-29,13042,0,0.007514184940959976,0.008510964575985278,111,retain,5,0.12508024482511781,-0.9033647232211282,111,111,-0.6680357159741751,111,0.5124755820672002,15,7.900900900900901,872.1374789142769,8.0,510.0,0.9513878239533814,13042,122.0,1657.0,0.0006900782088636713,4.206944598896999,2.150314800047129,111,111,2.6207870904810933,111,4.4575004096484045,15,0.9914890354240147,0
PEKAO,10,linear,,0.03029315960912052,all,42980,0,0.008189855746859005,0.009027454630060494,388,reset,0,-0.18449917096349294,-0.5298259773865135,388,388,-0.4223746885594345,388,-0.13540155627481515,388,7.850515463917525,936.4866914844114,8.0,704.0,0.9614239181014426,42980,205.0,1672.0,9.306654257794323e-05,3.824652133515024,3.1341732571958247,388,388,3.348909240610765,388,3.9228646651808887,388,0.9909725453699395,0
PEKAO,10,linear,,0.01727687104837524,2017-12-27,13602,0,0.008601676224084693,0.009410380826349067,128,reset,0,-0.15399941029843317,-0.5675854114469121,128,128,-0.2618026060032133,128,-0.10822564463187488,128,8.1015625,878.2113659755918,8.0,721.0,0.97412145272754,13602,223.0,1631.0,0.0,3.793057069659874,2.9656445449729274,128,128,3.577311974119764,128,3.884634309023185,128,0.990589619173651,0
PEKAO,10,linear,,0.03752448579823702,2017-12-28,16336,0,0.010161606268364348,0.011447110675808031,187,reset,0,-0.2372755813725202,-0.29676174267845695,187,187,-0.36525184462343374,187,-0.13192790994107126,187,7.524064171122995,986.6432419196866,8.0,767.0,0.9523139079333987,16336,251.0,1702.0,0.0,3.2326789727412786,3.1140662416741796,187,187,2.976794826916993,187,3.4433827076828813,187,0.9885528893241919,0
PEKAO,10,linear,,0.03481061186934519,2017-12-29,13042,0,0.005290599601288146,0.0055973010274497775,73,reset,0,-0.1027838369722536,-1.0606452147930276,73,73,-0.8502541184666733,73,-0.19195071455846532,73,8.246575342465754,934.4397331697593,9.0,590.0,0.959592087103205,13042,159.0,1715.0,0.00030670142616163164,5.396476095681457,3.4811826690736116,73,73,3.9016468498105423,73,5.2181607150481994,73,0.9944026989725502,0
PEKAO,10,linear,,0.03187529083294555,all,42980,0,0.00932992089343881,0.010446719404374128,449,reset,1,-0.16283262140557975,-0.47843381187414646,449,449,-0.39927823313159444,449,-0.040855956566208045,344,7.6815144766147,920.7729409027455,8.0,686.0,0.9586551884597487,42980,189.0,1663.0,0.00013959981386691485,3.7172650008069192,3.086220293418818,449,449,3.2443759874177935,449,3.770335914652164,344,0.9895532805956259,0
PEKAO,10,linear,,0.018232612851051315,2017-12-27,13602,0,0.009777973827378326,0.010660197029848552,145,reset,1,-0.0954924517420373,-0.48758918965042203,145,145,-0.20405459755819932,145,-0.000976116928018793,113,7.848275862068966,865.0459491251287,8.0,710.0,0.9719894133215704,13602,209.0,1629.0,0.0,3.7265046095524355,2.942114615176237,145,145,3.509252669483409,145,3.811574623151634,113,0.9893398029701514,0
PEKAO,10,linear,,0.04003428011753183,2017-12-28,16336,0,0.0116307541625857,0.01346718903036239,220,reset,1,-0.2683984583545209,-0.27158108796739694,220,220,-0.38069798271041805,220,-0.11296711454905385,174,7.3954545454545455,969.405362389814,8.0,744.5,0.9482737512242899,16336,232.0,1677.0,6.121449559255632e-05,3.1445231164003986,3.1384632016322556,220,220,2.919969032602065,220,3.2923571052375635,174,0.9865328109696376,0
PEKAO,10,linear,,0.035884066860910904,2017-12-29,13042,0,0.005980677810151817,0.006440729949394265,84,reset,1,-0.0025926270299439897,-1.0043870199922995,84,84,-0.7849339742125595,84,0.10021280851975309,57,8.142857142857142,917.977304094464,9.0,568.0,0.9577518785462352,13042,150.0,1712.0,0.00038337678270203957,5.201353944870429,3.198147478397602,84,84,3.636785644083814,84,5.1476751914539225,57,0.9935592700506057,0
PEKAO,10,linear,,0.03529548627268497,all,42980,0,0.01170311772917636,0.01326198231735691,570,reset,5,-0.22938047428832742,-0.6414234561207671,570,570,-0.5620109079383964,570,0.3269722797946853,97,7.6192982456140355,874.4633317822243,8.0,636.0,0.9526291298278269,42980,141.0,1643.0,0.00037226617031177293,3.1062148074440628,2.2822095057379888,570,570,2.4409245678740974,570,3.274116080177173,97,0.9867380176826431,0
PEKAO,10,linear,,0.02095280105866784,2017-12-27,13602,0,0.012424643434789,0.013159829436847523,179,reset,5,-0.1543553793121901,-0.723418851337998,179,179,-0.46069501125585627,179,0.2548882236462489,23,7.832402234636872,819.6057932656962,8.0,664.0,0.9666225555065432,13602,155.0,1592.0,0.0,3.5430378017618436,2.404670557073105,179,179,2.930161432196847,179,4.084343182113225,23,0.9868401705631524,0
PEKAO,10,linear,,0.0431562193927522,2017-12-28,16336,0,0.01444662095984329,0.017140058765915768,280,reset,5,-0.4178613022251882,-0.48516396900639436,280,280,-0.5847494501319791,280,0.3079109875459788,59,7.371428571428571,921.9967556317335,8.0,715.0,0.9419686581782566,16336,159.0,1659.0,0.0004285014691478942,2.390599368750638,2.256208734819059,280,280,2.056859786719994,280,2.6574044143026376,59,0.9828599412340843,0
PEKAO,10,linear,,0.04040791289679497,2017-12-29,13042,0,0.007514184940959976,0.008510964575985278,111,reset,5,0.12508024482511781,-0.9033647232211282,111,111,-0.6680357159741751,111,0.5124755820672002,15,7.900900900900901,872.1374789142769,8.0,510.0,0.9513878239533814,13042,122.0,1657.0,0.0006900782088636713,4.206944598896999,2.150314800047129,111,111,2.6207870904810933,111,4.4575004096484045,15,0.9914890354240147,0
PEKAO,10,xgboost,,0.028990228013029317,all,42980,0,0.00765472312703583,0.008515588645881806,366,retain,0,-0.23548717811662365,-0.6528939839200382,366,366,-0.5233555123863501,366,-0.18003595394776276,366,7.80327868852459,928.4562121917171,8.0,692.0,0.9631921824104235,42980,203.0,1663.0,0.00016286644951140066,3.5365658544424896,2.701990429145835,366,366,2.960882167461281,366,3.6474949745371363,366,0.9914844113541182,0
PEKAO,10,xgboost,,0.01698279664755183,2017-12-27,13602,0,0.00808704602264373,0.00882223202470225,120,retain,0,-0.16419516870675074,-0.7041390597252946,120,120,-0.426904124096459,120,-0.23031240592764016,120,8.108333333333333,870.9166299073665,8.0,711.0,0.9748566387295986,13602,216.0,1630.0,7.351860020585208e-05,3.36078876032343,2.280631448456128,120,120,2.835216247300111,120,3.228592385276207,120,0.9911777679752978,0
PEKAO,10,xgboost,,0.03623898139079334,2017-12-28,16336,0,0.009977962781586679,0.011324681684622919,185,retain,0,-0.24610069330730838,-0.3145722649224105,185,185,-0.3420359218910447,185,-0.08742961016100631,185,7.443243243243243,978.9853697355534,8.0,754.0,0.9537218413320274,16336,248.0,1696.0,6.121449559255632e-05,3.321961525817106,3.185412208900649,185,185,3.1301889099570004,185,3.6393316951054326,185,0.988675318315377,0
PEKAO,10,xgboost,,0.032433675816592546,2017-12-29,13042,0,0.004293819966262843,0.004677196748964883,61,retain,0,-0.34354522432823137,-1.5781416710992238,61,61,-1.2629996244587838,61,-0.3619867631766918,61,8.295081967213115,925.1752031896948,9.0,556.0,0.9628891274344425,13042,159.0,1712.0,0.00038337678270203957,4.5332060526389375,2.064778108295415,61,61,2.694622545455255,61,4.496323128736754,61,0.9953228032510352,0
PEKAO,10,xgboost,,0.030549092601209867,all,42980,0,0.008538855281526292,0.009585853885528153,412,retain,1,-0.20999151498418228,-0.5909647277567864,412,412,-0.4899940265364418,412,-0.09726651003028877,317,7.730582524271845,914.325919032108,8.0,672.0,0.9607491856677525,42980,187.0,1661.0,0.00016286644951140066,3.507672273306742,2.745939574226126,412,412,2.9477109462450293,412,3.5396546715930155,317,0.9904141461144719,0
PEKAO,10,xgboost,,0.01808557565063961,2017-12-27,13602,0,0.008895750624908102,0.009704455227172474,132,retain,1,-0.10468093769626534,-0.5806463105651453,132,132,-0.34340211625798994,132,-0.1145436491636442,104,7.886363636363637,860.271798264961,8.0,701.0,0.9729451551242464,13602,210.0,1619.0,7.351860020585208e-05,3.292890268718047,2.3407435147661357,132,132,2.8153074467051358,132,3.1237701475590285,104,0.9902955447728276,0
PEKAO,10,xgboost,,0.038136630754162584,2017-12-28,16336,0,0.01114103819784525,0.012855044074436826,210,retain,1,-0.26279472199471754,-0.31761183068714843,210,210,-0.36019268946406346,210,-0.09978484253733876,166,7.466666666666667,963.629346229187,8.0,740.0,0.9506611165523996,16336,232.0,1677.0,6.121449559255632e-05,3.275914777464829,3.1666157982650045,210,210,3.0811849840390506,210,3.4138334491717615,166,0.9871449559255632,0
PEKAO,10,xgboost,,0.03404385830394111,2017-12-29,13042,0,0.004907222818586106,0.005367274957828554,70,retain,1,-0.2501675539812202,-1.430481005669938,70,70,-1.1558284971358,70,-0.050141708625198074,47,8.228571428571428,908.945100444717,9.0,538.0,0.9606655420947707,13042,150.0,1698.0,0.00038337678270203957,4.6079622551997375,2.2479948999483286,70,70,2.7969640034239083,70,4.904299638007124,47,0.9946327250421715,0
PEKAO,10,xgboost,,0.034830153559795254,all,42980,0,0.010749185667752443,0.012145183806421591,522,retain,5,-0.17719059160676884,-0.5744769360294788,522,522,-0.5183099483351405,522,0.3203700435499045,93,7.586206896551724,869.8431130758493,8.0,627.0,0.954071661237785,42980,141.0,1628.0,0.0003489995346672871,3.2603059137391353,2.465837202392149,522,522,2.5780475833178214,522,3.372729704694178,93,0.9878548161935784,0
PEKAO,10,xgboost,,0.021835024261138068,2017-12-27,13602,0,0.011468901632112925,0.012277606234377297,167,retain,5,-0.07107879613028799,-0.622755115462739,167,167,-0.3881204431105345,167,0.2548882236462489,23,7.7844311377245505,818.0108072342302,8.0,661.0,0.9666225555065432,13602,155.0,1592.0,7.351860020585208e-05,3.3761465152690877,2.2725639469564767,167,167,2.741865761522443,167,3.7441376980008396,23,0.9877223937656227,0
PEKAO,10,xgboost,,0.04248285994123408,2017-12-28,16336,0,0.013589618021547503,0.015915768854064642,260,retain,5,-0.37129617582598357,-0.40518391053755853,260,260,-0.5435929201944253,260,0.3079059312787192,59,7.296153846153846,916.8671645445642,8.0,712.0,0.943560235063663,16336,163.0,1628.0,0.0003672869735553379,2.6785129189214567,2.610971383505106,260,260,2.3339636587840067,260,2.840759832201849,59,0.9840842311459354,0
PEKAO,10,xgboost,,0.0387977304094464,2017-12-29,13042,0,0.006440729949394265,0.007284158871338752,95,retain,5,0.1675123773661104,-0.9529372587931084,95,95,-0.6779738924308789,95,0.5241395418939058,11,8.031578947368422,865.000153350713,8.0,500.0,0.954148136788836,13042,118.0,1655.0,0.0006134028523232633,4.648945894761184,2.408381903112029,95,95,2.9580916319348707,95,5.4494423075118315,11,0.9927158411286613,0
PEKAO,10,xgboost,,0.028990228013029317,all,42980,0,0.00765472312703583,0.008515588645881806,366,reset,0,-0.23548717811662365,-0.6528939839200382,366,366,-0.5233555123863501,366,-0.18003595394776276,366,7.80327868852459,928.4562121917171,8.0,692.0,0.9631921824104235,42980,203.0,1663.0,0.00016286644951140066,3.5365658544424896,2.701990429145835,366,366,2.960882167461281,366,3.6474949745371363,366,0.9914844113541182,0
PEKAO,10,xgboost,,0.01698279664755183,2017-12-27,13602,0,0.00808704602264373,0.00882223202470225,120,reset,0,-0.16419516870675074,-0.7041390597252946,120,120,-0.426904124096459,120,-0.23031240592764016,120,8.108333333333333,870.9166299073665,8.0,711.0,0.9748566387295986,13602,216.0,1630.0,7.351860020585208e-05,3.36078876032343,2.280631448456128,120,120,2.835216247300111,120,3.228592385276207,120,0.9911777679752978,0
PEKAO,10,xgboost,,0.03623898139079334,2017-12-28,16336,0,0.009977962781586679,0.011324681684622919,185,reset,0,-0.24610069330730838,-0.3145722649224105,185,185,-0.3420359218910447,185,-0.08742961016100631,185,7.443243243243243,978.9853697355534,8.0,754.0,0.9537218413320274,16336,248.0,1696.0,6.121449559255632e-05,3.321961525817106,3.185412208900649,185,185,3.1301889099570004,185,3.6393316951054326,185,0.988675318315377,0
PEKAO,10,xgboost,,0.032433675816592546,2017-12-29,13042,0,0.004293819966262843,0.004677196748964883,61,reset,0,-0.34354522432823137,-1.5781416710992238,61,61,-1.2629996244587838,61,-0.3619867631766918,61,8.295081967213115,925.1752031896948,9.0,556.0,0.9628891274344425,13042,159.0,1712.0,0.00038337678270203957,4.5332060526389375,2.064778108295415,61,61,2.694622545455255,61,4.496323128736754,61,0.9953228032510352,0
PEKAO,10,xgboost,,0.030549092601209867,all,42980,0,0.008538855281526292,0.009585853885528153,412,reset,1,-0.20999151498418228,-0.5909647277567864,412,412,-0.4899940265364418,412,-0.09726651003028877,317,7.730582524271845,914.325919032108,8.0,672.0,0.9607491856677525,42980,187.0,1661.0,0.00016286644951140066,3.507672273306742,2.745939574226126,412,412,2.9477109462450293,412,3.5396546715930155,317,0.9904141461144719,0
PEKAO,10,xgboost,,0.01808557565063961,2017-12-27,13602,0,0.008895750624908102,0.009704455227172474,132,reset,1,-0.10468093769626534,-0.5806463105651453,132,132,-0.34340211625798994,132,-0.1145436491636442,104,7.886363636363637,860.271798264961,8.0,701.0,0.9729451551242464,13602,210.0,1619.0,7.351860020585208e-05,3.292890268718047,2.3407435147661357,132,132,2.8153074467051358,132,3.1237701475590285,104,0.9902955447728276,0
PEKAO,10,xgboost,,0.038136630754162584,2017-12-28,16336,0,0.01114103819784525,0.012855044074436826,210,reset,1,-0.26279472199471754,-0.31761183068714843,210,210,-0.36019268946406346,210,-0.09978484253733876,166,7.466666666666667,963.629346229187,8.0,740.0,0.9506611165523996,16336,232.0,1677.0,6.121449559255632e-05,3.275914777464829,3.1666157982650045,210,210,3.0811849840390506,210,3.4138334491717615,166,0.9871449559255632,0
PEKAO,10,xgboost,,0.03404385830394111,2017-12-29,13042,0,0.004907222818586106,0.005367274957828554,70,reset,1,-0.2501675539812202,-1.430481005669938,70,70,-1.1558284971358,70,-0.050141708625198074,47,8.228571428571428,908.945100444717,9.0,538.0,0.9606655420947707,13042,150.0,1698.0,0.00038337678270203957,4.6079622551997375,2.2479948999483286,70,70,2.7969640034239083,70,4.904299638007124,47,0.9946327250421715,0
PEKAO,10,xgboost,,0.034830153559795254,all,42980,0,0.010749185667752443,0.012145183806421591,522,reset,5,-0.17719059160676884,-0.5744769360294788,522,522,-0.5183099483351405,522,0.3203700435499045,93,7.586206896551724,869.8431130758493,8.0,627.0,0.954071661237785,42980,141.0,1628.0,0.0003489995346672871,3.2603059137391353,2.465837202392149,522,522,2.5780475833178214,522,3.372729704694178,93,0.9878548161935784,0
PEKAO,10,xgboost,,0.021835024261138068,2017-12-27,13602,0,0.011468901632112925,0.012277606234377297,167,reset,5,-0.07107879613028799,-0.622755115462739,167,167,-0.3881204431105345,167,0.2548882236462489,23,7.7844311377245505,818.0108072342302,8.0,661.0,0.9666225555065432,13602,155.0,1592.0,7.351860020585208e-05,3.3761465152690877,2.2725639469564767,167,167,2.741865761522443,167,3.7441376980008396,23,0.9877223937656227,0
PEKAO,10,xgboost,,0.04248285994123408,2017-12-28,16336,0,0.013589618021547503,0.015915768854064642,260,reset,5,-0.37129617582598357,-0.40518391053755853,260,260,-0.5435929201944253,260,0.3079059312787192,59,7.296153846153846,916.8671645445642,8.0,712.0,0.943560235063663,16336,163.0,1628.0,0.0003672869735553379,2.6785129189214567,2.610971383505106,260,260,2.3339636587840067,260,2.840759832201849,59,0.9840842311459354,0
PEKAO,10,xgboost,,0.0387977304094464,2017-12-29,13042,0,0.006440729949394265,0.007284158871338752,95,reset,5,0.1675123773661104,-0.9529372587931084,95,95,-0.6779738924308789,95,0.5241395418939058,11,8.031578947368422,865.000153350713,8.0,500.0,0.954148136788836,13042,118.0,1655.0,0.0006134028523232633,4.648945894761184,2.408381903112029,95,95,2.9580916319348707,95,5.4494423075118315,11,0.9927158411286613,0
PEKAO,20,linear,,0.057764842840512226,all,42950,0,0.03611175785797439,0.04032596041909197,1732,retain,0,-0.32468483485402333,-0.9394828954770151,1732,1732,-0.8496434711781552,1732,-0.701344563975994,1732,13.978060046189377,936.6909662398137,14.0,704.0,0.9052153667054714,42950,205.0,1672.0,0.0009080325960419092,3.701906464330304,2.4723462012404522,1732,1732,2.6520347070439634,1732,2.9486705253978243,1732,0.959674039580908,0
PEKAO,20,linear,,0.0336962919364332,2017-12-27,13592,0,0.03980282519128899,0.0429664508534432,584,retain,0,-0.04758968364933778,-0.7019184485153108,584,584,-0.49750171856610503,584,-0.45705268487877365,584,14.01541095890411,878.6184520306062,14.0,722.0,0.9262801648028252,13592,223.0,1631.0,0.00022071806945261918,3.8772888250929656,2.568385497966358,584,584,2.977270071740945,584,3.0582221095903144,584,0.9570335491465568,0
PEKAO,20,linear,,0.06707092980521867,2017-12-28,16326,0,0.03914002205071665,0.044958961166237904,734,retain,0,-0.3728607298118769,-0.6892624612113636,734,734,-0.7331568439283443,734,-0.5952774256363924,734,13.726158038147139,986.635611907387,14.0,767.0,0.8928090162930296,16326,251.0,1702.0,0.0009800318510351587,3.3117546322783302,2.679191300333414,734,734,2.5913338062137417,734,2.867138846822227,734,0.9550410388337621,0
PEKAO,20,linear,,0.07120933087783916,2017-12-29,13032,0,0.028468385512584408,0.031767955801104975,414,retain,0,-0.6301497174735208,-1.7182254939712753,414,414,-1.5529090941897457,414,-1.2340009333818973,414,14.371980676328503,934.6901473296501,15.0,590.0,0.8987875997544506,13032,159.0,1715.0,0.001534683855125844,4.146225657665458,1.9701451093994793,414,414,2.3008680602476974,414,2.938685324687857,414,0.9682320441988951,0
PEKAO,20,linear,,0.06016298020954598,all,42950,0,0.03806752037252619,0.04286379511059371,1841,retain,1,-0.3115565909702249,-0.88811406953813,1841,1841,-0.8052309929821108,1841,-0.647766674352583,1686,13.7729494839761,920.9613736903376,14.0,686.0,0.900721769499418,42950,188.0,1663.0,0.0010477299185098952,3.594951337836373,2.4418690662951428,1841,1841,2.607642535190338,1841,2.932595181794475,1686,0.9571362048894063,0
PEKAO,20,linear,,0.03553560918187169,2017-12-27,13592,0,0.04201000588581519,0.04554149499705709,619,retain,1,-0.044938515920085395,-0.6749492147318336,619,619,-0.47572984426108966,619,-0.41192994264576904,567,13.903069466882068,865.3833872866392,14.0,711.0,0.9222336668628606,13592,209.0,1629.0,0.00022071806945261918,3.7212413730558564,2.4609955383861672,619,619,2.859478814579619,619,3.018582707044669,567,0.9544585050029429,0
PEKAO,20,linear,,0.07037853730246232,2017-12-28,16326,0,0.04152884968761485,0.048266568663481564,788,retain,1,-0.35514003993088317,-0.629775581851615,788,788,-0.6829114468028219,788,-0.539200083973545,723,13.440355329949238,969.4275388950141,14.0,743.0,0.8868675731961289,16326,232.5,1678.0,0.0012250398137939483,3.2652724442183514,2.716217513304999,788,788,2.609878889769313,788,2.8766677251965125,723,0.9517334313365184,0
PEKAO,20,linear,,0.07305095150399017,2017-12-29,13032,0,0.02961939840392879,0.033302639656230815,434,retain,1,-0.6126921455210029,-1.6612011050728561,434,434,-1.4972794110641188,434,-1.1836582696096736,396,14.191244239631336,918.2110190300798,15.0,561.0,0.8956414978514426,13032,150.0,1712.0,0.0016881522406384285,4.0134154769380785,1.916463853234977,434,434,2.244396211802788,434,2.9115866573082783,396,0.9666973603437692,0
PEKAO,20,linear,,0.06463329452852154,all,42950,0,0.042933643771827706,0.048661233993015134,2090,retain,5,-0.29607902478416764,-0.8604967405970241,2090,2090,-0.7548001420034633,2090,-0.5435437238555745,1281,13.512918660287081,874.6729685681024,14.0,637.0,0.8911757857974388,42950,141.0,1648.0,0.0012572759022118742,3.263563349654624,2.1347486122438863,2090,2090,2.3461514184476027,2090,2.8633977901186465,1281,0.9513387660069849,0
PEKAO,20,linear,,0.04039140670982931,2017-12-27,13592,0,0.050029429075927015,0.053560918187168925,728,retain,5,-0.09491098190637651,-0.6898651131576699,728,728,-0.5230566935817682,728,-0.38122196559931404,417,13.909340659340659,819.9072248381401,15.0,666.0,0.9094320188346086,13592,155.0,1592.0,0.00014714537963507945,3.25541185553598,2.065332946924791,728,728,2.3989865444896448,728,2.9957584808263045,417,0.9464390818128311,0
PEKAO,20,linear,,0.07484993262281024,2017-12-28,16326,0,0.046551512924170035,0.054881783657968884,896,retain,5,-0.3360931840346217,-0.646989583299524,896,896,-0.6303960945374619,896,-0.4887422416818191,579,13.0625,922.1285679284576,13.0,715.0,0.877128506676467,16326,159.5,1659.0,0.001470047776552738,3.0380547572758343,2.416440878400464,896,896,2.44957338066344,896,2.6582348610752593,579,0.9451182163420311,0
PEKAO,20,linear,,0.07711786372007366,2017-12-29,13032,0,0.03100061387354205,0.035758133824432166,466,retain,5,-0.5334130344979556,-1.5375830876236545,466,466,-1.3560345990432303,466,-0.8923796234045747,285,13.759656652360515,872.3414671577655,14.0,509.0,0.8897329650092081,13032,122.0,1657.0,0.002148557397176182,3.709893792765715,1.7015690712052758,466,466,2.064756461572072,466,3.086537887981902,285,0.9642418661755678,0
PEKAO,20,linear,,0.057764842840512226,all,42950,0,0.03611175785797439,0.04032596041909197,1732,reset,0,-0.32468483485402333,-0.9394828954770151,1732,1732,-0.8496434711781552,1732,-0.701344563975994,1732,13.978060046189377,936.6909662398137,14.0,704.0,0.9052153667054714,42950,205.0,1672.0,0.0009080325960419092,3.701906464330304,2.4723462012404522,1732,1732,2.6520347070439634,1732,2.9486705253978243,1732,0.959674039580908,0
PEKAO,20,linear,,0.0336962919364332,2017-12-27,13592,0,0.03980282519128899,0.0429664508534432,584,reset,0,-0.04758968364933778,-0.7019184485153108,584,584,-0.49750171856610503,584,-0.45705268487877365,584,14.01541095890411,878.6184520306062,14.0,722.0,0.9262801648028252,13592,223.0,1631.0,0.00022071806945261918,3.8772888250929656,2.568385497966358,584,584,2.977270071740945,584,3.0582221095903144,584,0.9570335491465568,0
PEKAO,20,linear,,0.06707092980521867,2017-12-28,16326,0,0.03914002205071665,0.044958961166237904,734,reset,0,-0.3728607298118769,-0.6892624612113636,734,734,-0.7331568439283443,734,-0.5952774256363924,734,13.726158038147139,986.635611907387,14.0,767.0,0.8928090162930296,16326,251.0,1702.0,0.0009800318510351587,3.3117546322783302,2.679191300333414,734,734,2.5913338062137417,734,2.867138846822227,734,0.9550410388337621,0
PEKAO,20,linear,,0.07120933087783916,2017-12-29,13032,0,0.028468385512584408,0.031767955801104975,414,reset,0,-0.6301497174735208,-1.7182254939712753,414,414,-1.5529090941897457,414,-1.2340009333818973,414,14.371980676328503,934.6901473296501,15.0,590.0,0.8987875997544506,13032,159.0,1715.0,0.001534683855125844,4.146225657665458,1.9701451093994793,414,414,2.3008680602476974,414,2.938685324687857,414,0.9682320441988951,0
PEKAO,20,linear,,0.06016298020954598,all,42950,0,0.03806752037252619,0.04286379511059371,1841,reset,1,-0.3115565909702249,-0.88811406953813,1841,1841,-0.8052309929821108,1841,-0.647766674352583,1686,13.7729494839761,920.9613736903376,14.0,686.0,0.900721769499418,42950,188.0,1663.0,0.0010477299185098952,3.594951337836373,2.4418690662951428,1841,1841,2.607642535190338,1841,2.932595181794475,1686,0.9571362048894063,0
PEKAO,20,linear,,0.03553560918187169,2017-12-27,13592,0,0.04201000588581519,0.04554149499705709,619,reset,1,-0.044938515920085395,-0.6749492147318336,619,619,-0.47572984426108966,619,-0.41192994264576904,567,13.903069466882068,865.3833872866392,14.0,711.0,0.9222336668628606,13592,209.0,1629.0,0.00022071806945261918,3.7212413730558564,2.4609955383861672,619,619,2.859478814579619,619,3.018582707044669,567,0.9544585050029429,0
PEKAO,20,linear,,0.07037853730246232,2017-12-28,16326,0,0.04152884968761485,0.048266568663481564,788,reset,1,-0.35514003993088317,-0.629775581851615,788,788,-0.6829114468028219,788,-0.539200083973545,723,13.440355329949238,969.4275388950141,14.0,743.0,0.8868675731961289,16326,232.5,1678.0,0.0012250398137939483,3.2652724442183514,2.716217513304999,788,788,2.609878889769313,788,2.8766677251965125,723,0.9517334313365184,0
PEKAO,20,linear,,0.07305095150399017,2017-12-29,13032,0,0.02961939840392879,0.033302639656230815,434,reset,1,-0.6126921455210029,-1.6612011050728561,434,434,-1.4972794110641188,434,-1.1836582696096736,396,14.191244239631336,918.2110190300798,15.0,561.0,0.8956414978514426,13032,150.0,1712.0,0.0016881522406384285,4.0134154769380785,1.916463853234977,434,434,2.244396211802788,434,2.9115866573082783,396,0.9666973603437692,0
PEKAO,20,linear,,0.06463329452852154,all,42950,0,0.042933643771827706,0.048661233993015134,2090,reset,5,-0.29607902478416764,-0.8604967405970241,2090,2090,-0.7548001420034633,2090,-0.5435437238555745,1281,13.512918660287081,874.6729685681024,14.0,637.0,0.8911757857974388,42950,141.0,1648.0,0.0012572759022118742,3.263563349654624,2.1347486122438863,2090,2090,2.3461514184476027,2090,2.8633977901186465,1281,0.9513387660069849,0
PEKAO,20,linear,,0.04039140670982931,2017-12-27,13592,0,0.050029429075927015,0.053560918187168925,728,reset,5,-0.09491098190637651,-0.6898651131576699,728,728,-0.5230566935817682,728,-0.38122196559931404,417,13.909340659340659,819.9072248381401,15.0,666.0,0.9094320188346086,13592,155.0,1592.0,0.00014714537963507945,3.25541185553598,2.065332946924791,728,728,2.3989865444896448,728,2.9957584808263045,417,0.9464390818128311,0
PEKAO,20,linear,,0.07484993262281024,2017-12-28,16326,0,0.046551512924170035,0.054881783657968884,896,reset,5,-0.3360931840346217,-0.646989583299524,896,896,-0.6303960945374619,896,-0.4887422416818191,579,13.0625,922.1285679284576,13.0,715.0,0.877128506676467,16326,159.5,1659.0,0.001470047776552738,3.0380547572758343,2.416440878400464,896,896,2.44957338066344,896,2.6582348610752593,579,0.9451182163420311,0
PEKAO,20,linear,,0.07711786372007366,2017-12-29,13032,0,0.03100061387354205,0.035758133824432166,466,reset,5,-0.5334130344979556,-1.5375830876236545,466,466,-1.3560345990432303,466,-0.8923796234045747,285,13.759656652360515,872.3414671577655,14.0,509.0,0.8897329650092081,13032,122.0,1657.0,0.002148557397176182,3.709893792765715,1.7015690712052758,466,466,2.064756461572072,466,3.086537887981902,285,0.9642418661755678,0
PEKAO,20,xgboost,,0.05578579743888242,all,42950,0,0.03520372526193248,0.03911525029103609,1680,retain,0,-0.2935525167773043,-0.9209542693188462,1680,1680,-0.8355145005994348,1680,-0.6651529513414256,1680,14.032142857142857,927.234016298021,15.0,686.0,0.9080791618160652,42950,203.0,1663.0,0.0009313154831199069,3.751727773316257,2.4969939238503556,1680,1680,2.667863168068646,1680,3.0086260865106103,1680,0.9608847497089639,0
PEKAO,20,xgboost,,0.033402001177163035,2017-12-27,13592,0,0.03737492642731018,0.03994997057092407,543,retain,0,-0.044018712322011,-0.6539148790529214,543,543,-0.4846422998099244,543,-0.4375423485466575,543,14.025782688766114,869.9283402001178,14.0,711.0,0.9289287816362566,13592,216.0,1630.0,0.0002942907592701589,3.866792313107207,2.646736854378329,543,543,2.985331328402062,543,3.0795979501197435,543,0.9600500294290759,0
PEKAO,20,xgboost,,0.06517211809383805,2017-12-28,16326,0,0.03981379394830332,0.04477520519416881,731,retain,0,-0.3273865456995382,-0.6936974482665635,731,731,-0.7383119263479346,731,-0.566607799757417,731,13.735978112175102,977.913940953081,14.0,754.0,0.8940340561068235,16326,250.0,1695.5,0.0009800318510351587,3.6391225017381017,2.9067435953030176,731,731,2.817459767516744,731,3.1609173597710076,731,0.9552247948058312,0
PEKAO,20,xgboost,,0.06737262124002455,2017-12-29,13032,0,0.02716390423572744,0.031154082259054635,406,retain,0,-0.5663706957848695,-1.6872772375543534,406,406,-1.4797969804185256,406,-1.146997934409084,406,14.573891625615763,923.512277470841,15.0,550.0,0.9039287906691221,13032,159.0,1704.0,0.001534683855125844,3.8005809960185877,1.5589707191494044,406,406,1.9739214802420348,406,2.639506276921669,406,0.9688459177409454,0
PEKAO,20,xgboost,,0.057951105937136205,all,42950,0,0.03688009313154831,0.04135040745052387,1776,retain,1,-0.2751859883317063,-0.8846781839263027,1776,1776,-0.7959647818634845,1776,-0.6258276281843009,1613,13.91722972972973,914.2123399301513,14.0,672.0,0.9040977881257276,42950,187.0,1661.0,0.001071012805587893,3.705475533804357,2.4865522607934976,1776,1776,2.6639679453532334,1776,3.0006069438083958,1613,0.9586495925494761,0
PEKAO,20,xgboost,,0.034947027663331375,2017-12-27,13592,0,0.03884638022366098,0.041936433195997644,570,retain,1,-0.021257700236930913,-0.6435306083926592,570,570,-0.46849523676390326,570,-0.3911794794222511,517,13.93157894736842,859.4852854620365,14.0,701.0,0.9258387286639199,13592,210.0,1619.0,0.0003678634490876986,3.821028986549314,2.576227128007851,570,570,2.9263462313022286,570,3.0905209877419395,517,0.9580635668040024,0
PEKAO,20,xgboost,,0.06774470170280535,2017-12-28,16326,0,0.04195761362244273,0.04765404875658459,778,retain,1,-0.3125646803685965,-0.652272844944334,778,778,-0.6877281383662002,778,-0.5395382797406492,709,13.59254498714653,962.5793213279431,14.0,738.0,0.8891338968516477,16326,232.0,1677.0,0.0011637878231042509,3.6178193465964217,2.938626099136122,778,778,2.867651443047871,778,3.1272417688057055,709,0.9523459512434154,0
PEKAO,20,xgboost,,0.06967464702271332,2017-12-29,13032,0,0.028468385512584408,0.03284223449969306,428,retain,1,-0.5454161327460089,-1.628289099305154,428,428,-1.4288286822084577,428,-1.0973838063665466,387,14.488317757009346,910.6987415592388,15.0,535.0,0.9001688152240639,13032,150.0,1700.0,0.0016881522406384285,3.7109219019892823,1.5453650632637255,428,428,1.9442918140510017,428,2.6484889809227754,387,0.967157765500307,0
PEKAO,20,xgboost,,0.06435389988358556,all,42950,0,0.04244470314318976,0.04810244470314319,2066,retain,5,-0.24298852605476262,-0.81768488445067,2066,2066,-0.7121609528432831,2066,-0.5018230459944852,1227,13.662633107454017,869.8203725261933,14.0,626.0,0.8919674039580908,42950,141.0,1628.0,0.0012339930151338766,3.4642079991911965,2.31484595320317,2066,2066,2.5258942869955483,2066,2.9206744287209165,1227,0.9518975552968568,0
PEKAO,20,xgboost,,0.04134785167745733,2017-12-27,13592,0,0.04679223072395527,0.0505444379046498,687,retain,5,-0.06615636031462034,-0.6595728608324243,687,687,-0.497090397188608,687,-0.32624394625421455,385,13.95778748180495,816.1267657445557,15.0,661.0,0.9116391995291347,13592,153.0,1592.0,0.00022071806945261918,3.370079859842993,2.183051320525486,687,687,2.508057484641083,687,3.082084899610602,385,0.9494555620953502,0
PEKAO,20,xgboost,,0.07527869655763812,2017-12-28,16326,0,0.047837804728653684,0.05500428763934828,898,retain,5,-0.2704078141005501,-0.6141737208429285,898,898,-0.6053528749616597,898,-0.4623420925562498,567,13.16815144766147,915.2587284086733,14.0,706.0,0.8754747029278451,16326,160.0,1622.0,0.0014087957858630405,3.416520817247048,2.7291633115674054,898,898,2.7467494391413707,898,2.842430420527403,567,0.9449957123606517,0
PEKAO,20,xgboost,,0.07466236955187232,2017-12-29,13032,0,0.031154082259054635,0.03690914671577655,481,retain,5,-0.4443631148247433,-1.4234561633394154,481,481,-1.2187454137007872,481,-0.8290363332653354,275,14.164241164241163,868.8977900552486,15.0,500.0,0.8921117249846532,13032,118.0,1655.0,0.0020718232044198894,3.6876781054657517,1.7295776056740335,481,481,2.1390459638990196,481,2.856024688187073,275,0.9630908532842235,0
PEKAO,20,xgboost,,0.05578579743888242,all,42950,0,0.03520372526193248,0.03911525029103609,1680,reset,0,-0.2935525167773043,-0.9209542693188462,1680,1680,-0.8355145005994348,1680,-0.6651529513414256,1680,14.032142857142857,927.234016298021,15.0,686.0,0.9080791618160652,42950,203.0,1663.0,0.0009313154831199069,3.751727773316257,2.4969939238503556,1680,1680,2.667863168068646,1680,3.0086260865106103,1680,0.9608847497089639,0
PEKAO,20,xgboost,,0.033402001177163035,2017-12-27,13592,0,0.03737492642731018,0.03994997057092407,543,reset,0,-0.044018712322011,-0.6539148790529214,543,543,-0.4846422998099244,543,-0.4375423485466575,543,14.025782688766114,869.9283402001178,14.0,711.0,0.9289287816362566,13592,216.0,1630.0,0.0002942907592701589,3.866792313107207,2.646736854378329,543,543,2.985331328402062,543,3.0795979501197435,543,0.9600500294290759,0
PEKAO,20,xgboost,,0.06517211809383805,2017-12-28,16326,0,0.03981379394830332,0.04477520519416881,731,reset,0,-0.3273865456995382,-0.6936974482665635,731,731,-0.7383119263479346,731,-0.566607799757417,731,13.735978112175102,977.913940953081,14.0,754.0,0.8940340561068235,16326,250.0,1695.5,0.0009800318510351587,3.6391225017381017,2.9067435953030176,731,731,2.817459767516744,731,3.1609173597710076,731,0.9552247948058312,0
PEKAO,20,xgboost,,0.06737262124002455,2017-12-29,13032,0,0.02716390423572744,0.031154082259054635,406,reset,0,-0.5663706957848695,-1.6872772375543534,406,406,-1.4797969804185256,406,-1.146997934409084,406,14.573891625615763,923.512277470841,15.0,550.0,0.9039287906691221,13032,159.0,1704.0,0.001534683855125844,3.8005809960185877,1.5589707191494044,406,406,1.9739214802420348,406,2.639506276921669,406,0.9688459177409454,0
PEKAO,20,xgboost,,0.057951105937136205,all,42950,0,0.03688009313154831,0.04135040745052387,1776,reset,1,-0.2751859883317063,-0.8846781839263027,1776,1776,-0.7959647818634845,1776,-0.6258276281843009,1613,13.91722972972973,914.2123399301513,14.0,672.0,0.9040977881257276,42950,187.0,1661.0,0.001071012805587893,3.705475533804357,2.4865522607934976,1776,1776,2.6639679453532334,1776,3.0006069438083958,1613,0.9586495925494761,0
PEKAO,20,xgboost,,0.034947027663331375,2017-12-27,13592,0,0.03884638022366098,0.041936433195997644,570,reset,1,-0.021257700236930913,-0.6435306083926592,570,570,-0.46849523676390326,570,-0.3911794794222511,517,13.93157894736842,859.4852854620365,14.0,701.0,0.9258387286639199,13592,210.0,1619.0,0.0003678634490876986,3.821028986549314,2.576227128007851,570,570,2.9263462313022286,570,3.0905209877419395,517,0.9580635668040024,0
PEKAO,20,xgboost,,0.06774470170280535,2017-12-28,16326,0,0.04195761362244273,0.04765404875658459,778,reset,1,-0.3125646803685965,-0.652272844944334,778,778,-0.6877281383662002,778,-0.5395382797406492,709,13.59254498714653,962.5793213279431,14.0,738.0,0.8891338968516477,16326,232.0,1677.0,0.0011637878231042509,3.6178193465964217,2.938626099136122,778,778,2.867651443047871,778,3.1272417688057055,709,0.9523459512434154,0
PEKAO,20,xgboost,,0.06967464702271332,2017-12-29,13032,0,0.028468385512584408,0.03284223449969306,428,reset,1,-0.5454161327460089,-1.628289099305154,428,428,-1.4288286822084577,428,-1.0973838063665466,387,14.488317757009346,910.6987415592388,15.0,535.0,0.9001688152240639,13032,150.0,1700.0,0.0016881522406384285,3.7109219019892823,1.5453650632637255,428,428,1.9442918140510017,428,2.6484889809227754,387,0.967157765500307,0
PEKAO,20,xgboost,,0.06435389988358556,all,42950,0,0.04244470314318976,0.04810244470314319,2066,reset,5,-0.24298852605476262,-0.81768488445067,2066,2066,-0.7121609528432831,2066,-0.5018230459944852,1227,13.662633107454017,869.8203725261933,14.0,626.0,0.8919674039580908,42950,141.0,1628.0,0.0012339930151338766,3.4642079991911965,2.31484595320317,2066,2066,2.5258942869955483,2066,2.9206744287209165,1227,0.9518975552968568,0
PEKAO,20,xgboost,,0.04134785167745733,2017-12-27,13592,0,0.04679223072395527,0.0505444379046498,687,reset,5,-0.06615636031462034,-0.6595728608324243,687,687,-0.497090397188608,687,-0.32624394625421455,385,13.95778748180495,816.1267657445557,15.0,661.0,0.9116391995291347,13592,153.0,1592.0,0.00022071806945261918,3.370079859842993,2.183051320525486,687,687,2.508057484641083,687,3.082084899610602,385,0.9494555620953502,0
PEKAO,20,xgboost,,0.07527869655763812,2017-12-28,16326,0,0.047837804728653684,0.05500428763934828,898,reset,5,-0.2704078141005501,-0.6141737208429285,898,898,-0.6053528749616597,898,-0.4623420925562498,567,13.16815144766147,915.2587284086733,14.0,706.0,0.8754747029278451,16326,160.0,1622.0,0.0014087957858630405,3.416520817247048,2.7291633115674054,898,898,2.7467494391413707,898,2.842430420527403,567,0.9449957123606517,0
PEKAO,20,xgboost,,0.07466236955187232,2017-12-29,13032,0,0.031154082259054635,0.03690914671577655,481,reset,5,-0.4443631148247433,-1.4234561633394154,481,481,-1.2187454137007872,481,-0.8290363332653354,275,14.164241164241163,868.8977900552486,15.0,500.0,0.8921117249846532,13032,118.0,1655.0,0.0020718232044198894,3.6876781054657517,1.7295776056740335,481,481,2.1390459638990196,481,2.856024688187073,275,0.9630908532842235,0
PEKAO,50,linear,,0.13203453103126458,all,42860,0,0.13450769948670088,0.15718618758749417,6737,retain,0,-0.3018750557066299,-0.9800488060190229,6737,6737,-0.8731555154822962,6737,-1.1942378278341672,6737,30.08520112809856,937.1121325244984,31.0,704.0,0.7241717218852077,42860,205.0,1677.0,0.009286047596826878,4.156627119340975,2.8002716710147926,6737,6737,3.0141430843905073,6737,2.3718800986851902,6737,0.8428138124125059,0
PEKAO,50,linear,,0.0960772747382392,2017-12-27,13562,0,0.1450376050729981,0.1646512313818021,2233,retain,0,-0.2401604551062641,-1.0197994195555897,2233,2233,-0.7913293160178311,2233,-1.324443785580405,2233,29.67666815942678,879.583984663029,30.0,728.0,0.7529125497714201,13562,221.20000000000027,1642.0,0.0059725704173425745,3.5827997755250607,2.023392242323826,2233,2233,2.4803803792247097,2233,1.4141010863215984,2233,0.835348768618198,0
PEKAO,50,linear,,0.14604810996563575,2017-12-28,16296,0,0.15077319587628865,0.17752822778595975,2893,retain,0,-0.22663019704127357,-0.7909948984520395,2893,2893,-0.7268890819993217,2893,-0.9370360744836826,2893,30.074317317663326,986.7081492390771,31.0,766.0,0.6920103092783505,16296,251.0,1702.0,0.011168384879725086,4.530107418680969,3.40143082635482,2893,2893,3.5296891633354646,2893,3.109301129054108,2893,0.8224717722140402,0
PEKAO,50,linear,,0.15197661898169512,2017-12-29,13002,0,0.10313797877249654,0.12390401476695893,1611,retain,0,-0.5225405301073083,-1.2644496964995497,1611,1611,-1.249236642403709,1611,-1.475637436025106,1611,30.671011793916822,934.9570835256114,31.0,584.0,0.7345023842485772,13002,159.0,1715.0,0.010383017997231195,4.281318585976814,2.79755182487465,1611,1611,2.8281823855993604,1611,2.3752081519133825,1611,0.8760959852330411,0
PEKAO,50,linear,,0.13516098926738218,all,42860,0,0.1381707886140924,0.16136257582827812,6916,retain,1,-0.2998898394017996,-0.9551284431520743,6916,6916,-0.8550375322994057,6916,-1.1684293276883795,6747,29.80884904569115,921.4135557629492,30.0,686.0,0.7172188520765282,42860,187.0,1663.0,0.0094493700419972,4.125450809493921,2.8149656480227145,6916,6916,3.0152295313382784,6916,2.355166781608707,6747,0.8386374241717219,0
PEKAO,50,linear,,0.09910042766553606,2017-12-27,13562,0,0.15012535024332693,0.17025512461288894,2309,retain,1,-0.23737747288356498,-0.991327717348336,2309,2309,-0.7754854004705113,2309,-1.2853809765296353,2255,29.483759203118233,866.3954431499778,30.0,711.0,0.7447279162365432,13562,209.0,1629.8999999999996,0.006046305854593718,3.5327098554239464,2.0246817010106843,2309,2309,2.4564143698199286,2309,1.412565130672567,2255,0.8297448753871111,0
PEKAO,50,linear,,0.14972999509081983,2017-12-28,16296,0,0.15433235149729996,0.18225331369661266,2970,retain,1,-0.22985082318830133,-0.7769849649185613,2970,2970,-0.7131069220399082,2970,-0.9167106861657766,2902,29.708417508417508,969.5030682376043,30.0,743.0,0.6842783505154639,16296,232.0,1679.0,0.011659302896416299,4.513078215162818,3.4188615806668565,2970,2970,3.546660284187152,2970,3.1100795329420445,2902,0.8177466863033873,0
PEKAO,50,linear,,0.15451469004768498,2017-12-29,13002,0,0.10544531610521458,0.12590370712198123,1637,retain,1,-0.5151353693008184,-1.227273834865187,1637,1637,-1.2247502903101715,1637,-1.4619900381044564,1590,30.449602932193034,918.5285340716813,31.0,553.5,0.7298107983387172,13002,150.0,1713.7999999999993,0.010229195508383325,4.258245841937993,2.8340216734947212,1637,1637,2.839270381664924,1637,2.314166730345596,1590,0.8740962928780188,0
PEKAO,50,linear,,0.14335044330377975,all,42860,0,0.14885674288380774,0.17344843677088195,7434,retain,5,-0.2951264749856533,-0.9060283335749727,7434,7434,-0.8212425918163119,7434,-1.0924919040413619,6562,29.338983050847457,875.203546430238,30.0,636.0,0.698226784881008,42860,141.0,1648.0,0.009566028931404572,4.01568486630705,2.7938647732686697,7434,7434,2.963514385449963,7434,2.2556355270727284,6562,0.826551563229118,0
PEKAO,50,linear,,0.10839109275918006,2017-12-27,13562,0,0.1682642678071081,0.18883645480017697,2561,retain,5,-0.2570135443525487,-0.9335397772460129,2561,2561,-0.7589870994854201,2561,-1.1466618563485484,2278,29.029285435376806,821.0881138475152,29.0,666.0,0.7170033918301135,13562,155.0,1592.0,0.006341247603598289,3.3179404833968094,1.9647828546739017,2561,2561,2.3139309554564673,2561,1.4379447539346484,2278,0.811163545199823,0
PEKAO,50,linear,,0.15807560137457044,2017-12-28,16296,0,0.1635984290623466,0.19415807560137457,3164,retain,5,-0.22882053124659418,-0.7729022799374307,3164,3164,-0.6974484896635611,3164,-0.8927501125656627,2810,29.09418457648546,921.9917157584683,29.5,714.0,0.6661757486499755,16296,159.0,1659.0,0.012150220913107511,4.4294793769307805,3.3413611176744324,3164,3164,3.4923141641552102,3164,2.948059275621225,2810,0.8058419243986255,0
PEKAO,50,linear,,0.16135979080141516,2017-12-29,13002,0,0.1101369020150746,0.13144131672050455,1709,retain,5,-0.4749972891119048,-1.1112676703026783,1709,1709,-1.1437240751812725,1709,-1.3895579031532639,1474,30.25629022820363,873.00799876942,31.0,510.0,0.7188124903860944,13002,122.0,1657.0,0.009690816797415782,4.295191907278173,3.0226537491735086,1709,1709,2.957932562389658,1709,2.199318598841571,1474,0.8685586832794955,0
PEKAO,50,linear,,0.13203453103126458,all,42860,0,0.13450769948670088,0.15718618758749417,6737,reset,0,-0.3018750557066299,-0.9800488060190229,6737,6737,-0.8731555154822962,6737,-1.1942378278341672,6737,30.08520112809856,937.1121325244984,31.0,704.0,0.7241717218852077,42860,205.0,1677.0,0.009286047596826878,4.156627119340975,2.8002716710147926,6737,6737,3.0141430843905073,6737,2.3718800986851902,6737,0.8428138124125059,0
PEKAO,50,linear,,0.0960772747382392,2017-12-27,13562,0,0.1450376050729981,0.1646512313818021,2233,reset,0,-0.2401604551062641,-1.0197994195555897,2233,2233,-0.7913293160178311,2233,-1.324443785580405,2233,29.67666815942678,879.583984663029,30.0,728.0,0.7529125497714201,13562,221.20000000000027,1642.0,0.0059725704173425745,3.5827997755250607,2.023392242323826,2233,2233,2.4803803792247097,2233,1.4141010863215984,2233,0.835348768618198,0
PEKAO,50,linear,,0.14604810996563575,2017-12-28,16296,0,0.15077319587628865,0.17752822778595975,2893,reset,0,-0.22663019704127357,-0.7909948984520395,2893,2893,-0.7268890819993217,2893,-0.9370360744836826,2893,30.074317317663326,986.7081492390771,31.0,766.0,0.6920103092783505,16296,251.0,1702.0,0.011168384879725086,4.530107418680969,3.40143082635482,2893,2893,3.5296891633354646,2893,3.109301129054108,2893,0.8224717722140402,0
PEKAO,50,linear,,0.15197661898169512,2017-12-29,13002,0,0.10313797877249654,0.12390401476695893,1611,reset,0,-0.5225405301073083,-1.2644496964995497,1611,1611,-1.249236642403709,1611,-1.475637436025106,1611,30.671011793916822,934.9570835256114,31.0,584.0,0.7345023842485772,13002,159.0,1715.0,0.010383017997231195,4.281318585976814,2.79755182487465,1611,1611,2.8281823855993604,1611,2.3752081519133825,1611,0.8760959852330411,0
PEKAO,50,linear,,0.13516098926738218,all,42860,0,0.1381707886140924,0.16136257582827812,6916,reset,1,-0.2998898394017996,-0.9551284431520743,6916,6916,-0.8550375322994057,6916,-1.1684293276883795,6747,29.80884904569115,921.4135557629492,30.0,686.0,0.7172188520765282,42860,187.0,1663.0,0.0094493700419972,4.125450809493921,2.8149656480227145,6916,6916,3.0152295313382784,6916,2.355166781608707,6747,0.8386374241717219,0
PEKAO,50,linear,,0.09910042766553606,2017-12-27,13562,0,0.15012535024332693,0.17025512461288894,2309,reset,1,-0.23737747288356498,-0.991327717348336,2309,2309,-0.7754854004705113,2309,-1.2853809765296353,2255,29.483759203118233,866.3954431499778,30.0,711.0,0.7447279162365432,13562,209.0,1629.8999999999996,0.006046305854593718,3.5327098554239464,2.0246817010106843,2309,2309,2.4564143698199286,2309,1.412565130672567,2255,0.8297448753871111,0
PEKAO,50,linear,,0.14972999509081983,2017-12-28,16296,0,0.15433235149729996,0.18225331369661266,2970,reset,1,-0.22985082318830133,-0.7769849649185613,2970,2970,-0.7131069220399082,2970,-0.9167106861657766,2902,29.708417508417508,969.5030682376043,30.0,743.0,0.6842783505154639,16296,232.0,1679.0,0.011659302896416299,4.513078215162818,3.4188615806668565,2970,2970,3.546660284187152,2970,3.1100795329420445,2902,0.8177466863033873,0
PEKAO,50,linear,,0.15451469004768498,2017-12-29,13002,0,0.10544531610521458,0.12590370712198123,1637,reset,1,-0.5151353693008184,-1.227273834865187,1637,1637,-1.2247502903101715,1637,-1.4619900381044564,1590,30.449602932193034,918.5285340716813,31.0,553.5,0.7298107983387172,13002,150.0,1713.7999999999993,0.010229195508383325,4.258245841937993,2.8340216734947212,1637,1637,2.839270381664924,1637,2.314166730345596,1590,0.8740962928780188,0
PEKAO,50,linear,,0.14335044330377975,all,42860,0,0.14885674288380774,0.17344843677088195,7434,reset,5,-0.2951264749856533,-0.9060283335749727,7434,7434,-0.8212425918163119,7434,-1.0924919040413619,6562,29.338983050847457,875.203546430238,30.0,636.0,0.698226784881008,42860,141.0,1648.0,0.009566028931404572,4.01568486630705,2.7938647732686697,7434,7434,2.963514385449963,7434,2.2556355270727284,6562,0.826551563229118,0
PEKAO,50,linear,,0.10839109275918006,2017-12-27,13562,0,0.1682642678071081,0.18883645480017697,2561,reset,5,-0.2570135443525487,-0.9335397772460129,2561,2561,-0.7589870994854201,2561,-1.1466618563485484,2278,29.029285435376806,821.0881138475152,29.0,666.0,0.7170033918301135,13562,155.0,1592.0,0.006341247603598289,3.3179404833968094,1.9647828546739017,2561,2561,2.3139309554564673,2561,1.4379447539346484,2278,0.811163545199823,0
PEKAO,50,linear,,0.15807560137457044,2017-12-28,16296,0,0.1635984290623466,0.19415807560137457,3164,reset,5,-0.22882053124659418,-0.7729022799374307,3164,3164,-0.6974484896635611,3164,-0.8927501125656627,2810,29.09418457648546,921.9917157584683,29.5,714.0,0.6661757486499755,16296,159.0,1659.0,0.012150220913107511,4.4294793769307805,3.3413611176744324,3164,3164,3.4923141641552102,3164,2.948059275621225,2810,0.8058419243986255,0
PEKAO,50,linear,,0.16135979080141516,2017-12-29,13002,0,0.1101369020150746,0.13144131672050455,1709,reset,5,-0.4749972891119048,-1.1112676703026783,1709,1709,-1.1437240751812725,1709,-1.3895579031532639,1474,30.25629022820363,873.00799876942,31.0,510.0,0.7188124903860944,13002,122.0,1657.0,0.009690816797415782,4.295191907278173,3.0226537491735086,1709,1709,2.957932562389658,1709,2.199318598841571,1474,0.8685586832794955,0
PEKAO,50,xgboost,,0.13002799813345778,all,42860,0,0.13712085860942605,0.15895940270648623,6813,retain,0,-0.30934704506467237,-1.008326969757211,6813,6813,-0.8974590168219742,6813,-1.2042311855383971,6813,30.35138705416116,924.5627624825012,31.0,680.0,0.7236117592160523,42860,200.0,1663.0,0.00923938404106393,4.4382683764815125,3.040312141319921,6813,6813,3.262117672037264,6813,2.64845596894708,6813,0.8410405972935138,0
PEKAO,50,xgboost,,0.0940126824952072,2017-12-27,13562,0,0.14157203952219435,0.16007963427223124,2171,retain,0,-0.2632431213722962,-1.1101191663517374,2171,2171,-0.8571629518324914,2171,-1.4117924558064403,2171,29.761400276370335,869.4005308951482,30.0,710.0,0.7582215012535025,13562,216.0,1630.0,0.006193776729096004,3.612780596734595,1.9188595743370185,2171,2171,2.424832943150106,2171,1.315507714815492,2171,0.8399203657277687,0
PEKAO,50,xgboost,,0.14518900343642613,2017-12-28,16296,0,0.15310505645557193,0.17642366224840453,2875,retain,0,-0.25811840263042357,-0.8261686536736136,2875,2875,-0.797137988460832,2875,-0.9912691137463626,2875,30.297391304347826,973.8987481590574,31.0,740.0,0.6904761904761905,16296,245.0,1696.0,0.011229749631811487,4.78704028299483,3.6509951938123812,2875,2875,3.709105583078131,2875,3.320758323052486,2875,0.8235763377515954,0
PEKAO,50,xgboost,,0.148592524227042,2017-12-29,13002,0,0.11244423934779264,0.13590216889709275,1767,retain,0,-0.44934362986071863,-1.1796423630416621,1767,1767,-1.1101956968618445,1767,-1.295714172889941,1767,31.164119977362763,920.2658052607292,32.0,538.0,0.7290416858944777,13002,153.0,1712.0,0.009921550530687587,4.885022614514771,3.4245564803148585,1767,1767,3.5635635702667656,1767,3.19229376841886,1767,0.8640978311029073,0
PEKAO,50,xgboost,,0.13254783014465701,all,42860,0,0.14020065328978068,0.16250583294447038,6965,retain,1,-0.30863572586180066,-0.9891839737004879,6965,6965,-0.8826952222367551,6965,-1.182037678429706,6799,30.102225412778175,912.1963835744284,31.0,667.0,0.7178721418572096,42860,187.0,1661.0,0.009379374708352777,4.406423825455554,3.045329554367098,6965,6965,3.2583736672682315,6965,2.6330014744114747,6799,0.8374941670555296,0
PEKAO,50,xgboost,,0.0965934227989972,2017-12-27,13562,0,0.14533254682200267,0.16443002507004867,2230,retain,1,-0.2562714768430483,-1.0807198034356809,2230,2230,-0.839742271222708,2230,-1.3726307665965025,2180,29.592825112107622,859.2824067246719,30.0,701.0,0.751806518212653,13562,207.10000000000014,1619.0,0.006267512166347146,3.5927438789663393,1.9436789684150577,2230,2230,2.425694069184255,2230,1.337093383058367,2180,0.8355699749299513,0
PEKAO,50,xgboost,,0.1478276877761414,2017-12-28,16296,0,0.1562960235640648,0.18041237113402062,2940,retain,1,-0.2647551203009161,-0.821424282174914,2940,2940,-0.7873822687257345,2940,-0.9809410008980987,2873,29.996938775510205,959.1934830633285,31.0,731.0,0.6844624447717231,16296,229.5,1677.0,0.011413843888070692,4.748489070004113,3.63519952851333,2940,2940,3.703326256476797,2940,3.290592464947363,2873,0.8195876288659794,0
PEKAO,50,xgboost,,0.15089986155976004,2017-12-29,13002,0,0.11467466543608676,0.13805568374096294,1795,retain,1,-0.44556121648064095,-1.150236114522609,1795,1795,-1.0921688512527588,1795,-1.2749688481574786,1746,30.907520891364904,908.4857714197816,32.0,527.0,0.7243500999846177,13002,150.0,1700.0,0.010075373019535457,4.857027982390477,3.447815951405052,1795,1795,3.564064414596416,1795,3.1689812701389473,1746,0.8619443162590371,0
PEKAO,50,xgboost,,0.14190387307512833,all,42860,0,0.15125991600559963,0.17545496966868876,7520,retain,5,-0.29767558859794224,-0.9259391107082887,7520,7520,-0.840920601303792,7520,-1.094463332699463,6633,29.553856382978722,868.5502799813346,30.0,624.0,0.697293513765749,42860,141.0,1629.0,0.009542697153523098,4.251964484480185,2.995437380210661,7520,7520,3.1655356508969845,7520,2.524181550277801,6633,0.8245450303313112,0
PEKAO,50,xgboost,,0.10699011945140835,2017-12-27,13562,0,0.16339772894853266,0.1838961805043504,2494,retain,5,-0.2669519732753949,-1.0024366558486004,2494,2494,-0.8059555030945875,2494,-1.214790391765338,2208,29.17963111467522,816.9122548296712,29.0,661.0,0.7232709039964607,13562,153.20000000000027,1592.0,0.006341247603598289,3.385022649788495,1.9139127244484497,2494,2494,2.306929976362233,2494,1.4107732120432037,2208,0.8161038194956496,0
PEKAO,50,xgboost,,0.15807560137457044,2017-12-28,16296,0,0.16599165439371624,0.19317623956799215,3148,retain,5,-0.2488595065710174,-0.7840660774829431,3148,3148,-0.746265298056664,3148,-0.9278241219027984,2792,29.342757306226176,911.8621134020618,30.0,699.0,0.6641507118311243,16296,155.5,1628.0,0.011782032400589101,4.591547976926212,3.521176219207111,3148,3148,3.596821586562594,3148,3.1044669272087164,2792,0.8068237604320079,0
PEKAO,50,xgboost,,0.15805260729118598,2017-12-29,13002,0,0.12013536379018612,0.14443931702814952,1878,retain,5,-0.42030483398409396,-1.0621645798315318,1878,1878,-1.0460206276912867,1878,-1.2166767620484134,1633,30.40468583599574,868.1276726657437,31.0,500.0,0.7117366558990924,13002,118.0,1655.0,0.010075373019535457,4.83404334576931,3.5504409085973143,1878,1878,3.58282767795467,1878,3.037499883670866,1633,0.8555606829718505,0
PEKAO,50,xgboost,,0.13002799813345778,all,42860,0,0.13712085860942605,0.15895940270648623,6813,reset,0,-0.30934704506467237,-1.008326969757211,6813,6813,-0.8974590168219742,6813,-1.2042311855383971,6813,30.35138705416116,924.5627624825012,31.0,680.0,0.7236117592160523,42860,200.0,1663.0,0.00923938404106393,4.4382683764815125,3.040312141319921,6813,6813,3.262117672037264,6813,2.64845596894708,6813,0.8410405972935138,0
PEKAO,50,xgboost,,0.0940126824952072,2017-12-27,13562,0,0.14157203952219435,0.16007963427223124,2171,reset,0,-0.2632431213722962,-1.1101191663517374,2171,2171,-0.8571629518324914,2171,-1.4117924558064403,2171,29.761400276370335,869.4005308951482,30.0,710.0,0.7582215012535025,13562,216.0,1630.0,0.006193776729096004,3.612780596734595,1.9188595743370185,2171,2171,2.424832943150106,2171,1.315507714815492,2171,0.8399203657277687,0
PEKAO,50,xgboost,,0.14518900343642613,2017-12-28,16296,0,0.15310505645557193,0.17642366224840453,2875,reset,0,-0.25811840263042357,-0.8261686536736136,2875,2875,-0.797137988460832,2875,-0.9912691137463626,2875,30.297391304347826,973.8987481590574,31.0,740.0,0.6904761904761905,16296,245.0,1696.0,0.011229749631811487,4.78704028299483,3.6509951938123812,2875,2875,3.709105583078131,2875,3.320758323052486,2875,0.8235763377515954,0
PEKAO,50,xgboost,,0.148592524227042,2017-12-29,13002,0,0.11244423934779264,0.13590216889709275,1767,reset,0,-0.44934362986071863,-1.1796423630416621,1767,1767,-1.1101956968618445,1767,-1.295714172889941,1767,31.164119977362763,920.2658052607292,32.0,538.0,0.7290416858944777,13002,153.0,1712.0,0.009921550530687587,4.885022614514771,3.4245564803148585,1767,1767,3.5635635702667656,1767,3.19229376841886,1767,0.8640978311029073,0
PEKAO,50,xgboost,,0.13254783014465701,all,42860,0,0.14020065328978068,0.16250583294447038,6965,reset,1,-0.30863572586180066,-0.9891839737004879,6965,6965,-0.8826952222367551,6965,-1.182037678429706,6799,30.102225412778175,912.1963835744284,31.0,667.0,0.7178721418572096,42860,187.0,1661.0,0.009379374708352777,4.406423825455554,3.045329554367098,6965,6965,3.2583736672682315,6965,2.6330014744114747,6799,0.8374941670555296,0
PEKAO,50,xgboost,,0.0965934227989972,2017-12-27,13562,0,0.14533254682200267,0.16443002507004867,2230,reset,1,-0.2562714768430483,-1.0807198034356809,2230,2230,-0.839742271222708,2230,-1.3726307665965025,2180,29.592825112107622,859.2824067246719,30.0,701.0,0.751806518212653,13562,207.10000000000014,1619.0,0.006267512166347146,3.5927438789663393,1.9436789684150577,2230,2230,2.425694069184255,2230,1.337093383058367,2180,0.8355699749299513,0
PEKAO,50,xgboost,,0.1478276877761414,2017-12-28,16296,0,0.1562960235640648,0.18041237113402062,2940,reset,1,-0.2647551203009161,-0.821424282174914,2940,2940,-0.7873822687257345,2940,-0.9809410008980987,2873,29.996938775510205,959.1934830633285,31.0,731.0,0.6844624447717231,16296,229.5,1677.0,0.011413843888070692,4.748489070004113,3.63519952851333,2940,2940,3.703326256476797,2940,3.290592464947363,2873,0.8195876288659794,0
PEKAO,50,xgboost,,0.15089986155976004,2017-12-29,13002,0,0.11467466543608676,0.13805568374096294,1795,reset,1,-0.44556121648064095,-1.150236114522609,1795,1795,-1.0921688512527588,1795,-1.2749688481574786,1746,30.907520891364904,908.4857714197816,32.0,527.0,0.7243500999846177,13002,150.0,1700.0,0.010075373019535457,4.857027982390477,3.447815951405052,1795,1795,3.564064414596416,1795,3.1689812701389473,1746,0.8619443162590371,0
PEKAO,50,xgboost,,0.14190387307512833,all,42860,0,0.15125991600559963,0.17545496966868876,7520,reset,5,-0.29767558859794224,-0.9259391107082887,7520,7520,-0.840920601303792,7520,-1.094463332699463,6633,29.553856382978722,868.5502799813346,30.0,624.0,0.697293513765749,42860,141.0,1629.0,0.009542697153523098,4.251964484480185,2.995437380210661,7520,7520,3.1655356508969845,7520,2.524181550277801,6633,0.8245450303313112,0
PEKAO,50,xgboost,,0.10699011945140835,2017-12-27,13562,0,0.16339772894853266,0.1838961805043504,2494,reset,5,-0.2669519732753949,-1.0024366558486004,2494,2494,-0.8059555030945875,2494,-1.214790391765338,2208,29.17963111467522,816.9122548296712,29.0,661.0,0.7232709039964607,13562,153.20000000000027,1592.0,0.006341247603598289,3.385022649788495,1.9139127244484497,2494,2494,2.306929976362233,2494,1.4107732120432037,2208,0.8161038194956496,0
PEKAO,50,xgboost,,0.15807560137457044,2017-12-28,16296,0,0.16599165439371624,0.19317623956799215,3148,reset,5,-0.2488595065710174,-0.7840660774829431,3148,3148,-0.746265298056664,3148,-0.9278241219027984,2792,29.342757306226176,911.8621134020618,30.0,699.0,0.6641507118311243,16296,155.5,1628.0,0.011782032400589101,4.591547976926212,3.521176219207111,3148,3148,3.596821586562594,3148,3.1044669272087164,2792,0.8068237604320079,0
PEKAO,50,xgboost,,0.15805260729118598,2017-12-29,13002,0,0.12013536379018612,0.14443931702814952,1878,reset,5,-0.42030483398409396,-1.0621645798315318,1878,1878,-1.0460206276912867,1878,-1.2166767620484134,1633,30.40468583599574,868.1276726657437,31.0,500.0,0.7117366558990924,13002,118.0,1655.0,0.010075373019535457,4.83404334576931,3.5504409085973143,1878,1878,3.58282767795467,1878,3.037499883670866,1633,0.8555606829718505,0
PKNORLEN,10,linear,,0.023280692817116658,all,98150,0,0.0023841059602649007,0.002577687213448803,253,retain,0,-0.29451067575656775,-0.44374764786400783,253,253,-0.3086680860531018,253,-0.21337622781763896,253,7.798418972332016,996.4022414671422,8.0,852.0,0.9742129393785023,98150,255.0,1914.0,0.00012226184411614875,7.790498706380442,7.491830686238646,253,253,7.762145719243875,253,7.952628133716072,253,0.9974223127865512,0
PKNORLEN,10,linear,,0.01810184401962443,2017-12-27,29555,0,0.0012519032312637455,0.0013872441211300963,41,retain,0,-0.16279646622844407,0.2183693142300913,41,41,0.00014271519210482856,41,-0.054201069120481074,41,8.682926829268293,900.0328201657926,9.0,734.0,0.9805109118592454,29555,250.0,1764.0,0.00013534088986635087,5.964588302318679,6.726872724928907,41,41,6.290418367363286,41,6.181633820164895,41,0.9986127558788699,0
PKNORLEN,10,linear,,0.02505166225573723,2017-12-28,27583,0,0.002864082949642896,0.003262879309719755,90,retain,0,-0.02406232703973559,0.1238458808384874,90,90,0.27224960255907443,90,0.07499074022583964,90,7.888888888888889,1022.9335460247254,8.0,948.0,0.9718667295073052,27583,254.0,1890.0,0.00021752528731465033,7.9211754729560075,8.217214455242472,90,90,8.513756755015851,90,8.119272729259068,90,0.9967371206902802,0
PKNORLEN,10,linear,,0.025821710718814006,2017-12-29,41012,0,0.00287720667121818,0.0029747391007509997,122,retain,0,-0.5382863640776168,-1.084978902200751,122,122,-0.8409946010215391,122,-0.47959924937908605,122,7.434426229508197,1048.0062908417049,8.0,863.0,0.9712523163952014,41012,273.0,2064.0,4.876621476640983e-05,8.307723440599553,7.2137875485612275,122,122,7.702275458650647,122,8.424863816148273,122,0.997025260899249,0
PKNORLEN,10,linear,,0.02575649516046867,all,98150,0,0.003239938869077942,0.0035150280183392766,345,retain,1,-0.25101240689285903,-0.4621463309007033,345,345,-0.3250307801059223,345,-0.11588116396928595,270,7.414492753623189,981.8912073357106,8.0,837.0,0.9708813041263372,98150,250.0,1902.0,0.00012226184411614875,7.8593667777442295,7.4369294723447945,345,345,7.7112805065784364,345,7.733268152606686,270,0.9964849719816607,0
PKNORLEN,10,linear,,0.02063948570461851,2017-12-27,29555,0,0.002266959905261377,0.002503806462527491,74,retain,1,0.11970559713502944,0.0003091131551331801,74,74,0.0595388977542193,74,0.08639176233939636,51,7.824324324324325,887.261275587887,9.0,725.0,0.9769582135002538,29555,232.0,1728.0,0.00013534088986635087,6.423883814995327,6.185198083741415,74,74,6.303684266681725,74,6.009022850442251,51,0.9974961935374725,0
PKNORLEN,10,linear,,0.02740818620164594,2017-12-28,27583,0,0.003770438313453939,0.004096726244425915,113,retain,1,-0.09785655004845306,-0.13722830655222257,113,113,0.0002071173078177934,113,0.1518048812645109,89,7.575221238938053,1007.2794112315556,8.0,935.0,0.9686038501975854,27583,250.0,1874.0,0.00021752528731465033,8.314218424661679,8.235816607005164,113,113,8.510337039711729,113,8.457952650607956,89,0.9959032737555741,0
PKNORLEN,10,linear,,0.02833317077928411,2017-12-29,41012,0,0.0035843167853311228,0.0038525309665463766,158,retain,1,-0.5341753443705909,-0.9111174676824134,158,158,-0.7377525432034102,158,-0.37849637371967604,130,7.1075949367088604,1033.0105091192822,7.5,855.0,0.9680337462206183,41012,250.0,2048.0,4.876621476640983e-05,8.206376291299591,7.451827425129782,158,158,7.799057300934732,158,7.913572691747248,130,0.9961474690334536,0
PKNORLEN,10,linear,,0.031910341314314826,all,98150,0,0.004472745797249109,0.004910850738665308,482,retain,5,-0.36188396360731073,-0.46000341271942874,482,482,-0.4486815198268531,482,-0.05427456512850976,90,7.609958506224066,942.0109831889964,8.0,778.0,0.9634131431482424,98150,225.0,1872.0,0.00020376974019358125,8.493521681528987,8.297386881770697,482,482,8.320069441371803,482,6.424133792723448,90,0.9950891492613347,0
PKNORLEN,10,linear,,0.027474200642869227,2017-12-27,29555,0,0.0037895449162578245,0.004229402808323465,125,retain,5,-0.21340487522379156,-0.19483925834105248,125,125,-0.4261243684486343,125,0.22190172213264686,20,7.76,852.1098968025715,8.0,698.0,0.9684994078836069,29555,204.0,1697.0,0.00023684655726611403,7.284926566403963,7.321688318115971,125,125,6.859157147957778,125,5.992512225585169,20,0.9957705971916765,0
PKNORLEN,10,linear,,0.03375267374832324,2017-12-28,27583,0,0.005075590037341841,0.005510640611971142,152,retain,5,-0.23324267987304212,-0.02816565635743317,152,152,-0.043601465722147105,152,0.0005007144408839394,31,7.7105263157894735,963.7546677301236,8.0,883.0,0.9608091940688105,27583,240.0,1852.0,0.0003625421455244172,8.44039872383519,8.850507287367543,152,152,8.819316038882377,152,8.056013861217966,31,0.9944893593880288,0
PKNORLEN,10,linear,,0.03386813615527163,2017-12-29,41012,0,0.004559641080659319,0.004998537013557008,205,retain,5,-0.5478027986099874,-0.9418807701063574,205,205,-0.762787920539988,205,-0.2394427551765697,39,7.443902439024391,992.1736321076758,8.0,826.0,0.9614990734419194,41012,246.0,2014.0,7.314932214961475e-05,9.269858652065988,8.48220648570299,205,205,8.840696533348126,205,5.348342747067948,39,0.995001462986443,0
PKNORLEN,10,linear,,0.023280692817116658,all,98150,0,0.0023841059602649007,0.002577687213448803,253,reset,0,-0.29451067575656775,-0.44374764786400783,253,253,-0.3086680860531018,253,-0.21337622781763896,253,7.798418972332016,996.4022414671422,8.0,852.0,0.9742129393785023,98150,255.0,1914.0,0.00012226184411614875,7.790498706380442,7.491830686238646,253,253,7.762145719243875,253,7.952628133716072,253,0.9974223127865512,0
PKNORLEN,10,linear,,0.01810184401962443,2017-12-27,29555,0,0.0012519032312637455,0.0013872441211300963,41,reset,0,-0.16279646622844407,0.2183693142300913,41,41,0.00014271519210482856,41,-0.054201069120481074,41,8.682926829268293,900.0328201657926,9.0,734.0,0.9805109118592454,29555,250.0,1764.0,0.00013534088986635087,5.964588302318679,6.726872724928907,41,41,6.290418367363286,41,6.181633820164895,41,0.9986127558788699,0
PKNORLEN,10,linear,,0.02505166225573723,2017-12-28,27583,0,0.002864082949642896,0.003262879309719755,90,reset,0,-0.02406232703973559,0.1238458808384874,90,90,0.27224960255907443,90,0.07499074022583964,90,7.888888888888889,1022.9335460247254,8.0,948.0,0.9718667295073052,27583,254.0,1890.0,0.00021752528731465033,7.9211754729560075,8.217214455242472,90,90,8.513756755015851,90,8.119272729259068,90,0.9967371206902802,0
PKNORLEN,10,linear,,0.025821710718814006,2017-12-29,41012,0,0.00287720667121818,0.0029747391007509997,122,reset,0,-0.5382863640776168,-1.084978902200751,122,122,-0.8409946010215391,122,-0.47959924937908605,122,7.434426229508197,1048.0062908417049,8.0,863.0,0.9712523163952014,41012,273.0,2064.0,4.876621476640983e-05,8.307723440599553,7.2137875485612275,122,122,7.702275458650647,122,8.424863816148273,122,0.997025260899249,0
PKNORLEN,10,linear,,0.02575649516046867,all,98150,0,0.003239938869077942,0.0035150280183392766,345,reset,1,-0.25101240689285903,-0.4621463309007033,345,345,-0.3250307801059223,345,-0.11588116396928595,270,7.414492753623189,981.8912073357106,8.0,837.0,0.9708813041263372,98150,250.0,1902.0,0.00012226184411614875,7.8593667777442295,7.4369294723447945,345,345,7.7112805065784364,345,7.733268152606686,270,0.9964849719816607,0
PKNORLEN,10,linear,,0.02063948570461851,2017-12-27,29555,0,0.002266959905261377,0.002503806462527491,74,reset,1,0.11970559713502944,0.0003091131551331801,74,74,0.0595388977542193,74,0.08639176233939636,51,7.824324324324325,887.261275587887,9.0,725.0,0.9769582135002538,29555,232.0,1728.0,0.00013534088986635087,6.423883814995327,6.185198083741415,74,74,6.303684266681725,74,6.009022850442251,51,0.9974961935374725,0
PKNORLEN,10,linear,,0.02740818620164594,2017-12-28,27583,0,0.003770438313453939,0.004096726244425915,113,reset,1,-0.09785655004845306,-0.13722830655222257,113,113,0.0002071173078177934,113,0.1518048812645109,89,7.575221238938053,1007.2794112315556,8.0,935.0,0.9686038501975854,27583,250.0,1874.0,0.00021752528731465033,8.314218424661679,8.235816607005164,113,113,8.510337039711729,113,8.457952650607956,89,0.9959032737555741,0
PKNORLEN,10,linear,,0.02833317077928411,2017-12-29,41012,0,0.0035843167853311228,0.0038525309665463766,158,reset,1,-0.5341753443705909,-0.9111174676824134,158,158,-0.7377525432034102,158,-0.37849637371967604,130,7.1075949367088604,1033.0105091192822,7.5,855.0,0.9680337462206183,41012,250.0,2048.0,4.876621476640983e-05,8.206376291299591,7.451827425129782,158,158,7.799057300934732,158,7.913572691747248,130,0.9961474690334536,0
PKNORLEN,10,linear,,0.031910341314314826,all,98150,0,0.004472745797249109,0.004910850738665308,482,reset,5,-0.36188396360731073,-0.46000341271942874,482,482,-0.4486815198268531,482,-0.05427456512850976,90,7.609958506224066,942.0109831889964,8.0,778.0,0.9634131431482424,98150,225.0,1872.0,0.00020376974019358125,8.493521681528987,8.297386881770697,482,482,8.320069441371803,482,6.424133792723448,90,0.9950891492613347,0
PKNORLEN,10,linear,,0.027474200642869227,2017-12-27,29555,0,0.0037895449162578245,0.004229402808323465,125,reset,5,-0.21340487522379156,-0.19483925834105248,125,125,-0.4261243684486343,125,0.22190172213264686,20,7.76,852.1098968025715,8.0,698.0,0.9684994078836069,29555,204.0,1697.0,0.00023684655726611403,7.284926566403963,7.321688318115971,125,125,6.859157147957778,125,5.992512225585169,20,0.9957705971916765,0
PKNORLEN,10,linear,,0.03375267374832324,2017-12-28,27583,0,0.005075590037341841,0.005510640611971142,152,reset,5,-0.23324267987304212,-0.02816565635743317,152,152,-0.043601465722147105,152,0.0005007144408839394,31,7.7105263157894735,963.7546677301236,8.0,883.0,0.9608091940688105,27583,240.0,1852.0,0.0003625421455244172,8.44039872383519,8.850507287367543,152,152,8.819316038882377,152,8.056013861217966,31,0.9944893593880288,0
PKNORLEN,10,linear,,0.03386813615527163,2017-12-29,41012,0,0.004559641080659319,0.004998537013557008,205,reset,5,-0.5478027986099874,-0.9418807701063574,205,205,-0.762787920539988,205,-0.2394427551765697,39,7.443902439024391,992.1736321076758,8.0,826.0,0.9614990734419194,41012,246.0,2014.0,7.314932214961475e-05,9.269858652065988,8.48220648570299,205,205,8.840696533348126,205,5.348342747067948,39,0.995001462986443,0
PKNORLEN,10,xgboost,,0.022221090168110035,all,98150,0,0.0023433520122261844,0.0025573102394294447,251,retain,0,-0.39380658133987,-0.6370504511982873,251,251,-0.42570237851789733,251,-0.2603220584717728,251,7.808764940239044,990.0851451859398,8.0,845.0,0.9752929190015283,98150,251.0,1910.0,0.00014263881813550688,7.717707766160189,7.23151751941393,251,251,7.653990850933702,251,7.9846419138761755,251,0.9974426897605706,0
PKNORLEN,10,xgboost,,0.01705295212316021,2017-12-27,29555,0,0.0012519032312637455,0.0013872441211300963,41,retain,0,-0.16279646622844407,0.27248567522952455,41,41,0.00014271519210482856,41,-0.054201069120481074,41,8.609756097560975,896.1229571984436,9.0,731.0,0.9815598037557097,29555,250.0,1746.2000000000044,0.00013534088986635087,6.181582754706785,7.0521239190056235,41,41,6.50741281975139,41,6.398628272553001,41,0.9986127558788699,0
PKNORLEN,10,xgboost,,0.023420222600877352,2017-12-28,27583,0,0.00315411666606243,0.0034804045970344053,96,retain,0,-0.18439577945722663,-0.0919733405631335,96,96,0.04722824097043715,96,0.09344664026300414,96,7.958333333333333,1016.8143784214915,8.5,938.0,0.9731718812311931,27583,250.0,1878.0,0.00025377950186709203,8.168865904955572,8.353990728490002,96,96,8.632063502680074,96,8.724542589309879,96,0.9965195954029656,0
PKNORLEN,10,xgboost,,0.025138983712084267,2017-12-29,41012,0,0.002584609382619721,0.0027796742416853603,114,retain,0,-0.6532351050267317,-1.4231766249221032,114,114,-0.977114556702022,114,-0.6323637746291548,114,7.394736842105263,1039.8213205890959,8.0,856.0,0.9722032575831464,41012,266.0,2048.0,7.314932214961475e-05,7.890251135855214,6.3507956733212785,114,114,7.242716506291798,114,7.931976075741216,114,0.9972203257583147,0
PKNORLEN,10,xgboost,,0.025053489556800815,all,98150,0,0.0030463576158940397,0.0033520122261844116,329,retain,1,-0.33644429846323376,-0.4624597180649707,329,329,-0.3932136741380296,329,-0.1849376136494589,255,7.462006079027356,976.4540295466123,8.0,830.0,0.9717473255221599,98150,250.0,1892.0,0.00015282730514518594,7.327580303714927,7.0753708950541565,329,329,7.213994946021418,329,7.435575695864231,255,0.9966479877738156,0
PKNORLEN,10,xgboost,,0.01986127558788699,2017-12-27,29555,0,0.0021992894603282014,0.002402300795127728,71,retain,1,0.15593778782006637,0.15646996353338588,71,71,0.15576438548996727,71,0.09578217128933074,46,7.830985915492958,884.3448485873795,9.0,723.0,0.9778040940619185,29555,231.0,1728.0,0.00013534088986635087,6.88333295325701,6.88442593506574,71,71,6.8831398706972875,71,6.373995159064795,46,0.9975976992048723,0
PKNORLEN,10,xgboost,,0.02617554290686292,2017-12-28,27583,0,0.0036979298843490558,0.0040604720298734725,112,retain,1,-0.2968182530934251,-0.217538594819802,112,112,-0.2176016849658086,112,0.1298874822195381,87,7.776785714285714,1002.2501903346264,8.0,925.0,0.969800239277816,27583,250.0,1865.199999999997,0.0003262879309719755,7.914925487892025,8.07367028825058,112,112,8.07335860078118,112,8.655366757698935,87,0.9959395279701265,0
PKNORLEN,10,xgboost,,0.028040573490685654,2017-12-29,41012,0,0.003218570174583049,0.003559933677947918,146,retain,1,-0.6062884437203084,-0.9513307673590954,146,146,-0.7948985030481429,146,-0.5152891992870577,122,7.041095890410959,1025.4823953964694,7.5,854.0,0.9686920901199649,41012,250.0,2045.0,4.876621476640983e-05,7.093052230116824,6.4024089780759255,146,146,6.7156523502331975,146,6.965992764004846,122,0.9964400663220521,0
PKNORLEN,10,xgboost,,0.032012226184411616,all,98150,0,0.004360672440142639,0.004859908303616913,477,retain,5,-0.3902407009142432,-0.4534491529989868,477,477,-0.4898595745139911,477,-0.10715919756990289,88,7.610062893081761,937.6082730514519,8.0,775.0,0.9634029546612328,98150,225.0,1872.0,0.00022414671421293938,8.109508319143659,7.98285025389932,477,477,7.910157640745906,477,5.966025645693178,88,0.9951400916963831,0
PKNORLEN,10,xgboost,,0.027440365420402638,2017-12-27,29555,0,0.003620368803924886,0.004060226695990526,120,retain,5,-0.1852514757056665,-0.2029739342389334,120,120,-0.4623282042784768,120,0.2465574690362743,18,7.775,850.2305870411097,8.0,698.0,0.9687024192184064,29555,204.0,1693.0,0.00023684655726611403,7.18199381125892,7.146213417814463,120,120,6.627553630452813,120,5.673319336544649,18,0.9959397733040095,0
PKNORLEN,10,xgboost,,0.034151470108400105,2017-12-28,27583,0,0.005111844251894282,0.00569191168473335,157,retain,5,-0.22570476779065898,-0.14117567597008865,157,157,-0.18398921146061342,157,-0.07583852677499485,29,7.7834394904458595,959.3807417612297,8.0,859.0,0.9603016350650763,27583,230.0,1848.0,0.00043505057462930066,8.684792327549859,8.853433130278836,157,157,8.767585399310468,157,7.698059015802946,29,0.9943080883152666,0
PKNORLEN,10,xgboost,,0.03386813615527163,2017-12-29,41012,0,0.004388959328976885,0.004876621476640983,200,retain,5,-0.6423949435414026,-0.848868963722704,200,200,-0.7464866316522014,200,-0.2846030866421838,41,7.375,985.9330927533405,8.0,819.0,0.9616697551936019,41012,245.0,2008.0,7.314932214961475e-05,8.214419077275638,7.801424797592315,200,200,8.006639256448578,200,4.869434080607575,41,0.995123378523359,0
PKNORLEN,10,xgboost,,0.022221090168110035,all,98150,0,0.0023433520122261844,0.0025573102394294447,251,reset,0,-0.39380658133987,-0.6370504511982873,251,251,-0.42570237851789733,251,-0.2603220584717728,251,7.808764940239044,990.0851451859398,8.0,845.0,0.9752929190015283,98150,251.0,1910.0,0.00014263881813550688,7.717707766160189,7.23151751941393,251,251,7.653990850933702,251,7.9846419138761755,251,0.9974426897605706,0
PKNORLEN,10,xgboost,,0.01705295212316021,2017-12-27,29555,0,0.0012519032312637455,0.0013872441211300963,41,reset,0,-0.16279646622844407,0.27248567522952455,41,41,0.00014271519210482856,41,-0.054201069120481074,41,8.609756097560975,896.1229571984436,9.0,731.0,0.9815598037557097,29555,250.0,1746.2000000000044,0.00013534088986635087,6.181582754706785,7.0521239190056235,41,41,6.50741281975139,41,6.398628272553001,41,0.9986127558788699,0
PKNORLEN,10,xgboost,,0.023420222600877352,2017-12-28,27583,0,0.00315411666606243,0.0034804045970344053,96,reset,0,-0.18439577945722663,-0.0919733405631335,96,96,0.04722824097043715,96,0.09344664026300414,96,7.958333333333333,1016.8143784214915,8.5,938.0,0.9731718812311931,27583,250.0,1878.0,0.00025377950186709203,8.168865904955572,8.353990728490002,96,96,8.632063502680074,96,8.724542589309879,96,0.9965195954029656,0
PKNORLEN,10,xgboost,,0.025138983712084267,2017-12-29,41012,0,0.002584609382619721,0.0027796742416853603,114,reset,0,-0.6532351050267317,-1.4231766249221032,114,114,-0.977114556702022,114,-0.6323637746291548,114,7.394736842105263,1039.8213205890959,8.0,856.0,0.9722032575831464,41012,266.0,2048.0,7.314932214961475e-05,7.890251135855214,6.3507956733212785,114,114,7.242716506291798,114,7.931976075741216,114,0.9972203257583147,0
PKNORLEN,10,xgboost,,0.025053489556800815,all,98150,0,0.0030463576158940397,0.0033520122261844116,329,reset,1,-0.33644429846323376,-0.4624597180649707,329,329,-0.3932136741380296,329,-0.1849376136494589,255,7.462006079027356,976.4540295466123,8.0,830.0,0.9717473255221599,98150,250.0,1892.0,0.00015282730514518594,7.327580303714927,7.0753708950541565,329,329,7.213994946021418,329,7.435575695864231,255,0.9966479877738156,0
PKNORLEN,10,xgboost,,0.01986127558788699,2017-12-27,29555,0,0.0021992894603282014,0.002402300795127728,71,reset,1,0.15593778782006637,0.15646996353338588,71,71,0.15576438548996727,71,0.09578217128933074,46,7.830985915492958,884.3448485873795,9.0,723.0,0.9778040940619185,29555,231.0,1728.0,0.00013534088986635087,6.88333295325701,6.88442593506574,71,71,6.8831398706972875,71,6.373995159064795,46,0.9975976992048723,0
PKNORLEN,10,xgboost,,0.02617554290686292,2017-12-28,27583,0,0.0036979298843490558,0.0040604720298734725,112,reset,1,-0.2968182530934251,-0.217538594819802,112,112,-0.2176016849658086,112,0.1298874822195381,87,7.776785714285714,1002.2501903346264,8.0,925.0,0.969800239277816,27583,250.0,1865.199999999997,0.0003262879309719755,7.914925487892025,8.07367028825058,112,112,8.07335860078118,112,8.655366757698935,87,0.9959395279701265,0
PKNORLEN,10,xgboost,,0.028040573490685654,2017-12-29,41012,0,0.003218570174583049,0.003559933677947918,146,reset,1,-0.6062884437203084,-0.9513307673590954,146,146,-0.7948985030481429,146,-0.5152891992870577,122,7.041095890410959,1025.4823953964694,7.5,854.0,0.9686920901199649,41012,250.0,2045.0,4.876621476640983e-05,7.093052230116824,6.4024089780759255,146,146,6.7156523502331975,146,6.965992764004846,122,0.9964400663220521,0
PKNORLEN,10,xgboost,,0.032012226184411616,all,98150,0,0.004360672440142639,0.004859908303616913,477,reset,5,-0.3902407009142432,-0.4534491529989868,477,477,-0.4898595745139911,477,-0.10715919756990289,88,7.610062893081761,937.6082730514519,8.0,775.0,0.9634029546612328,98150,225.0,1872.0,0.00022414671421293938,8.109508319143659,7.98285025389932,477,477,7.910157640745906,477,5.966025645693178,88,0.9951400916963831,0
PKNORLEN,10,xgboost,,0.027440365420402638,2017-12-27,29555,0,0.003620368803924886,0.004060226695990526,120,reset,5,-0.1852514757056665,-0.2029739342389334,120,120,-0.4623282042784768,120,0.2465574690362743,18,7.775,850.2305870411097,8.0,698.0,0.9687024192184064,29555,204.0,1693.0,0.00023684655726611403,7.18199381125892,7.146213417814463,120,120,6.627553630452813,120,5.673319336544649,18,0.9959397733040095,0
PKNORLEN,10,xgboost,,0.034151470108400105,2017-12-28,27583,0,0.005111844251894282,0.00569191168473335,157,reset,5,-0.22570476779065898,-0.14117567597008865,157,157,-0.18398921146061342,157,-0.07583852677499485,29,7.7834394904458595,959.3807417612297,8.0,859.0,0.9603016350650763,27583,230.0,1848.0,0.00043505057462930066,8.684792327549859,8.853433130278836,157,157,8.767585399310468,157,7.698059015802946,29,0.9943080883152666,0
PKNORLEN,10,xgboost,,0.03386813615527163,2017-12-29,41012,0,0.004388959328976885,0.004876621476640983,200,reset,5,-0.6423949435414026,-0.848868963722704,200,200,-0.7464866316522014,200,-0.2846030866421838,41,7.375,985.9330927533405,8.0,819.0,0.9616697551936019,41012,245.0,2008.0,7.314932214961475e-05,8.214419077275638,7.801424797592315,200,200,8.006639256448578,200,4.869434080607575,41,0.995123378523359,0
PKNORLEN,20,linear,,0.05177333876885446,all,98120,0,0.010640032613126784,0.013483489604565838,1323,retain,0,-0.35394008324782716,-0.5305469325390759,1323,1323,-0.4397024753736472,1323,-0.40938433653329065,1323,14.430839002267573,996.1555442315532,15.0,852.0,0.9363534447615165,98120,254.0,1914.0,0.001233183856502242,8.006803951657764,7.653394835058292,1323,1323,7.835194745210603,1323,7.895771457241145,1323,0.9865165103954342,0
PKNORLEN,20,linear,,0.04386529023523439,2017-12-27,29545,0,0.009307835505161618,0.012963276358097816,383,retain,0,-0.46323056025286774,-0.2297078186093739,383,383,-0.4387022374462453,383,-0.3348817341484837,383,15.164490861618798,899.8700626163479,16.0,734.0,0.9443899136909799,29545,250.0,1765.8000000000065,0.0024369605686241328,4.9914585673425975,5.458116184169165,383,383,5.040350890784266,383,5.248042920522572,383,0.9870367236419022,0
PKNORLEN,20,linear,,0.05781017662205781,2017-12-28,27573,0,0.012802379139012802,0.016102709172016103,444,retain,0,-0.2005609084769011,-0.7871757630429529,444,444,-0.3528228486117914,444,-0.4220325306428144,444,14.283783783783784,1022.4546113952055,15.0,948.0,0.9281543538969281,27573,252.0,1890.0,0.0012330903420012332,7.980962713470471,6.807620629123072,444,444,7.676093619278277,444,7.537843039447422,444,0.9838972908279839,0
PKNORLEN,20,linear,,0.05341202868152773,2017-12-29,41002,0,0.010145846544071021,0.012096970879469295,496,retain,0,-0.4068475447505706,-0.5331239081264842,496,496,-0.5182461153100562,496,-0.455591390018679,496,13.995967741935484,1047.850836544559,15.0,863.0,0.9360762889615141,41002,273.0,2064.0,0.00036583581288717626,10.35831764510104,10.105643767973156,496,496,10.135731229402616,496,10.260691310192001,496,0.9879030291205307,0
PKNORLEN,20,linear,,0.05571748878923767,all,98120,0,0.01239298817774154,0.015654300856094577,1536,retain,1,-0.3355260586402333,-0.5122892459827733,1536,1536,-0.41938234870267815,1536,-0.4414677503201507,1391,13.993489583333334,981.7768956379942,15.0,837.0,0.9305849979616796,98120,250.0,1902.0,0.0013045250713412148,8.24303301415017,7.889377503888678,1536,1536,8.075251092471301,1536,8.06993785652348,1391,0.9843456991439055,0
PKNORLEN,20,linear,,0.047486884413606364,2017-12-27,29545,0,0.011203249280758165,0.01540023692672195,455,retain,1,-0.39483174054304176,-0.2715394819770043,455,455,-0.4523073358212573,455,-0.4237510802518348,413,14.59120879120879,887.0883398206126,15.0,725.0,0.938805212387883,29545,232.0,1728.0,0.002504653917752581,5.450718621480941,5.69688161624115,455,455,5.335551349961821,455,5.57594696956876,413,0.984599763073278,0
PKNORLEN,20,linear,,0.06208972545606209,2017-12-28,27573,0,0.014688282015014688,0.018423820404018423,508,retain,1,-0.2453672975195349,-0.7577955499267791,508,508,-0.347698834808653,508,-0.40326830737562125,459,13.978346456692913,1007.090378268596,15.0,935.0,0.9218438327349219,27573,250.0,1874.0,0.0013781597940013782,8.331616486051363,7.306734244291568,508,508,8.126652453246042,508,7.997775728578119,459,0.9815761795959815,0
PKNORLEN,20,linear,,0.05736305546070923,2017-12-29,41002,0,0.01170674601238964,0.013974928052290132,573,retain,1,-0.3683647416830553,-0.48580397585898616,573,573,-0.45678960161578697,573,-0.4893493091828742,519,13.532286212914485,1032.9842690600458,14.0,855.0,0.9305399736598214,41002,250.0,2048.0,0.00039022486707965465,10.381781085596401,10.146913986881621,573,573,10.205183887529325,573,10.11837842114625,519,0.9860250719477098,0
PKNORLEN,20,linear,,0.065695067264574,all,98120,0,0.015419894007337953,0.01952710966163881,1916,retain,5,-0.31312800346217107,-0.46406784816162716,1916,1916,-0.4027622365033207,1916,-0.5047077587863676,1135,13.742171189979123,942.103139013453,14.0,779.0,0.9173155320016306,98120,225.0,1872.0,0.001569506726457399,8.537482156076626,8.235558153874035,1916,1916,8.358067351748723,1916,8.51076665843128,1135,0.9804728903383612,0
PKNORLEN,20,linear,,0.056997799966153326,2017-12-27,29545,0,0.014960230157387037,0.01990184464376375,588,retain,5,-0.40380196993739764,-0.3574334914316314,588,588,-0.5462990050839578,588,-0.5629205444001408,347,14.0,852.108275511931,15.0,698.0,0.9254357759350144,29545,204.0,1696.6000000000022,0.002606193941445253,5.985445408228947,6.077667169303996,588,588,5.700026040988131,588,6.698235459055606,347,0.9800981553562362,0
PKNORLEN,20,linear,,0.07355021216407355,2017-12-28,27573,0,0.01737206687701737,0.022123091430022123,610,retain,5,-0.23701883263358736,-0.6372943107335047,610,610,-0.34708488194074605,610,-0.30782145979141506,362,13.754098360655737,963.7761941029268,14.0,880.0,0.9072643528089073,27573,239.20000000000027,1854.0,0.0018133681500018134,8.738990976585795,7.93845566225009,610,610,8.5183249106015,610,8.668263214448789,362,0.9778769085699779,0
PKNORLEN,20,linear,,0.06667967416223598,2017-12-29,41002,0,0.014438320081947223,0.017511340910199503,718,retain,5,-0.30353232368223076,-0.4042250342178836,718,718,-0.33251650719657405,718,-0.6245974386647563,426,13.520891364902507,992.376469440515,14.0,827.0,0.9182235012926199,41002,246.0,2014.0,0.0006585044631969172,10.45625266753044,10.255157622979592,718,718,10.398695735908934,718,9.85333607839611,426,0.9824886590898005,0
PKNORLEN,20,linear,,0.05177333876885446,all,98120,0,0.010640032613126784,0.013483489604565838,1323,reset,0,-0.35394008324782716,-0.5305469325390759,1323,1323,-0.4397024753736472,1323,-0.40938433653329065,1323,14.430839002267573,996.1555442315532,15.0,852.0,0.9363534447615165,98120,254.0,1914.0,0.001233183856502242,8.006803951657764,7.653394835058292,1323,1323,7.835194745210603,1323,7.895771457241145,1323,0.9865165103954342,0
PKNORLEN,20,linear,,0.04386529023523439,2017-12-27,29545,0,0.009307835505161618,0.012963276358097816,383,reset,0,-0.46323056025286774,-0.2297078186093739,383,383,-0.4387022374462453,383,-0.3348817341484837,383,15.164490861618798,899.8700626163479,16.0,734.0,0.9443899136909799,29545,250.0,1765.8000000000065,0.0024369605686241328,4.9914585673425975,5.458116184169165,383,383,5.040350890784266,383,5.248042920522572,383,0.9870367236419022,0
PKNORLEN,20,linear,,0.05781017662205781,2017-12-28,27573,0,0.012802379139012802,0.016102709172016103,444,reset,0,-0.2005609084769011,-0.7871757630429529,444,444,-0.3528228486117914,444,-0.4220325306428144,444,14.283783783783784,1022.4546113952055,15.0,948.0,0.9281543538969281,27573,252.0,1890.0,0.0012330903420012332,7.980962713470471,6.807620629123072,444,444,7.676093619278277,444,7.537843039447422,444,0.9838972908279839,0
PKNORLEN,20,linear,,0.05341202868152773,2017-12-29,41002,0,0.010145846544071021,0.012096970879469295,496,reset,0,-0.4068475447505706,-0.5331239081264842,496,496,-0.5182461153100562,496,-0.455591390018679,496,13.995967741935484,1047.850836544559,15.0,863.0,0.9360762889615141,41002,273.0,2064.0,0.00036583581288717626,10.35831764510104,10.105643767973156,496,496,10.135731229402616,496,10.260691310192001,496,0.9879030291205307,0
PKNORLEN,20,linear,,0.05571748878923767,all,98120,0,0.01239298817774154,0.015654300856094577,1536,reset,1,-0.3355260586402333,-0.5122892459827733,1536,1536,-0.41938234870267815,1536,-0.4414677503201507,1391,13.993489583333334,981.7768956379942,15.0,837.0,0.9305849979616796,98120,250.0,1902.0,0.0013045250713412148,8.24303301415017,7.889377503888678,1536,1536,8.075251092471301,1536,8.06993785652348,1391,0.9843456991439055,0
PKNORLEN,20,linear,,0.047486884413606364,2017-12-27,29545,0,0.011203249280758165,0.01540023692672195,455,reset,1,-0.39483174054304176,-0.2715394819770043,455,455,-0.4523073358212573,455,-0.4237510802518348,413,14.59120879120879,887.0883398206126,15.0,725.0,0.938805212387883,29545,232.0,1728.0,0.002504653917752581,5.450718621480941,5.69688161624115,455,455,5.335551349961821,455,5.57594696956876,413,0.984599763073278,0
PKNORLEN,20,linear,,0.06208972545606209,2017-12-28,27573,0,0.014688282015014688,0.018423820404018423,508,reset,1,-0.2453672975195349,-0.7577955499267791,508,508,-0.347698834808653,508,-0.40326830737562125,459,13.978346456692913,1007.090378268596,15.0,935.0,0.9218438327349219,27573,250.0,1874.0,0.0013781597940013782,8.331616486051363,7.306734244291568,508,508,8.126652453246042,508,7.997775728578119,459,0.9815761795959815,0
PKNORLEN,20,linear,,0.05736305546070923,2017-12-29,41002,0,0.01170674601238964,0.013974928052290132,573,reset,1,-0.3683647416830553,-0.48580397585898616,573,573,-0.45678960161578697,573,-0.4893493091828742,519,13.532286212914485,1032.9842690600458,14.0,855.0,0.9305399736598214,41002,250.0,2048.0,0.00039022486707965465,10.381781085596401,10.146913986881621,573,573,10.205183887529325,573,10.11837842114625,519,0.9860250719477098,0
PKNORLEN,20,linear,,0.065695067264574,all,98120,0,0.015419894007337953,0.01952710966163881,1916,reset,5,-0.31312800346217107,-0.46406784816162716,1916,1916,-0.4027622365033207,1916,-0.5047077587863676,1135,13.742171189979123,942.103139013453,14.0,779.0,0.9173155320016306,98120,225.0,1872.0,0.001569506726457399,8.537482156076626,8.235558153874035,1916,1916,8.358067351748723,1916,8.51076665843128,1135,0.9804728903383612,0
PKNORLEN,20,linear,,0.056997799966153326,2017-12-27,29545,0,0.014960230157387037,0.01990184464376375,588,reset,5,-0.40380196993739764,-0.3574334914316314,588,588,-0.5462990050839578,588,-0.5629205444001408,347,14.0,852.108275511931,15.0,698.0,0.9254357759350144,29545,204.0,1696.6000000000022,0.002606193941445253,5.985445408228947,6.077667169303996,588,588,5.700026040988131,588,6.698235459055606,347,0.9800981553562362,0
PKNORLEN,20,linear,,0.07355021216407355,2017-12-28,27573,0,0.01737206687701737,0.022123091430022123,610,reset,5,-0.23701883263358736,-0.6372943107335047,610,610,-0.34708488194074605,610,-0.30782145979141506,362,13.754098360655737,963.7761941029268,14.0,880.0,0.9072643528089073,27573,239.20000000000027,1854.0,0.0018133681500018134,8.738990976585795,7.93845566225009,610,610,8.5183249106015,610,8.668263214448789,362,0.9778769085699779,0
PKNORLEN,20,linear,,0.06667967416223598,2017-12-29,41002,0,0.014438320081947223,0.017511340910199503,718,reset,5,-0.30353232368223076,-0.4042250342178836,718,718,-0.33251650719657405,718,-0.6245974386647563,426,13.520891364902507,992.376469440515,14.0,827.0,0.9182235012926199,41002,246.0,2014.0,0.0006585044631969172,10.45625266753044,10.255157622979592,718,718,10.398695735908934,718,9.85333607839611,426,0.9824886590898005,0
PKNORLEN,20,xgboost,,0.04902160619649409,all,98120,0,0.01075214023644517,0.013452914798206279,1320,retain,0,-0.37196030856335577,-0.5874560455694049,1320,1320,-0.49165608516823855,1320,-0.4624390039890515,1320,14.371969696969696,988.242937219731,15.0,844.0,0.9390032613126783,98120,250.0,1903.0,0.0012229922543823889,7.829206046258925,7.39808329108787,1320,1320,7.589704238059155,1320,7.648110533233309,1320,0.9865470852017937,0
PKNORLEN,20,xgboost,,0.0416314097139956,2017-12-27,29545,0,0.00957860890167541,0.012760196310712473,377,retain,0,-0.4411786927498069,-0.28037546709623784,377,377,-0.4928785973608705,377,-0.3579322012626395,377,15.066312997347481,893.1128448129971,15.0,725.0,0.946522254188526,29545,250.0,1731.0,0.0022677271958030125,5.317363330545625,5.6387270550453685,377,377,5.213901042827838,377,5.4837881545324185,377,0.9872398036892875,0
PKNORLEN,20,xgboost,,0.05309541943205309,2017-12-28,27573,0,0.012983715954012983,0.016284045987016285,449,retain,0,-0.2179266502053654,-0.7688080165922615,449,449,-0.4083578007604884,449,-0.42746483922916945,449,14.2271714922049,1013.6789250353606,15.0,938.0,0.9325789721829326,27573,250.0,1877.7999999999993,0.001341892431001342,7.873775731521883,6.77188958399322,449,449,7.492504891518319,449,7.454483983584084,449,0.9837159540129837,0
PKNORLEN,20,xgboost,,0.051607238671284326,2017-12-29,41002,0,0.010097068435686064,0.012048192771084338,494,retain,0,-0.45913800444280023,-0.6569749587174238,494,494,-0.566433499343254,494,-0.5739824546065504,494,13.973684210526315,1039.6860884834887,15.0,858.0,0.93790546802595,41002,264.0,2048.0,0.00039022486707965465,9.705628951402337,9.30990166249176,494,494,9.491162357895272,494,9.475818746923064,494,0.9879518072289156,0
PKNORLEN,20,xgboost,,0.05302690582959641,all,98120,0,0.012403179779861394,0.015552384834896045,1526,retain,1,-0.3408170759529987,-0.5369778468371725,1526,1526,-0.46182556937680436,1526,-0.48293004941133966,1386,13.994102228047183,975.0770281288219,15.0,829.0,0.9332348145128414,98120,250.0,1892.0,0.0013350998777007747,8.128321755952971,7.735883566872049,1526,1526,7.88621734740217,1526,7.853313378900918,1386,0.9844476151651039,0
PKNORLEN,20,xgboost,,0.04562531731257404,2017-12-27,29545,0,0.011372482653579286,0.015129463530208158,447,retain,1,-0.36219378253281853,-0.2911508537770694,447,447,-0.4703939267309545,447,-0.4170508708423537,409,14.548098434004475,881.7282112032493,15.0,720.0,0.9405313927906583,29545,228.4000000000001,1728.0,0.002470807243188357,5.806318207848422,5.948069499723711,447,447,5.589775026683272,447,5.8256325782874745,409,0.9848705364697918,0
PKNORLEN,20,xgboost,,0.05722989881405723,2017-12-28,27573,0,0.014615747289014616,0.018423820404018423,508,retain,1,-0.25393267648377504,-0.7318574717550954,508,508,-0.4177729836403949,508,-0.4229306411181522,459,14.011811023622048,999.5810394226236,14.5,925.0,0.9265948572879266,27573,250.0,1855.0,0.0015594966090015595,8.2627266447453,7.306811190958765,508,508,7.934709049826411,508,7.910987508345559,459,0.9815761795959815,0
PKNORLEN,20,xgboost,,0.05553387639627335,2017-12-29,41002,0,0.011657967904004682,0.013926149943905175,571,retain,1,-0.4013808011529744,-0.5560423239642501,571,571,-0.49431008394211234,571,-0.588112119761317,518,13.544658493870402,1025.8633725184138,14.0,855.0,0.9324423198868348,41002,250.0,2045.0,0.00036583581288717626,9.826496716541815,9.517182437238523,571,571,9.640816178452665,571,9.403214965842636,518,0.9860738500560948,0
PKNORLEN,20,xgboost,,0.06444150020383205,all,98120,0,0.015776600081532817,0.019914390542193232,1954,retain,5,-0.3359850947625792,-0.5079541964317745,1954,1954,-0.43393750006609566,1954,-0.5246493596694619,1143,13.807062436028659,936.2647676314716,14.0,771.0,0.9182429677945373,98120,224.0,1866.0,0.0015389319200978394,8.291718643059388,7.947747313468017,1954,1954,8.09570199573158,1954,8.246075631498234,1143,0.9800856094578068,0
PKNORLEN,20,xgboost,,0.056050093078355054,2017-12-27,29545,0,0.015366390252157726,0.02040954476222711,603,retain,5,-0.39736519296798667,-0.403534509956808,603,603,-0.5768313634560852,603,-0.530018543050591,356,14.003316749585407,847.3120324928076,15.0,688.0,0.9259096293789135,29545,199.0,1690.0,0.002673887290573701,6.042803417244243,6.030003042993108,603,603,5.68349219518526,603,6.778407116178358,356,0.9795904552377729,0
PKNORLEN,20,xgboost,,0.07126536829507127,2017-12-28,27573,0,0.01795234468501795,0.02284843869002285,630,retain,5,-0.2683013441796112,-0.6775169278298991,630,630,-0.38214191930842556,630,-0.37997094771797635,364,13.87936507936508,957.4918579770065,14.0,858.0,0.9089326515069089,27573,229.0,1848.0,0.0018496355130018496,8.639635500990291,7.82123120571945,630,630,8.411557535746358,630,8.499446453564781,364,0.9771515613099772,0
PKNORLEN,20,xgboost,,0.06589922442807668,2017-12-29,41002,0,0.01460904346129457,0.01758450807277694,721,retain,5,-0.3437917017659206,-0.44712278195685945,721,721,-0.35968814674178,721,-0.6446292950516341,423,13.579750346740639,986.0870689234672,14.0,819.0,0.9189795619725867,41002,243.0,2009.0,0.0005121701380420467,9.868567825680833,9.662178579734269,721,721,9.837135448602758,721,9.26324587315699,423,0.9824154919272231,0
PKNORLEN,20,xgboost,,0.04902160619649409,all,98120,0,0.01075214023644517,0.013452914798206279,1320,reset,0,-0.37196030856335577,-0.5874560455694049,1320,1320,-0.49165608516823855,1320,-0.4624390039890515,1320,14.371969696969696,988.242937219731,15.0,844.0,0.9390032613126783,98120,250.0,1903.0,0.0012229922543823889,7.829206046258925,7.39808329108787,1320,1320,7.589704238059155,1320,7.648110533233309,1320,0.9865470852017937,0
PKNORLEN,20,xgboost,,0.0416314097139956,2017-12-27,29545,0,0.00957860890167541,0.012760196310712473,377,reset,0,-0.4411786927498069,-0.28037546709623784,377,377,-0.4928785973608705,377,-0.3579322012626395,377,15.066312997347481,893.1128448129971,15.0,725.0,0.946522254188526,29545,250.0,1731.0,0.0022677271958030125,5.317363330545625,5.6387270550453685,377,377,5.213901042827838,377,5.4837881545324185,377,0.9872398036892875,0
PKNORLEN,20,xgboost,,0.05309541943205309,2017-12-28,27573,0,0.012983715954012983,0.016284045987016285,449,reset,0,-0.2179266502053654,-0.7688080165922615,449,449,-0.4083578007604884,449,-0.42746483922916945,449,14.2271714922049,1013.6789250353606,15.0,938.0,0.9325789721829326,27573,250.0,1877.7999999999993,0.001341892431001342,7.873775731521883,6.77188958399322,449,449,7.492504891518319,449,7.454483983584084,449,0.9837159540129837,0
PKNORLEN,20,xgboost,,0.051607238671284326,2017-12-29,41002,0,0.010097068435686064,0.012048192771084338,494,reset,0,-0.45913800444280023,-0.6569749587174238,494,494,-0.566433499343254,494,-0.5739824546065504,494,13.973684210526315,1039.6860884834887,15.0,858.0,0.93790546802595,41002,264.0,2048.0,0.00039022486707965465,9.705628951402337,9.30990166249176,494,494,9.491162357895272,494,9.475818746923064,494,0.9879518072289156,0
PKNORLEN,20,xgboost,,0.05302690582959641,all,98120,0,0.012403179779861394,0.015552384834896045,1526,reset,1,-0.3408170759529987,-0.5369778468371725,1526,1526,-0.46182556937680436,1526,-0.48293004941133966,1386,13.994102228047183,975.0770281288219,15.0,829.0,0.9332348145128414,98120,250.0,1892.0,0.0013350998777007747,8.128321755952971,7.735883566872049,1526,1526,7.88621734740217,1526,7.853313378900918,1386,0.9844476151651039,0
PKNORLEN,20,xgboost,,0.04562531731257404,2017-12-27,29545,0,0.011372482653579286,0.015129463530208158,447,reset,1,-0.36219378253281853,-0.2911508537770694,447,447,-0.4703939267309545,447,-0.4170508708423537,409,14.548098434004475,881.7282112032493,15.0,720.0,0.9405313927906583,29545,228.4000000000001,1728.0,0.002470807243188357,5.806318207848422,5.948069499723711,447,447,5.589775026683272,447,5.8256325782874745,409,0.9848705364697918,0
PKNORLEN,20,xgboost,,0.05722989881405723,2017-12-28,27573,0,0.014615747289014616,0.018423820404018423,508,reset,1,-0.25393267648377504,-0.7318574717550954,508,508,-0.4177729836403949,508,-0.4229306411181522,459,14.011811023622048,999.5810394226236,14.5,925.0,0.9265948572879266,27573,250.0,1855.0,0.0015594966090015595,8.2627266447453,7.306811190958765,508,508,7.934709049826411,508,7.910987508345559,459,0.9815761795959815,0
PKNORLEN,20,xgboost,,0.05553387639627335,2017-12-29,41002,0,0.011657967904004682,0.013926149943905175,571,reset,1,-0.4013808011529744,-0.5560423239642501,571,571,-0.49431008394211234,571,-0.588112119761317,518,13.544658493870402,1025.8633725184138,14.0,855.0,0.9324423198868348,41002,250.0,2045.0,0.00036583581288717626,9.826496716541815,9.517182437238523,571,571,9.640816178452665,571,9.403214965842636,518,0.9860738500560948,0
PKNORLEN,20,xgboost,,0.06444150020383205,all,98120,0,0.015776600081532817,0.019914390542193232,1954,reset,5,-0.3359850947625792,-0.5079541964317745,1954,1954,-0.43393750006609566,1954,-0.5246493596694619,1143,13.807062436028659,936.2647676314716,14.0,771.0,0.9182429677945373,98120,224.0,1866.0,0.0015389319200978394,8.291718643059388,7.947747313468017,1954,1954,8.09570199573158,1954,8.246075631498234,1143,0.9800856094578068,0
PKNORLEN,20,xgboost,,0.056050093078355054,2017-12-27,29545,0,0.015366390252157726,0.02040954476222711,603,reset,5,-0.39736519296798667,-0.403534509956808,603,603,-0.5768313634560852,603,-0.530018543050591,356,14.003316749585407,847.3120324928076,15.0,688.0,0.9259096293789135,29545,199.0,1690.0,0.002673887290573701,6.042803417244243,6.030003042993108,603,603,5.68349219518526,603,6.778407116178358,356,0.9795904552377729,0
PKNORLEN,20,xgboost,,0.07126536829507127,2017-12-28,27573,0,0.01795234468501795,0.02284843869002285,630,reset,5,-0.2683013441796112,-0.6775169278298991,630,630,-0.38214191930842556,630,-0.37997094771797635,364,13.87936507936508,957.4918579770065,14.0,858.0,0.9089326515069089,27573,229.0,1848.0,0.0018496355130018496,8.639635500990291,7.82123120571945,630,630,8.411557535746358,630,8.499446453564781,364,0.9771515613099772,0
PKNORLEN,20,xgboost,,0.06589922442807668,2017-12-29,41002,0,0.01460904346129457,0.01758450807277694,721,reset,5,-0.3437917017659206,-0.44712278195685945,721,721,-0.35968814674178,721,-0.6446292950516341,423,13.579750346740639,986.0870689234672,14.0,819.0,0.9189795619725867,41002,243.0,2009.0,0.0005121701380420467,9.868567825680833,9.662178579734269,721,721,9.837135448602758,721,9.26324587315699,423,0.9824154919272231,0
PKNORLEN,50,linear,,0.13579516474548609,all,98030,0,0.05110680403957972,0.06841783127613996,6707,retain,0,-0.25802853686346494,-0.9662092563442208,6707,6707,-0.6630963787082155,6707,-0.8663386566742849,6707,31.952288653645446,995.7580026522493,33.0,851.5,0.8070590635519739,98030,253.0,1914.0,0.006038967662960318,8.221643872332466,6.8054701530042205,6707,6707,7.411697334615717,6707,7.0051248447221734,6707,0.93158216872386,0
PKNORLEN,50,linear,,0.11468744706081653,2017-12-27,29515,0,0.04601050313399966,0.065458241572082,1932,retain,0,-0.29598613751709457,-0.9156309611824531,1932,1932,-0.731552845577887,1932,-0.8692296670630754,1932,31.847308488612835,899.718990343893,32.0,731.0,0.8294426562764696,29515,250.0,1767.0,0.009859393528714212,5.4479131168530825,4.208294103947479,1932,1932,4.576698183339303,1932,4.3013734165407085,1932,0.934541758427918,0
PKNORLEN,50,linear,,0.1520894601169081,2017-12-28,27543,0,0.054423991576807176,0.07551828050684384,2080,retain,0,-0.1121676986896642,-0.9697157582180213,2080,2080,-0.5122205525529839,2080,-0.9698573191912271,2080,31.614423076923078,1022.1259122099989,33.0,946.0,0.7877863704026431,27543,250.0,1890.0,0.005700177903641579,9.115859667148975,7.400837750018103,2080,2080,8.315785130633964,2080,7.40057270287019,2080,0.9244817194931562,0
PKNORLEN,50,linear,,0.140046861271112,2017-12-29,40972,0,0.05254808161671385,0.0657766279410329,2695,retain,0,-0.3433927145772656,-0.9997616653813378,2695,2695,-0.7304670000108782,2695,-0.7843704748166289,2695,32.28831168831169,1047.216074392268,34.0,862.0,0.8038904617787758,40972,270.0,2064.0,0.0035145953333984184,9.519929203081201,8.207837323686503,2695,2695,8.746285737045428,2695,8.638192085649342,2695,0.9342233720589671,0
PKNORLEN,50,linear,,0.14106906049168622,all,98030,0,0.05402427828215852,0.07230439661328165,7088,retain,1,-0.24691279287047768,-0.9298257384879035,7088,7088,-0.6332708439673491,7088,-0.7994805167425709,6883,31.40110045146727,981.4562990921147,32.0,837.0,0.7987962868509639,98030,250.0,1902.0,0.006110374375191268,8.274483155240494,6.908846477181479,7088,7088,7.501941350123051,7088,7.160781780979624,6883,0.9276956033867183,0
PKNORLEN,50,linear,,0.11993901406064712,2017-12-27,29515,0,0.04892427579197019,0.06932068439776384,2046,retain,1,-0.28277103129364795,-0.8983422026717056,2046,2046,-0.7201454677540367,2046,-0.8090663330322231,1988,31.202834799608993,886.936168050144,32.0,723.0,0.8212434355412502,29515,231.0,1728.0,0.009893274606132475,5.589526160670174,4.358073330938295,2046,2046,4.714685884468969,2046,4.490772992824728,1988,0.9306793156022362,0
PKNORLEN,50,linear,,0.15742656936426677,2017-12-28,27543,0,0.057618995752096724,0.07972987691972552,2196,retain,1,-0.11739406720235308,-0.9234924137070148,2196,2196,-0.48716918907396756,2196,-0.8779759241333056,2136,31.170765027322403,1006.9929201612025,32.0,935.0,0.7791090295174817,27543,250.0,1874.7999999999993,0.00584540536615474,9.19361542658162,7.581521676580089,2196,2196,8.454109361785044,2196,7.645304555610825,2136,0.9202701230802744,0
PKNORLEN,50,linear,,0.14529434735917213,2017-12-29,40972,0,0.055281655764912625,0.06946207165869374,2846,retain,1,-0.3210720218772924,-0.957346221797381,2846,2846,-0.683549745540892,2846,-0.7318028099754673,2759,31.72136331693605,1032.3790393439422,33.0,855.0,0.7958605877184419,40972,250.0,2048.0,0.0035634091574733963,9.495497752227763,8.223564368725473,2846,2846,8.771008015308755,2846,8.709544674868603,2759,0.9305379283413062,0
PKNORLEN,50,linear,,0.15537080485565644,all,98030,0,0.060838518820769155,0.0815260634499643,7992,retain,5,-0.22581277728210955,-0.8934751069943296,7992,7992,-0.6127425756610125,7992,-0.6902249593472896,6918,30.76614114114114,941.832785881873,32.0,779.0,0.7773640722227889,98030,225.0,1872.0,0.0064266041007854735,8.43612801162974,7.101031742500111,7992,7992,7.662429457908803,7992,7.457251307378005,6918,0.9184739365500357,0
PKNORLEN,50,linear,,0.13467728273759105,2017-12-27,29515,0,0.056208707436896495,0.07735049974589192,2283,retain,5,-0.27973968583036274,-0.8968602480145524,2283,2283,-0.7301546153220502,2283,-0.6935634449563006,2003,30.01533070521244,852.0080636964256,30.0,698.0,0.7996611892258174,29515,204.0,1697.0,0.00945282059969507,6.045009575630919,4.810467727240828,2283,2283,5.144012959947069,2283,5.040539692858515,2003,0.9226495002541081,0
PKNORLEN,50,linear,,0.17285698725629017,2017-12-28,27543,0,0.06433576589333043,0.09083977780198235,2502,retain,5,-0.09046621521431403,-0.8336342486108712,2502,2502,-0.4470497803719241,2502,-0.6910853348907766,2148,30.881694644284572,963.9761100824165,32.0,885.0,0.7559452492466325,27543,238.0,1854.0,0.006861997603746868,9.20693432705742,7.7207150127547175,2502,2502,8.49374987040457,2502,7.833262023031513,2148,0.9091602221980176,0
PKNORLEN,50,linear,,0.15852289368349118,2017-12-29,40972,0,0.06182270819095968,0.07827296690422728,3207,retain,5,-0.2930163837922319,-0.9377512375606674,3207,3207,-0.6584275420679819,3207,-0.6871403647169101,2767,31.21047708138447,991.6542028702529,32.0,826.0,0.775700478375476,40972,246.0,2014.0,0.003953919750073221,9.536959314462685,8.248181759544051,3207,3207,8.806670553257176,3207,8.91478739218422,2767,0.9217270330957728,0
PKNORLEN,50,linear,,0.13579516474548609,all,98030,0,0.05110680403957972,0.06841783127613996,6707,reset,0,-0.25802853686346494,-0.9662092563442208,6707,6707,-0.6630963787082155,6707,-0.8663386566742849,6707,31.952288653645446,995.7580026522493,33.0,851.5,0.8070590635519739,98030,253.0,1914.0,0.006038967662960318,8.221643872332466,6.8054701530042205,6707,6707,7.411697334615717,6707,7.0051248447221734,6707,0.93158216872386,0
PKNORLEN,50,linear,,0.11468744706081653,2017-12-27,29515,0,0.04601050313399966,0.065458241572082,1932,reset,0,-0.29598613751709457,-0.9156309611824531,1932,1932,-0.731552845577887,1932,-0.8692296670630754,1932,31.847308488612835,899.718990343893,32.0,731.0,0.8294426562764696,29515,250.0,1767.0,0.009859393528714212,5.4479131168530825,4.208294103947479,1932,1932,4.576698183339303,1932,4.3013734165407085,1932,0.934541758427918,0
PKNORLEN,50,linear,,0.1520894601169081,2017-12-28,27543,0,0.054423991576807176,0.07551828050684384,2080,reset,0,-0.1121676986896642,-0.9697157582180213,2080,2080,-0.5122205525529839,2080,-0.9698573191912271,2080,31.614423076923078,1022.1259122099989,33.0,946.0,0.7877863704026431,27543,250.0,1890.0,0.005700177903641579,9.115859667148975,7.400837750018103,2080,2080,8.315785130633964,2080,7.40057270287019,2080,0.9244817194931562,0
PKNORLEN,50,linear,,0.140046861271112,2017-12-29,40972,0,0.05254808161671385,0.0657766279410329,2695,reset,0,-0.3433927145772656,-0.9997616653813378,2695,2695,-0.7304670000108782,2695,-0.7843704748166289,2695,32.28831168831169,1047.216074392268,34.0,862.0,0.8038904617787758,40972,270.0,2064.0,0.0035145953333984184,9.519929203081201,8.207837323686503,2695,2695,8.746285737045428,2695,8.638192085649342,2695,0.9342233720589671,0
PKNORLEN,50,linear,,0.14106906049168622,all,98030,0,0.05402427828215852,0.07230439661328165,7088,reset,1,-0.24691279287047768,-0.9298257384879035,7088,7088,-0.6332708439673491,7088,-0.7994805167425709,6883,31.40110045146727,981.4562990921147,32.0,837.0,0.7987962868509639,98030,250.0,1902.0,0.006110374375191268,8.274483155240494,6.908846477181479,7088,7088,7.501941350123051,7088,7.160781780979624,6883,0.9276956033867183,0
PKNORLEN,50,linear,,0.11993901406064712,2017-12-27,29515,0,0.04892427579197019,0.06932068439776384,2046,reset,1,-0.28277103129364795,-0.8983422026717056,2046,2046,-0.7201454677540367,2046,-0.8090663330322231,1988,31.202834799608993,886.936168050144,32.0,723.0,0.8212434355412502,29515,231.0,1728.0,0.009893274606132475,5.589526160670174,4.358073330938295,2046,2046,4.714685884468969,2046,4.490772992824728,1988,0.9306793156022362,0
PKNORLEN,50,linear,,0.15742656936426677,2017-12-28,27543,0,0.057618995752096724,0.07972987691972552,2196,reset,1,-0.11739406720235308,-0.9234924137070148,2196,2196,-0.48716918907396756,2196,-0.8779759241333056,2136,31.170765027322403,1006.9929201612025,32.0,935.0,0.7791090295174817,27543,250.0,1874.7999999999993,0.00584540536615474,9.19361542658162,7.581521676580089,2196,2196,8.454109361785044,2196,7.645304555610825,2136,0.9202701230802744,0
PKNORLEN,50,linear,,0.14529434735917213,2017-12-29,40972,0,0.055281655764912625,0.06946207165869374,2846,reset,1,-0.3210720218772924,-0.957346221797381,2846,2846,-0.683549745540892,2846,-0.7318028099754673,2759,31.72136331693605,1032.3790393439422,33.0,855.0,0.7958605877184419,40972,250.0,2048.0,0.0035634091574733963,9.495497752227763,8.223564368725473,2846,2846,8.771008015308755,2846,8.709544674868603,2759,0.9305379283413062,0
PKNORLEN,50,linear,,0.15537080485565644,all,98030,0,0.060838518820769155,0.0815260634499643,7992,reset,5,-0.22581277728210955,-0.8934751069943296,7992,7992,-0.6127425756610125,7992,-0.6902249593472896,6918,30.76614114114114,941.832785881873,32.0,779.0,0.7773640722227889,98030,225.0,1872.0,0.0064266041007854735,8.43612801162974,7.101031742500111,7992,7992,7.662429457908803,7992,7.457251307378005,6918,0.9184739365500357,0
PKNORLEN,50,linear,,0.13467728273759105,2017-12-27,29515,0,0.056208707436896495,0.07735049974589192,2283,reset,5,-0.27973968583036274,-0.8968602480145524,2283,2283,-0.7301546153220502,2283,-0.6935634449563006,2003,30.01533070521244,852.0080636964256,30.0,698.0,0.7996611892258174,29515,204.0,1697.0,0.00945282059969507,6.045009575630919,4.810467727240828,2283,2283,5.144012959947069,2283,5.040539692858515,2003,0.9226495002541081,0
PKNORLEN,50,linear,,0.17285698725629017,2017-12-28,27543,0,0.06433576589333043,0.09083977780198235,2502,reset,5,-0.09046621521431403,-0.8336342486108712,2502,2502,-0.4470497803719241,2502,-0.6910853348907766,2148,30.881694644284572,963.9761100824165,32.0,885.0,0.7559452492466325,27543,238.0,1854.0,0.006861997603746868,9.20693432705742,7.7207150127547175,2502,2502,8.49374987040457,2502,7.833262023031513,2148,0.9091602221980176,0
PKNORLEN,50,linear,,0.15852289368349118,2017-12-29,40972,0,0.06182270819095968,0.07827296690422728,3207,reset,5,-0.2930163837922319,-0.9377512375606674,3207,3207,-0.6584275420679819,3207,-0.6871403647169101,2767,31.21047708138447,991.6542028702529,32.0,826.0,0.775700478375476,40972,246.0,2014.0,0.003953919750073221,9.536959314462685,8.248181759544051,3207,3207,8.806670553257176,3207,8.91478739218422,2767,0.9217270330957728,0
PKNORLEN,50,xgboost,,0.1286544935223911,all,98030,0,0.05335101499540957,0.07000918086300112,6863,retain,0,-0.26146803174366995,-0.9459498172639935,6863,6863,-0.6542782151135845,6863,-0.8455527955129474,6863,31.87381611540143,981.965092318678,33.0,837.0,0.8119453228603488,98030,250.0,1892.0,0.006049168621850454,7.970127298431332,6.601252310569372,6863,6863,7.18467125215894,6863,6.8019477640165285,6863,0.9299908191369989,0
PKNORLEN,50,xgboost,,0.10909706928680332,2017-12-27,29515,0,0.04943249195324411,0.06762663052685075,1996,retain,0,-0.28867133291487124,-0.907246974059712,1996,1996,-0.7368548804048765,1996,-0.8678044511791196,1996,31.632765531062123,888.5758427918008,32.0,725.0,0.8316110452312384,29515,232.0,1728.0,0.009859393528714212,5.747091699915039,4.509662068548382,1996,1996,4.850669848389528,1996,4.588798245036631,1996,0.9323733694731492,0
PKNORLEN,50,xgboost,,0.145699451766329,2017-12-28,27543,0,0.05674763097701775,0.07798714736956759,2148,retain,0,-0.11270989410931628,-0.9854366540180266,2148,2148,-0.5155260962899361,2148,-0.9618582859510119,2148,31.713687150837988,1010.5469629306901,33.0,929.0,0.7919253530842683,27543,250.0,1874.0,0.005627564172384998,9.036413040438944,7.290986149409355,2148,2148,8.230796972719897,2148,7.338175586769114,2148,0.9220128526304324,0
PKNORLEN,50,xgboost,,0.13128477984965342,2017-12-29,40972,0,0.053890461778775746,0.06636239382993264,2719,retain,0,-0.35901664906653646,-0.9431668638576246,2719,2719,-0.7032728923154156,2719,-0.7373370918827002,2719,32.17727105553512,1030.026042175144,33.0,855.0,0.81123694230206,40972,255.0,2043.0,0.0035878160695108855,8.759681281809842,7.591787741700528,2719,2719,8.071610845450152,2719,8.002988248242831,2719,0.9336376061700674,0
PKNORLEN,50,xgboost,,0.13404059981638275,all,98030,0,0.05571763745792104,0.07353871263898806,7209,retain,1,-0.2527510440076112,-0.9085174797200414,7209,7209,-0.6309943664242653,7209,-0.7850684253578726,6999,31.41933693993619,969.7446087932266,32.0,825.0,0.8040395797204938,98030,250.0,1885.0,0.006202183005202489,8.007411668115724,6.695967189198273,7209,7209,7.251077624056883,7209,6.921784813595083,6999,0.926461287361012,0
PKNORLEN,50,xgboost,,0.11458580382856175,2017-12-27,29515,0,0.051736405217685924,0.0710486193460952,2097,retain,1,-0.29067788787205373,-0.901741313500187,2097,2097,-0.7374283193109673,2097,-0.8172881630738095,2038,31.081068192656176,877.9546671184144,32.0,713.0,0.8236151109605285,29515,225.0,1726.000000000011,0.010062679993223784,5.87291546089153,4.650518890180144,2097,2097,4.979348820973152,2097,4.777531141446329,2038,0.9289513806539048,0
PKNORLEN,50,xgboost,,0.15125440220745742,2017-12-28,27543,0,0.05918019097411321,0.08183567512616635,2254,retain,1,-0.11925984814543115,-0.9331825353243849,2254,2254,-0.5011859885111424,2254,-0.880777803807744,2192,31.32874889086069,997.1288530661149,32.0,920.0,0.783647387721018,27543,250.0,1855.0,0.00591801909741132,9.04179984605288,7.4139939443443925,2254,2254,8.277961401151208,2254,7.480447161466451,2192,0.9181643248738336,0
PKNORLEN,50,xgboost,,0.13648345211363858,2017-12-29,40972,0,0.056257932246412186,0.06975495460314361,2858,retain,1,-0.3302026059004096,-0.8940369287161378,2858,2858,-0.6552757116351696,2858,-0.6855889081938433,2769,31.73897830650805,1017.4585570633603,33.0,852.0,0.8036463926584009,40972,250.0,2021.0,0.0036122229815483747,8.757771217968338,7.630492303593536,2858,2858,8.108047276434762,2858,8.05771876711806,2769,0.9302450453968564,0
PKNORLEN,50,xgboost,,0.14891359787820055,all,98030,0,0.062062633887585435,0.0826991737223299,8107,retain,5,-0.23317737161414273,-0.8639824716156529,8107,8107,-0.5984628473990948,8107,-0.6778746889382581,7023,30.738744295053657,932.4234316025706,32.0,767.0,0.7824849535856371,98030,220.0,1864.0,0.006538814648576966,8.157180086672826,6.895703125360742,8107,8107,7.4267401187787305,8107,7.2032478642893,7023,0.9173008262776701,0
PKNORLEN,50,xgboost,,0.1295612400474335,2017-12-27,29515,0,0.0587836693206844,0.07955276977807894,2348,retain,5,-0.281382989067882,-0.8888983960892233,2348,2348,-0.7287318082208969,2348,-0.7143677804446952,2059,29.905877342419082,844.4374047094698,30.0,679.0,0.8018295781805862,29515,184.0,1690.0,0.009825512451295952,6.2673452311269875,5.052036479131027,2348,2348,5.372502118772421,2348,5.244496370360444,2059,0.9204472302219211,0
PKNORLEN,50,xgboost,,0.16773771920270122,2017-12-28,27543,0,0.06524343753403769,0.09280034854591003,2556,retain,5,-0.10071995422526638,-0.8325158587821183,2556,2556,-0.44281241657038195,2556,-0.7050538033204137,2203,30.84663536776213,956.6402715753549,32.0,855.0,0.7600842319282577,27543,223.40000000000055,1848.0,0.006934611335003449,9.022692474036687,7.55913144695275,2556,2556,8.338428411498949,2556,7.657697841372253,2203,0.90719965145409,0
PKNORLEN,50,xgboost,,0.1502001366787074,2017-12-29,40972,0,0.06228643951967197,0.07817533925607732,3203,retain,5,-0.3035408961425811,-0.8708279513966616,3203,3203,-0.6271768596340618,3203,-0.628973977458489,2761,31.263190758663754,979.5264082788245,32.0,807.0,0.7836083178756224,40972,243.0,1994.0,0.003905105925998243,8.851867123425746,7.717809430499114,3203,3203,8.20509651834849,3203,8.301370293295372,2761,0.9218246607439227,0
PKNORLEN,50,xgboost,,0.1286544935223911,all,98030,0,0.05335101499540957,0.07000918086300112,6863,reset,0,-0.26146803174366995,-0.9459498172639935,6863,6863,-0.6542782151135845,6863,-0.8455527955129474,6863,31.87381611540143,981.965092318678,33.0,837.0,0.8119453228603488,98030,250.0,1892.0,0.006049168621850454,7.970127298431332,6.601252310569372,6863,6863,7.18467125215894,6863,6.8019477640165285,6863,0.9299908191369989,0
PKNORLEN,50,xgboost,,0.10909706928680332,2017-12-27,29515,0,0.04943249195324411,0.06762663052685075,1996,reset,0,-0.28867133291487124,-0.907246974059712,1996,1996,-0.7368548804048765,1996,-0.8678044511791196,1996,31.632765531062123,888.5758427918008,32.0,725.0,0.8316110452312384,29515,232.0,1728.0,0.009859393528714212,5.747091699915039,4.509662068548382,1996,1996,4.850669848389528,1996,4.588798245036631,1996,0.9323733694731492,0
PKNORLEN,50,xgboost,,0.145699451766329,2017-12-28,27543,0,0.05674763097701775,0.07798714736956759,2148,reset,0,-0.11270989410931628,-0.9854366540180266,2148,2148,-0.5155260962899361,2148,-0.9618582859510119,2148,31.713687150837988,1010.5469629306901,33.0,929.0,0.7919253530842683,27543,250.0,1874.0,0.005627564172384998,9.036413040438944,7.290986149409355,2148,2148,8.230796972719897,2148,7.338175586769114,2148,0.9220128526304324,0
PKNORLEN,50,xgboost,,0.13128477984965342,2017-12-29,40972,0,0.053890461778775746,0.06636239382993264,2719,reset,0,-0.35901664906653646,-0.9431668638576246,2719,2719,-0.7032728923154156,2719,-0.7373370918827002,2719,32.17727105553512,1030.026042175144,33.0,855.0,0.81123694230206,40972,255.0,2043.0,0.0035878160695108855,8.759681281809842,7.591787741700528,2719,2719,8.071610845450152,2719,8.002988248242831,2719,0.9336376061700674,0
PKNORLEN,50,xgboost,,0.13404059981638275,all,98030,0,0.05571763745792104,0.07353871263898806,7209,reset,1,-0.2527510440076112,-0.9085174797200414,7209,7209,-0.6309943664242653,7209,-0.7850684253578726,6999,31.41933693993619,969.7446087932266,32.0,825.0,0.8040395797204938,98030,250.0,1885.0,0.006202183005202489,8.007411668115724,6.695967189198273,7209,7209,7.251077624056883,7209,6.921784813595083,6999,0.926461287361012,0
PKNORLEN,50,xgboost,,0.11458580382856175,2017-12-27,29515,0,0.051736405217685924,0.0710486193460952,2097,reset,1,-0.29067788787205373,-0.901741313500187,2097,2097,-0.7374283193109673,2097,-0.8172881630738095,2038,31.081068192656176,877.9546671184144,32.0,713.0,0.8236151109605285,29515,225.0,1726.000000000011,0.010062679993223784,5.87291546089153,4.650518890180144,2097,2097,4.979348820973152,2097,4.777531141446329,2038,0.9289513806539048,0
PKNORLEN,50,xgboost,,0.15125440220745742,2017-12-28,27543,0,0.05918019097411321,0.08183567512616635,2254,reset,1,-0.11925984814543115,-0.9331825353243849,2254,2254,-0.5011859885111424,2254,-0.880777803807744,2192,31.32874889086069,997.1288530661149,32.0,920.0,0.783647387721018,27543,250.0,1855.0,0.00591801909741132,9.04179984605288,7.4139939443443925,2254,2254,8.277961401151208,2254,7.480447161466451,2192,0.9181643248738336,0
PKNORLEN,50,xgboost,,0.13648345211363858,2017-12-29,40972,0,0.056257932246412186,0.06975495460314361,2858,reset,1,-0.3302026059004096,-0.8940369287161378,2858,2858,-0.6552757116351696,2858,-0.6855889081938433,2769,31.73897830650805,1017.4585570633603,33.0,852.0,0.8036463926584009,40972,250.0,2021.0,0.0036122229815483747,8.757771217968338,7.630492303593536,2858,2858,8.108047276434762,2858,8.05771876711806,2769,0.9302450453968564,0
PKNORLEN,50,xgboost,,0.14891359787820055,all,98030,0,0.062062633887585435,0.0826991737223299,8107,reset,5,-0.23317737161414273,-0.8639824716156529,8107,8107,-0.5984628473990948,8107,-0.6778746889382581,7023,30.738744295053657,932.4234316025706,32.0,767.0,0.7824849535856371,98030,220.0,1864.0,0.006538814648576966,8.157180086672826,6.895703125360742,8107,8107,7.4267401187787305,8107,7.2032478642893,7023,0.9173008262776701,0
PKNORLEN,50,xgboost,,0.1295612400474335,2017-12-27,29515,0,0.0587836693206844,0.07955276977807894,2348,reset,5,-0.281382989067882,-0.8888983960892233,2348,2348,-0.7287318082208969,2348,-0.7143677804446952,2059,29.905877342419082,844.4374047094698,30.0,679.0,0.8018295781805862,29515,184.0,1690.0,0.009825512451295952,6.2673452311269875,5.052036479131027,2348,2348,5.372502118772421,2348,5.244496370360444,2059,0.9204472302219211,0
PKNORLEN,50,xgboost,,0.16773771920270122,2017-12-28,27543,0,0.06524343753403769,0.09280034854591003,2556,reset,5,-0.10071995422526638,-0.8325158587821183,2556,2556,-0.44281241657038195,2556,-0.7050538033204137,2203,30.84663536776213,956.6402715753549,32.0,855.0,0.7600842319282577,27543,223.40000000000055,1848.0,0.006934611335003449,9.022692474036687,7.55913144695275,2556,2556,8.338428411498949,2556,7.657697841372253,2203,0.90719965145409,0
PKNORLEN,50,xgboost,,0.1502001366787074,2017-12-29,40972,0,0.06228643951967197,0.07817533925607732,3203,reset,5,-0.3035408961425811,-0.8708279513966616,3203,3203,-0.6271768596340618,3203,-0.628973977458489,2761,31.263190758663754,979.5264082788245,32.0,807.0,0.7836083178756224,40972,243.0,1994.0,0.003905105925998243,8.851867123425746,7.717809430499114,3203,3203,8.20509651834849,3203,8.301370293295372,2761,0.9218246607439227,0
PKOBP,10,linear,,0.03564914607859393,all,102527,0,0.004847503584421664,0.006115462268475621,627,retain,0,0.03900889077695159,-0.17306624152306743,627,627,-0.014865698326971558,627,0.04454414525596118,627,7.6682615629984054,2201.3936036361156,8.0,1758.0,0.9592595121285125,102527,507.0,4458.0,0.00024383820847191472,3.440201327614859,3.0160428610955337,627,627,3.332485287277733,627,3.451270869909053,627,0.9938845377315244,0
PKOBP,10,linear,,0.018605267809793175,2017-12-27,22628,0,0.0041541453066996645,0.004507689588120912,102,retain,0,0.10142490583317663,-0.043358788269142544,102,102,-0.07678614059345663,102,0.034367983420146644,102,7.950980392156863,2670.2949001237407,8.0,2139.5,0.9772405868835071,22628,894.0,5000.0,0.0,3.169560095766834,2.879939577482678,102,102,2.8130798228689895,102,3.035393035946526,102,0.9954923104118791,0
PKOBP,10,linear,,0.024520849349203403,2017-12-28,37723,0,0.0035257005010205975,0.004506534474988734,170,retain,0,-0.24065439765628424,-0.366862669643777,170,170,-0.2000875687068172,170,-0.16706538845373142,170,7.594117647058823,2585.198711661321,8.0,2008.0,0.9718739230708056,37723,623.0,5498.0,7.952707897038942e-05,3.14794791685541,2.8954621902017355,170,170,3.2291125730026677,170,3.295183753677852,170,0.9954934655250113,0
PKOBP,10,linear,,0.054746775417298936,2017-12-29,42176,0,0.0064017450682852806,0.008417109256449165,355,retain,0,0.15499854006685337,-0.11753037518892577,355,355,0.09162332442163479,355,0.14880214310920292,355,7.622535211267605,1606.539216616085,8.0,1359.0,0.9383298558421851,42176,400.0,3300.0,0.0005216236722306525,3.6579153712137455,3.1128914497728775,355,355,3.5312253402254874,355,3.6455084722287197,355,0.9915828907435509,0
PKOBP,10,linear,,0.03778516878480791,all,102527,0,0.0055790182098374086,0.007159089800735416,734,retain,1,0.06109962406133948,-0.15380431501682218,734,734,0.007443183021661292,734,0.07259399026782888,588,7.520435967302452,2176.445697230973,8.0,1725.0,0.9563139465701718,102527,500.0,4445.0,0.0003218664351829274,3.3609900533460433,2.9311842888497304,734,734,3.2537225445590137,734,3.338817924822778,588,0.9928409101992646,0
PKOBP,10,linear,,0.019842672794767546,2017-12-27,22628,0,0.005038006010252784,0.005479936362029344,124,retain,1,0.11102405967603655,-0.04472176072823328,124,124,-0.06305942635413249,124,0.03664817513280308,95,7.782258064516129,2644.150212126569,8.0,2100.0,0.975075128159802,22628,857.2000000000016,5000.0,4.4193035177656004e-05,3.2496088441537356,2.9380798100004735,124,124,2.9013982275098718,124,3.0430059074851896,95,0.9945200636379706,0
PKOBP,10,linear,,0.026111390928611193,2017-12-28,37723,0,0.0040293720011663975,0.005195769159398776,196,retain,1,-0.1680557441786598,-0.2773439700147829,196,196,-0.11541135625689,196,-0.07962772395384664,157,7.581632653061225,2557.8615433555124,8.0,1998.0,0.9697532009649286,37723,591.0,5456.0,0.00010603610529385256,3.112219309863563,2.89358033921232,196,196,3.2175376628278096,196,3.351720165295604,157,0.9948042308406012,0
PKOBP,10,linear,,0.057852807283763276,2017-12-29,42176,0,0.007255311077389985,0.009816009104704097,414,retain,1,0.1546354263773236,-0.12798901151968384,414,414,0.08672292519845959,414,0.1538846497042292,336,7.413043478260869,1584.3704002276177,8.0,1347.0,0.9342279969650986,42176,400.0,3291.0,0.0006638846737481032,3.512126129825299,2.9469217997343704,414,414,3.376380641499616,414,3.416426525694317,336,0.9901839908952959,0
PKOBP,10,linear,,0.04075999492816526,all,102527,0,0.006729934553824846,0.008914724901733203,914,retain,5,0.06776169835705867,-0.17200080146575064,914,914,-0.023796599358283155,914,0.09394396202750303,192,7.389496717724289,2105.1359446779875,8.0,1620.0,0.9520028870443883,102527,400.0,4380.0,0.0005071834736215826,3.2299463663607946,2.7504151222368436,914,914,3.046838721656202,914,2.590761008369979,192,0.9910852750982668,0
PKOBP,10,linear,,0.02200813151847269,2017-12-27,22628,0,0.00729185080431324,0.007910553296800424,179,retain,5,0.051495051711254576,-0.3362474955631015,179,179,-0.2472169473565241,179,0.1425106396411301,32,7.64245810055866,2562.766395616051,8.0,2026.0,0.9704348594661482,22628,750.0,4993.699999999993,0.00026515821106593603,3.1788840466114627,2.4033628607531425,179,179,2.5814080216537945,179,3.0571487407760567,32,0.9920894467031995,0
PKOBP,10,linear,,0.029239456034779843,2017-12-28,37723,0,0.005222278185722238,0.007051401002041195,266,retain,5,0.008231580156977898,-0.16988378870840756,266,266,-0.04211220785061096,266,0.020832814440730457,54,7.364661654135339,2472.7676483842747,8.0,1852.0,0.9653261935689103,37723,495.0,5363.0,0.00021207221058770512,3.204844259009704,2.8485223501246066,266,266,3.104125562038821,266,2.397002785063597,54,0.9929485989979588,0
PKOBP,10,linear,,0.061124810318664645,2017-12-29,42176,0,0.007776934749620637,0.011120068285280728,469,retain,5,0.10773342797501266,-0.11051459069821855,469,469,0.07186266322304802,469,0.11652762510344317,106,7.3070362473347545,1530.7943143019727,8.0,1275.0,0.9301972685887708,42176,351.0,3195.0,0.0009009863429438543,3.263671986383226,2.827229263361444,469,469,3.1919854077087693,469,2.5486717312147915,106,0.9888799317147192,0
PKOBP,10,linear,,0.03564914607859393,all,102527,0,0.004847503584421664,0.006115462268475621,627,reset,0,0.03900889077695159,-0.17306624152306743,627,627,-0.014865698326971558,627,0.04454414525596118,627,7.6682615629984054,2201.3936036361156,8.0,1758.0,0.9592595121285125,102527,507.0,4458.0,0.00024383820847191472,3.440201327614859,3.0160428610955337,627,627,3.332485287277733,627,3.451270869909053,627,0.9938845377315244,0
PKOBP,10,linear,,0.018605267809793175,2017-12-27,22628,0,0.0041541453066996645,0.004507689588120912,102,reset,0,0.10142490583317663,-0.043358788269142544,102,102,-0.07678614059345663,102,0.034367983420146644,102,7.950980392156863,2670.2949001237407,8.0,2139.5,0.9772405868835071,22628,894.0,5000.0,0.0,3.169560095766834,2.879939577482678,102,102,2.8130798228689895,102,3.035393035946526,102,0.9954923104118791,0
PKOBP,10,linear,,0.024520849349203403,2017-12-28,37723,0,0.0035257005010205975,0.004506534474988734,170,reset,0,-0.24065439765628424,-0.366862669643777,170,170,-0.2000875687068172,170,-0.16706538845373142,170,7.594117647058823,2585.198711661321,8.0,2008.0,0.9718739230708056,37723,623.0,5498.0,7.952707897038942e-05,3.14794791685541,2.8954621902017355,170,170,3.2291125730026677,170,3.295183753677852,170,0.9954934655250113,0
PKOBP,10,linear,,0.054746775417298936,2017-12-29,42176,0,0.0064017450682852806,0.008417109256449165,355,reset,0,0.15499854006685337,-0.11753037518892577,355,355,0.09162332442163479,355,0.14880214310920292,355,7.622535211267605,1606.539216616085,8.0,1359.0,0.9383298558421851,42176,400.0,3300.0,0.0005216236722306525,3.6579153712137455,3.1128914497728775,355,355,3.5312253402254874,355,3.6455084722287197,355,0.9915828907435509,0
PKOBP,10,linear,,0.03778516878480791,all,102527,0,0.0055790182098374086,0.007159089800735416,734,reset,1,0.06109962406133948,-0.15380431501682218,734,734,0.007443183021661292,734,0.07259399026782888,588,7.520435967302452,2176.445697230973,8.0,1725.0,0.9563139465701718,102527,500.0,4445.0,0.0003218664351829274,3.3609900533460433,2.9311842888497304,734,734,3.2537225445590137,734,3.338817924822778,588,0.9928409101992646,0
PKOBP,10,linear,,0.019842672794767546,2017-12-27,22628,0,0.005038006010252784,0.005479936362029344,124,reset,1,0.11102405967603655,-0.04472176072823328,124,124,-0.06305942635413249,124,0.03664817513280308,95,7.782258064516129,2644.150212126569,8.0,2100.0,0.975075128159802,22628,857.2000000000016,5000.0,4.4193035177656004e-05,3.2496088441537356,2.9380798100004735,124,124,2.9013982275098718,124,3.0430059074851896,95,0.9945200636379706,0
PKOBP,10,linear,,0.026111390928611193,2017-12-28,37723,0,0.0040293720011663975,0.005195769159398776,196,reset,1,-0.1680557441786598,-0.2773439700147829,196,196,-0.11541135625689,196,-0.07962772395384664,157,7.581632653061225,2557.8615433555124,8.0,1998.0,0.9697532009649286,37723,591.0,5456.0,0.00010603610529385256,3.112219309863563,2.89358033921232,196,196,3.2175376628278096,196,3.351720165295604,157,0.9948042308406012,0
PKOBP,10,linear,,0.057852807283763276,2017-12-29,42176,0,0.007255311077389985,0.009816009104704097,414,reset,1,0.1546354263773236,-0.12798901151968384,414,414,0.08672292519845959,414,0.1538846497042292,336,7.413043478260869,1584.3704002276177,8.0,1347.0,0.9342279969650986,42176,400.0,3291.0,0.0006638846737481032,3.512126129825299,2.9469217997343704,414,414,3.376380641499616,414,3.416426525694317,336,0.9901839908952959,0
PKOBP,10,linear,,0.04075999492816526,all,102527,0,0.006729934553824846,0.008914724901733203,914,reset,5,0.06776169835705867,-0.17200080146575064,914,914,-0.023796599358283155,914,0.09394396202750303,192,7.389496717724289,2105.1359446779875,8.0,1620.0,0.9520028870443883,102527,400.0,4380.0,0.0005071834736215826,3.2299463663607946,2.7504151222368436,914,914,3.046838721656202,914,2.590761008369979,192,0.9910852750982668,0
PKOBP,10,linear,,0.02200813151847269,2017-12-27,22628,0,0.00729185080431324,0.007910553296800424,179,reset,5,0.051495051711254576,-0.3362474955631015,179,179,-0.2472169473565241,179,0.1425106396411301,32,7.64245810055866,2562.766395616051,8.0,2026.0,0.9704348594661482,22628,750.0,4993.699999999993,0.00026515821106593603,3.1788840466114627,2.4033628607531425,179,179,2.5814080216537945,179,3.0571487407760567,32,0.9920894467031995,0
PKOBP,10,linear,,0.029239456034779843,2017-12-28,37723,0,0.005222278185722238,0.007051401002041195,266,reset,5,0.008231580156977898,-0.16988378870840756,266,266,-0.04211220785061096,266,0.020832814440730457,54,7.364661654135339,2472.7676483842747,8.0,1852.0,0.9653261935689103,37723,495.0,5363.0,0.00021207221058770512,3.204844259009704,2.8485223501246066,266,266,3.104125562038821,266,2.397002785063597,54,0.9929485989979588,0
PKOBP,10,linear,,0.061124810318664645,2017-12-29,42176,0,0.007776934749620637,0.011120068285280728,469,reset,5,0.10773342797501266,-0.11051459069821855,469,469,0.07186266322304802,469,0.11652762510344317,106,7.3070362473347545,1530.7943143019727,8.0,1275.0,0.9301972685887708,42176,351.0,3195.0,0.0009009863429438543,3.263671986383226,2.827229263361444,469,469,3.1919854077087693,469,2.5486717312147915,106,0.9888799317147192,0
PKOBP,10,xgboost,,0.034946892038194816,all,102527,0,0.00457440479093312,0.005715567606581681,586,retain,0,0.07281317499266644,-0.14473158638034975,586,586,0.01691090977311548,586,0.09598378687158984,586,7.725255972696246,2184.841154037473,8.0,1739.0,0.960244618490739,102527,505.0,4445.0,0.00023408468013303812,3.4582584929175626,3.0231568756760825,586,586,3.3464734990439884,586,3.5046009598885943,586,0.9942844323934183,0
PKOBP,10,xgboost,,0.018119144422838962,2017-12-27,22628,0,0.004463496552943256,0.00486123386954216,110,retain,0,0.19742971364817669,-0.0402243940608455,110,110,-0.029900513852692177,110,0.1042626124023248,110,7.890909090909091,2646.247480996995,8.0,2100.0,0.9773731659890401,22628,866.0,5000.0,4.4193035177656004e-05,2.959721916796279,2.4844348835830177,110,110,2.505082691297689,110,2.773404160264822,110,0.9951387661304578,0
PKOBP,10,xgboost,,0.023884632717440287,2017-12-28,37723,0,0.003446173422050208,0.004400498369694881,166,retain,0,-0.15103601127515126,-0.24644806034886527,166,166,-0.10282030942957436,166,-0.0620508570155792,166,7.692771084337349,2566.973278901466,8.0,2000.0,0.9725896667815391,37723,616.0,5425.800000000061,7.952707897038942e-05,3.3051754427179514,3.114288056489272,166,166,3.401627598709743,166,3.4831986947954103,166,0.9955995016303051,0
PKOBP,10,xgboost,,0.05386949924127466,2017-12-29,42176,0,0.005643019726858877,0.007350151745068285,310,retain,0,0.14846203198734909,-0.1273472524331623,310,310,0.09763555166500365,310,0.17767114195832923,310,7.683870967741935,1595.5042678300456,8.0,1348.0,0.940013277693475,42176,400.0,3291.0,0.0004742033383915023,3.717132072615874,3.165517014757526,310,310,3.6154973968103685,310,3.7755184565469277,310,0.9926498482549317,0
PKOBP,10,xgboost,,0.03677080183756474,all,102527,0,0.005218137661298975,0.006651906327113833,682,retain,1,0.0906964575166108,-0.13586314494592575,682,682,0.03939100044850484,682,0.10603183971598738,541,7.571847507331379,2163.8202522262427,8.0,1710.0,0.9576989475942922,102527,496.0,4403.0,0.00031211290684405083,3.346222371641035,2.8931115721883027,682,682,3.2436544719379676,682,3.3660155973799797,541,0.9933480936728861,0
PKOBP,10,xgboost,,0.01953332154852395,2017-12-27,22628,0,0.005258971186141064,0.005700901537917624,129,retain,1,0.19482913976794536,-0.04304763193058386,129,129,-0.01662927393134174,129,0.09262491303364813,99,7.72093023255814,2625.8297684284958,8.0,2084.0,0.9751635142301573,22628,832.0,5000.0,4.4193035177656004e-05,2.912174193277469,2.4364668350151364,129,129,2.4892975703880356,129,2.6675672794175687,99,0.9942990984620824,0
PKOBP,10,xgboost,,0.025369138191554223,2017-12-28,37723,0,0.003923335895872545,0.005010205975134533,189,retain,1,-0.13257397021272962,-0.21615482135566658,189,189,-0.07808095546219923,189,-0.045862571675046954,150,7.592592592592593,2543.6317631153406,8.0,1990.0,0.9706014898072793,37723,591.0,5400.60000000002,0.00010603610529385256,3.298802163999254,3.1315822894215617,189,189,3.4078119702478356,189,3.5678049798230838,150,0.9949897940248654,0
PKOBP,10,xgboost,,0.05621680576631259,2017-12-29,42176,0,0.00635432473444613,0.008630500758725342,364,retain,1,0.16972116858920194,-0.12706664587322822,364,364,0.12023939347631608,364,0.1886052898879283,292,7.508241758241758,1576.2353471168437,8.0,1334.0,0.9367886949924128,42176,400.0,3261.0,0.0006401745068285281,3.5246691690399268,2.9311231258648207,364,364,3.4257596178703187,364,3.4991593511875587,292,0.9913694992412747,0
PKOBP,10,xgboost,,0.04043812849298234,all,102527,0,0.006486096345352931,0.008592858466550274,881,retain,5,0.11769851336141876,-0.1334266666250561,881,881,0.02022704382590198,881,0.17402464904932238,175,7.430192962542566,2094.9366605869673,8.0,1607.0,0.952588098744721,102527,400.0,4370.0,0.00048767641694382944,3.2603864857241995,2.758134570076038,881,881,3.0654692418799034,881,2.608801191941542,175,0.9914071415334498,0
PKOBP,10,xgboost,,0.022405868835071594,2017-12-27,22628,0,0.00684992045253668,0.007468622945023864,169,retain,5,0.142082742271003,-0.23492755192133735,169,169,-0.18098477273872973,169,0.3039322411210177,30,7.650887573964497,2549.6045165281953,8.0,2000.0,0.9705674385716812,22628,750.0,4978.0,0.00017677214071062401,2.8025596207410257,2.0485681337551176,169,169,2.1564352894598136,169,2.3525935353968968,30,0.9925313770549762,0
PKOBP,10,xgboost,,0.029372001166397158,2017-12-28,37723,0,0.005116242080428386,0.00683932879145349,258,retain,5,0.03905957108600592,-0.10940437964519148,258,258,0.00917278274217019,258,0.04389062249810552,51,7.352713178294573,2461.4293401903346,8.0,1842.0,0.9652996845425867,37723,489.0,5360.0,0.00021207221058770512,3.2773083056893464,2.9802983553206954,258,258,3.2175116092014746,258,2.4923047527066355,51,0.9931606712085466,0
PKOBP,10,xgboost,,0.06001043247344461,2017-12-29,42176,0,0.007516122913505311,0.010764415781487102,454,retain,5,0.15331065525863632,-0.109294729236804,454,454,0.10140941466076002,454,0.20316941066593094,94,7.392070484581498,1523.2032672610014,8.0,1259.5,0.9315724582701063,42176,351.0,3166.0,0.0009009863429438543,3.421194658920561,2.8960166651093275,454,454,3.317451196042964,454,2.7537751078704735,94,0.9892355842185129,0
PKOBP,10,xgboost,,0.034946892038194816,all,102527,0,0.00457440479093312,0.005715567606581681,586,reset,0,0.07281317499266644,-0.14473158638034975,586,586,0.01691090977311548,586,0.09598378687158984,586,7.725255972696246,2184.841154037473,8.0,1739.0,0.960244618490739,102527,505.0,4445.0,0.00023408468013303812,3.4582584929175626,3.0231568756760825,586,586,3.3464734990439884,586,3.5046009598885943,586,0.9942844323934183,0
PKOBP,10,xgboost,,0.018119144422838962,2017-12-27,22628,0,0.004463496552943256,0.00486123386954216,110,reset,0,0.19742971364817669,-0.0402243940608455,110,110,-0.029900513852692177,110,0.1042626124023248,110,7.890909090909091,2646.247480996995,8.0,2100.0,0.9773731659890401,22628,866.0,5000.0,4.4193035177656004e-05,2.959721916796279,2.4844348835830177,110,110,2.505082691297689,110,2.773404160264822,110,0.9951387661304578,0
PKOBP,10,xgboost,,0.023884632717440287,2017-12-28,37723,0,0.003446173422050208,0.004400498369694881,166,reset,0,-0.15103601127515126,-0.24644806034886527,166,166,-0.10282030942957436,166,-0.0620508570155792,166,7.692771084337349,2566.973278901466,8.0,2000.0,0.9725896667815391,37723,616.0,5425.800000000061,7.952707897038942e-05,3.3051754427179514,3.114288056489272,166,166,3.401627598709743,166,3.4831986947954103,166,0.9955995016303051,0
PKOBP,10,xgboost,,0.05386949924127466,2017-12-29,42176,0,0.005643019726858877,0.007350151745068285,310,reset,0,0.14846203198734909,-0.1273472524331623,310,310,0.09763555166500365,310,0.17767114195832923,310,7.683870967741935,1595.5042678300456,8.0,1348.0,0.940013277693475,42176,400.0,3291.0,0.0004742033383915023,3.717132072615874,3.165517014757526,310,310,3.6154973968103685,310,3.7755184565469277,310,0.9926498482549317,0
PKOBP,10,xgboost,,0.03677080183756474,all,102527,0,0.005218137661298975,0.006651906327113833,682,reset,1,0.0906964575166108,-0.13586314494592575,682,682,0.03939100044850484,682,0.10603183971598738,541,7.571847507331379,2163.8202522262427,8.0,1710.0,0.9576989475942922,102527,496.0,4403.0,0.00031211290684405083,3.346222371641035,2.8931115721883027,682,682,3.2436544719379676,682,3.3660155973799797,541,0.9933480936728861,0
PKOBP,10,xgboost,,0.01953332154852395,2017-12-27,22628,0,0.005258971186141064,0.005700901537917624,129,reset,1,0.19482913976794536,-0.04304763193058386,129,129,-0.01662927393134174,129,0.09262491303364813,99,7.72093023255814,2625.8297684284958,8.0,2084.0,0.9751635142301573,22628,832.0,5000.0,4.4193035177656004e-05,2.912174193277469,2.4364668350151364,129,129,2.4892975703880356,129,2.6675672794175687,99,0.9942990984620824,0
PKOBP,10,xgboost,,0.025369138191554223,2017-12-28,37723,0,0.003923335895872545,0.005010205975134533,189,reset,1,-0.13257397021272962,-0.21615482135566658,189,189,-0.07808095546219923,189,-0.045862571675046954,150,7.592592592592593,2543.6317631153406,8.0,1990.0,0.9706014898072793,37723,591.0,5400.60000000002,0.00010603610529385256,3.298802163999254,3.1315822894215617,189,189,3.4078119702478356,189,3.5678049798230838,150,0.9949897940248654,0
PKOBP,10,xgboost,,0.05621680576631259,2017-12-29,42176,0,0.00635432473444613,0.008630500758725342,364,reset,1,0.16972116858920194,-0.12706664587322822,364,364,0.12023939347631608,364,0.1886052898879283,292,7.508241758241758,1576.2353471168437,8.0,1334.0,0.9367886949924128,42176,400.0,3261.0,0.0006401745068285281,3.5246691690399268,2.9311231258648207,364,364,3.4257596178703187,364,3.4991593511875587,292,0.9913694992412747,0
PKOBP,10,xgboost,,0.04043812849298234,all,102527,0,0.006486096345352931,0.008592858466550274,881,reset,5,0.11769851336141876,-0.1334266666250561,881,881,0.02022704382590198,881,0.17402464904932238,175,7.430192962542566,2094.9366605869673,8.0,1607.0,0.952588098744721,102527,400.0,4370.0,0.00048767641694382944,3.2603864857241995,2.758134570076038,881,881,3.0654692418799034,881,2.608801191941542,175,0.9914071415334498,0
PKOBP,10,xgboost,,0.022405868835071594,2017-12-27,22628,0,0.00684992045253668,0.007468622945023864,169,reset,5,0.142082742271003,-0.23492755192133735,169,169,-0.18098477273872973,169,0.3039322411210177,30,7.650887573964497,2549.6045165281953,8.0,2000.0,0.9705674385716812,22628,750.0,4978.0,0.00017677214071062401,2.8025596207410257,2.0485681337551176,169,169,2.1564352894598136,169,2.3525935353968968,30,0.9925313770549762,0
PKOBP,10,xgboost,,0.029372001166397158,2017-12-28,37723,0,0.005116242080428386,0.00683932879145349,258,reset,5,0.03905957108600592,-0.10940437964519148,258,258,0.00917278274217019,258,0.04389062249810552,51,7.352713178294573,2461.4293401903346,8.0,1842.0,0.9652996845425867,37723,489.0,5360.0,0.00021207221058770512,3.2773083056893464,2.9802983553206954,258,258,3.2175116092014746,258,2.4923047527066355,51,0.9931606712085466,0
PKOBP,10,xgboost,,0.06001043247344461,2017-12-29,42176,0,0.007516122913505311,0.010764415781487102,454,reset,5,0.15331065525863632,-0.109294729236804,454,454,0.10140941466076002,454,0.20316941066593094,94,7.392070484581498,1523.2032672610014,8.0,1259.5,0.9315724582701063,42176,351.0,3166.0,0.0009009863429438543,3.421194658920561,2.8960166651093275,454,454,3.317451196042964,454,2.7537751078704735,94,0.9892355842185129,0
PKOBP,20,linear,,0.06849956584095145,all,102497,0,0.019990828999873166,0.025405621627950088,2604,retain,0,-0.036542694544967724,-0.3372377112304031,2604,2604,-0.1700698937115117,2604,-0.17557739588056415,2604,13.918202764976959,2201.103954262076,15.0,1758.0,0.9103095700361962,102497,507.0,4458.0,0.0012000351229792092,3.3291093377646925,2.727626603672437,2604,2604,3.0620084179851594,2604,3.0509840910945543,2604,0.9745943783720499,0
PKOBP,20,linear,,0.036077460429746216,2017-12-27,22618,0,0.022459987620479266,0.023874789990273235,540,retain,0,-0.03315872746095833,-0.4016245279842262,540,540,-0.23096558148853022,540,-0.14257847353761785,540,14.457407407407407,2668.4314705102133,15.0,2133.0,0.9413299142276064,22618,885.0,5000.0,0.00013263772216818464,3.0436487848083766,2.3066669670143987,540,540,2.647977627377091,540,2.8247628865336463,540,0.9761252100097267,0
PKOBP,20,linear,,0.0488160581231936,2017-12-28,37713,0,0.01670511494710047,0.02023175032482168,763,retain,0,-0.08924322158294322,-0.3975957157037888,763,763,-0.19855555857763085,763,-0.22685773592561007,763,14.115334207077327,2585.5937209980643,15.0,2008.0,0.9339219897648026,37713,623.0,5498.0,0.000556837164903349,3.865787384247152,3.2489572069883326,763,763,3.647132395110982,763,3.590490482818731,763,0.9797682496751783,0
PKOBP,20,linear,,0.10349570744201489,2017-12-29,42166,0,0.021605084665370203,0.030854242754826164,1301,retain,0,-0.007039881397688499,-0.275114699347038,1301,1301,-0.12808816143446408,1301,-0.15919962386735964,1301,13.578785549577248,1606.5425461272116,14.0,1359.0,0.8725513446852915,42166,400.0,3300.0,0.002347863207323436,3.132847500047778,2.5966065832768277,1301,1301,2.890699449792503,1301,2.8284753082946645,1301,0.9691457572451738,0
PKOBP,20,linear,,0.07095817438559178,all,102497,0,0.021317697103329855,0.027425192932476073,2811,retain,1,-0.018946612613203934,-0.3200263317284946,2811,2811,-0.15350591160101876,2811,-0.14399110095697273,2571,13.673781572394166,2176.0174541693905,14.0,1725.0,0.9063875040245081,102497,500.0,4445.0,0.0013366244865703387,3.2449740698607035,2.6427307939226368,2811,2811,2.975817019129772,2811,2.991663445467609,2571,0.972574807067524,0
PKOBP,20,linear,,0.03775753824387656,2017-12-27,22618,0,0.023919002564329297,0.025643292952515696,580,retain,1,-0.02692594808924161,-0.4033368941155024,580,580,-0.23071266388540695,580,-0.12838186654218603,529,14.151724137931035,2642.08665664515,15.0,2100.0,0.9381023963215138,22618,852.0,5000.0,0.00022106287028030773,3.010392379007385,2.2575223883515707,580,580,2.6027658973819667,580,2.8060454646919037,529,0.9743567070474843,0
PKOBP,20,linear,,0.050672182006204755,2017-12-28,37713,0,0.017580144777662874,0.021637101264815845,816,retain,1,-0.05423985806103681,-0.3481262551793722,816,816,-0.15785125177515064,816,-0.18714923493793525,743,13.89950980392157,2557.944210219288,15.0,1998.0,0.9311378039402859,37713,591.0,5456.0,0.0006098692758465251,3.786849841990759,3.1989703674417536,816,816,3.579607801311455,816,3.5405459498386875,743,0.9783628987351841,0
PKOBP,20,linear,,0.10691078119812171,2017-12-29,42166,0,0.023265189963477685,0.03355784281174406,1415,retain,1,0.004676922977985784,-0.26967321249147647,1415,1415,-0.11935346361018008,1415,-0.1256622260205347,1299,13.347703180212013,1584.4233505668074,14.0,1347.0,0.8672390077313475,42166,400.0,3291.0,0.002585021107053076,3.028639618013919,2.479854032961237,1415,1415,2.780535303478516,1415,2.7533048704734875,1299,0.966442157188256,0
PKOBP,20,linear,,0.07524122657248505,all,102497,0,0.023717767349288273,0.030996029152072745,3177,retain,5,-0.0070666322388187805,-0.31130704936933895,3177,3177,-0.15500808626828894,3177,-0.06198615742857513,1952,13.359458608750394,2104.6897079914534,14.0,1620.0,0.8994116900982467,102497,400.0,4380.0,0.0016293159799799018,3.0462362475956626,2.4376939407207883,3177,3177,2.7503260648052645,3177,2.8720840809173547,1952,0.9690039708479272,0
PKOBP,20,linear,,0.041427181890529664,2017-12-27,22618,0,0.027411795914758157,0.02971084976567336,672,retain,5,-0.018136527362156107,-0.4294216934773156,672,672,-0.2516255732734677,672,-0.12559362048168612,406,13.553571428571429,2560.8777080201608,14.0,2025.5,0.9305862587319834,22618,750.0,4991.0,0.0005747634627288001,2.930496883075256,2.107880779108435,672,672,2.4634645363772374,672,2.736290210848225,406,0.9702891502343266,0
PKOBP,20,linear,,0.05483520271524408,2017-12-28,37713,0,0.01999310582557739,0.025137220587065467,948,retain,5,0.0010905715604301858,-0.2650866432359845,948,948,-0.10006137662980977,948,-0.10661621496456247,572,13.473628691983123,2472.432052607854,14.0,1852.0,0.9243496937395593,37713,495.0,5363.0,0.0008219977196192294,3.531985043303001,2.9995579611828966,948,948,3.3296766735803454,948,3.191265282717696,572,0.9748627794129345,0
PKOBP,20,linear,,0.11163022340274155,2017-12-29,42166,0,0.025067590001422946,0.03692548498790495,1557,retain,5,-0.007255495230986622,-0.2884707643172258,1557,1557,-0.14676308271645733,1557,-0.009262314605014721,974,13.20616570327553,1531.0823649385761,14.0,1275.0,0.8603851444291609,42166,351.0,3195.0,0.002917042166674572,2.8004347027190764,2.237942722484066,1557,1557,2.5213900146992008,1557,2.7412428733385785,974,0.9630745150120951,0
PKOBP,20,linear,,0.06849956584095145,all,102497,0,0.019990828999873166,0.025405621627950088,2604,reset,0,-0.036542694544967724,-0.3372377112304031,2604,2604,-0.1700698937115117,2604,-0.17557739588056415,2604,13.918202764976959,2201.103954262076,15.0,1758.0,0.9103095700361962,102497,507.0,4458.0,0.0012000351229792092,3.3291093377646925,2.727626603672437,2604,2604,3.0620084179851594,2604,3.0509840910945543,2604,0.9745943783720499,0
PKOBP,20,linear,,0.036077460429746216,2017-12-27,22618,0,0.022459987620479266,0.023874789990273235,540,reset,0,-0.03315872746095833,-0.4016245279842262,540,540,-0.23096558148853022,540,-0.14257847353761785,540,14.457407407407407,2668.4314705102133,15.0,2133.0,0.9413299142276064,22618,885.0,5000.0,0.00013263772216818464,3.0436487848083766,2.3066669670143987,540,540,2.647977627377091,540,2.8247628865336463,540,0.9761252100097267,0
PKOBP,20,linear,,0.0488160581231936,2017-12-28,37713,0,0.01670511494710047,0.02023175032482168,763,reset,0,-0.08924322158294322,-0.3975957157037888,763,763,-0.19855555857763085,763,-0.22685773592561007,763,14.115334207077327,2585.5937209980643,15.0,2008.0,0.9339219897648026,37713,623.0,5498.0,0.000556837164903349,3.865787384247152,3.2489572069883326,763,763,3.647132395110982,763,3.590490482818731,763,0.9797682496751783,0
PKOBP,20,linear,,0.10349570744201489,2017-12-29,42166,0,0.021605084665370203,0.030854242754826164,1301,reset,0,-0.007039881397688499,-0.275114699347038,1301,1301,-0.12808816143446408,1301,-0.15919962386735964,1301,13.578785549577248,1606.5425461272116,14.0,1359.0,0.8725513446852915,42166,400.0,3300.0,0.002347863207323436,3.132847500047778,2.5966065832768277,1301,1301,2.890699449792503,1301,2.8284753082946645,1301,0.9691457572451738,0
PKOBP,20,linear,,0.07095817438559178,all,102497,0,0.021317697103329855,0.027425192932476073,2811,reset,1,-0.018946612613203934,-0.3200263317284946,2811,2811,-0.15350591160101876,2811,-0.14399110095697273,2571,13.673781572394166,2176.0174541693905,14.0,1725.0,0.9063875040245081,102497,500.0,4445.0,0.0013366244865703387,3.2449740698607035,2.6427307939226368,2811,2811,2.975817019129772,2811,2.991663445467609,2571,0.972574807067524,0
PKOBP,20,linear,,0.03775753824387656,2017-12-27,22618,0,0.023919002564329297,0.025643292952515696,580,reset,1,-0.02692594808924161,-0.4033368941155024,580,580,-0.23071266388540695,580,-0.12838186654218603,529,14.151724137931035,2642.08665664515,15.0,2100.0,0.9381023963215138,22618,852.0,5000.0,0.00022106287028030773,3.010392379007385,2.2575223883515707,580,580,2.6027658973819667,580,2.8060454646919037,529,0.9743567070474843,0
PKOBP,20,linear,,0.050672182006204755,2017-12-28,37713,0,0.017580144777662874,0.021637101264815845,816,reset,1,-0.05423985806103681,-0.3481262551793722,816,816,-0.15785125177515064,816,-0.18714923493793525,743,13.89950980392157,2557.944210219288,15.0,1998.0,0.9311378039402859,37713,591.0,5456.0,0.0006098692758465251,3.786849841990759,3.1989703674417536,816,816,3.579607801311455,816,3.5405459498386875,743,0.9783628987351841,0
PKOBP,20,linear,,0.10691078119812171,2017-12-29,42166,0,0.023265189963477685,0.03355784281174406,1415,reset,1,0.004676922977985784,-0.26967321249147647,1415,1415,-0.11935346361018008,1415,-0.1256622260205347,1299,13.347703180212013,1584.4233505668074,14.0,1347.0,0.8672390077313475,42166,400.0,3291.0,0.002585021107053076,3.028639618013919,2.479854032961237,1415,1415,2.780535303478516,1415,2.7533048704734875,1299,0.966442157188256,0
PKOBP,20,linear,,0.07524122657248505,all,102497,0,0.023717767349288273,0.030996029152072745,3177,reset,5,-0.0070666322388187805,-0.31130704936933895,3177,3177,-0.15500808626828894,3177,-0.06198615742857513,1952,13.359458608750394,2104.6897079914534,14.0,1620.0,0.8994116900982467,102497,400.0,4380.0,0.0016293159799799018,3.0462362475956626,2.4376939407207883,3177,3177,2.7503260648052645,3177,2.8720840809173547,1952,0.9690039708479272,0
PKOBP,20,linear,,0.041427181890529664,2017-12-27,22618,0,0.027411795914758157,0.02971084976567336,672,reset,5,-0.018136527362156107,-0.4294216934773156,672,672,-0.2516255732734677,672,-0.12559362048168612,406,13.553571428571429,2560.8777080201608,14.0,2025.5,0.9305862587319834,22618,750.0,4991.0,0.0005747634627288001,2.930496883075256,2.107880779108435,672,672,2.4634645363772374,672,2.736290210848225,406,0.9702891502343266,0
PKOBP,20,linear,,0.05483520271524408,2017-12-28,37713,0,0.01999310582557739,0.025137220587065467,948,reset,5,0.0010905715604301858,-0.2650866432359845,948,948,-0.10006137662980977,948,-0.10661621496456247,572,13.473628691983123,2472.432052607854,14.0,1852.0,0.9243496937395593,37713,495.0,5363.0,0.0008219977196192294,3.531985043303001,2.9995579611828966,948,948,3.3296766735803454,948,3.191265282717696,572,0.9748627794129345,0
PKOBP,20,linear,,0.11163022340274155,2017-12-29,42166,0,0.025067590001422946,0.03692548498790495,1557,reset,5,-0.007255495230986622,-0.2884707643172258,1557,1557,-0.14676308271645733,1557,-0.009262314605014721,974,13.20616570327553,1531.0823649385761,14.0,1275.0,0.8603851444291609,42166,351.0,3195.0,0.002917042166674572,2.8004347027190764,2.237942722484066,1557,1557,2.5213900146992008,1557,2.7412428733385785,974,0.9630745150120951,0
PKOBP,20,xgboost,,0.06768978604251832,all,102497,0,0.019785944954486472,0.024751943959335394,2537,retain,0,-0.037380571522527266,-0.32556598343206106,2537,2537,-0.16862216028120602,2537,-0.1627918539927626,2537,13.963736696886086,2184.381318477614,15.0,1737.0,0.911324233880016,102497,505.0,4436.0,0.0012000351229792092,3.2952668309620767,2.7188101791899473,2537,2537,3.0327428843412214,2537,3.044397615405103,2537,0.9752480560406646,0
PKOBP,20,xgboost,,0.036696436466531084,2017-12-27,22618,0,0.022459987620479266,0.023653727119992925,535,retain,0,0.017505306224385602,-0.3798715227908435,535,535,-0.18212585243672627,535,-0.10353131019505783,535,14.254205607476635,2642.2835794499956,15.0,2090.0,0.9407993633389335,22618,866.0,5000.0,4.4212574056061546e-05,2.778910969289646,1.9841612613412805,535,535,2.3796419181660107,535,2.536844561888692,535,0.9763462728800071,0
PKOBP,20,xgboost,,0.04804709251451754,2017-12-28,37713,0,0.016413438336913,0.019727945270861507,744,retain,0,-0.06881342465224365,-0.32266120487429256,744,744,-0.15802484706943834,744,-0.1840968560764003,744,14.163978494623656,2567.494471402434,15.0,2000.0,0.934929599872723,37713,616.0,5408.0,0.0006098692758465251,3.945720821420913,3.437893154138828,744,744,3.7672651115834337,744,3.7150822240113794,744,0.9802720547291385,0
PKOBP,20,xgboost,,0.10188303372385334,2017-12-29,42166,0,0.021367926765640564,0.02983446378598871,1258,retain,0,-0.04213248079604827,-0.3041889497993354,1258,1258,-0.1691467435294984,1258,-0.17539397591767966,1258,13.721780604133546,1596.106887065408,14.0,1349.5,0.8744011763031827,42166,400.0,3300.0,0.002347863207323436,3.130173521815316,2.6059639452369017,1258,1258,2.8760850781691483,1258,2.8635959737741095,1258,0.9701655362140112,0
PKOBP,20,xgboost,,0.06975813926261257,all,102497,0,0.021093300291715855,0.02667395143272486,2734,retain,1,-0.02390429161482008,-0.31116731057211067,2734,2734,-0.15190311955062727,2734,-0.1367149192714564,2500,13.715801024140454,2162.932768763964,14.0,1708.0,0.9078704742577831,102497,496.0,4397.0,0.001278086187888426,3.211808145529037,2.637206696792014,2734,2734,2.9557806934473043,2734,2.993579070923012,2500,0.9733260485672751,0
PKOBP,20,xgboost,,0.03877442744716597,2017-12-27,22618,0,0.02383057741621717,0.025289592360067205,572,retain,1,0.024355334059871437,-0.3791401287883077,572,572,-0.18025967100752752,572,-0.08467332743353796,520,14.036713286713287,2621.4371739322664,15.0,2076.0,0.9373065699885047,22618,832.0,5000.0,8.842514811212309e-05,2.7067334450395846,1.899750732902428,572,572,2.297501650778437,572,2.491927064901358,520,0.9747104076399328,0
PKOBP,20,xgboost,,0.04963805584281282,2017-12-28,37713,0,0.017288468167475406,0.021000715933497734,792,retain,1,-0.05030240386883167,-0.2830456104366339,792,792,-0.1298152800458712,792,-0.15398444186998944,720,13.931818181818182,2542.898151830934,15.0,1990.0,0.9323840585474504,37713,591.0,5395.0,0.0006894174422612892,3.901072060994422,3.4354661096429946,792,792,3.7420264261082483,792,3.722331798573715,720,0.9789992840665023,0
PKOBP,20,xgboost,,0.10437319167101457,2017-12-29,42166,0,0.023028032063748042,0.03249063226296068,1370,retain,1,-0.02879275948397799,-0.29904463501563827,1370,1370,-0.15283277024728412,1370,-0.14832410298953083,1260,13.456934306569343,1577.150690129488,14.0,1334.0,0.8701560498980221,42166,400.0,3272.0,0.002442726367215292,3.0242210708074175,2.4836325043590692,1370,1370,2.7760938263955697,1370,2.7841799274490064,1260,0.9675093677370393,0
PKOBP,20,xgboost,,0.07448022868962019,all,102497,0,0.023561665219469837,0.03052772276261744,3129,retain,5,-0.003843571659842517,-0.3094767167217934,3129,3129,-0.15873763934663243,3129,-0.045210064512884854,1922,13.36113774368808,2094.35959101242,14.0,1606.0,0.9003483028771574,102497,400.0,4368.0,0.0016098032137525976,3.0084668928700653,2.397149618922859,3129,3129,2.698668152617622,3129,2.8859038291408377,1922,0.9694722772373826,0
PKOBP,20,xgboost,,0.043372535148996375,2017-12-27,22618,0,0.02692545760014148,0.029091873728888495,658,retain,5,0.03680288624518235,-0.41084249089742,658,658,-0.21716266689550937,658,-0.08065951251314156,392,13.638297872340425,2546.111194623751,14.0,2000.0,0.9292598815103015,22618,750.0,4971.0,0.00044212574056061546,2.643874995674215,1.7485917571486562,658,658,2.1359372196282647,658,2.3646807434472827,392,0.9709081262711114,0
PKOBP,20,xgboost,,0.053535915997136266,2017-12-28,37713,0,0.019701429215389917,0.024739479754991647,933,retain,5,0.0034564116206979587,-0.21117751492314824,933,933,-0.08716027259799719,933,-0.054762407645781726,556,13.493033226152198,2460.8599156789437,14.0,1845.0,0.9256754965131387,37713,489.0,5360.0,0.00108715827433511,3.607862100698683,3.1785095813862734,933,933,3.4266280470069965,933,3.3277236176891205,556,0.9752605202450083,0
PKOBP,20,xgboost,,0.10989897073471518,2017-12-29,42166,0,0.02520988474126073,0.03647488497841863,1538,retain,5,-0.02566168199940729,-0.32574100532424693,1538,1538,-0.17716287669989358,1538,-0.02549005794410526,974,13.162548764629388,1524.2428022577433,14.0,1261.0,0.8621875444671062,42166,351.0,3166.0,0.0027036000569178958,2.8008373346455993,2.200623109214835,1538,1538,2.4978166392507233,1538,2.843468148605959,974,0.9635251150215813,0
PKOBP,20,xgboost,,0.06768978604251832,all,102497,0,0.019785944954486472,0.024751943959335394,2537,reset,0,-0.037380571522527266,-0.32556598343206106,2537,2537,-0.16862216028120602,2537,-0.1627918539927626,2537,13.963736696886086,2184.381318477614,15.0,1737.0,0.911324233880016,102497,505.0,4436.0,0.0012000351229792092,3.2952668309620767,2.7188101791899473,2537,2537,3.0327428843412214,2537,3.044397615405103,2537,0.9752480560406646,0
PKOBP,20,xgboost,,0.036696436466531084,2017-12-27,22618,0,0.022459987620479266,0.023653727119992925,535,reset,0,0.017505306224385602,-0.3798715227908435,535,535,-0.18212585243672627,535,-0.10353131019505783,535,14.254205607476635,2642.2835794499956,15.0,2090.0,0.9407993633389335,22618,866.0,5000.0,4.4212574056061546e-05,2.778910969289646,1.9841612613412805,535,535,2.3796419181660107,535,2.536844561888692,535,0.9763462728800071,0
PKOBP,20,xgboost,,0.04804709251451754,2017-12-28,37713,0,0.016413438336913,0.019727945270861507,744,reset,0,-0.06881342465224365,-0.32266120487429256,744,744,-0.15802484706943834,744,-0.1840968560764003,744,14.163978494623656,2567.494471402434,15.0,2000.0,0.934929599872723,37713,616.0,5408.0,0.0006098692758465251,3.945720821420913,3.437893154138828,744,744,3.7672651115834337,744,3.7150822240113794,744,0.9802720547291385,0
PKOBP,20,xgboost,,0.10188303372385334,2017-12-29,42166,0,0.021367926765640564,0.02983446378598871,1258,reset,0,-0.04213248079604827,-0.3041889497993354,1258,1258,-0.1691467435294984,1258,-0.17539397591767966,1258,13.721780604133546,1596.106887065408,14.0,1349.5,0.8744011763031827,42166,400.0,3300.0,0.002347863207323436,3.130173521815316,2.6059639452369017,1258,1258,2.8760850781691483,1258,2.8635959737741095,1258,0.9701655362140112,0
PKOBP,20,xgboost,,0.06975813926261257,all,102497,0,0.021093300291715855,0.02667395143272486,2734,reset,1,-0.02390429161482008,-0.31116731057211067,2734,2734,-0.15190311955062727,2734,-0.1367149192714564,2500,13.715801024140454,2162.932768763964,14.0,1708.0,0.9078704742577831,102497,496.0,4397.0,0.001278086187888426,3.211808145529037,2.637206696792014,2734,2734,2.9557806934473043,2734,2.993579070923012,2500,0.9733260485672751,0
PKOBP,20,xgboost,,0.03877442744716597,2017-12-27,22618,0,0.02383057741621717,0.025289592360067205,572,reset,1,0.024355334059871437,-0.3791401287883077,572,572,-0.18025967100752752,572,-0.08467332743353796,520,14.036713286713287,2621.4371739322664,15.0,2076.0,0.9373065699885047,22618,832.0,5000.0,8.842514811212309e-05,2.7067334450395846,1.899750732902428,572,572,2.297501650778437,572,2.491927064901358,520,0.9747104076399328,0
PKOBP,20,xgboost,,0.04963805584281282,2017-12-28,37713,0,0.017288468167475406,0.021000715933497734,792,reset,1,-0.05030240386883167,-0.2830456104366339,792,792,-0.1298152800458712,792,-0.15398444186998944,720,13.931818181818182,2542.898151830934,15.0,1990.0,0.9323840585474504,37713,591.0,5395.0,0.0006894174422612892,3.901072060994422,3.4354661096429946,792,792,3.7420264261082483,792,3.722331798573715,720,0.9789992840665023,0
PKOBP,20,xgboost,,0.10437319167101457,2017-12-29,42166,0,0.023028032063748042,0.03249063226296068,1370,reset,1,-0.02879275948397799,-0.29904463501563827,1370,1370,-0.15283277024728412,1370,-0.14832410298953083,1260,13.456934306569343,1577.150690129488,14.0,1334.0,0.8701560498980221,42166,400.0,3272.0,0.002442726367215292,3.0242210708074175,2.4836325043590692,1370,1370,2.7760938263955697,1370,2.7841799274490064,1260,0.9675093677370393,0
PKOBP,20,xgboost,,0.07448022868962019,all,102497,0,0.023561665219469837,0.03052772276261744,3129,reset,5,-0.003843571659842517,-0.3094767167217934,3129,3129,-0.15873763934663243,3129,-0.045210064512884854,1922,13.36113774368808,2094.35959101242,14.0,1606.0,0.9003483028771574,102497,400.0,4368.0,0.0016098032137525976,3.0084668928700653,2.397149618922859,3129,3129,2.698668152617622,3129,2.8859038291408377,1922,0.9694722772373826,0
PKOBP,20,xgboost,,0.043372535148996375,2017-12-27,22618,0,0.02692545760014148,0.029091873728888495,658,reset,5,0.03680288624518235,-0.41084249089742,658,658,-0.21716266689550937,658,-0.08065951251314156,392,13.638297872340425,2546.111194623751,14.0,2000.0,0.9292598815103015,22618,750.0,4971.0,0.00044212574056061546,2.643874995674215,1.7485917571486562,658,658,2.1359372196282647,658,2.3646807434472827,392,0.9709081262711114,0
PKOBP,20,xgboost,,0.053535915997136266,2017-12-28,37713,0,0.019701429215389917,0.024739479754991647,933,reset,5,0.0034564116206979587,-0.21117751492314824,933,933,-0.08716027259799719,933,-0.054762407645781726,556,13.493033226152198,2460.8599156789437,14.0,1845.0,0.9256754965131387,37713,489.0,5360.0,0.00108715827433511,3.607862100698683,3.1785095813862734,933,933,3.4266280470069965,933,3.3277236176891205,556,0.9752605202450083,0
PKOBP,20,xgboost,,0.10989897073471518,2017-12-29,42166,0,0.02520988474126073,0.03647488497841863,1538,reset,5,-0.02566168199940729,-0.32574100532424693,1538,1538,-0.17716287669989358,1538,-0.02549005794410526,974,13.162548764629388,1524.2428022577433,14.0,1261.0,0.8621875444671062,42166,351.0,3166.0,0.0027036000569178958,2.8008373346455993,2.200623109214835,1538,1538,2.4978166392507233,1538,2.843468148605959,974,0.9635251150215813,0
PKOBP,50,linear,,0.15728417002743952,all,102407,0,0.08117609147812162,0.10580331422656654,10835,retain,0,-0.031209776963983155,-0.4183837310901286,10835,10835,-0.24008436535639943,10835,-0.6032607705831252,10835,30.63608675588371,2200.093811946449,31.0,1757.0,0.7556221742654311,102407,507.0,4458.0,0.0059175642290077825,3.642134949329194,2.86769016382106,10835,10835,3.2243378480326506,10835,2.4978922026497785,10835,0.8941966857734335,0
PKOBP,50,linear,,0.09699840623339827,2017-12-27,22588,0,0.09854790154064105,0.10859748539047281,2453,retain,0,-0.07338424739500624,-0.45999829364792433,2453,2453,-0.2926298269639881,2453,-0.4310977261857941,2453,31.079494496534856,2665.8048521338765,32.0,2130.0,0.8030812820966885,22588,885.0,5000.0,0.0013724101292721799,3.220354082034183,2.447053594670339,2453,2453,2.781827356424901,2453,2.504856151616645,2453,0.8914025146095271,0
PKOBP,50,linear,,0.12705994745641272,2017-12-28,37683,0,0.07220762678130722,0.08905872674680891,3356,retain,0,-0.07381968769846048,-0.4871288312996744,3356,3356,-0.31911034489165935,3356,-0.7612641310167811,3356,31.19725864123957,2584.5672053711223,32.0,2008.0,0.7958761245123795,37683,623.0,5498.0,0.004856301249900485,4.091256612242994,3.2645233631829136,3356,3356,3.600616444231526,3356,2.7161386745541423,3356,0.9109412732531911,0
PKOBP,50,linear,,0.21663185874311752,2017-12-29,42136,0,0.07988418454528194,0.11928042528953864,5026,retain,0,0.017825805286754134,-0.3521702256668281,5026,5026,-0.16167107354506902,5026,-0.5817837849665919,5026,30.044966175885396,1606.5967581165748,31.0,1359.0,0.6941807480539206,42136,400.0,3300.0,0.009303208657679893,3.5480991687354724,2.80801035623418,5026,5026,3.1890587527422376,5026,2.3487641233567484,5026,0.8807195747104614,0
PKOBP,50,linear,,0.16021365726952258,all,102407,0,0.08371498042126027,0.1094944681515912,11213,retain,1,-0.027625199963200227,-0.4090017295028197,11213,11213,-0.2330910651025492,11213,-0.5915254434647178,10927,30.3161508962811,2174.955696387942,31.0,1723.0,0.7498901442284218,102407,500.0,4445.0,0.006181218080795258,3.6309637214534036,2.8681161145451735,11213,11213,3.219986824125845,11213,2.483303352934576,10927,0.8905055318484087,0
PKOBP,50,linear,,0.09916769966353817,2017-12-27,22588,0,0.10160262086063397,0.11227200283336285,2536,retain,1,-0.07097648293448953,-0.4498843109772016,2536,2536,-0.2888872697148206,2536,-0.4266529249348289,2468,30.86198738170347,2639.3687356118294,32.0,2100.0,0.7977244554630777,22588,850.0,5000.0,0.0015052240127501329,3.2379388697499243,2.480045326264494,2536,2536,2.8020833012139894,2536,2.510788796875285,2468,0.8877279971666372,0
PKOBP,50,linear,,0.130138258631213,2017-12-28,37683,0,0.07417137701350741,0.09176551760740918,3458,retain,1,-0.06540520872839753,-0.4707798633945111,3458,3458,-0.30477443463225,3458,-0.7361587526003623,3361,30.908328513591673,2556.703155268954,32.0,1998.0,0.790674840113579,37683,591.0,5456.0,0.005015524241700501,4.08324403897103,3.2723846356284207,3458,3458,3.6044505386186514,3458,2.720102618405426,3361,0.9082344823925909,0
PKOBP,50,linear,,0.21983576988798179,2017-12-29,42136,0,0.08266090753749762,0.12386083159293716,5219,retain,1,0.018472160436347973,-0.34820329807601347,5219,5219,-0.15848285151174138,5219,-0.5759885316810507,5098,29.65855527878904,1584.5923201063224,30.0,1347.0,0.6877729257641921,42136,400.0,3272.0,0.00973039681032846,3.522269658595399,2.7888263987325534,5219,5219,3.1683155862236303,5219,2.313880754485538,5098,0.8761391684070629,0
PKOBP,50,linear,,0.16607263175368872,all,102407,0,0.08927124122374447,0.11766773755700294,12050,retain,5,-0.030633032737556357,-0.386244281337468,12050,12050,-0.22834929039835067,12050,-0.5522246627399834,10562,29.879917012448132,2103.921470211997,31.0,1618.0,0.7376839473864091,102407,400.0,4380.0,0.006972179636157685,3.566068807045734,2.854756356916943,12050,12050,3.170597092319857,12050,2.4469280522995027,10562,0.882332262442997,0
PKOBP,50,linear,,0.10394899946874446,2017-12-27,22588,0,0.10992562422525234,0.12187887373826811,2753,retain,5,-0.0633128484192153,-0.42313135814701963,2753,2753,-0.28100939013492626,2753,-0.41083067772471793,2378,30.56120595713767,2557.832211793873,32.0,2011.0,0.784000354170356,22588,750.0,4983.0,0.0021250221356472463,3.268009090907384,2.548285635610161,2753,2753,2.8325920222680026,2753,2.487907370620984,2378,0.8781211262617319,0
PKOBP,50,linear,,0.13767481357641376,2017-12-28,37683,0,0.07958495873470796,0.09959398137090995,3753,retain,5,-0.0599694911351171,-0.44857460292628887,3753,3753,-0.2931869867522571,3753,-0.6706964991311817,3273,30.266453503863577,2471.370485364753,31.0,1852.0,0.7769551256534777,37683,496.0,5363.0,0.005785102035400579,3.9885041685290985,3.2111915158272684,3753,3753,3.522017693664653,3753,2.682092092082666,3273,0.9004060186290901,0
PKOBP,50,linear,,0.22477216631858743,2017-12-29,42136,0,0.08686159103854187,0.1315739510157585,5544,retain,5,0.0054541355412409944,-0.32573276990537214,5544,5544,-0.1583079612152693,5544,-0.5417332304162019,4911,29.27994227994228,1531.975460413898,30.0,1275.0,0.6777340041769508,42136,351.0,3181.0,0.010632238465919878,3.428110381158614,2.765653316579122,5544,5544,3.100547749066924,5544,2.2703569423058627,4911,0.8684260489842415,0
PKOBP,50,linear,,0.15728417002743952,all,102407,0,0.08117609147812162,0.10580331422656654,10835,reset,0,-0.031209776963983155,-0.4183837310901286,10835,10835,-0.24008436535639943,10835,-0.6032607705831252,10835,30.63608675588371,2200.093811946449,31.0,1757.0,0.7556221742654311,102407,507.0,4458.0,0.0059175642290077825,3.642134949329194,2.86769016382106,10835,10835,3.2243378480326506,10835,2.4978922026497785,10835,0.8941966857734335,0
PKOBP,50,linear,,0.09699840623339827,2017-12-27,22588,0,0.09854790154064105,0.10859748539047281,2453,reset,0,-0.07338424739500624,-0.45999829364792433,2453,2453,-0.2926298269639881,2453,-0.4310977261857941,2453,31.079494496534856,2665.8048521338765,32.0,2130.0,0.8030812820966885,22588,885.0,5000.0,0.0013724101292721799,3.220354082034183,2.447053594670339,2453,2453,2.781827356424901,2453,2.504856151616645,2453,0.8914025146095271,0
PKOBP,50,linear,,0.12705994745641272,2017-12-28,37683,0,0.07220762678130722,0.08905872674680891,3356,reset,0,-0.07381968769846048,-0.4871288312996744,3356,3356,-0.31911034489165935,3356,-0.7612641310167811,3356,31.19725864123957,2584.5672053711223,32.0,2008.0,0.7958761245123795,37683,623.0,5498.0,0.004856301249900485,4.091256612242994,3.2645233631829136,3356,3356,3.600616444231526,3356,2.7161386745541423,3356,0.9109412732531911,0
PKOBP,50,linear,,0.21663185874311752,2017-12-29,42136,0,0.07988418454528194,0.11928042528953864,5026,reset,0,0.017825805286754134,-0.3521702256668281,5026,5026,-0.16167107354506902,5026,-0.5817837849665919,5026,30.044966175885396,1606.5967581165748,31.0,1359.0,0.6941807480539206,42136,400.0,3300.0,0.009303208657679893,3.5480991687354724,2.80801035623418,5026,5026,3.1890587527422376,5026,2.3487641233567484,5026,0.8807195747104614,0
PKOBP,50,linear,,0.16021365726952258,all,102407,0,0.08371498042126027,0.1094944681515912,11213,reset,1,-0.027625199963200227,-0.4090017295028197,11213,11213,-0.2330910651025492,11213,-0.5915254434647178,10927,30.3161508962811,2174.955696387942,31.0,1723.0,0.7498901442284218,102407,500.0,4445.0,0.006181218080795258,3.6309637214534036,2.8681161145451735,11213,11213,3.219986824125845,11213,2.483303352934576,10927,0.8905055318484087,0
PKOBP,50,linear,,0.09916769966353817,2017-12-27,22588,0,0.10160262086063397,0.11227200283336285,2536,reset,1,-0.07097648293448953,-0.4498843109772016,2536,2536,-0.2888872697148206,2536,-0.4266529249348289,2468,30.86198738170347,2639.3687356118294,32.0,2100.0,0.7977244554630777,22588,850.0,5000.0,0.0015052240127501329,3.2379388697499243,2.480045326264494,2536,2536,2.8020833012139894,2536,2.510788796875285,2468,0.8877279971666372,0
PKOBP,50,linear,,0.130138258631213,2017-12-28,37683,0,0.07417137701350741,0.09176551760740918,3458,reset,1,-0.06540520872839753,-0.4707798633945111,3458,3458,-0.30477443463225,3458,-0.7361587526003623,3361,30.908328513591673,2556.703155268954,32.0,1998.0,0.790674840113579,37683,591.0,5456.0,0.005015524241700501,4.08324403897103,3.2723846356284207,3458,3458,3.6044505386186514,3458,2.720102618405426,3361,0.9082344823925909,0
PKOBP,50,linear,,0.21983576988798179,2017-12-29,42136,0,0.08266090753749762,0.12386083159293716,5219,reset,1,0.018472160436347973,-0.34820329807601347,5219,5219,-0.15848285151174138,5219,-0.5759885316810507,5098,29.65855527878904,1584.5923201063224,30.0,1347.0,0.6877729257641921,42136,400.0,3272.0,0.00973039681032846,3.522269658595399,2.7888263987325534,5219,5219,3.1683155862236303,5219,2.313880754485538,5098,0.8761391684070629,0
PKOBP,50,linear,,0.16607263175368872,all,102407,0,0.08927124122374447,0.11766773755700294,12050,reset,5,-0.030633032737556357,-0.386244281337468,12050,12050,-0.22834929039835067,12050,-0.5522246627399834,10562,29.879917012448132,2103.921470211997,31.0,1618.0,0.7376839473864091,102407,400.0,4380.0,0.006972179636157685,3.566068807045734,2.854756356916943,12050,12050,3.170597092319857,12050,2.4469280522995027,10562,0.882332262442997,0
PKOBP,50,linear,,0.10394899946874446,2017-12-27,22588,0,0.10992562422525234,0.12187887373826811,2753,reset,5,-0.0633128484192153,-0.42313135814701963,2753,2753,-0.28100939013492626,2753,-0.41083067772471793,2378,30.56120595713767,2557.832211793873,32.0,2011.0,0.784000354170356,22588,750.0,4983.0,0.0021250221356472463,3.268009090907384,2.548285635610161,2753,2753,2.8325920222680026,2753,2.487907370620984,2378,0.8781211262617319,0
PKOBP,50,linear,,0.13767481357641376,2017-12-28,37683,0,0.07958495873470796,0.09959398137090995,3753,reset,5,-0.0599694911351171,-0.44857460292628887,3753,3753,-0.2931869867522571,3753,-0.6706964991311817,3273,30.266453503863577,2471.370485364753,31.0,1852.0,0.7769551256534777,37683,496.0,5363.0,0.005785102035400579,3.9885041685290985,3.2111915158272684,3753,3753,3.522017693664653,3753,2.682092092082666,3273,0.9004060186290901,0
PKOBP,50,linear,,0.22477216631858743,2017-12-29,42136,0,0.08686159103854187,0.1315739510157585,5544,reset,5,0.0054541355412409944,-0.32573276990537214,5544,5544,-0.1583079612152693,5544,-0.5417332304162019,4911,29.27994227994228,1531.975460413898,30.0,1275.0,0.6777340041769508,42136,351.0,3181.0,0.010632238465919878,3.428110381158614,2.765653316579122,5544,5544,3.100547749066924,5544,2.2703569423058627,4911,0.8684260489842415,0
PKOBP,50,xgboost,,0.15750876404933256,all,102407,0,0.0799261769214995,0.10466081420215415,10718,retain,0,-0.030209387724329843,-0.4033399916836524,10718,10718,-0.22986309572156913,10718,-0.5906183485014437,10718,30.763761895876097,2178.7558565332447,32.0,1730.0,0.7562666614586894,102407,505.0,4427.0,0.006298397570478581,3.7042668756708492,2.957912187992523,10718,10718,3.3049160105225126,10718,2.5833373259807866,10718,0.8953391857978459,0
PKOBP,50,xgboost,,0.10133699309367807,2017-12-27,22588,0,0.09664423587745706,0.10642819196033292,2404,retain,0,-0.03373785656697183,-0.4201566107364883,2404,2404,-0.2527322660743378,2404,-0.4200485351055058,2404,31.064475873544094,2631.965866831946,32.0,2084.0,0.8008234460775633,22588,850.0,5000.0,0.0011953249513015761,3.1404510845269527,2.3675758455264004,2404,2404,2.7024646118247584,2404,2.367811192485292,2404,0.8935718080396671,0
PKOBP,50,xgboost,,0.12310590982671231,2017-12-28,37683,0,0.07085423135100709,0.08725419950640873,3288,retain,0,-0.08571622118787128,-0.46441063738383553,3288,3288,-0.31536135253208997,3288,-0.7142528025346337,3288,31.402068126520682,2560.873231961362,32.0,1998.0,0.8007058885969801,37683,616.0,5408.0,0.005333970225300534,4.153631416834288,3.3961194708409503,3288,3288,3.694272092676718,3288,2.896335033479538,3288,0.9127458004935912,0
PKOBP,50,xgboost,,0.21838807670400606,2017-12-29,42136,0,0.07907727359027909,0.11928042528953864,5026,retain,0,0.007790792841892918,-0.3553440833539231,5026,5026,-0.16299167631825662,5026,-0.5913226355175013,5026,30.202347791484282,1594.0673058667173,31.0,1347.0,0.6926381241693564,42136,400.0,3277.0,0.00989652553635846,3.679973710243978,2.9536031989919125,5026,5026,3.3383601737430393,5026,2.481663701362258,5026,0.8807195747104614,0
PKOBP,50,xgboost,,0.15980352905563097,all,102407,0,0.08213305731053541,0.10780513050865663,11040,retain,1,-0.029512648807272748,-0.39748122885961445,11040,11040,-0.22569292694081386,11040,-0.5839653919375927,10754,30.4669384057971,2158.4764322751375,31.0,1700.0,0.7515501869989356,102407,496.0,4396.0,0.006513226634898005,3.7007243640059575,2.9646967773478416,11040,11040,3.308324106959371,11040,2.566686146970171,10754,0.8921948694913434,0
PKOBP,50,xgboost,,0.10337347264034,2017-12-27,22588,0,0.09881352930759696,0.10917301221887728,2466,retain,1,-0.031496785390653606,-0.40867191457196156,2466,2466,-0.24822007332957638,2466,-0.41240472685072915,2399,30.874290348742903,2613.122764299628,32.0,2076.0,0.7964405879227909,22588,832.0,4991.0,0.0013724101292721799,3.152890871687667,2.3984976345566795,2466,2466,2.719448473301448,2466,2.3669984474565884,2399,0.8908269877811227,0
PKOBP,50,xgboost,,0.12578616352201258,2017-12-28,37683,0,0.07276490725260727,0.08969561871400897,3380,retain,1,-0.0820344901974846,-0.45343242234585396,3380,3380,-0.3047573991875094,3380,-0.6965415010357069,3282,31.12810650887574,2537.271846721333,32.0,1977.0,0.7959557360082796,37683,591.0,5395.0,0.00549319321710055,4.145113006574372,3.4022007217886747,3380,3380,3.699603425022748,3380,2.8870401346452943,3282,0.910304381285991,0
PKOBP,50,xgboost,,0.22047655211695463,2017-12-29,42136,0,0.08156920448072907,0.12326751471425859,5194,retain,1,0.0056080105522831256,-0.3557578432319407,5194,5194,-0.1635462463115263,5194,-0.5922640801858431,5073,29.84328070850982,1575.9887981773306,31.0,1334.0,0.687772925764192,42136,400.0,3261.0,0.010181317638124169,3.671637683254256,2.9488099375159185,5194,5194,3.333284295166192,5194,2.4538631632491628,5073,0.8767324852857414,0
PKOBP,50,xgboost,,0.16604333688126788,all,102407,0,0.08798226683722793,0.11615416914859336,11895,retain,5,-0.025852648288453375,-0.37711079823155935,11895,11895,-0.218233196183153,11895,-0.5413379238164708,10418,29.968810424548128,2092.4254396672104,31.0,1607.0,0.7386311482613493,102407,400.0,4356.400000000052,0.007343248020154872,3.6397854369959823,2.9371831952883753,11895,11895,3.2549911759100754,11895,2.517766611366692,10418,0.8838458308514067,0
PKOBP,50,xgboost,,0.108066229856561,2017-12-27,22588,0,0.10753497432264919,0.11895696830175315,2687,retain,5,-0.030589255345601064,-0.39032346448003413,2687,2687,-0.24855416005640577,2687,-0.3910889171657191,2312,30.646073688128023,2539.6197538516026,32.0,2000.0,0.7824508588631132,22588,750.0,4971.0,0.0019479369576766426,3.174872829771169,2.4553491575608977,2687,2687,2.738950231733842,2687,2.348536156669516,2312,0.8810430316982468,0
PKOBP,50,xgboost,,0.1339065361038134,2017-12-28,37683,0,0.07817848897380782,0.09752408247750975,3675,retain,5,-0.07111506960260007,-0.43613233117566697,3675,3675,-0.29167587488528074,3675,-0.6303913242107269,3198,30.47891156462585,2458.218215110262,31.0,1842.0,0.7816522039115781,37683,489.0,5359.800000000003,0.006262771010800626,4.028636609112018,3.2984948486555616,3675,3675,3.5874563555280785,3675,2.79455614892464,3198,0.9024759175224902,0
PKOBP,50,xgboost,,0.225863869375356,2017-12-29,42136,0,0.0862682741598633,0.13131289158913992,5533,retain,5,0.006510746161581861,-0.3314924053562207,5533,5533,-0.1547279957208813,5533,-0.5540891318270059,4908,29.301102476052773,1525.561135371179,30.0,1268.0,0.6766660337953294,42136,351.0,3166.0,0.0112018226694513,3.6072880789780264,2.931195075506941,5533,5533,3.2847747439392423,5533,2.4171325180801286,4908,0.86868710841086,0
PKOBP,50,xgboost,,0.15750876404933256,all,102407,0,0.0799261769214995,0.10466081420215415,10718,reset,0,-0.030209387724329843,-0.4033399916836524,10718,10718,-0.22986309572156913,10718,-0.5906183485014437,10718,30.763761895876097,2178.7558565332447,32.0,1730.0,0.7562666614586894,102407,505.0,4427.0,0.006298397570478581,3.7042668756708492,2.957912187992523,10718,10718,3.3049160105225126,10718,2.5833373259807866,10718,0.8953391857978459,0
PKOBP,50,xgboost,,0.10133699309367807,2017-12-27,22588,0,0.09664423587745706,0.10642819196033292,2404,reset,0,-0.03373785656697183,-0.4201566107364883,2404,2404,-0.2527322660743378,2404,-0.4200485351055058,2404,31.064475873544094,2631.965866831946,32.0,2084.0,0.8008234460775633,22588,850.0,5000.0,0.0011953249513015761,3.1404510845269527,2.3675758455264004,2404,2404,2.7024646118247584,2404,2.367811192485292,2404,0.8935718080396671,0
PKOBP,50,xgboost,,0.12310590982671231,2017-12-28,37683,0,0.07085423135100709,0.08725419950640873,3288,reset,0,-0.08571622118787128,-0.46441063738383553,3288,3288,-0.31536135253208997,3288,-0.7142528025346337,3288,31.402068126520682,2560.873231961362,32.0,1998.0,0.8007058885969801,37683,616.0,5408.0,0.005333970225300534,4.153631416834288,3.3961194708409503,3288,3288,3.694272092676718,3288,2.896335033479538,3288,0.9127458004935912,0
PKOBP,50,xgboost,,0.21838807670400606,2017-12-29,42136,0,0.07907727359027909,0.11928042528953864,5026,reset,0,0.007790792841892918,-0.3553440833539231,5026,5026,-0.16299167631825662,5026,-0.5913226355175013,5026,30.202347791484282,1594.0673058667173,31.0,1347.0,0.6926381241693564,42136,400.0,3277.0,0.00989652553635846,3.679973710243978,2.9536031989919125,5026,5026,3.3383601737430393,5026,2.481663701362258,5026,0.8807195747104614,0
PKOBP,50,xgboost,,0.15980352905563097,all,102407,0,0.08213305731053541,0.10780513050865663,11040,reset,1,-0.029512648807272748,-0.39748122885961445,11040,11040,-0.22569292694081386,11040,-0.5839653919375927,10754,30.4669384057971,2158.4764322751375,31.0,1700.0,0.7515501869989356,102407,496.0,4396.0,0.006513226634898005,3.7007243640059575,2.9646967773478416,11040,11040,3.308324106959371,11040,2.566686146970171,10754,0.8921948694913434,0
PKOBP,50,xgboost,,0.10337347264034,2017-12-27,22588,0,0.09881352930759696,0.10917301221887728,2466,reset,1,-0.031496785390653606,-0.40867191457196156,2466,2466,-0.24822007332957638,2466,-0.41240472685072915,2399,30.874290348742903,2613.122764299628,32.0,2076.0,0.7964405879227909,22588,832.0,4991.0,0.0013724101292721799,3.152890871687667,2.3984976345566795,2466,2466,2.719448473301448,2466,2.3669984474565884,2399,0.8908269877811227,0
PKOBP,50,xgboost,,0.12578616352201258,2017-12-28,37683,0,0.07276490725260727,0.08969561871400897,3380,reset,1,-0.0820344901974846,-0.45343242234585396,3380,3380,-0.3047573991875094,3380,-0.6965415010357069,3282,31.12810650887574,2537.271846721333,32.0,1977.0,0.7959557360082796,37683,591.0,5395.0,0.00549319321710055,4.145113006574372,3.4022007217886747,3380,3380,3.699603425022748,3380,2.8870401346452943,3282,0.910304381285991,0
PKOBP,50,xgboost,,0.22047655211695463,2017-12-29,42136,0,0.08156920448072907,0.12326751471425859,5194,reset,1,0.0056080105522831256,-0.3557578432319407,5194,5194,-0.1635462463115263,5194,-0.5922640801858431,5073,29.84328070850982,1575.9887981773306,31.0,1334.0,0.687772925764192,42136,400.0,3261.0,0.010181317638124169,3.671637683254256,2.9488099375159185,5194,5194,3.333284295166192,5194,2.4538631632491628,5073,0.8767324852857414,0
PKOBP,50,xgboost,,0.16604333688126788,all,102407,0,0.08798226683722793,0.11615416914859336,11895,reset,5,-0.025852648288453375,-0.37711079823155935,11895,11895,-0.218233196183153,11895,-0.5413379238164708,10418,29.968810424548128,2092.4254396672104,31.0,1607.0,0.7386311482613493,102407,400.0,4356.400000000052,0.007343248020154872,3.6397854369959823,2.9371831952883753,11895,11895,3.2549911759100754,11895,2.517766611366692,10418,0.8838458308514067,0
PKOBP,50,xgboost,,0.108066229856561,2017-12-27,22588,0,0.10753497432264919,0.11895696830175315,2687,reset,5,-0.030589255345601064,-0.39032346448003413,2687,2687,-0.24855416005640577,2687,-0.3910889171657191,2312,30.646073688128023,2539.6197538516026,32.0,2000.0,0.7824508588631132,22588,750.0,4971.0,0.0019479369576766426,3.174872829771169,2.4553491575608977,2687,2687,2.738950231733842,2687,2.348536156669516,2312,0.8810430316982468,0
PKOBP,50,xgboost,,0.1339065361038134,2017-12-28,37683,0,0.07817848897380782,0.09752408247750975,3675,reset,5,-0.07111506960260007,-0.43613233117566697,3675,3675,-0.29167587488528074,3675,-0.6303913242107269,3198,30.47891156462585,2458.218215110262,31.0,1842.0,0.7816522039115781,37683,489.0,5359.800000000003,0.006262771010800626,4.028636609112018,3.2984948486555616,3675,3675,3.5874563555280785,3675,2.79455614892464,3198,0.9024759175224902,0
PKOBP,50,xgboost,,0.225863869375356,2017-12-29,42136,0,0.0862682741598633,0.13131289158913992,5533,reset,5,0.006510746161581861,-0.3314924053562207,5533,5533,-0.1547279957208813,5533,-0.5540891318270059,4908,29.301102476052773,1525.561135371179,30.0,1268.0,0.6766660337953294,42136,351.0,3166.0,0.0112018226694513,3.6072880789780264,2.931195075506941,5533,5533,3.2847747439392423,5533,2.4171325180801286,4908,0.86868710841086,0
PZU,10,linear,,0.0484677639356188,all,153958,0,0.0025591395055794435,0.004150482599150417,639,retain,0,-0.2604249126875096,-0.2471963412187919,638,639,-0.09160239362180536,638,-0.06813567511378302,639,7.769953051643192,1496.243222177477,8.0,1096.0,0.9485509034931605,153958,330.0,2942.0,0.0004221930656412788,3.238162062677019,3.2782193939992426,638,639,3.589361512745242,638,3.622707704254327,639,0.9958495174008496,0
PZU,10,linear,,0.04904214559386973,2017-12-27,80910,0,0.0025831170436287233,0.004103324681745149,332,retain,0,-0.5789628034982914,-0.34242286786439047,331,332,-0.19738236779967552,331,-0.23803658396534472,332,7.783132530120482,1626.6888888888889,8.0,1153.0,0.9479297985415894,80910,380.0,3277.0,0.0004449388209121246,3.4452512504330657,3.94714514626625,331,332,4.237091334738607,331,4.127086335354384,332,0.9958966753182549,0
PZU,10,linear,,0.04660483224550555,2017-12-28,34932,0,0.002633688308714073,0.003549753807397229,124,retain,0,0.17198907844035444,0.07547408067598604,124,124,0.13413944550749804,124,0.21199830571236714,124,7.887096774193548,1295.4797893049354,8.0,1066.0,0.9505610901179434,34932,275.0,2432.0,0.00020038932783694033,2.4245912824010083,2.231573352441529,124,124,2.3489180445983973,124,2.5045593925534257,124,0.9964502461926028,0
PZU,10,linear,,0.048955819078602164,2017-12-29,38116,0,0.0024399202434673105,0.004801133382306643,183,retain,0,0.024467135669454795,-0.29359607889780454,183,183,-0.05323527121283606,183,0.0502822927347191,183,7.666666666666667,1403.3349774372966,8.0,1007.0,0.948027075243992,38116,290.0,2657.0,0.0005771854339385035,3.413731278082582,2.777507291008952,183,183,3.25830369291139,183,3.4653125410067465,183,0.9951988666176934,0
PZU,10,linear,,0.050968445939801765,all,153958,0,0.0030267995167513216,0.004871458449707063,750,retain,1,-0.2588708685329963,-0.2130951457703577,750,750,-0.07426919693988526,750,-0.06316963252477409,594,7.597333333333333,1473.7569142233597,8.0,1073.0,0.9455630756440068,153958,300.0,2924.0,0.00044167889944010707,3.3849354338927116,3.476500746426471,750,750,3.7541215057373702,750,3.67135666109198,594,0.995128541550293,0
PZU,10,linear,,0.05204548263502657,2017-12-27,80910,0,0.0030651340996168583,0.00485724879495736,393,retain,1,-0.517510827020341,-0.2575369578829575,393,393,-0.12909113229679647,393,-0.21729949126781223,314,7.595419847328245,1602.5302681992337,8.0,1123.0,0.9444197256210605,80910,350.0,3261.0,0.0004696576442961315,3.4758689443282584,3.9958832370952275,393,393,4.252674822605394,393,4.004625910797827,314,0.9951427512050426,0
PZU,10,linear,,0.04806481163403183,2017-12-28,34932,0,0.003091721058055651,0.004236802931409596,148,retain,1,0.12780242655058388,0.06280539426398307,148,148,0.09591991438362375,148,0.14528746673866655,115,7.75,1275.6760563380283,8.0,1044.0,0.9486144509332417,34932,253.0,2412.0,0.00022901637467078896,2.486423457892443,2.3564606464230606,148,148,2.422687949258888,148,2.4919194046028728,115,0.9957631970685904,0
PZU,10,linear,,0.05134326791898415,2017-12-29,38116,0,0.002885927169692518,0.0054832616224157835,209,retain,1,-0.04634524167578781,-0.32490207287481093,209,209,-0.09169966526817823,209,0.08485587796018532,165,7.492822966507177,1381.940051421975,8.0,1000.0,0.9451936194773848,38116,259.0,2643.0,0.0005771854339385035,3.850212481006921,3.2930013012957677,209,209,3.759483768080346,209,3.859167207083564,165,0.9945167383775843,0
PZU,10,linear,,0.05874978890346718,all,153958,0,0.003942633705296249,0.006475792099143922,997,retain,5,-0.2859622640017604,-0.38902395416282853,993,997,-0.21783837565360717,995,-0.033964902287410274,187,7.589769307923771,1412.7956715467856,8.0,1018.0,0.9367684693228023,153958,243.0,2848.0,0.0005391080684342483,3.0156738235100966,2.811684346334521,993,997,3.1616401491998944,995,2.7885041612892847,187,0.993524207900856,0
PZU,10,linear,,0.060400444938820914,2017-12-27,80910,0,0.004016808799901125,0.006674082313681869,540,retain,5,-0.38895863194714425,-0.4394495899196046,536,540,-0.2430313406263959,538,-0.1779137216990725,103,7.583333333333333,1534.896514645903,8.0,1067.0,0.9349153380299098,80910,276.0,3195.0,0.0006674082313681868,3.0028517472372087,2.9072672479513106,536,540,3.3133979320558415,538,2.8419378899133747,103,0.9933259176863182,0
PZU,10,linear,,0.05616626588801099,2017-12-28,34932,0,0.0043513111187449905,0.006498339631283637,227,retain,5,-0.1162527203336077,-0.2818369170496966,227,227,-0.1695426347483561,227,0.36597187718194124,36,7.71806167400881,1223.1824115424254,8.0,1000.0,0.9392247795717393,34932,243.0,2384.0,0.00025764342150463756,1.6594825981890875,1.328496473470827,227,227,1.5529723743522232,227,2.072737535857116,36,0.9935016603687163,0
PZU,10,linear,,0.05761360058767971,2017-12-29,38116,0,0.0034106412005457027,0.006034211354811627,230,retain,5,-0.21164064540247066,-0.3772992439847809,230,230,-0.20657454100200573,230,-0.025027311901898764,48,7.478260869565218,1327.3824902927904,8.0,953.0,0.9384510441809214,38116,243.0,2551.0,0.000524714030853185,4.384279603228481,4.052776571871301,230,230,4.394344052303904,230,3.21066925435755,48,0.9939657886451884,0
PZU,10,linear,,0.0484677639356188,all,153958,0,0.0025591395055794435,0.004150482599150417,639,reset,0,-0.2604249126875096,-0.2471963412187919,638,639,-0.09160239362180536,638,-0.06813567511378302,639,7.769953051643192,1496.243222177477,8.0,1096.0,0.9485509034931605,153958,330.0,2942.0,0.0004221930656412788,3.238162062677019,3.2782193939992426,638,639,3.589361512745242,638,3.622707704254327,639,0.9958495174008496,0
PZU,10,linear,,0.04904214559386973,2017-12-27,80910,0,0.0025831170436287233,0.004103324681745149,332,reset,0,-0.5789628034982914,-0.34242286786439047,331,332,-0.19738236779967552,331,-0.23803658396534472,332,7.783132530120482,1626.6888888888889,8.0,1153.0,0.9479297985415894,80910,380.0,3277.0,0.0004449388209121246,3.4452512504330657,3.94714514626625,331,332,4.237091334738607,331,4.127086335354384,332,0.9958966753182549,0
PZU,10,linear,,0.04660483224550555,2017-12-28,34932,0,0.002633688308714073,0.003549753807397229,124,reset,0,0.17198907844035444,0.07547408067598604,124,124,0.13413944550749804,124,0.21199830571236714,124,7.887096774193548,1295.4797893049354,8.0,1066.0,0.9505610901179434,34932,275.0,2432.0,0.00020038932783694033,2.4245912824010083,2.231573352441529,124,124,2.3489180445983973,124,2.5045593925534257,124,0.9964502461926028,0
PZU,10,linear,,0.048955819078602164,2017-12-29,38116,0,0.0024399202434673105,0.004801133382306643,183,reset,0,0.024467135669454795,-0.29359607889780454,183,183,-0.05323527121283606,183,0.0502822927347191,183,7.666666666666667,1403.3349774372966,8.0,1007.0,0.948027075243992,38116,290.0,2657.0,0.0005771854339385035,3.413731278082582,2.777507291008952,183,183,3.25830369291139,183,3.4653125410067465,183,0.9951988666176934,0
PZU,10,linear,,0.050968445939801765,all,153958,0,0.0030267995167513216,0.004871458449707063,750,reset,1,-0.2588708685329963,-0.2130951457703577,750,750,-0.07426919693988526,750,-0.06316963252477409,594,7.597333333333333,1473.7569142233597,8.0,1073.0,0.9455630756440068,153958,300.0,2924.0,0.00044167889944010707,3.3849354338927116,3.476500746426471,750,750,3.7541215057373702,750,3.67135666109198,594,0.995128541550293,0
PZU,10,linear,,0.05204548263502657,2017-12-27,80910,0,0.0030651340996168583,0.00485724879495736,393,reset,1,-0.517510827020341,-0.2575369578829575,393,393,-0.12909113229679647,393,-0.21729949126781223,314,7.595419847328245,1602.5302681992337,8.0,1123.0,0.9444197256210605,80910,350.0,3261.0,0.0004696576442961315,3.4758689443282584,3.9958832370952275,393,393,4.252674822605394,393,4.004625910797827,314,0.9951427512050426,0
PZU,10,linear,,0.04806481163403183,2017-12-28,34932,0,0.003091721058055651,0.004236802931409596,148,reset,1,0.12780242655058388,0.06280539426398307,148,148,0.09591991438362375,148,0.14528746673866655,115,7.75,1275.6760563380283,8.0,1044.0,0.9486144509332417,34932,253.0,2412.0,0.00022901637467078896,2.486423457892443,2.3564606464230606,148,148,2.422687949258888,148,2.4919194046028728,115,0.9957631970685904,0
PZU,10,linear,,0.05134326791898415,2017-12-29,38116,0,0.002885927169692518,0.0054832616224157835,209,reset,1,-0.04634524167578781,-0.32490207287481093,209,209,-0.09169966526817823,209,0.08485587796018532,165,7.492822966507177,1381.940051421975,8.0,1000.0,0.9451936194773848,38116,259.0,2643.0,0.0005771854339385035,3.850212481006921,3.2930013012957677,209,209,3.759483768080346,209,3.859167207083564,165,0.9945167383775843,0
PZU,10,linear,,0.05874978890346718,all,153958,0,0.003942633705296249,0.006475792099143922,997,reset,5,-0.2859622640017604,-0.38902395416282853,993,997,-0.21783837565360717,995,-0.033964902287410274,187,7.589769307923771,1412.7956715467856,8.0,1018.0,0.9367684693228023,153958,243.0,2848.0,0.0005391080684342483,3.0156738235100966,2.811684346334521,993,997,3.1616401491998944,995,2.7885041612892847,187,0.993524207900856,0
PZU,10,linear,,0.060400444938820914,2017-12-27,80910,0,0.004016808799901125,0.006674082313681869,540,reset,5,-0.38895863194714425,-0.4394495899196046,536,540,-0.2430313406263959,538,-0.1779137216990725,103,7.583333333333333,1534.896514645903,8.0,1067.0,0.9349153380299098,80910,276.0,3195.0,0.0006674082313681868,3.0028517472372087,2.9072672479513106,536,540,3.3133979320558415,538,2.8419378899133747,103,0.9933259176863182,0
PZU,10,linear,,0.05616626588801099,2017-12-28,34932,0,0.0043513111187449905,0.006498339631283637,227,reset,5,-0.1162527203336077,-0.2818369170496966,227,227,-0.1695426347483561,227,0.36597187718194124,36,7.71806167400881,1223.1824115424254,8.0,1000.0,0.9392247795717393,34932,243.0,2384.0,0.00025764342150463756,1.6594825981890875,1.328496473470827,227,227,1.5529723743522232,227,2.072737535857116,36,0.9935016603687163,0
PZU,10,linear,,0.05761360058767971,2017-12-29,38116,0,0.0034106412005457027,0.006034211354811627,230,reset,5,-0.21164064540247066,-0.3772992439847809,230,230,-0.20657454100200573,230,-0.025027311901898764,48,7.478260869565218,1327.3824902927904,8.0,953.0,0.9384510441809214,38116,243.0,2551.0,0.000524714030853185,4.384279603228481,4.052776571871301,230,230,4.394344052303904,230,3.21066925435755,48,0.9939657886451884,0
PZU,10,xgboost,,0.047006326400706684,all,153958,0,0.002468205614518245,0.003936138427363307,606,retain,0,-0.4165766640921998,-0.35026717766254245,606,606,-0.27046522605074963,606,-0.18224592994922637,606,7.785478547854786,1483.9416399277725,8.0,1084.0,0.9501487418646644,153958,323.0,2930.0,0.0003767261201106795,3.2001010163073444,3.332749465273678,606,606,3.4922195844343795,606,3.668734485928044,606,0.9960638615726367,0
PZU,10,xgboost,,0.047942157953281425,2017-12-27,80910,0,0.0025583982202447165,0.004004449388209121,324,retain,0,-0.6806106554087916,-0.43405496026610735,324,324,-0.30806909295222035,324,-0.30460642104872826,324,7.762345679012346,1611.0722531207514,8.0,1131.0,0.9491533802990978,80910,370.0,3268.0,0.0003460635273760969,3.2853692712275038,3.7784366781863166,324,324,4.030303073655856,324,4.037338468317674,324,0.9959955506117909,0
PZU,10,xgboost,,0.04420016031146227,2017-12-28,34932,0,0.0022901637467078895,0.003177602198557197,111,retain,0,0.22488638547706447,0.06259681534894587,111,111,0.09538654430127795,111,0.22589647747779448,111,7.927927927927928,1285.3297263254324,8.0,1050.0,0.953309286613993,34932,267.0,2412.0,0.00020038932783694033,2.3391793028254777,2.0146004041944576,111,111,2.0801770179417423,111,2.341122052016052,111,0.9968223978014428,0
PZU,10,xgboost,,0.04759156259838388,2017-12-29,38116,0,0.0024399202434673105,0.0044863049637947315,171,retain,0,-0.33269002851098656,-0.4595108131053505,171,171,-0.4366985221501561,171,-0.21533954461683272,171,7.7368421052631575,1396.0985675306958,8.0,1000.0,0.9493650960226676,38116,280.0,2653.0,0.0006034211354811628,3.5973840315257988,3.343930101508172,171,171,3.3892820076678563,171,3.8321104500800414,171,0.9955136950362052,0
PZU,10,xgboost,,0.049760324244274415,all,153958,0,0.002909884513958352,0.0046246378882552385,712,retain,1,-0.39043541248843033,-0.29800951735214304,712,712,-0.2165490788055809,712,-0.14674313285497118,557,7.637640449438202,1463.4055911352448,8.0,1063.0,0.9469400745657907,153958,295.7000000000007,2903.0,0.00038971667597656505,3.3051045217563906,3.4900093646573835,712,712,3.652838078304207,712,3.618517375281986,557,0.9953753621117447,0
PZU,10,xgboost,,0.051044370287974296,2017-12-27,80910,0,0.002953899394388827,0.004659498207885305,377,retain,1,-0.6211201569397333,-0.350718928130899,377,377,-0.23262692130988957,377,-0.2784035786335276,298,7.63395225464191,1589.2786182177729,8.0,1107.0,0.9456185885551848,80910,345.0,3240.0,0.0003831417624521073,3.2090733554779187,3.749900192735095,377,377,3.986010128369074,377,3.762931671719438,298,0.9953405017921146,0
PZU,10,xgboost,,0.046289934730333215,2017-12-28,34932,0,0.002805450589717165,0.00395053246307111,138,retain,1,0.1457278977030138,0.03258550703554403,138,138,0.041760171182704794,138,0.15467449565225652,108,7.739130434782608,1266.7464216191458,8.0,1035.0,0.9507042253521126,34932,246.0,2412.0,0.00020038932783694033,2.369358595059997,2.143105347039231,138,138,2.161437978330532,138,2.384622399510899,108,0.9960494675369289,0
PZU,10,xgboost,,0.050215132752649806,2017-12-29,38116,0,0.0029121628712351767,0.005168433203903872,197,retain,1,-0.3245592101954255,-0.4287235554329035,197,197,-0.36672841826882496,197,-0.10249340462166501,151,7.573604060913706,1376.442412635114,8.0,995.0,0.9462955189421766,38116,247.0,2640.0,0.0005771854339385035,4.144377047497945,3.9361713557538707,197,197,4.059981991613408,197,4.2160352365066,151,0.9948315667960961,0
PZU,10,xgboost,,0.05772353499006223,all,153958,0,0.0038452045363021083,0.006261447927356812,964,retain,5,-0.39547887067333515,-0.4321860398033065,961,964,-0.3223050469815343,963,-0.06070397586611214,165,7.641078838174274,1405.0325803141116,8.0,1007.0,0.9378791618493355,153958,243.0,2831.0,0.0005520986243001338,2.9463811734123437,2.8744843879829953,961,964,3.10172081543701,963,2.3491271120325012,165,0.9937385520726432,0
PZU,10,xgboost,,0.05960944259053269,2017-12-27,80910,0,0.00389321468298109,0.006513409961685823,527,retain,5,-0.4846645144352242,-0.4779980533235048,524,527,-0.3279075637023229,526,-0.22589242561488385,92,7.652751423149905,1525.283141762452,8.0,1058.0,0.935805215671734,80910,275.0,3175.0,0.0006921270547521938,2.908083076992441,2.9249058004102118,524,527,3.2383222597879016,526,2.2710820634345117,92,0.9934865900383142,0
PZU,10,xgboost,,0.05484942173365396,2017-12-28,34932,0,0.004036413603572655,0.006097560975609756,213,retain,5,-0.14086491532409834,-0.2889561596949625,213,213,-0.1919199822281988,213,0.3739768159359984,32,7.732394366197183,1216.4284610099621,8.0,1000.0,0.9408565212412687,34932,243.0,2373.0,0.00025764342150463756,1.4165241832312694,1.1205028953806606,213,213,1.3144854586650647,213,1.805300670751246,32,0.9939024390243902,0
PZU,10,xgboost,,0.05635428691363207,2017-12-29,38116,0,0.003568055409801658,0.005876797145555672,224,retain,5,-0.4277643091861564,-0.4612149209572949,224,224,-0.4331313639338808,224,-0.029300267592466848,41,7.526785714285714,1322.6222058977858,8.0,939.0,0.9395529436457131,38116,243.0,2551.0,0.000524714030853185,4.491214368599209,4.4243827710742245,224,224,4.480420687150651,224,2.9487024923255563,41,0.9941232028544443,0
PZU,10,xgboost,,0.047006326400706684,all,153958,0,0.002468205614518245,0.003936138427363307,606,reset,0,-0.4165766640921998,-0.35026717766254245,606,606,-0.27046522605074963,606,-0.18224592994922637,606,7.785478547854786,1483.9416399277725,8.0,1084.0,0.9501487418646644,153958,323.0,2930.0,0.0003767261201106795,3.2001010163073444,3.332749465273678,606,606,3.4922195844343795,606,3.668734485928044,606,0.9960638615726367,0
PZU,10,xgboost,,0.047942157953281425,2017-12-27,80910,0,0.0025583982202447165,0.004004449388209121,324,reset,0,-0.6806106554087916,-0.43405496026610735,324,324,-0.30806909295222035,324,-0.30460642104872826,324,7.762345679012346,1611.0722531207514,8.0,1131.0,0.9491533802990978,80910,370.0,3268.0,0.0003460635273760969,3.2853692712275038,3.7784366781863166,324,324,4.030303073655856,324,4.037338468317674,324,0.9959955506117909,0
PZU,10,xgboost,,0.04420016031146227,2017-12-28,34932,0,0.0022901637467078895,0.003177602198557197,111,reset,0,0.22488638547706447,0.06259681534894587,111,111,0.09538654430127795,111,0.22589647747779448,111,7.927927927927928,1285.3297263254324,8.0,1050.0,0.953309286613993,34932,267.0,2412.0,0.00020038932783694033,2.3391793028254777,2.0146004041944576,111,111,2.0801770179417423,111,2.341122052016052,111,0.9968223978014428,0
PZU,10,xgboost,,0.04759156259838388,2017-12-29,38116,0,0.0024399202434673105,0.0044863049637947315,171,reset,0,-0.33269002851098656,-0.4595108131053505,171,171,-0.4366985221501561,171,-0.21533954461683272,171,7.7368421052631575,1396.0985675306958,8.0,1000.0,0.9493650960226676,38116,280.0,2653.0,0.0006034211354811628,3.5973840315257988,3.343930101508172,171,171,3.3892820076678563,171,3.8321104500800414,171,0.9955136950362052,0
PZU,10,xgboost,,0.049760324244274415,all,153958,0,0.002909884513958352,0.0046246378882552385,712,reset,1,-0.39043541248843033,-0.29800951735214304,712,712,-0.2165490788055809,712,-0.14674313285497118,557,7.637640449438202,1463.4055911352448,8.0,1063.0,0.9469400745657907,153958,295.7000000000007,2903.0,0.00038971667597656505,3.3051045217563906,3.4900093646573835,712,712,3.652838078304207,712,3.618517375281986,557,0.9953753621117447,0
PZU,10,xgboost,,0.051044370287974296,2017-12-27,80910,0,0.002953899394388827,0.004659498207885305,377,reset,1,-0.6211201569397333,-0.350718928130899,377,377,-0.23262692130988957,377,-0.2784035786335276,298,7.63395225464191,1589.2786182177729,8.0,1107.0,0.9456185885551848,80910,345.0,3240.0,0.0003831417624521073,3.2090733554779187,3.749900192735095,377,377,3.986010128369074,377,3.762931671719438,298,0.9953405017921146,0
PZU,10,xgboost,,0.046289934730333215,2017-12-28,34932,0,0.002805450589717165,0.00395053246307111,138,reset,1,0.1457278977030138,0.03258550703554403,138,138,0.041760171182704794,138,0.15467449565225652,108,7.739130434782608,1266.7464216191458,8.0,1035.0,0.9507042253521126,34932,246.0,2412.0,0.00020038932783694033,2.369358595059997,2.143105347039231,138,138,2.161437978330532,138,2.384622399510899,108,0.9960494675369289,0
PZU,10,xgboost,,0.050215132752649806,2017-12-29,38116,0,0.0029121628712351767,0.005168433203903872,197,reset,1,-0.3245592101954255,-0.4287235554329035,197,197,-0.36672841826882496,197,-0.10249340462166501,151,7.573604060913706,1376.442412635114,8.0,995.0,0.9462955189421766,38116,247.0,2640.0,0.0005771854339385035,4.144377047497945,3.9361713557538707,197,197,4.059981991613408,197,4.2160352365066,151,0.9948315667960961,0
PZU,10,xgboost,,0.05772353499006223,all,153958,0,0.0038452045363021083,0.006261447927356812,964,reset,5,-0.39547887067333515,-0.4321860398033065,961,964,-0.3223050469815343,963,-0.06070397586611214,165,7.641078838174274,1405.0325803141116,8.0,1007.0,0.9378791618493355,153958,243.0,2831.0,0.0005520986243001338,2.9463811734123437,2.8744843879829953,961,964,3.10172081543701,963,2.3491271120325012,165,0.9937385520726432,0
PZU,10,xgboost,,0.05960944259053269,2017-12-27,80910,0,0.00389321468298109,0.006513409961685823,527,reset,5,-0.4846645144352242,-0.4779980533235048,524,527,-0.3279075637023229,526,-0.22589242561488385,92,7.652751423149905,1525.283141762452,8.0,1058.0,0.935805215671734,80910,275.0,3175.0,0.0006921270547521938,2.908083076992441,2.9249058004102118,524,527,3.2383222597879016,526,2.2710820634345117,92,0.9934865900383142,0
PZU,10,xgboost,,0.05484942173365396,2017-12-28,34932,0,0.004036413603572655,0.006097560975609756,213,reset,5,-0.14086491532409834,-0.2889561596949625,213,213,-0.1919199822281988,213,0.3739768159359984,32,7.732394366197183,1216.4284610099621,8.0,1000.0,0.9408565212412687,34932,243.0,2373.0,0.00025764342150463756,1.4165241832312694,1.1205028953806606,213,213,1.3144854586650647,213,1.805300670751246,32,0.9939024390243902,0
PZU,10,xgboost,,0.05635428691363207,2017-12-29,38116,0,0.003568055409801658,0.005876797145555672,224,reset,5,-0.4277643091861564,-0.4612149209572949,224,224,-0.4331313639338808,224,-0.029300267592466848,41,7.526785714285714,1322.6222058977858,8.0,939.0,0.9395529436457131,38116,243.0,2551.0,0.000524714030853185,4.491214368599209,4.4243827710742245,224,224,4.480420687150651,224,2.9487024923255563,41,0.9941232028544443,0
PZU,20,linear,,0.08996834592724151,all,152587,0,0.012071801660691934,0.01825843617084024,2786,retain,0,-0.27797120920140317,-0.5026923625289076,2785,2786,-0.27906594862237905,2786,-0.3071989780445365,2786,14.021536252692032,1495.0275187270213,15.0,1093.0,0.8962886746577362,152587,329.0,2940.0,0.0016711777543303166,3.8027069133462894,3.352158784954438,2785,2786,3.800479807460399,2786,3.744198958675117,2786,0.9817415638291598,0
PZU,20,linear,,0.08910368405837177,2017-12-27,79559,0,0.011488329415905177,0.01689312334242512,1344,retain,0,-0.410162852389504,-0.6111084549625659,1343,1344,-0.37897844728820795,1344,-0.3832320701540792,1344,13.816220238095237,1626.53672117548,14.0,1143.0,0.8980253648235901,79559,380.0,3277.0,0.0013826217021330083,3.8847020736458586,3.4808413731299903,1343,1344,3.9470138690149574,1344,3.938533510715494,1344,0.9831068766575749,0
PZU,20,linear,,0.08845426951491896,2017-12-28,34922,0,0.012885859916385087,0.019471966095870798,680,retain,0,0.02027833867804429,-0.10507806084517304,680,680,0.06938291088022695,680,0.030742560140309756,680,14.608823529411765,1295.6633354332512,15.0,1068.0,0.8972281083557643,34922,270.0,2432.0,0.0014317622129316762,2.6195921079614495,2.3688901030497402,680,680,2.717802640281024,680,2.64048036063833,680,0.9805280339041292,0
PZU,20,linear,,0.09316118196609458,2017-12-29,38106,0,0.012543956332336115,0.01999685088962368,762,retain,0,-0.3109687474077243,-0.6664389675243619,762,762,-0.41379406706712724,762,-0.474668492703946,762,13.859580052493438,1403.1641736209522,14.0,1007.0,0.8918018159869837,38106,287.0,2657.0,0.0024930457145856295,4.7138835173083224,4.002817561562613,762,762,4.508194630232903,762,4.386381384820455,762,0.9800031491103763,0
PZU,20,linear,,0.09302889499105428,all,152587,0,0.012989311016010538,0.01971334386284546,3008,retain,1,-0.26877511344093474,-0.46910953000011785,3004,3008,-0.2567243886304529,3008,-0.2754683526438777,2745,13.768617021276595,1472.6604756630643,14.0,1072.0,0.8922712944090911,152587,300.0,2913.0,0.0017104995838439709,3.795892347598438,3.396078387346828,3004,3008,3.8199712222067066,3008,3.7365046534122492,2745,0.9802866561371545,0
PZU,20,linear,,0.09272363906032001,2017-12-27,79559,0,0.012493872472001911,0.018552269384984728,1476,retain,1,-0.3836245334748602,-0.5611597598143846,1472,1476,-0.3510927974462176,1476,-0.34014043253087134,1353,13.548780487804878,1602.7238527382194,14.0,1115.0,0.8933495896127402,79559,350.0,3261.0,0.0014328988549378449,3.82333843700283,3.470756704382809,1472,1476,3.888366469858975,1476,3.9088206770468417,1353,0.9814477306150152,0
PZU,20,linear,,0.09048737185728194,2017-12-28,34922,0,0.013687646755626826,0.020817822576026573,727,retain,1,-0.02201463046961587,-0.13140909539561435,727,727,0.05328670089267107,727,0.007975889959138874,660,14.341127922971115,1275.816333543325,15.0,1044.0,0.8943359486856423,34922,253.0,2412.0,0.0014890327014489434,2.5234717280644405,2.3047275748611957,727,727,2.6740984002823556,727,2.527861828886526,660,0.9791821774239734,0
PZU,20,linear,,0.0959953813047814,2017-12-29,38106,0,0.013383719099354433,0.021125282107804545,805,retain,1,-0.28104483660872964,-0.6057682600260472,805,805,-0.36366884909162384,805,-0.4114955056915397,732,13.654658385093168,1381.5062982207526,14.0,1000.0,0.8881278538812786,38106,257.0,2643.0,0.0024930457145856295,4.894699009015,4.245128769955635,805,805,4.729409925317582,805,4.507762418725601,732,0.9788747178921955,0
PZU,20,linear,,0.1031870342820817,all,152587,0,0.014699810599854509,0.023101574839272023,3525,retain,5,-0.30995929527950306,-0.49918334451397234,3518,3525,-0.30637400896609907,3525,-0.28454400582359146,2159,13.458439716312057,1411.9113030598937,14.0,1014.0,0.8801274027276242,152587,243.0,2845.7999999999884,0.0019857523904395526,3.458213429858566,3.0795325504333184,3518,3525,3.465385346648113,3525,3.3155125321458208,2159,0.976898425160728,0
PZU,20,linear,,0.10411141417061552,2017-12-27,79559,0,0.014379265702183286,0.022323055845347477,1776,retain,5,-0.37892279314057503,-0.6080025100253053,1769,1776,-0.4059474929705813,1776,-0.3603665619754593,1132,13.199887387387387,1535.5063034980328,13.0,1066.0,0.8795233725914101,79559,276.0,3195.0,0.0019859475357910483,3.392026512503635,2.933740889014463,1769,1776,3.3379987525377044,1776,3.3858040376232843,1132,0.9776769441546526,0
PZU,20,linear,,0.10042380161502777,2017-12-28,34922,0,0.015548937632438005,0.025370826413149306,886,retain,5,-0.19696821276464374,-0.28197194402548753,886,886,-0.08958455152799719,886,-0.12434031701274409,506,13.91196388261851,1223.2862379016094,15.0,1000.0,0.8824523223183094,34922,243.0,2384.0,0.001574938434224844,2.0593232205047682,1.8894198049423445,886,886,2.274136067190449,886,1.8620615372830946,506,0.9746291735868507,0
PZU,20,linear,,0.10378942948617016,2017-12-29,38106,0,0.014590878076943264,0.022647352123025245,863,retain,5,-0.2840391642330388,-0.4991233179128709,863,863,-0.32402516968243483,863,-0.27539224569763077,521,13.524913093858633,1326.729701359366,14.0,953.0,0.8792578596546475,38106,243.0,2551.0,0.0023618327822390174,5.030594299742482,4.600210814112298,863,863,4.950536508571145,863,4.574392031570102,521,0.9773526478769747,0
PZU,20,linear,,0.08996834592724151,all,152587,0,0.012071801660691934,0.01825843617084024,2786,reset,0,-0.27797120920140317,-0.5026923625289076,2785,2786,-0.27906594862237905,2786,-0.3071989780445365,2786,14.021536252692032,1495.0275187270213,15.0,1093.0,0.8962886746577362,152587,329.0,2940.0,0.0016711777543303166,3.8027069133462894,3.352158784954438,2785,2786,3.800479807460399,2786,3.744198958675117,2786,0.9817415638291598,0
PZU,20,linear,,0.08910368405837177,2017-12-27,79559,0,0.011488329415905177,0.01689312334242512,1344,reset,0,-0.410162852389504,-0.6111084549625659,1343,1344,-0.37897844728820795,1344,-0.3832320701540792,1344,13.816220238095237,1626.53672117548,14.0,1143.0,0.8980253648235901,79559,380.0,3277.0,0.0013826217021330083,3.8847020736458586,3.4808413731299903,1343,1344,3.9470138690149574,1344,3.938533510715494,1344,0.9831068766575749,0
PZU,20,linear,,0.08845426951491896,2017-12-28,34922,0,0.012885859916385087,0.019471966095870798,680,reset,0,0.02027833867804429,-0.10507806084517304,680,680,0.06938291088022695,680,0.030742560140309756,680,14.608823529411765,1295.6633354332512,15.0,1068.0,0.8972281083557643,34922,270.0,2432.0,0.0014317622129316762,2.6195921079614495,2.3688901030497402,680,680,2.717802640281024,680,2.64048036063833,680,0.9805280339041292,0
PZU,20,linear,,0.09316118196609458,2017-12-29,38106,0,0.012543956332336115,0.01999685088962368,762,reset,0,-0.3109687474077243,-0.6664389675243619,762,762,-0.41379406706712724,762,-0.474668492703946,762,13.859580052493438,1403.1641736209522,14.0,1007.0,0.8918018159869837,38106,287.0,2657.0,0.0024930457145856295,4.7138835173083224,4.002817561562613,762,762,4.508194630232903,762,4.386381384820455,762,0.9800031491103763,0
PZU,20,linear,,0.09302889499105428,all,152587,0,0.012989311016010538,0.01971334386284546,3008,reset,1,-0.26877511344093474,-0.46910953000011785,3004,3008,-0.2567243886304529,3008,-0.2754683526438777,2745,13.768617021276595,1472.6604756630643,14.0,1072.0,0.8922712944090911,152587,300.0,2913.0,0.0017104995838439709,3.795892347598438,3.396078387346828,3004,3008,3.8199712222067066,3008,3.7365046534122492,2745,0.9802866561371545,0
PZU,20,linear,,0.09272363906032001,2017-12-27,79559,0,0.012493872472001911,0.018552269384984728,1476,reset,1,-0.3836245334748602,-0.5611597598143846,1472,1476,-0.3510927974462176,1476,-0.34014043253087134,1353,13.548780487804878,1602.7238527382194,14.0,1115.0,0.8933495896127402,79559,350.0,3261.0,0.0014328988549378449,3.82333843700283,3.470756704382809,1472,1476,3.888366469858975,1476,3.9088206770468417,1353,0.9814477306150152,0
PZU,20,linear,,0.09048737185728194,2017-12-28,34922,0,0.013687646755626826,0.020817822576026573,727,reset,1,-0.02201463046961587,-0.13140909539561435,727,727,0.05328670089267107,727,0.007975889959138874,660,14.341127922971115,1275.816333543325,15.0,1044.0,0.8943359486856423,34922,253.0,2412.0,0.0014890327014489434,2.5234717280644405,2.3047275748611957,727,727,2.6740984002823556,727,2.527861828886526,660,0.9791821774239734,0
PZU,20,linear,,0.0959953813047814,2017-12-29,38106,0,0.013383719099354433,0.021125282107804545,805,reset,1,-0.28104483660872964,-0.6057682600260472,805,805,-0.36366884909162384,805,-0.4114955056915397,732,13.654658385093168,1381.5062982207526,14.0,1000.0,0.8881278538812786,38106,257.0,2643.0,0.0024930457145856295,4.894699009015,4.245128769955635,805,805,4.729409925317582,805,4.507762418725601,732,0.9788747178921955,0
PZU,20,linear,,0.1031870342820817,all,152587,0,0.014699810599854509,0.023101574839272023,3525,reset,5,-0.30995929527950306,-0.49918334451397234,3518,3525,-0.30637400896609907,3525,-0.28454400582359146,2159,13.458439716312057,1411.9113030598937,14.0,1014.0,0.8801274027276242,152587,243.0,2845.7999999999884,0.0019857523904395526,3.458213429858566,3.0795325504333184,3518,3525,3.465385346648113,3525,3.3155125321458208,2159,0.976898425160728,0
PZU,20,linear,,0.10411141417061552,2017-12-27,79559,0,0.014379265702183286,0.022323055845347477,1776,reset,5,-0.37892279314057503,-0.6080025100253053,1769,1776,-0.4059474929705813,1776,-0.3603665619754593,1132,13.199887387387387,1535.5063034980328,13.0,1066.0,0.8795233725914101,79559,276.0,3195.0,0.0019859475357910483,3.392026512503635,2.933740889014463,1769,1776,3.3379987525377044,1776,3.3858040376232843,1132,0.9776769441546526,0
PZU,20,linear,,0.10042380161502777,2017-12-28,34922,0,0.015548937632438005,0.025370826413149306,886,reset,5,-0.19696821276464374,-0.28197194402548753,886,886,-0.08958455152799719,886,-0.12434031701274409,506,13.91196388261851,1223.2862379016094,15.0,1000.0,0.8824523223183094,34922,243.0,2384.0,0.001574938434224844,2.0593232205047682,1.8894198049423445,886,886,2.274136067190449,886,1.8620615372830946,506,0.9746291735868507,0
PZU,20,linear,,0.10378942948617016,2017-12-29,38106,0,0.014590878076943264,0.022647352123025245,863,reset,5,-0.2840391642330388,-0.4991233179128709,863,863,-0.32402516968243483,863,-0.27539224569763077,521,13.524913093858633,1326.729701359366,14.0,953.0,0.8792578596546475,38106,243.0,2551.0,0.0023618327822390174,5.030594299742482,4.600210814112298,863,863,4.950536508571145,863,4.574392031570102,521,0.9773526478769747,0
PZU,20,xgboost,,0.08741898064710624,all,152587,0,0.012163552596223794,0.018133917044047,2767,retain,0,-0.35514777088642074,-0.5299835658972762,2766,2767,-0.34917136818796873,2767,-0.36867392685245326,2767,14.05565594506686,1481.691670981145,15.0,1083.0,0.8987987181083579,152587,320.0,2924.0,0.0016187486483121105,3.9746613871077656,3.624001373539534,2766,2767,3.986547079788776,2767,3.9475469378393133,2767,0.981866082955953,0
PZU,20,xgboost,,0.08670295001194082,2017-12-27,79559,0,0.011262082228283413,0.016629168290199725,1323,retain,0,-0.4549030595637521,-0.640674208399017,1322,1323,-0.40847236866452097,1323,-0.42210499407739177,1323,13.789871504157219,1609.964655161578,14.0,1124.0,0.9006900539222464,79559,367.0,3268.0,0.0013449138375293808,4.120295173518253,3.746894928097965,1322,1323,4.213052957912731,1323,4.185819872223675,1323,0.9833708317098002,0
PZU,20,xgboost,,0.08424488860889984,2017-12-28,34922,0,0.013086306626195521,0.01915697840902583,669,retain,0,0.045914853882598944,-0.06540043709799208,669,669,0.09591574581734919,669,0.07096633696624811,669,14.668161434977579,1284.5704427008761,15.0,1050.0,0.9014088540175248,34922,260.0,2412.0,0.0012599507473798751,2.745460957000225,2.5228427163640856,669,669,2.84546511035965,669,2.795525310648834,669,0.9808430215909741,0
PZU,20,xgboost,,0.09182281005615914,2017-12-29,38106,0,0.013200020994069176,0.02033800451372487,775,retain,0,-0.53106344708044,-0.742206899806205,775,775,-0.632149504496458,775,-0.6569707456345405,775,13.980645161290322,1394.529470424605,14.0,1000.0,0.8924578806487167,38106,270.0,2651.0,0.002519288301054952,4.787127952683083,4.364917325183573,775,775,4.584891029195346,775,4.535246778355342,775,0.9796619954862751,0
PZU,20,xgboost,,0.09097760621809198,all,152587,0,0.013008971930767365,0.01963470020381815,2996,retain,1,-0.3479017385585282,-0.504464264185105,2992,2996,-0.32843002588326314,2996,-0.3377681833818089,2726,13.815754339118826,1461.4873350940775,14.0,1060.0,0.8943487977350626,152587,290.0,2896.0,0.0016646241160780408,3.897797054030121,3.58588334528349,2992,2996,3.936694513366313,2996,3.882738628306256,2726,0.9803652997961818,0
PZU,20,xgboost,,0.09073769152452897,2017-12-27,79559,0,0.012116793825965635,0.018326022197362964,1458,retain,1,-0.43641123680367405,-0.6081076916635693,1454,1458,-0.39012443048749623,1458,-0.3877500080414901,1333,13.576131687242798,1588.4311265853014,14.0,1102.0,0.8957377543709699,79559,343.0,3240.0,0.0014077602785354266,3.947178090904735,3.606840190071739,1454,1458,4.039677283423228,1458,4.032695460948192,1333,0.981673977802637,0
PZU,20,xgboost,,0.08702250730198728,2017-12-28,34922,0,0.014088540175247695,0.020760552087509307,725,retain,1,-0.010391375515309572,-0.09183277922733035,725,725,0.07523677366165175,725,0.043193105067591074,654,14.340689655172413,1266.686100452437,15.0,1036.0,0.8975717312868678,34922,245.0,2412.0,0.0013172212358971422,2.6695948401437115,2.506763447427464,725,725,2.8408801288200247,725,2.7313340036609417,654,0.9792394479124907,0
PZU,20,xgboost,,0.09510313336482444,2017-12-29,38106,0,0.013882328242271558,0.021335222799559125,813,retain,1,-0.49015040370602,-0.6870722384049077,813,813,-0.5777633441576683,813,-0.5847545303027191,739,13.777367773677737,1374.9741248097412,14.0,990.0,0.888495250091849,38106,243.0,2640.0,0.002519288301054952,4.904499456618632,4.510718122188173,813,813,4.729211795104415,813,4.6312178794650345,739,0.9786647772004409,0
PZU,20,xgboost,,0.1010505482118398,all,152587,0,0.014732578791115888,0.023108128477524296,3526,retain,5,-0.36268424748303824,-0.5180860769604915,3520,3526,-0.35421972121930695,3525,-0.3391908530819584,2145,13.493477027793533,1403.147836971695,14.0,1007.0,0.8822049060535957,152587,243.0,2824.0,0.0020119669434486556,3.5066137663380235,3.201661228391938,3520,3526,3.5254240910166663,3525,3.378931910421399,2145,0.9768918715224757,0
PZU,20,xgboost,,0.10194949660000754,2017-12-27,79559,0,0.014039894920750638,0.022222501539737805,1768,retain,5,-0.40071613249153665,-0.6182421602892019,1762,1768,-0.41696341402857895,1767,-0.4036917843657082,1117,13.2420814479638,1524.6196659083196,13.0,1054.0,0.8819492452142436,79559,272.0,3166.0,0.0020613632649983033,3.4435586161097924,3.020177863194866,1762,1768,3.4148259787454305,1767,3.3833023562198807,1117,0.9777774984602622,0
PZU,20,xgboost,,0.09750300670064715,2017-12-28,34922,0,0.015863925319282973,0.02517037970333887,879,retain,5,-0.1888603082706451,-0.24309870261935235,879,879,-0.06287584792101564,879,-0.0800540431112234,500,13.887372013651877,1216.7684267796803,15.0,1000.0,0.885144035278621,34922,243.0,2384.0,0.0014890327014489434,2.098341477764611,1.9899905451249893,879,879,2.3503803222036654,879,1.97606280487029,500,0.9748296202966611,0
PZU,20,xgboost,,0.1024248149897654,2017-12-29,38106,0,0.015141972392799035,0.023067233506534404,879,retain,5,-0.4600117444940376,-0.5923055117962978,879,879,-0.519433782010222,879,-0.4481318847891911,528,13.60523321956769,1320.3410486537553,14.0,923.0,0.8800451372487272,38106,243.0,2551.0,0.00238807536870834,5.041713706337504,4.777124504920822,879,879,4.92279648825205,879,4.698160631668842,528,0.9769327664934656,0
PZU,20,xgboost,,0.08741898064710624,all,152587,0,0.012163552596223794,0.018133917044047,2767,reset,0,-0.35514777088642074,-0.5299835658972762,2766,2767,-0.34917136818796873,2767,-0.36867392685245326,2767,14.05565594506686,1481.691670981145,15.0,1083.0,0.8987987181083579,152587,320.0,2924.0,0.0016187486483121105,3.9746613871077656,3.624001373539534,2766,2767,3.986547079788776,2767,3.9475469378393133,2767,0.981866082955953,0
PZU,20,xgboost,,0.08670295001194082,2017-12-27,79559,0,0.011262082228283413,0.016629168290199725,1323,reset,0,-0.4549030595637521,-0.640674208399017,1322,1323,-0.40847236866452097,1323,-0.42210499407739177,1323,13.789871504157219,1609.964655161578,14.0,1124.0,0.9006900539222464,79559,367.0,3268.0,0.0013449138375293808,4.120295173518253,3.746894928097965,1322,1323,4.213052957912731,1323,4.185819872223675,1323,0.9833708317098002,0
PZU,20,xgboost,,0.08424488860889984,2017-12-28,34922,0,0.013086306626195521,0.01915697840902583,669,reset,0,0.045914853882598944,-0.06540043709799208,669,669,0.09591574581734919,669,0.07096633696624811,669,14.668161434977579,1284.5704427008761,15.0,1050.0,0.9014088540175248,34922,260.0,2412.0,0.0012599507473798751,2.745460957000225,2.5228427163640856,669,669,2.84546511035965,669,2.795525310648834,669,0.9808430215909741,0
PZU,20,xgboost,,0.09182281005615914,2017-12-29,38106,0,0.013200020994069176,0.02033800451372487,775,reset,0,-0.53106344708044,-0.742206899806205,775,775,-0.632149504496458,775,-0.6569707456345405,775,13.980645161290322,1394.529470424605,14.0,1000.0,0.8924578806487167,38106,270.0,2651.0,0.002519288301054952,4.787127952683083,4.364917325183573,775,775,4.584891029195346,775,4.535246778355342,775,0.9796619954862751,0
PZU,20,xgboost,,0.09097760621809198,all,152587,0,0.013008971930767365,0.01963470020381815,2996,reset,1,-0.3479017385585282,-0.504464264185105,2992,2996,-0.32843002588326314,2996,-0.3377681833818089,2726,13.815754339118826,1461.4873350940775,14.0,1060.0,0.8943487977350626,152587,290.0,2896.0,0.0016646241160780408,3.897797054030121,3.58588334528349,2992,2996,3.936694513366313,2996,3.882738628306256,2726,0.9803652997961818,0
PZU,20,xgboost,,0.09073769152452897,2017-12-27,79559,0,0.012116793825965635,0.018326022197362964,1458,reset,1,-0.43641123680367405,-0.6081076916635693,1454,1458,-0.39012443048749623,1458,-0.3877500080414901,1333,13.576131687242798,1588.4311265853014,14.0,1102.0,0.8957377543709699,79559,343.0,3240.0,0.0014077602785354266,3.947178090904735,3.606840190071739,1454,1458,4.039677283423228,1458,4.032695460948192,1333,0.981673977802637,0
PZU,20,xgboost,,0.08702250730198728,2017-12-28,34922,0,0.014088540175247695,0.020760552087509307,725,reset,1,-0.010391375515309572,-0.09183277922733035,725,725,0.07523677366165175,725,0.043193105067591074,654,14.340689655172413,1266.686100452437,15.0,1036.0,0.8975717312868678,34922,245.0,2412.0,0.0013172212358971422,2.6695948401437115,2.506763447427464,725,725,2.8408801288200247,725,2.7313340036609417,654,0.9792394479124907,0
PZU,20,xgboost,,0.09510313336482444,2017-12-29,38106,0,0.013882328242271558,0.021335222799559125,813,reset,1,-0.49015040370602,-0.6870722384049077,813,813,-0.5777633441576683,813,-0.5847545303027191,739,13.777367773677737,1374.9741248097412,14.0,990.0,0.888495250091849,38106,243.0,2640.0,0.002519288301054952,4.904499456618632,4.510718122188173,813,813,4.729211795104415,813,4.6312178794650345,739,0.9786647772004409,0
PZU,20,xgboost,,0.1010505482118398,all,152587,0,0.014732578791115888,0.023108128477524296,3526,reset,5,-0.36268424748303824,-0.5180860769604915,3520,3526,-0.35421972121930695,3525,-0.3391908530819584,2145,13.493477027793533,1403.147836971695,14.0,1007.0,0.8822049060535957,152587,243.0,2824.0,0.0020119669434486556,3.5066137663380235,3.201661228391938,3520,3526,3.5254240910166663,3525,3.378931910421399,2145,0.9768918715224757,0
PZU,20,xgboost,,0.10194949660000754,2017-12-27,79559,0,0.014039894920750638,0.022222501539737805,1768,reset,5,-0.40071613249153665,-0.6182421602892019,1762,1768,-0.41696341402857895,1767,-0.4036917843657082,1117,13.2420814479638,1524.6196659083196,13.0,1054.0,0.8819492452142436,79559,272.0,3166.0,0.0020613632649983033,3.4435586161097924,3.020177863194866,1762,1768,3.4148259787454305,1767,3.3833023562198807,1117,0.9777774984602622,0
PZU,20,xgboost,,0.09750300670064715,2017-12-28,34922,0,0.015863925319282973,0.02517037970333887,879,reset,5,-0.1888603082706451,-0.24309870261935235,879,879,-0.06287584792101564,879,-0.0800540431112234,500,13.887372013651877,1216.7684267796803,15.0,1000.0,0.885144035278621,34922,243.0,2384.0,0.0014890327014489434,2.098341477764611,1.9899905451249893,879,879,2.3503803222036654,879,1.97606280487029,500,0.9748296202966611,0
PZU,20,xgboost,,0.1024248149897654,2017-12-29,38106,0,0.015141972392799035,0.023067233506534404,879,reset,5,-0.4600117444940376,-0.5923055117962978,879,879,-0.519433782010222,879,-0.4481318847891911,528,13.60523321956769,1320.3410486537553,14.0,923.0,0.8800451372487272,38106,243.0,2551.0,0.00238807536870834,5.041713706337504,4.777124504920822,879,879,4.92279648825205,879,4.698160631668842,528,0.9769327664934656,0
PZU,50,linear,,0.20186031550307595,all,149222,0,0.05597700071035102,0.08055112516921098,12020,retain,0,-0.38125641015380607,-0.7124095176965816,12013,12020,-0.48843795286237296,12020,-0.7677362769308462,12020,31.07063227953411,1486.5382182251947,32.0,1085.0,0.7342818083124472,149222,324.0,2926.0,0.007880875474125798,4.226225645665838,3.5682648002676514,12013,12020,4.011902920048644,12020,3.4532457901249924,12020,0.9194488748307891,0
PZU,50,linear,,0.18684921446743777,2017-12-27,76254,0,0.05143336742990531,0.07520916935505023,5735,retain,0,-0.3804776284773593,-0.8600157942959481,5728,5735,-0.5553171019770197,5735,-0.9294034458667483,5735,31.348561464690498,1613.8725837333122,32.0,1123.0,0.7557767461379075,76254,370.0,3270.0,0.00594067196474939,3.9496649082476636,2.999343758746208,5728,5735,3.5999312825643655,5735,2.8517327946203417,5735,0.9247908306449498,0
PZU,50,linear,,0.20179410753181246,2017-12-28,34892,0,0.05815086552791471,0.08477587985784707,2958,retain,0,-0.18663880197173197,-0.5058915244153984,2958,2958,-0.24413486996811917,2958,-0.504295401910191,2958,31.19607843137255,1297.0308380144445,32.0,1068.0,0.7298521150980167,34892,270.0,2432.0,0.010202911842256105,3.7330086361089436,3.0945285815578036,2958,2958,3.618063278264088,2958,3.0977176337951766,2958,0.9152241201421529,0
PZU,50,linear,,0.231983401617817,2017-12-29,38076,0,0.0630843576005883,0.08737787582729278,3327,retain,0,-0.5556312817850048,-0.6418929778001489,3327,3327,-0.5903605855731345,3327,-0.7232808800158176,3327,30.480012022843404,1405.1887278075428,31.0,1007.0,0.6952936232797563,38076,287.0,2662.0,0.009638617501838429,5.141468129393678,4.968953547120236,3327,3327,5.072208000112079,3327,4.806215226747403,3327,0.9126221241727073,0
PZU,50,linear,,0.20561981477262065,all,149222,0,0.05761214834273767,0.08333221642921285,12435,retain,1,-0.3772781035009381,-0.6959495535824497,12427,12435,-0.48041872297631094,12435,-0.7494651334390806,12089,30.763811821471652,1464.0755116537775,32.0,1066.0,0.7287129243677206,149222,299.0,2900.0,0.008055112516921098,4.203612948527693,3.571054402178314,12427,12435,3.997368372505519,12435,3.4360753193306683,12089,0.9166677835707872,0
PZU,50,linear,,0.19103260156844232,2017-12-27,76254,0,0.053374249219713066,0.0784483436934456,5982,retain,1,-0.3691796773742224,-0.8372519901364639,5974,5982,-0.5433923261402792,5982,-0.9045709715968209,5799,30.988966900702106,1590.137592782018,32.0,1100.0,0.749495108453327,76254,343.0,3254.5999999999767,0.006098040758517586,3.9533387916551495,3.0267608648202957,5974,5982,3.6048520184369948,5982,2.839255746555732,5799,0.9215516563065544,0
PZU,50,linear,,0.20457411441017997,2017-12-28,34892,0,0.05984179754671558,0.08767052619511635,3059,retain,1,-0.21050994818479754,-0.5033531172914372,3059,3059,-0.25326991813738203,3059,-0.49078762550733895,2971,30.929388689114088,1276.8354063968818,31.0,1044.0,0.7252951966066721,34892,253.0,2412.0,0.01028889143643242,3.6287635697064204,3.0431207306327863,3059,3059,3.543295280083976,3059,3.0471094628056568,2971,0.9123294738048836,0
PZU,50,linear,,0.23579157474524634,2017-12-29,38076,0,0.06405609832965647,0.08913751444479462,3394,retain,1,-0.5418592974320184,-0.6208204264877315,3394,3394,-0.5741547571175677,3394,-0.710017143257842,3319,30.217737183264585,1383.1963178905348,31.0,1000.0,0.6902248135308331,38076,257.0,2643.0,0.009927513394264103,5.162836359319039,5.0049255552232665,3394,3394,5.0984415663049925,3394,4.827028697534242,3319,0.9108624855552053,0
PZU,50,linear,,0.21721998096795378,all,149222,0,0.06206859578346356,0.09099864631220597,13579,retain,5,-0.3813274343966364,-0.6793361162661584,13567,13579,-0.47397840900436283,13579,-0.7036481074079772,11754,30.213344134325062,1403.5218332417471,31.0,1007.0,0.7120129739582636,149222,243.0,2820.0,0.008698449290319122,4.0558013338941805,3.4662480385567487,13567,13579,3.8705385594918718,13579,3.29842588401461,11754,0.909001353687794,0
PZU,50,linear,,0.2029926298948252,2017-12-27,76254,0,0.058632989744800273,0.08712985548299106,6644,retain,5,-0.35471534794909876,-0.8128779403890709,6632,6644,-0.5236352933416556,6644,-0.8453500462490151,5712,30.30689343768814,1523.638733705773,31.0,1050.0,0.7313583549715424,76254,274.0,3166.0,0.0070160253888320616,3.832296276301037,2.9286479061291493,6632,6644,3.494410699378049,6644,2.694325308509698,5712,0.912870144517009,0
PZU,50,linear,,0.21629599908288433,2017-12-28,34892,0,0.0652871718445489,0.09781611830792158,3413,retain,5,-0.2780722787282917,-0.5143071011029001,3413,3413,-0.2944574059496445,3413,-0.47631319790757026,2924,30.383533548198066,1223.448956780924,31.0,1000.0,0.7077840192594291,34892,243.0,2384.0,0.010632809813137682,3.34438426656151,2.87200495496346,3413,3413,3.311674268963544,3413,2.7830959686915135,2924,0.9021838816920784,0
PZU,50,linear,,0.24655951255383968,2017-12-29,38076,0,0.06599957978779283,0.09249921210211157,3522,retain,5,-0.5315888053942232,-0.5877956992215945,3522,3522,-0.5542693925048686,3522,-0.657248428357041,3118,29.871947756956274,1327.9810379241517,31.0,953.0,0.6771457085828343,38076,243.0,2551.0,0.010295199075533144,5.166827470593571,5.054412638943954,3522,3522,5.121645125695568,3522,4.888370450944949,3118,0.9075007878978885,0
PZU,50,linear,,0.20186031550307595,all,149222,0,0.05597700071035102,0.08055112516921098,12020,reset,0,-0.38125641015380607,-0.7124095176965816,12013,12020,-0.48843795286237296,12020,-0.7677362769308462,12020,31.07063227953411,1486.5382182251947,32.0,1085.0,0.7342818083124472,149222,324.0,2926.0,0.007880875474125798,4.226225645665838,3.5682648002676514,12013,12020,4.011902920048644,12020,3.4532457901249924,12020,0.9194488748307891,0
PZU,50,linear,,0.18684921446743777,2017-12-27,76254,0,0.05143336742990531,0.07520916935505023,5735,reset,0,-0.3804776284773593,-0.8600157942959481,5728,5735,-0.5553171019770197,5735,-0.9294034458667483,5735,31.348561464690498,1613.8725837333122,32.0,1123.0,0.7557767461379075,76254,370.0,3270.0,0.00594067196474939,3.9496649082476636,2.999343758746208,5728,5735,3.5999312825643655,5735,2.8517327946203417,5735,0.9247908306449498,0
PZU,50,linear,,0.20179410753181246,2017-12-28,34892,0,0.05815086552791471,0.08477587985784707,2958,reset,0,-0.18663880197173197,-0.5058915244153984,2958,2958,-0.24413486996811917,2958,-0.504295401910191,2958,31.19607843137255,1297.0308380144445,32.0,1068.0,0.7298521150980167,34892,270.0,2432.0,0.010202911842256105,3.7330086361089436,3.0945285815578036,2958,2958,3.618063278264088,2958,3.0977176337951766,2958,0.9152241201421529,0
PZU,50,linear,,0.231983401617817,2017-12-29,38076,0,0.0630843576005883,0.08737787582729278,3327,reset,0,-0.5556312817850048,-0.6418929778001489,3327,3327,-0.5903605855731345,3327,-0.7232808800158176,3327,30.480012022843404,1405.1887278075428,31.0,1007.0,0.6952936232797563,38076,287.0,2662.0,0.009638617501838429,5.141468129393678,4.968953547120236,3327,3327,5.072208000112079,3327,4.806215226747403,3327,0.9126221241727073,0
PZU,50,linear,,0.20561981477262065,all,149222,0,0.05761214834273767,0.08333221642921285,12435,reset,1,-0.3772781035009381,-0.6959495535824497,12427,12435,-0.48041872297631094,12435,-0.7494651334390806,12089,30.763811821471652,1464.0755116537775,32.0,1066.0,0.7287129243677206,149222,299.0,2900.0,0.008055112516921098,4.203612948527693,3.571054402178314,12427,12435,3.997368372505519,12435,3.4360753193306683,12089,0.9166677835707872,0
PZU,50,linear,,0.19103260156844232,2017-12-27,76254,0,0.053374249219713066,0.0784483436934456,5982,reset,1,-0.3691796773742224,-0.8372519901364639,5974,5982,-0.5433923261402792,5982,-0.9045709715968209,5799,30.988966900702106,1590.137592782018,32.0,1100.0,0.749495108453327,76254,343.0,3254.5999999999767,0.006098040758517586,3.9533387916551495,3.0267608648202957,5974,5982,3.6048520184369948,5982,2.839255746555732,5799,0.9215516563065544,0
PZU,50,linear,,0.20457411441017997,2017-12-28,34892,0,0.05984179754671558,0.08767052619511635,3059,reset,1,-0.21050994818479754,-0.5033531172914372,3059,3059,-0.25326991813738203,3059,-0.49078762550733895,2971,30.929388689114088,1276.8354063968818,31.0,1044.0,0.7252951966066721,34892,253.0,2412.0,0.01028889143643242,3.6287635697064204,3.0431207306327863,3059,3059,3.543295280083976,3059,3.0471094628056568,2971,0.9123294738048836,0
PZU,50,linear,,0.23579157474524634,2017-12-29,38076,0,0.06405609832965647,0.08913751444479462,3394,reset,1,-0.5418592974320184,-0.6208204264877315,3394,3394,-0.5741547571175677,3394,-0.710017143257842,3319,30.217737183264585,1383.1963178905348,31.0,1000.0,0.6902248135308331,38076,257.0,2643.0,0.009927513394264103,5.162836359319039,5.0049255552232665,3394,3394,5.0984415663049925,3394,4.827028697534242,3319,0.9108624855552053,0
PZU,50,linear,,0.21721998096795378,all,149222,0,0.06206859578346356,0.09099864631220597,13579,reset,5,-0.3813274343966364,-0.6793361162661584,13567,13579,-0.47397840900436283,13579,-0.7036481074079772,11754,30.213344134325062,1403.5218332417471,31.0,1007.0,0.7120129739582636,149222,243.0,2820.0,0.008698449290319122,4.0558013338941805,3.4662480385567487,13567,13579,3.8705385594918718,13579,3.29842588401461,11754,0.909001353687794,0
PZU,50,linear,,0.2029926298948252,2017-12-27,76254,0,0.058632989744800273,0.08712985548299106,6644,reset,5,-0.35471534794909876,-0.8128779403890709,6632,6644,-0.5236352933416556,6644,-0.8453500462490151,5712,30.30689343768814,1523.638733705773,31.0,1050.0,0.7313583549715424,76254,274.0,3166.0,0.0070160253888320616,3.832296276301037,2.9286479061291493,6632,6644,3.494410699378049,6644,2.694325308509698,5712,0.912870144517009,0
PZU,50,linear,,0.21629599908288433,2017-12-28,34892,0,0.0652871718445489,0.09781611830792158,3413,reset,5,-0.2780722787282917,-0.5143071011029001,3413,3413,-0.2944574059496445,3413,-0.47631319790757026,2924,30.383533548198066,1223.448956780924,31.0,1000.0,0.7077840192594291,34892,243.0,2384.0,0.010632809813137682,3.34438426656151,2.87200495496346,3413,3413,3.311674268963544,3413,2.7830959686915135,2924,0.9021838816920784,0
PZU,50,linear,,0.24655951255383968,2017-12-29,38076,0,0.06599957978779283,0.09249921210211157,3522,reset,5,-0.5315888053942232,-0.5877956992215945,3522,3522,-0.5542693925048686,3522,-0.657248428357041,3118,29.871947756956274,1327.9810379241517,31.0,953.0,0.6771457085828343,38076,243.0,2551.0,0.010295199075533144,5.166827470593571,5.054412638943954,3522,3522,5.121645125695568,3522,4.888370450944949,3118,0.9075007878978885,0
PZU,50,xgboost,,0.1957620190052405,all,149222,0,0.05554810952808567,0.0796598356810658,11887,retain,0,-0.402026756970268,-0.7124636373506203,11878,11887,-0.519431435280752,11887,-0.7833450924886088,11887,30.967106923529908,1468.725322003458,32.0,1066.0,0.7405945504014153,149222,310.0,2903.0,0.008095321065258475,4.291092695107618,3.675135669636059,11878,11887,4.05630631379928,11887,3.528389103601421,11887,0.9203401643189342,0
PZU,50,xgboost,,0.1820756943898025,2017-12-27,76254,0,0.051590736223673515,0.07514359902431347,5730,retain,0,-0.3724873290975694,-0.8355648396824882,5721,5730,-0.5560186291881166,5730,-0.9164082181887055,5730,31.002443280977314,1593.3700789466782,32.0,1100.0,0.7601961864295643,76254,358.0,3259.0,0.006137382956959635,4.2081800166822285,3.2918816999614426,5721,5730,3.8410128833169748,5730,3.1201685764964813,5730,0.9248564009756866,0
PZU,50,xgboost,,0.19726584890519316,2017-12-28,34892,0,0.05889602201077611,0.08537773701708128,2979,retain,0,-0.1414481243295647,-0.4696252977440818,2979,2979,-0.2201089087064338,2979,-0.47849104919331253,2979,31.10171198388721,1282.7587985784708,32.0,1050.0,0.7335778975123237,34892,255.0,2412.0,0.010260231571706982,3.6998960597677804,3.0436122038751665,2979,2979,3.5426481797990856,2979,3.025871727177857,2979,0.9146222629829187,0
PZU,50,xgboost,,0.221793255594075,2017-12-29,38076,0,0.060405504779913854,0.08346464964807228,3178,retain,0,-0.699548679043024,-0.7184905206568701,3178,3178,-0.7340435138130662,3178,-0.8291942066217542,3178,30.77721837633732,1389.5174913331232,32.0,1000.0,0.707768673179956,38076,250.0,2643.0,0.010032566446055258,4.994763061392974,4.957043902804775,3178,3178,4.925978729737036,3178,4.735469935784272,3178,0.9165353503519277,0
PZU,50,xgboost,,0.19989009663454452,all,149222,0,0.057015721542399915,0.08233370414550133,12286,retain,1,-0.401732781234026,-0.7024815725512954,12276,12286,-0.5146121073687374,12286,-0.7706733709931363,11939,30.68362363665961,1449.0280990738631,32.0,1050.0,0.7348514294138935,149222,285.0,2878.0,0.008242752409162188,4.228053431747365,3.6318848133892745,12276,12286,4.00232086209836,12286,3.472341378697112,11939,0.9176662958544987,0
PZU,50,xgboost,,0.18633776588769113,2017-12-27,76254,0,0.053256222624386916,0.0781598342382039,5960,retain,1,-0.3674055274668038,-0.8226227315784945,5950,5960,-0.5475608887668068,5960,-0.9042528923606886,5785,30.633221476510066,1572.3022529965642,32.0,1086.0,0.7541374878694889,76254,335.0,3223.0,0.006268523618433132,4.142293040153558,3.2424578131766952,5950,5960,3.7818840732030967,5960,3.032702790609023,5785,0.9218401657617961,0
PZU,50,xgboost,,0.200848331995873,2017-12-28,34892,0,0.0605296343001261,0.08832970308380145,3082,retain,1,-0.16771308340853747,-0.4679360977744871,3082,3082,-0.23565656007441865,3082,-0.4551280281691639,2990,30.86469824789098,1265.2982632121975,31.0,1036.0,0.7282758225381176,34892,243.0,2410.0,0.010346211165883298,3.6153259397047206,3.014966711089925,3082,3082,3.479518898923586,3082,3.025141899676072,2990,0.9116702969161986,0
PZU,50,xgboost,,0.22615295724340792,2017-12-29,38076,0,0.06132471898308646,0.08519802500262633,3244,retain,1,-0.687133256311338,-0.7049566826161191,3244,3244,-0.7191023230372319,3244,-0.8246313494799846,3164,30.60419235511714,1370.5154953251392,32.0,988.0,0.7022533879609203,38076,243.0,2591.5,0.010268935812585355,4.967744573663063,4.932264666210313,3244,3244,4.904009799311807,3244,4.698774904096135,3164,0.9148019749973737,0
PZU,50,xgboost,,0.2117047084210103,all,149222,0,0.06161289890230663,0.09032850383991636,13479,retain,5,-0.39658714816456997,-0.6825476306394238,13465,13479,-0.5049793131832969,13479,-0.7265012387373003,11630,30.204243638252095,1392.1716905014007,31.0,1000.0,0.7178700191660747,149222,243.0,2809.0,0.008812373510608356,4.075396941290889,3.5104148526109262,13465,13479,3.858637524897866,13479,3.314021617877682,11630,0.9096714961600836,0
PZU,50,xgboost,,0.1981928816848952,2017-12-27,76254,0,0.058292024024969184,0.08693314449078081,6629,retain,5,-0.3500884820763526,-0.8007866644346123,6615,6629,-0.5402973511583056,6629,-0.8620232758081521,5706,30.056720470659226,1510.2686547590947,31.0,1037.0,0.7362630157106513,76254,268.0,3166.0,0.007252078579484355,4.006466216629806,3.1186943395650055,6615,6629,3.625958881628645,6629,2.8413544734348903,5706,0.9130668555092192,0
PZU,50,xgboost,,0.21331537315143873,2017-12-28,34892,0,0.06600366846268485,0.0982746761435286,3429,retain,5,-0.2407389722125717,-0.48510025432734255,3429,3429,-0.27716597088834655,3429,-0.4273913334628508,2927,30.443861184018665,1215.1719591883527,31.0,1000.0,0.7103060873552677,34892,243.0,2383.800000000003,0.010374871030608735,3.2983377590269742,2.8097388710844475,3429,3429,3.225572331450726,3429,2.756476871197407,2927,0.9017253238564714,0
PZU,50,xgboost,,0.2372885807332703,2017-12-29,38076,0,0.064239941170291,0.08984662254438491,3421,retain,5,-0.6429019838378217,-0.6518244049214921,3421,3421,-0.66488830967352,3421,-0.7606039912271348,2997,30.249926921952646,1317.8600168084884,31.0,920.0,0.6879661729173232,38076,243.0,2549.0,0.010505305179115453,4.987842924851629,4.970177826727579,3421,3421,4.944053273089011,3421,4.758456786287336,2997,0.9101533774556151,0
PZU,50,xgboost,,0.1957620190052405,all,149222,0,0.05554810952808567,0.0796598356810658,11887,reset,0,-0.402026756970268,-0.7124636373506203,11878,11887,-0.519431435280752,11887,-0.7833450924886088,11887,30.967106923529908,1468.725322003458,32.0,1066.0,0.7405945504014153,149222,310.0,2903.0,0.008095321065258475,4.291092695107618,3.675135669636059,11878,11887,4.05630631379928,11887,3.528389103601421,11887,0.9203401643189342,0
PZU,50,xgboost,,0.1820756943898025,2017-12-27,76254,0,0.051590736223673515,0.07514359902431347,5730,reset,0,-0.3724873290975694,-0.8355648396824882,5721,5730,-0.5560186291881166,5730,-0.9164082181887055,5730,31.002443280977314,1593.3700789466782,32.0,1100.0,0.7601961864295643,76254,358.0,3259.0,0.006137382956959635,4.2081800166822285,3.2918816999614426,5721,5730,3.8410128833169748,5730,3.1201685764964813,5730,0.9248564009756866,0
PZU,50,xgboost,,0.19726584890519316,2017-12-28,34892,0,0.05889602201077611,0.08537773701708128,2979,reset,0,-0.1414481243295647,-0.4696252977440818,2979,2979,-0.2201089087064338,2979,-0.47849104919331253,2979,31.10171198388721,1282.7587985784708,32.0,1050.0,0.7335778975123237,34892,255.0,2412.0,0.010260231571706982,3.6998960597677804,3.0436122038751665,2979,2979,3.5426481797990856,2979,3.025871727177857,2979,0.9146222629829187,0
PZU,50,xgboost,,0.221793255594075,2017-12-29,38076,0,0.060405504779913854,0.08346464964807228,3178,reset,0,-0.699548679043024,-0.7184905206568701,3178,3178,-0.7340435138130662,3178,-0.8291942066217542,3178,30.77721837633732,1389.5174913331232,32.0,1000.0,0.707768673179956,38076,250.0,2643.0,0.010032566446055258,4.994763061392974,4.957043902804775,3178,3178,4.925978729737036,3178,4.735469935784272,3178,0.9165353503519277,0
PZU,50,xgboost,,0.19989009663454452,all,149222,0,0.057015721542399915,0.08233370414550133,12286,reset,1,-0.401732781234026,-0.7024815725512954,12276,12286,-0.5146121073687374,12286,-0.7706733709931363,11939,30.68362363665961,1449.0280990738631,32.0,1050.0,0.7348514294138935,149222,285.0,2878.0,0.008242752409162188,4.228053431747365,3.6318848133892745,12276,12286,4.00232086209836,12286,3.472341378697112,11939,0.9176662958544987,0
PZU,50,xgboost,,0.18633776588769113,2017-12-27,76254,0,0.053256222624386916,0.0781598342382039,5960,reset,1,-0.3674055274668038,-0.8226227315784945,5950,5960,-0.5475608887668068,5960,-0.9042528923606886,5785,30.633221476510066,1572.3022529965642,32.0,1086.0,0.7541374878694889,76254,335.0,3223.0,0.006268523618433132,4.142293040153558,3.2424578131766952,5950,5960,3.7818840732030967,5960,3.032702790609023,5785,0.9218401657617961,0
PZU,50,xgboost,,0.200848331995873,2017-12-28,34892,0,0.0605296343001261,0.08832970308380145,3082,reset,1,-0.16771308340853747,-0.4679360977744871,3082,3082,-0.23565656007441865,3082,-0.4551280281691639,2990,30.86469824789098,1265.2982632121975,31.0,1036.0,0.7282758225381176,34892,243.0,2410.0,0.010346211165883298,3.6153259397047206,3.014966711089925,3082,3082,3.479518898923586,3082,3.025141899676072,2990,0.9116702969161986,0
PZU,50,xgboost,,0.22615295724340792,2017-12-29,38076,0,0.06132471898308646,0.08519802500262633,3244,reset,1,-0.687133256311338,-0.7049566826161191,3244,3244,-0.7191023230372319,3244,-0.8246313494799846,3164,30.60419235511714,1370.5154953251392,32.0,988.0,0.7022533879609203,38076,243.0,2591.5,0.010268935812585355,4.967744573663063,4.932264666210313,3244,3244,4.904009799311807,3244,4.698774904096135,3164,0.9148019749973737,0
PZU,50,xgboost,,0.2117047084210103,all,149222,0,0.06161289890230663,0.09032850383991636,13479,reset,5,-0.39658714816456997,-0.6825476306394238,13465,13479,-0.5049793131832969,13479,-0.7265012387373003,11630,30.204243638252095,1392.1716905014007,31.0,1000.0,0.7178700191660747,149222,243.0,2809.0,0.008812373510608356,4.075396941290889,3.5104148526109262,13465,13479,3.858637524897866,13479,3.314021617877682,11630,0.9096714961600836,0
PZU,50,xgboost,,0.1981928816848952,2017-12-27,76254,0,0.058292024024969184,0.08693314449078081,6629,reset,5,-0.3500884820763526,-0.8007866644346123,6615,6629,-0.5402973511583056,6629,-0.8620232758081521,5706,30.056720470659226,1510.2686547590947,31.0,1037.0,0.7362630157106513,76254,268.0,3166.0,0.007252078579484355,4.006466216629806,3.1186943395650055,6615,6629,3.625958881628645,6629,2.8413544734348903,5706,0.9130668555092192,0
PZU,50,xgboost,,0.21331537315143873,2017-12-28,34892,0,0.06600366846268485,0.0982746761435286,3429,reset,5,-0.2407389722125717,-0.48510025432734255,3429,3429,-0.27716597088834655,3429,-0.4273913334628508,2927,30.443861184018665,1215.1719591883527,31.0,1000.0,0.7103060873552677,34892,243.0,2383.800000000003,0.010374871030608735,3.2983377590269742,2.8097388710844475,3429,3429,3.225572331450726,3429,2.756476871197407,2927,0.9017253238564714,0
PZU,50,xgboost,,0.2372885807332703,2017-12-29,38076,0,0.064239941170291,0.08984662254438491,3421,reset,5,-0.6429019838378217,-0.6518244049214921,3421,3421,-0.66488830967352,3421,-0.7606039912271348,2997,30.249926921952646,1317.8600168084884,31.0,920.0,0.6879661729173232,38076,243.0,2549.0,0.010505305179115453,4.987842924851629,4.970177826727579,3421,3421,4.944053273089011,3421,4.758456786287336,2997,0.9101533774556151,0
KGHM,20,xgboost,7.0,0.0779319128429314,all,87153,0,0.031129163654722156,0.037015363785526605,3226,retain,0,-0.3208788613895082,-0.7842628351032961,3226,3226,-0.5654013030770715,3226,-0.5602413670210088,3226,13.526968381897087,845.5516390715179,14.0,461.0,0.8900439457046803,87153,80.0,1679.0,0.0008949777976661733,3.372128887024184,2.445211473511894,3226,3226,2.8829213789618846,3226,2.893358846157764,3226,0.9629846362144734,0
KGHM,20,xgboost,7.0,0.06437634024303074,2017-12-27,22384,0,0.03051286633309507,0.03542709077912795,793,retain,0,-0.43589807693076044,-0.5779615728827231,793,793,-0.6897704910832468,793,-0.5629460008151821,793,13.882723833543505,1324.8187544674768,14.0,629.0,0.904842744817727,22384,100.0,2256.0,0.000268048606147248,2.5144837309325507,2.230276477743958,793,793,2.0066557983741995,793,2.2603377004219385,793,0.964572909220872,0
KGHM,20,xgboost,7.0,0.07702394526795896,2017-12-28,35080,0,0.03078677309007982,0.03765678449258837,1321,retain,0,-0.07683005051200885,-0.6514839831243372,1321,1321,-0.13055248451471546,1321,-0.31722863767070514,1321,13.10673732021196,744.1497434435576,13.0,486.0,0.8916191562143672,35080,76.0,1475.0,0.0005701254275940707,2.7778489506129906,1.6285253658465588,1321,1321,2.6703845720630643,1321,2.2971630569515997,1321,0.9623432155074116,0
KGHM,20,xgboost,7.0,0.08922496547542862,2017-12-29,29689,0,0.031998383239583685,0.037454949644649536,1112,retain,0,-0.5287729632285042,-1.0891169397841585,1112,1112,-0.9932884642569055,1112,-0.846999497302458,1112,13.772482014388489,604.0232409309846,14.0,355.0,0.8770251608339789,29689,66.0,1409.0,0.0017514904510087912,4.689715581970095,3.5686699266322908,1112,1112,3.76029523446492,1112,4.053035470357273,1112,0.9625450503553504,0
KGHM,20,xgboost,7.0,0.07882689064059757,all,87153,0,0.031312748843987014,0.03738253416405631,3258,retain,1,-0.30130632822857495,-0.7738019120875202,3258,3258,-0.5543855502728682,3258,-0.5346675375086812,3001,13.477900552486188,844.2783495691485,14.0,461.0,0.8889309604947621,87153,80.0,1674.0,0.0009294000206533338,3.3759763171850765,2.4308219049339286,3258,3258,2.8696489664260927,3258,2.868371191596482,3001,0.9626174658359437,0
KGHM,20,xgboost,7.0,0.06540385989992852,2017-12-27,22384,0,0.030736240171551108,0.035963187991422445,805,retain,1,-0.40164282735907697,-0.5415898904912856,805,805,-0.6656626679529087,805,-0.5274712897592287,736,13.848447204968943,1323.849982130093,15.0,629.0,0.9035918513223731,22384,100.0,2256.0,0.000268048606147248,2.5268513007329516,2.2468905269228627,805,805,1.9987360214861645,805,2.2780521212644183,736,0.9640368120085776,0
KGHM,20,xgboost,7.0,0.07827822120866591,2017-12-28,35080,0,0.030758266818700114,0.0379418472063854,1331,retain,1,-0.0746131995385134,-0.6599637647246457,1331,1331,-0.14296204002425222,1331,-0.30979215090024476,1238,13.0473328324568,742.07830672748,13.0,486.0,0.8903078677309008,35080,76.0,1461.0,0.0006556442417331813,2.7636320501334493,1.5929042253213266,1331,1331,2.626909104657005,1331,2.214355679854456,1238,0.9620581527936146,0
KGHM,20,xgboost,7.0,0.08959547307083432,2017-12-29,29689,0,0.03240257334366264,0.03779177473138199,1122,retain,1,-0.49823830014160314,-1.0754500863521863,1122,1122,-0.9626089124907605,1122,-0.8109013904442618,1027,13.722816399286987,603.4634376368352,14.0,355.0,0.8762504631344943,29689,66.0,1409.0,0.0017514904510087912,4.711605423860368,3.5567873156855154,1122,1122,3.7824579474343802,1122,4.079808425579954,1027,0.962208225268618,0
KGHM,20,xgboost,7.0,0.07883836471492663,all,87153,0,0.031289800695328905,0.037348111941069156,3255,retain,5,-0.2844049243105975,-0.7705316783551075,3255,3255,-0.5281688545029867,3255,-0.3103219974896589,1992,13.443317972350231,842.1637235666012,14.0,461.0,0.8889539086434202,87153,80.0,1665.0,0.0009179259463242803,3.375498796167886,2.4030913951474635,3255,3255,2.8878263834231395,3255,3.077523215403169,1992,0.9626518880589309,0
KGHM,20,xgboost,7.0,0.06616333095067906,2017-12-27,22384,0,0.03140636168691923,0.03721408148677627,833,retain,5,-0.3318446829642476,-0.4752498749844152,833,833,-0.595103538755305,833,-0.37127127171170116,480,13.827130852340936,1315.4911990707649,15.0,629.0,0.9021622587562544,22384,100.0,2256.0,0.000268048606147248,2.522583036162107,2.235742054384159,833,833,1.9960103910523048,833,2.3316187923362843,480,0.9627859185132237,0
KGHM,20,xgboost,7.0,0.0790193842645382,2017-12-28,35080,0,0.029960091220068416,0.037143671607753705,1303,retain,5,-0.09338505061368668,-0.6453277762323303,1303,1303,-0.14102021253154226,1303,-0.062006519527769914,853,12.993092862624712,743.8326111744584,13.0,486.0,0.8903363740022805,35080,76.0,1457.0,0.0006841505131128849,2.7002166322952266,1.5963206267266459,1303,1303,2.6049386878977634,1303,2.3437061379546638,853,0.9628563283922463,0
KGHM,20,xgboost,7.0,0.08818080770655798,2017-12-29,29689,0,0.03277308093906834,0.037690727205362255,1119,retain,5,-0.47151982732095005,-1.1361352768124495,1119,1119,-0.9291501668413344,1119,-0.5873439262831506,659,13.681858802502234,601.4851291724208,14.0,356.0,0.8773619859207114,29689,66.0,1409.0,0.001684125433662299,4.7967423060971885,3.4670988233048887,1119,1119,3.881110913284151,1119,4.570664475093121,659,0.9623092727946377,0
KGHM,20,xgboost,7.0,0.0779319128429314,all,87153,0,0.031129163654722156,0.037015363785526605,3226,reset,0,-0.3208788613895082,-0.7842628351032961,3226,3226,-0.5654013030770715,3226,-0.5602413670210088,3226,13.526968381897087,845.5516390715179,14.0,461.0,0.8900439457046803,87153,80.0,1679.0,0.0008949777976661733,3.372128887024184,2.445211473511894,3226,3226,2.8829213789618846,3226,2.893358846157764,3226,0.9629846362144734,0
KGHM,20,xgboost,7.0,0.06437634024303074,2017-12-27,22384,0,0.03051286633309507,0.03542709077912795,793,reset,0,-0.43589807693076044,-0.5779615728827231,793,793,-0.6897704910832468,793,-0.5629460008151821,793,13.882723833543505,1324.8187544674768,14.0,629.0,0.904842744817727,22384,100.0,2256.0,0.000268048606147248,2.5144837309325507,2.230276477743958,793,793,2.0066557983741995,793,2.2603377004219385,793,0.964572909220872,0
KGHM,20,xgboost,7.0,0.07702394526795896,2017-12-28,35080,0,0.03078677309007982,0.03765678449258837,1321,reset,0,-0.07683005051200885,-0.6514839831243372,1321,1321,-0.13055248451471546,1321,-0.31722863767070514,1321,13.10673732021196,744.1497434435576,13.0,486.0,0.8916191562143672,35080,76.0,1475.0,0.0005701254275940707,2.7778489506129906,1.6285253658465588,1321,1321,2.6703845720630643,1321,2.2971630569515997,1321,0.9623432155074116,0
KGHM,20,xgboost,7.0,0.08922496547542862,2017-12-29,29689,0,0.031998383239583685,0.037454949644649536,1112,reset,0,-0.5287729632285042,-1.0891169397841585,1112,1112,-0.9932884642569055,1112,-0.846999497302458,1112,13.772482014388489,604.0232409309846,14.0,355.0,0.8770251608339789,29689,66.0,1409.0,0.0017514904510087912,4.689715581970095,3.5686699266322908,1112,1112,3.76029523446492,1112,4.053035470357273,1112,0.9625450503553504,0
KGHM,20,xgboost,7.0,0.07882689064059757,all,87153,0,0.031312748843987014,0.03738253416405631,3258,reset,1,-0.30130632822857495,-0.7738019120875202,3258,3258,-0.5543855502728682,3258,-0.5346675375086812,3001,13.477900552486188,844.2783495691485,14.0,461.0,0.8889309604947621,87153,80.0,1674.0,0.0009294000206533338,3.3759763171850765,2.4308219049339286,3258,3258,2.8696489664260927,3258,2.868371191596482,3001,0.9626174658359437,0
KGHM,20,xgboost,7.0,0.06540385989992852,2017-12-27,22384,0,0.030736240171551108,0.035963187991422445,805,reset,1,-0.40164282735907697,-0.5415898904912856,805,805,-0.6656626679529087,805,-0.5274712897592287,736,13.848447204968943,1323.849982130093,15.0,629.0,0.9035918513223731,22384,100.0,2256.0,0.000268048606147248,2.5268513007329516,2.2468905269228627,805,805,1.9987360214861645,805,2.2780521212644183,736,0.9640368120085776,0
KGHM,20,xgboost,7.0,0.07827822120866591,2017-12-28,35080,0,0.030758266818700114,0.0379418472063854,1331,reset,1,-0.0746131995385134,-0.6599637647246457,1331,1331,-0.14296204002425222,1331,-0.30979215090024476,1238,13.0473328324568,742.07830672748,13.0,486.0,0.8903078677309008,35080,76.0,1461.0,0.0006556442417331813,2.7636320501334493,1.5929042253213266,1331,1331,2.626909104657005,1331,2.214355679854456,1238,0.9620581527936146,0
KGHM,20,xgboost,7.0,0.08959547307083432,2017-12-29,29689,0,0.03240257334366264,0.03779177473138199,1122,reset,1,-0.49823830014160314,-1.0754500863521863,1122,1122,-0.9626089124907605,1122,-0.8109013904442618,1027,13.722816399286987,603.4634376368352,14.0,355.0,0.8762504631344943,29689,66.0,1409.0,0.0017514904510087912,4.711605423860368,3.5567873156855154,1122,1122,3.7824579474343802,1122,4.079808425579954,1027,0.962208225268618,0
KGHM,20,xgboost,7.0,0.07883836471492663,all,87153,0,0.031289800695328905,0.037348111941069156,3255,reset,5,-0.2844049243105975,-0.7705316783551075,3255,3255,-0.5281688545029867,3255,-0.3103219974896589,1992,13.443317972350231,842.1637235666012,14.0,461.0,0.8889539086434202,87153,80.0,1665.0,0.0009179259463242803,3.375498796167886,2.4030913951474635,3255,3255,2.8878263834231395,3255,3.077523215403169,1992,0.9626518880589309,0
KGHM,20,xgboost,7.0,0.06616333095067906,2017-12-27,22384,0,0.03140636168691923,0.03721408148677627,833,reset,5,-0.3318446829642476,-0.4752498749844152,833,833,-0.595103538755305,833,-0.37127127171170116,480,13.827130852340936,1315.4911990707649,15.0,629.0,0.9021622587562544,22384,100.0,2256.0,0.000268048606147248,2.522583036162107,2.235742054384159,833,833,1.9960103910523048,833,2.3316187923362843,480,0.9627859185132237,0
KGHM,20,xgboost,7.0,0.0790193842645382,2017-12-28,35080,0,0.029960091220068416,0.037143671607753705,1303,reset,5,-0.09338505061368668,-0.6453277762323303,1303,1303,-0.14102021253154226,1303,-0.062006519527769914,853,12.993092862624712,743.8326111744584,13.0,486.0,0.8903363740022805,35080,76.0,1457.0,0.0006841505131128849,2.7002166322952266,1.5963206267266459,1303,1303,2.6049386878977634,1303,2.3437061379546638,853,0.9628563283922463,0
KGHM,20,xgboost,7.0,0.08818080770655798,2017-12-29,29689,0,0.03277308093906834,0.037690727205362255,1119,reset,5,-0.47151982732095005,-1.1361352768124495,1119,1119,-0.9291501668413344,1119,-0.5873439262831506,659,13.681858802502234,601.4851291724208,14.0,356.0,0.8773619859207114,29689,66.0,1409.0,0.001684125433662299,4.7967423060971885,3.4670988233048887,1119,1119,3.881110913284151,1119,4.570664475093121,659,0.9623092727946377,0
PEKAO,20,xgboost,7.0,0.08940628637951106,all,42950,0,0.05457508731082654,0.06428405122235158,2761,retain,0,-0.20607981711343784,-0.778482727639032,2761,2761,-0.7965930762550191,2761,-0.6338805809671855,2761,13.435711698659906,626.2686845168801,14.0,437.0,0.8540162980209546,42950,82.0,1298.0,0.0020023282887077997,2.6554920819554266,1.510962426052855,2761,2761,1.4747029433239631,2761,1.8001004038716641,2761,0.9357159487776484,0
PEKAO,20,xgboost,7.0,0.07180694526191878,2017-12-27,13592,0,0.059299587992937025,0.06511183048852266,885,retain,0,-0.1929652468696902,-0.5548628554499921,885,885,-0.5348784284309793,885,-0.43720943515827065,885,13.668926553672316,629.6374337845791,14.0,465.0,0.8680841671571513,13592,82.0,1329.0,0.000809299587992937,2.0488838268757377,1.3251090935542331,885,885,1.3650567654618078,885,1.560420053023508,885,0.9348881695114774,0
PEKAO,20,xgboost,7.0,0.1067009677814529,2017-12-28,16326,0,0.06498836212176896,0.07699375229694964,1257,retain,0,-0.09139499064486847,-0.6869350995962241,1257,1257,-0.7507338284352068,1257,-0.5447236897406238,1257,12.926014319809068,666.5911429621463,13.0,469.0,0.8268406223202254,16326,82.0,1302.0,0.001470047776552738,3.2516643703778625,2.06102738796509,1257,1257,1.9333351154230503,1257,2.3453206471818473,1257,0.9230062477030504,0
PEKAO,20,xgboost,7.0,0.08609576427255985,2017-12-29,13032,0,0.03660220994475138,0.04749846531614487,619,retain,0,-0.4577199165265371,-1.284103010897691,619,619,-1.2638992763095909,619,-1.0961167300991363,619,14.137318255250404,572.2407151626765,15.0,397.0,0.8733885819521179,13032,82.0,1222.8999999999996,0.003913443830570903,2.312131402146904,0.6596676637549561,619,619,0.7001249579919028,619,1.035601639186231,619,0.9525015346838551,0
PEKAO,20,xgboost,7.0,0.08982537834691502,all,42950,0,0.05417927823050058,0.0640279394644936,2750,retain,1,-0.2137398724879489,-0.8031087844323515,2750,2750,-0.8164001219678179,2750,-0.614667517905336,2529,13.457454545454546,627.0635157159488,14.0,437.0,0.8539464493597206,42950,82.0,1298.0,0.0020488940628637952,2.6293157786722445,1.4508542775628464,2750,2750,1.4242333128211944,2750,1.7969331873777712,2529,0.9359720605355064,0
PEKAO,20,xgboost,7.0,0.0720276633313714,2017-12-27,13592,0,0.05922601530311948,0.06511183048852266,885,retain,1,-0.21291075000331283,-0.5925452813169332,885,885,-0.548184069651399,885,-0.4247708148743432,814,13.63502824858757,629.3436580341378,14.0,465.0,0.8678634490876986,13592,82.0,1327.0,0.0008828722778104767,2.000133979515723,1.2408871009106157,885,885,1.3295900880174625,885,1.5809918051341785,814,0.9348881695114774,0
PEKAO,20,xgboost,7.0,0.10676221977214259,2017-12-28,16326,0,0.06431459022418229,0.07644248438074237,1248,retain,1,-0.0864835949809277,-0.6987004154847126,1248,1248,-0.7651299146956544,1248,-0.5200365666961256,1151,12.981570512820513,666.9906284454245,13.0,474.0,0.8273918902364327,16326,82.0,1305.0,0.0015312997672424355,3.256525426131532,2.0325256290144407,1248,1248,1.899570863866653,1248,2.3225054897050996,1151,0.9235575156192576,0
PEKAO,20,xgboost,7.0,0.08717004297114794,2017-12-29,13032,0,0.03621853898096992,0.04734499693063229,617,retain,1,-0.4723291880919447,-1.3163184192845367,617,617,-1.304822204586442,617,-1.0818592574603534,564,14.165316045380875,574.6662062615102,15.0,397.0,0.8726979742173112,13032,82.0,1222.8999999999996,0.003913443830570903,2.263137905453982,0.5754816758215742,617,617,0.5985250312110973,617,1.0360157497315463,564,0.9526550030693677,0
PEKAO,20,xgboost,7.0,0.09077997671711292,all,42950,0,0.055064027939464494,0.06523864959254948,2802,retain,5,-0.20105499201901778,-0.7917047045084423,2802,2802,-0.8009386856263823,2802,-0.44574718986813106,1723,13.441113490364026,625.5406984866123,14.0,434.0,0.8521303841676368,42950,82.0,1298.0,0.0020256111757857975,2.5775833585191013,1.3965463695774674,2802,2802,1.3780541883847304,2802,1.9974319602288022,1723,0.9347613504074506,0
PEKAO,20,xgboost,7.0,0.07313125367863449,2017-12-27,13592,0,0.06106533254855798,0.06731901118304885,915,retain,5,-0.21232127420737598,-0.626583196455126,915,915,-0.5622695947077291,915,-0.31983846840238195,541,13.73551912568306,627.4974985285462,14.0,462.0,0.8646998234255444,13592,82.0,1329.0,0.0011035903472630959,1.9344368726718817,1.1059294208851764,915,915,1.2345411423715156,915,1.8293359858845522,541,0.9326809888169512,0
PEKAO,20,xgboost,7.0,0.10725223569766017,2017-12-28,16326,0,0.06535587406590714,0.078341296092123,1279,retain,5,-0.06320834964493866,-0.6476609501128537,1279,1279,-0.726646021280863,1279,-0.3313669397634852,834,12.916340891321346,665.3291681979664,13.0,468.0,0.8258605904691902,16326,82.0,1305.0,0.0015312997672424355,3.2224236755926303,2.053933338547329,1279,1279,1.8958996179669367,1279,2.4517807424851377,834,0.921658703907877,0
PEKAO,20,xgboost,7.0,0.0885512584407612,2017-12-29,13032,0,0.03591160220994475,0.04665438919582566,608,retain,5,-0.47407671470668117,-1.3432148060557154,608,608,-1.316403382811394,608,-0.9156027844090646,348,14.101973684210526,573.6543124616329,15.0,393.0,0.8719306322897483,13032,82.0,1203.0,0.0036065070595457335,2.188978537817066,0.451014420138311,608,608,0.5046826960598126,608,1.169883218040457,348,0.9533456108041743,0
PEKAO,20,xgboost,7.0,0.08940628637951106,all,42950,0,0.05457508731082654,0.06428405122235158,2761,reset,0,-0.20607981711343784,-0.778482727639032,2761,2761,-0.7965930762550191,2761,-0.6338805809671855,2761,13.435711698659906,626.2686845168801,14.0,437.0,0.8540162980209546,42950,82.0,1298.0,0.0020023282887077997,2.6554920819554266,1.510962426052855,2761,2761,1.4747029433239631,2761,1.8001004038716641,2761,0.9357159487776484,0
PEKAO,20,xgboost,7.0,0.07180694526191878,2017-12-27,13592,0,0.059299587992937025,0.06511183048852266,885,reset,0,-0.1929652468696902,-0.5548628554499921,885,885,-0.5348784284309793,885,-0.43720943515827065,885,13.668926553672316,629.6374337845791,14.0,465.0,0.8680841671571513,13592,82.0,1329.0,0.000809299587992937,2.0488838268757377,1.3251090935542331,885,885,1.3650567654618078,885,1.560420053023508,885,0.9348881695114774,0
PEKAO,20,xgboost,7.0,0.1067009677814529,2017-12-28,16326,0,0.06498836212176896,0.07699375229694964,1257,reset,0,-0.09139499064486847,-0.6869350995962241,1257,1257,-0.7507338284352068,1257,-0.5447236897406238,1257,12.926014319809068,666.5911429621463,13.0,469.0,0.8268406223202254,16326,82.0,1302.0,0.001470047776552738,3.2516643703778625,2.06102738796509,1257,1257,1.9333351154230503,1257,2.3453206471818473,1257,0.9230062477030504,0
PEKAO,20,xgboost,7.0,0.08609576427255985,2017-12-29,13032,0,0.03660220994475138,0.04749846531614487,619,reset,0,-0.4577199165265371,-1.284103010897691,619,619,-1.2638992763095909,619,-1.0961167300991363,619,14.137318255250404,572.2407151626765,15.0,397.0,0.8733885819521179,13032,82.0,1222.8999999999996,0.003913443830570903,2.312131402146904,0.6596676637549561,619,619,0.7001249579919028,619,1.035601639186231,619,0.9525015346838551,0
PEKAO,20,xgboost,7.0,0.08982537834691502,all,42950,0,0.05417927823050058,0.0640279394644936,2750,reset,1,-0.2137398724879489,-0.8031087844323515,2750,2750,-0.8164001219678179,2750,-0.614667517905336,2529,13.457454545454546,627.0635157159488,14.0,437.0,0.8539464493597206,42950,82.0,1298.0,0.0020488940628637952,2.6293157786722445,1.4508542775628464,2750,2750,1.4242333128211944,2750,1.7969331873777712,2529,0.9359720605355064,0
PEKAO,20,xgboost,7.0,0.0720276633313714,2017-12-27,13592,0,0.05922601530311948,0.06511183048852266,885,reset,1,-0.21291075000331283,-0.5925452813169332,885,885,-0.548184069651399,885,-0.4247708148743432,814,13.63502824858757,629.3436580341378,14.0,465.0,0.8678634490876986,13592,82.0,1327.0,0.0008828722778104767,2.000133979515723,1.2408871009106157,885,885,1.3295900880174625,885,1.5809918051341785,814,0.9348881695114774,0
PEKAO,20,xgboost,7.0,0.10676221977214259,2017-12-28,16326,0,0.06431459022418229,0.07644248438074237,1248,reset,1,-0.0864835949809277,-0.6987004154847126,1248,1248,-0.7651299146956544,1248,-0.5200365666961256,1151,12.981570512820513,666.9906284454245,13.0,474.0,0.8273918902364327,16326,82.0,1305.0,0.0015312997672424355,3.256525426131532,2.0325256290144407,1248,1248,1.899570863866653,1248,2.3225054897050996,1151,0.9235575156192576,0
PEKAO,20,xgboost,7.0,0.08717004297114794,2017-12-29,13032,0,0.03621853898096992,0.04734499693063229,617,reset,1,-0.4723291880919447,-1.3163184192845367,617,617,-1.304822204586442,617,-1.0818592574603534,564,14.165316045380875,574.6662062615102,15.0,397.0,0.8726979742173112,13032,82.0,1222.8999999999996,0.003913443830570903,2.263137905453982,0.5754816758215742,617,617,0.5985250312110973,617,1.0360157497315463,564,0.9526550030693677,0
PEKAO,20,xgboost,7.0,0.09077997671711292,all,42950,0,0.055064027939464494,0.06523864959254948,2802,reset,5,-0.20105499201901778,-0.7917047045084423,2802,2802,-0.8009386856263823,2802,-0.44574718986813106,1723,13.441113490364026,625.5406984866123,14.0,434.0,0.8521303841676368,42950,82.0,1298.0,0.0020256111757857975,2.5775833585191013,1.3965463695774674,2802,2802,1.3780541883847304,2802,1.9974319602288022,1723,0.9347613504074506,0
PEKAO,20,xgboost,7.0,0.07313125367863449,2017-12-27,13592,0,0.06106533254855798,0.06731901118304885,915,reset,5,-0.21232127420737598,-0.626583196455126,915,915,-0.5622695947077291,915,-0.31983846840238195,541,13.73551912568306,627.4974985285462,14.0,462.0,0.8646998234255444,13592,82.0,1329.0,0.0011035903472630959,1.9344368726718817,1.1059294208851764,915,915,1.2345411423715156,915,1.8293359858845522,541,0.9326809888169512,0
PEKAO,20,xgboost,7.0,0.10725223569766017,2017-12-28,16326,0,0.06535587406590714,0.078341296092123,1279,reset,5,-0.06320834964493866,-0.6476609501128537,1279,1279,-0.726646021280863,1279,-0.3313669397634852,834,12.916340891321346,665.3291681979664,13.0,468.0,0.8258605904691902,16326,82.0,1305.0,0.0015312997672424355,3.2224236755926303,2.053933338547329,1279,1279,1.8958996179669367,1279,2.4517807424851377,834,0.921658703907877,0
PEKAO,20,xgboost,7.0,0.0885512584407612,2017-12-29,13032,0,0.03591160220994475,0.04665438919582566,608,reset,5,-0.47407671470668117,-1.3432148060557154,608,608,-1.316403382811394,608,-0.9156027844090646,348,14.101973684210526,573.6543124616329,15.0,393.0,0.8719306322897483,13032,82.0,1203.0,0.0036065070595457335,2.188978537817066,0.451014420138311,608,608,0.5046826960598126,608,1.169883218040457,348,0.9533456108041743,0
PKNORLEN,20,xgboost,7.0,0.06559315124337546,all,98120,0,0.01654097024052181,0.022207501019160213,2179,retain,0,-0.1419114946864481,-0.30088260640733183,2179,2179,-0.16175659855472108,2179,-0.1523952813067728,2179,13.879761358421295,815.1152364451692,14.0,648.0,0.9157867916836526,98120,125.0,1708.0,0.002079086832450061,7.646473295293713,7.328439457178373,2179,2179,7.606757526347382,2179,7.6254172408646745,2179,0.9777924989808398,0
PKNORLEN,20,xgboost,7.0,0.05351159248603825,2017-12-27,29545,0,0.014689456760873245,0.02088339820612625,617,retain,0,-0.2635682760764212,-0.11726230383279664,617,617,-0.2768574155886882,617,-0.24065862598221627,617,14.25931928687196,750.1853105432391,15.0,566.0,0.9278727365036386,29545,125.0,1591.0,0.003926214249449992,5.728638533895095,6.021141529641558,617,617,5.702288103972103,617,5.774524640692411,617,0.9791166017938737,0
PKNORLEN,20,xgboost,7.0,0.06905305915206905,2017-12-28,27573,0,0.019584376020019584,0.02458927211402459,678,retain,0,-0.012943544375845724,-0.49852807548331607,678,678,-0.23674422000511092,678,-0.20003953706205174,678,14.035398230088495,847.4325608385014,15.0,725.0,0.9094041272259095,27573,167.0,1693.0,0.0019584376020019586,8.492784657190196,7.521871829259005,678,678,8.045304919884202,678,8.118743434168584,678,0.9754107278859754,0
PKNORLEN,20,xgboost,7.0,0.0719720989220038,2017-12-29,41002,0,0.015828496170918492,0.02155992390615092,884,retain,0,-0.1559137980721664,-0.2774551161980229,884,884,-0.02390726433150618,884,-0.05424902670628889,884,13.495475113122172,840.1693575923126,14.0,655.0,0.9113701770645335,41002,125.0,1765.800000000003,0.0008292278425442661,8.335958526534814,8.092529585028535,884,884,8.59965628289442,884,8.538907710600235,884,0.9784400760938491,0
PKNORLEN,20,xgboost,7.0,0.067152466367713,all,98120,0,0.017478597635548307,0.023165511618426417,2273,retain,1,-0.13549850805414956,-0.3053714858700162,2273,2273,-0.17515884827009146,2273,-0.19051265058249006,2075,13.785305763308402,809.3061251528741,14.0,641.5,0.9131981247452099,98120,125.0,1703.0,0.0021708112515287405,7.888676261350363,7.548859070413808,2273,2273,7.8093665671490236,2273,7.812931544936976,2075,0.9768344883815736,0
PKNORLEN,20,xgboost,7.0,0.0561177864274835,2017-12-27,29545,0,0.016347943814520222,0.022948045354543915,678,retain,1,-0.25944408053395385,-0.13284405429377563,678,678,-0.3010092562851616,678,-0.2906825693732072,618,14.010324483775811,743.7225249619225,15.0,557.0,0.923404975461161,29545,125.0,1575.0,0.004129294296835336,5.841929589022169,6.094947670779062,678,678,5.75894406155955,678,5.980650830482417,618,0.9770519546454561,0
PKNORLEN,20,xgboost,7.0,0.07061255576107062,2017-12-28,27573,0,0.02030972328002031,0.02545968882602546,702,retain,1,-0.028345693530379062,-0.48784925461904954,702,702,-0.20650760458459358,702,-0.15312183845524965,639,13.913105413105413,841.080114604867,14.0,715.0,0.9070467486309071,27573,160.0,1693.0,0.002030972328002031,8.563704326027773,7.644970399566276,702,702,8.207495347142114,702,8.258616591945357,639,0.9745403111739745,0
PKNORLEN,20,xgboost,7.0,0.0727769377103556,2017-12-29,41002,0,0.016389444417345495,0.021779425393883226,893,retain,1,-0.12562860621134947,-0.2929125888340362,893,893,-0.05496466734400181,893,-0.14404286957594173,818,13.513997760358343,835.196648943954,14.0,650.0,0.9099800009755622,41002,125.0,1763.0,0.0008536168967367445,8.911996017716515,8.577170129638143,893,893,9.053151623402675,893,8.849064474636934,818,0.9782205746061168,0
PKNORLEN,20,xgboost,7.0,0.07320627802690582,all,98120,0,0.01910925397472483,0.025264981655116186,2479,retain,5,-0.1956888797836915,-0.412006206815785,2479,2479,-0.22950287210531392,2479,-0.2990944142813296,1486,13.720048406615572,792.3776396249491,14.0,613.0,0.9052486750917245,98120,125.0,1690.0,0.0024357929066449245,8.161604716730567,7.728885204831877,2479,2479,8.093871921345999,2479,8.44173239127407,1486,0.9747350183448839,0
PKNORLEN,20,xgboost,7.0,0.06376713487899814,2017-12-27,29545,0,0.018954137755965477,0.026908106278558133,795,retain,5,-0.34115233590598887,-0.31709185074514373,795,795,-0.46327692102320445,795,-0.5602721368030525,460,14.023899371069183,726.3412421729565,15.0,547.0,0.9125740396006092,29545,125.0,1531.0,0.004704687764427145,5.99915237637713,6.047052194990914,795,795,5.75484303447979,795,6.604615942116444,460,0.9730918937214419,0
PKNORLEN,20,xgboost,7.0,0.07692307692307693,2017-12-28,27573,0,0.021107605266021106,0.0272005222500272,750,retain,5,-0.07995649654026257,-0.46540185045097643,750,750,-0.14579663881274568,750,-0.04817993264312129,460,13.669333333333332,822.7317303158887,14.0,678.0,0.8996482065788997,27573,126.0,1657.0,0.0023211112320023213,8.429037161300931,7.658337399104219,750,750,8.297289381721933,750,8.937759418257302,460,0.9727994777499728,0
PKNORLEN,20,xgboost,7.0,0.0775084142236964,2017-12-29,41002,0,0.01787717672308668,0.02277937661577484,934,retain,5,-0.16480648129905048,-0.4499186054772048,934,934,-0.09773553386088497,934,-0.2907532644466709,566,13.502141327623127,819.549290278523,14.0,620.0,0.9037364031022876,41002,125.0,1761.0,0.000878005950929223,9.78748831111302,9.217073745644841,934,934,9.921457435025532,934,9.531663723783286,566,0.9772206233842251,0
PKNORLEN,20,xgboost,7.0,0.06559315124337546,all,98120,0,0.01654097024052181,0.022207501019160213,2179,reset,0,-0.1419114946864481,-0.30088260640733183,2179,2179,-0.16175659855472108,2179,-0.1523952813067728,2179,13.879761358421295,815.1152364451692,14.0,648.0,0.9157867916836526,98120,125.0,1708.0,0.002079086832450061,7.646473295293713,7.328439457178373,2179,2179,7.606757526347382,2179,7.6254172408646745,2179,0.9777924989808398,0
PKNORLEN,20,xgboost,7.0,0.05351159248603825,2017-12-27,29545,0,0.014689456760873245,0.02088339820612625,617,reset,0,-0.2635682760764212,-0.11726230383279664,617,617,-0.2768574155886882,617,-0.24065862598221627,617,14.25931928687196,750.1853105432391,15.0,566.0,0.9278727365036386,29545,125.0,1591.0,0.003926214249449992,5.728638533895095,6.021141529641558,617,617,5.702288103972103,617,5.774524640692411,617,0.9791166017938737,0
PKNORLEN,20,xgboost,7.0,0.06905305915206905,2017-12-28,27573,0,0.019584376020019584,0.02458927211402459,678,reset,0,-0.012943544375845724,-0.49852807548331607,678,678,-0.23674422000511092,678,-0.20003953706205174,678,14.035398230088495,847.4325608385014,15.0,725.0,0.9094041272259095,27573,167.0,1693.0,0.0019584376020019586,8.492784657190196,7.521871829259005,678,678,8.045304919884202,678,8.118743434168584,678,0.9754107278859754,0
PKNORLEN,20,xgboost,7.0,0.0719720989220038,2017-12-29,41002,0,0.015828496170918492,0.02155992390615092,884,reset,0,-0.1559137980721664,-0.2774551161980229,884,884,-0.02390726433150618,884,-0.05424902670628889,884,13.495475113122172,840.1693575923126,14.0,655.0,0.9113701770645335,41002,125.0,1765.800000000003,0.0008292278425442661,8.335958526534814,8.092529585028535,884,884,8.59965628289442,884,8.538907710600235,884,0.9784400760938491,0
PKNORLEN,20,xgboost,7.0,0.067152466367713,all,98120,0,0.017478597635548307,0.023165511618426417,2273,reset,1,-0.13549850805414956,-0.3053714858700162,2273,2273,-0.17515884827009146,2273,-0.19051265058249006,2075,13.785305763308402,809.3061251528741,14.0,641.5,0.9131981247452099,98120,125.0,1703.0,0.0021708112515287405,7.888676261350363,7.548859070413808,2273,2273,7.8093665671490236,2273,7.812931544936976,2075,0.9768344883815736,0
PKNORLEN,20,xgboost,7.0,0.0561177864274835,2017-12-27,29545,0,0.016347943814520222,0.022948045354543915,678,reset,1,-0.25944408053395385,-0.13284405429377563,678,678,-0.3010092562851616,678,-0.2906825693732072,618,14.010324483775811,743.7225249619225,15.0,557.0,0.923404975461161,29545,125.0,1575.0,0.004129294296835336,5.841929589022169,6.094947670779062,678,678,5.75894406155955,678,5.980650830482417,618,0.9770519546454561,0
PKNORLEN,20,xgboost,7.0,0.07061255576107062,2017-12-28,27573,0,0.02030972328002031,0.02545968882602546,702,reset,1,-0.028345693530379062,-0.48784925461904954,702,702,-0.20650760458459358,702,-0.15312183845524965,639,13.913105413105413,841.080114604867,14.0,715.0,0.9070467486309071,27573,160.0,1693.0,0.002030972328002031,8.563704326027773,7.644970399566276,702,702,8.207495347142114,702,8.258616591945357,639,0.9745403111739745,0
PKNORLEN,20,xgboost,7.0,0.0727769377103556,2017-12-29,41002,0,0.016389444417345495,0.021779425393883226,893,reset,1,-0.12562860621134947,-0.2929125888340362,893,893,-0.05496466734400181,893,-0.14404286957594173,818,13.513997760358343,835.196648943954,14.0,650.0,0.9099800009755622,41002,125.0,1763.0,0.0008536168967367445,8.911996017716515,8.577170129638143,893,893,9.053151623402675,893,8.849064474636934,818,0.9782205746061168,0
PKNORLEN,20,xgboost,7.0,0.07320627802690582,all,98120,0,0.01910925397472483,0.025264981655116186,2479,reset,5,-0.1956888797836915,-0.412006206815785,2479,2479,-0.22950287210531392,2479,-0.2990944142813296,1486,13.720048406615572,792.3776396249491,14.0,613.0,0.9052486750917245,98120,125.0,1690.0,0.0024357929066449245,8.161604716730567,7.728885204831877,2479,2479,8.093871921345999,2479,8.44173239127407,1486,0.9747350183448839,0
PKNORLEN,20,xgboost,7.0,0.06376713487899814,2017-12-27,29545,0,0.018954137755965477,0.026908106278558133,795,reset,5,-0.34115233590598887,-0.31709185074514373,795,795,-0.46327692102320445,795,-0.5602721368030525,460,14.023899371069183,726.3412421729565,15.0,547.0,0.9125740396006092,29545,125.0,1531.0,0.004704687764427145,5.99915237637713,6.047052194990914,795,795,5.75484303447979,795,6.604615942116444,460,0.9730918937214419,0
PKNORLEN,20,xgboost,7.0,0.07692307692307693,2017-12-28,27573,0,0.021107605266021106,0.0272005222500272,750,reset,5,-0.07995649654026257,-0.46540185045097643,750,750,-0.14579663881274568,750,-0.04817993264312129,460,13.669333333333332,822.7317303158887,14.0,678.0,0.8996482065788997,27573,126.0,1657.0,0.0023211112320023213,8.429037161300931,7.658337399104219,750,750,8.297289381721933,750,8.937759418257302,460,0.9727994777499728,0
PKNORLEN,20,xgboost,7.0,0.0775084142236964,2017-12-29,41002,0,0.01787717672308668,0.02277937661577484,934,reset,5,-0.16480648129905048,-0.4499186054772048,934,934,-0.09773553386088497,934,-0.2907532644466709,566,13.502141327623127,819.549290278523,14.0,620.0,0.9037364031022876,41002,125.0,1761.0,0.000878005950929223,9.78748831111302,9.217073745644841,934,934,9.921457435025532,934,9.531663723783286,566,0.9772206233842251,0
PKOBP,20,xgboost,7.0,0.11094958876845176,all,102497,0,0.0389084558572446,0.05531869225440745,5670,retain,0,0.05798578266185697,-0.3752049065216544,5670,5670,-0.19801881119335998,5670,-0.23286621021395487,5670,12.909347442680776,1488.8569128852553,13.0,1000.0,0.8461613510639336,102497,159.0,3408.0,0.00398060431037006,2.4973003421775735,1.6308147627950296,5670,5670,1.985245665037809,5670,1.9155282395562978,5670,0.9446813077455926,0
PKOBP,20,xgboost,7.0,0.05787425943938456,2017-12-27,22618,0,0.04580422672207976,0.05110973560880715,1156,retain,0,-0.056846268431715044,-0.36973038190688406,1156,1156,-0.22495084994008888,1156,-0.21709356825282233,1156,13.366782006920415,1751.008002475904,14.0,1370.0,0.8945530108762932,22618,320.0,3672.0,0.0017685029622424618,2.445740179825386,1.8198976413323227,1156,1156,2.109483519719946,1156,2.1252030035143314,1156,0.9488902643911928,0
PKOBP,20,xgboost,7.0,0.08596505183888845,2017-12-28,37713,0,0.029141144963275262,0.039164213931535546,1477,retain,0,0.03742911441374661,-0.3838008011093715,1477,1477,-0.28461641144321453,1477,-0.25938355556270126,1477,13.249830737982396,1727.8327102060298,14.0,1054.0,0.8815792962638878,37713,300.0,4111.0,0.003314506933948506,3.135765886427803,2.2931621503251622,1477,1477,2.4916061440033803,1477,2.5420772909949183,1477,0.9608357860684644,0
PKOBP,20,xgboost,7.0,0.16176540340558743,2017-12-29,42166,0,0.04394535881990229,0.07202485414789167,3037,retain,0,0.11169274679311421,-0.3731082368307147,3037,3037,-0.1456519714303525,3037,-0.22597357110528543,3037,12.569641093184064,1134.4996679789404,13.0,789.0,0.78852630081108,42166,100.0,2613.0,0.005762936963430252,2.206417872247228,1.2367196363639739,3037,3037,1.6916949941636898,3037,1.5310050337247767,3037,0.9279751458521084,0
PKOBP,20,xgboost,7.0,0.1104325004634282,all,102497,0,0.038703571811857906,0.055211372040157275,5659,retain,1,0.07861674283746325,-0.36572958922957977,5659,5659,-0.1774716991548718,5659,-0.20109896075220504,5240,12.93161335925075,1489.376684195635,13.0,1000.0,0.84676624681698,102497,159.0,3408.0,0.004097680907733885,2.535233143036948,1.6464295679433427,5659,5659,2.0230121452953274,5659,1.914227004895805,5240,0.9447886279598428,0
PKOBP,20,xgboost,7.0,0.05721107082854364,2017-12-27,22618,0,0.045627376425855515,0.0509328853125829,1152,retain,1,-0.056057771588803,-0.3631204804043873,1152,1152,-0.219804139363868,1152,-0.19909508354261307,1055,13.387152777777779,1753.7589530462465,14.0,1370.0,0.8953930497833584,22618,320.0,3673.0,0.0017685029622424618,2.4443964518976933,1.8301989403502696,1152,1152,2.11685583481953,1152,2.1409806328426577,1055,0.9490671146874171,0
PKOBP,20,xgboost,7.0,0.08588550367247368,2017-12-28,37713,0,0.02887598440855938,0.03897860154323443,1470,retain,1,0.05072940634785272,-0.36404933718241905,1470,1470,-0.27056964723396776,1470,-0.225358200488656,1343,13.345578231292517,1729.2675204836528,14.0,1058.0,0.8818709728740752,37713,300.0,4125.400000000052,0.003367539044891682,3.1538552692916575,2.3241550721121693,1470,1470,2.51119469692413,1470,2.5358152834870746,1343,0.9610213984567656,0
PKOBP,20,xgboost,7.0,0.1609353507565337,2017-12-29,42166,0,0.043779348290091544,0.07202485414789167,3037,retain,1,0.14320002412122562,-0.3675325737129343,3037,3037,-0.11635185891877213,3037,-0.19037902109353705,2842,12.558445834705301,1133.0042214106152,13.0,789.0,0.7892852060902149,42166,100.0,2598.0,0.006000094863159892,2.2702576219957886,1.248682182977602,3037,3037,1.7511200540124106,3037,1.5363177383117073,2842,0.9279751458521084,0
PKOBP,20,xgboost,7.0,0.1099837068402002,all,102497,0,0.038186483506834346,0.05480160394938388,5617,retain,5,0.07846118819576167,-0.35353451201605596,5617,5617,-0.1716940725076302,5617,-0.08037015987232406,3604,12.959586968132456,1489.1773320194739,13.0,1000.0,0.8478004234270271,102497,160.0,3408.0,0.00402938622593832,2.58208308528059,1.7179861374663172,5617,5617,2.081730728274952,5617,1.9445117483003476,3604,0.9451983960506161,0
PKOBP,20,xgboost,7.0,0.05672473251392696,2017-12-27,22618,0,0.04496418781501459,0.05040233442391016,1140,retain,5,-0.05459962385392586,-0.3599409450761374,1140,1140,-0.2150891145248854,1140,-0.1281185653685176,690,13.425438596491228,1751.167919356265,14.0,1364.0,0.896542576708816,22618,320.0,3679.0,0.0017685029622424618,2.4802210332642427,1.8694700817443466,1140,1140,2.159192518626216,1140,2.2143573653966158,690,0.9495976655760898,0
PKOBP,20,xgboost,7.0,0.08689311378039404,2017-12-28,37713,0,0.02866385596478668,0.03895208548776284,1469,retain,5,0.05388681210265533,-0.3341993379153957,1469,1469,-0.24916234437335857,1469,-0.066822281396018,883,13.444520081688223,1729.0001060642219,14.0,1062.0,0.881181555431814,37713,300.0,4111.0,0.0032614748230053296,3.173131384733647,2.396823143700176,1469,1469,2.5669746763442225,1469,2.496611301372283,883,0.9610479145122371,0
PKOBP,20,xgboost,7.0,0.15920409808850733,2017-12-29,42166,0,0.043067874590902624,0.0713370962386757,3008,retain,5,0.14089106991697747,-0.3605491519978968,3008,3008,-0.11741507009060032,3008,-0.07003848921855978,2031,12.54621010638298,1134.1486505715504,13.0,789.0,0.7917990798273491,42166,100.0,2598.0,0.005928947493241,2.3320407938584142,1.3290555328670848,3008,3008,1.815397682824753,3008,1.612804519763202,2031,0.9286629037613243,0
PKOBP,20,xgboost,7.0,0.11094958876845176,all,102497,0,0.0389084558572446,0.05531869225440745,5670,reset,0,0.05798578266185697,-0.3752049065216544,5670,5670,-0.19801881119335998,5670,-0.23286621021395487,5670,12.909347442680776,1488.8569128852553,13.0,1000.0,0.8461613510639336,102497,159.0,3408.0,0.00398060431037006,2.4973003421775735,1.6308147627950296,5670,5670,1.985245665037809,5670,1.9155282395562978,5670,0.9446813077455926,0
PKOBP,20,xgboost,7.0,0.05787425943938456,2017-12-27,22618,0,0.04580422672207976,0.05110973560880715,1156,reset,0,-0.056846268431715044,-0.36973038190688406,1156,1156,-0.22495084994008888,1156,-0.21709356825282233,1156,13.366782006920415,1751.008002475904,14.0,1370.0,0.8945530108762932,22618,320.0,3672.0,0.0017685029622424618,2.445740179825386,1.8198976413323227,1156,1156,2.109483519719946,1156,2.1252030035143314,1156,0.9488902643911928,0
PKOBP,20,xgboost,7.0,0.08596505183888845,2017-12-28,37713,0,0.029141144963275262,0.039164213931535546,1477,reset,0,0.03742911441374661,-0.3838008011093715,1477,1477,-0.28461641144321453,1477,-0.25938355556270126,1477,13.249830737982396,1727.8327102060298,14.0,1054.0,0.8815792962638878,37713,300.0,4111.0,0.003314506933948506,3.135765886427803,2.2931621503251622,1477,1477,2.4916061440033803,1477,2.5420772909949183,1477,0.9608357860684644,0
PKOBP,20,xgboost,7.0,0.16176540340558743,2017-12-29,42166,0,0.04394535881990229,0.07202485414789167,3037,reset,0,0.11169274679311421,-0.3731082368307147,3037,3037,-0.1456519714303525,3037,-0.22597357110528543,3037,12.569641093184064,1134.4996679789404,13.0,789.0,0.78852630081108,42166,100.0,2613.0,0.005762936963430252,2.206417872247228,1.2367196363639739,3037,3037,1.6916949941636898,3037,1.5310050337247767,3037,0.9279751458521084,0
PKOBP,20,xgboost,7.0,0.1104325004634282,all,102497,0,0.038703571811857906,0.055211372040157275,5659,reset,1,0.07861674283746325,-0.36572958922957977,5659,5659,-0.1774716991548718,5659,-0.20109896075220504,5240,12.93161335925075,1489.376684195635,13.0,1000.0,0.84676624681698,102497,159.0,3408.0,0.004097680907733885,2.535233143036948,1.6464295679433427,5659,5659,2.0230121452953274,5659,1.914227004895805,5240,0.9447886279598428,0
PKOBP,20,xgboost,7.0,0.05721107082854364,2017-12-27,22618,0,0.045627376425855515,0.0509328853125829,1152,reset,1,-0.056057771588803,-0.3631204804043873,1152,1152,-0.219804139363868,1152,-0.19909508354261307,1055,13.387152777777779,1753.7589530462465,14.0,1370.0,0.8953930497833584,22618,320.0,3673.0,0.0017685029622424618,2.4443964518976933,1.8301989403502696,1152,1152,2.11685583481953,1152,2.1409806328426577,1055,0.9490671146874171,0
PKOBP,20,xgboost,7.0,0.08588550367247368,2017-12-28,37713,0,0.02887598440855938,0.03897860154323443,1470,reset,1,0.05072940634785272,-0.36404933718241905,1470,1470,-0.27056964723396776,1470,-0.225358200488656,1343,13.345578231292517,1729.2675204836528,14.0,1058.0,0.8818709728740752,37713,300.0,4125.400000000052,0.003367539044891682,3.1538552692916575,2.3241550721121693,1470,1470,2.51119469692413,1470,2.5358152834870746,1343,0.9610213984567656,0
PKOBP,20,xgboost,7.0,0.1609353507565337,2017-12-29,42166,0,0.043779348290091544,0.07202485414789167,3037,reset,1,0.14320002412122562,-0.3675325737129343,3037,3037,-0.11635185891877213,3037,-0.19037902109353705,2842,12.558445834705301,1133.0042214106152,13.0,789.0,0.7892852060902149,42166,100.0,2598.0,0.006000094863159892,2.2702576219957886,1.248682182977602,3037,3037,1.7511200540124106,3037,1.5363177383117073,2842,0.9279751458521084,0
PKOBP,20,xgboost,7.0,0.1099837068402002,all,102497,0,0.038186483506834346,0.05480160394938388,5617,reset,5,0.07846118819576167,-0.35353451201605596,5617,5617,-0.1716940725076302,5617,-0.08037015987232406,3604,12.959586968132456,1489.1773320194739,13.0,1000.0,0.8478004234270271,102497,160.0,3408.0,0.00402938622593832,2.58208308528059,1.7179861374663172,5617,5617,2.081730728274952,5617,1.9445117483003476,3604,0.9451983960506161,0
PKOBP,20,xgboost,7.0,0.05672473251392696,2017-12-27,22618,0,0.04496418781501459,0.05040233442391016,1140,reset,5,-0.05459962385392586,-0.3599409450761374,1140,1140,-0.2150891145248854,1140,-0.1281185653685176,690,13.425438596491228,1751.167919356265,14.0,1364.0,0.896542576708816,22618,320.0,3679.0,0.0017685029622424618,2.4802210332642427,1.8694700817443466,1140,1140,2.159192518626216,1140,2.2143573653966158,690,0.9495976655760898,0
PKOBP,20,xgboost,7.0,0.08689311378039404,2017-12-28,37713,0,0.02866385596478668,0.03895208548776284,1469,reset,5,0.05388681210265533,-0.3341993379153957,1469,1469,-0.24916234437335857,1469,-0.066822281396018,883,13.444520081688223,1729.0001060642219,14.0,1062.0,0.881181555431814,37713,300.0,4111.0,0.0032614748230053296,3.173131384733647,2.396823143700176,1469,1469,2.5669746763442225,1469,2.496611301372283,883,0.9610479145122371,0
PKOBP,20,xgboost,7.0,0.15920409808850733,2017-12-29,42166,0,0.043067874590902624,0.0713370962386757,3008,reset,5,0.14089106991697747,-0.3605491519978968,3008,3008,-0.11741507009060032,3008,-0.07003848921855978,2031,12.54621010638298,1134.1486505715504,13.0,789.0,0.7917990798273491,42166,100.0,2598.0,0.005928947493241,2.3320407938584142,1.3290555328670848,3008,3008,1.815397682824753,3008,1.612804519763202,2031,0.9286629037613243,0
PZU,20,xgboost,7.0,0.12194354696009489,all,152587,0,0.02407806693886111,0.036208851343823525,5525,retain,0,-0.3065896348063688,-0.4397737211950098,5513,5525,-0.3851901480157026,5525,-0.34142891884697724,5525,13.42316742081448,1090.1713186575528,14.0,659.0,0.8504459750830673,152587,120.0,2408.0,0.00353241101797663,2.961935591458177,2.6979886584117554,5513,5525,2.8046914657133493,5525,2.892225752404379,5525,0.9637911486561764,0
PZU,20,xgboost,7.0,0.12772910670068754,2017-12-27,79559,0,0.022411040862755943,0.03569677849143403,2840,retain,0,-0.1811973776688499,-0.4795700984732753,2828,2840,-0.3806563746838577,2840,-0.3224235934288419,2840,13.226408450704225,1192.895297829284,14.0,709.0,0.8461142045525962,79559,130.0,2689.0,0.0037456478839603315,2.989805381056605,2.396731687701331,2828,2840,2.590804789106643,2840,2.707262053255227,2840,0.964303221508566,0
PZU,20,xgboost,7.0,0.11190653456273982,2017-12-28,34922,0,0.033188248095756254,0.045215050684382335,1579,retain,0,-0.39166894429363286,-0.2605302863020846,1579,1579,-0.2713491885800455,1579,-0.21585641852682438,1579,13.724509183027232,922.7216654258061,14.0,651.0,0.8521848691369338,34922,100.0,2003.0,0.002720348204570185,1.797223728652659,2.0596215461743665,1579,1579,2.03788212762961,1579,2.148908075850617,1579,0.9547849493156176,0
PZU,20,xgboost,7.0,0.1190626148113158,2017-12-29,38106,0,0.01920957329554401,0.029024300635070593,1106,retain,0,-0.5071084237667338,-0.593915881007843,1106,1106,-0.5593590369952163,1106,-0.5695067689310872,1106,13.498191681735985,1029.1588726184852,14.0,599.0,0.8578963942686191,38106,140.0,2251.0,0.0038314176245210726,4.553192217959421,4.379667124408061,1106,1106,4.448660820502924,1106,4.42838806421449,1106,0.9709756993649294,0
PZU,20,xgboost,7.0,0.12224501431969959,all,152587,0,0.024281229724681656,0.036425121406148626,5558,retain,1,-0.2998403721982986,-0.4268187721448614,5545,5558,-0.3694170987474848,5558,-0.32415039121209255,5132,13.381432169845269,1088.4157431498097,14.0,658.0,0.8499478985758944,152587,120.0,2400.0,0.003525857379724354,2.934566672997695,2.682242225964705,5545,5558,2.7953789189172054,5558,2.836258234909785,5132,0.9635748785938514,0
PZU,20,xgboost,7.0,0.1274148744956573,2017-12-27,79559,0,0.022662426626780124,0.03583504066164733,2851,retain,1,-0.18126692966777225,-0.47051187364145153,2838,2851,-0.36201480332505226,2851,-0.30108150547128315,2644,13.184496667835846,1191.1844040272,14.0,705.0,0.8461770509936022,79559,130.0,2687.0,0.0037456478839603315,2.983508255067004,2.407245231982182,2838,2851,2.621948740123236,2851,2.7099308865036162,2644,0.9641649593383527,0
PZU,20,xgboost,7.0,0.1124792394479125,2017-12-28,34922,0,0.03321688334001489,0.04561594410400321,1593,retain,1,-0.3837154065640532,-0.24397640489916247,1593,1593,-0.26447338019906524,1593,-0.21534974478860044,1466,13.711236660389202,922.1774239734265,14.0,648.0,0.8515835290075024,34922,100.0,2003.0,0.002720348204570185,1.7110501754576577,1.9906519380527161,1593,1593,1.9495520458797961,1593,1.9994369540859973,1466,0.9543840558959968,0
PZU,20,xgboost,7.0,0.12040098672125124,2017-12-29,38106,0,0.019471999160237233,0.029234241326825172,1114,retain,1,-0.48335918270986383,-0.576968564761626,1114,1114,-0.5384290268417286,1114,-0.5398997860805265,1022,13.41382405745063,1026.1998897811368,14.0,590.0,0.8563218390804598,38106,140.0,2251.0,0.00380517503805175,4.5589197520835825,4.371779746221618,1114,1114,4.448746646466754,1114,4.363449533220531,1022,0.9707657586731748,0
PZU,20,xgboost,7.0,0.1223236579787269,all,152587,0,0.024733430764088685,0.036798678786528344,5615,retain,5,-0.30202028973058487,-0.4102296695467998,5600,5615,-0.3503571358470277,5615,-0.2631937397775266,3490,13.368655387355298,1083.2008755660704,14.0,651.0,0.849535019366001,152587,120.0,2385.0,0.0034078918911833907,2.994013953488727,2.777995731430403,5600,5615,2.897302396231975,5615,2.7989456932498773,3490,0.9632013212134717,0
PZU,20,xgboost,7.0,0.12744001307205974,2017-12-27,79559,0,0.023114921002023656,0.03603614927286668,2867,retain,5,-0.20648749243972986,-0.4753780512270642,2852,2867,-0.37749488531606684,2867,-0.25162574974968266,1824,13.190791768399023,1188.0647444035244,14.0,696.0,0.845862818788572,79559,129.0,2659.199999999997,0.003582247137344612,3.1037678759767586,2.566259520026156,2852,2867,2.7616793147335987,2867,2.811227692068399,1824,0.9639638507271333,0
PZU,20,xgboost,7.0,0.11141973541034306,2017-12-28,34922,0,0.03353187102685986,0.046331825210469045,1618,retain,5,-0.3791746151987951,-0.23492526567314137,1618,1618,-0.23591315605156907,1618,-0.17277311240059548,967,13.702101359703338,918.7661932306282,14.0,640.0,0.8523566806024856,34922,100.0,2003.0,0.0026917129603115514,1.7424510345740594,2.031070322564991,1618,1618,2.028995951820227,1618,1.8965080487508474,967,0.9536681747895309,0
PZU,20,xgboost,7.0,0.1216343882853094,2017-12-29,38106,0,0.020049336062562328,0.02965412271033433,1130,retain,5,-0.4339289899299806,-0.49681315708260976,1130,1130,-0.44537167706943215,1130,-0.41846807523429286,699,13.342477876106194,1014.9576444654385,14.0,577.0,0.8546160709599538,38106,140.0,2236.0,0.003700204692174461,4.507610685374343,4.38188686989868,1130,1130,4.484692840226711,1130,4.015333155890191,699,0.9703458772896657,0
PZU,20,xgboost,7.0,0.12194354696009489,all,152587,0,0.02407806693886111,0.036208851343823525,5525,reset,0,-0.3065896348063688,-0.4397737211950098,5513,5525,-0.3851901480157026,5525,-0.34142891884697724,5525,13.42316742081448,1090.1713186575528,14.0,659.0,0.8504459750830673,152587,120.0,2408.0,0.00353241101797663,2.961935591458177,2.6979886584117554,5513,5525,2.8046914657133493,5525,2.892225752404379,5525,0.9637911486561764,0
PZU,20,xgboost,7.0,0.12772910670068754,2017-12-27,79559,0,0.022411040862755943,0.03569677849143403,2840,reset,0,-0.1811973776688499,-0.4795700984732753,2828,2840,-0.3806563746838577,2840,-0.3224235934288419,2840,13.226408450704225,1192.895297829284,14.0,709.0,0.8461142045525962,79559,130.0,2689.0,0.0037456478839603315,2.989805381056605,2.396731687701331,2828,2840,2.590804789106643,2840,2.707262053255227,2840,0.964303221508566,0
PZU,20,xgboost,7.0,0.11190653456273982,2017-12-28,34922,0,0.033188248095756254,0.045215050684382335,1579,reset,0,-0.39166894429363286,-0.2605302863020846,1579,1579,-0.2713491885800455,1579,-0.21585641852682438,1579,13.724509183027232,922.7216654258061,14.0,651.0,0.8521848691369338,34922,100.0,2003.0,0.002720348204570185,1.797223728652659,2.0596215461743665,1579,1579,2.03788212762961,1579,2.148908075850617,1579,0.9547849493156176,0
PZU,20,xgboost,7.0,0.1190626148113158,2017-12-29,38106,0,0.01920957329554401,0.029024300635070593,1106,reset,0,-0.5071084237667338,-0.593915881007843,1106,1106,-0.5593590369952163,1106,-0.5695067689310872,1106,13.498191681735985,1029.1588726184852,14.0,599.0,0.8578963942686191,38106,140.0,2251.0,0.0038314176245210726,4.553192217959421,4.379667124408061,1106,1106,4.448660820502924,1106,4.42838806421449,1106,0.9709756993649294,0
PZU,20,xgboost,7.0,0.12224501431969959,all,152587,0,0.024281229724681656,0.036425121406148626,5558,reset,1,-0.2998403721982986,-0.4268187721448614,5545,5558,-0.3694170987474848,5558,-0.32415039121209255,5132,13.381432169845269,1088.4157431498097,14.0,658.0,0.8499478985758944,152587,120.0,2400.0,0.003525857379724354,2.934566672997695,2.682242225964705,5545,5558,2.7953789189172054,5558,2.836258234909785,5132,0.9635748785938514,0
PZU,20,xgboost,7.0,0.1274148744956573,2017-12-27,79559,0,0.022662426626780124,0.03583504066164733,2851,reset,1,-0.18126692966777225,-0.47051187364145153,2838,2851,-0.36201480332505226,2851,-0.30108150547128315,2644,13.184496667835846,1191.1844040272,14.0,705.0,0.8461770509936022,79559,130.0,2687.0,0.0037456478839603315,2.983508255067004,2.407245231982182,2838,2851,2.621948740123236,2851,2.7099308865036162,2644,0.9641649593383527,0
PZU,20,xgboost,7.0,0.1124792394479125,2017-12-28,34922,0,0.03321688334001489,0.04561594410400321,1593,reset,1,-0.3837154065640532,-0.24397640489916247,1593,1593,-0.26447338019906524,1593,-0.21534974478860044,1466,13.711236660389202,922.1774239734265,14.0,648.0,0.8515835290075024,34922,100.0,2003.0,0.002720348204570185,1.7110501754576577,1.9906519380527161,1593,1593,1.9495520458797961,1593,1.9994369540859973,1466,0.9543840558959968,0
PZU,20,xgboost,7.0,0.12040098672125124,2017-12-29,38106,0,0.019471999160237233,0.029234241326825172,1114,reset,1,-0.48335918270986383,-0.576968564761626,1114,1114,-0.5384290268417286,1114,-0.5398997860805265,1022,13.41382405745063,1026.1998897811368,14.0,590.0,0.8563218390804598,38106,140.0,2251.0,0.00380517503805175,4.5589197520835825,4.371779746221618,1114,1114,4.448746646466754,1114,4.363449533220531,1022,0.9707657586731748,0
PZU,20,xgboost,7.0,0.1223236579787269,all,152587,0,0.024733430764088685,0.036798678786528344,5615,reset,5,-0.30202028973058487,-0.4102296695467998,5600,5615,-0.3503571358470277,5615,-0.2631937397775266,3490,13.368655387355298,1083.2008755660704,14.0,651.0,0.849535019366001,152587,120.0,2385.0,0.0034078918911833907,2.994013953488727,2.777995731430403,5600,5615,2.897302396231975,5615,2.7989456932498773,3490,0.9632013212134717,0
PZU,20,xgboost,7.0,0.12744001307205974,2017-12-27,79559,0,0.023114921002023656,0.03603614927286668,2867,reset,5,-0.20648749243972986,-0.4753780512270642,2852,2867,-0.37749488531606684,2867,-0.25162574974968266,1824,13.190791768399023,1188.0647444035244,14.0,696.0,0.845862818788572,79559,129.0,2659.199999999997,0.003582247137344612,3.1037678759767586,2.566259520026156,2852,2867,2.7616793147335987,2867,2.811227692068399,1824,0.9639638507271333,0
PZU,20,xgboost,7.0,0.11141973541034306,2017-12-28,34922,0,0.03353187102685986,0.046331825210469045,1618,reset,5,-0.3791746151987951,-0.23492526567314137,1618,1618,-0.23591315605156907,1618,-0.17277311240059548,967,13.702101359703338,918.7661932306282,14.0,640.0,0.8523566806024856,34922,100.0,2003.0,0.0026917129603115514,1.7424510345740594,2.031070322564991,1618,1618,2.028995951820227,1618,1.8965080487508474,967,0.9536681747895309,0
PZU,20,xgboost,7.0,0.1216343882853094,2017-12-29,38106,0,0.020049336062562328,0.02965412271033433,1130,reset,5,-0.4339289899299806,-0.49681315708260976,1130,1130,-0.44537167706943215,1130,-0.41846807523429286,699,13.342477876106194,1014.9576444654385,14.0,577.0,0.8546160709599538,38106,140.0,2236.0,0.003700204692174461,4.507610685374343,4.38188686989868,1130,1130,4.484692840226711,1130,4.015333155890191,699,0.9703458772896657,0
