symbol,day,horizon,model,control_seed,latency,interpretation,tail_bin,bins_available,fill_probability_tail_minus_center,markout_5_tail_minus_center
KGHM,2017-12-27,10,linear,,0,reset,1,10,-0.0008930571583927183,-2.2563632262964983
KGHM,2017-12-27,10,linear,,0,reset,10,10,-0.00503384390787512,
KGHM,2017-12-27,10,linear,,0,retain,1,10,-0.0008930571583927183,-2.2563632262964983
KGHM,2017-12-27,10,linear,,0,retain,10,10,-0.00503384390787512,
KGHM,2017-12-27,10,linear,,1,reset,1,10,-0.001732444395706001,-4.38110501414358
KGHM,2017-12-27,10,linear,,1,reset,10,10,-0.005577460663082517,
KGHM,2017-12-27,10,linear,,1,retain,1,10,-0.001732444395706001,-4.38110501414358
KGHM,2017-12-27,10,linear,,1,retain,10,10,-0.005577460663082517,
KGHM,2017-12-27,10,linear,,5,reset,1,10,-0.0009372613728672726,-3.377445865917265
KGHM,2017-12-27,10,linear,,5,reset,10,10,-0.0056695890865614456,
KGHM,2017-12-27,10,linear,,5,retain,1,10,-0.0009372613728672726,-3.377445865917265
KGHM,2017-12-27,10,linear,,5,retain,10,10,-0.0056695890865614456,
KGHM,2017-12-27,10,xgboost,,0,reset,1,10,-1.2397066461576189e-05,-1.072562625478584
KGHM,2017-12-27,10,xgboost,,0,reset,10,10,-0.0038999568750740163,
KGHM,2017-12-27,10,xgboost,,0,retain,1,10,-1.2397066461576189e-05,-1.072562625478584
KGHM,2017-12-27,10,xgboost,,0,retain,10,10,-0.0038999568750740163,
KGHM,2017-12-27,10,xgboost,,1,reset,1,10,-0.0002717331660466384,-0.7316897531051607
KGHM,2017-12-27,10,xgboost,,1,reset,10,10,-0.0041592929746590785,
KGHM,2017-12-27,10,xgboost,,1,retain,1,10,-0.0002717331660466384,-0.7316897531051607
KGHM,2017-12-27,10,xgboost,,1,retain,10,10,-0.0041592929746590785,
KGHM,2017-12-27,10,xgboost,,5,reset,1,10,-0.0012296182017315334,-3.8224364255769094
KGHM,2017-12-27,10,xgboost,,5,reset,10,10,-0.004079447474276738,-2.6133053873956897
KGHM,2017-12-27,10,xgboost,,5,retain,1,10,-0.0012296182017315334,-3.8224364255769094
KGHM,2017-12-27,10,xgboost,,5,retain,10,10,-0.004079447474276738,-2.6133053873956897
KGHM,2017-12-27,20,linear,,0,reset,1,10,-0.0028800906022507546,-1.6661301636990702
KGHM,2017-12-27,20,linear,,0,reset,10,10,-0.025127691100222723,-2.4115762372157956
KGHM,2017-12-27,20,linear,,0,retain,1,10,-0.0028800906022507546,-1.6661301636990702
KGHM,2017-12-27,20,linear,,0,retain,10,10,-0.025127691100222723,-2.4115762372157956
KGHM,2017-12-27,20,linear,,1,reset,1,10,-0.0036588906710393436,-1.9153823452857528
KGHM,2017-12-27,20,linear,,1,reset,10,10,-0.025865830151381497,-1.3101688392988584
KGHM,2017-12-27,20,linear,,1,retain,1,10,-0.0036588906710393436,-1.9153823452857528
KGHM,2017-12-27,20,linear,,1,retain,10,10,-0.025865830151381497,-1.3101688392988584
KGHM,2017-12-27,20,linear,,5,reset,1,10,-0.004714516773446253,-1.820772316243719
KGHM,2017-12-27,20,linear,,5,reset,10,10,-0.027177972056366618,0.40628940337224995
KGHM,2017-12-27,20,linear,,5,retain,1,10,-0.004714516773446253,-1.820772316243719
KGHM,2017-12-27,20,linear,,5,retain,10,10,-0.027177972056366618,0.40628940337224995
KGHM,2017-12-27,20,xgboost,7.0,0,reset,1,10,0.02219639088093025,-1.350885291733015
KGHM,2017-12-27,20,xgboost,7.0,0,reset,10,10,-0.015438417834606267,-0.764433652687073
KGHM,2017-12-27,20,xgboost,7.0,0,retain,1,10,0.02219639088093025,-1.350885291733015
KGHM,2017-12-27,20,xgboost,7.0,0,retain,10,10,-0.015438417834606267,-0.764433652687073
KGHM,2017-12-27,20,xgboost,7.0,1,reset,1,10,0.02134435882038626,-1.4740771855434838
KGHM,2017-12-27,20,xgboost,7.0,1,reset,10,10,-0.01279965552952644,-0.6724035561216859
KGHM,2017-12-27,20,xgboost,7.0,1,retain,1,10,0.02134435882038626,-1.4740771855434838
KGHM,2017-12-27,20,xgboost,7.0,1,retain,10,10,-0.01279965552952644,-0.6724035561216859
KGHM,2017-12-27,20,xgboost,7.0,5,reset,1,10,0.025007664784075966,-1.5419531383288794
KGHM,2017-12-27,20,xgboost,7.0,5,reset,10,10,-0.01347376333755481,-1.4686228065034859
KGHM,2017-12-27,20,xgboost,7.0,5,retain,1,10,0.025007664784075966,-1.5419531383288794
KGHM,2017-12-27,20,xgboost,7.0,5,retain,10,10,-0.01347376333755481,-1.4686228065034859
KGHM,2017-12-27,20,xgboost,,0,reset,1,10,-0.004275307939652237,-1.880800288597782
KGHM,2017-12-27,20,xgboost,,0,reset,10,10,-0.019750323027637705,-0.9195700237277817
KGHM,2017-12-27,20,xgboost,,0,retain,1,10,-0.004275307939652237,-1.880800288597782
KGHM,2017-12-27,20,xgboost,,0,retain,10,10,-0.019750323027637705,-0.9195700237277817
KGHM,2017-12-27,20,xgboost,,1,reset,1,10,-0.0053479751182370465,-1.848713887526248
KGHM,2017-12-27,20,xgboost,,1,reset,10,10,-0.02135146105524008,-0.8641337858771769
KGHM,2017-12-27,20,xgboost,,1,retain,1,10,-0.0053479751182370465,-1.848713887526248
KGHM,2017-12-27,20,xgboost,,1,retain,10,10,-0.02135146105524008,-0.8641337858771769
KGHM,2017-12-27,20,xgboost,,5,reset,1,10,-0.007525831998889586,-1.751081759839372
KGHM,2017-12-27,20,xgboost,,5,reset,10,10,-0.02247744086526575,-0.836464649513653
KGHM,2017-12-27,20,xgboost,,5,retain,1,10,-0.007525831998889586,-1.751081759839372
KGHM,2017-12-27,20,xgboost,,5,retain,10,10,-0.02247744086526575,-0.836464649513653
KGHM,2017-12-27,50,linear,,0,reset,1,10,-0.03075529739542418,-0.5028290720164892
KGHM,2017-12-27,50,linear,,0,reset,10,10,-0.08448391027544287,0.08347567914225848
KGHM,2017-12-27,50,linear,,0,retain,1,10,-0.03075529739542418,-0.5028290720164892
KGHM,2017-12-27,50,linear,,0,retain,10,10,-0.08448391027544287,0.08347567914225848
KGHM,2017-12-27,50,linear,,1,reset,1,10,-0.032895898900400594,-0.5381242302830311
KGHM,2017-12-27,50,linear,,1,reset,10,10,-0.08552882149553981,0.03778587523705379
KGHM,2017-12-27,50,linear,,1,retain,1,10,-0.032895898900400594,-0.5381242302830311
KGHM,2017-12-27,50,linear,,1,retain,10,10,-0.08552882149553981,0.03778587523705379
KGHM,2017-12-27,50,linear,,5,reset,1,10,-0.030264249514256575,-0.7197742130599687
KGHM,2017-12-27,50,linear,,5,reset,10,10,-0.08270834723032651,-0.19640856192182563
KGHM,2017-12-27,50,linear,,5,retain,1,10,-0.030264249514256575,-0.7197742130599687
KGHM,2017-12-27,50,linear,,5,retain,10,10,-0.08270834723032651,-0.19640856192182563
KGHM,2017-12-27,50,xgboost,,0,reset,1,10,-0.0249427248770666,-0.6027025149269782
KGHM,2017-12-27,50,xgboost,,0,reset,10,10,-0.07873920732677955,-0.5883516948823297
KGHM,2017-12-27,50,xgboost,,0,retain,1,10,-0.0249427248770666,-0.6027025149269782
KGHM,2017-12-27,50,xgboost,,0,retain,10,10,-0.07873920732677955,-0.5883516948823297
KGHM,2017-12-27,50,xgboost,,1,reset,1,10,-0.024098109643711257,-0.6309518227173427
KGHM,2017-12-27,50,xgboost,,1,reset,10,10,-0.07888029962991648,-0.6657998834563676
KGHM,2017-12-27,50,xgboost,,1,retain,1,10,-0.024098109643711257,-0.6309518227173427
KGHM,2017-12-27,50,xgboost,,1,retain,10,10,-0.07888029962991648,-0.6657998834563676
KGHM,2017-12-27,50,xgboost,,5,reset,1,10,-0.018977514301263335,-0.7236465520609252
KGHM,2017-12-27,50,xgboost,,5,reset,10,10,-0.06898713673130549,-0.8768674275181203
KGHM,2017-12-27,50,xgboost,,5,retain,1,10,-0.018977514301263335,-0.7236465520609252
KGHM,2017-12-27,50,xgboost,,5,retain,10,10,-0.06898713673130549,-0.8768674275181203
KGHM,2017-12-28,10,linear,,0,reset,1,10,-0.0011107044097265796,0.8783217635997338
KGHM,2017-12-28,10,linear,,0,reset,10,10,-0.00549616694930099,-1.0773429823486023
KGHM,2017-12-28,10,linear,,0,retain,1,10,-0.0011107044097265796,0.8783217635997338
KGHM,2017-12-28,10,linear,,0,retain,10,10,-0.00549616694930099,-1.0773429823486023
KGHM,2017-12-28,10,linear,,1,reset,1,10,-0.0022263093184120095,0.4395634583702738
KGHM,2017-12-28,10,linear,,1,reset,10,10,-0.0067436446933880215,-1.6691570297653167
KGHM,2017-12-28,10,linear,,1,retain,1,10,-0.0022263093184120095,0.4395634583702738
KGHM,2017-12-28,10,linear,,1,retain,10,10,-0.0067436446933880215,-1.6691570297653167
KGHM,2017-12-28,10,linear,,5,reset,1,10,-0.0016799513844103957,1.0123319143770642
KGHM,2017-12-28,10,linear,,5,reset,10,10,-0.007219364030337108,-2.157060886993972
KGHM,2017-12-28,10,linear,,5,retain,1,10,-0.0016799513844103957,1.0123319143770642
KGHM,2017-12-28,10,linear,,5,retain,10,10,-0.007219364030337108,-2.157060886993972
KGHM,2017-12-28,10,xgboost,,0,reset,1,10,-0.001976071160347998,1.0404659353128427
KGHM,2017-12-28,10,xgboost,,0,reset,10,10,-0.0031810460596730806,0.15364737464042788
KGHM,2017-12-28,10,xgboost,,0,retain,1,10,-0.001976071160347998,1.0404659353128427
KGHM,2017-12-28,10,xgboost,,0,retain,10,10,-0.0031810460596730806,0.15364737464042788
KGHM,2017-12-28,10,xgboost,,1,reset,1,10,-0.0016919816779674,0.9576271142884383
KGHM,2017-12-28,10,xgboost,,1,reset,10,10,-0.0023238375932605236,-1.0387248963207487
KGHM,2017-12-28,10,xgboost,,1,retain,1,10,-0.0016919816779674,0.9576271142884383
KGHM,2017-12-28,10,xgboost,,1,retain,10,10,-0.0023238375932605236,-1.0387248963207487
KGHM,2017-12-28,10,xgboost,,5,reset,1,10,-0.00238684479151859,2.240165817113061
KGHM,2017-12-28,10,xgboost,,5,reset,10,10,-0.005191784466954568,0.285470912899199
KGHM,2017-12-28,10,xgboost,,5,retain,1,10,-0.00238684479151859,2.240165817113061
KGHM,2017-12-28,10,xgboost,,5,retain,10,10,-0.005191784466954568,0.285470912899199
KGHM,2017-12-28,20,linear,,0,reset,1,10,-0.01283245672980327,0.8012323428271778
KGHM,2017-12-28,20,linear,,0,reset,10,10,-0.016201721251746036,-0.8518546244453531
KGHM,2017-12-28,20,linear,,0,retain,1,10,-0.01283245672980327,0.8012323428271778
KGHM,2017-12-28,20,linear,,0,retain,10,10,-0.016201721251746036,-0.8518546244453531
KGHM,2017-12-28,20,linear,,1,reset,1,10,-0.013848158341643775,0.6462369482995556
KGHM,2017-12-28,20,linear,,1,reset,10,10,-0.01742491301933595,-1.0191165736910643
KGHM,2017-12-28,20,linear,,1,retain,1,10,-0.013848158341643775,0.6462369482995556
KGHM,2017-12-28,20,linear,,1,retain,10,10,-0.01742491301933595,-1.0191165736910643
KGHM,2017-12-28,20,linear,,5,reset,1,10,-0.014781388247781389,0.856847526375678
KGHM,2017-12-28,20,linear,,5,reset,10,10,-0.011735838022025675,-0.7781089665583814
KGHM,2017-12-28,20,linear,,5,retain,1,10,-0.014781388247781389,0.856847526375678
KGHM,2017-12-28,20,linear,,5,retain,10,10,-0.011735838022025675,-0.7781089665583814
KGHM,2017-12-28,20,xgboost,7.0,0,reset,1,10,0.012235014006688735,-0.6543295204523423
KGHM,2017-12-28,20,xgboost,7.0,0,reset,10,10,0.001771848998824814,1.325488556799761
KGHM,2017-12-28,20,xgboost,7.0,0,retain,1,10,0.012235014006688735,-0.6543295204523423
KGHM,2017-12-28,20,xgboost,7.0,0,retain,10,10,0.001771848998824814,1.325488556799761
KGHM,2017-12-28,20,xgboost,7.0,1,reset,1,10,0.011244280331069459,-0.4438561427467546
KGHM,2017-12-28,20,xgboost,7.0,1,reset,10,10,0.0029447893242986745,1.45943256676078
KGHM,2017-12-28,20,xgboost,7.0,1,retain,1,10,0.011244280331069459,-0.4438561427467546
KGHM,2017-12-28,20,xgboost,7.0,1,retain,10,10,0.0029447893242986745,1.45943256676078
KGHM,2017-12-28,20,xgboost,7.0,5,reset,1,10,0.011807697630735442,-0.08504820982363587
KGHM,2017-12-28,20,xgboost,7.0,5,reset,10,10,0.006132993443994164,1.30292911314038
KGHM,2017-12-28,20,xgboost,7.0,5,retain,1,10,0.011807697630735442,-0.08504820982363587
KGHM,2017-12-28,20,xgboost,7.0,5,retain,10,10,0.006132993443994164,1.30292911314038
KGHM,2017-12-28,20,xgboost,,0,reset,1,10,-0.015559110743281085,1.1039263775697576
KGHM,2017-12-28,20,xgboost,,0,reset,10,10,-0.016792653148788257,-0.622851137116966
KGHM,2017-12-28,20,xgboost,,0,retain,1,10,-0.015559110743281085,1.1039263775697576
KGHM,2017-12-28,20,xgboost,,0,retain,10,10,-0.016792653148788257,-0.622851137116966
KGHM,2017-12-28,20,xgboost,,1,reset,1,10,-0.014508928754408934,1.2193481934026635
KGHM,2017-12-28,20,xgboost,,1,reset,10,10,-0.016750195721834463,-0.6041376705078976
KGHM,2017-12-28,20,xgboost,,1,retain,1,10,-0.014508928754408934,1.2193481934026635
KGHM,2017-12-28,20,xgboost,,1,retain,10,10,-0.016750195721834463,-0.6041376705078976
KGHM,2017-12-28,20,xgboost,,5,reset,1,10,-0.01467952330080382,1.3282580449171062
KGHM,2017-12-28,20,xgboost,,5,reset,10,10,-0.014538262799527999,-0.33214108915604057
KGHM,2017-12-28,20,xgboost,,5,retain,1,10,-0.01467952330080382,1.3282580449171062
KGHM,2017-12-28,20,xgboost,,5,retain,10,10,-0.014538262799527999,-0.33214108915604057
KGHM,2017-12-28,50,linear,,0,reset,1,10,-0.051754337597324465,0.7415823213685475
KGHM,2017-12-28,50,linear,,0,reset,10,10,-0.04072134750091205,0.4733780318523778
KGHM,2017-12-28,50,linear,,0,retain,1,10,-0.051754337597324465,0.7415823213685475
KGHM,2017-12-28,50,linear,,0,retain,10,10,-0.04072134750091205,0.4733780318523778
KGHM,2017-12-28,50,linear,,1,reset,1,10,-0.05463143348704125,0.6592404941156673
KGHM,2017-12-28,50,linear,,1,reset,10,10,-0.04289226782667991,0.3476960893467234
KGHM,2017-12-28,50,linear,,1,retain,1,10,-0.05463143348704125,0.6592404941156673
KGHM,2017-12-28,50,linear,,1,retain,10,10,-0.04289226782667991,0.3476960893467234
KGHM,2017-12-28,50,linear,,5,reset,1,10,-0.055645301383370704,0.6658849797928076
KGHM,2017-12-28,50,linear,,5,reset,10,10,-0.039216148493120356,0.33790621384141184
KGHM,2017-12-28,50,linear,,5,retain,1,10,-0.055645301383370704,0.6658849797928076
KGHM,2017-12-28,50,linear,,5,retain,10,10,-0.039216148493120356,0.33790621384141184
KGHM,2017-12-28,50,xgboost,,0,reset,1,10,-0.06684958001505806,-0.1149047360513904
KGHM,2017-12-28,50,xgboost,,0,reset,10,10,-0.07132157240193944,-0.5103069023482933
KGHM,2017-12-28,50,xgboost,,0,retain,1,10,-0.06684958001505806,-0.1149047360513904
KGHM,2017-12-28,50,xgboost,,0,retain,10,10,-0.07132157240193944,-0.5103069023482933
KGHM,2017-12-28,50,xgboost,,1,reset,1,10,-0.06575140952183925,-0.1505967807090156
KGHM,2017-12-28,50,xgboost,,1,reset,10,10,-0.07108116439714679,-0.48425397764058764
KGHM,2017-12-28,50,xgboost,,1,retain,1,10,-0.06575140952183925,-0.1505967807090156
KGHM,2017-12-28,50,xgboost,,1,retain,10,10,-0.07108116439714679,-0.48425397764058764
KGHM,2017-12-28,50,xgboost,,5,reset,1,10,-0.059383695812777595,0.08695802102309186
KGHM,2017-12-28,50,xgboost,,5,reset,10,10,-0.05637819136027548,-0.12889330796667242
KGHM,2017-12-28,50,xgboost,,5,retain,1,10,-0.059383695812777595,0.08695802102309186
KGHM,2017-12-28,50,xgboost,,5,retain,10,10,-0.05637819136027548,-0.12889330796667242
KGHM,2017-12-29,10,linear,,0,reset,1,10,-0.0021799770665617483,-1.0432533005172908
KGHM,2017-12-29,10,linear,,0,reset,10,10,-0.00566699760123823,
KGHM,2017-12-29,10,linear,,0,retain,1,10,-0.0021799770665617483,-1.0432533005172908
KGHM,2017-12-29,10,linear,,0,retain,10,10,-0.00566699760123823,
KGHM,2017-12-29,10,linear,,1,reset,1,10,-0.0025643544881908914,-0.7208454094179528
KGHM,2017-12-29,10,linear,,1,reset,10,10,-0.006051375022867373,
KGHM,2017-12-29,10,linear,,1,retain,1,10,-0.0025643544881908914,-0.7208454094179528
KGHM,2017-12-29,10,linear,,1,retain,10,10,-0.006051375022867373,
KGHM,2017-12-29,10,linear,,5,reset,1,10,-0.004536129142206235,-0.9984520806411397
KGHM,2017-12-29,10,linear,,5,reset,10,10,-0.0077018103298856595,-3.0386626575686595
KGHM,2017-12-29,10,linear,,5,retain,1,10,-0.004536129142206235,-0.9984520806411397
KGHM,2017-12-29,10,linear,,5,retain,10,10,-0.0077018103298856595,-3.0386626575686595
KGHM,2017-12-29,10,xgboost,,0,reset,1,10,-0.001508022464064848,0.2120609774670854
KGHM,2017-12-29,10,xgboost,,0,reset,10,10,-0.002497036590313351,1.703485287683681
KGHM,2017-12-29,10,xgboost,,0,retain,1,10,-0.001508022464064848,0.2120609774670854
KGHM,2017-12-29,10,xgboost,,0,retain,10,10,-0.002497036590313351,1.703485287683681
KGHM,2017-12-29,10,xgboost,,1,reset,1,10,-0.0019828445444734564,0.3432448689531097
KGHM,2017-12-29,10,xgboost,,1,reset,10,10,-0.0023911385778067444,-2.9877392030194416
KGHM,2017-12-29,10,xgboost,,1,retain,1,10,-0.0019828445444734564,0.3432448689531097
KGHM,2017-12-29,10,xgboost,,1,retain,10,10,-0.0023911385778067444,-2.9877392030194416
KGHM,2017-12-29,10,xgboost,,5,reset,1,10,-0.002774250646422603,-0.48601739948213024
KGHM,2017-12-29,10,xgboost,,5,reset,10,10,-0.002801440038209504,-0.360742585913827
KGHM,2017-12-29,10,xgboost,,5,retain,1,10,-0.002774250646422603,-0.48601739948213024
KGHM,2017-12-29,10,xgboost,,5,retain,10,10,-0.002801440038209504,-0.360742585913827
KGHM,2017-12-29,20,linear,,0,reset,1,10,-0.01598900276176886,-1.1615284582614636
KGHM,2017-12-29,20,linear,,0,reset,10,10,-0.02157672031104258,-8.896533530600209
KGHM,2017-12-29,20,linear,,0,retain,1,10,-0.01598900276176886,-1.1615284582614636
KGHM,2017-12-29,20,linear,,0,retain,10,10,-0.02157672031104258,-8.896533530600209
KGHM,2017-12-29,20,linear,,1,reset,1,10,-0.01746849893983722,-0.9799778934043295
KGHM,2017-12-29,20,linear,,1,reset,10,10,-0.021507029812116364,-8.159867851409896
KGHM,2017-12-29,20,linear,,1,retain,1,10,-0.01746849893983722,-0.9799778934043295
KGHM,2017-12-29,20,linear,,1,retain,10,10,-0.021507029812116364,-8.159867851409896
KGHM,2017-12-29,20,linear,,5,reset,1,10,-0.021434238277539902,-0.454033372376194
KGHM,2017-12-29,20,linear,,5,reset,10,10,-0.015038696923842469,-4.660994324149888
KGHM,2017-12-29,20,linear,,5,retain,1,10,-0.021434238277539902,-0.454033372376194
KGHM,2017-12-29,20,linear,,5,retain,10,10,-0.015038696923842469,-4.660994324149888
KGHM,2017-12-29,20,xgboost,7.0,0,reset,1,10,-0.01870422400257162,1.3319766451531931
KGHM,2017-12-29,20,xgboost,7.0,0,reset,10,10,-0.03351971764871042,-2.4669256500484447
KGHM,2017-12-29,20,xgboost,7.0,0,retain,1,10,-0.01870422400257162,1.3319766451531931
KGHM,2017-12-29,20,xgboost,7.0,0,retain,10,10,-0.03351971764871042,-2.4669256500484447
KGHM,2017-12-29,20,xgboost,7.0,1,reset,1,10,-0.0198988701272208,1.1740405569056311
KGHM,2017-12-29,20,xgboost,7.0,1,reset,10,10,-0.03280056856319343,-2.234519313254151
KGHM,2017-12-29,20,xgboost,7.0,1,retain,1,10,-0.0198988701272208,1.1740405569056311
KGHM,2017-12-29,20,xgboost,7.0,1,retain,10,10,-0.03280056856319343,-2.234519313254151
KGHM,2017-12-29,20,xgboost,7.0,5,reset,1,10,-0.024825558213716105,0.517795007784531
KGHM,2017-12-29,20,xgboost,7.0,5,reset,10,10,-0.02938832295793246,-2.0097043398777092
KGHM,2017-12-29,20,xgboost,7.0,5,retain,1,10,-0.024825558213716105,0.517795007784531
KGHM,2017-12-29,20,xgboost,7.0,5,retain,10,10,-0.02938832295793246,-2.0097043398777092
KGHM,2017-12-29,20,xgboost,,0,reset,1,10,-0.018104781406234983,-0.24195259377383105
KGHM,2017-12-29,20,xgboost,,0,reset,10,10,-0.01975237707428698,-5.6884641818092865
KGHM,2017-12-29,20,xgboost,,0,retain,1,10,-0.018104781406234983,-0.24195259377383105
KGHM,2017-12-29,20,xgboost,,0,retain,10,10,-0.01975237707428698,-5.6884641818092865
KGHM,2017-12-29,20,xgboost,,1,reset,1,10,-0.019047479108611154,-0.22249209941519865
KGHM,2017-12-29,20,xgboost,,1,reset,10,10,-0.02017317863452049,-5.7018712435033905
KGHM,2017-12-29,20,xgboost,,1,retain,1,10,-0.019047479108611154,-0.22249209941519865
KGHM,2017-12-29,20,xgboost,,1,retain,10,10,-0.02017317863452049,-5.7018712435033905
KGHM,2017-12-29,20,xgboost,,5,reset,1,10,-0.026772246810396368,0.6065189954424236
KGHM,2017-12-29,20,xgboost,,5,reset,10,10,-0.019589349252466026,-3.313052803601064
KGHM,2017-12-29,20,xgboost,,5,retain,1,10,-0.026772246810396368,0.6065189954424236
KGHM,2017-12-29,20,xgboost,,5,retain,10,10,-0.019589349252466026,-3.313052803601064
KGHM,2017-12-29,50,linear,,0,reset,1,10,-0.0804272641230051,1.0917709144472498
KGHM,2017-12-29,50,linear,,0,reset,10,10,-0.006754091898707126,-1.546865830738601
KGHM,2017-12-29,50,linear,,0,retain,1,10,-0.0804272641230051,1.0917709144472498
KGHM,2017-12-29,50,linear,,0,retain,10,10,-0.006754091898707126,-1.546865830738601
KGHM,2017-12-29,50,linear,,1,reset,1,10,-0.07948866156721998,1.1388463448977455
KGHM,2017-12-29,50,linear,,1,reset,10,10,-0.004948286671199731,-1.453927594049401
KGHM,2017-12-29,50,linear,,1,retain,1,10,-0.07948866156721998,1.1388463448977455
KGHM,2017-12-29,50,linear,,1,retain,10,10,-0.004948286671199731,-1.453927594049401
KGHM,2017-12-29,50,linear,,5,reset,1,10,-0.07819426323196942,1.4256903315107217
KGHM,2017-12-29,50,linear,,5,reset,10,10,0.017851507848051562,-0.933518715801279
KGHM,2017-12-29,50,linear,,5,retain,1,10,-0.07819426323196942,1.4256903315107217
KGHM,2017-12-29,50,linear,,5,retain,10,10,0.017851507848051562,-0.933518715801279
KGHM,2017-12-29,50,xgboost,,0,reset,1,10,-0.09543297422430252,1.4360576677489516
KGHM,2017-12-29,50,xgboost,,0,reset,10,10,-0.038392994330245386,-1.9905842473687891
KGHM,2017-12-29,50,xgboost,,0,retain,1,10,-0.09543297422430252,1.4360576677489516
KGHM,2017-12-29,50,xgboost,,0,retain,10,10,-0.038392994330245386,-1.9905842473687891
KGHM,2017-12-29,50,xgboost,,1,reset,1,10,-0.09479493080881533,1.4166541741338252
KGHM,2017-12-29,50,xgboost,,1,reset,10,10,-0.03620447339861543,-1.7972260305738783
KGHM,2017-12-29,50,xgboost,,1,retain,1,10,-0.09479493080881533,1.4166541741338252
KGHM,2017-12-29,50,xgboost,,1,retain,10,10,-0.03620447339861543,-1.7972260305738783
KGHM,2017-12-29,50,xgboost,,5,reset,1,10,-0.09364904520328161,1.7156038431816958
KGHM,2017-12-29,50,xgboost,,5,reset,10,10,-0.020192756296348924,-1.2412535341609723
KGHM,2017-12-29,50,xgboost,,5,retain,1,10,-0.09364904520328161,1.7156038431816958
KGHM,2017-12-29,50,xgboost,,5,retain,10,10,-0.020192756296348924,-1.2412535341609723
KGHM,all,10,linear,,0,reset,1,10,-0.0016041114445195957,-0.11106758986143828
KGHM,all,10,linear,,0,reset,10,10,-0.005503601739780193,-1.405397450318972
KGHM,all,10,linear,,0,retain,1,10,-0.0016041114445195957,-0.11106758986143828
KGHM,all,10,linear,,0,retain,10,10,-0.005503601739780193,-1.405397450318972
KGHM,all,10,linear,,1,reset,1,10,-0.0023495310127714768,-0.7365963739747592
KGHM,all,10,linear,,1,reset,10,10,-0.006134316100415649,-1.7940711542821157
KGHM,all,10,linear,,1,retain,1,10,-0.0023495310127714768,-0.7365963739747592
KGHM,all,10,linear,,1,retain,10,10,-0.006134316100415649,-1.7940711542821157
KGHM,all,10,linear,,5,reset,1,10,-0.0028662507407474173,-0.55423211533534
KGHM,all,10,linear,,5,reset,10,10,-0.007224403997166298,-2.71515132501138
KGHM,all,10,linear,,5,retain,1,10,-0.0028662507407474173,-0.55423211533534
KGHM,all,10,linear,,5,retain,10,10,-0.007224403997166298,-2.71515132501138
KGHM,all,10,xgboost,,0,reset,1,10,-0.0012095496331370405,-0.23172503797715904
KGHM,all,10,xgboost,,0,reset,10,10,-0.0033883828070471935,0.5208492458937645
KGHM,all,10,xgboost,,0,retain,1,10,-0.0012095496331370405,-0.23172503797715904
KGHM,all,10,xgboost,,0,retain,10,10,-0.0033883828070471935,0.5208492458937645
KGHM,all,10,xgboost,,1,reset,1,10,-0.001381950655686717,-0.14070891848597433
KGHM,all,10,xgboost,,1,reset,10,10,-0.003101778763934749,-1.8223879015810867
KGHM,all,10,xgboost,,1,retain,1,10,-0.001381950655686717,-0.14070891848597433
KGHM,all,10,xgboost,,1,retain,10,10,-0.003101778763934749,-1.8223879015810867
KGHM,all,10,xgboost,,5,reset,1,10,-0.0023022576989344097,0.14952735916423376
KGHM,all,10,xgboost,,5,reset,10,10,-0.004250996194266275,-0.28497360929366955
KGHM,all,10,xgboost,,5,retain,1,10,-0.0023022576989344097,0.14952735916423376
KGHM,all,10,xgboost,,5,retain,10,10,-0.004250996194266275,-0.28497360929366955
KGHM,all,20,linear,,0,reset,1,10,-0.010675178270213227,-0.6092710812724873
KGHM,all,20,linear,,0,reset,10,10,-0.020653031058213055,-2.0351765654270135
KGHM,all,20,linear,,0,retain,1,10,-0.010675178270213227,-0.6092710812724873
KGHM,all,20,linear,,0,retain,10,10,-0.020653031058213055,-2.0351765654270135
KGHM,all,20,linear,,1,reset,1,10,-0.011765397631195808,-0.756631443888074
KGHM,all,20,linear,,1,reset,10,10,-0.02139895055209364,-2.10796239292108
KGHM,all,20,linear,,1,retain,1,10,-0.011765397631195808,-0.756631443888074
KGHM,all,20,linear,,1,retain,10,10,-0.02139895055209364,-2.10796239292108
KGHM,all,20,linear,,5,reset,1,10,-0.013486521995448284,-0.43639040454917966
KGHM,all,20,linear,,5,reset,10,10,-0.018416213862201575,-1.648008191765789
KGHM,all,20,linear,,5,retain,1,10,-0.013486521995448284,-0.43639040454917966
KGHM,all,20,linear,,5,retain,10,10,-0.018416213862201575,-1.648008191765789
KGHM,all,20,xgboost,7.0,0,reset,1,10,0.0012047398018045566,-0.1153156381012328
KGHM,all,20,xgboost,7.0,0,reset,10,10,-0.006482272589200491,1.445969204648785
KGHM,all,20,xgboost,7.0,0,retain,1,10,0.0012047398018045566,-0.1153156381012328
KGHM,all,20,xgboost,7.0,0,retain,10,10,-0.006482272589200491,1.445969204648785
KGHM,all,20,xgboost,7.0,1,reset,1,10,0.00040164542484336097,-0.13932432001177386
KGHM,all,20,xgboost,7.0,1,reset,10,10,-0.005334930986354437,1.374851105089801
KGHM,all,20,xgboost,7.0,1,retain,1,10,0.00040164542484336097,-0.13932432001177386
KGHM,all,20,xgboost,7.0,1,retain,10,10,-0.005334930986354437,1.374851105089801
KGHM,all,20,xgboost,7.0,5,reset,1,10,-0.0005161146591923446,-0.28011331070204015
KGHM,all,20,xgboost,7.0,5,reset,10,10,-0.0032696713365672897,1.0822804285931524
KGHM,all,20,xgboost,7.0,5,retain,1,10,-0.0005161146591923446,-0.28011331070204015
KGHM,all,20,xgboost,7.0,5,retain,10,10,-0.0032696713365672897,1.0822804285931524
KGHM,all,20,xgboost,,0,reset,1,10,-0.012409861594127623,-0.5159770162455135
KGHM,all,20,xgboost,,0,reset,10,10,-0.019272645025111227,-1.8760533182506114
KGHM,all,20,xgboost,,0,retain,1,10,-0.012409861594127623,-0.5159770162455135
KGHM,all,20,xgboost,,0,retain,10,10,-0.019272645025111227,-1.8760533182506114
KGHM,all,20,xgboost,,1,reset,1,10,-0.012698525945782177,-0.4227287781072566
KGHM,all,20,xgboost,,1,reset,10,10,-0.019903147861175637,-1.8783338372539096
KGHM,all,20,xgboost,,1,retain,1,10,-0.012698525945782177,-0.4227287781072566
KGHM,all,20,xgboost,,1,retain,10,10,-0.019903147861175637,-1.8783338372539096
KGHM,all,20,xgboost,,5,reset,1,10,-0.01631536011835831,0.0605935220030871
KGHM,all,20,xgboost,,5,reset,10,10,-0.01995646788779177,-1.216443936952285
KGHM,all,20,xgboost,,5,retain,1,10,-0.01631536011835831,0.0605935220030871
KGHM,all,20,xgboost,,5,retain,10,10,-0.01995646788779177,-1.216443936952285
KGHM,all,50,linear,,0,reset,1,10,-0.05318133778676352,0.5388735927913274
KGHM,all,50,linear,,0,reset,10,10,-0.05489794209321825,-0.03022218747755545
KGHM,all,50,linear,,0,retain,1,10,-0.05318133778676352,0.5388735927913274
KGHM,all,50,linear,,0,retain,10,10,-0.05489794209321825,-0.03022218747755545
KGHM,all,50,linear,,1,reset,1,10,-0.054559697538658754,0.4936409404769436
KGHM,all,50,linear,,1,reset,10,10,-0.0555870296247087,-0.06237395864270989
KGHM,all,50,linear,,1,retain,1,10,-0.054559697538658754,0.4936409404769436
KGHM,all,50,linear,,1,retain,10,10,-0.0555870296247087,-0.06237395864270989
KGHM,all,50,linear,,5,reset,1,10,-0.053870840868311225,0.5065256360015902
KGHM,all,50,linear,,5,reset,10,10,-0.04961406481013675,0.030799944975879123
KGHM,all,50,linear,,5,retain,1,10,-0.053870840868311225,0.5065256360015902
KGHM,all,50,linear,,5,retain,10,10,-0.04961406481013675,0.030799944975879123
KGHM,all,50,xgboost,,0,reset,1,10,-0.06191907694301214,0.31300426374663026
KGHM,all,50,xgboost,,0,reset,10,10,-0.07305953864049691,-1.0033887023419197
KGHM,all,50,xgboost,,0,retain,1,10,-0.06191907694301214,0.31300426374663026
KGHM,all,50,xgboost,,0,retain,10,10,-0.07305953864049691,-1.0033887023419197
KGHM,all,50,xgboost,,1,reset,1,10,-0.061404095353888785,0.2838215580270699
KGHM,all,50,xgboost,,1,reset,10,10,-0.0726594071719662,-0.9146878980982283
KGHM,all,50,xgboost,,1,retain,1,10,-0.061404095353888785,0.2838215580270699
KGHM,all,50,xgboost,,1,retain,10,10,-0.0726594071719662,-0.9146878980982283
KGHM,all,50,xgboost,,5,reset,1,10,-0.05795997974841958,0.40920951815031137
KGHM,all,50,xgboost,,5,reset,10,10,-0.06060153252204999,-0.524752064866026
KGHM,all,50,xgboost,,5,retain,1,10,-0.05795997974841958,0.40920951815031137
KGHM,all,50,xgboost,,5,retain,10,10,-0.06060153252204999,-0.524752064866026
PEKAO,2017-12-27,10,linear,,0,reset,1,10,-0.0177276314306114,
PEKAO,2017-12-27,10,linear,,0,reset,10,10,-0.00844688897121465,-2.932077760253763
PEKAO,2017-12-27,10,linear,,0,retain,1,10,-0.0177276314306114,
PEKAO,2017-12-27,10,linear,,0,retain,10,10,-0.00844688897121465,-2.932077760253763
PEKAO,2017-12-27,10,linear,,1,reset,1,10,-0.01896772011574161,
PEKAO,2017-12-27,10,linear,,1,reset,10,10,-0.010267024060057157,-2.8656969948163713
PEKAO,2017-12-27,10,linear,,1,retain,1,10,-0.01896772011574161,
PEKAO,2017-12-27,10,linear,,1,retain,10,10,-0.010267024060057157,-2.8656969948163713
PEKAO,2017-12-27,10,linear,,5,reset,1,10,-0.01642388088793894,0.2816556742162524
PEKAO,2017-12-27,10,linear,,5,reset,10,10,-0.012544933924276906,-3.116792151838374
PEKAO,2017-12-27,10,linear,,5,retain,1,10,-0.01642388088793894,0.2816556742162524
PEKAO,2017-12-27,10,linear,,5,retain,10,10,-0.012544933924276906,-3.116792151838374
PEKAO,2017-12-27,10,xgboost,,0,reset,1,10,-0.017255454160017086,
PEKAO,2017-12-27,10,xgboost,,0,reset,10,10,-0.0097583376663608,-2.1456767078741716
PEKAO,2017-12-27,10,xgboost,,0,retain,1,10,-0.017255454160017086,
PEKAO,2017-12-27,10,xgboost,,0,retain,10,10,-0.0097583376663608,-2.1456767078741716
PEKAO,2017-12-27,10,xgboost,,1,reset,1,10,-0.018933309757311095,
PEKAO,2017-12-27,10,xgboost,,1,reset,10,10,-0.010859491994912018,-1.3189441360767122
PEKAO,2017-12-27,10,xgboost,,1,retain,1,10,-0.018933309757311095,
PEKAO,2017-12-27,10,xgboost,,1,retain,10,10,-0.010859491994912018,-1.3189441360767122
PEKAO,2017-12-27,10,xgboost,,5,reset,1,10,-0.014950673665295205,-0.14044887096233832
PEKAO,2017-12-27,10,xgboost,,5,reset,10,10,-0.011206878516620592,-1.1249807003305958
PEKAO,2017-12-27,10,xgboost,,5,retain,1,10,-0.014950673665295205,-0.14044887096233832
PEKAO,2017-12-27,10,xgboost,,5,retain,10,10,-0.011206878516620592,-1.1249807003305958
PEKAO,2017-12-27,20,linear,,0,reset,1,10,-0.04627962765008314,0.18456667381386477
PEKAO,2017-12-27,20,linear,,0,reset,10,10,-0.03263575101786531,-2.0257425342417283
PEKAO,2017-12-27,20,linear,,0,retain,1,10,-0.04627962765008314,0.18456667381386477
PEKAO,2017-12-27,20,linear,,0,retain,10,10,-0.03263575101786531,-2.0257425342417283
PEKAO,2017-12-27,20,linear,,1,reset,1,10,-0.04750748379446572,0.17431124100527534
PEKAO,2017-12-27,20,linear,,1,reset,10,10,-0.035158943949812664,-1.8927220217543843
PEKAO,2017-12-27,20,linear,,1,retain,1,10,-0.04750748379446572,0.17431124100527534
PEKAO,2017-12-27,20,linear,,1,retain,10,10,-0.035158943949812664,-1.8927220217543843
PEKAO,2017-12-27,20,linear,,5,reset,1,10,-0.052218932620532885,0.21453676405247551
PEKAO,2017-12-27,20,linear,,5,reset,10,10,-0.04250741183438886,-1.1016579833140812
PEKAO,2017-12-27,20,linear,,5,retain,1,10,-0.052218932620532885,0.21453676405247551
PEKAO,2017-12-27,20,linear,,5,retain,10,10,-0.04250741183438886,-1.1016579833140812
PEKAO,2017-12-27,20,xgboost,7.0,0,reset,1,10,0.035728595082489614,0.5639165251889633
PEKAO,2017-12-27,20,xgboost,7.0,0,reset,10,10,-0.02394331957759134,0.4047465104602821
PEKAO,2017-12-27,20,xgboost,7.0,0,retain,1,10,0.035728595082489614,0.5639165251889633
PEKAO,2017-12-27,20,xgboost,7.0,0,retain,10,10,-0.02394331957759134,0.4047465104602821
PEKAO,2017-12-27,20,xgboost,7.0,1,reset,1,10,0.0344400707329431,0.6812946379850103
PEKAO,2017-12-27,20,xgboost,7.0,1,reset,10,10,-0.021355874934889787,1.3153782630983781
PEKAO,2017-12-27,20,xgboost,7.0,1,retain,1,10,0.0344400707329431,0.6812946379850103
PEKAO,2017-12-27,20,xgboost,7.0,1,retain,10,10,-0.021355874934889787,1.3153782630983781
PEKAO,2017-12-27,20,xgboost,7.0,5,reset,1,10,0.026972027907646315,0.8838210466504729
PEKAO,2017-12-27,20,xgboost,7.0,5,reset,10,10,-0.030089610289513596,1.0401908768782042
PEKAO,2017-12-27,20,xgboost,7.0,5,retain,1,10,0.026972027907646315,0.8838210466504729
PEKAO,2017-12-27,20,xgboost,7.0,5,retain,10,10,-0.030089610289513596,1.0401908768782042
PEKAO,2017-12-27,20,xgboost,,0,reset,1,10,-0.04183832267131985,-0.09872169986216982
PEKAO,2017-12-27,20,xgboost,,0,reset,10,10,-0.02377730999432378,-1.9426967818336125
PEKAO,2017-12-27,20,xgboost,,0,retain,1,10,-0.04183832267131985,-0.09872169986216982
PEKAO,2017-12-27,20,xgboost,,0,retain,10,10,-0.02377730999432378,-1.9426967818336125
PEKAO,2017-12-27,20,xgboost,,1,reset,1,10,-0.04206663442071032,-0.0867016266577218
PEKAO,2017-12-27,20,xgboost,,1,reset,10,10,-0.02434231584013849,-1.8226109422300645
PEKAO,2017-12-27,20,xgboost,,1,retain,1,10,-0.04206663442071032,-0.0867016266577218
PEKAO,2017-12-27,20,xgboost,,1,retain,10,10,-0.02434231584013849,-1.8226109422300645
PEKAO,2017-12-27,20,xgboost,,5,reset,1,10,-0.04162449121807507,-0.1358853604170927
PEKAO,2017-12-27,20,xgboost,,5,reset,10,10,-0.02889112205307643,-1.0237414516882846
PEKAO,2017-12-27,20,xgboost,,5,retain,1,10,-0.04162449121807507,-0.1358853604170927
PEKAO,2017-12-27,20,xgboost,,5,retain,10,10,-0.02889112205307643,-1.0237414516882846
PEKAO,2017-12-27,50,linear,,0,reset,1,10,-0.0885781155692742,-0.4094270167341259
PEKAO,2017-12-27,50,linear,,0,reset,10,10,-0.07015877524216538,-0.739702940789593
PEKAO,2017-12-27,50,linear,,0,retain,1,10,-0.0885781155692742,-0.4094270167341259
PEKAO,2017-12-27,50,linear,,0,retain,10,10,-0.07015877524216538,-0.739702940789593
PEKAO,2017-12-27,50,linear,,1,reset,1,10,-0.08998552323070519,-0.38405337152624164
PEKAO,2017-12-27,50,linear,,1,reset,10,10,-0.07472508296913831,-0.6626627697605738
PEKAO,2017-12-27,50,linear,,1,retain,1,10,-0.08998552323070519,-0.38405337152624164
PEKAO,2017-12-27,50,linear,,1,retain,10,10,-0.07472508296913831,-0.6626627697605738
PEKAO,2017-12-27,50,linear,,5,reset,1,10,-0.07460045070186302,-0.15969968082892783
PEKAO,2017-12-27,50,linear,,5,reset,10,10,-0.07578953484616915,-0.3200450504894762
PEKAO,2017-12-27,50,linear,,5,retain,1,10,-0.07460045070186302,-0.15969968082892783
PEKAO,2017-12-27,50,linear,,5,retain,10,10,-0.07578953484616915,-0.3200450504894762
PEKAO,2017-12-27,50,xgboost,,0,reset,1,10,-0.11933614347883523,-0.47080622057111965
PEKAO,2017-12-27,50,xgboost,,0,reset,10,10,-0.09639203286556122,-0.5477499730991555
PEKAO,2017-12-27,50,xgboost,,0,retain,1,10,-0.11933614347883523,-0.47080622057111965
PEKAO,2017-12-27,50,xgboost,,0,retain,10,10,-0.09639203286556122,-0.5477499730991555
PEKAO,2017-12-27,50,xgboost,,1,reset,1,10,-0.12229228105893059,-0.4625619823646636
PEKAO,2017-12-27,50,xgboost,,1,reset,10,10,-0.10204062169753576,-0.4710445487474868
PEKAO,2017-12-27,50,xgboost,,1,retain,1,10,-0.12229228105893059,-0.4625619823646636
PEKAO,2017-12-27,50,xgboost,,1,retain,10,10,-0.10204062169753576,-0.4710445487474868
PEKAO,2017-12-27,50,xgboost,,5,reset,1,10,-0.10359356205622713,-0.1572564879018804
PEKAO,2017-12-27,50,xgboost,,5,reset,10,10,-0.10065178244184517,-0.032739537742337066
PEKAO,2017-12-27,50,xgboost,,5,retain,1,10,-0.10359356205622713,-0.1572564879018804
PEKAO,2017-12-27,50,xgboost,,5,retain,10,10,-0.10065178244184517,-0.032739537742337066
PEKAO,2017-12-28,10,linear,,0,reset,1,10,0.0006951478465682948,-1.4441311032756212
PEKAO,2017-12-28,10,linear,,0,reset,10,10,0.006842282888803151,0.7442953188337483
PEKAO,2017-12-28,10,linear,,0,retain,1,10,0.0006951478465682948,-1.4441311032756212
PEKAO,2017-12-28,10,linear,,0,retain,10,10,0.006842282888803151,0.7442953188337483
PEKAO,2017-12-28,10,linear,,1,reset,1,10,-0.0034894806099048208,-1.322914836510234
PEKAO,2017-12-28,10,linear,,1,reset,10,10,0.006481746210532713,1.0729063926201632
PEKAO,2017-12-28,10,linear,,1,retain,1,10,-0.0034894806099048208,-1.322914836510234
PEKAO,2017-12-28,10,linear,,1,retain,10,10,0.006481746210532713,1.0729063926201632
PEKAO,2017-12-28,10,linear,,5,reset,1,10,-0.004855872307264579,-0.6727346077528631
PEKAO,2017-12-28,10,linear,,5,reset,10,10,0.010234659786349999,1.8512018346149766
PEKAO,2017-12-28,10,linear,,5,retain,1,10,-0.004855872307264579,-0.6727346077528631
PEKAO,2017-12-28,10,linear,,5,retain,10,10,0.010234659786349999,1.8512018346149766
PEKAO,2017-12-28,10,xgboost,,0,reset,1,10,-0.006101687161543936,-1.6819076698610738
PEKAO,2017-12-28,10,xgboost,,0,reset,10,10,0.009131495278712933,0.6075842982206427
PEKAO,2017-12-28,10,xgboost,,0,retain,1,10,-0.006101687161543936,-1.6819076698610738
PEKAO,2017-12-28,10,xgboost,,0,retain,10,10,0.009131495278712933,0.6075842982206427
PEKAO,2017-12-28,10,xgboost,,1,reset,1,10,-0.005289078937810766,-1.4941851142142126
PEKAO,2017-12-28,10,xgboost,,1,reset,10,10,0.00862817551002585,0.7978868084027604
PEKAO,2017-12-28,10,xgboost,,1,retain,1,10,-0.005289078937810766,-1.4941851142142126
PEKAO,2017-12-28,10,xgboost,,1,retain,10,10,0.00862817551002585,0.7978868084027604
PEKAO,2017-12-28,10,xgboost,,5,reset,1,10,0.0006756230714187565,-1.233273583501959
PEKAO,2017-12-28,10,xgboost,,5,reset,10,10,0.019340745715907652,0.6814495508702467
PEKAO,2017-12-28,10,xgboost,,5,retain,1,10,0.0006756230714187565,-1.233273583501959
PEKAO,2017-12-28,10,xgboost,,5,retain,10,10,0.019340745715907652,0.6814495508702467
PEKAO,2017-12-28,20,linear,,0,reset,1,10,-0.019199585369434252,-0.9887656208982544
PEKAO,2017-12-28,20,linear,,0,reset,10,10,-0.023748405849705063,0.9343088261977658
PEKAO,2017-12-28,20,linear,,0,retain,1,10,-0.019199585369434252,-0.9887656208982544
PEKAO,2017-12-28,20,linear,,0,retain,10,10,-0.023748405849705063,0.9343088261977658
PEKAO,2017-12-28,20,linear,,1,reset,1,10,-0.024923015359510838,-1.082759321996949
PEKAO,2017-12-28,20,linear,,1,reset,10,10,-0.02807394250282135,1.0561769305742383
PEKAO,2017-12-28,20,linear,,1,retain,1,10,-0.024923015359510838,-1.082759321996949
PEKAO,2017-12-28,20,linear,,1,retain,10,10,-0.02807394250282135,1.0561769305742383
PEKAO,2017-12-28,20,linear,,5,reset,1,10,-0.018738342586894045,-0.7960883449839252
PEKAO,2017-12-28,20,linear,,5,reset,10,10,-0.028772949892209063,1.3668308573370576
PEKAO,2017-12-28,20,linear,,5,retain,1,10,-0.018738342586894045,-0.7960883449839252
PEKAO,2017-12-28,20,linear,,5,retain,10,10,-0.028772949892209063,1.3668308573370576
PEKAO,2017-12-28,20,xgboost,7.0,0,reset,1,10,0.005096259520750358,0.6104956688659327
PEKAO,2017-12-28,20,xgboost,7.0,0,reset,10,10,0.039293856123772446,0.582835091505212
PEKAO,2017-12-28,20,xgboost,7.0,0,retain,1,10,0.005096259520750358,0.6104956688659327
PEKAO,2017-12-28,20,xgboost,7.0,0,retain,10,10,0.039293856123772446,0.582835091505212
PEKAO,2017-12-28,20,xgboost,7.0,1,reset,1,10,-0.0006698102364937966,0.7001906186796851
PEKAO,2017-12-28,20,xgboost,7.0,1,reset,10,10,0.03583794979830299,0.5427878462718942
PEKAO,2017-12-28,20,xgboost,7.0,1,retain,1,10,-0.0006698102364937966,0.7001906186796851
PEKAO,2017-12-28,20,xgboost,7.0,1,retain,10,10,0.03583794979830299,0.5427878462718942
PEKAO,2017-12-28,20,xgboost,7.0,5,reset,1,10,-0.002827809947150123,0.36124611141546803
PEKAO,2017-12-28,20,xgboost,7.0,5,reset,10,10,0.03732776134237904,1.0940248540061392
PEKAO,2017-12-28,20,xgboost,7.0,5,retain,1,10,-0.002827809947150123,0.36124611141546803
PEKAO,2017-12-28,20,xgboost,7.0,5,retain,10,10,0.03732776134237904,1.0940248540061392
PEKAO,2017-12-28,20,xgboost,,0,reset,1,10,-0.020585056741531223,-1.133939194929056
PEKAO,2017-12-28,20,xgboost,,0,reset,10,10,-0.00363721156441843,0.47487820320404467
PEKAO,2017-12-28,20,xgboost,,0,retain,1,10,-0.020585056741531223,-1.133939194929056
PEKAO,2017-12-28,20,xgboost,,0,retain,10,10,-0.00363721156441843,0.47487820320404467
PEKAO,2017-12-28,20,xgboost,,1,reset,1,10,-0.020030578128051833,-1.322095289167466
PEKAO,2017-12-28,20,xgboost,,1,reset,10,10,-0.006308539402551945,0.2923549475098305
PEKAO,2017-12-28,20,xgboost,,1,retain,1,10,-0.020030578128051833,-1.322095289167466
PEKAO,2017-12-28,20,xgboost,,1,retain,10,10,-0.006308539402551945,0.2923549475098305
PEKAO,2017-12-28,20,xgboost,,5,reset,1,10,-0.017207451538480092,-1.472584208842695
PEKAO,2017-12-28,20,xgboost,,5,reset,10,10,-0.004126222923539723,0.46228330932927264
PEKAO,2017-12-28,20,xgboost,,5,retain,1,10,-0.017207451538480092,-1.472584208842695
PEKAO,2017-12-28,20,xgboost,,5,retain,10,10,-0.004126222923539723,0.46228330932927264
PEKAO,2017-12-28,50,linear,,0,reset,1,10,-0.052340443784468976,-0.518360627357952
PEKAO,2017-12-28,50,linear,,0,reset,10,10,-0.10682127195685254,1.1225979403196356
PEKAO,2017-12-28,50,linear,,0,retain,1,10,-0.052340443784468976,-0.518360627357952
PEKAO,2017-12-28,50,linear,,0,retain,10,10,-0.10682127195685254,1.1225979403196356
PEKAO,2017-12-28,50,linear,,1,reset,1,10,-0.05736536315415619,-0.5001146455809
PEKAO,2017-12-28,50,linear,,1,reset,10,10,-0.11099591100633124,1.2233283041014231
PEKAO,2017-12-28,50,linear,,1,retain,1,10,-0.05736536315415619,-0.5001146455809
PEKAO,2017-12-28,50,linear,,1,retain,10,10,-0.11099591100633124,1.2233283041014231
PEKAO,2017-12-28,50,linear,,5,reset,1,10,-0.05708694792547775,-0.46998494952741
PEKAO,2017-12-28,50,linear,,5,reset,10,10,-0.0985454882505811,1.3293687540644377
PEKAO,2017-12-28,50,linear,,5,retain,1,10,-0.05708694792547775,-0.46998494952741
PEKAO,2017-12-28,50,linear,,5,retain,10,10,-0.0985454882505811,1.3293687540644377
PEKAO,2017-12-28,50,xgboost,,0,reset,1,10,-0.011921394176772904,-0.45338583646465414
PEKAO,2017-12-28,50,xgboost,,0,reset,10,10,-0.04949964422565331,1.0955338032482227
PEKAO,2017-12-28,50,xgboost,,0,retain,1,10,-0.011921394176772904,-0.45338583646465414
PEKAO,2017-12-28,50,xgboost,,0,retain,10,10,-0.04949964422565331,1.0955338032482227
PEKAO,2017-12-28,50,xgboost,,1,reset,1,10,-0.008563407606073298,-0.4318781846005748
PEKAO,2017-12-28,50,xgboost,,1,reset,10,10,-0.05122797987227867,1.1494889665988066
PEKAO,2017-12-28,50,xgboost,,1,retain,1,10,-0.008563407606073298,-0.4318781846005748
PEKAO,2017-12-28,50,xgboost,,1,retain,10,10,-0.05122797987227867,1.1494889665988066
PEKAO,2017-12-28,50,xgboost,,5,reset,1,10,-0.007380591876139819,-0.1515730391026131
PEKAO,2017-12-28,50,xgboost,,5,reset,10,10,-0.02598717487725219,1.487767641178132
PEKAO,2017-12-28,50,xgboost,,5,retain,1,10,-0.007380591876139819,-0.1515730391026131
PEKAO,2017-12-28,50,xgboost,,5,retain,10,10,-0.02598717487725219,1.487767641178132
PEKAO,2017-12-29,10,linear,,0,reset,1,10,-0.00509559390954329,0.31744499067929266
PEKAO,2017-12-29,10,linear,,0,reset,10,10,0.004608984933215621,1.0156714953577675
PEKAO,2017-12-29,10,linear,,0,retain,1,10,-0.00509559390954329,0.31744499067929266
PEKAO,2017-12-29,10,linear,,0,retain,10,10,0.004608984933215621,1.0156714953577675
PEKAO,2017-12-29,10,linear,,1,reset,1,10,-0.006677704291471135,0.4942418880871708
PEKAO,2017-12-29,10,linear,,1,reset,10,10,0.004021899426909666,1.134282850709106
PEKAO,2017-12-29,10,linear,,1,retain,1,10,-0.006677704291471135,0.4942418880871708
PEKAO,2017-12-29,10,linear,,1,retain,10,10,0.004021899426909666,1.134282850709106
PEKAO,2017-12-29,10,linear,,5,reset,1,10,-0.005758139881323096,3.7479554148192027
PEKAO,2017-12-29,10,linear,,5,reset,10,10,0.003700769047975819,1.507258908649564
PEKAO,2017-12-29,10,linear,,5,retain,1,10,-0.005758139881323096,3.7479554148192027
PEKAO,2017-12-29,10,linear,,5,retain,10,10,0.003700769047975819,1.507258908649564
PEKAO,2017-12-29,10,xgboost,,0,reset,1,10,0.000792707157012836,0.40070252653771166
PEKAO,2017-12-29,10,xgboost,,0,reset,10,10,0.004127232542899578,1.6807844517815824
PEKAO,2017-12-29,10,xgboost,,0,retain,1,10,0.000792707157012836,0.40070252653771166
PEKAO,2017-12-29,10,xgboost,,0,retain,10,10,0.004127232542899578,1.6807844517815824
PEKAO,2017-12-29,10,xgboost,,1,reset,1,10,-0.00010770001397493196,1.315930796689059
PEKAO,2017-12-29,10,xgboost,,1,reset,10,10,0.0032268253719118104,2.5960127219329294
PEKAO,2017-12-29,10,xgboost,,1,retain,1,10,-0.00010770001397493196,1.315930796689059
PEKAO,2017-12-29,10,xgboost,,1,retain,10,10,0.0032268253719118104,2.5960127219329294
PEKAO,2017-12-29,10,xgboost,,5,reset,1,10,0.0020267941807429147,2.182591699217191
PEKAO,2017-12-29,10,xgboost,,5,reset,10,10,0.003387989326189435,2.4161594854868413
PEKAO,2017-12-29,10,xgboost,,5,retain,1,10,0.0020267941807429147,2.182591699217191
PEKAO,2017-12-29,10,xgboost,,5,retain,10,10,0.003387989326189435,2.4161594854868413
PEKAO,2017-12-29,20,linear,,0,reset,1,10,-0.02025829023686262,-0.38989566852122337
PEKAO,2017-12-29,20,linear,,0,reset,10,10,0.008741277744375418,2.155000317771558
PEKAO,2017-12-29,20,linear,,0,retain,1,10,-0.02025829023686262,-0.38989566852122337
PEKAO,2017-12-29,20,linear,,0,retain,10,10,0.008741277744375418,2.155000317771558
PEKAO,2017-12-29,20,linear,,1,reset,1,10,-0.017820407548544685,-0.3382326312617423
PEKAO,2017-12-29,20,linear,,1,reset,10,10,0.012828237764051748,2.1245723080333017
PEKAO,2017-12-29,20,linear,,1,retain,1,10,-0.017820407548544685,-0.3382326312617423
PEKAO,2017-12-29,20,linear,,1,retain,10,10,0.012828237764051748,2.1245723080333017
PEKAO,2017-12-29,20,linear,,5,reset,1,10,-0.005658274635106025,0.5580716380956527
PEKAO,2017-12-29,20,linear,,5,reset,10,10,0.014905818434078691,2.3234406260522427
PEKAO,2017-12-29,20,linear,,5,retain,1,10,-0.005658274635106025,0.5580716380956527
PEKAO,2017-12-29,20,linear,,5,retain,10,10,0.014905818434078691,2.3234406260522427
PEKAO,2017-12-29,20,xgboost,7.0,0,reset,1,10,0.04433545200429781,0.6512908320273646
PEKAO,2017-12-29,20,xgboost,7.0,0,reset,10,10,-0.019609737277818694,-1.9239162976041184
PEKAO,2017-12-29,20,xgboost,7.0,0,retain,1,10,0.04433545200429781,0.6512908320273646
PEKAO,2017-12-29,20,xgboost,7.0,0,retain,10,10,-0.019609737277818694,-1.9239162976041184
PEKAO,2017-12-29,20,xgboost,7.0,1,reset,1,10,0.03842440428151132,0.33820538655728793
PEKAO,2017-12-29,20,xgboost,7.0,1,reset,10,10,-0.02123262033508204,-2.08240583105028
PEKAO,2017-12-29,20,xgboost,7.0,1,retain,1,10,0.03842440428151132,0.33820538655728793
PEKAO,2017-12-29,20,xgboost,7.0,1,retain,10,10,-0.02123262033508204,-2.08240583105028
PEKAO,2017-12-29,20,xgboost,7.0,5,reset,1,10,0.029051110626577004,-0.3634961165632957
PEKAO,2017-12-29,20,xgboost,7.0,5,reset,10,10,-0.020008993689592008,-1.6640629990346638
PEKAO,2017-12-29,20,xgboost,7.0,5,retain,1,10,0.029051110626577004,-0.3634961165632957
PEKAO,2017-12-29,20,xgboost,7.0,5,retain,10,10,-0.020008993689592008,-1.6640629990346638
PEKAO,2017-12-29,20,xgboost,,0,reset,1,10,-0.004414489235939869,0.6277177333571292
PEKAO,2017-12-29,20,xgboost,,0,reset,10,10,-0.008912063520276823,2.589508125542726
PEKAO,2017-12-29,20,xgboost,,0,retain,1,10,-0.004414489235939869,0.6277177333571292
PEKAO,2017-12-29,20,xgboost,,0,retain,10,10,-0.008912063520276823,2.589508125542726
PEKAO,2017-12-29,20,xgboost,,1,reset,1,10,-0.003810139041008357,0.5624814749464491
PEKAO,2017-12-29,20,xgboost,,1,reset,10,10,-0.008856448158211964,2.5096746097916096
PEKAO,2017-12-29,20,xgboost,,1,retain,1,10,-0.003810139041008357,0.5624814749464491
PEKAO,2017-12-29,20,xgboost,,1,retain,10,10,-0.008856448158211964,2.5096746097916096
PEKAO,2017-12-29,20,xgboost,,5,reset,1,10,0.0011400394814202776,0.021582754023758755
PEKAO,2017-12-29,20,xgboost,,5,reset,10,10,-0.008224351217780725,1.6877165767970663
PEKAO,2017-12-29,20,xgboost,,5,retain,1,10,0.0011400394814202776,0.021582754023758755
PEKAO,2017-12-29,20,xgboost,,5,retain,10,10,-0.008224351217780725,1.6877165767970663
PEKAO,2017-12-29,50,linear,,0,reset,1,10,0.0015812368046248942,0.3605850524001649
PEKAO,2017-12-29,50,linear,,0,reset,10,10,0.0628988830516275,0.6229395736054912
PEKAO,2017-12-29,50,linear,,0,retain,1,10,0.0015812368046248942,0.3605850524001649
PEKAO,2017-12-29,50,linear,,0,retain,10,10,0.0628988830516275,0.6229395736054912
PEKAO,2017-12-29,50,linear,,1,reset,1,10,0.00880387959665914,0.30318805793862424
PEKAO,2017-12-29,50,linear,,1,reset,10,10,0.07197890446713143,0.5437684284371547
PEKAO,2017-12-29,50,linear,,1,retain,1,10,0.00880387959665914,0.30318805793862424
PEKAO,2017-12-29,50,linear,,1,retain,10,10,0.07197890446713143,0.5437684284371547
PEKAO,2017-12-29,50,linear,,5,reset,1,10,0.03478179443240412,0.16303186433234418
PEKAO,2017-12-29,50,linear,,5,reset,10,10,0.0933875528811767,0.3804068701109933
PEKAO,2017-12-29,50,linear,,5,retain,1,10,0.03478179443240412,0.16303186433234418
PEKAO,2017-12-29,50,linear,,5,retain,10,10,0.0933875528811767,0.3804068701109933
PEKAO,2017-12-29,50,xgboost,,0,reset,1,10,-0.123132754022523,0.006098630214273371
PEKAO,2017-12-29,50,xgboost,,0,reset,10,10,-0.05120762033268342,0.1641278423482604
PEKAO,2017-12-29,50,xgboost,,0,retain,1,10,-0.123132754022523,0.006098630214273371
PEKAO,2017-12-29,50,xgboost,,0,retain,10,10,-0.05120762033268342,0.1641278423482604
PEKAO,2017-12-29,50,xgboost,,1,reset,1,10,-0.11554628438524438,0.03768364337260133
PEKAO,2017-12-29,50,xgboost,,1,reset,10,10,-0.047117654191908304,0.057080717036791184
PEKAO,2017-12-29,50,xgboost,,1,retain,1,10,-0.11554628438524438,0.03768364337260133
PEKAO,2017-12-29,50,xgboost,,1,retain,10,10,-0.047117654191908304,0.057080717036791184
PEKAO,2017-12-29,50,xgboost,,5,reset,1,10,-0.082571483790447,0.4170290217714342
PEKAO,2017-12-29,50,xgboost,,5,reset,10,10,-0.03666444964811874,-0.11200880098522392
PEKAO,2017-12-29,50,xgboost,,5,retain,1,10,-0.082571483790447,0.4170290217714342
PEKAO,2017-12-29,50,xgboost,,5,retain,10,10,-0.03666444964811874,-0.11200880098522392
PEKAO,all,10,linear,,0,reset,1,10,-0.005572437089209946,-1.398751093752724
PEKAO,all,10,linear,,0,reset,10,10,0.001643250034059936,-0.21786558316857335
PEKAO,all,10,linear,,0,retain,1,10,-0.005572437089209946,-1.398751093752724
PEKAO,all,10,linear,,0,retain,10,10,0.001643250034059936,-0.21786558316857335
PEKAO,all,10,linear,,1,reset,1,10,-0.008011058170197179,-1.2675202418004385
PEKAO,all,10,linear,,1,reset,10,10,0.0006006270917418514,0.12548369858280006
PEKAO,all,10,linear,,1,retain,1,10,-0.008011058170197179,-1.2675202418004385
PEKAO,all,10,linear,,1,retain,10,10,0.0006006270917418514,0.12548369858280006
PEKAO,all,10,linear,,5,reset,1,10,-0.0071971870317026,-0.5266746830647091
PEKAO,all,10,linear,,5,reset,10,10,0.0009503559033564347,0.9005480859529523
PEKAO,all,10,linear,,5,retain,1,10,-0.0071971870317026,-0.5266746830647091
PEKAO,all,10,linear,,5,retain,10,10,0.0009503559033564347,0.9005480859529523
PEKAO,all,10,xgboost,,0,reset,1,10,-0.006017926081036831,-1.1804230151154746
PEKAO,all,10,xgboost,,0,reset,10,10,0.002859875116581482,0.23074206682725884
PEKAO,all,10,xgboost,,0,retain,1,10,-0.006017926081036831,-1.1804230151154746
PEKAO,all,10,xgboost,,0,retain,10,10,0.002859875116581482,0.23074206682725884
PEKAO,all,10,xgboost,,1,reset,1,10,-0.006245852937628183,-1.0924231903649106
PEKAO,all,10,xgboost,,1,reset,10,10,0.0021679183918401883,0.5363090985883456
PEKAO,all,10,xgboost,,1,retain,1,10,-0.006245852937628183,-1.0924231903649106
PEKAO,all,10,xgboost,,1,retain,10,10,0.0021679183918401883,0.5363090985883456
PEKAO,all,10,xgboost,,5,reset,1,10,-0.001942710218361685,-0.7478915013123119
PEKAO,all,10,xgboost,,5,reset,10,10,0.005783484799690314,0.5755359750307055
PEKAO,all,10,xgboost,,5,retain,1,10,-0.001942710218361685,-0.7478915013123119
PEKAO,all,10,xgboost,,5,retain,10,10,0.005783484799690314,0.5755359750307055
PEKAO,all,20,linear,,0,reset,1,10,-0.02392478527727688,-0.5927474044246078
PEKAO,all,20,linear,,0,reset,10,10,-0.015926623626071904,0.31722176490138926
PEKAO,all,20,linear,,0,retain,1,10,-0.02392478527727688,-0.5927474044246078
PEKAO,all,20,linear,,0,retain,10,10,-0.015926623626071904,0.31722176490138926
PEKAO,all,20,linear,,1,reset,1,10,-0.025674714474961,-0.6784585332756574
PEKAO,all,20,linear,,1,reset,10,10,-0.017206340584783042,0.41596705820335855
PEKAO,all,20,linear,,1,retain,1,10,-0.025674714474961,-0.6784585332756574
PEKAO,all,20,linear,,1,retain,10,10,-0.017206340584783042,0.41596705820335855
PEKAO,all,20,linear,,5,reset,1,10,-0.02126860413394746,-0.4674351178106415
PEKAO,all,20,linear,,5,reset,10,10,-0.01884078244445657,0.8254218006754088
PEKAO,all,20,linear,,5,retain,1,10,-0.02126860413394746,-0.4674351178106415
PEKAO,all,20,linear,,5,retain,10,10,-0.01884078244445657,0.8254218006754088
PEKAO,all,20,xgboost,7.0,0,reset,1,10,0.029114662394073565,0.6063963910311254
PEKAO,all,20,xgboost,7.0,0,reset,10,10,0.015610587888834918,0.2909767359608403
PEKAO,all,20,xgboost,7.0,0,retain,1,10,0.029114662394073565,0.6063963910311254
PEKAO,all,20,xgboost,7.0,0,retain,10,10,0.015610587888834918,0.2909767359608403
PEKAO,all,20,xgboost,7.0,1,reset,1,10,0.02480738246869585,0.5818366844158631
PEKAO,all,20,xgboost,7.0,1,reset,10,10,0.013864425542036943,0.26676117758477136
PEKAO,all,20,xgboost,7.0,1,retain,1,10,0.02480738246869585,0.5818366844158631
PEKAO,all,20,xgboost,7.0,1,retain,10,10,0.013864425542036943,0.26676117758477136
PEKAO,all,20,xgboost,7.0,5,reset,1,10,0.018170784338533294,0.3951609478227901
PEKAO,all,20,xgboost,7.0,5,reset,10,10,0.013048549181373797,0.6669706075651642
PEKAO,all,20,xgboost,7.0,5,retain,1,10,0.018170784338533294,0.3951609478227901
PEKAO,all,20,xgboost,7.0,5,retain,10,10,0.013048549181373797,0.6669706075651642
PEKAO,all,20,xgboost,,0,reset,1,10,-0.02023720321244497,-0.6065941780718928
PEKAO,all,20,xgboost,,0,reset,10,10,-0.009061417415006087,-0.05675807830338181
PEKAO,all,20,xgboost,,0,retain,1,10,-0.02023720321244497,-0.6065941780718928
PEKAO,all,20,xgboost,,0,retain,10,10,-0.009061417415006087,-0.05675807830338181
PEKAO,all,20,xgboost,,1,reset,1,10,-0.01953779555944196,-0.6553015307275667
PEKAO,all,20,xgboost,,1,reset,10,10,-0.009991811857462916,-0.1068233315411187
PEKAO,all,20,xgboost,,1,retain,1,10,-0.01953779555944196,-0.6553015307275667
PEKAO,all,20,xgboost,,1,retain,10,10,-0.009991811857462916,-0.1068233315411187
PEKAO,all,20,xgboost,,5,reset,1,10,-0.016274507470674535,-0.9055056322362774
PEKAO,all,20,xgboost,,5,reset,10,10,-0.010686614571955091,0.16135089940203187
PEKAO,all,20,xgboost,,5,retain,1,10,-0.016274507470674535,-0.9055056322362774
PEKAO,all,20,xgboost,,5,retain,10,10,-0.010686614571955091,0.16135089940203187
PEKAO,all,50,linear,,0,reset,1,10,-0.03981241076424935,-0.31318971767439263
PEKAO,all,50,linear,,0,reset,10,10,-0.042580494633691096,0.33936491286977905
PEKAO,all,50,linear,,0,retain,1,10,-0.03981241076424935,-0.31318971767439263
PEKAO,all,50,linear,,0,retain,10,10,-0.042580494633691096,0.33936491286977905
PEKAO,all,50,linear,,1,reset,1,10,-0.03981333598054043,-0.31525704838441526
PEKAO,all,50,linear,,1,reset,10,10,-0.04281381241250584,0.37578673052848466
PEKAO,all,50,linear,,1,retain,1,10,-0.03981333598054043,-0.31525704838441526
PEKAO,all,50,linear,,1,retain,10,10,-0.04281381241250584,0.37578673052848466
PEKAO,all,50,linear,,5,reset,1,10,-0.026051886564999543,-0.2642022913205342
PEKAO,all,50,linear,,5,reset,10,10,-0.030914605692953817,0.4841427609868521
PEKAO,all,50,linear,,5,retain,1,10,-0.026051886564999543,-0.2642022913205342
PEKAO,all,50,linear,,5,retain,10,10,-0.030914605692953817,0.4841427609868521
PEKAO,all,50,xgboost,,0,reset,1,10,-0.05906392653898432,-0.45916565224372285
PEKAO,all,50,xgboost,,0,reset,10,10,-0.06300050415956965,0.35685016155357696
PEKAO,all,50,xgboost,,0,retain,1,10,-0.05906392653898432,-0.45916565224372285
PEKAO,all,50,xgboost,,0,retain,10,10,-0.06300050415956965,0.35685016155357696
PEKAO,all,50,xgboost,,1,reset,1,10,-0.05672933827486762,-0.44756241456294443
PEKAO,all,50,xgboost,,1,reset,10,10,-0.06416448523894452,0.36254043242694495
PEKAO,all,50,xgboost,,1,retain,1,10,-0.05672933827486762,-0.44756241456294443
PEKAO,all,50,xgboost,,1,retain,10,10,-0.06416448523894452,0.36254043242694495
PEKAO,all,50,xgboost,,5,reset,1,10,-0.04343259405790925,-0.18022136733184269
PEKAO,all,50,xgboost,,5,reset,10,10,-0.05062941619030206,0.6054462046913424
PEKAO,all,50,xgboost,,5,retain,1,10,-0.04343259405790925,-0.18022136733184269
PEKAO,all,50,xgboost,,5,retain,10,10,-0.05062941619030206,0.6054462046913424
PKNORLEN,2017-12-27,10,linear,,0,reset,1,10,-0.001579011985715312,
PKNORLEN,2017-12-27,10,linear,,0,reset,10,10,0.000920988014284688,1.6636147687883307
PKNORLEN,2017-12-27,10,linear,,0,retain,1,10,-0.001579011985715312,
PKNORLEN,2017-12-27,10,linear,,0,retain,10,10,0.000920988014284688,1.6636147687883307
PKNORLEN,2017-12-27,10,linear,,1,reset,1,10,-0.0032555728059193013,
PKNORLEN,2017-12-27,10,linear,,1,reset,10,10,-0.00025557280591930126,1.0974334698752708
PKNORLEN,2017-12-27,10,linear,,1,retain,1,10,-0.0032555728059193013,
PKNORLEN,2017-12-27,10,linear,,1,retain,10,10,-0.00025557280591930126,1.0974334698752708
PKNORLEN,2017-12-27,10,linear,,5,reset,1,10,-0.004621772512893836,-2.321816291291411
PKNORLEN,2017-12-27,10,linear,,5,reset,10,10,-0.0006870636378231744,0.15353828907896683
PKNORLEN,2017-12-27,10,linear,,5,retain,1,10,-0.004621772512893836,-2.321816291291411
PKNORLEN,2017-12-27,10,linear,,5,retain,10,10,-0.0006870636378231744,0.15353828907896683
PKNORLEN,2017-12-27,10,xgboost,,0,reset,1,10,-0.0019932165293975942,
PKNORLEN,2017-12-27,10,xgboost,,0,reset,10,10,0.0005715436655241803,0.6641114419610918
PKNORLEN,2017-12-27,10,xgboost,,0,retain,1,10,-0.0019932165293975942,
PKNORLEN,2017-12-27,10,xgboost,,0,retain,10,10,0.0005715436655241803,0.6641114419610918
PKNORLEN,2017-12-27,10,xgboost,,1,reset,1,10,-0.0016919614647824559,-1.408679526690112
PKNORLEN,2017-12-27,10,xgboost,,1,reset,10,10,0.002418190933216037,0.5902352162115397
PKNORLEN,2017-12-27,10,xgboost,,1,retain,1,10,-0.0016919614647824559,-1.408679526690112
PKNORLEN,2017-12-27,10,xgboost,,1,retain,10,10,0.002418190933216037,0.5902352162115397
PKNORLEN,2017-12-27,10,xgboost,,5,reset,1,10,-0.004132147391206915,-1.8078044710640677
PKNORLEN,2017-12-27,10,xgboost,,5,reset,10,10,0.0017700691001749942,0.6870687092462099
PKNORLEN,2017-12-27,10,xgboost,,5,retain,1,10,-0.004132147391206915,-1.8078044710640677
PKNORLEN,2017-12-27,10,xgboost,,5,retain,10,10,0.0017700691001749942,0.6870687092462099
PKNORLEN,2017-12-27,20,linear,,0,reset,1,10,-0.010484784262757611,-1.7923664939025394
PKNORLEN,2017-12-27,20,linear,,0,reset,10,10,-0.0036703049553097524,0.4317731266176299
PKNORLEN,2017-12-27,20,linear,,0,retain,1,10,-0.010484784262757611,-1.7923664939025394
PKNORLEN,2017-12-27,20,linear,,0,retain,10,10,-0.0036703049553097524,0.4317731266176299
PKNORLEN,2017-12-27,20,linear,,1,reset,1,10,-0.009646107978016454,-1.5982717854902497
PKNORLEN,2017-12-27,20,linear,,1,reset,10,10,-0.00460596479213049,0.4082753409878396
PKNORLEN,2017-12-27,20,linear,,1,retain,1,10,-0.009646107978016454,-1.5982717854902497
PKNORLEN,2017-12-27,20,linear,,1,retain,10,10,-0.00460596479213049,0.4082753409878396
PKNORLEN,2017-12-27,20,linear,,5,reset,1,10,-0.006992770116481457,-1.4845155686943885
PKNORLEN,2017-12-27,20,linear,,5,reset,10,10,-0.0032000974350335255,0.5589232396660998
PKNORLEN,2017-12-27,20,linear,,5,retain,1,10,-0.006992770116481457,-1.4845155686943885
PKNORLEN,2017-12-27,20,linear,,5,retain,10,10,-0.0032000974350335255,0.5589232396660998
PKNORLEN,2017-12-27,20,xgboost,7.0,0,reset,1,10,-0.014929545986567873,-1.3756957299071197
PKNORLEN,2017-12-27,20,xgboost,7.0,0,reset,10,10,-0.012783506207911674,0.13725850784185709
PKNORLEN,2017-12-27,20,xgboost,7.0,0,retain,1,10,-0.014929545986567873,-1.3756957299071197
PKNORLEN,2017-12-27,20,xgboost,7.0,0,retain,10,10,-0.012783506207911674,0.13725850784185709
PKNORLEN,2017-12-27,20,xgboost,7.0,1,reset,1,10,-0.015202365688676053,-1.163583520778938
PKNORLEN,2017-12-27,20,xgboost,7.0,1,reset,10,10,-0.01275768559836069,0.08193707671511435
PKNORLEN,2017-12-27,20,xgboost,7.0,1,retain,1,10,-0.015202365688676053,-1.163583520778938
PKNORLEN,2017-12-27,20,xgboost,7.0,1,retain,10,10,-0.01275768559836069,0.08193707671511435
PKNORLEN,2017-12-27,20,xgboost,7.0,5,reset,1,10,-0.011646921292720283,-1.0801791174070767
PKNORLEN,2017-12-27,20,xgboost,7.0,5,reset,10,10,-0.011920043023060913,-0.25792522779225246
PKNORLEN,2017-12-27,20,xgboost,7.0,5,retain,1,10,-0.011646921292720283,-1.0801791174070767
PKNORLEN,2017-12-27,20,xgboost,7.0,5,retain,10,10,-0.011920043023060913,-0.25792522779225246
PKNORLEN,2017-12-27,20,xgboost,,0,reset,1,10,-0.007101718230871449,-2.1279579823840113
PKNORLEN,2017-12-27,20,xgboost,,0,reset,10,10,-0.003789185291407369,0.03272980259660552
PKNORLEN,2017-12-27,20,xgboost,,0,retain,1,10,-0.007101718230871449,-2.1279579823840113
PKNORLEN,2017-12-27,20,xgboost,,0,retain,10,10,-0.003789185291407369,0.03272980259660552
PKNORLEN,2017-12-27,20,xgboost,,1,reset,1,10,-0.005411535750144041,-1.821648171476813
PKNORLEN,2017-12-27,20,xgboost,,1,reset,10,10,-0.0027871175085786085,0.040220406342953596
PKNORLEN,2017-12-27,20,xgboost,,1,retain,1,10,-0.005411535750144041,-1.821648171476813
PKNORLEN,2017-12-27,20,xgboost,,1,retain,10,10,-0.0027871175085786085,0.040220406342953596
PKNORLEN,2017-12-27,20,xgboost,,5,reset,1,10,-0.0004216084017798563,-0.8447993635389005
PKNORLEN,2017-12-27,20,xgboost,,5,reset,10,10,-0.0015995814620481316,0.5199756493332058
PKNORLEN,2017-12-27,20,xgboost,,5,retain,1,10,-0.0004216084017798563,-0.8447993635389005
PKNORLEN,2017-12-27,20,xgboost,,5,retain,10,10,-0.0015995814620481316,0.5199756493332058
PKNORLEN,2017-12-27,50,linear,,0,reset,1,10,-0.007381006765772816,-1.4898998742748377
PKNORLEN,2017-12-27,50,linear,,0,reset,10,10,-0.025751031721543693,0.06863042752118204
PKNORLEN,2017-12-27,50,linear,,0,retain,1,10,-0.007381006765772816,-1.4898998742748377
PKNORLEN,2017-12-27,50,linear,,0,retain,10,10,-0.025751031721543693,0.06863042752118204
PKNORLEN,2017-12-27,50,linear,,1,reset,1,10,-0.0028591858956722865,-1.4190986132023105
PKNORLEN,2017-12-27,50,linear,,1,reset,10,10,-0.02141315714381232,0.1176757632740299
PKNORLEN,2017-12-27,50,linear,,1,retain,1,10,-0.0028591858956722865,-1.4190986132023105
PKNORLEN,2017-12-27,50,linear,,1,retain,10,10,-0.02141315714381232,0.1176757632740299
PKNORLEN,2017-12-27,50,linear,,5,reset,1,10,0.009722437823434613,-1.1197807694486286
PKNORLEN,2017-12-27,50,linear,,5,reset,10,10,-0.014273766087474465,0.3004063525084853
PKNORLEN,2017-12-27,50,linear,,5,retain,1,10,0.009722437823434613,-1.1197807694486286
PKNORLEN,2017-12-27,50,linear,,5,retain,10,10,-0.014273766087474465,0.3004063525084853
PKNORLEN,2017-12-27,50,xgboost,,0,reset,1,10,-0.012475401733282793,-1.5256084882028382
PKNORLEN,2017-12-27,50,xgboost,,0,reset,10,10,-0.03932422848753544,-0.021575828533208552
PKNORLEN,2017-12-27,50,xgboost,,0,retain,1,10,-0.012475401733282793,-1.5256084882028382
PKNORLEN,2017-12-27,50,xgboost,,0,retain,10,10,-0.03932422848753544,-0.021575828533208552
PKNORLEN,2017-12-27,50,xgboost,,1,reset,1,10,-0.0057081711513106426,-1.3385371120846241
PKNORLEN,2017-12-27,50,xgboost,,1,reset,10,10,-0.0349322061162282,0.06095468127342274
PKNORLEN,2017-12-27,50,xgboost,,1,retain,1,10,-0.0057081711513106426,-1.3385371120846241
PKNORLEN,2017-12-27,50,xgboost,,1,retain,10,10,-0.0349322061162282,0.06095468127342274
PKNORLEN,2017-12-27,50,xgboost,,5,reset,1,10,0.014667214278900387,-1.1747243008799442
PKNORLEN,2017-12-27,50,xgboost,,5,reset,10,10,-0.014601401071689613,0.06421418389162503
PKNORLEN,2017-12-27,50,xgboost,,5,retain,1,10,0.014667214278900387,-1.1747243008799442
PKNORLEN,2017-12-27,50,xgboost,,5,retain,10,10,-0.014601401071689613,0.06421418389162503
PKNORLEN,2017-12-28,10,linear,,0,reset,1,10,0.00010624335045748227,0.33012074453753215
PKNORLEN,2017-12-28,10,linear,,0,reset,10,10,-0.0018883384017748775,-0.558768188247056
PKNORLEN,2017-12-28,10,linear,,0,retain,1,10,0.00010624335045748227,0.33012074453753215
PKNORLEN,2017-12-28,10,linear,,0,retain,10,10,-0.0018883384017748775,-0.558768188247056
PKNORLEN,2017-12-28,10,linear,,1,reset,1,10,-0.00039840738789081315,1.1887150177529808
PKNORLEN,2017-12-28,10,linear,,1,reset,10,10,-0.0015980843799612335,0.47908555902441907
PKNORLEN,2017-12-28,10,linear,,1,retain,1,10,-0.00039840738789081315,1.1887150177529808
PKNORLEN,2017-12-28,10,linear,,1,retain,10,10,-0.0015980843799612335,0.47908555902441907
PKNORLEN,2017-12-28,10,linear,,5,reset,1,10,0.0005108796301239059,1.3651724964225187
PKNORLEN,2017-12-28,10,linear,,5,reset,10,10,-0.0008775560941793256,1.2243514349135496
PKNORLEN,2017-12-28,10,linear,,5,retain,1,10,0.0005108796301239059,1.3651724964225187
PKNORLEN,2017-12-28,10,linear,,5,retain,10,10,-0.0008775560941793256,1.2243514349135496
PKNORLEN,2017-12-28,10,xgboost,,0,reset,1,10,-0.00038717129958355453,1.2087162689264785
PKNORLEN,2017-12-28,10,xgboost,,0,reset,10,10,-0.001089664863490704,0.4425949075841298
PKNORLEN,2017-12-28,10,xgboost,,0,retain,1,10,-0.00038717129958355453,1.2087162689264785
PKNORLEN,2017-12-28,10,xgboost,,0,retain,10,10,-0.001089664863490704,0.4425949075841298
PKNORLEN,2017-12-28,10,xgboost,,1,reset,1,10,0.001966490344927587,1.0813985414220697
PKNORLEN,2017-12-28,10,xgboost,,1,reset,10,10,0.00067828350710395,0.676956985249886
PKNORLEN,2017-12-28,10,xgboost,,1,retain,1,10,0.001966490344927587,1.0813985414220697
PKNORLEN,2017-12-28,10,xgboost,,1,retain,10,10,0.00067828350710395,0.676956985249886
PKNORLEN,2017-12-28,10,xgboost,,5,reset,1,10,0.0021334664007798413,1.455636663931895
PKNORLEN,2017-12-28,10,xgboost,,5,reset,10,10,0.000845424274225585,1.1142969983864437
PKNORLEN,2017-12-28,10,xgboost,,5,retain,1,10,0.0021334664007798413,1.455636663931895
PKNORLEN,2017-12-28,10,xgboost,,5,retain,10,10,0.000845424274225585,1.1142969983864437
PKNORLEN,2017-12-28,20,linear,,0,reset,1,10,0.010778982049762437,2.11578659977427
PKNORLEN,2017-12-28,20,linear,,0,reset,10,10,-0.014735536125485477,1.8378130652887879
PKNORLEN,2017-12-28,20,linear,,0,retain,1,10,0.010778982049762437,2.11578659977427
PKNORLEN,2017-12-28,20,linear,,0,retain,10,10,-0.014735536125485477,1.8378130652887879
PKNORLEN,2017-12-28,20,linear,,1,reset,1,10,0.010242182556025433,2.145744196093621
PKNORLEN,2017-12-28,20,linear,,1,reset,10,10,-0.015990722412816554,2.2624258469847787
PKNORLEN,2017-12-28,20,linear,,1,retain,1,10,0.010242182556025433,2.145744196093621
PKNORLEN,2017-12-28,20,linear,,1,retain,10,10,-0.015990722412816554,2.2624258469847787
PKNORLEN,2017-12-28,20,linear,,5,reset,1,10,0.008899915957664092,2.3265059294589756
PKNORLEN,2017-12-28,20,linear,,5,reset,10,10,-0.013494768724505585,2.144760209790508
PKNORLEN,2017-12-28,20,linear,,5,retain,1,10,0.008899915957664092,2.3265059294589756
PKNORLEN,2017-12-28,20,linear,,5,retain,10,10,-0.013494768724505585,2.144760209790508
PKNORLEN,2017-12-28,20,xgboost,7.0,0,reset,1,10,0.006574263204238276,0.37798079101350496
PKNORLEN,2017-12-28,20,xgboost,7.0,0,reset,10,10,-0.002628377601246075,1.2723768420765813
PKNORLEN,2017-12-28,20,xgboost,7.0,0,retain,1,10,0.006574263204238276,0.37798079101350496
PKNORLEN,2017-12-28,20,xgboost,7.0,0,retain,10,10,-0.002628377601246075,1.2723768420765813
PKNORLEN,2017-12-28,20,xgboost,7.0,1,reset,1,10,0.00610615182597456,0.43863796413594985
PKNORLEN,2017-12-28,20,xgboost,7.0,1,reset,10,10,-0.0035301673601590457,1.3674985679158738
PKNORLEN,2017-12-28,20,xgboost,7.0,1,retain,1,10,0.00610615182597456,0.43863796413594985
PKNORLEN,2017-12-28,20,xgboost,7.0,1,retain,10,10,-0.0035301673601590457,1.3674985679158738
PKNORLEN,2017-12-28,20,xgboost,7.0,5,reset,1,10,0.009082712688865742,-0.07050703267816513
PKNORLEN,2017-12-28,20,xgboost,7.0,5,reset,10,10,-0.008176243671687969,0.706874252345781
PKNORLEN,2017-12-28,20,xgboost,7.0,5,retain,1,10,0.009082712688865742,-0.07050703267816513
PKNORLEN,2017-12-28,20,xgboost,7.0,5,retain,10,10,-0.008176243671687969,0.706874252345781
PKNORLEN,2017-12-28,20,xgboost,,0,reset,1,10,0.011751159154443788,1.2507443044841984
PKNORLEN,2017-12-28,20,xgboost,,0,reset,10,10,-0.012828363937147612,0.3640140701108484
PKNORLEN,2017-12-28,20,xgboost,,0,retain,1,10,0.011751159154443788,1.2507443044841984
PKNORLEN,2017-12-28,20,xgboost,,0,retain,10,10,-0.012828363937147612,0.3640140701108484
PKNORLEN,2017-12-28,20,xgboost,,1,reset,1,10,0.015925705361776107,1.3726229608611198
PKNORLEN,2017-12-28,20,xgboost,,1,reset,10,10,-0.011090806859960781,0.94737471417484
PKNORLEN,2017-12-28,20,xgboost,,1,retain,1,10,0.015925705361776107,1.3726229608611198
PKNORLEN,2017-12-28,20,xgboost,,1,retain,10,10,-0.011090806859960781,0.94737471417484
PKNORLEN,2017-12-28,20,xgboost,,5,reset,1,10,0.01586972585012042,1.8058958547803927
PKNORLEN,2017-12-28,20,xgboost,,5,reset,10,10,-0.011882141501019872,2.01635645263357
PKNORLEN,2017-12-28,20,xgboost,,5,retain,1,10,0.01586972585012042,1.8058958547803927
PKNORLEN,2017-12-28,20,xgboost,,5,retain,10,10,-0.011882141501019872,2.01635645263357
PKNORLEN,2017-12-28,50,linear,,0,reset,1,10,0.009855679250609956,1.0508015653270975
PKNORLEN,2017-12-28,50,linear,,0,reset,10,10,-0.037527332763024945,0.204813690011719
PKNORLEN,2017-12-28,50,linear,,0,retain,1,10,0.009855679250609956,1.0508015653270975
PKNORLEN,2017-12-28,50,linear,,0,retain,10,10,-0.037527332763024945,0.204813690011719
PKNORLEN,2017-12-28,50,linear,,1,reset,1,10,0.013672106212052587,1.0132776299034363
PKNORLEN,2017-12-28,50,linear,,1,reset,10,10,-0.03559484539733624,0.287296629964806
PKNORLEN,2017-12-28,50,linear,,1,retain,1,10,0.013672106212052587,1.0132776299034363
PKNORLEN,2017-12-28,50,linear,,1,retain,10,10,-0.03559484539733624,0.287296629964806
PKNORLEN,2017-12-28,50,linear,,5,reset,1,10,0.017785403236470418,0.9515532185900617
PKNORLEN,2017-12-28,50,linear,,5,reset,10,10,-0.024601929697188073,0.24423131111842755
PKNORLEN,2017-12-28,50,linear,,5,retain,1,10,0.017785403236470418,0.9515532185900617
PKNORLEN,2017-12-28,50,linear,,5,retain,10,10,-0.024601929697188073,0.24423131111842755
PKNORLEN,2017-12-28,50,xgboost,,0,reset,1,10,0.021344925117971814,0.9058258461685951
PKNORLEN,2017-12-28,50,xgboost,,0,reset,10,10,-0.037757140014062225,0.22019237542824754
PKNORLEN,2017-12-28,50,xgboost,,0,retain,1,10,0.021344925117971814,0.9058258461685951
PKNORLEN,2017-12-28,50,xgboost,,0,retain,10,10,-0.037757140014062225,0.22019237542824754
PKNORLEN,2017-12-28,50,xgboost,,1,reset,1,10,0.029280727402606774,0.9144002663045518
PKNORLEN,2017-12-28,50,xgboost,,1,reset,10,10,-0.03259353562170757,0.40548598037012196
PKNORLEN,2017-12-28,50,xgboost,,1,retain,1,10,0.029280727402606774,0.9144002663045518
PKNORLEN,2017-12-28,50,xgboost,,1,retain,10,10,-0.03259353562170757,0.40548598037012196
PKNORLEN,2017-12-28,50,xgboost,,5,reset,1,10,0.03244621166604034,0.9663909030672978
PKNORLEN,2017-12-28,50,xgboost,,5,reset,10,10,-0.02109299482500765,0.5247571860744104
PKNORLEN,2017-12-28,50,xgboost,,5,retain,1,10,0.03244621166604034,0.9663909030672978
PKNORLEN,2017-12-28,50,xgboost,,5,retain,10,10,-0.02109299482500765,0.5247571860744104
PKNORLEN,2017-12-29,10,linear,,0,reset,1,10,-0.0007693937978532472,0.35472477610256664
PKNORLEN,2017-12-29,10,linear,,0,reset,10,10,-0.002185258947114981,-2.6387421009309335
PKNORLEN,2017-12-29,10,linear,,0,retain,1,10,-0.0007693937978532472,0.35472477610256664
PKNORLEN,2017-12-29,10,linear,,0,retain,10,10,-0.002185258947114981,-2.6387421009309335
PKNORLEN,2017-12-29,10,linear,,1,reset,1,10,-0.0009253226471173733,0.44736995683301906
PKNORLEN,2017-12-29,10,linear,,1,reset,10,10,-0.0026933620337525853,-1.8765094916273453
PKNORLEN,2017-12-29,10,linear,,1,retain,1,10,-0.0009253226471173733,0.44736995683301906
PKNORLEN,2017-12-29,10,linear,,1,retain,10,10,-0.0026933620337525853,-1.8765094916273453
PKNORLEN,2017-12-29,10,linear,,5,reset,1,10,0.0013887448651692105,0.31487619084205143
PKNORLEN,2017-12-29,10,linear,,5,reset,10,10,-0.0022696595285293004,-2.862484694679689
PKNORLEN,2017-12-29,10,linear,,5,retain,1,10,0.0013887448651692105,0.31487619084205143
PKNORLEN,2017-12-29,10,linear,,5,retain,10,10,-0.0022696595285293004,-2.862484694679689
PKNORLEN,2017-12-29,10,xgboost,,0,reset,1,10,0.0012029964693596076,0.6540742953397942
PKNORLEN,2017-12-29,10,xgboost,,0,reset,10,10,-0.0004889060632486441,-0.4998469944860998
PKNORLEN,2017-12-29,10,xgboost,,0,retain,1,10,0.0012029964693596076,0.6540742953397942
PKNORLEN,2017-12-29,10,xgboost,,0,retain,10,10,-0.0004889060632486441,-0.4998469944860998
PKNORLEN,2017-12-29,10,xgboost,,1,reset,1,10,0.0010060919174777051,0.7853575250733758
PKNORLEN,2017-12-29,10,xgboost,,1,reset,10,10,-0.000860605231456364,-0.38068392434585685
PKNORLEN,2017-12-29,10,xgboost,,1,retain,1,10,0.0010060919174777051,0.7853575250733758
PKNORLEN,2017-12-29,10,xgboost,,1,retain,10,10,-0.000860605231456364,-0.38068392434585685
PKNORLEN,2017-12-29,10,xgboost,,5,reset,1,10,0.002422105321975285,-0.6410964698566863
PKNORLEN,2017-12-29,10,xgboost,,5,reset,10,10,-0.00014377029226205276,-0.2579300293695744
PKNORLEN,2017-12-29,10,xgboost,,5,retain,1,10,0.002422105321975285,-0.6410964698566863
PKNORLEN,2017-12-29,10,xgboost,,5,retain,10,10,-0.00014377029226205276,-0.2579300293695744
PKNORLEN,2017-12-29,20,linear,,0,reset,1,10,-0.005366902028103165,0.20314107376806878
PKNORLEN,2017-12-29,20,linear,,0,reset,10,10,-0.014581065126771655,-1.3922096601315719
PKNORLEN,2017-12-29,20,linear,,0,retain,1,10,-0.005366902028103165,0.20314107376806878
PKNORLEN,2017-12-29,20,linear,,0,retain,10,10,-0.014581065126771655,-1.3922096601315719
PKNORLEN,2017-12-29,20,linear,,1,reset,1,10,-0.005327874903179191,0.025795792913224758
PKNORLEN,2017-12-29,20,linear,,1,reset,10,10,-0.015075428857280897,-1.3479640703462088
PKNORLEN,2017-12-29,20,linear,,1,retain,1,10,-0.005327874903179191,0.025795792913224758
PKNORLEN,2017-12-29,20,linear,,1,retain,10,10,-0.015075428857280897,-1.3479640703462088
PKNORLEN,2017-12-29,20,linear,,5,reset,1,10,-0.003952120768539383,-0.5266877276104521
PKNORLEN,2017-12-29,20,linear,,5,reset,10,10,-0.016456394226431578,-0.270122721218201
PKNORLEN,2017-12-29,20,linear,,5,retain,1,10,-0.003952120768539383,-0.5266877276104521
PKNORLEN,2017-12-29,20,linear,,5,retain,10,10,-0.016456394226431578,-0.270122721218201
PKNORLEN,2017-12-29,20,xgboost,7.0,0,reset,1,10,-0.014552522318590687,0.2187967295993684
PKNORLEN,2017-12-29,20,xgboost,7.0,0,reset,10,10,-0.01888161274553314,-0.9390222454995324
PKNORLEN,2017-12-29,20,xgboost,7.0,0,retain,1,10,-0.014552522318590687,0.2187967295993684
PKNORLEN,2017-12-29,20,xgboost,7.0,0,retain,10,10,-0.01888161274553314,-0.9390222454995324
PKNORLEN,2017-12-29,20,xgboost,7.0,1,reset,1,10,-0.01291998520996063,0.3868166512116012
PKNORLEN,2017-12-29,20,xgboost,7.0,1,reset,10,10,-0.018006651394478844,-0.7859998055577342
PKNORLEN,2017-12-29,20,xgboost,7.0,1,retain,1,10,-0.01291998520996063,0.3868166512116012
PKNORLEN,2017-12-29,20,xgboost,7.0,1,retain,10,10,-0.018006651394478844,-0.7859998055577342
PKNORLEN,2017-12-29,20,xgboost,7.0,5,reset,1,10,-0.009537487784676286,0.05731184871568102
PKNORLEN,2017-12-29,20,xgboost,7.0,5,reset,10,10,-0.02121210990082585,-0.4615823929934619
PKNORLEN,2017-12-29,20,xgboost,7.0,5,retain,1,10,-0.009537487784676286,0.05731184871568102
PKNORLEN,2017-12-29,20,xgboost,7.0,5,retain,10,10,-0.02121210990082585,-0.4615823929934619
PKNORLEN,2017-12-29,20,xgboost,,0,reset,1,10,-0.001971935614067834,-0.09661996928607008
PKNORLEN,2017-12-29,20,xgboost,,0,reset,10,10,-0.0087941333887963,-0.8899030028342663
PKNORLEN,2017-12-29,20,xgboost,,0,retain,1,10,-0.001971935614067834,-0.09661996928607008
PKNORLEN,2017-12-29,20,xgboost,,0,retain,10,10,-0.0087941333887963,-0.8899030028342663
PKNORLEN,2017-12-29,20,xgboost,,1,reset,1,10,-0.0008924626251773562,-0.2808963029640519
PKNORLEN,2017-12-29,20,xgboost,,1,reset,10,10,-0.007845828908157734,-1.0717344236989366
PKNORLEN,2017-12-29,20,xgboost,,1,retain,1,10,-0.0008924626251773562,-0.2808963029640519
PKNORLEN,2017-12-29,20,xgboost,,1,retain,10,10,-0.007845828908157734,-1.0717344236989366
PKNORLEN,2017-12-29,20,xgboost,,5,reset,1,10,-0.0002904646290313572,-0.8315848657662137
PKNORLEN,2017-12-29,20,xgboost,,5,reset,10,10,-0.0089281538020647,-0.7916327922791759
PKNORLEN,2017-12-29,20,xgboost,,5,retain,1,10,-0.0002904646290313572,-0.8315848657662137
PKNORLEN,2017-12-29,20,xgboost,,5,retain,10,10,-0.0089281538020647,-0.7916327922791759
PKNORLEN,2017-12-29,50,linear,,0,reset,1,10,-0.014651311389623584,-0.2661427707638854
PKNORLEN,2017-12-29,50,linear,,0,reset,10,10,-0.04407646633638942,-0.06314552908056126
PKNORLEN,2017-12-29,50,linear,,0,retain,1,10,-0.014651311389623584,-0.2661427707638854
PKNORLEN,2017-12-29,50,linear,,0,retain,10,10,-0.04407646633638942,-0.06314552908056126
PKNORLEN,2017-12-29,50,linear,,1,reset,1,10,-0.014310645601301353,-0.20962780919056512
PKNORLEN,2017-12-29,50,linear,,1,reset,10,10,-0.045688289792549304,0.09913721718253693
PKNORLEN,2017-12-29,50,linear,,1,retain,1,10,-0.014310645601301353,-0.20962780919056512
PKNORLEN,2017-12-29,50,linear,,1,retain,10,10,-0.045688289792549304,0.09913721718253693
PKNORLEN,2017-12-29,50,linear,,5,reset,1,10,-0.007491246663061335,-0.09622594339283075
PKNORLEN,2017-12-29,50,linear,,5,reset,10,10,-0.04104702805047073,0.4674904321783979
PKNORLEN,2017-12-29,50,linear,,5,retain,1,10,-0.007491246663061335,-0.09622594339283075
PKNORLEN,2017-12-29,50,linear,,5,retain,10,10,-0.04104702805047073,0.4674904321783979
PKNORLEN,2017-12-29,50,xgboost,,0,reset,1,10,-0.010779668463811787,-0.5388113758979266
PKNORLEN,2017-12-29,50,xgboost,,0,reset,10,10,-0.026102301777766457,-0.3297812784167403
PKNORLEN,2017-12-29,50,xgboost,,0,retain,1,10,-0.010779668463811787,-0.5388113758979266
PKNORLEN,2017-12-29,50,xgboost,,0,retain,10,10,-0.026102301777766457,-0.3297812784167403
PKNORLEN,2017-12-29,50,xgboost,,1,reset,1,10,-0.009669987703155178,-0.46881461415820486
PKNORLEN,2017-12-29,50,xgboost,,1,reset,10,10,-0.024341669267837616,-0.23928988997890716
PKNORLEN,2017-12-29,50,xgboost,,1,retain,1,10,-0.009669987703155178,-0.46881461415820486
PKNORLEN,2017-12-29,50,xgboost,,1,retain,10,10,-0.024341669267837616,-0.23928988997890716
PKNORLEN,2017-12-29,50,xgboost,,5,reset,1,10,0.00152645546261293,-0.300689924599773
PKNORLEN,2017-12-29,50,xgboost,,5,reset,10,10,-0.015078274429883673,0.02987063323094491
PKNORLEN,2017-12-29,50,xgboost,,5,retain,1,10,0.00152645546261293,-0.300689924599773
PKNORLEN,2017-12-29,50,xgboost,,5,retain,10,10,-0.015078274429883673,0.02987063323094491
PKNORLEN,all,10,linear,,0,reset,1,10,-0.000508448898141718,0.20285977315464201
PKNORLEN,all,10,linear,,0,reset,10,10,-0.0011197581187224618,-0.3859940917399616
PKNORLEN,all,10,linear,,0,retain,1,10,-0.000508448898141718,0.20285977315464201
PKNORLEN,all,10,linear,,0,retain,10,10,-0.0011197581187224618,-0.3859940917399616
PKNORLEN,all,10,linear,,1,reset,1,10,-0.0010175515812736171,0.543996485703661
PKNORLEN,all,10,linear,,1,reset,10,10,-0.0015269759317575703,0.14643814975080738
PKNORLEN,all,10,linear,,1,retain,1,10,-0.0010175515812736171,0.543996485703661
PKNORLEN,all,10,linear,,1,retain,10,10,-0.0015269759317575703,0.14643814975080738
PKNORLEN,all,10,linear,,5,reset,1,10,1.4216268145531008e-06,0.49513609681116916
PKNORLEN,all,10,linear,,5,reset,10,10,-0.0010174270741533532,0.23657327738288889
PKNORLEN,all,10,linear,,5,retain,1,10,1.4216268145531008e-06,0.49513609681116916
PKNORLEN,all,10,linear,,5,retain,10,10,-0.0010174270741533532,0.23657327738288889
PKNORLEN,all,10,xgboost,,0,reset,1,10,4.946072118920631e-05,0.4134977283151414
PKNORLEN,all,10,xgboost,,0,reset,10,10,-0.00025509356591090935,0.3361653224622082
PKNORLEN,all,10,xgboost,,0,retain,1,10,4.946072118920631e-05,0.4134977283151414
PKNORLEN,all,10,xgboost,,0,retain,10,10,-0.00025509356591090935,0.3361653224622082
PKNORLEN,all,10,xgboost,,1,reset,1,10,0.0006101547311782225,0.31688725981512905
PKNORLEN,all,10,xgboost,,1,reset,10,10,0.0009172418669116393,0.6770570307453911
PKNORLEN,all,10,xgboost,,1,retain,1,10,0.0006101547311782225,0.31688725981512905
PKNORLEN,all,10,xgboost,,1,retain,10,10,0.0009172418669116393,0.6770570307453911
PKNORLEN,all,10,xgboost,,5,reset,1,10,0.000609998547113663,0.3531828995065131
PKNORLEN,all,10,xgboost,,5,reset,10,10,0.0012230517216444458,0.6651910621174568
PKNORLEN,all,10,xgboost,,5,retain,1,10,0.000609998547113663,0.3531828995065131
PKNORLEN,all,10,xgboost,,5,retain,10,10,0.0012230517216444458,0.6651910621174568
PKNORLEN,all,20,linear,,0,reset,1,10,-0.0027028929784431253,0.8715332742014189
PKNORLEN,all,20,linear,,0,reset,10,10,-0.010343749144468332,0.6177627441585831
PKNORLEN,all,20,linear,,0,retain,1,10,-0.0027028929784431253,0.8715332742014189
PKNORLEN,all,20,linear,,0,retain,10,10,-0.010343749144468332,0.6177627441585831
PKNORLEN,all,20,linear,,1,reset,1,10,-0.0027541209927667808,0.7816279387559432
PKNORLEN,all,20,linear,,1,reset,10,10,-0.011108119303457325,0.6438006528184386
PKNORLEN,all,20,linear,,1,retain,1,10,-0.0027541209927667808,0.7816279387559432
PKNORLEN,all,20,linear,,1,retain,10,10,-0.011108119303457325,0.6438006528184386
PKNORLEN,all,20,linear,,5,reset,1,10,-0.0017865107236809188,0.46865460360277794
PKNORLEN,all,20,linear,,5,reset,10,10,-0.01003801146668963,0.6411488547019774
PKNORLEN,all,20,linear,,5,retain,1,10,-0.0017865107236809188,0.46865460360277794
PKNORLEN,all,20,linear,,5,retain,10,10,-0.01003801146668963,0.6411488547019774
PKNORLEN,all,20,xgboost,7.0,0,reset,1,10,-0.007626275139023468,0.008696864159512444
PKNORLEN,all,20,xgboost,7.0,0,reset,10,10,-0.012310424366841892,-0.1599657927428375
PKNORLEN,all,20,xgboost,7.0,0,retain,1,10,-0.007626275139023468,0.008696864159512444
PKNORLEN,all,20,xgboost,7.0,0,retain,10,10,-0.012310424366841892,-0.1599657927428375
PKNORLEN,all,20,xgboost,7.0,1,reset,1,10,-0.00727053401507393,0.10302910397346077
PKNORLEN,all,20,xgboost,7.0,1,reset,10,10,-0.012362139632513877,-0.055688512724856004
PKNORLEN,all,20,xgboost,7.0,1,retain,1,10,-0.00727053401507393,0.10302910397346077
PKNORLEN,all,20,xgboost,7.0,1,retain,10,10,-0.012362139632513877,-0.055688512724856004
PKNORLEN,all,20,xgboost,7.0,5,reset,1,10,-0.004213139728375795,-0.22887675264787663
PKNORLEN,all,20,xgboost,7.0,5,reset,10,10,-0.015214483017674151,-0.13905552930076442
PKNORLEN,all,20,xgboost,7.0,5,retain,1,10,-0.004213139728375795,-0.22887675264787663
PKNORLEN,all,20,xgboost,7.0,5,retain,10,10,-0.015214483017674151,-0.13905552930076442
PKNORLEN,all,20,xgboost,,0,reset,1,10,-0.0007180877545106424,0.2401480967561918
PKNORLEN,all,20,xgboost,,0,reset,10,10,-0.007740799356648799,-0.003093394775953384
PKNORLEN,all,20,xgboost,,0,retain,1,10,-0.0007180877545106424,0.2401480967561918
PKNORLEN,all,20,xgboost,,0,retain,10,10,-0.007740799356648799,-0.003093394775953384
PKNORLEN,all,20,xgboost,,1,reset,1,10,0.0011164422169304584,0.23887621455411562
PKNORLEN,all,20,xgboost,,1,reset,10,10,-0.006516164138328432,0.09646010049262149
PKNORLEN,all,20,xgboost,,1,retain,1,10,0.0011164422169304584,0.23887621455411562
PKNORLEN,all,20,xgboost,,1,retain,10,10,-0.006516164138328432,0.09646010049262149
PKNORLEN,all,20,xgboost,,5,reset,1,10,0.0022366664255810166,0.26592250642632925
PKNORLEN,all,20,xgboost,,5,reset,10,10,-0.006412011777384452,0.5710407828173636
PKNORLEN,all,20,xgboost,,5,retain,1,10,0.0022366664255810166,0.26592250642632925
PKNORLEN,all,20,xgboost,,5,retain,10,10,-0.006412011777384452,0.5710407828173636
PKNORLEN,all,50,linear,,0,reset,1,10,-0.007979761616027606,-0.10588779044592767
PKNORLEN,all,50,linear,,0,reset,10,10,-0.03470181970454608,0.1124055191024449
PKNORLEN,all,50,linear,,0,retain,1,10,-0.007979761616027606,-0.10588779044592767
PKNORLEN,all,50,linear,,0,retain,10,10,-0.03470181970454608,0.1124055191024449
PKNORLEN,all,50,linear,,1,reset,1,10,-0.005787149186767079,-0.08235518607915182
PKNORLEN,all,50,linear,,1,reset,10,10,-0.03312087974903349,0.19719802939198072
PKNORLEN,all,50,linear,,1,retain,1,10,-0.005787149186767079,-0.08235518607915182
PKNORLEN,all,50,linear,,1,retain,10,10,-0.03312087974903349,0.19719802939198072
PKNORLEN,all,50,linear,,5,reset,1,10,0.0015068170365170053,-0.0006704567514570492
PKNORLEN,all,50,linear,,5,reset,10,10,-0.02551987527831452,0.30643800692663775
PKNORLEN,all,50,linear,,5,retain,1,10,0.0015068170365170053,-0.0006704567514570492
PKNORLEN,all,50,linear,,5,retain,10,10,-0.02551987527831452,0.30643800692663775
PKNORLEN,all,50,xgboost,,0,reset,1,10,-0.006642557530479876,-0.28369007957801373
PKNORLEN,all,50,xgboost,,0,reset,10,10,-0.03285902187812855,-0.042162988400656465
PKNORLEN,all,50,xgboost,,0,retain,1,10,-0.006642557530479876,-0.28369007957801373
PKNORLEN,all,50,xgboost,,0,retain,10,10,-0.03285902187812855,-0.042162988400656465
PKNORLEN,all,50,xgboost,,1,reset,1,10,-0.002510778821198628,-0.20250867705729292
PKNORLEN,all,50,xgboost,,1,reset,10,10,-0.02923729111335409,0.06279185048596425
PKNORLEN,all,50,xgboost,,1,retain,1,10,-0.002510778821198628,-0.20250867705729292
PKNORLEN,all,50,xgboost,,1,retain,10,10,-0.02923729111335409,0.06279185048596425
PKNORLEN,all,50,xgboost,,5,reset,1,10,0.008811785888892643,-0.11654068871235723
PKNORLEN,all,50,xgboost,,5,reset,10,10,-0.01505845791402484,0.18616873215022622
PKNORLEN,all,50,xgboost,,5,retain,1,10,0.008811785888892643,-0.11654068871235723
PKNORLEN,all,50,xgboost,,5,retain,10,10,-0.01505845791402484,0.18616873215022622
PKOBP,2017-12-27,10,linear,,0,reset,1,10,-0.005281061260843026,2.4355696113428777
PKOBP,2017-12-27,10,linear,,0,reset,10,10,-0.0043105115201688155,-0.5988714108207
PKOBP,2017-12-27,10,linear,,0,retain,1,10,-0.005281061260843026,2.4355696113428777
PKOBP,2017-12-27,10,linear,,0,retain,10,10,-0.0043105115201688155,-0.5988714108207
PKOBP,2017-12-27,10,linear,,1,reset,1,10,-0.00595549859776651,2.490483955177407
PKOBP,2017-12-27,10,linear,,1,reset,10,10,-0.004661432276867564,-0.3542397457949183
PKOBP,2017-12-27,10,linear,,1,retain,1,10,-0.00595549859776651,2.490483955177407
PKOBP,2017-12-27,10,linear,,1,retain,10,10,-0.004661432276867564,-0.3542397457949183
PKOBP,2017-12-27,10,linear,,5,reset,1,10,-0.01324949833291523,2.4870377758813373
PKOBP,2017-12-27,10,linear,,5,reset,10,10,-0.0060933815819317425,0.1168563791646706
PKOBP,2017-12-27,10,linear,,5,retain,1,10,-0.01324949833291523,2.4870377758813373
PKOBP,2017-12-27,10,linear,,5,retain,10,10,-0.0060933815819317425,0.1168563791646706
PKOBP,2017-12-27,10,xgboost,,0,reset,1,10,-0.0067140336145858626,1.8730901107894178
PKOBP,2017-12-27,10,xgboost,,0,reset,10,10,-0.006361989795647801,-1.4618308222869616
PKOBP,2017-12-27,10,xgboost,,0,retain,1,10,-0.0067140336145858626,1.8730901107894178
PKOBP,2017-12-27,10,xgboost,,0,retain,10,10,-0.006361989795647801,-1.4618308222869616
PKOBP,2017-12-27,10,xgboost,,1,reset,1,10,-0.007615623888142152,1.7991207339500055
PKOBP,2017-12-27,10,xgboost,,1,reset,10,10,-0.006920320009372821,-0.7576307260301638
PKOBP,2017-12-27,10,xgboost,,1,retain,1,10,-0.007615623888142152,1.7991207339500055
PKOBP,2017-12-27,10,xgboost,,1,retain,10,10,-0.006920320009372821,-0.7576307260301638
PKOBP,2017-12-27,10,xgboost,,5,reset,1,10,-0.011696012132742786,0.0025419254407921255
PKOBP,2017-12-27,10,xgboost,,5,reset,10,10,-0.008954323533646034,-0.1319524628180667
PKOBP,2017-12-27,10,xgboost,,5,retain,1,10,-0.011696012132742786,0.0025419254407921255
PKOBP,2017-12-27,10,xgboost,,5,retain,10,10,-0.008954323533646034,-0.1319524628180667
PKOBP,2017-12-27,20,linear,,0,reset,1,10,-0.04017563255689666,-0.39845863084461164
PKOBP,2017-12-27,20,linear,,0,reset,10,10,-0.032464102365268706,-0.4915985258177681
PKOBP,2017-12-27,20,linear,,0,retain,1,10,-0.04017563255689666,-0.39845863084461164
PKOBP,2017-12-27,20,linear,,0,retain,10,10,-0.032464102365268706,-0.4915985258177681
PKOBP,2017-12-27,20,linear,,1,reset,1,10,-0.04135027173459134,-0.24853427224126085
PKOBP,2017-12-27,20,linear,,1,reset,10,10,-0.03297952882230806,-0.4006366194366939
PKOBP,2017-12-27,20,linear,,1,retain,1,10,-0.04135027173459134,-0.24853427224126085
PKOBP,2017-12-27,20,linear,,1,retain,10,10,-0.03297952882230806,-0.4006366194366939
PKOBP,2017-12-27,20,linear,,5,reset,1,10,-0.04225145250688359,-0.046380886751172745
PKOBP,2017-12-27,20,linear,,5,reset,10,10,-0.030827196415590237,-0.060888072359002454
PKOBP,2017-12-27,20,linear,,5,retain,1,10,-0.04225145250688359,-0.046380886751172745
PKOBP,2017-12-27,20,linear,,5,retain,10,10,-0.030827196415590237,-0.060888072359002454
PKOBP,2017-12-27,20,xgboost,7.0,0,reset,1,10,0.026349270571879954,-0.02143321444045094
PKOBP,2017-12-27,20,xgboost,7.0,0,reset,10,10,-0.008347465069353514,-0.3719019495600773
PKOBP,2017-12-27,20,xgboost,7.0,0,retain,1,10,0.026349270571879954,-0.02143321444045094
PKOBP,2017-12-27,20,xgboost,7.0,0,retain,10,10,-0.008347465069353514,-0.3719019495600773
PKOBP,2017-12-27,20,xgboost,7.0,1,reset,1,10,0.015850671747488,0.04717993526197024
PKOBP,2017-12-27,20,xgboost,7.0,1,reset,10,10,-0.010160476677390617,-0.37836239488096896
PKOBP,2017-12-27,20,xgboost,7.0,1,retain,1,10,0.015850671747488,0.04717993526197024
PKOBP,2017-12-27,20,xgboost,7.0,1,retain,10,10,-0.010160476677390617,-0.37836239488096896
PKOBP,2017-12-27,20,xgboost,7.0,5,reset,1,10,0.009252288442723147,0.2692271413957843
PKOBP,2017-12-27,20,xgboost,7.0,5,reset,10,10,-0.008847868245613025,-0.3694660998446787
PKOBP,2017-12-27,20,xgboost,7.0,5,retain,1,10,0.009252288442723147,0.2692271413957843
PKOBP,2017-12-27,20,xgboost,7.0,5,retain,10,10,-0.008847868245613025,-0.3694660998446787
PKOBP,2017-12-27,20,xgboost,,0,reset,1,10,-0.03272216390472049,-0.463706020736197
PKOBP,2017-12-27,20,xgboost,,0,reset,10,10,-0.02801260577568513,-0.7024291219299006
PKOBP,2017-12-27,20,xgboost,,0,retain,1,10,-0.03272216390472049,-0.463706020736197
PKOBP,2017-12-27,20,xgboost,,0,retain,10,10,-0.02801260577568513,-0.7024291219299006
PKOBP,2017-12-27,20,xgboost,,1,reset,1,10,-0.033630582685012025,-0.42645393114574864
PKOBP,2017-12-27,20,xgboost,,1,reset,10,10,-0.027057748580815923,-0.3736908465990448
PKOBP,2017-12-27,20,xgboost,,1,retain,1,10,-0.033630582685012025,-0.42645393114574864
PKOBP,2017-12-27,20,xgboost,,1,retain,10,10,-0.027057748580815923,-0.3736908465990448
PKOBP,2017-12-27,20,xgboost,,5,reset,1,10,-0.033667609433609025,-0.29715008299104606
PKOBP,2017-12-27,20,xgboost,,5,reset,10,10,-0.02514660800116304,0.052165768960171555
PKOBP,2017-12-27,20,xgboost,,5,retain,1,10,-0.033667609433609025,-0.29715008299104606
PKOBP,2017-12-27,20,xgboost,,5,retain,10,10,-0.02514660800116304,0.052165768960171555
PKOBP,2017-12-27,50,linear,,0,reset,1,10,-0.12765754894082937,-0.9058036376936545
PKOBP,2017-12-27,50,linear,,0,reset,10,10,-0.12222909386242789,-0.514984195757435
PKOBP,2017-12-27,50,linear,,0,retain,1,10,-0.12765754894082937,-0.9058036376936545
PKOBP,2017-12-27,50,linear,,0,retain,10,10,-0.12222909386242789,-0.514984195757435
PKOBP,2017-12-27,50,linear,,1,reset,1,10,-0.12806025763252876,-0.8029300917017697
PKOBP,2017-12-27,50,linear,,1,reset,10,10,-0.12279137194753563,-0.4857931849342583
PKOBP,2017-12-27,50,linear,,1,retain,1,10,-0.12806025763252876,-0.8029300917017697
PKOBP,2017-12-27,50,linear,,1,retain,10,10,-0.12279137194753563,-0.4857931849342583
PKOBP,2017-12-27,50,linear,,5,reset,1,10,-0.11873984183906744,-0.5894024985268302
PKOBP,2017-12-27,50,linear,,5,reset,10,10,-0.10942909437606602,-0.392389555196583
PKOBP,2017-12-27,50,linear,,5,retain,1,10,-0.11873984183906744,-0.5894024985268302
PKOBP,2017-12-27,50,linear,,5,retain,10,10,-0.10942909437606602,-0.392389555196583
PKOBP,2017-12-27,50,xgboost,,0,reset,1,10,-0.11711150140213517,-0.6339719882423609
PKOBP,2017-12-27,50,xgboost,,0,reset,10,10,-0.12521331509016823,0.0851942991651285
PKOBP,2017-12-27,50,xgboost,,0,retain,1,10,-0.11711150140213517,-0.6339719882423609
PKOBP,2017-12-27,50,xgboost,,0,retain,10,10,-0.12521331509016823,0.0851942991651285
PKOBP,2017-12-27,50,xgboost,,1,reset,1,10,-0.11797741123104602,-0.5983750019656511
PKOBP,2017-12-27,50,xgboost,,1,reset,10,10,-0.1236180369254616,0.2244931676127224
PKOBP,2017-12-27,50,xgboost,,1,retain,1,10,-0.11797741123104602,-0.5983750019656511
PKOBP,2017-12-27,50,xgboost,,1,retain,10,10,-0.1236180369254616,0.2244931676127224
PKOBP,2017-12-27,50,xgboost,,5,reset,1,10,-0.10572627391842905,-0.39063729268878206
PKOBP,2017-12-27,50,xgboost,,5,reset,10,10,-0.09505109052103626,0.2410186972414027
PKOBP,2017-12-27,50,xgboost,,5,retain,1,10,-0.10572627391842905,-0.39063729268878206
PKOBP,2017-12-27,50,xgboost,,5,retain,10,10,-0.09505109052103626,0.2410186972414027
PKOBP,2017-12-28,10,linear,,0,reset,1,10,-0.0028037200987731307,0.48990092551094344
PKOBP,2017-12-28,10,linear,,0,reset,10,10,-0.0010300345537298883,1.422786351899534
PKOBP,2017-12-28,10,linear,,0,retain,1,10,-0.0028037200987731307,0.48990092551094344
PKOBP,2017-12-28,10,linear,,0,retain,10,10,-0.0010300345537298883,1.422786351899534
PKOBP,2017-12-28,10,linear,,1,reset,1,10,-0.004029934236259948,0.24045776869406144
PKOBP,2017-12-28,10,linear,,1,reset,10,10,-0.0012432377943232525,0.9295560628817572
PKOBP,2017-12-28,10,linear,,1,retain,1,10,-0.004029934236259948,0.24045776869406144
PKOBP,2017-12-28,10,linear,,1,retain,10,10,-0.0012432377943232525,0.9295560628817572
PKOBP,2017-12-28,10,linear,,5,reset,1,10,-0.00601446707431647,0.22376341517794252
PKOBP,2017-12-28,10,linear,,5,reset,10,10,-0.004374586949309214,0.6362600350316495
PKOBP,2017-12-28,10,linear,,5,retain,1,10,-0.00601446707431647,0.22376341517794252
PKOBP,2017-12-28,10,linear,,5,retain,10,10,-0.004374586949309214,0.6362600350316495
PKOBP,2017-12-28,10,xgboost,,0,reset,1,10,-0.0033345266750389553,-0.14027482538305885
PKOBP,2017-12-28,10,xgboost,,0,reset,10,10,-0.00046722546808119873,0.9294143029772011
PKOBP,2017-12-28,10,xgboost,,0,retain,1,10,-0.0033345266750389553,-0.14027482538305885
PKOBP,2017-12-28,10,xgboost,,0,retain,10,10,-0.00046722546808119873,0.9294143029772011
PKOBP,2017-12-28,10,xgboost,,1,reset,1,10,-0.005504241377706458,-0.369740891910187
PKOBP,2017-12-28,10,xgboost,,1,reset,10,10,-0.0009894650198789823,0.4485154680930348
PKOBP,2017-12-28,10,xgboost,,1,retain,1,10,-0.005504241377706458,-0.369740891910187
PKOBP,2017-12-28,10,xgboost,,1,retain,10,10,-0.0009894650198789823,0.4485154680930348
PKOBP,2017-12-28,10,xgboost,,5,reset,1,10,-0.008461371194678945,0.10310628132122818
PKOBP,2017-12-28,10,xgboost,,5,reset,10,10,-0.007766483015765208,0.22984732820847875
PKOBP,2017-12-28,10,xgboost,,5,retain,1,10,-0.008461371194678945,0.10310628132122818
PKOBP,2017-12-28,10,xgboost,,5,retain,10,10,-0.007766483015765208,0.22984732820847875
PKOBP,2017-12-28,20,linear,,0,reset,1,10,-0.024877460097793666,0.034054869865671855
PKOBP,2017-12-28,20,linear,,0,reset,10,10,-0.022549645373795116,1.0259691767503374
PKOBP,2017-12-28,20,linear,,0,retain,1,10,-0.024877460097793666,0.034054869865671855
PKOBP,2017-12-28,20,linear,,0,retain,10,10,-0.022549645373795116,1.0259691767503374
PKOBP,2017-12-28,20,linear,,1,reset,1,10,-0.025560682309009538,-0.22383721846420113
PKOBP,2017-12-28,20,linear,,1,reset,10,10,-0.02155102017932526,0.766650097087137
PKOBP,2017-12-28,20,linear,,1,retain,1,10,-0.025560682309009538,-0.22383721846420113
PKOBP,2017-12-28,20,linear,,1,retain,10,10,-0.02155102017932526,0.766650097087137
PKOBP,2017-12-28,20,linear,,5,reset,1,10,-0.02377605046820936,-0.686958336152337
PKOBP,2017-12-28,20,linear,,5,reset,10,10,-0.02062404431884387,0.4063720653605869
PKOBP,2017-12-28,20,linear,,5,retain,1,10,-0.02377605046820936,-0.686958336152337
PKOBP,2017-12-28,20,linear,,5,retain,10,10,-0.02062404431884387,0.4063720653605869
PKOBP,2017-12-28,20,xgboost,7.0,0,reset,1,10,0.025074232124447655,0.8083848673767889
PKOBP,2017-12-28,20,xgboost,7.0,0,reset,10,10,0.018575614908244976,0.500289157735194
PKOBP,2017-12-28,20,xgboost,7.0,0,retain,1,10,0.025074232124447655,0.8083848673767889
PKOBP,2017-12-28,20,xgboost,7.0,0,retain,10,10,0.018575614908244976,0.500289157735194
PKOBP,2017-12-28,20,xgboost,7.0,1,reset,1,10,0.022701676831257324,0.7302403905500554
PKOBP,2017-12-28,20,xgboost,7.0,1,reset,10,10,0.019068369629271345,0.3655919935517661
PKOBP,2017-12-28,20,xgboost,7.0,1,retain,1,10,0.022701676831257324,0.7302403905500554
PKOBP,2017-12-28,20,xgboost,7.0,1,retain,10,10,0.019068369629271345,0.3655919935517661
PKOBP,2017-12-28,20,xgboost,7.0,5,reset,1,10,0.02463886936907188,0.7725884135306896
PKOBP,2017-12-28,20,xgboost,7.0,5,reset,10,10,0.02074541527158329,0.460963477927799
PKOBP,2017-12-28,20,xgboost,7.0,5,retain,1,10,0.02463886936907188,0.7725884135306896
PKOBP,2017-12-28,20,xgboost,7.0,5,retain,10,10,0.02074541527158329,0.460963477927799
PKOBP,2017-12-28,20,xgboost,,0,reset,1,10,-0.026011710413274474,0.19068018610183732
PKOBP,2017-12-28,20,xgboost,,0,reset,10,10,-0.017584001261403144,0.47193805818554624
PKOBP,2017-12-28,20,xgboost,,0,retain,1,10,-0.026011710413274474,0.19068018610183732
PKOBP,2017-12-28,20,xgboost,,0,retain,10,10,-0.017584001261403144,0.47193805818554624
PKOBP,2017-12-28,20,xgboost,,1,reset,1,10,-0.02694285060205457,0.0829531259389937
PKOBP,2017-12-28,20,xgboost,,1,reset,10,10,-0.016521090613482118,0.3408457426589935
PKOBP,2017-12-28,20,xgboost,,1,retain,1,10,-0.02694285060205457,0.0829531259389937
PKOBP,2017-12-28,20,xgboost,,1,retain,10,10,-0.016521090613482118,0.3408457426589935
PKOBP,2017-12-28,20,xgboost,,5,reset,1,10,-0.025108437141353385,0.21613233003331161
PKOBP,2017-12-28,20,xgboost,,5,reset,10,10,-0.017363920400090816,0.01093633309906078
PKOBP,2017-12-28,20,xgboost,,5,retain,1,10,-0.025108437141353385,0.21613233003331161
PKOBP,2017-12-28,20,xgboost,,5,retain,10,10,-0.017363920400090816,0.01093633309906078
PKOBP,2017-12-28,50,linear,,0,reset,1,10,-0.08823843544290563,-0.6670427838576067
PKOBP,2017-12-28,50,linear,,0,reset,10,10,-0.05279579163033859,-0.17950253471377664
PKOBP,2017-12-28,50,linear,,0,retain,1,10,-0.08823843544290563,-0.6670427838576067
PKOBP,2017-12-28,50,linear,,0,retain,10,10,-0.05279579163033859,-0.17950253471377664
PKOBP,2017-12-28,50,linear,,1,reset,1,10,-0.0894864298521356,-0.6515244755398808
PKOBP,2017-12-28,50,linear,,1,reset,10,10,-0.051014928011303876,-0.1851286399121943
PKOBP,2017-12-28,50,linear,,1,retain,1,10,-0.0894864298521356,-0.6515244755398808
PKOBP,2017-12-28,50,linear,,1,retain,10,10,-0.051014928011303876,-0.1851286399121943
PKOBP,2017-12-28,50,linear,,5,reset,1,10,-0.0860947923318027,-0.43443906150981476
PKOBP,2017-12-28,50,linear,,5,reset,10,10,-0.04649303138522154,-0.16347433274818762
PKOBP,2017-12-28,50,linear,,5,retain,1,10,-0.0860947923318027,-0.43443906150981476
PKOBP,2017-12-28,50,linear,,5,retain,10,10,-0.04649303138522154,-0.16347433274818762
PKOBP,2017-12-28,50,xgboost,,0,reset,1,10,-0.07976108832047568,-0.6743963006410585
PKOBP,2017-12-28,50,xgboost,,0,reset,10,10,-0.047663996979498385,-0.26067114839332806
PKOBP,2017-12-28,50,xgboost,,0,retain,1,10,-0.07976108832047568,-0.6743963006410585
PKOBP,2017-12-28,50,xgboost,,0,retain,10,10,-0.047663996979498385,-0.26067114839332806
PKOBP,2017-12-28,50,xgboost,,1,reset,1,10,-0.07955329737901302,-0.6676380250294367
PKOBP,2017-12-28,50,xgboost,,1,reset,10,10,-0.04658232002406748,-0.2474697267603116
PKOBP,2017-12-28,50,xgboost,,1,retain,1,10,-0.07955329737901302,-0.6676380250294367
PKOBP,2017-12-28,50,xgboost,,1,retain,10,10,-0.04658232002406748,-0.2474697267603116
PKOBP,2017-12-28,50,xgboost,,5,reset,1,10,-0.07138634654241935,-0.49447888182256133
PKOBP,2017-12-28,50,xgboost,,5,reset,10,10,-0.04638895606968585,-0.18487221070277876
PKOBP,2017-12-28,50,xgboost,,5,retain,1,10,-0.07138634654241935,-0.49447888182256133
PKOBP,2017-12-28,50,xgboost,,5,retain,10,10,-0.04638895606968585,-0.18487221070277876
PKOBP,2017-12-29,10,linear,,0,reset,1,10,-0.008033450803165308,0.9342078777605383
PKOBP,2017-12-29,10,linear,,0,reset,10,10,-0.014725200458157662,-0.6386663675680835
PKOBP,2017-12-29,10,linear,,0,retain,1,10,-0.008033450803165308,0.9342078777605383
PKOBP,2017-12-29,10,linear,,0,retain,10,10,-0.014725200458157662,-0.6386663675680835
PKOBP,2017-12-29,10,linear,,1,reset,1,10,-0.008045319062402372,0.947327436853648
PKOBP,2017-12-29,10,linear,,1,reset,10,10,-0.01543547608750401,-0.5768853059437895
PKOBP,2017-12-29,10,linear,,1,retain,1,10,-0.008045319062402372,0.947327436853648
PKOBP,2017-12-29,10,linear,,1,retain,10,10,-0.01543547608750401,-0.5768853059437895
PKOBP,2017-12-29,10,linear,,5,reset,1,10,-0.007127808849897509,0.8837502878781267
PKOBP,2017-12-29,10,linear,,5,reset,10,10,-0.016052783673663876,-0.2062868116300369
PKOBP,2017-12-29,10,linear,,5,retain,1,10,-0.007127808849897509,0.8837502878781267
PKOBP,2017-12-29,10,linear,,5,retain,10,10,-0.016052783673663876,-0.2062868116300369
PKOBP,2017-12-29,10,xgboost,,0,reset,1,10,9.645161429543657e-05,0.9324478079702863
PKOBP,2017-12-29,10,xgboost,,0,reset,10,10,-0.006261126005615047,0.28746607728483264
PKOBP,2017-12-29,10,xgboost,,0,retain,1,10,9.645161429543657e-05,0.9324478079702863
PKOBP,2017-12-29,10,xgboost,,0,retain,10,10,-0.006261126005615047,0.28746607728483264
PKOBP,2017-12-29,10,xgboost,,1,reset,1,10,-0.0006837640066664763,0.6679837982238697
PKOBP,2017-12-29,10,xgboost,,1,reset,10,10,-0.008243151986515125,0.16129375735552154
PKOBP,2017-12-29,10,xgboost,,1,retain,1,10,-0.0006837640066664763,0.6679837982238697
PKOBP,2017-12-29,10,xgboost,,1,retain,10,10,-0.008243151986515125,0.16129375735552154
PKOBP,2017-12-29,10,xgboost,,5,reset,1,10,-0.0019211545631379577,0.8343789592730904
PKOBP,2017-12-29,10,xgboost,,5,reset,10,10,-0.009661536113248152,0.09204757952327515
PKOBP,2017-12-29,10,xgboost,,5,retain,1,10,-0.0019211545631379577,0.8343789592730904
PKOBP,2017-12-29,10,xgboost,,5,retain,10,10,-0.009661536113248152,0.09204757952327515
PKOBP,2017-12-29,20,linear,,0,reset,1,10,-0.02253210403222628,1.0971502296849058
PKOBP,2017-12-29,20,linear,,0,reset,10,10,-0.0401397795767271,-0.3981563822384693
PKOBP,2017-12-29,20,linear,,0,retain,1,10,-0.02253210403222628,1.0971502296849058
PKOBP,2017-12-29,20,linear,,0,retain,10,10,-0.0401397795767271,-0.3981563822384693
PKOBP,2017-12-29,20,linear,,1,reset,1,10,-0.02161797505534152,1.1232177416512217
PKOBP,2017-12-29,20,linear,,1,reset,10,10,-0.0411335266363278,-0.3365010093979128
PKOBP,2017-12-29,20,linear,,1,retain,1,10,-0.02161797505534152,1.1232177416512217
PKOBP,2017-12-29,20,linear,,1,retain,10,10,-0.0411335266363278,-0.3365010093979128
PKOBP,2017-12-29,20,linear,,5,reset,1,10,-0.009692252778424566,1.1151303229948024
PKOBP,2017-12-29,20,linear,,5,reset,10,10,-0.03331961719121394,-0.2187204078580688
PKOBP,2017-12-29,20,linear,,5,retain,1,10,-0.009692252778424566,1.1151303229948024
PKOBP,2017-12-29,20,linear,,5,retain,10,10,-0.03331961719121394,-0.2187204078580688
PKOBP,2017-12-29,20,xgboost,7.0,0,reset,1,10,0.08392678971782047,0.5265027432609517
PKOBP,2017-12-29,20,xgboost,7.0,0,reset,10,10,0.019885169520661578,0.24969176699002396
PKOBP,2017-12-29,20,xgboost,7.0,0,retain,1,10,0.08392678971782047,0.5265027432609517
PKOBP,2017-12-29,20,xgboost,7.0,0,retain,10,10,0.019885169520661578,0.24969176699002396
PKOBP,2017-12-29,20,xgboost,7.0,1,reset,1,10,0.08184908860503445,0.6473878245614519
PKOBP,2017-12-29,20,xgboost,7.0,1,reset,10,10,0.01640285313877362,0.3027595704881421
PKOBP,2017-12-29,20,xgboost,7.0,1,retain,1,10,0.08184908860503445,0.6473878245614519
PKOBP,2017-12-29,20,xgboost,7.0,1,retain,10,10,0.01640285313877362,0.3027595704881421
PKOBP,2017-12-29,20,xgboost,7.0,5,reset,1,10,0.07055313616662305,0.6090142137224934
PKOBP,2017-12-29,20,xgboost,7.0,5,reset,10,10,0.011835822772600077,0.15826144644383752
PKOBP,2017-12-29,20,xgboost,7.0,5,retain,1,10,0.07055313616662305,0.6090142137224934
PKOBP,2017-12-29,20,xgboost,7.0,5,retain,10,10,0.011835822772600077,0.15826144644383752
PKOBP,2017-12-29,20,xgboost,,0,reset,1,10,-0.021497300266296954,0.8918463004294691
PKOBP,2017-12-29,20,xgboost,,0,reset,10,10,-0.035929312118052795,-0.036789493280871666
PKOBP,2017-12-29,20,xgboost,,0,retain,1,10,-0.021497300266296954,0.8918463004294691
PKOBP,2017-12-29,20,xgboost,,0,retain,10,10,-0.035929312118052795,-0.036789493280871666
PKOBP,2017-12-29,20,xgboost,,1,reset,1,10,-0.02093790316838333,0.881397423452283
PKOBP,2017-12-29,20,xgboost,,1,reset,10,10,-0.03593962284807366,-0.11130686552661134
PKOBP,2017-12-29,20,xgboost,,1,retain,1,10,-0.02093790316838333,0.881397423452283
PKOBP,2017-12-29,20,xgboost,,1,retain,10,10,-0.03593962284807366,-0.11130686552661134
PKOBP,2017-12-29,20,xgboost,,5,reset,1,10,-0.012871155442178768,0.9536424693001198
PKOBP,2017-12-29,20,xgboost,,5,reset,10,10,-0.02782389923347225,-0.13091693604648091
PKOBP,2017-12-29,20,xgboost,,5,retain,1,10,-0.012871155442178768,0.9536424693001198
PKOBP,2017-12-29,20,xgboost,,5,retain,10,10,-0.02782389923347225,-0.13091693604648091
PKOBP,2017-12-29,50,linear,,0,reset,1,10,-0.0014207474491036987,0.10616701969424758
PKOBP,2017-12-29,50,linear,,0,reset,10,10,-0.07912044404361518,-0.30091032582373667
PKOBP,2017-12-29,50,linear,,0,retain,1,10,-0.0014207474491036987,0.10616701969424758
PKOBP,2017-12-29,50,linear,,0,retain,10,10,-0.07912044404361518,-0.30091032582373667
PKOBP,2017-12-29,50,linear,,1,reset,1,10,0.0007922074170420568,0.11642445469256923
PKOBP,2017-12-29,50,linear,,1,reset,10,10,-0.07974222162280882,-0.28714436469295557
PKOBP,2017-12-29,50,linear,,1,retain,1,10,0.0007922074170420568,0.11642445469256923
PKOBP,2017-12-29,50,linear,,1,retain,10,10,-0.07974222162280882,-0.28714436469295557
PKOBP,2017-12-29,50,linear,,5,reset,1,10,0.013988212819432244,0.15269801165931468
PKOBP,2017-12-29,50,linear,,5,reset,10,10,-0.07567151044210874,-0.28802316766995606
PKOBP,2017-12-29,50,linear,,5,retain,1,10,0.013988212819432244,0.15269801165931468
PKOBP,2017-12-29,50,linear,,5,retain,10,10,-0.07567151044210874,-0.28802316766995606
PKOBP,2017-12-29,50,xgboost,,0,reset,1,10,-0.042729111243626244,0.3398892219337804
PKOBP,2017-12-29,50,xgboost,,0,reset,10,10,-0.11040964960335814,-0.08794140410848436
PKOBP,2017-12-29,50,xgboost,,0,retain,1,10,-0.042729111243626244,0.3398892219337804
PKOBP,2017-12-29,50,xgboost,,0,retain,10,10,-0.11040964960335814,-0.08794140410848436
PKOBP,2017-12-29,50,xgboost,,1,reset,1,10,-0.03806747076176828,0.32318346277768234
PKOBP,2017-12-29,50,xgboost,,1,reset,10,10,-0.10995727992370315,-0.0974422376827373
PKOBP,2017-12-29,50,xgboost,,1,retain,1,10,-0.03806747076176828,0.32318346277768234
PKOBP,2017-12-29,50,xgboost,,1,retain,10,10,-0.10995727992370315,-0.0974422376827373
PKOBP,2017-12-29,50,xgboost,,5,reset,1,10,-0.025096667130532407,0.27635562605114883
PKOBP,2017-12-29,50,xgboost,,5,reset,10,10,-0.10500477027701237,-0.147229444583653
PKOBP,2017-12-29,50,xgboost,,5,retain,1,10,-0.025096667130532407,0.27635562605114883
PKOBP,2017-12-29,50,xgboost,,5,retain,10,10,-0.10500477027701237,-0.147229444583653
PKOBP,all,10,linear,,0,reset,1,10,-0.005413090591782655,0.9106888300814173
PKOBP,all,10,linear,,0,reset,10,10,-0.007263952431134277,-0.09450438949924805
PKOBP,all,10,linear,,0,retain,1,10,-0.005413090591782655,0.9106888300814173
PKOBP,all,10,linear,,0,retain,10,10,-0.007263952431134277,-0.09450438949924805
PKOBP,all,10,linear,,1,reset,1,10,-0.006046756904691184,0.9349970558867282
PKOBP,all,10,linear,,1,reset,10,10,-0.007897276291320308,-0.11351673111329044
PKOBP,all,10,linear,,1,retain,1,10,-0.006046756904691184,0.9349970558867282
PKOBP,all,10,linear,,1,retain,10,10,-0.007897276291320308,-0.11351673111329044
PKOBP,all,10,linear,,5,reset,1,10,-0.008191948172637843,0.8952987977539422
PKOBP,all,10,linear,,5,reset,10,10,-0.009749156802446448,0.07804920725638165
PKOBP,all,10,linear,,5,retain,1,10,-0.008191948172637843,0.8952987977539422
PKOBP,all,10,linear,,5,retain,10,10,-0.009749156802446448,0.07804920725638165
PKOBP,all,10,xgboost,,0,reset,1,10,-0.00267758560763561,0.8671213368754288
PKOBP,all,10,xgboost,,0,reset,10,10,-0.003942321781878193,0.36778671472044233
PKOBP,all,10,xgboost,,0,retain,1,10,-0.00267758560763561,0.8671213368754288
PKOBP,all,10,xgboost,,0,retain,10,10,-0.003942321781878193,0.36778671472044233
PKOBP,all,10,xgboost,,1,reset,1,10,-0.0038954817586980897,0.7329734722764975
PKOBP,all,10,xgboost,,1,reset,10,10,-0.005062390723938013,0.19867870955319347
PKOBP,all,10,xgboost,,1,retain,1,10,-0.0038954817586980897,0.7329734722764975
PKOBP,all,10,xgboost,,1,retain,10,10,-0.005062390723938013,0.19867870955319347
PKOBP,all,10,xgboost,,5,reset,1,10,-0.006477406399591381,0.7414761592178497
PKOBP,all,10,xgboost,,5,reset,10,10,-0.008131397494881093,0.1275906456701537
PKOBP,all,10,xgboost,,5,retain,1,10,-0.006477406399591381,0.7414761592178497
PKOBP,all,10,xgboost,,5,retain,10,10,-0.008131397494881093,0.1275906456701537
PKOBP,all,20,linear,,0,reset,1,10,-0.027278951168036178,0.7849311967122059
PKOBP,all,20,linear,,0,reset,10,10,-0.030693585314377644,-0.21046600937305737
PKOBP,all,20,linear,,0,retain,1,10,-0.027278951168036178,0.7849311967122059
PKOBP,all,20,linear,,0,retain,10,10,-0.030693585314377644,-0.21046600937305737
PKOBP,all,20,linear,,1,reset,1,10,-0.02742549748570432,0.7911513752544979
PKOBP,all,20,linear,,1,reset,10,10,-0.030840131632045784,-0.1750536311383511
PKOBP,all,20,linear,,1,retain,1,10,-0.02742549748570432,0.7911513752544979
PKOBP,all,20,linear,,1,retain,10,10,-0.030840131632045784,-0.1750536311383511
PKOBP,all,20,linear,,5,reset,1,10,-0.022351617350753736,0.7215669067148528
PKOBP,all,20,linear,,5,reset,10,10,-0.026058934423924467,-0.12502222085096565
PKOBP,all,20,linear,,5,retain,1,10,-0.022351617350753736,0.7215669067148528
PKOBP,all,20,linear,,5,retain,10,10,-0.026058934423924467,-0.12502222085096565
PKOBP,all,20,xgboost,7.0,0,reset,1,10,0.05979522284913574,0.4967012266083881
PKOBP,all,20,xgboost,7.0,0,reset,10,10,0.00763970438679501,0.1336671949124971
PKOBP,all,20,xgboost,7.0,0,retain,1,10,0.05979522284913574,0.4967012266083881
PKOBP,all,20,xgboost,7.0,0,retain,10,10,0.00763970438679501,0.1336671949124971
PKOBP,all,20,xgboost,7.0,1,reset,1,10,0.056966125998284024,0.5717821945755298
PKOBP,all,20,xgboost,7.0,1,reset,10,10,0.005882511489386816,0.12433603129992646
PKOBP,all,20,xgboost,7.0,1,retain,1,10,0.056966125998284024,0.5717821945755298
PKOBP,all,20,xgboost,7.0,1,retain,10,10,0.005882511489386816,0.12433603129992646
PKOBP,all,20,xgboost,7.0,5,reset,1,10,0.05033289426102531,0.5786600327000389
PKOBP,all,20,xgboost,7.0,5,reset,10,10,0.005491448705107281,0.04907460587278967
PKOBP,all,20,xgboost,7.0,5,retain,1,10,0.05033289426102531,0.5786600327000389
PKOBP,all,20,xgboost,7.0,5,retain,10,10,0.005491448705107281,0.04907460587278967
PKOBP,all,20,xgboost,,0,reset,1,10,-0.025531160584714944,0.6402289856210259
PKOBP,all,20,xgboost,,0,reset,10,10,-0.026196725914961368,0.03232745603625309
PKOBP,all,20,xgboost,,0,retain,1,10,-0.025531160584714944,0.6402289856210259
PKOBP,all,20,xgboost,,0,retain,10,10,-0.026196725914961368,0.03232745603625309
PKOBP,all,20,xgboost,,1,reset,1,10,-0.025874264202546557,0.6291327509364484
PKOBP,all,20,xgboost,,1,reset,10,10,-0.025660211942152598,-0.0012820258724234312
PKOBP,all,20,xgboost,,1,retain,1,10,-0.025874264202546557,0.6291327509364484
PKOBP,all,20,xgboost,,1,retain,10,10,-0.025660211942152598,-0.0012820258724234312
PKOBP,all,20,xgboost,,5,reset,1,10,-0.022172195657152057,0.6816068459253465
PKOBP,all,20,xgboost,,5,reset,10,10,-0.02146521373887756,-0.040899908587466116
PKOBP,all,20,xgboost,,5,retain,1,10,-0.022172195657152057,0.6816068459253465
PKOBP,all,20,xgboost,,5,retain,10,10,-0.02146521373887756,-0.040899908587466116
PKOBP,all,50,linear,,0,reset,1,10,-0.062413549334453505,-0.13888215840972673
PKOBP,all,50,linear,,0,reset,10,10,-0.07282683304234537,-0.31225934168343605
PKOBP,all,50,linear,,0,retain,1,10,-0.062413549334453505,-0.13888215840972673
PKOBP,all,50,linear,,0,retain,10,10,-0.07282683304234537,-0.31225934168343605
PKOBP,all,50,linear,,1,reset,1,10,-0.062072712262638205,-0.11793018995748056
PKOBP,all,50,linear,,1,reset,10,10,-0.07267976307277586,-0.2977915527186193
PKOBP,all,50,linear,,1,retain,1,10,-0.062072712262638205,-0.11793018995748056
PKOBP,all,50,linear,,1,retain,10,10,-0.07267976307277586,-0.2977915527186193
PKOBP,all,50,linear,,5,reset,1,10,-0.05353037176161286,-0.04819617107891139
PKOBP,all,50,linear,,5,reset,10,10,-0.06755066938070818,-0.2799444284474629
PKOBP,all,50,linear,,5,retain,1,10,-0.05353037176161286,-0.04819617107891139
PKOBP,all,50,linear,,5,retain,10,10,-0.06755066938070818,-0.2799444284474629
PKOBP,all,50,xgboost,,0,reset,1,10,-0.07506256622797977,0.036428671163515614
PKOBP,all,50,xgboost,,0,reset,10,10,-0.08844016607174504,-0.09481652950343739
PKOBP,all,50,xgboost,,0,retain,1,10,-0.07506256622797977,0.036428671163515614
PKOBP,all,50,xgboost,,0,retain,10,10,-0.08844016607174504,-0.09481652950343739
PKOBP,all,50,xgboost,,1,reset,1,10,-0.07344859262152495,0.029614722611696176
PKOBP,all,50,xgboost,,1,reset,10,10,-0.08780265960717087,-0.08620254194573845
PKOBP,all,50,xgboost,,1,retain,1,10,-0.07344859262152495,0.029614722611696176
PKOBP,all,50,xgboost,,1,retain,10,10,-0.08780265960717087,-0.08620254194573845
PKOBP,all,50,xgboost,,5,reset,1,10,-0.06231071907763637,0.031234450777094136
PKOBP,all,50,xgboost,,5,reset,10,10,-0.08213300205781408,-0.07712976677873401
PKOBP,all,50,xgboost,,5,retain,1,10,-0.06231071907763637,0.031234450777094136
PKOBP,all,50,xgboost,,5,retain,10,10,-0.08213300205781408,-0.07712976677873401
PZU,2017-12-27,10,linear,,0,reset,1,10,-0.005060788315495649,0.3759516432024924
PZU,2017-12-27,10,linear,,0,reset,10,10,-0.00074234842624297,-0.7686688822745033
PZU,2017-12-27,10,linear,,0,retain,1,10,-0.005060788315495649,0.3759516432024924
PZU,2017-12-27,10,linear,,0,retain,10,10,-0.00074234842624297,-0.7686688822745033
PZU,2017-12-27,10,linear,,1,reset,1,10,-0.005288788060157462,0.08022895871293785
PZU,2017-12-27,10,linear,,1,reset,10,10,-0.0010948884716867778,-0.5226329321919675
PZU,2017-12-27,10,linear,,1,retain,1,10,-0.005288788060157462,0.08022895871293785
PZU,2017-12-27,10,linear,,1,retain,10,10,-0.0010948884716867778,-0.5226329321919675
PZU,2017-12-27,10,linear,,5,reset,1,10,-0.005377313495825627,-0.5995821985196038
PZU,2017-12-27,10,linear,,5,reset,10,10,-0.001433043884096992,-0.8409938180556434
PZU,2017-12-27,10,linear,,5,retain,1,10,-0.005377313495825627,-0.5995821985196038
PZU,2017-12-27,10,linear,,5,retain,10,10,-0.001433043884096992,-0.8409938180556434
PZU,2017-12-27,10,xgboost,,0,reset,1,10,-0.004672403178618454,0.361106940378217
PZU,2017-12-27,10,xgboost,,0,reset,10,10,-0.0010885020684835685,-0.10150192736348672
PZU,2017-12-27,10,xgboost,,0,retain,1,10,-0.004672403178618454,0.361106940378217
PZU,2017-12-27,10,xgboost,,0,retain,10,10,-0.0010885020684835685,-0.10150192736348672
PZU,2017-12-27,10,xgboost,,1,reset,1,10,-0.004294705087522675,0.19850711774349836
PZU,2017-12-27,10,xgboost,,1,reset,10,10,-0.0003408787415739214,0.018790753142667004
PZU,2017-12-27,10,xgboost,,1,retain,1,10,-0.004294705087522675,0.19850711774349836
PZU,2017-12-27,10,xgboost,,1,retain,10,10,-0.0003408787415739214,0.018790753142667004
PZU,2017-12-27,10,xgboost,,5,reset,1,10,-0.004420076149478748,-0.07171301486766807
PZU,2017-12-27,10,xgboost,,5,reset,10,10,5.236111878266676e-05,0.29792242433321925
PZU,2017-12-27,10,xgboost,,5,retain,1,10,-0.004420076149478748,-0.07171301486766807
PZU,2017-12-27,10,xgboost,,5,retain,10,10,5.236111878266676e-05,0.29792242433321925
PZU,2017-12-27,20,linear,,0,reset,1,10,-0.015663544282741765,-0.5386582246834011
PZU,2017-12-27,20,linear,,0,reset,10,10,-0.005480127102312632,0.0051462018627753126
PZU,2017-12-27,20,linear,,0,retain,1,10,-0.015663544282741765,-0.5386582246834011
PZU,2017-12-27,20,linear,,0,retain,10,10,-0.005480127102312632,0.0051462018627753126
PZU,2017-12-27,20,linear,,1,reset,1,10,-0.015861422431052645,-0.592632744828565
PZU,2017-12-27,20,linear,,1,reset,10,10,-0.006305365937745156,-0.008715349511019155
PZU,2017-12-27,20,linear,,1,retain,1,10,-0.015861422431052645,-0.592632744828565
PZU,2017-12-27,20,linear,,1,retain,10,10,-0.006305365937745156,-0.008715349511019155
PZU,2017-12-27,20,linear,,5,reset,1,10,-0.014007323212673329,-0.4165903069587517
PZU,2017-12-27,20,linear,,5,reset,10,10,-0.0032219183784637125,-0.14796818371374681
PZU,2017-12-27,20,linear,,5,retain,1,10,-0.014007323212673329,-0.4165903069587517
PZU,2017-12-27,20,linear,,5,retain,10,10,-0.0032219183784637125,-0.14796818371374681
PZU,2017-12-27,20,xgboost,7.0,0,reset,1,10,-0.030491146511959073,-0.6108588748263954
PZU,2017-12-27,20,xgboost,7.0,0,reset,10,10,0.007408129693612042,0.07246471556565592
PZU,2017-12-27,20,xgboost,7.0,0,retain,1,10,-0.030491146511959073,-0.6108588748263954
PZU,2017-12-27,20,xgboost,7.0,0,retain,10,10,0.007408129693612042,0.07246471556565592
PZU,2017-12-27,20,xgboost,7.0,1,reset,1,10,-0.031085881656029858,-0.538341757133105
PZU,2017-12-27,20,xgboost,7.0,1,reset,10,10,0.0030235703437393596,0.04756626909627876
PZU,2017-12-27,20,xgboost,7.0,1,retain,1,10,-0.031085881656029858,-0.538341757133105
PZU,2017-12-27,20,xgboost,7.0,1,retain,10,10,0.0030235703437393596,0.04756626909627876
PZU,2017-12-27,20,xgboost,7.0,5,reset,1,10,-0.031248375182883606,0.10555296794002866
PZU,2017-12-27,20,xgboost,7.0,5,reset,10,10,0.0021955756526531867,0.1380710506735875
PZU,2017-12-27,20,xgboost,7.0,5,retain,1,10,-0.031248375182883606,0.10555296794002866
PZU,2017-12-27,20,xgboost,7.0,5,retain,10,10,0.0021955756526531867,0.1380710506735875
PZU,2017-12-27,20,xgboost,,0,reset,1,10,-0.015527552892781847,-0.6600735115691738
PZU,2017-12-27,20,xgboost,,0,reset,10,10,-0.0079482445687078,0.4282761553991548
PZU,2017-12-27,20,xgboost,,0,retain,1,10,-0.015527552892781847,-0.6600735115691738
PZU,2017-12-27,20,xgboost,,0,retain,10,10,-0.0079482445687078,0.4282761553991548
PZU,2017-12-27,20,xgboost,,1,reset,1,10,-0.01568090895189363,-0.6152428842983876
PZU,2017-12-27,20,xgboost,,1,reset,10,10,-0.006898870129616805,0.4129864546741525
PZU,2017-12-27,20,xgboost,,1,retain,1,10,-0.01568090895189363,-0.6152428842983876
PZU,2017-12-27,20,xgboost,,1,retain,10,10,-0.006898870129616805,0.4129864546741525
PZU,2017-12-27,20,xgboost,,5,reset,1,10,-0.013589223015875541,-0.4164706111413514
PZU,2017-12-27,20,xgboost,,5,reset,10,10,-0.0022826337887527463,0.3674570864478017
PZU,2017-12-27,20,xgboost,,5,retain,1,10,-0.013589223015875541,-0.4164706111413514
PZU,2017-12-27,20,xgboost,,5,retain,10,10,-0.0022826337887527463,0.3674570864478017
PZU,2017-12-27,50,linear,,0,reset,1,10,-0.041792985428185395,-0.6792238754427368
PZU,2017-12-27,50,linear,,0,reset,10,10,-0.04800734390681207,-0.5099804163251522
PZU,2017-12-27,50,linear,,0,retain,1,10,-0.041792985428185395,-0.6792238754427368
PZU,2017-12-27,50,linear,,0,retain,10,10,-0.04800734390681207,-0.5099804163251522
PZU,2017-12-27,50,linear,,1,reset,1,10,-0.041970994813260123,-0.6435137889671306
PZU,2017-12-27,50,linear,,1,reset,10,10,-0.04699161699485091,-0.4465842681928607
PZU,2017-12-27,50,linear,,1,retain,1,10,-0.041970994813260123,-0.6435137889671306
PZU,2017-12-27,50,linear,,1,retain,10,10,-0.04699161699485091,-0.4465842681928607
PZU,2017-12-27,50,linear,,5,reset,1,10,-0.030009929218633852,-0.6136503995712285
PZU,2017-12-27,50,linear,,5,reset,10,10,-0.033809152587276806,-0.21185163431584997
PZU,2017-12-27,50,linear,,5,retain,1,10,-0.030009929218633852,-0.6136503995712285
PZU,2017-12-27,50,linear,,5,retain,10,10,-0.033809152587276806,-0.21185163431584997
PZU,2017-12-27,50,xgboost,,0,reset,1,10,-0.05375346012257681,-0.15318995116418688
PZU,2017-12-27,50,xgboost,,0,reset,10,10,-0.05245758434853364,0.40262075053018115
PZU,2017-12-27,50,xgboost,,0,retain,1,10,-0.05375346012257681,-0.15318995116418688
PZU,2017-12-27,50,xgboost,,0,retain,10,10,-0.05245758434853364,0.40262075053018115
PZU,2017-12-27,50,xgboost,,1,reset,1,10,-0.052392967740106315,-0.10498399026025285
PZU,2017-12-27,50,xgboost,,1,reset,10,10,-0.049181230340920465,0.4194007373407763
PZU,2017-12-27,50,xgboost,,1,retain,1,10,-0.052392967740106315,-0.10498399026025285
PZU,2017-12-27,50,xgboost,,1,retain,10,10,-0.049181230340920465,0.4194007373407763
PZU,2017-12-27,50,xgboost,,5,reset,1,10,-0.03846521653313324,-0.14394200832853332
PZU,2017-12-27,50,xgboost,,5,reset,10,10,-0.030143879281883126,0.482303605484679
PZU,2017-12-27,50,xgboost,,5,retain,1,10,-0.03846521653313324,-0.14394200832853332
PZU,2017-12-27,50,xgboost,,5,retain,10,10,-0.030143879281883126,0.482303605484679
PZU,2017-12-28,10,linear,,0,reset,1,10,-0.0003719617715466413,1.4336643927717265
PZU,2017-12-28,10,linear,,0,reset,10,10,-0.0014353679505455406,0.9629620626458653
PZU,2017-12-28,10,linear,,0,retain,1,10,-0.0003719617715466413,1.4336643927717265
PZU,2017-12-28,10,linear,,0,retain,10,10,-0.0014353679505455406,0.9629620626458653
PZU,2017-12-28,10,linear,,1,reset,1,10,-0.0008931126564151797,0.5648046951076677
PZU,2017-12-28,10,linear,,1,reset,10,10,-0.0017152614864341525,0.7636710038457994
PZU,2017-12-28,10,linear,,1,retain,1,10,-0.0008931126564151797,0.5648046951076677
PZU,2017-12-28,10,linear,,1,retain,10,10,-0.0017152614864341525,0.7636710038457994
PZU,2017-12-28,10,linear,,5,reset,1,10,0.0005887504094506495,0.25117716718647576
PZU,2017-12-28,10,linear,,5,reset,10,10,-0.0035102822188490717,0.49636426352473534
PZU,2017-12-28,10,linear,,5,retain,1,10,0.0005887504094506495,0.25117716718647576
PZU,2017-12-28,10,linear,,5,retain,10,10,-0.0035102822188490717,0.49636426352473534
PZU,2017-12-28,10,xgboost,,0,reset,1,10,0.0011161050960060035,0.9259835691056691
PZU,2017-12-28,10,xgboost,,0,reset,10,10,-0.0013280987243108498,1.0709749723934054
PZU,2017-12-28,10,xgboost,,0,retain,1,10,0.0011161050960060035,0.9259835691056691
PZU,2017-12-28,10,xgboost,,0,retain,10,10,-0.0013280987243108498,1.0709749723934054
PZU,2017-12-28,10,xgboost,,1,reset,1,10,0.0010128596307206672,0.3421449633420786
PZU,2017-12-28,10,xgboost,,1,reset,10,10,-0.001974500594111042,0.680635074976162
PZU,2017-12-28,10,xgboost,,1,retain,1,10,0.0010128596307206672,0.3421449633420786
PZU,2017-12-28,10,xgboost,,1,retain,10,10,-0.001974500594111042,0.680635074976162
PZU,2017-12-28,10,xgboost,,5,reset,1,10,0.0013563488449888118,0.5656773898057865
PZU,2017-12-28,10,xgboost,,5,reset,10,10,-0.0024639680079279382,1.3702785338378949
PZU,2017-12-28,10,xgboost,,5,retain,1,10,0.0013563488449888118,0.5656773898057865
PZU,2017-12-28,10,xgboost,,5,retain,10,10,-0.0024639680079279382,1.3702785338378949
PZU,2017-12-28,20,linear,,0,reset,1,10,-0.008939406039622684,-0.04370658495062929
PZU,2017-12-28,20,linear,,0,reset,10,10,-0.0036351260463800446,-0.0289827382181716
PZU,2017-12-28,20,linear,,0,retain,1,10,-0.008939406039622684,-0.04370658495062929
PZU,2017-12-28,20,linear,,0,retain,10,10,-0.0036351260463800446,-0.0289827382181716
PZU,2017-12-28,20,linear,,1,reset,1,10,-0.008859728466283561,-0.3844547690083132
PZU,2017-12-28,20,linear,,1,reset,10,10,-0.002394523907052311,0.0445354378192695
PZU,2017-12-28,20,linear,,1,retain,1,10,-0.008859728466283561,-0.3844547690083132
PZU,2017-12-28,20,linear,,1,retain,10,10,-0.002394523907052311,0.0445354378192695
PZU,2017-12-28,20,linear,,5,reset,1,10,-0.0007980500663714238,-0.5503263459334005
PZU,2017-12-28,20,linear,,5,reset,10,10,0.00143386653984336,0.11902015682868318
PZU,2017-12-28,20,linear,,5,retain,1,10,-0.0007980500663714238,-0.5503263459334005
PZU,2017-12-28,20,linear,,5,retain,10,10,0.00143386653984336,0.11902015682868318
PZU,2017-12-28,20,xgboost,7.0,0,reset,1,10,-0.03736151144531151,-2.2730097996739578
PZU,2017-12-28,20,xgboost,7.0,0,reset,10,10,0.004293909157477516,-0.00591391553586875
PZU,2017-12-28,20,xgboost,7.0,0,retain,1,10,-0.03736151144531151,-2.2730097996739578
PZU,2017-12-28,20,xgboost,7.0,0,retain,10,10,0.004293909157477516,-0.00591391553586875
PZU,2017-12-28,20,xgboost,7.0,1,reset,1,10,-0.03606922262964572,-1.9659803015847996
PZU,2017-12-28,20,xgboost,7.0,1,reset,10,10,0.003077076165775877,-0.07669040988879253
PZU,2017-12-28,20,xgboost,7.0,1,retain,1,10,-0.03606922262964572,-1.9659803015847996
PZU,2017-12-28,20,xgboost,7.0,1,retain,10,10,0.003077076165775877,-0.07669040988879253
PZU,2017-12-28,20,xgboost,7.0,5,reset,1,10,-0.0355763909235928,-1.7047017085799914
PZU,2017-12-28,20,xgboost,7.0,5,reset,10,10,0.0026377341326375217,-0.010787238618927344
PZU,2017-12-28,20,xgboost,7.0,5,retain,1,10,-0.0355763909235928,-1.7047017085799914
PZU,2017-12-28,20,xgboost,7.0,5,retain,10,10,0.0026377341326375217,-0.010787238618927344
PZU,2017-12-28,20,xgboost,,0,reset,1,10,-0.012517940740259942,-0.24696176704301892
PZU,2017-12-28,20,xgboost,,0,reset,10,10,-0.00524582911247529,-0.17372630220887925
PZU,2017-12-28,20,xgboost,,0,retain,1,10,-0.012517940740259942,-0.24696176704301892
PZU,2017-12-28,20,xgboost,,0,retain,10,10,-0.00524582911247529,-0.17372630220887925
PZU,2017-12-28,20,xgboost,,1,reset,1,10,-0.012014298836747782,-0.40194757222382793
PZU,2017-12-28,20,xgboost,,1,reset,10,10,-0.003866285838271505,-0.08978601931009067
PZU,2017-12-28,20,xgboost,,1,retain,1,10,-0.012014298836747782,-0.40194757222382793
PZU,2017-12-28,20,xgboost,,1,retain,10,10,-0.003866285838271505,-0.08978601931009067
PZU,2017-12-28,20,xgboost,,5,reset,1,10,-0.0018328763892036908,-0.5008469814971344
PZU,2017-12-28,20,xgboost,,5,reset,10,10,0.0038095274413032787,0.2959112644442909
PZU,2017-12-28,20,xgboost,,5,retain,1,10,-0.0018328763892036908,-0.5008469814971344
PZU,2017-12-28,20,xgboost,,5,retain,10,10,0.0038095274413032787,0.2959112644442909
PZU,2017-12-28,50,linear,,0,reset,1,10,-0.05926013092181086,-0.3625473613045214
PZU,2017-12-28,50,linear,,0,reset,10,10,-0.017711409308780554,0.29299992478071785
PZU,2017-12-28,50,linear,,0,retain,1,10,-0.05926013092181086,-0.3625473613045214
PZU,2017-12-28,50,linear,,0,retain,10,10,-0.017711409308780554,0.29299992478071785
PZU,2017-12-28,50,linear,,1,reset,1,10,-0.058112667556776104,-0.38607373662914385
PZU,2017-12-28,50,linear,,1,reset,10,10,-0.009984215087487619,0.24831175500976924
PZU,2017-12-28,50,linear,,1,retain,1,10,-0.058112667556776104,-0.38607373662914385
PZU,2017-12-28,50,linear,,1,retain,10,10,-0.009984215087487619,0.24831175500976924
PZU,2017-12-28,50,linear,,5,reset,1,10,-0.04980150112307537,-0.38553212476812193
PZU,2017-12-28,50,linear,,5,reset,10,10,0.003556230423294976,0.15634446530893847
PZU,2017-12-28,50,linear,,5,retain,1,10,-0.04980150112307537,-0.38553212476812193
PZU,2017-12-28,50,linear,,5,retain,10,10,0.003556230423294976,0.15634446530893847
PZU,2017-12-28,50,xgboost,,0,reset,1,10,-0.06616191419837356,-0.4265386838277951
PZU,2017-12-28,50,xgboost,,0,reset,10,10,-0.0371822280808648,0.11042128273712637
PZU,2017-12-28,50,xgboost,,0,retain,1,10,-0.06616191419837356,-0.4265386838277951
PZU,2017-12-28,50,xgboost,,0,retain,10,10,-0.0371822280808648,0.11042128273712637
PZU,2017-12-28,50,xgboost,,1,reset,1,10,-0.06512449143033043,-0.4443122749040126
PZU,2017-12-28,50,xgboost,,1,reset,10,10,-0.03266238590445919,0.14386555648880736
PZU,2017-12-28,50,xgboost,,1,retain,1,10,-0.06512449143033043,-0.4443122749040126
PZU,2017-12-28,50,xgboost,,1,retain,10,10,-0.03266238590445919,0.14386555648880736
PZU,2017-12-28,50,xgboost,,5,reset,1,10,-0.05576982454735145,-0.4755468210467698
PZU,2017-12-28,50,xgboost,,5,reset,10,10,-0.01603911529980638,0.09369867395756167
PZU,2017-12-28,50,xgboost,,5,retain,1,10,-0.05576982454735145,-0.4755468210467698
PZU,2017-12-28,50,xgboost,,5,retain,10,10,-0.01603911529980638,0.09369867395756167
PZU,2017-12-29,10,linear,,0,reset,1,10,-0.0035370969755800395,3.0004863792735774
PZU,2017-12-29,10,linear,,0,reset,10,10,-0.0037646287284904528,0.1467650967994324
PZU,2017-12-29,10,linear,,0,retain,1,10,-0.0035370969755800395,3.0004863792735774
PZU,2017-12-29,10,linear,,0,retain,10,10,-0.0037646287284904528,0.1467650967994324
PZU,2017-12-29,10,linear,,1,reset,1,10,-0.004220001596567975,3.2202780544967617
PZU,2017-12-29,10,linear,,1,reset,10,10,-0.004447533349478388,0.4983924520309342
PZU,2017-12-29,10,linear,,1,retain,1,10,-0.004220001596567975,3.2202780544967617
PZU,2017-12-29,10,linear,,1,retain,10,10,-0.004447533349478388,0.4983924520309342
PZU,2017-12-29,10,linear,,5,reset,1,10,-0.004169596634868459,0.8240347890505876
PZU,2017-12-29,10,linear,,5,reset,10,10,-0.003166570938718862,0.3964695365150957
PZU,2017-12-29,10,linear,,5,retain,1,10,-0.004169596634868459,0.8240347890505876
PZU,2017-12-29,10,linear,,5,retain,10,10,-0.003166570938718862,0.3964695365150957
PZU,2017-12-29,10,xgboost,,0,reset,1,10,-0.003372953282579527,4.272383126040667
PZU,2017-12-29,10,xgboost,,0,reset,10,10,-0.0024863672241711467,1.0980602819294298
PZU,2017-12-29,10,xgboost,,0,retain,1,10,-0.003372953282579527,4.272383126040667
PZU,2017-12-29,10,xgboost,,0,retain,10,10,-0.0024863672241711467,1.0980602819294298
PZU,2017-12-29,10,xgboost,,1,reset,1,10,-0.0041657693628537554,3.6288357221924765
PZU,2017-12-29,10,xgboost,,1,reset,10,10,-0.002636010306626372,1.148822199406545
PZU,2017-12-29,10,xgboost,,1,retain,1,10,-0.0041657693628537554,3.6288357221924765
PZU,2017-12-29,10,xgboost,,1,retain,10,10,-0.002636010306626372,1.148822199406545
PZU,2017-12-29,10,xgboost,,5,reset,1,10,-0.004256835181012263,2.501460518856371
PZU,2017-12-29,10,xgboost,,5,reset,10,10,-0.0011303112642831051,1.1370876145125672
PZU,2017-12-29,10,xgboost,,5,retain,1,10,-0.004256835181012263,2.501460518856371
PZU,2017-12-29,10,xgboost,,5,retain,10,10,-0.0011303112642831051,1.1370876145125672
PZU,2017-12-29,20,linear,,0,reset,1,10,-0.018894245640942386,0.8156078798092573
PZU,2017-12-29,20,linear,,0,reset,10,10,-0.012050792001884213,-0.20853381405450172
PZU,2017-12-29,20,linear,,0,retain,1,10,-0.018894245640942386,0.8156078798092573
PZU,2017-12-29,20,linear,,0,retain,10,10,-0.012050792001884213,-0.20853381405450172
PZU,2017-12-29,20,linear,,1,reset,1,10,-0.019850804712345342,1.1557558649458557
PZU,2017-12-29,20,linear,,1,reset,10,10,-0.011373225698166234,-0.0959460943770532
PZU,2017-12-29,20,linear,,1,retain,1,10,-0.019850804712345342,1.1557558649458557
PZU,2017-12-29,20,linear,,1,retain,10,10,-0.011373225698166234,-0.0959460943770532
PZU,2017-12-29,20,linear,,5,reset,1,10,-0.019594951652011184,0.5256508217126509
PZU,2017-12-29,20,linear,,5,reset,10,10,-0.00789572315329599,-0.12172720846609664
PZU,2017-12-29,20,linear,,5,retain,1,10,-0.019594951652011184,0.5256508217126509
PZU,2017-12-29,20,linear,,5,retain,10,10,-0.00789572315329599,-0.12172720846609664
PZU,2017-12-29,20,xgboost,7.0,0,reset,1,10,0.008412040005586034,0.4849376807926478
PZU,2017-12-29,20,xgboost,7.0,0,reset,10,10,0.01608892147661884,1.251689714663153
PZU,2017-12-29,20,xgboost,7.0,0,retain,1,10,0.008412040005586034,0.4849376807926478
PZU,2017-12-29,20,xgboost,7.0,0,retain,10,10,0.01608892147661884,1.251689714663153
PZU,2017-12-29,20,xgboost,7.0,1,reset,1,10,0.008962692935971735,0.5964423161333365
PZU,2017-12-29,20,xgboost,7.0,1,reset,10,10,0.01577571815268526,1.307973288864772
PZU,2017-12-29,20,xgboost,7.0,1,retain,1,10,0.008962692935971735,0.5964423161333365
PZU,2017-12-29,20,xgboost,7.0,1,retain,10,10,0.01577571815268526,1.307973288864772
PZU,2017-12-29,20,xgboost,7.0,5,reset,1,10,0.010948349727571405,0.8102711073914999
PZU,2017-12-29,20,xgboost,7.0,5,reset,10,10,0.018336152099800697,1.3989308923995845
PZU,2017-12-29,20,xgboost,7.0,5,retain,1,10,0.010948349727571405,0.8102711073914999
PZU,2017-12-29,20,xgboost,7.0,5,retain,10,10,0.018336152099800697,1.3989308923995845
PZU,2017-12-29,20,xgboost,,0,reset,1,10,-0.023916466944831134,2.3071345914147336
PZU,2017-12-29,20,xgboost,,0,reset,10,10,-0.012826938803623324,0.2117921206758484
PZU,2017-12-29,20,xgboost,,0,retain,1,10,-0.023916466944831134,2.3071345914147336
PZU,2017-12-29,20,xgboost,,0,retain,10,10,-0.012826938803623324,0.2117921206758484
PZU,2017-12-29,20,xgboost,,1,reset,1,10,-0.024896513444994252,2.100491024164868
PZU,2017-12-29,20,xgboost,,1,reset,10,10,-0.013434300762717701,0.3267312239608342
PZU,2017-12-29,20,xgboost,,1,retain,1,10,-0.024896513444994252,2.100491024164868
PZU,2017-12-29,20,xgboost,,1,retain,10,10,-0.013434300762717701,0.3267312239608342
PZU,2017-12-29,20,xgboost,,5,reset,1,10,-0.022842017995898835,1.802596023567798
PZU,2017-12-29,20,xgboost,,5,reset,10,10,-0.011600809703267233,0.4509224539902549
PZU,2017-12-29,20,xgboost,,5,retain,1,10,-0.022842017995898835,1.802596023567798
PZU,2017-12-29,20,xgboost,,5,retain,10,10,-0.011600809703267233,0.4509224539902549
PZU,2017-12-29,50,linear,,0,reset,1,10,-0.015170675695097613,1.0544256146997246
PZU,2017-12-29,50,linear,,0,reset,10,10,-0.030863458205605224,-0.021021398592154683
PZU,2017-12-29,50,linear,,0,retain,1,10,-0.015170675695097613,1.0544256146997246
PZU,2017-12-29,50,linear,,0,retain,10,10,-0.030863458205605224,-0.021021398592154683
PZU,2017-12-29,50,linear,,1,reset,1,10,-0.011615076909316666,1.0526745045121446
PZU,2017-12-29,50,linear,,1,reset,10,10,-0.030143055293835444,0.03814345124057961
PZU,2017-12-29,50,linear,,1,retain,1,10,-0.011615076909316666,1.0526745045121446
PZU,2017-12-29,50,linear,,1,retain,10,10,-0.030143055293835444,0.03814345124057961
PZU,2017-12-29,50,linear,,5,reset,1,10,0.002778574448957849,1.1165931081513745
PZU,2017-12-29,50,linear,,5,reset,10,10,-0.015640426279237965,0.25899729504297253
PZU,2017-12-29,50,linear,,5,retain,1,10,0.002778574448957849,1.1165931081513745
PZU,2017-12-29,50,linear,,5,retain,10,10,-0.015640426279237965,0.25899729504297253
PZU,2017-12-29,50,xgboost,,0,reset,1,10,-0.015250609131557388,1.1483787183293437
PZU,2017-12-29,50,xgboost,,0,reset,10,10,-0.03311696725017764,-0.11322962658454971
PZU,2017-12-29,50,xgboost,,0,retain,1,10,-0.015250609131557388,1.1483787183293437
PZU,2017-12-29,50,xgboost,,0,retain,10,10,-0.03311696725017764,-0.11322962658454971
PZU,2017-12-29,50,xgboost,,1,reset,1,10,-0.01399690932120276,1.1112731160998863
PZU,2017-12-29,50,xgboost,,1,reset,10,10,-0.03467716134228285,-0.08313349510596879
PZU,2017-12-29,50,xgboost,,1,retain,1,10,-0.01399690932120276,1.1112731160998863
PZU,2017-12-29,50,xgboost,,1,retain,10,10,-0.03467716134228285,-0.08313349510596879
PZU,2017-12-29,50,xgboost,,5,reset,1,10,-0.0008218409540948074,1.1228156037335764
PZU,2017-12-29,50,xgboost,,5,reset,10,10,-0.030802727447183112,0.14537005293691174
PZU,2017-12-29,50,xgboost,,5,retain,1,10,-0.0008218409540948074,1.1228156037335764
PZU,2017-12-29,50,xgboost,,5,retain,10,10,-0.030802727447183112,0.14537005293691174
PZU,all,10,linear,,0,reset,1,10,-0.003600677399434401,1.3622357065898885
PZU,all,10,linear,,0,reset,10,10,-0.0016521193324040033,-0.33249488190800347
PZU,all,10,linear,,0,retain,1,10,-0.003600677399434401,1.3622357065898885
PZU,all,10,linear,,0,retain,10,10,-0.0016521193324040033,-0.33249488190800347
PZU,all,10,linear,,1,reset,1,10,-0.003990155096568087,0.8944882709678815
PZU,all,10,linear,,1,reset,10,10,-0.00204159702953769,-0.12892031982111335
PZU,all,10,linear,,1,retain,1,10,-0.003990155096568087,0.8944882709678815
PZU,all,10,linear,,1,retain,10,10,-0.00204159702953769,-0.12892031982111335
PZU,all,10,linear,,5,reset,1,10,-0.003436965902658163,-0.13792804354072244
PZU,all,10,linear,,5,reset,10,10,-0.002202879126872245,-0.39293248243550194
PZU,all,10,linear,,5,retain,1,10,-0.003436965902658163,-0.13792804354072244
PZU,all,10,linear,,5,retain,10,10,-0.002202879126872245,-0.39293248243550194
PZU,all,10,xgboost,,0,reset,1,10,-0.0030862549434302394,1.596346946608604
PZU,all,10,xgboost,,0,reset,10,10,-0.001521205435947236,0.4749503166021613
PZU,all,10,xgboost,,0,retain,1,10,-0.0030862549434302394,1.596346946608604
PZU,all,10,xgboost,,0,retain,10,10,-0.001521205435947236,0.4749503166021613
PZU,all,10,xgboost,,1,reset,1,10,-0.003054238292054535,1.056855711107909
PZU,all,10,xgboost,,1,reset,10,10,-0.001293003884156727,0.4636565874775739
PZU,all,10,xgboost,,1,retain,1,10,-0.003054238292054535,1.056855711107909
PZU,all,10,xgboost,,1,retain,10,10,-0.001293003884156727,0.4636565874775739
PZU,all,10,xgboost,,5,reset,1,10,-0.0028606823916375,0.4652717542632902
PZU,all,10,xgboost,,5,reset,10,10,-0.0007058125555285252,0.6841343396424243
PZU,all,10,xgboost,,5,retain,1,10,-0.0028606823916375,0.4652717542632902
PZU,all,10,xgboost,,5,retain,10,10,-0.0007058125555285252,0.6841343396424243
PZU,all,20,linear,,0,reset,1,10,-0.014881492407037055,-0.03487016237045454
PZU,all,20,linear,,0,reset,10,10,-0.0066183752690582714,-0.02392758915797466
PZU,all,20,linear,,0,retain,1,10,-0.014881492407037055,-0.03487016237045454
PZU,all,20,linear,,0,retain,10,10,-0.0066183752690582714,-0.02392758915797466
PZU,all,20,linear,,1,reset,1,10,-0.015176854494524697,-0.14619441083928547
PZU,all,20,linear,,1,reset,10,10,-0.0065855336072735485,0.020628965094293628
PZU,all,20,linear,,1,retain,1,10,-0.015176854494524697,-0.14619441083928547
PZU,all,20,linear,,1,retain,10,10,-0.0065855336072735485,0.020628965094293628
PZU,all,20,linear,,5,reset,1,10,-0.011835493786801338,-0.333075519817653
PZU,all,20,linear,,5,reset,10,10,-0.0029141910829088916,-0.06997660365510655
PZU,all,20,linear,,5,retain,1,10,-0.011835493786801338,-0.333075519817653
PZU,all,20,linear,,5,retain,10,10,-0.0029141910829088916,-0.06997660365510655
PZU,all,20,xgboost,7.0,0,reset,1,10,-0.02090933348269911,-0.46104849118999147
PZU,all,20,xgboost,7.0,0,reset,10,10,0.008847842650930464,0.2241298728999123
PZU,all,20,xgboost,7.0,0,retain,1,10,-0.02090933348269911,-0.46104849118999147
PZU,all,20,xgboost,7.0,0,retain,10,10,0.008847842650930464,0.2241298728999123
PZU,all,20,xgboost,7.0,1,reset,1,10,-0.020942262108078053,-0.3757705662931661
PZU,all,20,xgboost,7.0,1,reset,10,10,0.00606240570514139,0.19826391666632603
PZU,all,20,xgboost,7.0,1,retain,1,10,-0.020942262108078053,-0.3757705662931661
PZU,all,20,xgboost,7.0,1,retain,10,10,0.00606240570514139,0.19826391666632603
PZU,all,20,xgboost,7.0,5,reset,1,10,-0.02041792980403989,-0.0678419595262792
PZU,all,20,xgboost,7.0,5,reset,10,10,0.005996995172686322,0.2678205931505591
PZU,all,20,xgboost,7.0,5,retain,1,10,-0.02041792980403989,-0.0678419595262792
PZU,all,20,xgboost,7.0,5,retain,10,10,0.005996995172686322,0.2678205931505591
PZU,all,20,xgboost,,0,reset,1,10,-0.017045556887899563,0.15673161355756393
PZU,all,20,xgboost,,0,reset,10,10,-0.00877147984465574,0.25061434381475284
PZU,all,20,xgboost,,0,retain,1,10,-0.017045556887899563,0.15673161355756393
PZU,all,20,xgboost,,0,retain,10,10,-0.00877147984465574,0.25061434381475284
PZU,all,20,xgboost,,1,reset,1,10,-0.01717582488473246,0.03096903190105993
PZU,all,20,xgboost,,1,reset,10,10,-0.007916263115884156,0.303674217159708
PZU,all,20,xgboost,,1,retain,1,10,-0.01717582488473246,0.03096903190105993
PZU,all,20,xgboost,,1,retain,10,10,-0.007916263115884156,0.303674217159708
PZU,all,20,xgboost,,5,reset,1,10,-0.012855339094036442,-0.1170346860778807
PZU,all,20,xgboost,,5,reset,10,10,-0.0027340787607918783,0.3733062162898581
PZU,all,20,xgboost,,5,retain,1,10,-0.012855339094036442,-0.1170346860778807
PZU,all,20,xgboost,,5,retain,10,10,-0.0027340787607918783,0.3733062162898581
PZU,all,50,linear,,0,reset,1,10,-0.03871570308004833,-0.10308089298931761
PZU,all,50,linear,,0,reset,10,10,-0.034119593496675496,-0.024729679711347707
PZU,all,50,linear,,0,retain,1,10,-0.03871570308004833,-0.10308089298931761
PZU,all,50,linear,,0,retain,10,10,-0.034119593496675496,-0.024729679711347707
PZU,all,50,linear,,1,reset,1,10,-0.037610438265732515,-0.0930835857625657
PZU,all,50,linear,,1,reset,10,10,-0.0311361804160792,0.0009887546255645252
PZU,all,50,linear,,1,retain,1,10,-0.037610438265732515,-0.0930835857625657
PZU,all,50,linear,,1,retain,10,10,-0.0311361804160792,0.0009887546255645252
PZU,all,50,linear,,5,reset,1,10,-0.025418395971621738,-0.0930166294349723
PZU,all,50,linear,,5,reset,10,10,-0.016657415652147234,0.08291319440682804
PZU,all,50,linear,,5,retain,1,10,-0.025418395971621738,-0.0930166294349723
PZU,all,50,linear,,5,retain,10,10,-0.016657415652147234,0.08291319440682804
PZU,all,50,xgboost,,0,reset,1,10,-0.04768588095024183,0.1479525591220891
PZU,all,50,xgboost,,0,reset,10,10,-0.042910535236866346,0.21828922864828332
PZU,all,50,xgboost,,0,retain,1,10,-0.04768588095024183,0.1479525591220891
PZU,all,50,xgboost,,0,retain,10,10,-0.042910535236866346,0.21828922864828332
PZU,all,50,xgboost,,1,reset,1,10,-0.04641290758336737,0.14580822998422688
PZU,all,50,xgboost,,1,reset,10,10,-0.04029605518615406,0.2497216343418272
PZU,all,50,xgboost,,1,retain,1,10,-0.04641290758336737,0.14580822998422688
PZU,all,50,xgboost,,1,retain,10,10,-0.04029605518615406,0.2497216343418272
PZU,all,50,xgboost,,5,reset,1,10,-0.03368134580638027,0.1011279773195386
PZU,all,50,xgboost,,5,reset,10,10,-0.024879162359487034,0.3200963210905604
PZU,all,50,xgboost,,5,retain,1,10,-0.03368134580638027,0.1011279773195386
PZU,all,50,xgboost,,5,retain,10,10,-0.024879162359487034,0.3200963210905604
